timestamp,window_end,dataset_source,packet_count,byte_count,unique_src_ips,unique_dst_ips,unique_src_ports,unique_dst_ports,tcp_packet_count,udp_packet_count,icmp_packet_count,mean_packet_size,std_packet_size,min_packet_size,max_packet_size,mean_inter_arrival_time,std_inter_arrival_time,syn_count,ack_count,rst_count,fin_count,psh_count,forward_packets,backward_packets,forward_bytes,backward_bytes,flow_duration_mean,tcp_syn_ack_ratio,tcp_rst_ratio,tcp_fin_ratio,packets_per_second,bytes_per_second,unique_src_dst_pair_count,unique_communication_pairs,mean_packets_per_flow,mean_bytes_per_flow,binary_label,attack_type
2011-08-10T09:04:00+00:00,2011-08-10T09:05:00+00:00,CTU13_PCAP,71,9229,3,6,7,7,11,56,0,129.98591549295776,84.87447117929331,60,503,0.3504271302904401,0.8136045475771264,3,9,2,0,3,66,5,8502.242424242424,726.7575757575758,4.271626075108846,0.3333333333333333,0.18181818181818182,0.0,1.1833333333333331,153.81666666666666,7,5,11.833333333333334,1538.1666666666667,1,NERIS_BOTNET
2011-08-10T09:06:00+00:00,2011-08-10T09:07:00+00:00,CTU13_PCAP,788,416416,12,13,29,29,735,53,0,528.4467005076142,1021.701496361231,60,8814,0.047244819631419,0.2930131686624955,56,695,7,33,95,546,242,285674.75518064713,130741.24481935284,4.290100455284119,0.08057553956834532,0.009523809523809525,0.044897959183673466,13.133333333333333,6940.266666666666,23,12,35.81818181818182,18928.0,1,NERIS_BOTNET
2011-08-10T09:07:00+00:00,2011-08-10T09:08:00+00:00,CTU13_PCAP,604,218763,9,29,34,15,598,6,0,362.19039735099335,552.0176764138555,60,3126,0.0975012138708314,0.3568311398311867,145,457,4,14,46,422,182,136600.88095238098,82162.11904761904,9.004387776056925,0.3172866520787746,0.006688963210702341,0.023411371237458192,10.066666666666666,3646.05,36,28,20.133333333333333,7292.1,1,NERIS_BOTNET
2011-08-10T09:08:00+00:00,2011-08-10T09:09:00+00:00,CTU13_PCAP,526,203147,8,24,34,18,520,6,0,386.2110266159696,629.4532354511005,60,2798,0.1124545615059988,0.5866678097419674,133,394,9,24,40,342,184,114596.53453656068,88550.46546343932,5.232570536931356,0.33756345177664976,0.01730769230769231,0.046153846153846156,8.766666666666667,3385.7833333333333,30,23,17.533333333333335,6771.566666666667,1,NERIS_BOTNET
2011-08-10T09:09:00+00:00,2011-08-10T09:10:00+00:00,CTU13_PCAP,697,319270,15,24,39,31,628,69,0,458.0631276901004,783.4943810151586,60,4623,0.0847482400378961,0.3836089211554733,69,569,8,16,51,414,283,180959.4356888377,138310.56431116228,5.479315165815683,0.12126537785588752,0.012738853503184714,0.025477707006369428,11.616666666666667,5321.166666666667,37,23,24.03448275862069,11009.310344827589,1,NERIS_BOTNET
2011-08-10T09:10:00+00:00,2011-08-10T09:11:00+00:00,CTU13_PCAP,580,118497,25,31,48,43,527,53,0,204.30517241379312,346.3908868965382,60,2283,0.1011811348646621,0.4099610824916186,125,426,33,50,123,405,175,81392.05533856388,37104.94466143612,9.229872330641134,0.2934272300469484,0.06261859582542695,0.09487666034155598,9.666666666666666,1974.95,54,30,14.871794871794872,3038.3846153846152,1,NERIS_BOTNET
2011-08-10T09:11:00+00:00,2011-08-10T09:12:00+00:00,CTU13_PCAP,214,52803,12,21,33,25,198,16,0,246.7429906542056,763.3639425022321,60,5894,0.2736952439160414,0.7498105962899417,68,133,28,10,27,154,60,39325.16163222045,13477.838367779545,6.070718509179574,0.5112781954887218,0.1414141414141414,0.050505050505050504,3.566666666666667,880.05,31,20,7.925925925925926,1955.6666666666667,1,NERIS_BOTNET
2011-08-10T09:12:00+00:00,2011-08-10T09:13:00+00:00,CTU13_PCAP,168,11624,13,21,32,24,161,5,2,69.19047619047619,37.50776941434813,60,315,0.349862963853482,0.8007713177586524,80,86,12,18,18,124,44,8439.247771836006,3184.752228163993,3.2562452952067056,0.9302325581395349,0.07453416149068323,0.11180124223602485,2.8,193.7333333333333,32,21,7.0,484.3333333333333,1,NERIS_BOTNET
2011-08-10T09:13:00+00:00,2011-08-10T09:14:00+00:00,CTU13_PCAP,856,468311,10,17,33,26,833,23,0,547.0922897196261,990.761629826677,60,7354,0.0659433392753378,0.3844176124384391,65,718,70,31,140,496,360,255491.72504576412,212819.27495423585,8.399438947439194,0.0905292479108635,0.08403361344537816,0.03721488595438175,14.266666666666667,7805.183333333333,25,16,35.666666666666664,19512.95833333333,1,NERIS_BOTNET
2011-08-10T09:14:00+00:00,2011-08-10T09:15:00+00:00,CTU13_PCAP,420,31408,11,36,54,22,401,19,0,74.78095238095239,51.30357472969453,60,340,0.1386471170229672,0.3129769654145392,166,240,5,30,86,336,84,25496.87624140565,5911.123758594347,8.87844927046034,0.6916666666666667,0.012468827930174564,0.07481296758104738,7.0,523.4666666666667,45,35,9.333333333333334,697.9555555555555,1,NERIS_BOTNET
2011-08-10T09:15:00+00:00,2011-08-10T09:16:00+00:00,CTU13_PCAP,502,43445,13,41,65,24,492,10,0,86.54382470119522,156.80146134076287,60,2950,0.1161353155048545,0.2749071454436904,195,299,13,21,136,349,153,30582.10778199417,12862.892218005829,6.349167903264363,0.6521739130434783,0.026422764227642278,0.042682926829268296,8.366666666666667,724.0833333333334,52,41,8.807017543859649,762.1929824561404,1,NERIS_BOTNET
2011-08-10T09:16:00+00:00,2011-08-10T09:17:00+00:00,CTU13_PCAP,454,31342,12,40,64,22,451,2,1,69.0352422907489,35.237627444776834,60,359,0.1319784944420618,0.2839361733223178,200,255,17,29,83,306,148,21575.95534290271,9766.044657097293,5.204494562642328,0.7843137254901961,0.037694013303769404,0.06430155210643015,7.566666666666666,522.3666666666667,50,40,7.827586206896552,540.3793103448276,1,NERIS_BOTNET
2011-08-10T09:17:00+00:00,2011-08-10T09:18:00+00:00,CTU13_PCAP,585,43117,12,44,74,22,574,11,0,73.7042735042735,76.0149764744016,60,961,0.1016475615436083,0.2312682109020123,265,312,9,13,133,389,196,28145.57785547785,14971.422144522145,8.165725730015682,0.8493589743589743,0.0156794425087108,0.02264808362369338,9.75,718.6166666666667,54,43,9.0,663.3384615384615,1,NERIS_BOTNET
2011-08-10T09:18:00+00:00,2011-08-10T09:19:00+00:00,CTU13_PCAP,814,159364,14,44,69,29,804,10,0,195.7788697788698,511.1084598549822,60,4434,0.0724282865887931,0.1695580049824606,253,506,68,23,178,482,332,75618.2036453189,83745.7963546811,7.159760193030039,0.5,0.0845771144278607,0.028606965174129355,13.566666666666666,2656.0666666666666,56,43,13.566666666666666,2656.0666666666666,1,NERIS_BOTNET
2011-08-10T09:19:00+00:00,2011-08-10T09:20:00+00:00,CTU13_PCAP,547,36069,10,40,73,25,536,11,0,65.93967093235831,30.27023351116434,60,412,0.1060127456546266,0.2339079218284064,276,265,11,18,86,385,162,25689.19867851447,10379.801321485536,8.81715314090252,1.0415094339622641,0.020522388059701493,0.033582089552238806,9.116666666666667,601.15,48,39,8.546875,563.578125,1,NERIS_BOTNET
2011-08-10T09:20:00+00:00,2011-08-10T09:21:00+00:00,CTU13_PCAP,651,53425,10,40,66,23,641,10,0,82.06605222734255,155.10148384680642,60,2974,0.0914371384107149,0.2134886281449125,248,397,7,19,157,438,213,36378.02673160173,17046.97326839827,8.253354997470462,0.6246851385390428,0.0109204368174727,0.029641185647425898,10.85,890.4166666666666,48,39,11.224137931034482,921.1206896551724,1,NERIS_BOTNET
2011-08-10T09:21:00+00:00,2011-08-10T09:22:00+00:00,CTU13_PCAP,680,59307,12,40,70,27,672,8,0,87.21617647058824,160.22588476924227,60,1819,0.0879659456076081,0.1978689291642343,268,406,16,16,151,514,166,42111.69833631783,17195.301663682174,6.476332360698331,0.6600985221674877,0.023809523809523808,0.023809523809523808,11.333333333333334,988.45,50,40,10.96774193548387,956.5645161290324,1,NERIS_BOTNET
2011-08-10T09:22:00+00:00,2011-08-10T09:23:00+00:00,CTU13_PCAP,670,114337,13,41,72,30,663,7,0,170.65223880597014,439.3469848445562,60,2974,0.0895536159720656,0.1925056283456689,246,386,51,30,122,497,173,63165.54330673466,51171.45669326533,5.518185010032048,0.6373056994818653,0.07692307692307693,0.04524886877828054,11.166666666666666,1905.6166666666663,52,40,10.634920634920634,1814.873015873016,1,NERIS_BOTNET
2011-08-10T09:23:00+00:00,2011-08-10T09:24:00+00:00,CTU13_PCAP,635,49642,11,44,78,26,615,20,0,78.1763779527559,86.85147286970256,60,1065,0.0944573721299036,0.2181477023881463,279,341,7,17,137,435,200,33394.12786885246,16247.872131147544,6.485511858122689,0.8181818181818182,0.011382113821138212,0.027642276422764227,10.583333333333334,827.3666666666667,53,43,9.071428571428571,709.1714285714286,1,NERIS_BOTNET
2011-08-10T09:24:00+00:00,2011-08-10T09:25:00+00:00,CTU13_PCAP,565,36286,9,39,72,19,563,2,0,64.22300884955752,31.912876444818043,60,613,0.1038836701541927,0.2265810876717383,304,259,23,16,77,399,166,25553.0303030303,10732.969696969698,7.765690857713873,1.1737451737451738,0.04085257548845471,0.028419182948490232,9.416666666666666,604.7666666666667,46,38,8.56060606060606,549.7878787878788,1,NERIS_BOTNET
2011-08-10T09:25:00+00:00,2011-08-10T09:26:00+00:00,CTU13_PCAP,1669,749589,25,52,94,44,1634,35,0,449.1246255242661,803.3141948657403,60,5894,0.0358548015713405,0.1090537047934226,355,1304,23,45,313,1004,665,363020.85040565726,386568.1495943427,8.233175598439717,0.27223926380368096,0.014075887392900856,0.027539779681762546,27.816666666666663,12493.15,75,51,19.86904761904762,8923.67857142857,1,NERIS_BOTNET
2011-08-10T09:26:00+00:00,2011-08-10T09:27:00+00:00,CTU13_PCAP,1919,980276,40,67,91,34,1728,187,4,510.8264721208963,942.82536019708,60,5894,0.031211781054269,0.098587795190847,304,1434,9,16,161,1184,735,527051.224657118,453224.775342882,4.2345007958450935,0.21199442119944212,0.005208333333333333,0.009259259259259259,31.98333333333333,16337.933333333332,105,68,15.601626016260164,7969.723577235773,1,NERIS_BOTNET
2011-08-10T09:27:00+00:00,2011-08-10T09:28:00+00:00,CTU13_PCAP,1786,918855,15,40,77,35,1763,23,0,514.476483762598,835.344431283215,60,7354,0.0335248263276257,0.0952784541506488,278,1490,25,32,249,1094,692,552945.2972494585,365909.70275054127,9.933883101599555,0.1865771812080537,0.014180374361883154,0.018150879183210438,29.766666666666666,15314.25,53,39,25.51428571428572,13126.5,1,NERIS_BOTNET
2011-08-10T09:28:00+00:00,2011-08-10T09:29:00+00:00,CTU13_PCAP,772,73555,16,42,74,34,752,20,0,95.27849740932642,174.28288720008973,60,1819,0.0767639326523559,0.2125749053941967,284,480,16,25,175,530,242,50988.34678125988,22566.653218740103,9.81312583759427,0.5916666666666667,0.02127659574468085,0.03324468085106383,12.866666666666667,1225.9166666666667,56,41,12.0625,1149.296875,1,NERIS_BOTNET
2011-08-10T09:29:00+00:00,2011-08-10T09:30:00+00:00,CTU13_PCAP,717,62617,15,40,75,32,703,14,0,87.33193863319386,156.49446454046404,60,1819,0.0821230504765856,0.2012464555097455,279,431,6,33,154,503,214,42790.64940353764,19826.35059646236,8.430141743272543,0.6473317865429234,0.008534850640113799,0.04694167852062589,11.95,1043.6166666666666,53,39,11.203125,978.390625,1,NERIS_BOTNET
2011-08-10T09:30:00+00:00,2011-08-10T09:31:00+00:00,CTU13_PCAP,1941,1150812,16,41,81,37,1916,25,0,592.8964451313756,855.2780098178824,60,8814,0.0303532613921411,0.0943497865583943,306,1628,10,35,345,1201,740,657289.623709434,493522.376290566,8.753080733834881,0.18796068796068796,0.005219206680584551,0.01826722338204593,32.35,19180.2,55,40,26.58904109589041,15764.54794520548,1,NERIS_BOTNET
2011-08-10T09:31:00+00:00,2011-08-10T09:32:00+00:00,CTU13_PCAP,1475,655534,25,51,96,47,1424,51,0,444.4298305084746,751.5002727820507,60,8814,0.0399761647996941,0.1447800476784086,356,1086,13,45,290,1061,414,449532.53503824456,206001.46496175547,7.272244159565416,0.3278084714548803,0.009129213483146067,0.03160112359550562,24.58333333333333,10925.566666666668,74,50,17.151162790697676,7622.488372093023,1,NERIS_BOTNET
2011-08-10T09:32:00+00:00,2011-08-10T09:33:00+00:00,CTU13_PCAP,1600,831371,16,51,93,38,1598,2,0,519.606875,930.3709884114692,60,8814,0.0373536821750643,0.1211592972937024,298,1314,14,34,314,969,631,425675.9905615249,405695.0094384751,6.271750714720749,0.2267884322678843,0.008760951188986232,0.02127659574468085,26.666666666666668,13856.183333333332,65,50,19.51219512195122,10138.670731707318,1,NERIS_BOTNET
2011-08-10T09:33:00+00:00,2011-08-10T09:34:00+00:00,CTU13_PCAP,2409,1342728,19,47,94,46,2395,14,0,557.3798256537982,804.7489447241746,60,7354,0.0248930727524614,0.0608543108106126,300,2109,18,48,506,1649,760,953099.310459178,389628.68954082206,8.671304132880234,0.1422475106685633,0.007515657620041753,0.020041753653444676,40.15,22378.8,64,46,29.37804878048781,16374.731707317073,1,NERIS_BOTNET
2011-08-10T09:34:00+00:00,2011-08-10T09:35:00+00:00,CTU13_PCAP,1553,597837,19,45,77,38,1531,20,2,384.9562137797811,693.0570459301437,60,7354,0.0385240849453149,0.0884014998858988,247,1299,10,38,331,795,758,254278.9412726972,343558.0587273029,7.174894820088926,0.1901462663587375,0.006531678641410843,0.024820378837361202,25.883333333333333,9963.95,62,46,22.507246376811597,8664.304347826086,1,NERIS_BOTNET
2011-08-10T09:35:00+00:00,2011-08-10T09:36:00+00:00,CTU13_PCAP,1553,628860,20,45,79,40,1535,17,1,404.932388924662,713.0000184689077,60,5894,0.0385541178516505,0.0896402310721795,273,1275,21,30,319,821,732,274228.10492823186,354631.8950717681,7.892316129845633,0.21411764705882352,0.013680781758957655,0.019543973941368076,25.883333333333333,10481.0,63,45,21.87323943661972,8857.18309859155,1,NERIS_BOTNET
2011-08-10T09:36:00+00:00,2011-08-10T09:37:00+00:00,CTU13_PCAP,838,91557,13,41,67,31,833,5,0,109.2565632458234,254.24380327211492,60,2974,0.071255963050906,0.1465361631792146,222,619,4,24,212,474,364,52806.85517910579,38750.14482089421,8.287490215794794,0.35864297253634897,0.004801920768307323,0.028811524609843937,13.966666666666669,1525.95,52,40,14.448275862068966,1578.5689655172414,1,NERIS_BOTNET
2011-08-10T09:37:00+00:00,2011-08-10T09:38:00+00:00,CTU13_PCAP,1079,99087,17,45,79,35,1060,19,0,91.83225208526412,270.10744204488856,60,7354,0.0556228636368307,0.1071778608831344,283,792,8,28,272,623,456,61642.85159221658,37444.1484077834,9.037399571874868,0.3573232323232323,0.007547169811320755,0.026415094339622643,17.983333333333334,1651.45,60,44,15.63768115942029,1436.0434782608695,1,NERIS_BOTNET
2011-08-10T09:38:00+00:00,2011-08-10T09:39:00+00:00,CTU13_PCAP,931,86525,19,47,85,39,907,22,2,92.93770139634802,169.78387850213488,60,1819,0.064105531220795,0.1287815183632355,298,621,12,36,204,580,351,56348.82348272641,30176.17651727357,7.237923711925358,0.47987117552334946,0.013230429988974642,0.03969128996692393,15.516666666666667,1442.0833333333333,64,48,12.090909090909092,1123.7012987012988,1,NERIS_BOTNET
2011-08-10T09:39:00+00:00,2011-08-10T09:40:00+00:00,CTU13_PCAP,730,59155,12,39,67,27,718,12,0,81.03424657534246,149.04939947784536,60,1819,0.0821486598670237,0.1661624809546131,225,494,12,12,160,423,307,35268.856862745095,23886.1431372549,7.937790822174589,0.45546558704453444,0.016713091922005572,0.016713091922005572,12.166666666666666,985.9166666666666,49,38,12.372881355932204,1002.6271186440678,1,NERIS_BOTNET
2011-08-10T09:40:00+00:00,2011-08-10T09:41:00+00:00,CTU13_PCAP,1756,714163,23,50,83,44,1733,21,2,406.6987471526196,737.7146811731999,60,8814,0.0341555190561843,0.0842593140238828,283,1471,19,46,392,1124,632,495579.4597839579,218583.5402160421,10.174909274872036,0.19238613188307274,0.010963646855164455,0.026543566070398154,29.266666666666666,11902.716666666667,71,49,24.054794520547944,9783.054794520547,1,NERIS_BOTNET
2011-08-10T09:41:00+00:00,2011-08-10T09:42:00+00:00,CTU13_PCAP,1567,364405,29,57,106,54,1516,50,1,232.5494575622208,568.0944794088434,60,5894,0.037892440574227,0.1079326946310336,367,1114,82,57,337,1032,535,247008.8425225102,117396.15747748976,7.397058461841784,0.32944344703770195,0.05408970976253298,0.037598944591029027,26.116666666666667,6073.416666666667,84,56,16.49473684210526,3835.842105263158,1,NERIS_BOTNET
2011-08-10T09:42:00+00:00,2011-08-10T09:43:00+00:00,CTU13_PCAP,713,54926,12,38,66,24,705,5,3,77.0350631136045,137.77630976895634,60,1819,0.0835862122894672,0.1511156968011195,234,475,8,12,158,420,293,33899.55947712418,21026.44052287581,7.157761913234904,0.4926315789473684,0.011347517730496455,0.01702127659574468,11.883333333333333,915.4333333333332,48,38,12.084745762711863,930.9491525423728,1,NERIS_BOTNET
2011-08-10T09:43:00+00:00,2011-08-10T09:44:00+00:00,CTU13_PCAP,748,92100,13,37,64,27,743,2,3,123.1283422459893,263.43497528244933,60,1819,0.0801909439056274,0.1858157495182819,240,507,10,21,169,465,283,57624.78594771243,34475.214052287585,6.888124330290433,0.47337278106508873,0.013458950201884253,0.02826379542395693,12.466666666666669,1535.0,48,38,12.89655172413793,1587.9310344827586,1,NERIS_BOTNET
2011-08-10T09:44:00+00:00,2011-08-10T09:45:00+00:00,CTU13_PCAP,459,30684,12,40,58,23,452,5,2,66.84967320261438,36.47252905558096,60,412,0.1307748884092772,0.2709076894937329,210,246,3,11,83,308,151,20693.4649122807,9990.5350877193,6.806637226366529,0.8536585365853658,0.00663716814159292,0.024336283185840708,7.65,511.4,50,40,9.0,601.6470588235294,1,NERIS_BOTNET
2011-08-10T09:45:00+00:00,2011-08-10T09:46:00+00:00,CTU13_PCAP,881,130569,19,44,79,39,858,23,0,148.20544835414302,280.1099342599437,60,1819,0.0669145543466914,0.1696095294176959,272,601,15,26,219,577,304,85333.69639659656,45235.303603403445,6.849045079687367,0.4525790349417637,0.017482517482517484,0.030303030303030304,14.683333333333334,2176.15,61,43,12.768115942028986,1892.304347826087,1,NERIS_BOTNET
2011-08-10T09:46:00+00:00,2011-08-10T09:47:00+00:00,CTU13_PCAP,1231,566071,22,50,77,40,1189,41,1,459.8464662875711,775.9530718839562,60,7354,0.0485140315885466,0.147535538475446,243,928,54,23,231,806,425,377622.0516273507,188448.9483726494,8.456853220428245,0.26185344827586204,0.045416316232127836,0.01934398654331371,20.516666666666666,9434.516666666666,70,50,17.840579710144926,8203.927536231884,1,NERIS_BOTNET
2011-08-10T09:47:00+00:00,2011-08-10T09:48:00+00:00,CTU13_PCAP,931,203160,19,49,79,41,918,13,0,218.2169709989259,600.7452676979668,60,7354,0.0644257571107597,0.1568563553384192,253,679,20,32,173,663,268,145318.74263642848,57841.25736357152,8.449907765668982,0.37260677466863035,0.02178649237472767,0.034858387799564274,15.516666666666667,3386.0,66,48,13.691176470588236,2987.6470588235293,1,NERIS_BOTNET
2011-08-10T09:48:00+00:00,2011-08-10T09:49:00+00:00,CTU13_PCAP,765,61770,13,42,66,27,751,14,0,80.74509803921569,116.40244193762722,60,1514,0.0783156580949953,0.1508306457917178,239,518,12,18,162,451,314,37755.19578713969,24014.804212860312,8.661812345860367,0.4613899613899614,0.015978695073235686,0.023968042609853527,12.75,1029.5,53,41,12.966101694915254,1046.949152542373,1,NERIS_BOTNET
2011-08-10T09:49:00+00:00,2011-08-10T09:50:00+00:00,CTU13_PCAP,925,69955,12,39,70,29,917,8,0,75.62702702702703,104.6862200814664,60,1819,0.06480655087021,0.1472305349290995,251,673,2,20,264,527,398,40647.12729079507,29307.872709204923,11.003243033091229,0.37295690936106984,0.0021810250817884407,0.021810250817884406,15.416666666666666,1165.9166666666667,49,38,15.416666666666666,1165.9166666666667,1,NERIS_BOTNET
2011-08-10T09:50:00+00:00,2011-08-10T09:51:00+00:00,CTU13_PCAP,956,122788,19,47,81,37,938,16,2,128.43933054393307,264.38227418832594,60,1819,0.0627755884100629,0.1435674745935218,278,676,12,31,200,660,296,82560.0432030302,40227.95679696981,8.00146955333344,0.41124260355029585,0.01279317697228145,0.03304904051172708,15.933333333333334,2046.4666666666667,64,47,13.095890410958903,1682.027397260274,1,NERIS_BOTNET
2011-08-10T09:51:00+00:00,2011-08-10T09:52:00+00:00,CTU13_PCAP,956,144755,15,39,74,33,942,14,0,151.4173640167364,565.6702216456598,60,8907,0.0628049803029804,0.1261593583454167,264,688,24,20,201,659,297,104315.98425072682,40439.01574927317,8.810554329086752,0.38372093023255816,0.025477707006369428,0.021231422505307854,15.933333333333334,2412.583333333333,52,38,14.058823529411764,2128.75,1,NERIS_BOTNET
2011-08-10T09:52:00+00:00,2011-08-10T09:53:00+00:00,CTU13_PCAP,903,114360,18,44,76,37,883,20,0,126.64451827242524,438.5138938443517,60,7354,0.0661255686880479,0.1407827081864166,251,647,15,34,185,557,346,79348.6170842426,35011.38291575739,7.812691766824296,0.38794435857805254,0.01698754246885617,0.03850509626274066,15.05,1906.0,60,43,13.477611940298509,1706.865671641791,1,NERIS_BOTNET
2011-08-10T09:53:00+00:00,2011-08-10T09:54:00+00:00,CTU13_PCAP,891,122614,18,42,75,32,879,11,1,137.6139169472503,398.4411166567555,60,4434,0.0668858404909626,0.1411022104130432,237,618,44,10,235,537,354,78388.54317904318,44225.45682095682,8.218532885037936,0.38349514563106796,0.05005688282138794,0.011376564277588168,14.85,2043.5666666666664,58,42,13.707692307692309,1886.3692307692309,1,NERIS_BOTNET
2011-08-10T09:54:00+00:00,2011-08-10T09:55:00+00:00,CTU13_PCAP,1832,1054090,11,38,64,23,1826,2,4,575.3766375545852,839.1540175266111,60,7354,0.0323622752772466,0.0811001579279428,240,1592,5,18,371,1039,793,582086.606874375,472003.393125625,8.479334966889743,0.1507537688442211,0.002738225629791895,0.009857612267250822,30.53333333333333,17568.166666666668,47,37,31.58620689655172,18173.96551724138,1,NERIS_BOTNET
2011-08-10T09:55:00+00:00,2011-08-10T09:56:00+00:00,CTU13_PCAP,1344,601484,17,43,76,33,1328,16,0,447.5327380952381,806.2011634154982,60,5894,0.0445548556051588,0.1173596021887789,277,1061,10,16,268,899,445,426143.1060406976,175340.89395930243,8.81507067969351,0.26107445805843543,0.007530120481927711,0.012048192771084338,22.4,10024.733333333334,58,42,20.363636363636363,9113.39393939394,1,NERIS_BOTNET
2011-08-10T09:56:00+00:00,2011-08-10T09:57:00+00:00,CTU13_PCAP,873,85896,16,45,84,33,856,17,0,98.3917525773196,338.8539948207454,60,8907,0.0685393350933669,0.1722115561771382,306,561,13,17,204,557,316,57030.02569519734,28865.97430480265,8.098864700343158,0.5454545454545454,0.015186915887850467,0.01985981308411215,14.55,1431.6,59,44,11.797297297297296,1160.7567567567569,1,NERIS_BOTNET
2011-08-10T09:57:00+00:00,2011-08-10T09:58:00+00:00,CTU13_PCAP,703,64024,16,44,77,37,677,26,0,91.07254623044096,144.26713456933047,60,1514,0.0848815526038493,0.181348864936498,249,437,31,20,127,457,246,43028.958635429226,20995.04136457078,6.353976961444406,0.5697940503432495,0.04579025110782865,0.029542097488921712,11.716666666666669,1067.0666666666666,58,43,10.338235294117649,941.529411764706,1,NERIS_BOTNET
2011-08-10T09:58:00+00:00,2011-08-10T09:59:00+00:00,CTU13_PCAP,662,41822,11,37,64,24,657,2,3,63.17522658610272,17.743969390248413,60,315,0.0902963568331073,0.1645131797538007,225,433,14,6,148,455,207,28637.61935483872,13184.380645161296,6.380975714901037,0.5196304849884527,0.0213089802130898,0.0091324200913242,11.033333333333331,697.0333333333333,46,36,11.614035087719298,733.719298245614,1,NERIS_BOTNET
2011-08-10T09:59:00+00:00,2011-08-10T10:00:00+00:00,CTU13_PCAP,770,47512,7,35,58,14,768,2,0,61.703896103896106,3.4951707521390416,60,87,0.0779953681911076,0.140677483527272,224,544,6,0,182,410,360,25364.759103641456,22147.240896358544,7.051335424747107,0.4117647058823529,0.0078125,0.0,12.833333333333334,791.8666666666667,40,34,14.528301886792454,896.4528301886793,1,NERIS_BOTNET
2011-08-10T10:00:00+00:00,2011-08-10T10:01:00+00:00,CTU13_PCAP,881,99028,13,43,68,25,867,14,0,112.40408626560726,236.33765487447357,60,1506,0.0679409170692617,0.1243772153198553,230,637,15,7,204,570,311,63233.74735204233,35794.25264795767,7.665873467922211,0.36106750392464676,0.01730103806228374,0.008073817762399077,14.683333333333334,1650.4666666666667,54,42,14.683333333333334,1650.4666666666667,1,NERIS_BOTNET
2011-08-10T10:01:00+00:00,2011-08-10T10:02:00+00:00,CTU13_PCAP,1258,576393,21,46,77,40,1217,41,0,458.18203497615264,799.2473055422373,60,8814,0.0476010900313833,0.155816070724111,257,973,15,19,264,870,388,406616.2160957139,169776.78390428613,10.424568559974432,0.2641315519013361,0.012325390304026294,0.015612161051766639,20.966666666666665,9606.55,65,45,19.65625,9006.140625,1,NERIS_BOTNET
2011-08-10T10:02:00+00:00,2011-08-10T10:03:00+00:00,CTU13_PCAP,855,105118,16,43,80,31,826,17,12,122.94502923976609,311.6403655594888,60,2974,0.0699125997355726,0.1615882007853253,284,526,29,17,201,522,333,56267.9734546071,48850.026545392895,9.333175755209393,0.5399239543726235,0.035108958837772396,0.020581113801452784,14.25,1751.9666666666667,57,42,11.875,1459.9722222222222,1,NERIS_BOTNET
2011-08-10T10:03:00+00:00,2011-08-10T10:04:00+00:00,CTU13_PCAP,900,69410,14,42,68,27,874,26,0,77.12222222222222,105.95329450887286,60,1514,0.0665620054896336,0.1083574341861707,223,658,4,11,215,489,411,39836.35114885115,29573.648851148857,7.7715747679694225,0.33890577507598785,0.004576659038901602,0.012585812356979404,15.0,1156.8333333333333,54,41,15.254237288135592,1176.4406779661017,1,NERIS_BOTNET
2011-08-10T10:04:00+00:00,2011-08-10T10:05:00+00:00,CTU13_PCAP,868,61419,13,44,75,25,850,18,0,70.75921658986175,71.640026562236,60,1514,0.0690435906732508,0.1150311899370346,270,585,10,10,197,500,368,36846.18908542438,24572.81091457562,7.941350613067399,0.46153846153846156,0.011764705882352941,0.011764705882352941,14.466666666666669,1023.65,55,43,12.955223880597014,916.7014925373136,1,NERIS_BOTNET
2011-08-10T10:05:00+00:00,2011-08-10T10:06:00+00:00,CTU13_PCAP,832,56831,10,35,69,19,827,5,0,68.30649038461539,60.849147931821975,60,1384,0.0707381130269001,0.1386478806956742,314,518,9,1,176,493,339,33516.10476190476,23314.89523809524,10.041754464949332,0.6061776061776062,0.010882708585247884,0.0012091898428053204,13.866666666666667,947.1833333333332,43,34,13.419354838709678,916.6290322580644,1,NERIS_BOTNET
2011-08-10T10:06:00+00:00,2011-08-10T10:07:00+00:00,CTU13_PCAP,851,63094,14,40,79,25,846,5,0,74.14101057579319,128.97272449934394,60,2974,0.0691938116971184,0.1415737459368063,356,496,10,3,170,544,307,41586.30402476779,21507.6959752322,9.147827792167664,0.717741935483871,0.01182033096926714,0.0035460992907801418,14.183333333333334,1051.5666666666666,52,39,12.157142857142857,901.3428571428572,1,NERIS_BOTNET
2011-08-10T10:07:00+00:00,2011-08-10T10:08:00+00:00,CTU13_PCAP,797,55544,9,36,62,22,792,5,0,69.69134253450439,63.73982631211021,60,957,0.0739757185006261,0.1488928581118953,246,549,3,6,213,471,326,33368.331634182905,22175.66836581709,9.669128718199554,0.44808743169398907,0.003787878787878788,0.007575757575757576,13.283333333333331,925.7333333333332,43,35,14.75925925925926,1028.5925925925926,1,NERIS_BOTNET
2011-08-10T10:08:00+00:00,2011-08-10T10:09:00+00:00,CTU13_PCAP,674,42357,11,36,58,19,671,2,1,62.84421364985163,17.27928393949738,60,315,0.0890000830079258,0.172414130516037,239,433,8,3,149,393,281,24784.85910652921,17572.14089347079,8.230426669120789,0.5519630484988453,0.011922503725782414,0.004470938897168405,11.233333333333333,705.95,45,36,12.961538461538462,814.5576923076923,1,NERIS_BOTNET
2011-08-10T10:09:00+00:00,2011-08-10T10:10:00+00:00,CTU13_PCAP,724,71075,12,42,72,27,713,11,0,98.16988950276244,418.5491451232617,60,7354,0.0828720458150734,0.1757088171540992,235,480,13,6,147,485,239,50518.01789914927,20556.982100850742,6.788738612205751,0.4895833333333333,0.0182328190743338,0.008415147265077139,12.066666666666666,1184.5833333333333,52,41,11.67741935483871,1146.3709677419354,1,NERIS_BOTNET
2011-08-10T10:10:00+00:00,2011-08-10T10:11:00+00:00,CTU13_PCAP,1065,214702,18,46,72,32,1036,29,0,201.5981220657277,458.9472869546634,60,4434,0.0556609491656597,0.1177282533143585,253,794,12,23,214,647,418,136234.39975493884,78467.60024506113,8.216611462373,0.31863979848866497,0.011583011583011582,0.0222007722007722,17.75,3578.366666666667,62,45,16.384615384615383,3303.107692307692,1,NERIS_BOTNET
2011-08-10T10:11:00+00:00,2011-08-10T10:12:00+00:00,CTU13_PCAP,808,74303,17,42,66,30,765,41,2,91.9591584158416,164.65430953606008,60,2974,0.0742065971521049,0.147802810663937,231,543,13,16,176,478,330,47055.820118165146,27247.179881834854,8.867753473378844,0.425414364640884,0.01699346405228758,0.02091503267973856,13.466666666666669,1238.3833333333334,57,42,13.694915254237287,1259.372881355932,1,NERIS_BOTNET
2011-08-10T10:12:00+00:00,2011-08-10T10:13:00+00:00,CTU13_PCAP,691,43576,12,38,71,26,689,2,0,63.06222865412446,17.10562758795533,60,283,0.0862104536830515,0.1641408413058559,268,424,11,6,142,480,211,30350.784530386747,13225.21546961326,7.273564823212162,0.6320754716981132,0.015965166908563134,0.008708272859216255,11.516666666666667,726.2666666666667,48,37,11.14516129032258,702.8387096774194,1,NERIS_BOTNET
2011-08-10T10:13:00+00:00,2011-08-10T10:14:00+00:00,CTU13_PCAP,696,45798,11,36,65,22,691,5,0,65.80172413793103,37.1601968093874,60,449,0.0859516490277626,0.1776768959411961,242,454,9,6,147,407,289,27361.23859649123,18436.76140350877,8.437999758804054,0.5330396475770925,0.013024602026049204,0.008683068017366137,11.6,763.3,45,35,12.210526315789474,803.4736842105264,1,NERIS_BOTNET
2011-08-10T10:14:00+00:00,2011-08-10T10:15:00+00:00,CTU13_PCAP,753,49031,15,42,73,30,744,9,0,65.11420982735724,27.507289338273686,60,334,0.0796503126621246,0.1411141575415855,262,485,17,6,162,439,314,29037.030173775674,19993.96982622433,7.981825601486933,0.5402061855670103,0.0228494623655914,0.008064516129032258,12.55,817.1833333333333,55,41,11.952380952380953,778.2698412698413,1,NERIS_BOTNET
2011-08-10T10:15:00+00:00,2011-08-10T10:16:00+00:00,CTU13_PCAP,1490,619217,21,50,83,40,1473,17,0,415.58187919463086,789.0490353638038,60,5894,0.0402191887772907,0.0974416198251052,278,1209,20,29,306,870,620,281671.0625635507,337545.9374364493,7.524472148451086,0.22994210090984285,0.013577732518669382,0.019687712152070606,24.83333333333333,10320.283333333333,69,49,20.410958904109588,8482.424657534246,1,NERIS_BOTNET
2011-08-10T10:16:00+00:00,2011-08-10T10:17:00+00:00,CTU13_PCAP,713,53088,10,38,69,20,706,7,0,74.45722300140253,139.63908068503017,60,2974,0.0838818637172827,0.1603337434323333,281,428,7,3,146,445,268,34278.0944741533,18809.905525846694,8.952731386307747,0.6565420560747663,0.009915014164305949,0.00424929178470255,11.883333333333333,884.8,46,37,11.5,856.258064516129,1,NERIS_BOTNET
2011-08-10T10:17:00+00:00,2011-08-10T10:18:00+00:00,CTU13_PCAP,897,102760,16,41,77,31,883,14,0,114.55964325529544,432.32352591325247,60,5894,0.0668730581445353,0.1234565353313188,282,611,15,17,182,614,283,74602.09605600746,28157.903943992544,7.718221948427312,0.46153846153846156,0.01698754246885617,0.01925254813137033,14.95,1712.6666666666667,55,40,13.191176470588236,1511.1764705882354,1,NERIS_BOTNET
2011-08-10T10:18:00+00:00,2011-08-10T10:19:00+00:00,CTU13_PCAP,804,65804,13,42,75,25,787,17,0,81.8457711442786,119.05460344530891,60,1514,0.0742869154453871,0.1429467165800449,275,521,8,17,166,497,307,42257.50967032967,23546.49032967033,7.064776024397681,0.527831094049904,0.010165184243964422,0.021601016518424398,13.4,1096.7333333333331,53,41,11.823529411764708,967.7058823529412,1,NERIS_BOTNET
2011-08-10T10:19:00+00:00,2011-08-10T10:20:00+00:00,CTU13_PCAP,707,44768,13,40,65,25,702,5,0,63.32107496463932,19.81363366936801,60,333,0.0844193683467573,0.166390754913422,236,468,9,3,156,401,306,25497.466666666664,19270.533333333333,7.678754265819277,0.5042735042735043,0.01282051282051282,0.004273504273504274,11.783333333333331,746.1333333333333,51,39,12.625,799.4285714285714,1,NERIS_BOTNET
2011-08-10T10:20:00+00:00,2011-08-10T10:21:00+00:00,CTU13_PCAP,890,116651,13,41,67,29,873,17,0,131.0685393258427,292.9331074063162,60,4434,0.0671377785428436,0.1377053176162752,241,639,13,6,215,527,363,73668.96307060475,42982.03692939526,9.361437176835947,0.37715179968701096,0.014891179839633447,0.006872852233676976,14.833333333333334,1944.1833333333332,52,40,15.344827586206897,2011.2241379310344,1,NERIS_BOTNET
2011-08-10T10:21:00+00:00,2011-08-10T10:22:00+00:00,CTU13_PCAP,802,63867,13,41,63,23,785,17,0,79.63466334164589,142.34725355258516,60,2974,0.0746089275112461,0.1469945238889276,249,541,9,7,177,464,338,39168.28488902401,24698.715110975987,10.241969728469847,0.4602587800369686,0.011464968152866241,0.008917197452229299,13.366666666666667,1064.45,52,40,14.581818181818182,1161.2181818181818,1,NERIS_BOTNET
2011-08-10T10:22:00+00:00,2011-08-10T10:23:00+00:00,CTU13_PCAP,759,61764,10,40,59,23,752,7,0,81.37549407114625,339.81237942002804,60,8919,0.0787489486558456,0.1321712236850804,225,532,6,7,175,434,325,38899.09997964998,22864.90002035002,9.88388240795869,0.42293233082706766,0.007978723404255319,0.009308510638297872,12.65,1029.4,48,39,14.596153846153848,1187.7692307692307,1,NERIS_BOTNET
2011-08-10T10:23:00+00:00,2011-08-10T10:24:00+00:00,CTU13_PCAP,849,73894,16,44,66,30,828,20,1,87.03651354534746,153.10301184387458,60,1819,0.0701959622356126,0.1371668934306704,238,600,14,22,185,493,356,45603.17293959574,28290.82706040428,8.160602088701927,0.39666666666666667,0.016908212560386472,0.026570048309178744,14.15,1231.5666666666666,58,44,14.389830508474576,1252.4406779661017,1,NERIS_BOTNET
2011-08-10T10:24:00+00:00,2011-08-10T10:25:00+00:00,CTU13_PCAP,1029,334883,9,39,59,22,1025,2,2,325.44509232264335,688.1981912113018,60,4434,0.0583515076785699,0.1432958054041278,211,821,2,18,163,668,361,198411.54267444825,136471.45732555178,7.138107701584145,0.2570036540803898,0.001951219512195122,0.0175609756097561,17.15,5581.383333333333,46,39,19.05555555555556,6201.537037037037,1,NERIS_BOTNET
2011-08-10T10:25:00+00:00,2011-08-10T10:26:00+00:00,CTU13_PCAP,900,117582,17,48,72,34,877,23,0,130.64666666666668,265.4339207159979,60,1819,0.066502698669179,0.1274042692647303,236,657,10,27,195,606,294,78320.66334564443,39261.33665435557,7.609383434057236,0.3592085235920852,0.011402508551881414,0.03078677309007982,15.0,1959.7,63,47,14.0625,1837.21875,1,NERIS_BOTNET
2011-08-10T10:26:00+00:00,2011-08-10T10:27:00+00:00,CTU13_PCAP,630,43420,11,39,60,23,625,5,0,68.92063492063492,79.84622156376327,60,1819,0.0953432319653242,0.1818158991049194,212,417,3,12,139,367,263,25832.97178690269,17587.028213097314,8.53339966902366,0.5083932853717026,0.0048,0.0192,10.5,723.6666666666666,48,38,12.115384615384617,835.0,1,NERIS_BOTNET
2011-08-10T10:27:00+00:00,2011-08-10T10:28:00+00:00,CTU13_PCAP,760,88906,16,45,64,30,742,16,2,116.98157894736842,384.42368988509975,60,7354,0.0788798746855362,0.152200437015697,226,526,13,15,164,537,223,64992.397585004495,23913.602414995486,7.870387043869286,0.4296577946768061,0.01752021563342318,0.02021563342318059,12.666666666666666,1481.7666666666669,59,45,13.333333333333334,1559.7543859649122,1,NERIS_BOTNET
2011-08-10T10:28:00+00:00,2011-08-10T10:29:00+00:00,CTU13_PCAP,1188,560307,13,42,71,31,1185,2,1,471.6388888888889,858.3751985883723,60,5894,0.0503598609287997,0.126257418225558,239,951,10,15,241,674,514,242280.4484222925,318026.5515777073,6.959081422898077,0.2513144058885384,0.008438818565400843,0.012658227848101266,19.8,9338.45,53,41,19.161290322580644,9037.209677419354,1,NERIS_BOTNET
2011-08-10T10:29:00+00:00,2011-08-10T10:30:00+00:00,CTU13_PCAP,1575,175559,137,167,65,26,661,910,4,111.46603174603176,239.10851084239732,60,5894,0.0380473132357664,0.1123944472722914,210,455,3,19,137,1089,486,121722.40532363982,53836.59467636015,3.414801805414618,0.46153846153846156,0.0045385779122541605,0.028744326777609682,26.25,2925.983333333333,302,168,8.422459893048128,938.818181818182,1,NERIS_BOTNET
2011-08-10T10:30:00+00:00,2011-08-10T10:31:00+00:00,CTU13_PCAP,912,131360,30,63,67,34,814,98,0,144.03508771929825,322.749415448519,60,2974,0.0658299899389139,0.1330730649014038,225,592,20,24,181,559,353,83436.68884973571,47923.31115026426,7.369765853881836,0.38006756756756754,0.02457002457002457,0.029484029484029485,15.2,2189.333333333333,91,62,12.16,1751.4666666666667,1,NERIS_BOTNET
2011-08-10T10:31:00+00:00,2011-08-10T10:32:00+00:00,CTU13_PCAP,1879,240772,158,198,68,32,583,1291,5,128.1383714741884,296.89144673776644,60,8895,0.0317016629238352,0.109821321522965,218,375,7,20,109,1328,551,169517.14972067755,71254.85027932248,4.899815111248581,0.5813333333333334,0.012006861063464836,0.03430531732418525,31.316666666666663,4012.866666666667,354,198,8.699074074074074,1114.6851851851852,1,NERIS_BOTNET
2011-08-10T10:32:00+00:00,2011-08-10T10:33:00+00:00,CTU13_PCAP,889,80723,41,77,68,29,622,267,0,90.80202474690664,150.07125850099138,60,2114,0.0674454988660039,0.1552228354324408,202,426,11,15,141,557,332,52418.165075166,28304.834924833987,6.786761881230952,0.47417840375586856,0.017684887459807074,0.024115755627009645,14.816666666666666,1345.3833333333334,116,76,9.76923076923077,887.065934065934,1,NERIS_BOTNET
2011-08-10T10:33:00+00:00,2011-08-10T10:34:00+00:00,CTU13_PCAP,1025,77861,23,53,66,32,890,134,1,75.9619512195122,107.20590407884949,60,1819,0.058549688430503,0.1038766197038458,217,678,13,18,221,756,269,57116.98521158923,20744.01478841076,9.84303496461926,0.3200589970501475,0.014606741573033709,0.020224719101123594,17.083333333333332,1297.6833333333334,74,53,15.530303030303031,1179.7121212121212,1,NERIS_BOTNET
2011-08-10T10:34:00+00:00,2011-08-10T10:35:00+00:00,CTU13_PCAP,917,62153,14,44,62,27,799,115,3,67.77862595419847,65.4888176380184,60,1819,0.0652683843171232,0.1176300211490508,217,585,4,8,199,580,337,39681.60824863892,22471.39175136107,10.28406274101951,0.37094017094017095,0.0050062578222778474,0.010012515644555695,15.283333333333331,1035.8833333333334,56,44,16.672727272727272,1130.0545454545454,1,NERIS_BOTNET
2011-08-10T10:35:00+00:00,2011-08-10T10:36:00+00:00,CTU13_PCAP,1093,124164,23,52,66,30,952,137,4,113.5992680695334,253.09276797943065,60,3719,0.054396975389767,0.1088593466450399,244,718,4,21,221,636,457,76198.76475147472,47965.23524852527,8.143155189922878,0.3398328690807799,0.004201680672268907,0.022058823529411766,18.216666666666665,2069.4,73,52,15.614285714285714,1773.7714285714285,1,NERIS_BOTNET
2011-08-10T10:36:00+00:00,2011-08-10T10:37:00+00:00,CTU13_PCAP,991,84817,16,43,69,34,885,105,1,85.58728557013119,166.2878681553742,60,2974,0.060450351599491,0.1003835948344734,236,653,10,11,219,550,441,50449.163087531655,34367.83691246834,8.152973292303868,0.3614088820826952,0.011299435028248588,0.012429378531073447,16.516666666666666,1413.6166666666666,57,43,16.24590163934426,1390.4426229508197,1,NERIS_BOTNET
2011-08-10T10:37:00+00:00,2011-08-10T10:38:00+00:00,CTU13_PCAP,907,78392,18,52,67,29,860,44,3,86.42998897464167,225.96426795099336,60,4434,0.066080120488771,0.1142986159231926,208,660,12,21,207,509,398,48013.6410991983,30378.3589008017,7.272156788456824,0.3151515151515151,0.013953488372093023,0.02441860465116279,15.116666666666667,1306.5333333333333,68,52,14.629032258064516,1264.3870967741937,1,NERIS_BOTNET
2011-08-10T10:38:00+00:00,2011-08-10T10:39:00+00:00,CTU13_PCAP,838,75778,30,63,66,30,741,97,0,90.4272076372315,145.72370241625757,60,1819,0.0715559893326662,0.1304891186572312,212,535,13,17,178,496,342,47758.62715306704,28019.37284693296,5.587658471182773,0.39626168224299063,0.017543859649122806,0.022941970310391364,13.966666666666669,1262.9666666666667,91,62,11.026315789473683,997.078947368421,1,NERIS_BOTNET
2011-08-10T10:39:00+00:00,2011-08-10T10:40:00+00:00,CTU13_PCAP,778,58815,11,43,61,22,776,2,0,75.59768637532133,125.07241643133638,60,1819,0.0768161673036474,0.1381497789122001,219,561,6,14,184,507,271,39201.814630467576,19613.185369532428,7.233713304554975,0.39037433155080214,0.007731958762886598,0.01804123711340206,12.966666666666669,980.25,52,42,14.407407407407408,1089.1666666666667,1,NERIS_BOTNET
2011-08-10T10:40:00+00:00,2011-08-10T10:41:00+00:00,CTU13_PCAP,875,106042,10,45,74,25,862,13,0,121.19085714285714,262.0539423790609,60,1819,0.0685190491599949,0.1295404509616649,266,604,4,17,186,531,344,66367.70832416636,39674.29167583363,7.450198057819815,0.44039735099337746,0.004640371229698376,0.019721577726218097,14.583333333333334,1767.3666666666666,53,44,12.867647058823527,1559.4411764705883,1,NERIS_BOTNET
2011-08-10T10:41:00+00:00,2011-08-10T10:42:00+00:00,CTU13_PCAP,932,82691,20,51,88,34,912,17,3,88.72424892703863,177.84414782088126,60,2974,0.0641417841394016,0.1304467329210106,301,621,13,20,196,567,365,53672.6025083612,29018.3974916388,6.848680737652356,0.48470209339774556,0.01425438596491228,0.021929824561403508,15.533333333333331,1378.1833333333334,69,52,11.79746835443038,1046.7215189873418,1,NERIS_BOTNET
2011-08-10T10:42:00+00:00,2011-08-10T10:43:00+00:00,CTU13_PCAP,1040,207578,14,43,74,34,1018,22,0,199.5942307692308,525.2879913084533,60,5894,0.0575934415602477,0.1316245155904528,258,768,4,15,218,602,438,117339.66797440684,90238.33202559316,9.686783064495431,0.3359375,0.003929273084479371,0.014734774066797643,17.333333333333332,3459.633333333333,55,43,15.757575757575758,3145.121212121212,1,NERIS_BOTNET
2011-08-10T10:43:00+00:00,2011-08-10T10:44:00+00:00,CTU13_PCAP,1060,226709,11,40,72,28,1055,5,0,213.8764150943396,613.9552076421553,60,5894,0.0563213843236676,0.1312710259735166,262,789,24,23,217,635,425,141639.92890291242,85069.07109708758,8.730576828122139,0.3320659062103929,0.022748815165876776,0.021800947867298578,17.666666666666668,3778.483333333333,49,39,16.5625,3542.328125,1,NERIS_BOTNET
2011-08-10T10:44:00+00:00,2011-08-10T10:45:00+00:00,CTU13_PCAP,702,57579,10,39,61,25,697,5,0,82.02136752136752,183.69214568601967,60,2974,0.0844303095731857,0.1681060850540561,229,467,10,14,151,410,292,33604.88725490196,23974.11274509804,8.41015875339508,0.49036402569593146,0.014347202295552367,0.020086083213773313,11.7,959.65,47,38,13.5,1107.2884615384614,1,NERIS_BOTNET
2011-08-10T10:45:00+00:00,2011-08-10T10:46:00+00:00,CTU13_PCAP,790,74802,14,44,61,29,770,20,0,94.6860759493671,175.95050421269926,60,1819,0.0756961293093605,0.1501296600598707,222,554,10,15,178,460,330,46993.26519823561,27808.7348017644,8.760559100025105,0.4007220216606498,0.012987012987012988,0.01948051948051948,13.166666666666666,1246.7,56,43,14.90566037735849,1411.3584905660375,1,NERIS_BOTNET
2011-08-10T10:46:00+00:00,2011-08-10T10:47:00+00:00,CTU13_PCAP,972,282120,11,44,63,26,970,2,0,290.24691358024694,737.4017467792069,60,8814,0.0613339065154966,0.1472181384184629,199,754,27,15,185,494,478,117993.06661369409,164126.9333863059,7.004841989941067,0.2639257294429708,0.027835051546391754,0.015463917525773196,16.2,4702.0,53,43,18.0,5224.444444444444,1,NERIS_BOTNET
2011-08-10T10:47:00+00:00,2011-08-10T10:48:00+00:00,CTU13_PCAP,738,56704,10,42,60,22,736,2,0,76.83468834688347,135.58808890765135,60,1819,0.0806780883706246,0.1490688422179011,235,506,2,18,163,433,305,34986.94019607842,21717.059803921573,7.1856601656528944,0.4644268774703557,0.002717391304347826,0.024456521739130436,12.3,945.0666666666668,50,41,12.947368421052632,994.8070175438596,1,NERIS_BOTNET
2011-08-10T10:48:00+00:00,2011-08-10T10:49:00+00:00,CTU13_PCAP,641,42122,7,39,48,17,639,2,0,65.71294851794072,72.90124517732552,60,1819,0.0921843405812978,0.164578036725297,198,439,8,7,149,355,286,23747.71646511092,18374.283534889084,9.41718142827352,0.4510250569476082,0.012519561815336464,0.010954616588419406,10.683333333333334,702.0333333333333,44,38,14.244444444444444,936.0444444444444,1,NERIS_BOTNET
2011-08-10T10:49:00+00:00,2011-08-10T10:50:00+00:00,CTU13_PCAP,663,46975,19,49,48,19,613,50,0,70.85218702865761,49.97799688304485,60,529,0.0905355452770913,0.1686290656712554,190,423,0,0,155,450,213,31802.21686746987,15172.78313253012,7.196486772190441,0.4491725768321513,0.0,0.0,11.05,782.9166666666666,66,48,12.054545454545456,854.0909090909091,1,NERIS_BOTNET
2011-08-10T10:50:00+00:00,2011-08-10T10:51:00+00:00,CTU13_PCAP,787,61056,29,58,52,21,687,100,0,77.58068614993647,76.20252913482055,60,1384,0.076190912086545,0.1477318466007051,221,467,2,1,173,596,191,45022.987147904845,16033.012852095151,6.804625527726279,0.4732334047109208,0.002911208151382824,0.001455604075691412,13.116666666666667,1017.6,85,57,10.930555555555555,848.0,1,NERIS_BOTNET
2011-08-10T10:51:00+00:00,2011-08-10T10:52:00+00:00,CTU13_PCAP,922,76118,49,80,50,21,641,276,5,82.55748373101952,104.55448015436508,60,2513,0.0635867121424141,0.1241271206328844,203,438,8,4,154,557,365,47300.25595238094,28817.74404761904,6.702150897546248,0.4634703196347032,0.0124804992199688,0.0062402496099844,15.366666666666667,1268.6333333333334,127,79,10.477272727272728,864.9772727272727,1,NERIS_BOTNET
2011-08-10T10:52:00+00:00,2011-08-10T10:53:00+00:00,CTU13_PCAP,715,50440,12,47,50,16,654,58,3,70.54545454545455,82.70731335339123,60,1514,0.0837851372085699,0.1396283497751213,204,450,0,0,164,414,301,29968.301066607,20471.698933393003,10.93867301940918,0.4533333333333333,0.0,0.0,11.916666666666666,840.6666666666666,57,46,13.24074074074074,934.074074074074,1,NERIS_BOTNET
2011-08-10T10:53:00+00:00,2011-08-10T10:54:00+00:00,CTU13_PCAP,725,49192,18,54,55,20,648,76,1,67.85103448275862,40.94002192820089,60,678,0.0827155235063963,0.1511417180481716,179,470,0,3,165,475,250,32335.909381183665,16856.090618816335,7.681546592712403,0.38085106382978723,0.0,0.004629629629629629,12.083333333333334,819.8666666666667,70,53,12.083333333333334,819.8666666666667,1,NERIS_BOTNET
2011-08-10T10:54:00+00:00,2011-08-10T10:55:00+00:00,CTU13_PCAP,697,47614,13,45,47,18,635,62,0,68.31276901004304,41.481665521029655,60,554,0.085418925203126,0.1461407604056188,183,453,0,3,160,381,316,26535.577263336974,21078.422736663026,7.941981717392251,0.40397350993377484,0.0,0.004724409448818898,11.616666666666667,793.5666666666667,56,44,12.907407407407408,881.7407407407408,1,NERIS_BOTNET
2011-08-10T10:55:00+00:00,2011-08-10T10:56:00+00:00,CTU13_PCAP,730,59986,7,38,54,17,701,29,0,82.17260273972603,207.4681366922179,60,2974,0.0820107845939563,0.1456356893450884,238,463,0,0,160,432,298,37092.33620689655,22893.66379310345,9.863755216965307,0.5140388768898488,0.0,0.0,12.166666666666666,999.7666666666668,43,37,14.038461538461538,1153.576923076923,1,NERIS_BOTNET
2011-08-10T10:56:00+00:00,2011-08-10T10:57:00+00:00,CTU13_PCAP,1698,174861,105,136,57,19,766,932,0,102.98056537102474,185.40980993447863,60,3226,0.0352946318242573,0.09434264729226,267,498,7,3,169,1014,684,106527.16823988344,68333.83176011652,4.671171957293884,0.536144578313253,0.009138381201044387,0.0039164490861618795,28.3,2914.35,239,135,11.245033112582782,1158.0198675496688,1,NERIS_BOTNET
2011-08-10T10:57:00+00:00,2011-08-10T10:58:00+00:00,CTU13_PCAP,1251,147736,92,120,59,23,664,587,0,118.09432454036772,275.62492741998346,60,4434,0.0478814640045166,0.1329553721905759,263,402,4,3,127,886,365,102616.96420076226,45119.035799237725,4.381699954762178,0.654228855721393,0.006024096385542169,0.004518072289156626,20.85,2462.266666666667,210,119,9.198529411764708,1086.2941176470588,1,NERIS_BOTNET
2011-08-10T10:58:00+00:00,2011-08-10T10:59:00+00:00,CTU13_PCAP,1719,218453,147,181,57,15,617,1100,2,127.08144269924377,251.8227982084057,60,4434,0.0345083916423206,0.1027151814982611,270,347,3,0,109,1244,475,152504.5950797038,65948.40492029622,4.224921588945871,0.7780979827089337,0.004862236628849271,0.0,28.65,3640.883333333333,326,180,8.681818181818182,1103.29797979798,1,NERIS_BOTNET
2011-08-10T10:59:00+00:00,2011-08-10T11:00:00+00:00,CTU13_PCAP,1387,165693,85,120,50,15,522,865,0,119.4614275414564,229.4390838827564,60,4434,0.0428490373823377,0.1272929960046322,209,312,6,3,100,912,475,111263.780952381,54429.219047619066,3.747071079505506,0.6698717948717948,0.011494252873563218,0.005747126436781609,23.116666666666667,2761.55,203,119,10.751937984496124,1284.4418604651162,1,NERIS_BOTNET
2011-08-10T11:00:00+00:00,2011-08-10T11:01:00+00:00,CTU13_PCAP,840,88040,50,85,54,21,527,313,0,104.8095238095238,224.6573833847823,60,4434,0.0709007783782922,0.1836577534129398,201,325,11,9,109,544,296,58395.68988095238,29644.31011904762,3.829797567780485,0.6184615384615385,0.020872865275142316,0.017077798861480076,14.0,1467.3333333333333,133,84,8.65979381443299,907.6288659793814,1,NERIS_BOTNET
2011-08-10T11:01:00+00:00,2011-08-10T11:02:00+00:00,CTU13_PCAP,1665,217113,138,183,54,22,396,1269,0,130.3981981981982,280.8796275309384,60,4434,0.0358314279180306,0.1451490754339463,199,198,4,9,58,1181,484,152071.11805194817,65041.88194805199,3.3330798008862663,1.005050505050505,0.010101010101010102,0.022727272727272728,27.75,3618.55,319,183,8.161764705882353,1064.279411764706,1,NERIS_BOTNET
2011-08-10T11:02:00+00:00,2011-08-10T11:03:00+00:00,CTU13_PCAP,1785,227770,108,155,51,18,641,1144,0,127.60224089635854,259.94082238739986,60,4434,0.0334868610172528,0.091910040483817,215,427,0,3,139,1170,615,151119.73237817115,76650.26762182891,5.974607514046334,0.5035128805620609,0.0,0.0046801872074883,29.75,3796.1666666666665,261,154,9.64864864864865,1231.1891891891892,1,NERIS_BOTNET
2011-08-10T11:03:00+00:00,2011-08-10T11:04:00+00:00,CTU13_PCAP,2253,240408,113,169,47,23,872,1380,1,106.70572569906793,225.5677414664976,60,5894,0.0265926025265275,0.0647315261079577,188,684,4,6,224,1560,693,166544.94041311883,73863.05958688112,7.941055271500035,0.27485380116959063,0.0045871559633027525,0.006880733944954129,37.55,4006.8,280,169,11.857894736842104,1265.3052631578948,1,NERIS_BOTNET
2011-08-10T11:04:00+00:00,2011-08-10T11:05:00+00:00,CTU13_PCAP,2808,334833,171,213,49,17,907,1896,5,119.24252136752136,223.0435387362528,60,5210,0.021273352388899,0.059616216970639,227,679,4,3,222,1779,1029,218422.04742314355,116410.9525768567,4.585144541653029,0.33431516936671574,0.004410143329658214,0.0033076074972436605,46.8,5580.55,382,212,11.187250996015935,1333.996015936255,1,NERIS_BOTNET
2011-08-10T11:05:00+00:00,2011-08-10T11:06:00+00:00,CTU13_PCAP,1726,194204,92,128,51,22,859,861,6,112.51680185399768,232.99177797789156,60,4434,0.0346582685000654,0.080776605390366,211,652,1,6,209,1176,550,132697.82435815234,61506.17564184768,7.962313365936279,0.3236196319018405,0.0011641443538998836,0.006984866123399301,28.766666666666666,3236.733333333333,218,128,12.32857142857143,1387.1714285714286,1,NERIS_BOTNET
2011-08-10T11:06:00+00:00,2011-08-10T11:07:00+00:00,CTU13_PCAP,1513,157030,89,135,48,18,723,785,5,103.7871777924653,212.23655801330708,60,4434,0.0395742493962484,0.0949746550008651,192,531,0,0,180,953,560,102662.67353914648,54367.32646085361,7.158944926363357,0.3615819209039548,0.0,0.0,25.216666666666665,2617.1666666666665,222,134,10.73049645390071,1113.6879432624114,1,NERIS_BOTNET
2011-08-10T11:07:00+00:00,2011-08-10T11:08:00+00:00,CTU13_PCAP,1246,128846,56,98,57,20,681,555,10,103.40770465489568,210.2424933453131,60,2974,0.0479853157058777,0.1016175331815099,182,499,4,0,164,779,467,83763.73885918003,45082.26114081999,7.680023397098888,0.36472945891783565,0.005873715124816446,0.0,20.766666666666666,2147.4333333333334,152,97,11.327272727272728,1171.3272727272729,1,NERIS_BOTNET
2011-08-10T11:08:00+00:00,2011-08-10T11:09:00+00:00,CTU13_PCAP,1600,179124,98,138,57,21,711,888,1,111.9525,203.4130778582095,60,2974,0.037430185761729,0.0941318357064894,203,507,7,3,170,1087,513,121139.14808551891,57984.85191448119,5.394500444730123,0.40039447731755423,0.009845288326300985,0.004219409282700422,26.666666666666668,2985.4,234,137,10.666666666666666,1194.16,1,NERIS_BOTNET
2011-08-10T11:09:00+00:00,2011-08-10T11:10:00+00:00,CTU13_PCAP,1375,136786,70,102,53,21,711,664,0,99.48072727272728,211.61100717078665,60,4218,0.0436161317506037,0.1163268277233481,214,499,2,3,166,836,539,85600.7518207283,51185.24817927171,6.408004947610803,0.4288577154308617,0.0028129395218002813,0.004219409282700422,22.916666666666668,2279.766666666667,170,101,12.387387387387388,1232.3063063063064,1,NERIS_BOTNET
2011-08-10T11:10:00+00:00,2011-08-10T11:11:00+00:00,CTU13_PCAP,1555,176917,78,110,51,20,690,865,0,113.77299035369776,243.39992478683027,60,5894,0.0385629355984151,0.0996477980152754,232,460,0,3,154,977,578,115055.45709051304,61861.542909487056,6.484123216187658,0.5043478260869565,0.0,0.004347826086956522,25.916666666666668,2948.616666666667,186,109,12.851239669421489,1462.1239669421489,1,NERIS_BOTNET
2011-08-10T11:11:00+00:00,2011-08-10T11:12:00+00:00,CTU13_PCAP,1446,147933,77,110,57,22,740,705,1,102.30497925311204,216.1894347972297,60,4434,0.0413740242228788,0.1084445266542422,261,480,6,6,154,1055,391,105310.82750560276,42622.17249439733,6.792075385812853,0.54375,0.008108108108108109,0.008108108108108109,24.1,2465.55,185,110,11.852459016393444,1212.5655737704917,1,NERIS_BOTNET
2011-08-10T11:12:00+00:00,2011-08-10T11:13:00+00:00,CTU13_PCAP,2209,700155,74,110,55,21,1236,967,6,316.95563603440473,667.5503557292761,60,5894,0.0268136367633722,0.0787920548875988,234,1002,8,12,263,1304,905,333977.7359767346,366177.2640232654,7.968540344781022,0.23353293413173654,0.006472491909385114,0.009708737864077669,36.81666666666667,11669.25,182,109,17.959349593495936,5692.317073170731,1,NERIS_BOTNET
2011-08-10T11:13:00+00:00,2011-08-10T11:14:00+00:00,CTU13_PCAP,1482,155936,79,119,55,19,597,876,9,105.21997300944668,190.3267527161105,60,2974,0.040368700896784,0.1102817188091683,216,382,2,3,124,982,500,104192.68662714098,51743.31337285902,8.081722110282374,0.5654450261780105,0.0033500837520938024,0.005025125628140704,24.7,2598.9333333333334,196,118,11.312977099236642,1190.351145038168,1,NERIS_BOTNET
2011-08-10T11:14:00+00:00,2011-08-10T11:15:00+00:00,CTU13_PCAP,1546,168665,92,134,53,22,532,1000,14,109.09767141009056,216.8130573662781,60,4434,0.038631793519054,0.1135663269235633,188,345,2,3,119,1037,509,115070.67965962748,53594.32034037253,6.768057881130113,0.5449275362318841,0.0037593984962406013,0.005639097744360902,25.766666666666666,2811.083333333333,224,133,10.73611111111111,1171.2847222222222,1,NERIS_BOTNET
2011-08-10T11:15:00+00:00,2011-08-10T11:16:00+00:00,CTU13_PCAP,3842,693893,276,318,62,24,1095,2737,10,180.60723581467985,433.0265671889224,60,5894,0.0155548411897928,0.0503847156412626,199,897,8,3,197,2521,1321,454844.7672718152,239048.23272818475,4.2674945781791145,0.221850613154961,0.0073059360730593605,0.0027397260273972603,64.03333333333333,11564.883333333331,592,318,10.497267759562842,1895.8825136612024,1,NERIS_BOTNET
2011-08-10T11:16:00+00:00,2011-08-10T11:17:00+00:00,CTU13_PCAP,2760,356474,151,191,52,25,765,1990,5,129.1572463768116,236.50553487645945,60,4434,0.0217208463068067,0.0622310556115503,216,549,13,10,171,1866,894,240042.12987907848,116431.8701209216,5.001201452185574,0.39344262295081966,0.01699346405228758,0.013071895424836602,46.0,5941.233333333334,340,190,12.602739726027398,1627.7351598173516,1,NERIS_BOTNET
2011-08-10T11:17:00+00:00,2011-08-10T11:18:00+00:00,CTU13_PCAP,2581,294391,142,183,54,26,733,1842,6,114.0608291359938,237.0618987512112,60,5894,0.0231693891591803,0.068065030934416,196,535,12,8,167,1694,887,196673.87443732665,97717.12556267306,5.94763538659176,0.3663551401869159,0.01637107776261937,0.010914051841746248,43.016666666666666,4906.516666666666,323,182,12.0607476635514,1375.6588785046729,1,NERIS_BOTNET
2011-08-10T11:18:00+00:00,2011-08-10T11:19:00+00:00,CTU13_PCAP,1545,244482,23,63,52,23,847,693,5,158.2407766990291,421.2970006284822,60,5894,0.0384617563665222,0.0918170628298002,205,640,11,8,190,1039,506,163644.6796436392,80837.32035636078,22.17508797844251,0.3203125,0.012987012987012988,0.009445100354191263,25.75,4074.7,84,62,21.45833333333333,3395.583333333333,1,NERIS_BOTNET
2011-08-10T11:19:00+00:00,2011-08-10T11:20:00+00:00,CTU13_PCAP,1245,90638,26,65,62,31,640,599,6,72.80160642570281,43.32724081471359,60,906,0.0478525658129112,0.1109674822023714,206,431,22,4,151,820,425,60565.35239906997,30072.64760093004,18.232634004950523,0.4779582366589327,0.034375,0.00625,20.75,1510.6333333333334,89,64,15.5625,1132.975,1,NERIS_BOTNET
2011-08-10T11:20:00+00:00,2011-08-10T11:21:00+00:00,CTU13_PCAP,1461,204010,45,82,58,27,872,585,4,139.637234770705,348.7855980172875,60,5894,0.0407454266940077,0.0950832096209111,227,648,10,15,219,852,609,130811.44295172044,73198.55704827953,10.124681077052635,0.35030864197530864,0.011467889908256881,0.017201834862385322,24.35,3400.1666666666665,125,81,15.061855670103093,2103.19587628866,1,NERIS_BOTNET
2011-08-10T11:21:00+00:00,2011-08-10T11:22:00+00:00,CTU13_PCAP,1253,172632,22,56,57,24,813,440,0,137.7749401436552,401.1991547824856,60,4434,0.0476722005076301,0.1018933778315068,198,613,9,11,198,764,489,109572.20720641964,63059.79279358033,8.319316818433649,0.32300163132137033,0.01107011070110701,0.013530135301353014,20.883333333333333,2877.2,76,55,18.426470588235293,2538.705882352941,1,NERIS_BOTNET
2011-08-10T11:22:00+00:00,2011-08-10T11:23:00+00:00,CTU13_PCAP,1128,112786,26,53,53,28,768,360,0,99.98758865248227,206.27792702878267,60,4114,0.0527819759991704,0.1032012988515102,204,568,7,21,207,686,442,72179.12143213286,40606.87856786716,7.605219143278458,0.3591549295774648,0.009114583333333334,0.02734375,18.8,1879.7666666666669,77,53,16.58823529411765,1658.6176470588234,1,NERIS_BOTNET
2011-08-10T11:23:00+00:00,2011-08-10T11:24:00+00:00,CTU13_PCAP,1053,143780,10,38,51,27,896,157,0,136.54320987654322,351.5824966228795,60,4374,0.0568446995187621,0.1194292241532491,231,654,34,34,215,616,437,91178.59877262326,52601.40122737674,9.820148701761283,0.3532110091743119,0.03794642857142857,0.03794642857142857,17.55,2396.333333333333,46,37,20.647058823529413,2819.2156862745096,1,NERIS_BOTNET
2011-08-10T11:24:00+00:00,2011-08-10T11:25:00+00:00,CTU13_PCAP,1615,178655,92,123,45,22,683,932,0,110.62229102167184,201.99398206638745,60,4434,0.0369180309432737,0.1045716796157011,194,489,4,6,167,1007,608,115628.16215622624,63026.83784377392,3.618597298629524,0.3967280163599182,0.005856515373352855,0.008784773060029283,26.916666666666668,2977.583333333333,213,122,12.51937984496124,1384.922480620155,1,NERIS_BOTNET
2011-08-10T11:25:00+00:00,2011-08-10T11:26:00+00:00,CTU13_PCAP,1467,262562,80,107,47,29,1021,446,0,178.97886843899113,432.5863613395459,60,5894,0.040767551118973,0.096960990063726,230,797,12,36,238,907,560,161500.36296797055,101061.63703202942,5.183655348691073,0.28858218318695106,0.011753183153770812,0.03525954946131244,24.45,4376.033333333334,185,106,12.12396694214876,2169.9338842975208,1,NERIS_BOTNET
2011-08-10T11:26:00+00:00,2011-08-10T11:27:00+00:00,CTU13_PCAP,1981,325942,135,161,44,22,976,991,14,164.53407370015145,407.0281435188089,60,7334,0.0302647101758706,0.0866058658220904,220,758,12,16,228,1262,719,216464.3519791553,109477.6480208446,4.125542358066259,0.29023746701846964,0.012295081967213115,0.01639344262295082,33.016666666666666,5432.366666666667,294,161,11.129213483146067,1831.134831460674,1,NERIS_BOTNET
2011-08-10T11:27:00+00:00,2011-08-10T11:28:00+00:00,CTU13_PCAP,2957,406332,192,226,55,35,838,2113,6,137.41359485965506,229.85635864947284,60,2974,0.0201704885220818,0.0634736367948951,228,620,8,16,181,1983,974,272569.15399617155,133762.84600382857,4.22892516505891,0.36774193548387096,0.00954653937947494,0.01909307875894988,49.28333333333333,6772.2,416,225,10.71376811594203,1472.2173913043478,1,NERIS_BOTNET
2011-08-10T11:28:00+00:00,2011-08-10T11:29:00+00:00,CTU13_PCAP,2552,322068,158,198,48,23,766,1780,6,126.20219435736676,258.84812941523813,60,4434,0.0234917221420748,0.0678209665130469,183,586,2,3,184,1659,893,214211.1301888532,107856.86981114691,4.401157099801583,0.3122866894197952,0.0026109660574412533,0.0039164490861618795,42.53333333333333,5367.8,354,198,10.952789699570816,1382.266094420601,1,NERIS_BOTNET
2011-08-10T11:29:00+00:00,2011-08-10T11:30:00+00:00,CTU13_PCAP,1722,211192,105,144,38,17,647,1062,13,122.64343786295004,252.42900023033565,60,4434,0.0347974142454724,0.0922139942504361,174,473,0,0,144,1124,598,141930.90750588523,69261.0924941148,7.733607626878298,0.3678646934460888,0.0,0.0,28.7,3519.866666666667,247,144,11.038461538461538,1353.7948717948718,1,NERIS_BOTNET
2011-08-10T11:30:00+00:00,2011-08-10T11:31:00+00:00,CTU13_PCAP,2201,253535,138,172,41,16,601,1595,5,115.1908223534757,207.47700764828335,60,4434,0.0272420731457796,0.0903738242176891,180,421,0,0,139,1384,817,162720.79238489908,90814.20761510106,5.540899452615957,0.42755344418052255,0.0,0.0,36.68333333333333,4225.583333333333,308,172,12.027322404371583,1385.4371584699454,1,NERIS_BOTNET
2011-08-10T11:31:00+00:00,2011-08-10T11:32:00+00:00,CTU13_PCAP,1727,198571,116,150,44,26,535,1185,7,114.98031268094962,225.9971551729872,60,4434,0.0342724129885676,0.1107172698189482,205,331,8,15,114,1211,516,137648.82084212947,60922.17915787044,6.80407473121781,0.6193353474320241,0.014953271028037384,0.028037383177570093,28.78333333333333,3309.516666666667,264,149,10.403614457831326,1196.210843373494,1,NERIS_BOTNET
2011-08-10T11:32:00+00:00,2011-08-10T11:33:00+00:00,CTU13_PCAP,4254,614895,269,305,50,24,793,3452,9,144.54513399153737,313.7986205260787,60,4434,0.0140597653226406,0.0659189644038832,230,559,20,17,137,2836,1418,387177.89271174185,227717.1072882585,3.793628279326144,0.41144901610017887,0.025220680958385876,0.021437578814627996,70.9,10248.25,572,307,11.224274406332452,1622.4142480211085,1,NERIS_BOTNET
2011-08-10T11:33:00+00:00,2011-08-10T11:34:00+00:00,CTU13_PCAP,2793,317420,155,191,49,19,852,1922,19,113.6484067311135,206.62468482220805,60,4292,0.0214491465201008,0.0540401995312446,197,654,4,3,206,1851,942,213530.78391970176,103889.21608029818,7.924193156763838,0.3012232415902141,0.004694835680751174,0.0035211267605633804,46.55,5290.333333333333,344,192,13.758620689655173,1563.6453201970444,1,NERIS_BOTNET
2011-08-10T11:34:00+00:00,2011-08-10T11:35:00+00:00,CTU13_PCAP,2628,265455,147,179,41,19,845,1742,41,101.01027397260276,168.4422120900096,60,3090,0.0226389574015326,0.0564777847510705,197,645,15,9,208,1692,936,174526.850515654,90928.14948434608,9.052359234313576,0.3054263565891473,0.01775147928994083,0.010650887573964497,43.8,4424.25,324,179,13.408163265306122,1354.3622448979593,1,NERIS_BOTNET
2011-08-10T11:35:00+00:00,2011-08-10T11:36:00+00:00,CTU13_PCAP,2566,254816,138,170,43,19,811,1693,62,99.30475448168356,193.1269231612345,60,5894,0.0233589223486173,0.0608436749717562,191,619,4,3,203,1770,796,176845.47805887254,77970.52194112734,12.013508671619851,0.308562197092084,0.004932182490752158,0.0036991368680641184,42.766666666666666,4246.933333333333,306,170,14.021857923497269,1392.4371584699454,1,NERIS_BOTNET
2011-08-10T11:36:00+00:00,2011-08-10T11:37:00+00:00,CTU13_PCAP,2297,240138,118,149,46,19,743,1496,58,104.54418807139749,172.4028421848981,60,3082,0.0261030731923904,0.0741227493655355,193,551,0,3,183,1502,795,157217.63924380954,82920.36075619044,9.076740517418765,0.3502722323049002,0.0,0.004037685060565276,38.28333333333333,4002.3,265,149,13.59171597633136,1420.9349112426034,1,NERIS_BOTNET
2011-08-10T11:37:00+00:00,2011-08-10T11:38:00+00:00,CTU13_PCAP,2033,236715,99,133,48,22,618,1377,38,116.43630103295622,199.21401385389908,60,4434,0.0293981107905155,0.0867114436241236,204,416,5,3,131,1395,638,161550.6935606061,75164.30643939391,9.548637496458518,0.49038461538461536,0.008090614886731391,0.0048543689320388345,33.88333333333333,3945.25,230,132,13.736486486486486,1599.4256756756756,1,NERIS_BOTNET
2011-08-10T11:38:00+00:00,2011-08-10T11:39:00+00:00,CTU13_PCAP,1999,206976,95,131,46,19,648,1306,45,103.53976988494249,194.8994001587439,60,4434,0.029952772744783,0.0900322006618421,222,426,3,0,144,1370,629,142843.70387243395,64132.296127566085,8.654379569689432,0.5211267605633803,0.004629629629629629,0.0,33.31666666666667,3449.6,224,130,13.326666666666666,1379.84,1,NERIS_BOTNET
2011-08-10T11:39:00+00:00,2011-08-10T11:40:00+00:00,CTU13_PCAP,2601,354285,134,166,46,27,905,1660,36,136.21107266435988,331.8014495025691,60,4434,0.0229405338030595,0.0716015883026113,239,653,23,10,193,1782,819,239865.7062847506,114419.29371524924,7.534503632190964,0.3660030627871363,0.02541436464088398,0.011049723756906077,43.35,5904.75,298,165,13.61780104712042,1854.8952879581152,1,NERIS_BOTNET
2011-08-10T11:40:00+00:00,2011-08-10T11:41:00+00:00,CTU13_PCAP,2348,273214,130,166,53,29,861,1447,40,116.3603066439523,205.41893577275584,60,2974,0.0254735444828353,0.0780891959615346,239,627,12,30,213,1605,743,187451.59094634652,85762.40905365361,6.985268236488424,0.38118022328548645,0.013937282229965157,0.03484320557491289,39.13333333333333,4553.566666666667,294,166,12.623655913978494,1468.8924731182797,1,NERIS_BOTNET
2011-08-10T11:41:00+00:00,2011-08-10T11:42:00+00:00,CTU13_PCAP,1287,162146,25,51,46,26,842,425,20,125.987567987568,266.4912648681744,60,1785,0.0466091056263094,0.1093083744125529,231,618,0,24,227,853,434,107977.61486084745,54168.38513915257,18.00069830728614,0.3737864077669903,0.0,0.028503562945368172,21.45,2702.4333333333334,74,50,18.65217391304348,2349.942028985507,1,NERIS_BOTNET
2011-08-10T11:42:00+00:00,2011-08-10T11:43:00+00:00,CTU13_PCAP,1556,212056,84,113,50,23,801,755,0,136.2827763496144,325.9937659859474,60,4434,0.0384475306299338,0.0968061947238207,217,583,19,18,165,977,579,132743.63441777352,79312.3655822265,5.455694664001465,0.37221269296740994,0.02372034956304619,0.02247191011235955,25.933333333333334,3534.266666666667,195,112,12.448,1696.448,1,NERIS_BOTNET
2011-08-10T11:43:00+00:00,2011-08-10T11:44:00+00:00,CTU13_PCAP,970,83972,33,61,60,27,679,291,0,86.56907216494845,154.31337065548354,60,1839,0.0614483900237501,0.1265790024489706,242,433,21,5,143,606,364,54204.87337909991,29767.12662090007,8.250292704023163,0.558891454965358,0.030927835051546393,0.007363770250368188,16.166666666666668,1399.5333333333333,92,60,11.149425287356324,965.1954022988506,1,NERIS_BOTNET
2011-08-10T11:44:00+00:00,2011-08-10T11:45:00+00:00,CTU13_PCAP,745,51326,8,40,49,23,583,162,0,68.89395973154362,68.40476280386778,60,1330,0.080519365367069,0.154720462879145,202,381,4,6,138,450,295,31433.95206909071,19892.04793090929,11.85956417839482,0.5301837270341208,0.00686106346483705,0.010291595197255575,12.416666666666666,855.4333333333333,46,39,14.056603773584904,968.4150943396228,1,NERIS_BOTNET
2011-08-10T11:45:00+00:00,2011-08-10T11:46:00+00:00,CTU13_PCAP,2637,302230,231,266,59,28,677,1952,8,114.61130072051574,229.08013990305827,60,4434,0.0226900261884755,0.0863427291429151,243,435,15,3,133,1744,893,203260.00107348972,98969.99892651028,3.2401747998503065,0.5586206896551724,0.022156573116691284,0.004431314623338257,43.95,5037.166666666667,495,265,9.061855670103093,1038.591065292096,1,NERIS_BOTNET
2011-08-10T11:46:00+00:00,2011-08-10T11:47:00+00:00,CTU13_PCAP,1573,179686,132,163,52,29,544,1024,5,114.23140495867769,217.88764808770017,60,4434,0.0381370330888199,0.112277666617108,193,351,22,0,115,1118,455,126261.0275049829,53424.97249501705,5.461252288503961,0.5498575498575499,0.04044117647058824,0.0,26.216666666666665,2994.766666666667,293,162,8.642857142857142,987.2857142857144,1,NERIS_BOTNET
2011-08-10T11:47:00+00:00,2011-08-10T11:48:00+00:00,CTU13_PCAP,731,66336,14,42,56,28,557,174,0,90.7469220246238,172.57258502047534,60,1514,0.0821722602191036,0.1628804948248919,209,348,26,0,115,553,178,49136.8258889146,17199.1741110854,14.9623923339541,0.6005747126436781,0.0466786355475763,0.0,12.183333333333334,1105.6,54,42,11.603174603174605,1052.952380952381,1,NERIS_BOTNET
2011-08-10T11:48:00+00:00,2011-08-10T11:49:00+00:00,CTU13_PCAP,683,50987,15,45,45,22,555,128,0,74.65153733528551,103.16461894978276,60,1819,0.0872224030956145,0.166258292930334,189,368,6,6,128,418,265,32133.855571867305,18853.1444281327,10.83280195756392,0.5135869565217391,0.010810810810810811,0.010810810810810811,11.383333333333333,849.7833333333333,58,44,12.418181818181818,927.0363636363636,1,NERIS_BOTNET
2011-08-10T11:49:00+00:00,2011-08-10T11:50:00+00:00,CTU13_PCAP,733,49582,12,39,62,35,639,94,0,67.6425648021828,30.995936713376828,60,332,0.0817839767112106,0.1651097697798026,226,418,10,7,142,439,294,30132.461499846177,19449.538500153823,9.556662828691543,0.5406698564593302,0.01564945226917058,0.010954616588419406,12.216666666666669,826.3666666666667,49,38,11.82258064516129,799.7096774193549,1,NERIS_BOTNET
2011-08-10T11:50:00+00:00,2011-08-10T11:51:00+00:00,CTU13_PCAP,1236,354720,9,37,58,29,1193,43,0,286.99029126213594,719.775371672481,60,5894,0.0484909619396997,0.133789571880958,243,955,8,17,248,795,441,216399.8351659424,138320.1648340576,10.855681869718763,0.2544502617801047,0.006705783738474434,0.014249790444258172,20.6,5912.0,44,36,19.61904761904762,5630.476190476191,1,NERIS_BOTNET
2011-08-10T11:51:00+00:00,2011-08-10T11:52:00+00:00,CTU13_PCAP,884,124112,14,41,56,30,839,45,0,140.39819004524887,475.258962318116,60,5894,0.0678713737500753,0.1354710100368737,253,597,18,16,174,541,343,86163.47103025518,37948.5289697448,12.063829557712262,0.423785594639866,0.021454112038140644,0.01907032181168057,14.733333333333333,2068.5333333333333,53,40,13.6,1909.4153846153847,1,NERIS_BOTNET
2011-08-10T11:52:00+00:00,2011-08-10T11:53:00+00:00,CTU13_PCAP,801,70069,14,40,54,28,770,31,0,87.4769038701623,140.5506729397701,60,1683,0.0749141389131546,0.1458794548516933,235,544,11,13,177,539,262,47737.37777641028,22331.622223589704,12.118472910763924,0.4319852941176471,0.014285714285714285,0.016883116883116882,13.35,1167.8166666666666,52,39,14.052631578947368,1229.280701754386,1,NERIS_BOTNET
2011-08-10T11:53:00+00:00,2011-08-10T11:54:00+00:00,CTU13_PCAP,869,135582,12,40,57,28,849,20,0,156.02071346375143,632.7209835853606,60,7354,0.0686687395869312,0.140791302093689,263,589,28,9,162,612,257,102103.71280419262,33478.28719580737,7.974827925364177,0.4465195246179966,0.03297997644287397,0.01060070671378092,14.483333333333333,2259.7,50,39,13.793650793650794,2152.095238095238,1,NERIS_BOTNET
2011-08-10T11:54:00+00:00,2011-08-10T11:55:00+00:00,CTU13_PCAP,932,95424,16,46,58,30,907,25,0,102.3862660944206,272.22623162504084,60,5894,0.0643030342302824,0.1223595153629432,281,639,19,20,198,575,357,63526.880104664575,31897.11989533541,10.20635117152158,0.4397496087636933,0.020948180815876516,0.022050716648291068,15.533333333333331,1590.4,60,45,13.705882352941176,1403.2941176470588,1,NERIS_BOTNET
2011-08-10T11:55:00+00:00,2011-08-10T11:56:00+00:00,CTU13_PCAP,1269,326191,23,52,59,35,1252,17,0,257.04570527974784,731.831593311298,60,10274,0.0471431498271809,0.1198537485924258,258,946,92,33,273,745,524,187160.23249835256,139030.76750164744,7.993235073770795,0.2727272727272727,0.07348242811501597,0.026357827476038338,21.15,5436.516666666666,73,51,18.12857142857143,4659.871428571429,1,NERIS_BOTNET
2011-08-10T11:56:00+00:00,2011-08-10T11:57:00+00:00,CTU13_PCAP,618,40518,6,31,46,14,616,2,0,65.5631067961165,73.40368101440365,60,1819,0.097060257650465,0.1705986457966901,217,400,0,3,137,420,198,27661.781105169342,12856.21889483066,9.25556532714678,0.5425,0.0,0.00487012987012987,10.3,675.3,35,30,13.434782608695652,880.8260869565217,1,NERIS_BOTNET
2011-08-10T11:57:00+00:00,2011-08-10T11:58:00+00:00,CTU13_PCAP,701,45733,10,34,61,22,693,8,0,65.23965763195434,69.10732765346573,60,1819,0.0851946456091744,0.1570906321155156,274,419,4,6,141,430,271,28517.95,17215.05,8.590406413736014,0.6539379474940334,0.005772005772005772,0.008658008658008658,11.683333333333334,762.2166666666667,42,33,12.086206896551724,788.5,1,NERIS_BOTNET
2011-08-10T11:58:00+00:00,2011-08-10T11:59:00+00:00,CTU13_PCAP,637,42632,8,33,52,17,635,2,0,66.92621664050236,75.19293376089287,60,1819,0.094075526831285,0.1731283413959709,230,407,0,6,142,380,257,25840.684671216557,16791.315328783447,8.542147760391236,0.5651105651105651,0.0,0.009448818897637795,10.616666666666667,710.5333333333333,39,32,12.74,852.64,1,NERIS_BOTNET
2011-08-10T11:59:00+00:00,2011-08-10T12:00:00+00:00,CTU13_PCAP,726,51387,9,36,57,19,723,2,1,70.78099173553719,91.58987650884931,60,1819,0.0824640579881339,0.1551793734518447,265,461,4,6,154,499,227,35521.45906597765,15865.540934022343,7.729461677869161,0.5748373101952278,0.005532503457814661,0.008298755186721992,12.1,856.45,43,36,12.1,856.45,1,NERIS_BOTNET
2011-08-10T12:00:00+00:00,2011-08-10T12:01:00+00:00,CTU13_PCAP,878,110533,15,40,62,34,858,20,0,125.89179954441911,249.1614700927216,60,1506,0.0682836590226455,0.1321768647831659,240,625,14,13,201,510,368,66753.4987095605,43779.5012904395,9.461464170366526,0.384,0.016317016317016316,0.015151515151515152,14.633333333333333,1842.2166666666667,53,39,13.71875,1727.078125,1,NERIS_BOTNET
2011-08-10T12:01:00+00:00,2011-08-10T12:02:00+00:00,CTU13_PCAP,521,51140,14,42,58,28,505,16,0,98.1573896353167,207.7397839578817,60,2974,0.114469617146712,0.2516961712101502,242,269,10,14,83,375,146,36917.55545859369,14222.444541406308,7.523466844712535,0.8996282527881041,0.019801980198019802,0.027722772277227723,8.683333333333334,852.3333333333334,54,41,8.403225806451612,824.8387096774194,1,NERIS_BOTNET
2011-08-10T12:02:00+00:00,2011-08-10T12:03:00+00:00,CTU13_PCAP,668,52184,11,39,67,33,663,5,0,78.11976047904191,137.6250243744733,60,1819,0.0898200736410435,0.1724920805580631,250,415,16,16,135,413,255,33548.544758192154,18635.455241807857,6.452894319187511,0.6024096385542169,0.024132730015082957,0.024132730015082957,11.133333333333333,869.7333333333333,48,38,10.12121212121212,790.6666666666666,1,NERIS_BOTNET
2011-08-10T12:03:00+00:00,2011-08-10T12:04:00+00:00,CTU13_PCAP,847,53568,7,34,48,18,843,4,0,63.2443919716647,17.688849830825728,60,243,0.0704324135543606,0.0992052058338824,213,635,2,0,213,524,323,33561.33834586466,20006.66165413534,9.328643205318045,0.3354330708661417,0.002372479240806643,0.0,14.116666666666667,892.8,39,33,18.02127659574468,1139.7446808510638,1,NERIS_BOTNET
2011-08-10T12:04:00+00:00,2011-08-10T12:05:00+00:00,CTU13_PCAP,857,54644,8,34,48,18,852,5,0,63.76196032672112,26.252819816465664,60,503,0.0699602184451629,0.1028495064313532,221,631,6,1,215,445,412,28809.63565400844,25834.36434599156,9.639096073482348,0.3502377179080824,0.007042253521126761,0.0011737089201877935,14.283333333333331,910.7333333333332,40,33,18.630434782608692,1187.9130434782608,1,NERIS_BOTNET
2011-08-10T12:05:00+00:00,2011-08-10T12:06:00+00:00,CTU13_PCAP,801,53879,11,36,54,21,796,5,0,67.26466916354556,68.75144660956616,60,1819,0.0742505112290382,0.124244354509953,234,567,4,6,190,443,358,30636.5568627451,23242.4431372549,9.615353154201134,0.4126984126984127,0.005025125628140704,0.007537688442211055,13.35,897.9833333333333,45,35,15.705882352941176,1056.450980392157,1,NERIS_BOTNET
2011-08-10T12:06:00+00:00,2011-08-10T12:07:00+00:00,CTU13_PCAP,706,44593,8,33,53,17,697,6,3,63.1628895184136,20.986379898061365,60,412,0.0849496736594125,0.1405741642600045,233,465,0,2,164,405,301,25931.730303030305,18661.26969696969,10.557702128703776,0.5010752688172043,0.0,0.0028694404591104736,11.766666666666667,743.2166666666667,39,33,13.576923076923077,857.5576923076923,1,NERIS_BOTNET
2011-08-10T12:07:00+00:00,2011-08-10T12:08:00+00:00,CTU13_PCAP,697,45987,10,36,56,21,680,7,10,65.97847919655668,69.36563011744069,60,1819,0.0860435561887149,0.1386237538499926,221,460,8,7,148,459,238,30628.58543417367,15358.414565826331,7.041448710257547,0.48043478260869565,0.011764705882352941,0.010294117647058823,11.616666666666667,766.45,44,35,12.228070175438596,806.7894736842105,1,NERIS_BOTNET
2011-08-10T12:08:00+00:00,2011-08-10T12:09:00+00:00,CTU13_PCAP,1015,323542,9,35,61,19,1011,2,2,318.76059113300494,842.2421570176707,60,7354,0.0588975305387959,0.1295773239849601,246,767,4,3,170,598,417,198693.98006228905,124848.01993771095,6.969496340048118,0.32073011734028684,0.003956478733926805,0.002967359050445104,16.916666666666668,5392.366666666667,42,35,16.639344262295083,5303.9672131147545,1,NERIS_BOTNET
2011-08-10T12:09:00+00:00,2011-08-10T12:10:00+00:00,CTU13_PCAP,699,43434,10,36,57,18,694,5,0,62.137339055794,12.091024316744328,60,281,0.0857161232256957,0.1419095103837644,235,460,4,0,157,396,303,24843.68909657321,18590.310903426795,8.153496993671764,0.5108695652173914,0.005763688760806916,0.0,11.65,723.9,44,36,12.709090909090907,789.709090909091,1,NERIS_BOTNET
2011-08-10T12:10:00+00:00,2011-08-10T12:11:00+00:00,CTU13_PCAP,731,60179,8,34,47,17,720,11,0,82.32421340629276,183.03054607190543,60,2754,0.0810751575313202,0.1393673887249185,219,504,0,6,169,498,233,41204.434033228674,18974.565966771323,11.211266242939493,0.43452380952380953,0.0,0.008333333333333333,12.183333333333334,1002.9833333333332,40,33,15.891304347826088,1308.2391304347825,1,NERIS_BOTNET
2011-08-10T12:11:00+00:00,2011-08-10T12:12:00+00:00,CTU13_PCAP,758,66996,17,42,53,28,723,35,0,88.38522427440633,163.21427356595407,60,2974,0.0780747884803278,0.1570525660654719,231,499,17,9,164,449,309,42680.33001508295,24315.669984917044,8.175752943212336,0.46292585170340683,0.02351313969571231,0.012448132780082987,12.633333333333333,1116.6,57,41,13.78181818181818,1218.1090909090908,1,NERIS_BOTNET
2011-08-10T12:12:00+00:00,2011-08-10T12:13:00+00:00,CTU13_PCAP,621,38663,7,32,52,16,616,5,0,62.25925925925926,11.98047655366486,60,315,0.0964285242942071,0.1917497908914481,228,388,0,3,134,366,255,22838.733333333334,15824.266666666665,9.034345196742638,0.5876288659793815,0.0,0.00487012987012987,10.35,644.3833333333333,37,31,12.176470588235292,758.0980392156863,1,NERIS_BOTNET
2011-08-10T12:13:00+00:00,2011-08-10T12:14:00+00:00,CTU13_PCAP,653,46577,12,36,47,20,626,23,4,71.32771822358346,84.27461735675878,60,1819,0.0914039355845539,0.1684035321562271,181,448,2,4,152,364,289,27195.095315948405,19381.904684051595,9.222629619681316,0.40401785714285715,0.003194888178913738,0.006389776357827476,10.883333333333333,776.2833333333333,46,37,14.195652173913045,1012.5434782608696,1,NERIS_BOTNET
2011-08-10T12:14:00+00:00,2011-08-10T12:15:00+00:00,CTU13_PCAP,682,45044,10,40,55,22,677,5,0,66.04692082111437,72.2643657752553,60,1819,0.087937853234805,0.1617464143787708,235,443,7,3,151,464,218,30770.7338097856,14273.266190214405,7.670280816338279,0.5304740406320542,0.0103397341211226,0.004431314623338257,11.366666666666667,750.7333333333333,48,39,12.4,818.9818181818182,1,NERIS_BOTNET
2011-08-10T12:15:00+00:00,2011-08-10T12:16:00+00:00,CTU13_PCAP,719,52014,10,38,53,20,706,10,3,72.34214186369958,97.0377658519199,60,1819,0.0834072353448044,0.1531641626401858,220,488,4,9,162,475,244,34645.05448179271,17368.94551820728,9.14793590329728,0.45081967213114754,0.0056657223796034,0.012747875354107648,11.983333333333333,866.9,46,38,13.566037735849056,981.3962264150944,1,NERIS_BOTNET
2011-08-10T12:16:00+00:00,2011-08-10T12:17:00+00:00,CTU13_PCAP,704,57344,12,38,50,23,693,11,0,81.45454545454545,152.10171791592367,60,2974,0.0849583810288061,0.1578816618229042,211,487,10,4,168,403,301,35151.46450161759,22192.5354983824,8.994850821495056,0.433264887063655,0.01443001443001443,0.005772005772005772,11.733333333333333,955.7333333333332,48,37,14.08,1146.88,1,NERIS_BOTNET
2011-08-10T12:17:00+00:00,2011-08-10T12:18:00+00:00,CTU13_PCAP,720,47653,11,37,54,23,712,8,0,66.18472222222222,69.5405200818643,60,1819,0.0832455214605212,0.1687428405878456,226,485,9,12,164,473,247,31729.660144927533,15923.339855072463,9.471490740776062,0.465979381443299,0.012640449438202247,0.016853932584269662,12.0,794.2166666666667,46,36,14.4,953.06,1,NERIS_BOTNET
2011-08-10T12:18:00+00:00,2011-08-10T12:19:00+00:00,CTU13_PCAP,755,55159,10,36,52,24,750,5,0,73.05827814569537,117.03529459020758,60,1819,0.079303188412512,0.1294870122460955,229,524,10,13,171,512,243,37874.607261754296,17284.392738245697,8.715847408070283,0.43702290076335876,0.013333333333333334,0.017333333333333333,12.583333333333334,919.3166666666668,44,35,14.803921568627452,1081.549019607843,1,NERIS_BOTNET
2011-08-10T12:19:00+00:00,2011-08-10T12:20:00+00:00,CTU13_PCAP,727,51067,11,39,59,25,716,11,0,70.24346629986245,46.484025838303545,60,448,0.0824906320282907,0.1550264118443941,248,472,9,4,172,498,229,35303.29499962061,15763.705000379392,9.010630139282773,0.5254237288135594,0.012569832402234637,0.00558659217877095,12.116666666666667,851.1166666666667,48,38,12.982142857142858,911.9107142857144,1,NERIS_BOTNET
2011-08-10T12:20:00+00:00,2011-08-10T12:21:00+00:00,CTU13_PCAP,764,52999,7,36,47,17,762,2,0,69.37041884816755,86.39405165637663,60,1819,0.0784197956675158,0.1271118913263578,225,540,2,6,185,426,338,30298.81338448423,22700.18661551577,9.800062062788983,0.4166666666666667,0.0026246719160104987,0.007874015748031496,12.733333333333333,883.3166666666667,41,35,15.591836734693878,1081.6122448979593,1,NERIS_BOTNET
2011-08-10T12:21:00+00:00,2011-08-10T12:22:00+00:00,CTU13_PCAP,699,43671,10,34,59,20,688,8,3,62.47639484978541,12.836395442144104,60,315,0.0857698367454944,0.1544577062778895,236,452,3,4,154,401,298,25094.889588014983,18576.110411985017,8.004588625260762,0.5221238938053098,0.00436046511627907,0.005813953488372093,11.65,727.85,42,33,12.482142857142858,779.8392857142857,1,NERIS_BOTNET
2011-08-10T12:22:00+00:00,2011-08-10T12:23:00+00:00,CTU13_PCAP,758,47641,7,36,61,16,756,2,0,62.8509234828496,16.21736236738561,60,315,0.0780507223766735,0.1451160308004228,264,494,4,0,171,596,162,37490.76505795628,10150.234942043726,8.383190683523814,0.5344129554655871,0.005291005291005291,0.0,12.633333333333333,794.0166666666667,41,35,12.633333333333333,794.0166666666667,1,NERIS_BOTNET
2011-08-10T12:23:00+00:00,2011-08-10T12:24:00+00:00,CTU13_PCAP,787,48517,6,34,51,16,785,2,0,61.64803049555273,3.559532621988295,60,96,0.0758060101637706,0.1300257514872006,230,555,4,6,183,427,360,26399.285714285717,22117.714285714286,8.820665845683976,0.4144144144144144,0.005095541401273885,0.007643312101910828,13.116666666666667,808.6166666666667,38,33,15.431372549019608,951.313725490196,1,NERIS_BOTNET
2011-08-10T12:24:00+00:00,2011-08-10T12:25:00+00:00,CTU13_PCAP,965,72002,12,39,56,28,960,5,0,74.61347150259067,99.57186497802758,60,1428,0.0620236038172393,0.1205224836812958,267,698,12,33,249,553,412,42523.07136009463,29478.928639905374,9.510514037083771,0.3825214899713467,0.0125,0.034375,16.083333333333332,1200.0333333333333,49,38,16.35593220338983,1220.372881355932,1,NERIS_BOTNET
2011-08-10T12:25:00+00:00,2011-08-10T12:26:00+00:00,CTU13_PCAP,794,52885,10,33,64,22,789,5,0,66.6057934508816,56.36945880378303,60,1424,0.0750132145226227,0.140597905629554,288,505,3,9,171,484,310,32401.55262716132,20483.44737283868,9.933202472783751,0.5702970297029702,0.0038022813688212928,0.011406844106463879,13.233333333333333,881.4166666666666,41,32,13.457627118644067,896.3559322033898,1,NERIS_BOTNET
2011-08-10T12:26:00+00:00,2011-08-10T12:27:00+00:00,CTU13_PCAP,617,60138,12,38,50,22,586,31,0,97.46839546191248,197.53590500500167,60,2974,0.0972005244973418,0.1895942083497169,237,356,13,1,120,408,209,41474.4143653448,18663.5856346552,8.609782080216842,0.6657303370786517,0.02218430034129693,0.0017064846416382253,10.283333333333331,1002.3,48,37,11.21818181818182,1093.418181818182,1,NERIS_BOTNET
2011-08-10T12:27:00+00:00,2011-08-10T12:28:00+00:00,CTU13_PCAP,523,32981,5,35,57,13,517,6,0,63.06118546845124,15.573549796985178,60,243,0.1141520482826963,0.2090114876900204,256,261,0,0,91,354,169,22633.2,10347.8,7.04350265285425,0.9808429118773946,0.0,0.0,8.716666666666667,549.6833333333333,38,34,9.175438596491228,578.6140350877193,1,NERIS_BOTNET
2011-08-10T12:28:00+00:00,2011-08-10T12:29:00+00:00,CTU13_PCAP,510,34780,7,34,55,17,505,5,0,68.19607843137256,83.78343221683546,60,1819,0.1170643083238882,0.2083589189667232,240,267,0,3,93,344,166,23768.188505747126,11011.811494252872,6.984642077375342,0.898876404494382,0.0,0.005940594059405941,8.5,579.6666666666666,39,33,9.444444444444445,644.074074074074,1,NERIS_BOTNET
2011-08-10T12:29:00+00:00,2011-08-10T12:30:00+00:00,CTU13_PCAP,806,58247,11,37,75,23,798,8,0,72.26674937965261,91.99953911365957,60,1819,0.0739100607285588,0.1837773490846803,315,484,7,12,185,514,292,37042.64445554445,21204.355544455542,7.447127024332683,0.6508264462809917,0.008771929824561403,0.015037593984962405,13.433333333333334,970.7833333333332,46,36,11.681159420289855,844.1594202898551,1,NERIS_BOTNET
2011-08-10T12:30:00+00:00,2011-08-10T12:31:00+00:00,CTU13_PCAP,875,61407,8,36,59,19,873,2,0,70.17942857142857,106.64904703727636,60,1819,0.0685196863977532,0.1286379109394329,285,591,3,9,195,678,197,47204.92797217247,14202.072027827522,8.530178781350454,0.48223350253807107,0.003436426116838488,0.010309278350515464,14.583333333333334,1023.45,42,35,14.583333333333334,1023.45,1,NERIS_BOTNET
2011-08-10T12:31:00+00:00,2011-08-10T12:32:00+00:00,CTU13_PCAP,535,37882,6,32,51,15,533,2,0,70.80747663551402,111.29668332794492,60,1819,0.1119925614153401,0.2477854583817609,260,275,0,6,92,367,168,26278.418964655928,11603.581035344072,9.66479760057786,0.9454545454545454,0.0,0.01125703564727955,8.916666666666666,631.3666666666667,36,31,10.490196078431373,742.7843137254902,1,NERIS_BOTNET
2011-08-10T12:32:00+00:00,2011-08-10T12:33:00+00:00,CTU13_PCAP,569,39325,7,38,59,19,565,4,0,69.11247803163445,82.3232174359624,60,1819,0.1048876269602439,0.2151565520918465,257,311,0,5,107,378,191,26625.286363636365,12699.713636363636,8.118909404195588,0.8263665594855305,0.0,0.008849557522123894,9.483333333333333,655.4166666666666,43,37,9.810344827586206,678.0172413793103,1,NERIS_BOTNET
2011-08-10T12:33:00+00:00,2011-08-10T12:34:00+00:00,CTU13_PCAP,857,52804,8,34,59,17,852,5,0,61.61493582263711,3.211147593907864,60,92,0.0700519836951639,0.1195515895943302,252,600,0,2,205,463,394,28630.354324586977,24173.645675413023,8.349448800086975,0.42,0.0,0.002347417840375587,14.283333333333331,880.0666666666667,40,33,15.303571428571429,942.9285714285714,1,NERIS_BOTNET
2011-08-10T12:34:00+00:00,2011-08-10T12:35:00+00:00,CTU13_PCAP,963,62344,9,36,58,22,955,8,0,64.73935617860852,30.60388362681177,60,476,0.0622515301694493,0.1051771067684438,248,709,4,7,251,522,441,34176.88313570488,28167.116864295123,8.759687323319284,0.34978843441466856,0.004188481675392671,0.007329842931937173,16.05,1039.0666666666666,43,35,16.894736842105264,1093.7543859649122,1,NERIS_BOTNET
2011-08-10T12:35:00+00:00,2011-08-10T12:36:00+00:00,CTU13_PCAP,993,67051,10,42,65,27,991,2,0,67.52366565961732,79.21312217638894,60,1428,0.0604130474309767,0.1008284787271136,275,721,4,24,242,554,439,38530.38406043962,28520.615939560383,8.373701543074388,0.3814147018030513,0.004036326942482341,0.024217961654894045,16.55,1117.5166666666669,50,41,15.276923076923078,1031.553846153846,1,NERIS_BOTNET
2011-08-10T12:36:00+00:00,2011-08-10T12:37:00+00:00,CTU13_PCAP,720,44336,8,33,53,17,718,2,0,61.577777777777776,3.0870798059647018,60,92,0.0829969248287535,0.1460748218994301,232,486,3,2,165,399,321,24650.86666666667,19685.13333333333,8.65852041721344,0.4773662551440329,0.004178272980501393,0.002785515320334262,12.0,738.9333333333333,39,32,14.4,886.72,1,NERIS_BOTNET
2011-08-10T12:37:00+00:00,2011-08-10T12:38:00+00:00,CTU13_PCAP,721,49589,7,34,46,17,716,5,0,68.77808599167822,96.52219060115014,60,1819,0.0829973124795489,0.1393153221593019,218,496,4,7,166,402,319,28390.063036784963,21198.93696321504,9.3395569121584,0.43951612903225806,0.00558659217877095,0.009776536312849162,12.016666666666667,826.4833333333333,39,33,15.340425531914894,1055.085106382979,1,NERIS_BOTNET
2011-08-10T12:38:00+00:00,2011-08-10T12:39:00+00:00,CTU13_PCAP,680,41914,6,33,46,14,678,2,0,61.63823529411765,3.7653618454259634,60,108,0.0880501101750864,0.1352292614669945,202,476,0,0,164,450,230,27820.627210884355,14093.372789115649,10.31042468547821,0.42436974789915966,0.0,0.0,11.333333333333334,698.5666666666667,37,32,16.19047619047619,997.952380952381,1,NERIS_BOTNET
2011-08-10T12:39:00+00:00,2011-08-10T12:40:00+00:00,CTU13_PCAP,746,46278,6,37,54,15,742,4,0,62.03485254691689,9.955200847088497,60,243,0.0798488200910939,0.1327876780821866,227,514,4,3,174,405,341,25392.55175530066,20885.44824469934,8.208458587235095,0.44163424124513617,0.005390835579514825,0.004043126684636119,12.433333333333334,771.3,41,36,14.627450980392156,907.4117647058824,1,NERIS_BOTNET
2011-08-10T12:40:00+00:00,2011-08-10T12:41:00+00:00,CTU13_PCAP,828,66053,10,39,56,21,826,2,0,79.77415458937197,164.3271553021469,60,2911,0.0721798041134964,0.1267955421061335,259,569,15,5,194,482,346,40367.8818982211,25685.11810177889,8.648090642795228,0.45518453427065025,0.018159806295399514,0.006053268765133172,13.8,1100.8833333333334,47,38,14.526315789473683,1158.8245614035088,1,NERIS_BOTNET
2011-08-10T12:41:00+00:00,2011-08-10T12:42:00+00:00,CTU13_PCAP,745,48724,11,37,57,24,740,5,0,65.4013422818792,67.5203076452337,60,1819,0.0805497272040254,0.1460947297209005,231,509,14,9,169,409,336,27298.36509519062,21425.634904809376,8.980271087752449,0.4538310412573674,0.01891891891891892,0.012162162162162163,12.416666666666666,812.0666666666667,46,36,13.796296296296296,902.2962962962964,1,NERIS_BOTNET
2011-08-10T12:42:00+00:00,2011-08-10T12:43:00+00:00,CTU13_PCAP,721,54555,9,34,51,19,711,10,0,75.66574202496533,117.40678389284432,60,1666,0.082950676480929,0.1496821713619312,229,485,6,4,161,492,229,37546.80475613587,17008.19524386414,10.13123245959012,0.47216494845360824,0.008438818565400843,0.005625879043600563,12.016666666666667,909.25,41,33,13.60377358490566,1029.339622641509,1,NERIS_BOTNET
2011-08-10T12:43:00+00:00,2011-08-10T12:44:00+00:00,CTU13_PCAP,706,46197,9,34,54,18,704,2,0,65.43484419263456,69.34331291844565,60,1819,0.0838263545475953,0.1500919036474404,243,462,5,3,158,409,297,27217.405102264027,18979.59489773597,9.112023278778674,0.525974025974026,0.007102272727272727,0.004261363636363636,11.766666666666667,769.95,41,33,13.84313725490196,905.8235294117648,1,NERIS_BOTNET
2011-08-10T12:44:00+00:00,2011-08-10T12:45:00+00:00,CTU13_PCAP,746,50778,8,34,52,18,744,2,0,68.06702412868633,94.37161050706123,60,1819,0.0794685290163795,0.1362520256988934,232,514,3,6,172,491,255,33833.97352941177,16944.026470588233,8.637966017723084,0.45136186770428016,0.004032258064516129,0.008064516129032258,12.433333333333334,846.3,40,33,14.92,1015.56,1,NERIS_BOTNET
2011-08-10T12:45:00+00:00,2011-08-10T12:46:00+00:00,CTU13_PCAP,805,54245,9,33,60,19,800,5,0,67.38509316770187,91.89310980001726,60,2560,0.0742704924659349,0.133051034914219,287,514,10,9,172,473,332,32744.13972332016,21500.860276679843,9.708633450211073,0.5583657587548638,0.0125,0.01125,13.416666666666666,904.0833333333334,40,32,13.19672131147541,889.2622950819672,1,NERIS_BOTNET
2011-08-10T12:46:00+00:00,2011-08-10T12:47:00+00:00,CTU13_PCAP,701,43385,8,33,49,17,699,2,0,61.89015691868759,10.120708144999586,60,315,0.0855514444623674,0.148437334492041,207,491,7,4,165,374,327,23199.780952380952,20185.219047619048,8.933723444524018,0.4215885947046843,0.010014306151645207,0.005722460658082976,11.683333333333334,723.0833333333334,39,32,15.23913043478261,943.1521739130436,1,NERIS_BOTNET
2011-08-10T12:47:00+00:00,2011-08-10T12:48:00+00:00,CTU13_PCAP,724,52411,11,41,54,21,713,8,3,72.39088397790056,106.47837419420804,60,1819,0.0823362724414999,0.1448833245817826,236,478,15,5,157,417,307,31303.17787876284,21107.822121237157,8.022207671945745,0.49372384937238495,0.021037868162692847,0.0070126227208976155,12.066666666666666,873.5166666666667,50,40,13.163636363636364,952.9272727272728,1,NERIS_BOTNET
2011-08-10T12:48:00+00:00,2011-08-10T12:49:00+00:00,CTU13_PCAP,719,112963,10,38,50,25,714,5,0,157.11126564673157,415.15684168413554,60,4434,0.0834065874971055,0.1922147760924266,223,492,16,22,150,554,165,82660.12223875966,30302.87776124034,7.917136788368225,0.4532520325203252,0.022408963585434174,0.03081232492997199,11.983333333333333,1882.7166666666667,46,37,13.314814814814817,2091.9074074074074,1,NERIS_BOTNET
2011-08-10T12:49:00+00:00,2011-08-10T12:50:00+00:00,CTU13_PCAP,863,101363,12,36,54,26,846,17,0,117.4542294322132,279.0333960045283,60,2974,0.0693162842858971,0.1420280448105201,238,616,7,30,198,530,333,67034.98447335587,34328.015526644114,9.802312199886028,0.38636363636363635,0.008274231678486997,0.03546099290780142,14.383333333333333,1689.3833333333334,46,35,16.596153846153847,1949.2884615384612,1,NERIS_BOTNET
2011-08-10T12:50:00+00:00,2011-08-10T12:51:00+00:00,CTU13_PCAP,727,47188,8,34,47,20,722,5,0,64.90784044016506,30.50502980849071,60,476,0.0820978029371949,0.1368116992055288,211,510,8,6,187,410,317,26898.355303291926,20289.644696708077,9.653352351898842,0.4137254901960784,0.0110803324099723,0.008310249307479225,12.116666666666667,786.4666666666667,40,33,15.46808510638298,1004.0,1,NERIS_BOTNET
2011-08-10T12:51:00+00:00,2011-08-10T12:52:00+00:00,CTU13_PCAP,768,48935,8,37,56,20,746,22,0,63.71744791666666,17.40890300689671,60,243,0.0773214224575395,0.1532165766028203,230,516,8,15,166,508,260,33008.62338066884,15926.376619331164,7.899726984717629,0.44573643410852715,0.010723860589812333,0.020107238605898123,12.8,815.5833333333334,43,37,13.963636363636365,889.7272727272727,1,NERIS_BOTNET
2011-08-10T12:52:00+00:00,2011-08-10T12:53:00+00:00,CTU13_PCAP,527,37406,6,31,44,13,523,2,2,70.97912713472486,112.142468095995,60,1819,0.1134033973679343,0.2165343116931617,210,315,0,6,106,332,195,24261.366666666665,13144.633333333331,8.382361253102621,0.6666666666666666,0.0,0.011472275334608031,8.783333333333333,623.4333333333333,35,31,11.71111111111111,831.2444444444444,1,NERIS_BOTNET
2011-08-10T12:53:00+00:00,2011-08-10T12:54:00+00:00,CTU13_PCAP,552,36535,9,34,49,16,544,5,3,66.18659420289855,77.66314969330438,60,1819,0.1085716276116899,0.2105579602770325,233,312,4,6,103,350,202,23462.285067873305,13072.714932126695,7.1608338444321245,0.7467948717948718,0.007352941176470588,0.011029411764705883,9.2,608.9166666666666,41,35,10.22222222222222,676.574074074074,1,NERIS_BOTNET
2011-08-10T12:54:00+00:00,2011-08-10T12:55:00+00:00,CTU13_PCAP,888,229077,6,32,55,18,886,2,0,257.9695945945946,668.6955115286586,60,5894,0.0674610102996482,0.1636225693580911,261,624,9,17,170,591,297,157355.42356231844,71721.57643768158,6.966161974271139,0.4182692307692308,0.010158013544018058,0.019187358916478554,14.8,3817.95,36,31,14.8,3817.95,1,NERIS_BOTNET
2011-08-10T12:55:00+00:00,2011-08-10T12:56:00+00:00,CTU13_PCAP,793,132473,10,36,61,30,788,5,0,167.0529634300126,492.882398737816,60,4434,0.0753617449240251,0.1974644442549522,278,512,24,11,153,527,266,86548.96314427262,45924.036855727405,8.662202804807633,0.54296875,0.030456852791878174,0.013959390862944163,13.216666666666669,2207.883333333333,44,35,12.587301587301589,2102.746031746032,1,NERIS_BOTNET
2011-08-10T12:56:00+00:00,2011-08-10T12:57:00+00:00,CTU13_PCAP,534,35411,8,36,50,23,532,2,0,66.312734082397,78.93942082344236,60,1819,0.1112268856721344,0.2169321336111815,216,319,6,15,103,339,195,22708.41510583882,12702.58489416118,7.434896950721741,0.677115987460815,0.011278195488721804,0.02819548872180451,8.9,590.1833333333333,42,35,10.68,708.22,1,NERIS_BOTNET
2011-08-10T12:57:00+00:00,2011-08-10T12:58:00+00:00,CTU13_PCAP,519,35846,8,32,46,18,514,5,0,69.0674373795761,85.57614598947409,60,1819,0.1132888375101862,0.2172170788601501,224,293,5,5,95,335,184,23481.35383244207,12364.646167557932,8.467198356669,0.764505119453925,0.009727626459143969,0.009727626459143969,8.65,597.4333333333333,38,31,11.04255319148936,762.6808510638298,1,NERIS_BOTNET
2011-08-10T12:58:00+00:00,2011-08-10T12:59:00+00:00,CTU13_PCAP,524,37431,8,35,58,23,519,5,0,71.43320610687023,112.57805317938222,60,1819,0.1121937435398138,0.2280844147024791,240,280,10,11,89,346,178,24351.9871657754,13079.012834224604,7.2000139227935245,0.8571428571428571,0.019267822736030827,0.02119460500963391,8.733333333333333,623.85,41,34,9.357142857142858,668.4107142857143,1,NERIS_BOTNET
2011-08-10T12:59:00+00:00,2011-08-10T13:00:00+00:00,CTU13_PCAP,562,37501,6,36,63,30,560,2,0,66.72775800711744,77.82500841066047,60,1819,0.1063870159699955,0.2005855696502894,230,329,38,4,98,332,230,21416.6231884058,16084.376811594217,5.661651615112547,0.6990881458966566,0.06785714285714285,0.007142857142857143,9.366666666666667,625.0166666666667,40,35,8.920634920634921,595.2539682539683,1,NERIS_BOTNET
2011-08-10T13:00:00+00:00,2011-08-10T13:01:00+00:00,CTU13_PCAP,662,52544,9,39,81,40,660,2,0,79.37160120845921,165.88584227663577,60,2905,0.0904271754121996,0.1938219551379457,294,371,51,9,106,425,237,34694.6705882353,17849.3294117647,5.100445400049657,0.7924528301886793,0.07727272727272727,0.013636363636363636,11.033333333333331,875.7333333333333,46,38,8.17283950617284,648.6913580246913,1,NERIS_BOTNET
2011-08-10T13:01:00+00:00,2011-08-10T13:02:00+00:00,CTU13_PCAP,379,28784,7,34,66,36,374,5,0,75.94722955145119,132.7032015269068,60,1819,0.1583548014756863,0.3484047115032319,214,158,44,7,38,271,108,20408.18039215687,8375.819607843136,5.598764624446631,1.3544303797468353,0.11764705882352941,0.01871657754010695,6.316666666666666,479.73333333333335,39,33,5.921875,449.75,1,NERIS_BOTNET
2011-08-10T13:02:00+00:00,2011-08-10T13:03:00+00:00,CTU13_PCAP,461,38301,6,33,62,20,459,2,0,83.0824295010846,168.74551085973303,60,1819,0.1301050455673881,0.2975216850360458,264,199,8,12,61,351,110,28769.66576729865,9531.334232701343,7.09227258583595,1.3266331658291457,0.017429193899782137,0.026143790849673203,7.683333333333334,638.35,37,32,7.948275862068965,660.3620689655172,1,NERIS_BOTNET
2011-08-10T13:03:00+00:00,2011-08-10T13:04:00+00:00,CTU13_PCAP,622,41993,10,38,63,24,613,9,0,67.5128617363344,76.67347769498015,60,1819,0.0964351514303357,0.2039722600656316,267,350,8,11,109,501,121,33598.024438502674,8394.975561497327,9.473266423758814,0.7628571428571429,0.013050570962479609,0.01794453507340946,10.366666666666667,699.8833333333333,46,37,10.542372881355933,711.7457627118644,1,NERIS_BOTNET
2011-08-10T13:04:00+00:00,2011-08-10T13:05:00+00:00,CTU13_PCAP,495,33714,6,31,48,16,493,2,0,68.10909090909091,84.84021951084462,60,1819,0.1204842063579482,0.2891025377748829,242,253,4,5,84,337,158,23105.520499108738,10608.479500891266,8.648843359947204,0.9565217391304348,0.008113590263691683,0.010141987829614604,8.25,561.9,35,30,9.9,674.28,1,NERIS_BOTNET
2011-08-10T13:05:00+00:00,2011-08-10T13:06:00+00:00,CTU13_PCAP,935,163109,13,35,58,30,912,23,0,174.44812834224598,371.4643306074073,60,4434,0.0639183105186936,0.1672975504163258,309,620,10,24,178,621,314,106760.48598971032,56348.51401028968,9.852659140060195,0.49838709677419357,0.010964912280701754,0.02631578947368421,15.583333333333334,2718.483333333333,46,34,13.955223880597014,2434.4626865671644,1,NERIS_BOTNET
2011-08-10T13:06:00+00:00,2011-08-10T13:07:00+00:00,CTU13_PCAP,777,122596,14,38,65,27,763,14,0,157.78120978120978,336.0863842302239,60,2974,0.0755731804469197,0.1952647902976418,317,455,11,15,145,551,226,83362.77312456335,39233.226875436645,7.922388931115468,0.6967032967032967,0.014416775884665793,0.019659239842726082,12.95,2043.2666666666669,50,37,10.791666666666666,1702.7222222222222,1,NERIS_BOTNET
2011-08-10T13:07:00+00:00,2011-08-10T13:08:00+00:00,CTU13_PCAP,972,431673,13,43,77,26,952,7,13,444.108024691358,878.8649091038526,60,5894,0.0616921482321899,0.2139842296319888,290,670,13,16,168,605,367,203429.29759853616,228243.70240146384,6.167209589922869,0.43283582089552236,0.01365546218487395,0.01680672268907563,16.2,7194.55,54,43,12.0,5329.2962962962965,1,NERIS_BOTNET
2011-08-10T13:08:00+00:00,2011-08-10T13:09:00+00:00,CTU13_PCAP,1665,785931,19,49,89,44,1613,52,0,472.0306306306306,790.8359766757626,60,5975,0.0360191003061257,0.1265305399457987,364,1275,22,34,334,1103,562,409910.1876907679,376020.812309232,7.406517530481021,0.28549019607843135,0.013639181649101054,0.021078735275883446,27.75,13098.85,66,48,17.34375,8186.78125,1,NERIS_BOTNET
2011-08-10T13:09:00+00:00,2011-08-10T13:10:00+00:00,CTU13_PCAP,994,229647,19,39,77,41,980,11,3,231.03319919517105,578.5340019853159,60,7354,0.0591602779227081,0.1794819195386372,295,694,18,40,212,677,317,144154.31806716096,85492.68193283908,7.872334396516955,0.4250720461095101,0.018367346938775512,0.04081632653061224,16.566666666666666,3827.45,56,39,13.432432432432432,3103.337837837838,1,NERIS_BOTNET
2011-08-10T13:10:00+00:00,2011-08-10T13:11:00+00:00,CTU13_PCAP,1438,214808,16,41,89,39,1410,28,0,149.3796940194715,284.4024292884357,60,1819,0.0416030069150772,0.1417810160714288,381,1058,8,48,488,1010,428,147397.80116024445,67410.1988397556,9.918900122362023,0.3601134215500945,0.005673758865248227,0.03404255319148936,23.966666666666665,3580.133333333333,55,40,16.91764705882353,2527.1529411764704,1,NERIS_BOTNET
2011-08-10T13:11:00+00:00,2011-08-10T13:12:00+00:00,CTU13_PCAP,1110,188273,18,44,94,48,1086,23,1,169.6153153153153,321.3955335013701,60,1819,0.0540460342754642,0.200967550271346,367,752,28,54,235,799,311,128205.14583807466,60067.85416192535,8.513117097318172,0.488031914893617,0.02578268876611418,0.049723756906077346,18.5,3137.883333333333,60,44,11.5625,1961.1770833333333,1,NERIS_BOTNET
2011-08-10T13:12:00+00:00,2011-08-10T13:13:00+00:00,CTU13_PCAP,919,106569,21,48,97,43,878,41,0,115.96191512513602,231.84072913437728,60,2974,0.065160329045813,0.1899038895766776,353,543,22,26,217,700,219,77935.85218561222,28633.147814387776,7.420838157782394,0.6500920810313076,0.025056947608200455,0.029612756264236904,15.316666666666666,1776.15,67,47,10.325842696629213,1197.4044943820224,1,NERIS_BOTNET
2011-08-10T13:13:00+00:00,2011-08-10T13:14:00+00:00,CTU13_PCAP,1532,460772,13,40,81,36,1521,11,0,300.76501305483026,693.1706287049036,60,5894,0.0391474629756596,0.1262564385767228,280,1253,8,34,573,999,533,312949.2505877937,147822.74941220626,10.793970505396524,0.22346368715083798,0.005259697567389875,0.022353714661406968,25.53333333333333,7679.533333333334,51,39,21.27777777777778,6399.611111111111,1,NERIS_BOTNET
2011-08-10T13:14:00+00:00,2011-08-10T13:15:00+00:00,CTU13_PCAP,2766,664826,15,42,98,56,2750,16,0,240.3564714389009,580.3259956390436,60,5894,0.0216627547796984,0.08248342596245,342,2429,30,78,1199,1901,865,459412.08813083713,205413.9118691628,10.697619202372792,0.1407986825854261,0.01090909090909091,0.028363636363636365,46.1,11080.433333333332,55,41,30.395604395604398,7305.780219780219,1,NERIS_BOTNET
2011-08-10T13:15:00+00:00,2011-08-10T13:16:00+00:00,CTU13_PCAP,2152,398555,21,47,110,62,2120,32,0,185.2021375464684,496.904673166556,60,7354,0.0278441943661216,0.0962283670874048,420,1724,54,82,797,1460,692,267363.25657040847,131191.74342959165,10.888987342130791,0.24361948955916474,0.02547169811320755,0.038679245283018866,35.86666666666667,6642.583333333333,66,46,20.893203883495147,3869.466019417476,1,NERIS_BOTNET
2011-08-10T13:16:00+00:00,2011-08-10T13:17:00+00:00,CTU13_PCAP,2281,437784,20,45,107,61,2250,31,0,191.92634809294168,536.3023905509727,60,9186,0.0262452043985065,0.0999789110160253,412,1882,20,82,842,1546,735,299302.8096513449,138481.19034865513,10.674204277542405,0.21891604675876727,0.008888888888888889,0.036444444444444446,38.016666666666666,7296.4,63,44,21.5188679245283,4130.037735849057,1,NERIS_BOTNET
2011-08-10T13:17:00+00:00,2011-08-10T13:18:00+00:00,CTU13_PCAP,2579,1462105,18,50,102,53,2562,17,0,566.9271035284994,997.521232294156,60,8814,0.0231338825403395,0.0851234582741558,361,2197,78,66,554,1843,736,1045368.123671603,416736.87632839713,7.413530288910379,0.16431497496586253,0.03044496487119438,0.02576112412177986,42.98333333333333,24368.416666666668,66,49,26.316326530612244,14919.438775510203,1,NERIS_BOTNET
2011-08-10T13:18:00+00:00,2011-08-10T13:19:00+00:00,CTU13_PCAP,1968,971452,19,46,90,49,1921,47,0,493.6239837398374,864.7709362771499,60,8814,0.0301663726492466,0.1130062636949163,289,1648,41,34,479,1344,624,662752.1461947423,308699.8538052576,9.070382856460938,0.17536407766990292,0.021343050494534097,0.017699115044247787,32.8,16190.866666666669,63,45,23.710843373493976,11704.240963855422,1,NERIS_BOTNET
2011-08-10T13:19:00+00:00,2011-08-10T13:20:00+00:00,CTU13_PCAP,1291,780747,10,37,67,26,1286,5,0,604.7614252517428,823.9365243871597,60,5894,0.0464721945829169,0.1491025092714565,244,1047,5,26,218,989,302,569705.0074193226,211041.99258067732,8.563812429622068,0.23304680038204392,0.0038880248833592537,0.02021772939346812,21.516666666666666,13012.45,45,36,21.88135593220339,13233.0,1,NERIS_BOTNET
2011-08-10T13:20:00+00:00,2011-08-10T13:21:00+00:00,CTU13_PCAP,664,95912,13,43,65,25,653,11,0,144.44578313253012,302.8549646128519,60,2017,0.0899394435940105,0.2042650491937907,272,393,8,18,112,466,198,63938.45365223012,31973.54634776988,8.676997943719227,0.6921119592875318,0.01225114854517611,0.027565084226646247,11.066666666666666,1598.5333333333333,54,42,11.066666666666666,1598.5333333333333,1,NERIS_BOTNET
2011-08-10T13:21:00+00:00,2011-08-10T13:22:00+00:00,CTU13_PCAP,2169,1281645,23,50,100,50,2126,43,0,590.8921161825726,854.0964129946137,60,8814,0.0273924026761987,0.1071556476450987,358,1793,26,55,424,1370,799,730989.6395453354,550655.3604546646,8.554699104765188,0.1996653653095371,0.012229539040451553,0.025870178739416744,36.15,21360.75,71,49,23.57608695652174,13930.923913043478,1,NERIS_BOTNET
2011-08-10T13:22:00+00:00,2011-08-10T13:23:00+00:00,CTU13_PCAP,2211,566022,153,188,67,31,1025,1184,2,256.00271370420626,534.3665029434259,60,8814,0.0270090669528391,0.1026929870260223,241,790,10,18,195,1439,772,269251.8945665876,296770.1054334122,3.321411819273723,0.3050632911392405,0.00975609756097561,0.0175609756097561,36.85,9433.7,339,188,10.681159420289855,2734.405797101449,1,NERIS_BOTNET
2011-08-10T13:23:00+00:00,2011-08-10T13:24:00+00:00,CTU13_PCAP,768,79730,38,68,54,25,536,222,10,103.81510416666669,249.1701010374857,60,3238,0.0778332347198446,0.1738865962576844,216,322,8,9,120,515,253,53445.38441558442,26284.615584415587,7.986239767074585,0.6708074534161491,0.014925373134328358,0.016791044776119403,12.8,1328.8333333333333,104,67,9.6,996.625,1,NERIS_BOTNET
2011-08-10T13:24:00+00:00,2011-08-10T13:25:00+00:00,CTU13_PCAP,1761,197604,125,161,47,16,466,1289,6,112.21124361158432,185.1729848238164,60,2974,0.0335493369535966,0.0967279766626259,190,276,0,3,91,1187,574,132838.33866709162,64765.66133290828,7.10433059828622,0.6884057971014492,0.0,0.006437768240343348,29.35,3293.4,284,160,10.062857142857142,1129.1657142857143,1,NERIS_BOTNET
2011-08-10T13:25:00+00:00,2011-08-10T13:26:00+00:00,CTU13_PCAP,1633,184335,86,121,50,20,793,837,3,112.88120024494796,233.70107063972824,60,4434,0.0366336183220732,0.0868711595959351,208,585,4,6,198,1093,540,124037.437614291,60297.562385709,8.307611528810087,0.35555555555555557,0.005044136191677175,0.007566204287515763,27.216666666666665,3072.25,205,120,11.41958041958042,1289.055944055944,1,NERIS_BOTNET
2011-08-10T13:26:00+00:00,2011-08-10T13:27:00+00:00,CTU13_PCAP,2595,296950,175,214,50,19,878,1715,2,114.43159922928707,188.3430075188816,60,2974,0.0230696102979096,0.0560718395153269,208,672,4,4,220,1629,966,192837.62539682543,104112.37460317464,6.407465780997763,0.30952380952380953,0.004555808656036446,0.004555808656036446,43.25,4949.166666666667,387,213,10.591836734693878,1212.0408163265306,1,NERIS_BOTNET
2011-08-10T13:27:00+00:00,2011-08-10T13:28:00+00:00,CTU13_PCAP,1871,212570,96,134,45,20,773,1093,5,113.61304115446283,228.3026766266401,60,4434,0.0319708919780139,0.0745455858639733,183,591,2,3,197,1163,708,136932.4292207792,75637.57077922078,6.894850921946645,0.3096446700507614,0.00258732212160414,0.0038809831824062097,31.183333333333334,3542.833333333333,228,133,12.390728476821192,1407.7483443708609,1,NERIS_BOTNET
2011-08-10T13:28:00+00:00,2011-08-10T13:29:00+00:00,CTU13_PCAP,1782,197304,96,130,43,15,753,1028,1,110.72053872053873,232.99708194620143,60,4434,0.0335801488425476,0.0805156801608069,188,565,0,0,188,1099,683,127696.44219217377,69607.5578078262,5.5336818244006185,0.3327433628318584,0.0,0.0,29.7,3288.4,224,129,12.04054054054054,1333.1351351351352,1,NERIS_BOTNET
2011-08-10T13:29:00+00:00,2011-08-10T13:30:00+00:00,CTU13_PCAP,2016,224190,135,174,50,19,764,1250,2,111.20535714285714,228.11274426976928,60,4434,0.029723594561404,0.0802347043367215,205,560,0,3,187,1377,639,154159.26917130488,70030.73082869512,4.491099116741083,0.36607142857142855,0.0,0.003926701570680628,33.6,3736.5,307,173,10.33846153846154,1149.6923076923076,1,NERIS_BOTNET
2011-08-10T13:30:00+00:00,2011-08-10T13:31:00+00:00,CTU13_PCAP,2248,261689,113,151,49,21,816,1427,5,116.4096975088968,202.34939444596492,60,4434,0.0266291949820083,0.0739340025036309,218,596,11,9,192,1531,717,177166.9642642818,84522.03573571818,5.761694443496791,0.36577181208053694,0.013480392156862746,0.011029411764705883,37.46666666666667,4361.483333333334,262,150,12.772727272727272,1486.8693181818182,1,NERIS_BOTNET
2011-08-10T13:31:00+00:00,2011-08-10T13:32:00+00:00,CTU13_PCAP,1750,203564,122,156,44,19,451,1297,2,116.32228571428573,220.87809725322265,60,4434,0.0335352321295413,0.1151285308630644,199,253,3,0,84,1204,546,139697.24171921145,63866.758280788585,6.996977134569157,0.7865612648221344,0.0066518847006651885,0.0,29.166666666666668,3392.733333333333,276,155,10.355029585798816,1204.5207100591715,1,NERIS_BOTNET
2011-08-10T13:32:00+00:00,2011-08-10T13:33:00+00:00,CTU13_PCAP,998,104877,41,77,50,20,559,438,1,105.0871743486974,191.6629562367713,60,1819,0.0600608004968886,0.1359453922353261,188,373,0,6,123,651,347,69952.12030294862,34924.87969705139,11.951380635416784,0.5040214477211796,0.0,0.01073345259391771,16.633333333333333,1747.95,116,77,11.604651162790695,1219.5,1,NERIS_BOTNET
2011-08-10T13:33:00+00:00,2011-08-10T13:34:00+00:00,CTU13_PCAP,1088,85227,20,52,45,17,779,309,0,78.33363970588235,66.60073562669746,60,778,0.0550668445769646,0.0991484025906921,187,589,8,6,206,709,379,56064.02802342908,29162.971976570927,12.54125470226094,0.3174872665534805,0.010269576379974325,0.007702182284980745,18.133333333333333,1420.45,70,51,18.440677966101696,1444.5254237288136,1,NERIS_BOTNET
2011-08-10T13:34:00+00:00,2011-08-10T13:35:00+00:00,CTU13_PCAP,1593,159251,76,109,51,17,871,722,0,99.96924042686754,211.84746418317536,60,4434,0.0376101991339544,0.0797501154899681,219,653,0,0,219,946,647,100049.5116546894,59201.48834531063,4.374912198910043,0.33537519142419603,0.0,0.0,26.55,2654.1833333333334,183,108,13.165289256198347,1316.1239669421489,1,NERIS_BOTNET
2011-08-10T13:35:00+00:00,2011-08-10T13:36:00+00:00,CTU13_PCAP,1307,122547,49,84,52,17,847,460,0,93.76205049732212,153.65220964394135,60,2546,0.0458703698279481,0.0881801305435068,203,645,0,3,221,859,448,82001.79011037362,40545.20988962641,6.702254112143265,0.3147286821705426,0.0,0.0035419126328217238,21.78333333333333,2042.45,131,84,13.757894736842106,1289.9684210526316,1,NERIS_BOTNET
2011-08-10T13:36:00+00:00,2011-08-10T13:37:00+00:00,CTU13_PCAP,1045,78293,18,52,44,17,790,255,0,74.92153110047848,83.53632316308808,60,1514,0.0572171042248663,0.093634411887015,181,610,0,3,213,588,457,45937.82024427337,32355.179755726636,17.25947251490184,0.2967213114754098,0.0,0.0037974683544303796,17.416666666666668,1304.8833333333334,68,51,18.660714285714285,1398.0892857142858,1,NERIS_BOTNET
2011-08-10T13:37:00+00:00,2011-08-10T13:38:00+00:00,CTU13_PCAP,944,65448,19,50,49,17,730,211,3,69.33050847457628,40.50335936784055,60,738,0.0634000594643747,0.1102932899759688,200,530,0,0,188,622,322,43408.64777375385,22039.35222624615,16.548012865914238,0.37735849056603776,0.0,0.0,15.733333333333333,1090.8,67,50,14.984126984126984,1038.857142857143,1,NERIS_BOTNET
2011-08-10T13:38:00+00:00,2011-08-10T13:39:00+00:00,CTU13_PCAP,965,70597,16,52,62,20,786,179,0,73.15751295336787,92.33993324976512,60,1819,0.0620838435853665,0.1101710205609818,266,520,7,6,178,587,378,44482.002683312174,26114.99731668782,11.16793413358192,0.5115384615384615,0.008905852417302799,0.007633587786259542,16.083333333333332,1176.6166666666666,66,51,13.219178082191782,967.082191780822,1,NERIS_BOTNET
2011-08-10T13:39:00+00:00,2011-08-10T13:40:00+00:00,CTU13_PCAP,959,72613,10,40,52,23,785,174,0,75.71741397288842,102.54367781303242,60,1819,0.0622000418027905,0.1079209708100486,224,563,12,12,192,711,248,53331.4577771514,19281.5422228486,9.739459131278243,0.3978685612788632,0.015286624203821656,0.015286624203821656,15.983333333333333,1210.2166666666667,48,39,18.80392156862745,1423.7843137254902,1,NERIS_BOTNET
2011-08-10T13:40:00+00:00,2011-08-10T13:41:00+00:00,CTU13_PCAP,929,68119,9,38,48,21,758,171,0,73.32508073196986,77.63518939584334,60,1412,0.0644768134787164,0.120938366381846,196,562,6,6,194,505,424,37463.52751390177,30655.47248609824,11.02772735512775,0.3487544483985765,0.0079155672823219,0.0079155672823219,15.483333333333333,1135.3166666666666,45,37,20.195652173913043,1480.8478260869565,1,NERIS_BOTNET
2011-08-10T13:41:00+00:00,2011-08-10T13:42:00+00:00,CTU13_PCAP,987,75910,28,55,50,20,756,231,0,76.90982776089159,83.61425986369741,60,1313,0.0599267081363205,0.1099893855010535,215,542,0,3,192,560,427,44791.50817830817,31118.49182169182,7.634880727796412,0.3966789667896679,0.0,0.003968253968253968,16.45,1265.1666666666667,81,54,14.73134328358209,1132.9850746268658,1,NERIS_BOTNET
2011-08-10T13:42:00+00:00,2011-08-10T13:43:00+00:00,CTU13_PCAP,1206,109129,71,106,50,22,674,528,4,90.48839137645108,134.87566086989384,60,2974,0.0496238291016258,0.1157040556223417,215,462,5,7,155,764,442,71681.46599046385,37447.53400953615,5.566596360042177,0.4653679653679654,0.00741839762611276,0.010385756676557863,20.1,1818.8166666666664,175,106,10.39655172413793,940.7672413793103,1,NERIS_BOTNET
2011-08-10T13:43:00+00:00,2011-08-10T13:44:00+00:00,CTU13_PCAP,810,64057,14,43,52,21,597,206,7,79.08271604938271,113.06613086233486,60,1819,0.074025544012138,0.1437910391352825,240,361,6,7,126,646,164,50544.53465082822,13512.465349171778,15.365853563187615,0.6648199445983379,0.010050251256281407,0.011725293132328308,13.5,1067.6166666666666,55,42,12.857142857142858,1016.7777777777778,1,NERIS_BOTNET
2011-08-10T13:44:00+00:00,2011-08-10T13:45:00+00:00,CTU13_PCAP,1004,65833,13,44,63,19,799,200,5,65.5707171314741,16.556855415165963,60,315,0.0596052504489096,0.1082922528515105,262,539,5,3,182,629,375,42026.485714285714,23806.51428571429,14.863809585571287,0.48608534322820035,0.006257822277847309,0.0037546933667083854,16.733333333333334,1097.2166666666667,55,43,13.944444444444445,914.3472222222222,1,NERIS_BOTNET
2011-08-10T13:45:00+00:00,2011-08-10T13:46:00+00:00,CTU13_PCAP,978,76419,18,48,62,20,775,200,3,78.13803680981596,187.40969294910764,60,4434,0.0612400644511259,0.1141621753172282,259,517,2,3,175,616,362,49677.34072318217,26741.65927681784,9.88805688201607,0.5009671179883946,0.0025806451612903226,0.003870967741935484,16.3,1273.65,64,47,12.7012987012987,992.4545454545456,1,NERIS_BOTNET
2011-08-10T13:46:00+00:00,2011-08-10T13:47:00+00:00,CTU13_PCAP,1938,220128,98,128,52,19,564,1369,5,113.58513931888544,262.43579435143585,60,5894,0.0309425079767151,0.1032854330834653,234,332,4,9,100,1297,641,150150.42753704387,69977.57246295623,4.367304058074951,0.7048192771084337,0.0070921985815602835,0.015957446808510637,32.3,3668.8,224,128,12.92,1467.52,1,NERIS_BOTNET
2011-08-10T13:47:00+00:00,2011-08-10T13:48:00+00:00,CTU13_PCAP,3254,415774,209,239,49,24,783,2459,12,127.77320221266136,239.6408887680159,60,4434,0.0183572065562715,0.0641092989040807,266,519,12,13,146,2265,989,282515.9176386826,133258.0823613174,5.3104307173060725,0.51252408477842,0.01532567049808429,0.016602809706257982,54.23333333333333,6929.566666666667,446,238,11.068027210884354,1414.1972789115646,1,NERIS_BOTNET
2011-08-10T13:48:00+00:00,2011-08-10T13:49:00+00:00,CTU13_PCAP,2145,276409,148,177,44,19,542,1591,12,128.8620046620047,290.23045513492,60,5442,0.0266258255092065,0.1031956238556789,186,358,0,4,107,1506,639,191565.71379403432,84843.28620596562,5.174750958573762,0.5195530726256983,0.0,0.007380073800738007,35.75,4606.816666666667,323,176,10.165876777251183,1309.995260663507,1,NERIS_BOTNET
2011-08-10T13:49:00+00:00,2011-08-10T13:50:00+00:00,CTU13_PCAP,9,792,4,1,4,4,6,3,0,88.0,56.095157247900346,60,246,3.3735502660274506,3.0744379723311903,3,3,1,0,2,9,0,792.0,0.0,4.833896815776825,1.0,0.16666666666666666,0.0,0.15,13.2,4,4,2.25,198.0,1,NERIS_BOTNET
