0,1,2,3,4,5,6,7,8,9,10,11,12,13,14,15,16,17,18,19,20,21,22,23,24,25,26,27,28,29,30,31,32,33,34,35,36,37,38,39,40,41,42,43,44,45,46,47,48,49,50,51,52,53,54,55,56,57,58,59,60,61,62,63,64,65,66,67,68,69,70,71
1654.0,930731.0,732586769.0,1279.3881594050786,16741.507769086827,165328.52213298067,4714169.049129772,643350.5186438668,0.02577470572959125,0.3200658660457094,0.2761783673242957,0.4198413764515842,10191.0,405862.0,83439709.0,1235.6530180582868,16741.507769086827,165328.52213298067,4714169.049129772,643350.5186438668,0.02577470572959125,0.3200658660457094,0.2761783673242957,0.4198413764515842,8657.0,234592.0,151787302.0,1110.4049347034768,16741.507769086827,165328.52213298067,4714169.049129772,643350.5186438668,0.02577470572959125,0.3200658660457094,0.2761783673242957,0.4198413764515842,9321.0,126459.0,32235116.0,922.117819277009,16741.507769086827,165328.52213298067,4714169.049129772,643350.5186438668,0.02577470572959125,0.3200658660457094,0.2761783673242957,0.4198413764515842,9194.0,115358.0,48639643.0,897.5732357643028,16741.507769086827,165328.52213298067,4714169.049129772,643350.5186438668,0.02577470572959125,0.3200658660457094,0.2761783673242957,0.4198413764515842,8449.0,115509.0,50581943.0,919.3470909518286,16741.507769086827,165328.52213298067,4714169.049129772,643350.5186438668,0.02577470572959125,0.3200658660457094,0.2761783673242957,0.4198413764515842
10191.0,405862.0,83439709.0,1235.6530180582868,16741.507769086827,165328.52213298067,4714169.049129772,643350.5186438668,0.02577470572959125,0.3200658660457094,0.2761783673242957,0.4198413764515842,8657.0,234592.0,151787302.0,1110.4049347034768,16741.507769086827,165328.52213298067,4714169.049129772,643350.5186438668,0.02577470572959125,0.3200658660457094,0.2761783673242957,0.4198413764515842,9321.0,126459.0,32235116.0,922.117819277009,16741.507769086827,165328.52213298067,4714169.049129772,643350.5186438668,0.02577470572959125,0.3200658660457094,0.2761783673242957,0.4198413764515842,9194.0,115358.0,48639643.0,897.5732357643028,16741.507769086827,165328.52213298067,4714169.049129772,643350.5186438668,0.02577470572959125,0.3200658660457094,0.2761783673242957,0.4198413764515842,8449.0,115509.0,50581943.0,919.3470909518286,16741.507769086827,165328.52213298067,4714169.049129772,643350.5186438668,0.02577470572959125,0.3200658660457094,0.2761783673242957,0.4198413764515842,9524.0,224824.0,176224159.0,854.4613882233306,16741.507769086827,165328.52213298067,4714169.049129772,643350.5186438668,0.02577470572959125,0.3200658660457094,0.2761783673242957,0.4198413764515842
8657.0,234592.0,151787302.0,1110.4049347034768,16741.507769086827,165328.52213298067,4714169.049129772,643350.5186438668,0.02577470572959125,0.3200658660457094,0.2761783673242957,0.4198413764515842,9321.0,126459.0,32235116.0,922.117819277009,16741.507769086827,165328.52213298067,4714169.049129772,643350.5186438668,0.02577470572959125,0.3200658660457094,0.2761783673242957,0.4198413764515842,9194.0,115358.0,48639643.0,897.5732357643028,16741.507769086827,165328.52213298067,4714169.049129772,643350.5186438668,0.02577470572959125,0.3200658660457094,0.2761783673242957,0.4198413764515842,8449.0,115509.0,50581943.0,919.3470909518286,16741.507769086827,165328.52213298067,4714169.049129772,643350.5186438668,0.02577470572959125,0.3200658660457094,0.2761783673242957,0.4198413764515842,9524.0,224824.0,176224159.0,854.4613882233306,16741.507769086827,165328.52213298067,4714169.049129772,643350.5186438668,0.02577470572959125,0.3200658660457094,0.2761783673242957,0.4198413764515842,8391.0,76048.0,29535839.0,870.024378142772,16741.507769086827,165328.52213298067,4714169.049129772,643350.5186438668,0.02577470572959125,0.3200658660457094,0.2761783673242957,0.4198413764515842
9321.0,126459.0,32235116.0,922.117819277009,16741.507769086827,165328.52213298067,4714169.049129772,643350.5186438668,0.02577470572959125,0.3200658660457094,0.2761783673242957,0.4198413764515842,9194.0,115358.0,48639643.0,897.5732357643028,16741.507769086827,165328.52213298067,4714169.049129772,643350.5186438668,0.02577470572959125,0.3200658660457094,0.2761783673242957,0.4198413764515842,8449.0,115509.0,50581943.0,919.3470909518286,16741.507769086827,165328.52213298067,4714169.049129772,643350.5186438668,0.02577470572959125,0.3200658660457094,0.2761783673242957,0.4198413764515842,9524.0,224824.0,176224159.0,854.4613882233306,16741.507769086827,165328.52213298067,4714169.049129772,643350.5186438668,0.02577470572959125,0.3200658660457094,0.2761783673242957,0.4198413764515842,8391.0,76048.0,29535839.0,870.024378142772,16741.507769086827,165328.52213298067,4714169.049129772,643350.5186438668,0.02577470572959125,0.3200658660457094,0.2761783673242957,0.4198413764515842,8534.0,1081942.0,892950079.0,860.3779481495196,16741.507769086827,165328.52213298067,4714169.049129772,643350.5186438668,0.02577470572959125,0.3200658660457094,0.2761783673242957,0.4198413764515842
9194.0,115358.0,48639643.0,897.5732357643028,16741.507769086827,165328.52213298067,4714169.049129772,643350.5186438668,0.02577470572959125,0.3200658660457094,0.2761783673242957,0.4198413764515842,8449.0,115509.0,50581943.0,919.3470909518286,16741.507769086827,165328.52213298067,4714169.049129772,643350.5186438668,0.02577470572959125,0.3200658660457094,0.2761783673242957,0.4198413764515842,9524.0,224824.0,176224159.0,854.4613882233306,16741.507769086827,165328.52213298067,4714169.049129772,643350.5186438668,0.02577470572959125,0.3200658660457094,0.2761783673242957,0.4198413764515842,8391.0,76048.0,29535839.0,870.024378142772,16741.507769086827,165328.52213298067,4714169.049129772,643350.5186438668,0.02577470572959125,0.3200658660457094,0.2761783673242957,0.4198413764515842,8534.0,1081942.0,892950079.0,860.3779481495196,16741.507769086827,165328.52213298067,4714169.049129772,643350.5186438668,0.02577470572959125,0.3200658660457094,0.2761783673242957,0.4198413764515842,8307.0,106330.0,57322363.0,852.180794847478,16741.507769086827,165328.52213298067,4714169.049129772,643350.5186438668,0.02577470572959125,0.3200658660457094,0.2761783673242957,0.4198413764515842
8449.0,115509.0,50581943.0,919.3470909518286,16741.507769086827,165328.52213298067,4714169.049129772,643350.5186438668,0.02577470572959125,0.3200658660457094,0.2761783673242957,0.4198413764515842,9524.0,224824.0,176224159.0,854.4613882233306,16741.507769086827,165328.52213298067,4714169.049129772,643350.5186438668,0.02577470572959125,0.3200658660457094,0.2761783673242957,0.4198413764515842,8391.0,76048.0,29535839.0,870.024378142772,16741.507769086827,165328.52213298067,4714169.049129772,643350.5186438668,0.02577470572959125,0.3200658660457094,0.2761783673242957,0.4198413764515842,8534.0,1081942.0,892950079.0,860.3779481495196,16741.507769086827,165328.52213298067,4714169.049129772,643350.5186438668,0.02577470572959125,0.3200658660457094,0.2761783673242957,0.4198413764515842,8307.0,106330.0,57322363.0,852.180794847478,16741.507769086827,165328.52213298067,4714169.049129772,643350.5186438668,0.02577470572959125,0.3200658660457094,0.2761783673242957,0.4198413764515842,8737.0,83429.0,33673990.0,768.8525045063524,16741.507769086827,165328.52213298067,4714169.049129772,643350.5186438668,0.02577470572959125,0.3200658660457094,0.2761783673242957,0.4198413764515842
9524.0,224824.0,176224159.0,854.4613882233306,16741.507769086827,165328.52213298067,4714169.049129772,643350.5186438668,0.02577470572959125,0.3200658660457094,0.2761783673242957,0.4198413764515842,8391.0,76048.0,29535839.0,870.024378142772,16741.507769086827,165328.52213298067,4714169.049129772,643350.5186438668,0.02577470572959125,0.3200658660457094,0.2761783673242957,0.4198413764515842,8534.0,1081942.0,892950079.0,860.3779481495196,16741.507769086827,165328.52213298067,4714169.049129772,643350.5186438668,0.02577470572959125,0.3200658660457094,0.2761783673242957,0.4198413764515842,8307.0,106330.0,57322363.0,852.180794847478,16741.507769086827,165328.52213298067,4714169.049129772,643350.5186438668,0.02577470572959125,0.3200658660457094,0.2761783673242957,0.4198413764515842,8737.0,83429.0,33673990.0,768.8525045063524,16741.507769086827,165328.52213298067,4714169.049129772,643350.5186438668,0.02577470572959125,0.3200658660457094,0.2761783673242957,0.4198413764515842,7126.0,95614.0,73719469.0,832.8357674079427,16741.507769086827,165328.52213298067,4714169.049129772,643350.5186438668,0.02577470572959125,0.3200658660457094,0.2761783673242957,0.4198413764515842
8391.0,76048.0,29535839.0,870.024378142772,16741.507769086827,165328.52213298067,4714169.049129772,643350.5186438668,0.02577470572959125,0.3200658660457094,0.2761783673242957,0.4198413764515842,8534.0,1081942.0,892950079.0,860.3779481495196,16741.507769086827,165328.52213298067,4714169.049129772,643350.5186438668,0.02577470572959125,0.3200658660457094,0.2761783673242957,0.4198413764515842,8307.0,106330.0,57322363.0,852.180794847478,16741.507769086827,165328.52213298067,4714169.049129772,643350.5186438668,0.02577470572959125,0.3200658660457094,0.2761783673242957,0.4198413764515842,8737.0,83429.0,33673990.0,768.8525045063524,16741.507769086827,165328.52213298067,4714169.049129772,643350.5186438668,0.02577470572959125,0.3200658660457094,0.2761783673242957,0.4198413764515842,7126.0,95614.0,73719469.0,832.8357674079427,16741.507769086827,165328.52213298067,4714169.049129772,643350.5186438668,0.02577470572959125,0.3200658660457094,0.2761783673242957,0.4198413764515842,8162.0,75341.0,36787339.0,648.0764453107082,16741.507769086827,165328.52213298067,4714169.049129772,643350.5186438668,0.02577470572959125,0.3200658660457094,0.2761783673242957,0.4198413764515842
8534.0,1081942.0,892950079.0,860.3779481495196,16741.507769086827,165328.52213298067,4714169.049129772,643350.5186438668,0.02577470572959125,0.3200658660457094,0.2761783673242957,0.4198413764515842,8307.0,106330.0,57322363.0,852.180794847478,16741.507769086827,165328.52213298067,4714169.049129772,643350.5186438668,0.02577470572959125,0.3200658660457094,0.2761783673242957,0.4198413764515842,8737.0,83429.0,33673990.0,768.8525045063524,16741.507769086827,165328.52213298067,4714169.049129772,643350.5186438668,0.02577470572959125,0.3200658660457094,0.2761783673242957,0.4198413764515842,7126.0,95614.0,73719469.0,832.8357674079427,16741.507769086827,165328.52213298067,4714169.049129772,643350.5186438668,0.02577470572959125,0.3200658660457094,0.2761783673242957,0.4198413764515842,8162.0,75341.0,36787339.0,648.0764453107082,16741.507769086827,165328.52213298067,4714169.049129772,643350.5186438668,0.02577470572959125,0.3200658660457094,0.2761783673242957,0.4198413764515842,8160.0,102893.0,54035153.0,726.8599634796568,16741.507769086827,165328.52213298067,4714169.049129772,643350.5186438668,0.02577470572959125,0.3200658660457094,0.2761783673242957,0.4198413764515842
8307.0,106330.0,57322363.0,852.180794847478,16741.507769086827,165328.52213298067,4714169.049129772,643350.5186438668,0.02577470572959125,0.3200658660457094,0.2761783673242957,0.4198413764515842,8737.0,83429.0,33673990.0,768.8525045063524,16741.507769086827,165328.52213298067,4714169.049129772,643350.5186438668,0.02577470572959125,0.3200658660457094,0.2761783673242957,0.4198413764515842,7126.0,95614.0,73719469.0,832.8357674079427,16741.507769086827,165328.52213298067,4714169.049129772,643350.5186438668,0.02577470572959125,0.3200658660457094,0.2761783673242957,0.4198413764515842,8162.0,75341.0,36787339.0,648.0764453107082,16741.507769086827,165328.52213298067,4714169.049129772,643350.5186438668,0.02577470572959125,0.3200658660457094,0.2761783673242957,0.4198413764515842,8160.0,102893.0,54035153.0,726.8599634796568,16741.507769086827,165328.52213298067,4714169.049129772,643350.5186438668,0.02577470572959125,0.3200658660457094,0.2761783673242957,0.4198413764515842,8151.0,59056.0,19178627.0,650.3452920461293,16741.507769086827,165328.52213298067,4714169.049129772,643350.5186438668,0.02577470572959125,0.3200658660457094,0.2761783673242957,0.4198413764515842
8737.0,83429.0,33673990.0,768.8525045063524,16741.507769086827,165328.52213298067,4714169.049129772,643350.5186438668,0.02577470572959125,0.3200658660457094,0.2761783673242957,0.4198413764515842,7126.0,95614.0,73719469.0,832.8357674079427,16741.507769086827,165328.52213298067,4714169.049129772,643350.5186438668,0.02577470572959125,0.3200658660457094,0.2761783673242957,0.4198413764515842,8162.0,75341.0,36787339.0,648.0764453107082,16741.507769086827,165328.52213298067,4714169.049129772,643350.5186438668,0.02577470572959125,0.3200658660457094,0.2761783673242957,0.4198413764515842,8160.0,102893.0,54035153.0,726.8599634796568,16741.507769086827,165328.52213298067,4714169.049129772,643350.5186438668,0.02577470572959125,0.3200658660457094,0.2761783673242957,0.4198413764515842,8151.0,59056.0,19178627.0,650.3452920461293,16741.507769086827,165328.52213298067,4714169.049129772,643350.5186438668,0.02577470572959125,0.3200658660457094,0.2761783673242957,0.4198413764515842,7140.0,126132.0,89946776.0,742.0692404773109,16741.507769086827,165328.52213298067,4714169.049129772,643350.5186438668,0.02577470572959125,0.3200658660457094,0.2761783673242957,0.4198413764515842
7126.0,95614.0,73719469.0,832.8357674079427,16741.507769086827,165328.52213298067,4714169.049129772,643350.5186438668,0.02577470572959125,0.3200658660457094,0.2761783673242957,0.4198413764515842,8162.0,75341.0,36787339.0,648.0764453107082,16741.507769086827,165328.52213298067,4714169.049129772,643350.5186438668,0.02577470572959125,0.3200658660457094,0.2761783673242957,0.4198413764515842,8160.0,102893.0,54035153.0,726.8599634796568,16741.507769086827,165328.52213298067,4714169.049129772,643350.5186438668,0.02577470572959125,0.3200658660457094,0.2761783673242957,0.4198413764515842,8151.0,59056.0,19178627.0,650.3452920461293,16741.507769086827,165328.52213298067,4714169.049129772,643350.5186438668,0.02577470572959125,0.3200658660457094,0.2761783673242957,0.4198413764515842,7140.0,126132.0,89946776.0,742.0692404773109,16741.507769086827,165328.52213298067,4714169.049129772,643350.5186438668,0.02577470572959125,0.3200658660457094,0.2761783673242957,0.4198413764515842,7454.0,204621.0,149521705.0,665.7566477365173,16741.507769086827,165328.52213298067,4714169.049129772,643350.5186438668,0.02577470572959125,0.3200658660457094,0.2761783673242957,0.4198413764515842
8162.0,75341.0,36787339.0,648.0764453107082,16741.507769086827,165328.52213298067,4714169.049129772,643350.5186438668,0.02577470572959125,0.3200658660457094,0.2761783673242957,0.4198413764515842,8160.0,102893.0,54035153.0,726.8599634796568,16741.507769086827,165328.52213298067,4714169.049129772,643350.5186438668,0.02577470572959125,0.3200658660457094,0.2761783673242957,0.4198413764515842,8151.0,59056.0,19178627.0,650.3452920461293,16741.507769086827,165328.52213298067,4714169.049129772,643350.5186438668,0.02577470572959125,0.3200658660457094,0.2761783673242957,0.4198413764515842,7140.0,126132.0,89946776.0,742.0692404773109,16741.507769086827,165328.52213298067,4714169.049129772,643350.5186438668,0.02577470572959125,0.3200658660457094,0.2761783673242957,0.4198413764515842,7454.0,204621.0,149521705.0,665.7566477365173,16741.507769086827,165328.52213298067,4714169.049129772,643350.5186438668,0.02577470572959125,0.3200658660457094,0.2761783673242957,0.4198413764515842,8274.0,807680.0,734365743.0,647.6945770535413,16741.507769086827,165328.52213298067,4714169.049129772,643350.5186438668,0.02577470572959125,0.3200658660457094,0.2761783673242957,0.4198413764515842
8160.0,102893.0,54035153.0,726.8599634796568,16741.507769086827,165328.52213298067,4714169.049129772,643350.5186438668,0.02577470572959125,0.3200658660457094,0.2761783673242957,0.4198413764515842,8151.0,59056.0,19178627.0,650.3452920461293,16741.507769086827,165328.52213298067,4714169.049129772,643350.5186438668,0.02577470572959125,0.3200658660457094,0.2761783673242957,0.4198413764515842,7140.0,126132.0,89946776.0,742.0692404773109,16741.507769086827,165328.52213298067,4714169.049129772,643350.5186438668,0.02577470572959125,0.3200658660457094,0.2761783673242957,0.4198413764515842,7454.0,204621.0,149521705.0,665.7566477365173,16741.507769086827,165328.52213298067,4714169.049129772,643350.5186438668,0.02577470572959125,0.3200658660457094,0.2761783673242957,0.4198413764515842,8274.0,807680.0,734365743.0,647.6945770535413,16741.507769086827,165328.52213298067,4714169.049129772,643350.5186438668,0.02577470572959125,0.3200658660457094,0.2761783673242957,0.4198413764515842,8207.0,140586.0,99385557.0,608.3368267827465,16741.507769086827,165328.52213298067,4714169.049129772,643350.5186438668,0.02577470572959125,0.3200658660457094,0.2761783673242957,0.4198413764515842
8151.0,59056.0,19178627.0,650.3452920461293,16741.507769086827,165328.52213298067,4714169.049129772,643350.5186438668,0.02577470572959125,0.3200658660457094,0.2761783673242957,0.4198413764515842,7140.0,126132.0,89946776.0,742.0692404773109,16741.507769086827,165328.52213298067,4714169.049129772,643350.5186438668,0.02577470572959125,0.3200658660457094,0.2761783673242957,0.4198413764515842,7454.0,204621.0,149521705.0,665.7566477365173,16741.507769086827,165328.52213298067,4714169.049129772,643350.5186438668,0.02577470572959125,0.3200658660457094,0.2761783673242957,0.4198413764515842,8274.0,807680.0,734365743.0,647.6945770535413,16741.507769086827,165328.52213298067,4714169.049129772,643350.5186438668,0.02577470572959125,0.3200658660457094,0.2761783673242957,0.4198413764515842,8207.0,140586.0,99385557.0,608.3368267827465,16741.507769086827,165328.52213298067,4714169.049129772,643350.5186438668,0.02577470572959125,0.3200658660457094,0.2761783673242957,0.4198413764515842,7724.0,123047.0,65034210.0,725.2769631852667,16741.507769086827,165328.52213298067,4714169.049129772,643350.5186438668,0.02577470572959125,0.3200658660457094,0.2761783673242957,0.4198413764515842
7140.0,126132.0,89946776.0,742.0692404773109,16741.507769086827,165328.52213298067,4714169.049129772,643350.5186438668,0.02577470572959125,0.3200658660457094,0.2761783673242957,0.4198413764515842,7454.0,204621.0,149521705.0,665.7566477365173,16741.507769086827,165328.52213298067,4714169.049129772,643350.5186438668,0.02577470572959125,0.3200658660457094,0.2761783673242957,0.4198413764515842,8274.0,807680.0,734365743.0,647.6945770535413,16741.507769086827,165328.52213298067,4714169.049129772,643350.5186438668,0.02577470572959125,0.3200658660457094,0.2761783673242957,0.4198413764515842,8207.0,140586.0,99385557.0,608.3368267827465,16741.507769086827,165328.52213298067,4714169.049129772,643350.5186438668,0.02577470572959125,0.3200658660457094,0.2761783673242957,0.4198413764515842,7724.0,123047.0,65034210.0,725.2769631852667,16741.507769086827,165328.52213298067,4714169.049129772,643350.5186438668,0.02577470572959125,0.3200658660457094,0.2761783673242957,0.4198413764515842,9303.0,93057.0,43988776.0,573.7239782151994,16741.507769086827,165328.52213298067,4714169.049129772,643350.5186438668,0.02577470572959125,0.3200658660457094,0.2761783673242957,0.4198413764515842
7454.0,204621.0,149521705.0,665.7566477365173,16741.507769086827,165328.52213298067,4714169.049129772,643350.5186438668,0.02577470572959125,0.3200658660457094,0.2761783673242957,0.4198413764515842,8274.0,807680.0,734365743.0,647.6945770535413,16741.507769086827,165328.52213298067,4714169.049129772,643350.5186438668,0.02577470572959125,0.3200658660457094,0.2761783673242957,0.4198413764515842,8207.0,140586.0,99385557.0,608.3368267827465,16741.507769086827,165328.52213298067,4714169.049129772,643350.5186438668,0.02577470572959125,0.3200658660457094,0.2761783673242957,0.4198413764515842,7724.0,123047.0,65034210.0,725.2769631852667,16741.507769086827,165328.52213298067,4714169.049129772,643350.5186438668,0.02577470572959125,0.3200658660457094,0.2761783673242957,0.4198413764515842,9303.0,93057.0,43988776.0,573.7239782151994,16741.507769086827,165328.52213298067,4714169.049129772,643350.5186438668,0.02577470572959125,0.3200658660457094,0.2761783673242957,0.4198413764515842,8220.0,75942.0,37572355.0,602.2067066075425,16741.507769086827,165328.52213298067,4714169.049129772,643350.5186438668,0.02577470572959125,0.3200658660457094,0.2761783673242957,0.4198413764515842
8274.0,807680.0,734365743.0,647.6945770535413,16741.507769086827,165328.52213298067,4714169.049129772,643350.5186438668,0.02577470572959125,0.3200658660457094,0.2761783673242957,0.4198413764515842,8207.0,140586.0,99385557.0,608.3368267827465,16741.507769086827,165328.52213298067,4714169.049129772,643350.5186438668,0.02577470572959125,0.3200658660457094,0.2761783673242957,0.4198413764515842,7724.0,123047.0,65034210.0,725.2769631852667,16741.507769086827,165328.52213298067,4714169.049129772,643350.5186438668,0.02577470572959125,0.3200658660457094,0.2761783673242957,0.4198413764515842,9303.0,93057.0,43988776.0,573.7239782151994,16741.507769086827,165328.52213298067,4714169.049129772,643350.5186438668,0.02577470572959125,0.3200658660457094,0.2761783673242957,0.4198413764515842,8220.0,75942.0,37572355.0,602.2067066075425,16741.507769086827,165328.52213298067,4714169.049129772,643350.5186438668,0.02577470572959125,0.3200658660457094,0.2761783673242957,0.4198413764515842,7035.0,95560.0,67927469.0,636.6680951041933,16741.507769086827,165328.52213298067,4714169.049129772,643350.5186438668,0.02577470572959125,0.3200658660457094,0.2761783673242957,0.4198413764515842
8207.0,140586.0,99385557.0,608.3368267827465,16741.507769086827,165328.52213298067,4714169.049129772,643350.5186438668,0.02577470572959125,0.3200658660457094,0.2761783673242957,0.4198413764515842,7724.0,123047.0,65034210.0,725.2769631852667,16741.507769086827,165328.52213298067,4714169.049129772,643350.5186438668,0.02577470572959125,0.3200658660457094,0.2761783673242957,0.4198413764515842,9303.0,93057.0,43988776.0,573.7239782151994,16741.507769086827,165328.52213298067,4714169.049129772,643350.5186438668,0.02577470572959125,0.3200658660457094,0.2761783673242957,0.4198413764515842,8220.0,75942.0,37572355.0,602.2067066075425,16741.507769086827,165328.52213298067,4714169.049129772,643350.5186438668,0.02577470572959125,0.3200658660457094,0.2761783673242957,0.4198413764515842,7035.0,95560.0,67927469.0,636.6680951041933,16741.507769086827,165328.52213298067,4714169.049129772,643350.5186438668,0.02577470572959125,0.3200658660457094,0.2761783673242957,0.4198413764515842,6842.0,80410.0,51977389.0,629.6363382962585,16741.507769086827,165328.52213298067,4714169.049129772,643350.5186438668,0.02577470572959125,0.3200658660457094,0.2761783673242957,0.4198413764515842
7724.0,123047.0,65034210.0,725.2769631852667,16741.507769086827,165328.52213298067,4714169.049129772,643350.5186438668,0.02577470572959125,0.3200658660457094,0.2761783673242957,0.4198413764515842,9303.0,93057.0,43988776.0,573.7239782151994,16741.507769086827,165328.52213298067,4714169.049129772,643350.5186438668,0.02577470572959125,0.3200658660457094,0.2761783673242957,0.4198413764515842,8220.0,75942.0,37572355.0,602.2067066075425,16741.507769086827,165328.52213298067,4714169.049129772,643350.5186438668,0.02577470572959125,0.3200658660457094,0.2761783673242957,0.4198413764515842,7035.0,95560.0,67927469.0,636.6680951041933,16741.507769086827,165328.52213298067,4714169.049129772,643350.5186438668,0.02577470572959125,0.3200658660457094,0.2761783673242957,0.4198413764515842,6842.0,80410.0,51977389.0,629.6363382962585,16741.507769086827,165328.52213298067,4714169.049129772,643350.5186438668,0.02577470572959125,0.3200658660457094,0.2761783673242957,0.4198413764515842,9365.0,98035.0,43765912.0,481.8598452884143,16741.507769086827,165328.52213298067,4714169.049129772,643350.5186438668,0.02577470572959125,0.3200658660457094,0.2761783673242957,0.4198413764515842
9303.0,93057.0,43988776.0,573.7239782151994,16741.507769086827,165328.52213298067,4714169.049129772,643350.5186438668,0.02577470572959125,0.3200658660457094,0.2761783673242957,0.4198413764515842,8220.0,75942.0,37572355.0,602.2067066075425,16741.507769086827,165328.52213298067,4714169.049129772,643350.5186438668,0.02577470572959125,0.3200658660457094,0.2761783673242957,0.4198413764515842,7035.0,95560.0,67927469.0,636.6680951041933,16741.507769086827,165328.52213298067,4714169.049129772,643350.5186438668,0.02577470572959125,0.3200658660457094,0.2761783673242957,0.4198413764515842,6842.0,80410.0,51977389.0,629.6363382962585,16741.507769086827,165328.52213298067,4714169.049129772,643350.5186438668,0.02577470572959125,0.3200658660457094,0.2761783673242957,0.4198413764515842,9365.0,98035.0,43765912.0,481.8598452884143,16741.507769086827,165328.52213298067,4714169.049129772,643350.5186438668,0.02577470572959125,0.3200658660457094,0.2761783673242957,0.4198413764515842,8045.0,69492.0,32577603.0,497.9786852069609,16741.507769086827,165328.52213298067,4714169.049129772,643350.5186438668,0.02577470572959125,0.3200658660457094,0.2761783673242957,0.4198413764515842
8220.0,75942.0,37572355.0,602.2067066075425,16741.507769086827,165328.52213298067,4714169.049129772,643350.5186438668,0.02577470572959125,0.3200658660457094,0.2761783673242957,0.4198413764515842,7035.0,95560.0,67927469.0,636.6680951041933,16741.507769086827,165328.52213298067,4714169.049129772,643350.5186438668,0.02577470572959125,0.3200658660457094,0.2761783673242957,0.4198413764515842,6842.0,80410.0,51977389.0,629.6363382962585,16741.507769086827,165328.52213298067,4714169.049129772,643350.5186438668,0.02577470572959125,0.3200658660457094,0.2761783673242957,0.4198413764515842,9365.0,98035.0,43765912.0,481.8598452884143,16741.507769086827,165328.52213298067,4714169.049129772,643350.5186438668,0.02577470572959125,0.3200658660457094,0.2761783673242957,0.4198413764515842,8045.0,69492.0,32577603.0,497.9786852069609,16741.507769086827,165328.52213298067,4714169.049129772,643350.5186438668,0.02577470572959125,0.3200658660457094,0.2761783673242957,0.4198413764515842,7515.0,107847.0,72058671.0,535.9298924017298,16741.507769086827,165328.52213298067,4714169.049129772,643350.5186438668,0.02577470572959125,0.3200658660457094,0.2761783673242957,0.4198413764515842
7035.0,95560.0,67927469.0,636.6680951041933,16741.507769086827,165328.52213298067,4714169.049129772,643350.5186438668,0.02577470572959125,0.3200658660457094,0.2761783673242957,0.4198413764515842,6842.0,80410.0,51977389.0,629.6363382962585,16741.507769086827,165328.52213298067,4714169.049129772,643350.5186438668,0.02577470572959125,0.3200658660457094,0.2761783673242957,0.4198413764515842,9365.0,98035.0,43765912.0,481.8598452884143,16741.507769086827,165328.52213298067,4714169.049129772,643350.5186438668,0.02577470572959125,0.3200658660457094,0.2761783673242957,0.4198413764515842,8045.0,69492.0,32577603.0,497.9786852069609,16741.507769086827,165328.52213298067,4714169.049129772,643350.5186438668,0.02577470572959125,0.3200658660457094,0.2761783673242957,0.4198413764515842,7515.0,107847.0,72058671.0,535.9298924017298,16741.507769086827,165328.52213298067,4714169.049129772,643350.5186438668,0.02577470572959125,0.3200658660457094,0.2761783673242957,0.4198413764515842,8137.0,90788.0,48447114.0,518.0001060685756,16741.507769086827,165328.52213298067,4714169.049129772,643350.5186438668,0.02577470572959125,0.3200658660457094,0.2761783673242957,0.4198413764515842
6842.0,80410.0,51977389.0,629.6363382962585,16741.507769086827,165328.52213298067,4714169.049129772,643350.5186438668,0.02577470572959125,0.3200658660457094,0.2761783673242957,0.4198413764515842,9365.0,98035.0,43765912.0,481.8598452884143,16741.507769086827,165328.52213298067,4714169.049129772,643350.5186438668,0.02577470572959125,0.3200658660457094,0.2761783673242957,0.4198413764515842,8045.0,69492.0,32577603.0,497.9786852069609,16741.507769086827,165328.52213298067,4714169.049129772,643350.5186438668,0.02577470572959125,0.3200658660457094,0.2761783673242957,0.4198413764515842,7515.0,107847.0,72058671.0,535.9298924017298,16741.507769086827,165328.52213298067,4714169.049129772,643350.5186438668,0.02577470572959125,0.3200658660457094,0.2761783673242957,0.4198413764515842,8137.0,90788.0,48447114.0,518.0001060685756,16741.507769086827,165328.52213298067,4714169.049129772,643350.5186438668,0.02577470572959125,0.3200658660457094,0.2761783673242957,0.4198413764515842,9314.0,98251.0,49429945.0,430.32377940627015,16741.507769086827,165328.52213298067,4714169.049129772,643350.5186438668,0.02577470572959125,0.3200658660457094,0.2761783673242957,0.4198413764515842
9365.0,98035.0,43765912.0,481.8598452884143,16741.507769086827,165328.52213298067,4714169.049129772,643350.5186438668,0.02577470572959125,0.3200658660457094,0.2761783673242957,0.4198413764515842,8045.0,69492.0,32577603.0,497.9786852069609,16741.507769086827,165328.52213298067,4714169.049129772,643350.5186438668,0.02577470572959125,0.3200658660457094,0.2761783673242957,0.4198413764515842,7515.0,107847.0,72058671.0,535.9298924017298,16741.507769086827,165328.52213298067,4714169.049129772,643350.5186438668,0.02577470572959125,0.3200658660457094,0.2761783673242957,0.4198413764515842,8137.0,90788.0,48447114.0,518.0001060685756,16741.507769086827,165328.52213298067,4714169.049129772,643350.5186438668,0.02577470572959125,0.3200658660457094,0.2761783673242957,0.4198413764515842,9314.0,98251.0,49429945.0,430.32377940627015,16741.507769086827,165328.52213298067,4714169.049129772,643350.5186438668,0.02577470572959125,0.3200658660457094,0.2761783673242957,0.4198413764515842,9227.0,94190.0,47726584.0,453.8789115699577,16741.507769086827,165328.52213298067,4714169.049129772,643350.5186438668,0.02577470572959125,0.3200658660457094,0.2761783673242957,0.4198413764515842
8045.0,69492.0,32577603.0,497.9786852069609,16741.507769086827,165328.52213298067,4714169.049129772,643350.5186438668,0.02577470572959125,0.3200658660457094,0.2761783673242957,0.4198413764515842,7515.0,107847.0,72058671.0,535.9298924017298,16741.507769086827,165328.52213298067,4714169.049129772,643350.5186438668,0.02577470572959125,0.3200658660457094,0.2761783673242957,0.4198413764515842,8137.0,90788.0,48447114.0,518.0001060685756,16741.507769086827,165328.52213298067,4714169.049129772,643350.5186438668,0.02577470572959125,0.3200658660457094,0.2761783673242957,0.4198413764515842,9314.0,98251.0,49429945.0,430.32377940627015,16741.507769086827,165328.52213298067,4714169.049129772,643350.5186438668,0.02577470572959125,0.3200658660457094,0.2761783673242957,0.4198413764515842,9227.0,94190.0,47726584.0,453.8789115699577,16741.507769086827,165328.52213298067,4714169.049129772,643350.5186438668,0.02577470572959125,0.3200658660457094,0.2761783673242957,0.4198413764515842,7771.0,197886.0,120988189.0,619.2424944861665,16741.507769086827,165328.52213298067,4714169.049129772,643350.5186438668,0.02577470572959125,0.3200658660457094,0.2761783673242957,0.4198413764515842
7515.0,107847.0,72058671.0,535.9298924017298,16741.507769086827,165328.52213298067,4714169.049129772,643350.5186438668,0.02577470572959125,0.3200658660457094,0.2761783673242957,0.4198413764515842,8137.0,90788.0,48447114.0,518.0001060685756,16741.507769086827,165328.52213298067,4714169.049129772,643350.5186438668,0.02577470572959125,0.3200658660457094,0.2761783673242957,0.4198413764515842,9314.0,98251.0,49429945.0,430.32377940627015,16741.507769086827,165328.52213298067,4714169.049129772,643350.5186438668,0.02577470572959125,0.3200658660457094,0.2761783673242957,0.4198413764515842,9227.0,94190.0,47726584.0,453.8789115699577,16741.507769086827,165328.52213298067,4714169.049129772,643350.5186438668,0.02577470572959125,0.3200658660457094,0.2761783673242957,0.4198413764515842,7771.0,197886.0,120988189.0,619.2424944861665,16741.507769086827,165328.52213298067,4714169.049129772,643350.5186438668,0.02577470572959125,0.3200658660457094,0.2761783673242957,0.4198413764515842,7361.0,83034.0,59789542.0,493.1592527213693,16741.507769086827,165328.52213298067,4714169.049129772,643350.5186438668,0.02577470572959125,0.3200658660457094,0.2761783673242957,0.4198413764515842
8137.0,90788.0,48447114.0,518.0001060685756,16741.507769086827,165328.52213298067,4714169.049129772,643350.5186438668,0.02577470572959125,0.3200658660457094,0.2761783673242957,0.4198413764515842,9314.0,98251.0,49429945.0,430.32377940627015,16741.507769086827,165328.52213298067,4714169.049129772,643350.5186438668,0.02577470572959125,0.3200658660457094,0.2761783673242957,0.4198413764515842,9227.0,94190.0,47726584.0,453.8789115699577,16741.507769086827,165328.52213298067,4714169.049129772,643350.5186438668,0.02577470572959125,0.3200658660457094,0.2761783673242957,0.4198413764515842,7771.0,197886.0,120988189.0,619.2424944861665,16741.507769086827,165328.52213298067,4714169.049129772,643350.5186438668,0.02577470572959125,0.3200658660457094,0.2761783673242957,0.4198413764515842,7361.0,83034.0,59789542.0,493.1592527213693,16741.507769086827,165328.52213298067,4714169.049129772,643350.5186438668,0.02577470572959125,0.3200658660457094,0.2761783673242957,0.4198413764515842,14878.0,102436.0,43046744.0,244.1826236244791,16741.507769086827,165328.52213298067,4714169.049129772,643350.5186438668,0.02577470572959125,0.3200658660457094,0.2761783673242957,0.4198413764515842
9314.0,98251.0,49429945.0,430.32377940627015,16741.507769086827,165328.52213298067,4714169.049129772,643350.5186438668,0.02577470572959125,0.3200658660457094,0.2761783673242957,0.4198413764515842,9227.0,94190.0,47726584.0,453.8789115699577,16741.507769086827,165328.52213298067,4714169.049129772,643350.5186438668,0.02577470572959125,0.3200658660457094,0.2761783673242957,0.4198413764515842,7771.0,197886.0,120988189.0,619.2424944861665,16741.507769086827,165328.52213298067,4714169.049129772,643350.5186438668,0.02577470572959125,0.3200658660457094,0.2761783673242957,0.4198413764515842,7361.0,83034.0,59789542.0,493.1592527213693,16741.507769086827,165328.52213298067,4714169.049129772,643350.5186438668,0.02577470572959125,0.3200658660457094,0.2761783673242957,0.4198413764515842,14878.0,102436.0,43046744.0,244.1826236244791,16741.507769086827,165328.52213298067,4714169.049129772,643350.5186438668,0.02577470572959125,0.3200658660457094,0.2761783673242957,0.4198413764515842,70155.0,291190.0,87290177.0,49.325500095531325,16741.507769086827,165328.52213298067,4714169.049129772,643350.5186438668,0.02577470572959125,0.3200658660457094,0.2761783673242957,0.4198413764515842
9227.0,94190.0,47726584.0,453.8789115699577,16741.507769086827,165328.52213298067,4714169.049129772,643350.5186438668,0.02577470572959125,0.3200658660457094,0.2761783673242957,0.4198413764515842,7771.0,197886.0,120988189.0,619.2424944861665,16741.507769086827,165328.52213298067,4714169.049129772,643350.5186438668,0.02577470572959125,0.3200658660457094,0.2761783673242957,0.4198413764515842,7361.0,83034.0,59789542.0,493.1592527213693,16741.507769086827,165328.52213298067,4714169.049129772,643350.5186438668,0.02577470572959125,0.3200658660457094,0.2761783673242957,0.4198413764515842,14878.0,102436.0,43046744.0,244.1826236244791,16741.507769086827,165328.52213298067,4714169.049129772,643350.5186438668,0.02577470572959125,0.3200658660457094,0.2761783673242957,0.4198413764515842,70155.0,291190.0,87290177.0,49.325500095531325,16741.507769086827,165328.52213298067,4714169.049129772,643350.5186438668,0.02577470572959125,0.3200658660457094,0.2761783673242957,0.4198413764515842,10427.0,84030.0,45156348.0,329.09710111479814,16741.507769086827,165328.52213298067,4714169.049129772,643350.5186438668,0.02577470572959125,0.3200658660457094,0.2761783673242957,0.4198413764515842
7771.0,197886.0,120988189.0,619.2424944861665,16741.507769086827,165328.52213298067,4714169.049129772,643350.5186438668,0.02577470572959125,0.3200658660457094,0.2761783673242957,0.4198413764515842,7361.0,83034.0,59789542.0,493.1592527213693,16741.507769086827,165328.52213298067,4714169.049129772,643350.5186438668,0.02577470572959125,0.3200658660457094,0.2761783673242957,0.4198413764515842,14878.0,102436.0,43046744.0,244.1826236244791,16741.507769086827,165328.52213298067,4714169.049129772,643350.5186438668,0.02577470572959125,0.3200658660457094,0.2761783673242957,0.4198413764515842,70155.0,291190.0,87290177.0,49.325500095531325,16741.507769086827,165328.52213298067,4714169.049129772,643350.5186438668,0.02577470572959125,0.3200658660457094,0.2761783673242957,0.4198413764515842,10427.0,84030.0,45156348.0,329.09710111479814,16741.507769086827,165328.52213298067,4714169.049129772,643350.5186438668,0.02577470572959125,0.3200658660457094,0.2761783673242957,0.4198413764515842,11670.0,110554.0,61508452.0,317.1199267470437,16741.507769086827,165328.52213298067,4714169.049129772,643350.5186438668,0.02577470572959125,0.3200658660457094,0.2761783673242957,0.4198413764515842
7361.0,83034.0,59789542.0,493.1592527213693,16741.507769086827,165328.52213298067,4714169.049129772,643350.5186438668,0.02577470572959125,0.3200658660457094,0.2761783673242957,0.4198413764515842,14878.0,102436.0,43046744.0,244.1826236244791,16741.507769086827,165328.52213298067,4714169.049129772,643350.5186438668,0.02577470572959125,0.3200658660457094,0.2761783673242957,0.4198413764515842,70155.0,291190.0,87290177.0,49.325500095531325,16741.507769086827,165328.52213298067,4714169.049129772,643350.5186438668,0.02577470572959125,0.3200658660457094,0.2761783673242957,0.4198413764515842,10427.0,84030.0,45156348.0,329.09710111479814,16741.507769086827,165328.52213298067,4714169.049129772,643350.5186438668,0.02577470572959125,0.3200658660457094,0.2761783673242957,0.4198413764515842,11670.0,110554.0,61508452.0,317.1199267470437,16741.507769086827,165328.52213298067,4714169.049129772,643350.5186438668,0.02577470572959125,0.3200658660457094,0.2761783673242957,0.4198413764515842,14929.0,100018.0,54212299.0,240.51556411105904,16741.507769086827,165328.52213298067,4714169.049129772,643350.5186438668,0.02577470572959125,0.3200658660457094,0.2761783673242957,0.4198413764515842
14878.0,102436.0,43046744.0,244.1826236244791,16741.507769086827,165328.52213298067,4714169.049129772,643350.5186438668,0.02577470572959125,0.3200658660457094,0.2761783673242957,0.4198413764515842,70155.0,291190.0,87290177.0,49.325500095531325,16741.507769086827,165328.52213298067,4714169.049129772,643350.5186438668,0.02577470572959125,0.3200658660457094,0.2761783673242957,0.4198413764515842,10427.0,84030.0,45156348.0,329.09710111479814,16741.507769086827,165328.52213298067,4714169.049129772,643350.5186438668,0.02577470572959125,0.3200658660457094,0.2761783673242957,0.4198413764515842,11670.0,110554.0,61508452.0,317.1199267470437,16741.507769086827,165328.52213298067,4714169.049129772,643350.5186438668,0.02577470572959125,0.3200658660457094,0.2761783673242957,0.4198413764515842,14929.0,100018.0,54212299.0,240.51556411105904,16741.507769086827,165328.52213298067,4714169.049129772,643350.5186438668,0.02577470572959125,0.3200658660457094,0.2761783673242957,0.4198413764515842,16966.0,114131.0,65697419.0,191.61983282724276,16741.507769086827,165328.52213298067,4714169.049129772,643350.5186438668,0.02577470572959125,0.3200658660457094,0.2761783673242957,0.4198413764515842
70155.0,291190.0,87290177.0,49.325500095531325,16741.507769086827,165328.52213298067,4714169.049129772,643350.5186438668,0.02577470572959125,0.3200658660457094,0.2761783673242957,0.4198413764515842,10427.0,84030.0,45156348.0,329.09710111479814,16741.507769086827,165328.52213298067,4714169.049129772,643350.5186438668,0.02577470572959125,0.3200658660457094,0.2761783673242957,0.4198413764515842,11670.0,110554.0,61508452.0,317.1199267470437,16741.507769086827,165328.52213298067,4714169.049129772,643350.5186438668,0.02577470572959125,0.3200658660457094,0.2761783673242957,0.4198413764515842,14929.0,100018.0,54212299.0,240.51556411105904,16741.507769086827,165328.52213298067,4714169.049129772,643350.5186438668,0.02577470572959125,0.3200658660457094,0.2761783673242957,0.4198413764515842,16966.0,114131.0,65697419.0,191.61983282724276,16741.507769086827,165328.52213298067,4714169.049129772,643350.5186438668,0.02577470572959125,0.3200658660457094,0.2761783673242957,0.4198413764515842,8489.0,77125.0,43770293.0,437.4516227309459,16741.507769086827,165328.52213298067,4714169.049129772,643350.5186438668,0.02577470572959125,0.3200658660457094,0.2761783673242957,0.4198413764515842
10427.0,84030.0,45156348.0,329.09710111479814,16741.507769086827,165328.52213298067,4714169.049129772,643350.5186438668,0.02577470572959125,0.3200658660457094,0.2761783673242957,0.4198413764515842,11670.0,110554.0,61508452.0,317.1199267470437,16741.507769086827,165328.52213298067,4714169.049129772,643350.5186438668,0.02577470572959125,0.3200658660457094,0.2761783673242957,0.4198413764515842,14929.0,100018.0,54212299.0,240.51556411105904,16741.507769086827,165328.52213298067,4714169.049129772,643350.5186438668,0.02577470572959125,0.3200658660457094,0.2761783673242957,0.4198413764515842,16966.0,114131.0,65697419.0,191.61983282724276,16741.507769086827,165328.52213298067,4714169.049129772,643350.5186438668,0.02577470572959125,0.3200658660457094,0.2761783673242957,0.4198413764515842,8489.0,77125.0,43770293.0,437.4516227309459,16741.507769086827,165328.52213298067,4714169.049129772,643350.5186438668,0.02577470572959125,0.3200658660457094,0.2761783673242957,0.4198413764515842,7443.0,63969.0,27099156.0,481.7330243185544,16741.507769086827,165328.52213298067,4714169.049129772,643350.5186438668,0.02577470572959125,0.3200658660457094,0.2761783673242957,0.4198413764515842
11670.0,110554.0,61508452.0,317.1199267470437,16741.507769086827,165328.52213298067,4714169.049129772,643350.5186438668,0.02577470572959125,0.3200658660457094,0.2761783673242957,0.4198413764515842,14929.0,100018.0,54212299.0,240.51556411105904,16741.507769086827,165328.52213298067,4714169.049129772,643350.5186438668,0.02577470572959125,0.3200658660457094,0.2761783673242957,0.4198413764515842,16966.0,114131.0,65697419.0,191.61983282724276,16741.507769086827,165328.52213298067,4714169.049129772,643350.5186438668,0.02577470572959125,0.3200658660457094,0.2761783673242957,0.4198413764515842,8489.0,77125.0,43770293.0,437.4516227309459,16741.507769086827,165328.52213298067,4714169.049129772,643350.5186438668,0.02577470572959125,0.3200658660457094,0.2761783673242957,0.4198413764515842,7443.0,63969.0,27099156.0,481.7330243185544,16741.507769086827,165328.52213298067,4714169.049129772,643350.5186438668,0.02577470572959125,0.3200658660457094,0.2761783673242957,0.4198413764515842,7443.0,64158.0,29837422.0,454.388749817278,16741.507769086827,165328.52213298067,4714169.049129772,643350.5186438668,0.02577470572959125,0.3200658660457094,0.2761783673242957,0.4198413764515842
14929.0,100018.0,54212299.0,240.51556411105904,16741.507769086827,165328.52213298067,4714169.049129772,643350.5186438668,0.02577470572959125,0.3200658660457094,0.2761783673242957,0.4198413764515842,16966.0,114131.0,65697419.0,191.61983282724276,16741.507769086827,165328.52213298067,4714169.049129772,643350.5186438668,0.02577470572959125,0.3200658660457094,0.2761783673242957,0.4198413764515842,8489.0,77125.0,43770293.0,437.4516227309459,16741.507769086827,165328.52213298067,4714169.049129772,643350.5186438668,0.02577470572959125,0.3200658660457094,0.2761783673242957,0.4198413764515842,7443.0,63969.0,27099156.0,481.7330243185544,16741.507769086827,165328.52213298067,4714169.049129772,643350.5186438668,0.02577470572959125,0.3200658660457094,0.2761783673242957,0.4198413764515842,7443.0,64158.0,29837422.0,454.388749817278,16741.507769086827,165328.52213298067,4714169.049129772,643350.5186438668,0.02577470572959125,0.3200658660457094,0.2761783673242957,0.4198413764515842,7065.0,83171.0,44108449.0,431.9088479481953,16741.507769086827,165328.52213298067,4714169.049129772,643350.5186438668,0.02577470572959125,0.3200658660457094,0.2761783673242957,0.4198413764515842
16966.0,114131.0,65697419.0,191.61983282724276,16741.507769086827,165328.52213298067,4714169.049129772,643350.5186438668,0.02577470572959125,0.3200658660457094,0.2761783673242957,0.4198413764515842,8489.0,77125.0,43770293.0,437.4516227309459,16741.507769086827,165328.52213298067,4714169.049129772,643350.5186438668,0.02577470572959125,0.3200658660457094,0.2761783673242957,0.4198413764515842,7443.0,63969.0,27099156.0,481.7330243185544,16741.507769086827,165328.52213298067,4714169.049129772,643350.5186438668,0.02577470572959125,0.3200658660457094,0.2761783673242957,0.4198413764515842,7443.0,64158.0,29837422.0,454.388749817278,16741.507769086827,165328.52213298067,4714169.049129772,643350.5186438668,0.02577470572959125,0.3200658660457094,0.2761783673242957,0.4198413764515842,7065.0,83171.0,44108449.0,431.9088479481953,16741.507769086827,165328.52213298067,4714169.049129772,643350.5186438668,0.02577470572959125,0.3200658660457094,0.2761783673242957,0.4198413764515842,7236.0,96953.0,63705684.0,399.7275325892758,16741.507769086827,165328.52213298067,4714169.049129772,643350.5186438668,0.02577470572959125,0.3200658660457094,0.2761783673242957,0.4198413764515842
8489.0,77125.0,43770293.0,437.4516227309459,16741.507769086827,165328.52213298067,4714169.049129772,643350.5186438668,0.02577470572959125,0.3200658660457094,0.2761783673242957,0.4198413764515842,7443.0,63969.0,27099156.0,481.7330243185544,16741.507769086827,165328.52213298067,4714169.049129772,643350.5186438668,0.02577470572959125,0.3200658660457094,0.2761783673242957,0.4198413764515842,7443.0,64158.0,29837422.0,454.388749817278,16741.507769086827,165328.52213298067,4714169.049129772,643350.5186438668,0.02577470572959125,0.3200658660457094,0.2761783673242957,0.4198413764515842,7065.0,83171.0,44108449.0,431.9088479481953,16741.507769086827,165328.52213298067,4714169.049129772,643350.5186438668,0.02577470572959125,0.3200658660457094,0.2761783673242957,0.4198413764515842,7236.0,96953.0,63705684.0,399.7275325892758,16741.507769086827,165328.52213298067,4714169.049129772,643350.5186438668,0.02577470572959125,0.3200658660457094,0.2761783673242957,0.4198413764515842,6298.0,161362.0,123976814.0,353.64186266878374,16741.507769086827,165328.52213298067,4714169.049129772,643350.5186438668,0.02577470572959125,0.3200658660457094,0.2761783673242957,0.4198413764515842
7443.0,63969.0,27099156.0,481.7330243185544,16741.507769086827,165328.52213298067,4714169.049129772,643350.5186438668,0.02577470572959125,0.3200658660457094,0.2761783673242957,0.4198413764515842,7443.0,64158.0,29837422.0,454.388749817278,16741.507769086827,165328.52213298067,4714169.049129772,643350.5186438668,0.02577470572959125,0.3200658660457094,0.2761783673242957,0.4198413764515842,7065.0,83171.0,44108449.0,431.9088479481953,16741.507769086827,165328.52213298067,4714169.049129772,643350.5186438668,0.02577470572959125,0.3200658660457094,0.2761783673242957,0.4198413764515842,7236.0,96953.0,63705684.0,399.7275325892758,16741.507769086827,165328.52213298067,4714169.049129772,643350.5186438668,0.02577470572959125,0.3200658660457094,0.2761783673242957,0.4198413764515842,6298.0,161362.0,123976814.0,353.64186266878374,16741.507769086827,165328.52213298067,4714169.049129772,643350.5186438668,0.02577470572959125,0.3200658660457094,0.2761783673242957,0.4198413764515842,6395.0,51756.0,23108082.0,369.03250225394834,16741.507769086827,165328.52213298067,4714169.049129772,643350.5186438668,0.02577470572959125,0.3200658660457094,0.2761783673242957,0.4198413764515842
7443.0,64158.0,29837422.0,454.388749817278,16741.507769086827,165328.52213298067,4714169.049129772,643350.5186438668,0.02577470572959125,0.3200658660457094,0.2761783673242957,0.4198413764515842,7065.0,83171.0,44108449.0,431.9088479481953,16741.507769086827,165328.52213298067,4714169.049129772,643350.5186438668,0.02577470572959125,0.3200658660457094,0.2761783673242957,0.4198413764515842,7236.0,96953.0,63705684.0,399.7275325892758,16741.507769086827,165328.52213298067,4714169.049129772,643350.5186438668,0.02577470572959125,0.3200658660457094,0.2761783673242957,0.4198413764515842,6298.0,161362.0,123976814.0,353.64186266878374,16741.507769086827,165328.52213298067,4714169.049129772,643350.5186438668,0.02577470572959125,0.3200658660457094,0.2761783673242957,0.4198413764515842,6395.0,51756.0,23108082.0,369.03250225394834,16741.507769086827,165328.52213298067,4714169.049129772,643350.5186438668,0.02577470572959125,0.3200658660457094,0.2761783673242957,0.4198413764515842,6564.0,94834.0,64184048.0,351.25750222714805,16741.507769086827,165328.52213298067,4714169.049129772,643350.5186438668,0.02577470572959125,0.3200658660457094,0.2761783673242957,0.4198413764515842
7065.0,83171.0,44108449.0,431.9088479481953,16741.507769086827,165328.52213298067,4714169.049129772,643350.5186438668,0.02577470572959125,0.3200658660457094,0.2761783673242957,0.4198413764515842,7236.0,96953.0,63705684.0,399.7275325892758,16741.507769086827,165328.52213298067,4714169.049129772,643350.5186438668,0.02577470572959125,0.3200658660457094,0.2761783673242957,0.4198413764515842,6298.0,161362.0,123976814.0,353.64186266878374,16741.507769086827,165328.52213298067,4714169.049129772,643350.5186438668,0.02577470572959125,0.3200658660457094,0.2761783673242957,0.4198413764515842,6395.0,51756.0,23108082.0,369.03250225394834,16741.507769086827,165328.52213298067,4714169.049129772,643350.5186438668,0.02577470572959125,0.3200658660457094,0.2761783673242957,0.4198413764515842,6564.0,94834.0,64184048.0,351.25750222714805,16741.507769086827,165328.52213298067,4714169.049129772,643350.5186438668,0.02577470572959125,0.3200658660457094,0.2761783673242957,0.4198413764515842,7272.0,168654.0,154606094.0,303.8419303558856,16741.507769086827,165328.52213298067,4714169.049129772,643350.5186438668,0.02577470572959125,0.3200658660457094,0.2761783673242957,0.4198413764515842
7236.0,96953.0,63705684.0,399.7275325892758,16741.507769086827,165328.52213298067,4714169.049129772,643350.5186438668,0.02577470572959125,0.3200658660457094,0.2761783673242957,0.4198413764515842,6298.0,161362.0,123976814.0,353.64186266878374,16741.507769086827,165328.52213298067,4714169.049129772,643350.5186438668,0.02577470572959125,0.3200658660457094,0.2761783673242957,0.4198413764515842,6395.0,51756.0,23108082.0,369.03250225394834,16741.507769086827,165328.52213298067,4714169.049129772,643350.5186438668,0.02577470572959125,0.3200658660457094,0.2761783673242957,0.4198413764515842,6564.0,94834.0,64184048.0,351.25750222714805,16741.507769086827,165328.52213298067,4714169.049129772,643350.5186438668,0.02577470572959125,0.3200658660457094,0.2761783673242957,0.4198413764515842,7272.0,168654.0,154606094.0,303.8419303558856,16741.507769086827,165328.52213298067,4714169.049129772,643350.5186438668,0.02577470572959125,0.3200658660457094,0.2761783673242957,0.4198413764515842,6545.0,45101.0,19585786.0,342.9894672102368,16741.507769086827,165328.52213298067,4714169.049129772,643350.5186438668,0.02577470572959125,0.3200658660457094,0.2761783673242957,0.4198413764515842
6298.0,161362.0,123976814.0,353.64186266878374,16741.507769086827,165328.52213298067,4714169.049129772,643350.5186438668,0.02577470572959125,0.3200658660457094,0.2761783673242957,0.4198413764515842,6395.0,51756.0,23108082.0,369.03250225394834,16741.507769086827,165328.52213298067,4714169.049129772,643350.5186438668,0.02577470572959125,0.3200658660457094,0.2761783673242957,0.4198413764515842,6564.0,94834.0,64184048.0,351.25750222714805,16741.507769086827,165328.52213298067,4714169.049129772,643350.5186438668,0.02577470572959125,0.3200658660457094,0.2761783673242957,0.4198413764515842,7272.0,168654.0,154606094.0,303.8419303558856,16741.507769086827,165328.52213298067,4714169.049129772,643350.5186438668,0.02577470572959125,0.3200658660457094,0.2761783673242957,0.4198413764515842,6545.0,45101.0,19585786.0,342.9894672102368,16741.507769086827,165328.52213298067,4714169.049129772,643350.5186438668,0.02577470572959125,0.3200658660457094,0.2761783673242957,0.4198413764515842,5635.0,51434.0,25594096.0,380.8990119687667,16741.507769086827,165328.52213298067,4714169.049129772,643350.5186438668,0.02577470572959125,0.3200658660457094,0.2761783673242957,0.4198413764515842
6395.0,51756.0,23108082.0,369.03250225394834,16741.507769086827,165328.52213298067,4714169.049129772,643350.5186438668,0.02577470572959125,0.3200658660457094,0.2761783673242957,0.4198413764515842,6564.0,94834.0,64184048.0,351.25750222714805,16741.507769086827,165328.52213298067,4714169.049129772,643350.5186438668,0.02577470572959125,0.3200658660457094,0.2761783673242957,0.4198413764515842,7272.0,168654.0,154606094.0,303.8419303558856,16741.507769086827,165328.52213298067,4714169.049129772,643350.5186438668,0.02577470572959125,0.3200658660457094,0.2761783673242957,0.4198413764515842,6545.0,45101.0,19585786.0,342.9894672102368,16741.507769086827,165328.52213298067,4714169.049129772,643350.5186438668,0.02577470572959125,0.3200658660457094,0.2761783673242957,0.4198413764515842,5635.0,51434.0,25594096.0,380.8990119687667,16741.507769086827,165328.52213298067,4714169.049129772,643350.5186438668,0.02577470572959125,0.3200658660457094,0.2761783673242957,0.4198413764515842,6502.0,96769.0,72040598.0,340.59500465902795,16741.507769086827,165328.52213298067,4714169.049129772,643350.5186438668,0.02577470572959125,0.3200658660457094,0.2761783673242957,0.4198413764515842
6564.0,94834.0,64184048.0,351.25750222714805,16741.507769086827,165328.52213298067,4714169.049129772,643350.5186438668,0.02577470572959125,0.3200658660457094,0.2761783673242957,0.4198413764515842,7272.0,168654.0,154606094.0,303.8419303558856,16741.507769086827,165328.52213298067,4714169.049129772,643350.5186438668,0.02577470572959125,0.3200658660457094,0.2761783673242957,0.4198413764515842,6545.0,45101.0,19585786.0,342.9894672102368,16741.507769086827,165328.52213298067,4714169.049129772,643350.5186438668,0.02577470572959125,0.3200658660457094,0.2761783673242957,0.4198413764515842,5635.0,51434.0,25594096.0,380.8990119687667,16741.507769086827,165328.52213298067,4714169.049129772,643350.5186438668,0.02577470572959125,0.3200658660457094,0.2761783673242957,0.4198413764515842,6502.0,96769.0,72040598.0,340.59500465902795,16741.507769086827,165328.52213298067,4714169.049129772,643350.5186438668,0.02577470572959125,0.3200658660457094,0.2761783673242957,0.4198413764515842,7990.0,109797.0,66755453.0,302.6407247033792,16741.507769086827,165328.52213298067,4714169.049129772,643350.5186438668,0.02577470572959125,0.3200658660457094,0.2761783673242957,0.4198413764515842
7272.0,168654.0,154606094.0,303.8419303558856,16741.507769086827,165328.52213298067,4714169.049129772,643350.5186438668,0.02577470572959125,0.3200658660457094,0.2761783673242957,0.4198413764515842,6545.0,45101.0,19585786.0,342.9894672102368,16741.507769086827,165328.52213298067,4714169.049129772,643350.5186438668,0.02577470572959125,0.3200658660457094,0.2761783673242957,0.4198413764515842,5635.0,51434.0,25594096.0,380.8990119687667,16741.507769086827,165328.52213298067,4714169.049129772,643350.5186438668,0.02577470572959125,0.3200658660457094,0.2761783673242957,0.4198413764515842,6502.0,96769.0,72040598.0,340.59500465902795,16741.507769086827,165328.52213298067,4714169.049129772,643350.5186438668,0.02577470572959125,0.3200658660457094,0.2761783673242957,0.4198413764515842,7990.0,109797.0,66755453.0,302.6407247033792,16741.507769086827,165328.52213298067,4714169.049129772,643350.5186438668,0.02577470572959125,0.3200658660457094,0.2761783673242957,0.4198413764515842,6470.0,134535.0,84258934.0,339.8630918669243,16741.507769086827,165328.52213298067,4714169.049129772,643350.5186438668,0.02577470572959125,0.3200658660457094,0.2761783673242957,0.4198413764515842
6545.0,45101.0,19585786.0,342.9894672102368,16741.507769086827,165328.52213298067,4714169.049129772,643350.5186438668,0.02577470572959125,0.3200658660457094,0.2761783673242957,0.4198413764515842,5635.0,51434.0,25594096.0,380.8990119687667,16741.507769086827,165328.52213298067,4714169.049129772,643350.5186438668,0.02577470572959125,0.3200658660457094,0.2761783673242957,0.4198413764515842,6502.0,96769.0,72040598.0,340.59500465902795,16741.507769086827,165328.52213298067,4714169.049129772,643350.5186438668,0.02577470572959125,0.3200658660457094,0.2761783673242957,0.4198413764515842,7990.0,109797.0,66755453.0,302.6407247033792,16741.507769086827,165328.52213298067,4714169.049129772,643350.5186438668,0.02577470572959125,0.3200658660457094,0.2761783673242957,0.4198413764515842,6470.0,134535.0,84258934.0,339.8630918669243,16741.507769086827,165328.52213298067,4714169.049129772,643350.5186438668,0.02577470572959125,0.3200658660457094,0.2761783673242957,0.4198413764515842,6201.0,301945.0,300295053.0,277.7377220667634,16741.507769086827,165328.52213298067,4714169.049129772,643350.5186438668,0.02577470572959125,0.3200658660457094,0.2761783673242957,0.4198413764515842
5635.0,51434.0,25594096.0,380.8990119687667,16741.507769086827,165328.52213298067,4714169.049129772,643350.5186438668,0.02577470572959125,0.3200658660457094,0.2761783673242957,0.4198413764515842,6502.0,96769.0,72040598.0,340.59500465902795,16741.507769086827,165328.52213298067,4714169.049129772,643350.5186438668,0.02577470572959125,0.3200658660457094,0.2761783673242957,0.4198413764515842,7990.0,109797.0,66755453.0,302.6407247033792,16741.507769086827,165328.52213298067,4714169.049129772,643350.5186438668,0.02577470572959125,0.3200658660457094,0.2761783673242957,0.4198413764515842,6470.0,134535.0,84258934.0,339.8630918669243,16741.507769086827,165328.52213298067,4714169.049129772,643350.5186438668,0.02577470572959125,0.3200658660457094,0.2761783673242957,0.4198413764515842,6201.0,301945.0,300295053.0,277.7377220667634,16741.507769086827,165328.52213298067,4714169.049129772,643350.5186438668,0.02577470572959125,0.3200658660457094,0.2761783673242957,0.4198413764515842,5710.0,151161.0,117026015.0,290.01460266742555,16741.507769086827,165328.52213298067,4714169.049129772,643350.5186438668,0.02577470572959125,0.3200658660457094,0.2761783673242957,0.4198413764515842
6502.0,96769.0,72040598.0,340.59500465902795,16741.507769086827,165328.52213298067,4714169.049129772,643350.5186438668,0.02577470572959125,0.3200658660457094,0.2761783673242957,0.4198413764515842,7990.0,109797.0,66755453.0,302.6407247033792,16741.507769086827,165328.52213298067,4714169.049129772,643350.5186438668,0.02577470572959125,0.3200658660457094,0.2761783673242957,0.4198413764515842,6470.0,134535.0,84258934.0,339.8630918669243,16741.507769086827,165328.52213298067,4714169.049129772,643350.5186438668,0.02577470572959125,0.3200658660457094,0.2761783673242957,0.4198413764515842,6201.0,301945.0,300295053.0,277.7377220667634,16741.507769086827,165328.52213298067,4714169.049129772,643350.5186438668,0.02577470572959125,0.3200658660457094,0.2761783673242957,0.4198413764515842,5710.0,151161.0,117026015.0,290.01460266742555,16741.507769086827,165328.52213298067,4714169.049129772,643350.5186438668,0.02577470572959125,0.3200658660457094,0.2761783673242957,0.4198413764515842,6535.0,67859.0,36158884.0,261.75885033205816,16741.507769086827,165328.52213298067,4714169.049129772,643350.5186438668,0.02577470572959125,0.3200658660457094,0.2761783673242957,0.4198413764515842
7990.0,109797.0,66755453.0,302.6407247033792,16741.507769086827,165328.52213298067,4714169.049129772,643350.5186438668,0.02577470572959125,0.3200658660457094,0.2761783673242957,0.4198413764515842,6470.0,134535.0,84258934.0,339.8630918669243,16741.507769086827,165328.52213298067,4714169.049129772,643350.5186438668,0.02577470572959125,0.3200658660457094,0.2761783673242957,0.4198413764515842,6201.0,301945.0,300295053.0,277.7377220667634,16741.507769086827,165328.52213298067,4714169.049129772,643350.5186438668,0.02577470572959125,0.3200658660457094,0.2761783673242957,0.4198413764515842,5710.0,151161.0,117026015.0,290.01460266742555,16741.507769086827,165328.52213298067,4714169.049129772,643350.5186438668,0.02577470572959125,0.3200658660457094,0.2761783673242957,0.4198413764515842,6535.0,67859.0,36158884.0,261.75885033205816,16741.507769086827,165328.52213298067,4714169.049129772,643350.5186438668,0.02577470572959125,0.3200658660457094,0.2761783673242957,0.4198413764515842,5818.0,1476833.0,1300867562.0,294.85859545393606,16741.507769086827,165328.52213298067,4714169.049129772,643350.5186438668,0.02577470572959125,0.3200658660457094,0.2761783673242957,0.4198413764515842
6470.0,134535.0,84258934.0,339.8630918669243,16741.507769086827,165328.52213298067,4714169.049129772,643350.5186438668,0.02577470572959125,0.3200658660457094,0.2761783673242957,0.4198413764515842,6201.0,301945.0,300295053.0,277.7377220667634,16741.507769086827,165328.52213298067,4714169.049129772,643350.5186438668,0.02577470572959125,0.3200658660457094,0.2761783673242957,0.4198413764515842,5710.0,151161.0,117026015.0,290.01460266742555,16741.507769086827,165328.52213298067,4714169.049129772,643350.5186438668,0.02577470572959125,0.3200658660457094,0.2761783673242957,0.4198413764515842,6535.0,67859.0,36158884.0,261.75885033205816,16741.507769086827,165328.52213298067,4714169.049129772,643350.5186438668,0.02577470572959125,0.3200658660457094,0.2761783673242957,0.4198413764515842,5818.0,1476833.0,1300867562.0,294.85859545393606,16741.507769086827,165328.52213298067,4714169.049129772,643350.5186438668,0.02577470572959125,0.3200658660457094,0.2761783673242957,0.4198413764515842,6314.0,79565.0,48842532.0,246.2712675429205,16741.507769086827,165328.52213298067,4714169.049129772,643350.5186438668,0.02577470572959125,0.3200658660457094,0.2761783673242957,0.4198413764515842
6201.0,301945.0,300295053.0,277.7377220667634,16741.507769086827,165328.52213298067,4714169.049129772,643350.5186438668,0.02577470572959125,0.3200658660457094,0.2761783673242957,0.4198413764515842,5710.0,151161.0,117026015.0,290.01460266742555,16741.507769086827,165328.52213298067,4714169.049129772,643350.5186438668,0.02577470572959125,0.3200658660457094,0.2761783673242957,0.4198413764515842,6535.0,67859.0,36158884.0,261.75885033205816,16741.507769086827,165328.52213298067,4714169.049129772,643350.5186438668,0.02577470572959125,0.3200658660457094,0.2761783673242957,0.4198413764515842,5818.0,1476833.0,1300867562.0,294.85859545393606,16741.507769086827,165328.52213298067,4714169.049129772,643350.5186438668,0.02577470572959125,0.3200658660457094,0.2761783673242957,0.4198413764515842,6314.0,79565.0,48842532.0,246.2712675429205,16741.507769086827,165328.52213298067,4714169.049129772,643350.5186438668,0.02577470572959125,0.3200658660457094,0.2761783673242957,0.4198413764515842,5873.0,248196.0,192627969.0,280.16855467256937,16741.507769086827,165328.52213298067,4714169.049129772,643350.5186438668,0.02577470572959125,0.3200658660457094,0.2761783673242957,0.4198413764515842
5710.0,151161.0,117026015.0,290.01460266742555,16741.507769086827,165328.52213298067,4714169.049129772,643350.5186438668,0.02577470572959125,0.3200658660457094,0.2761783673242957,0.4198413764515842,6535.0,67859.0,36158884.0,261.75885033205816,16741.507769086827,165328.52213298067,4714169.049129772,643350.5186438668,0.02577470572959125,0.3200658660457094,0.2761783673242957,0.4198413764515842,5818.0,1476833.0,1300867562.0,294.85859545393606,16741.507769086827,165328.52213298067,4714169.049129772,643350.5186438668,0.02577470572959125,0.3200658660457094,0.2761783673242957,0.4198413764515842,6314.0,79565.0,48842532.0,246.2712675429205,16741.507769086827,165328.52213298067,4714169.049129772,643350.5186438668,0.02577470572959125,0.3200658660457094,0.2761783673242957,0.4198413764515842,5873.0,248196.0,192627969.0,280.16855467256937,16741.507769086827,165328.52213298067,4714169.049129772,643350.5186438668,0.02577470572959125,0.3200658660457094,0.2761783673242957,0.4198413764515842,5775.0,118878.0,84598011.0,279.8486262550649,16741.507769086827,165328.52213298067,4714169.049129772,643350.5186438668,0.02577470572959125,0.3200658660457094,0.2761783673242957,0.4198413764515842
6535.0,67859.0,36158884.0,261.75885033205816,16741.507769086827,165328.52213298067,4714169.049129772,643350.5186438668,0.02577470572959125,0.3200658660457094,0.2761783673242957,0.4198413764515842,5818.0,1476833.0,1300867562.0,294.85859545393606,16741.507769086827,165328.52213298067,4714169.049129772,643350.5186438668,0.02577470572959125,0.3200658660457094,0.2761783673242957,0.4198413764515842,6314.0,79565.0,48842532.0,246.2712675429205,16741.507769086827,165328.52213298067,4714169.049129772,643350.5186438668,0.02577470572959125,0.3200658660457094,0.2761783673242957,0.4198413764515842,5873.0,248196.0,192627969.0,280.16855467256937,16741.507769086827,165328.52213298067,4714169.049129772,643350.5186438668,0.02577470572959125,0.3200658660457094,0.2761783673242957,0.4198413764515842,5775.0,118878.0,84598011.0,279.8486262550649,16741.507769086827,165328.52213298067,4714169.049129772,643350.5186438668,0.02577470572959125,0.3200658660457094,0.2761783673242957,0.4198413764515842,5642.0,40683.0,16045491.0,304.0866327557604,16741.507769086827,165328.52213298067,4714169.049129772,643350.5186438668,0.02577470572959125,0.3200658660457094,0.2761783673242957,0.4198413764515842
5818.0,1476833.0,1300867562.0,294.85859545393606,16741.507769086827,165328.52213298067,4714169.049129772,643350.5186438668,0.02577470572959125,0.3200658660457094,0.2761783673242957,0.4198413764515842,6314.0,79565.0,48842532.0,246.2712675429205,16741.507769086827,165328.52213298067,4714169.049129772,643350.5186438668,0.02577470572959125,0.3200658660457094,0.2761783673242957,0.4198413764515842,5873.0,248196.0,192627969.0,280.16855467256937,16741.507769086827,165328.52213298067,4714169.049129772,643350.5186438668,0.02577470572959125,0.3200658660457094,0.2761783673242957,0.4198413764515842,5775.0,118878.0,84598011.0,279.8486262550649,16741.507769086827,165328.52213298067,4714169.049129772,643350.5186438668,0.02577470572959125,0.3200658660457094,0.2761783673242957,0.4198413764515842,5642.0,40683.0,16045491.0,304.0866327557604,16741.507769086827,165328.52213298067,4714169.049129772,643350.5186438668,0.02577470572959125,0.3200658660457094,0.2761783673242957,0.4198413764515842,5947.0,336666.0,252091281.0,285.7224288501766,16741.507769086827,165328.52213298067,4714169.049129772,643350.5186438668,0.02577470572959125,0.3200658660457094,0.2761783673242957,0.4198413764515842
6314.0,79565.0,48842532.0,246.2712675429205,16741.507769086827,165328.52213298067,4714169.049129772,643350.5186438668,0.02577470572959125,0.3200658660457094,0.2761783673242957,0.4198413764515842,5873.0,248196.0,192627969.0,280.16855467256937,16741.507769086827,165328.52213298067,4714169.049129772,643350.5186438668,0.02577470572959125,0.3200658660457094,0.2761783673242957,0.4198413764515842,5775.0,118878.0,84598011.0,279.8486262550649,16741.507769086827,165328.52213298067,4714169.049129772,643350.5186438668,0.02577470572959125,0.3200658660457094,0.2761783673242957,0.4198413764515842,5642.0,40683.0,16045491.0,304.0866327557604,16741.507769086827,165328.52213298067,4714169.049129772,643350.5186438668,0.02577470572959125,0.3200658660457094,0.2761783673242957,0.4198413764515842,5947.0,336666.0,252091281.0,285.7224288501766,16741.507769086827,165328.52213298067,4714169.049129772,643350.5186438668,0.02577470572959125,0.3200658660457094,0.2761783673242957,0.4198413764515842,6623.0,386804.0,131174416.0,557.4007951189793,16741.507769086827,165328.52213298067,4714169.049129772,643350.5186438668,0.02577470572959125,0.3200658660457094,0.2761783673242957,0.4198413764515842
5873.0,248196.0,192627969.0,280.16855467256937,16741.507769086827,165328.52213298067,4714169.049129772,643350.5186438668,0.02577470572959125,0.3200658660457094,0.2761783673242957,0.4198413764515842,5775.0,118878.0,84598011.0,279.8486262550649,16741.507769086827,165328.52213298067,4714169.049129772,643350.5186438668,0.02577470572959125,0.3200658660457094,0.2761783673242957,0.4198413764515842,5642.0,40683.0,16045491.0,304.0866327557604,16741.507769086827,165328.52213298067,4714169.049129772,643350.5186438668,0.02577470572959125,0.3200658660457094,0.2761783673242957,0.4198413764515842,5947.0,336666.0,252091281.0,285.7224288501766,16741.507769086827,165328.52213298067,4714169.049129772,643350.5186438668,0.02577470572959125,0.3200658660457094,0.2761783673242957,0.4198413764515842,6623.0,386804.0,131174416.0,557.4007951189793,16741.507769086827,165328.52213298067,4714169.049129772,643350.5186438668,0.02577470572959125,0.3200658660457094,0.2761783673242957,0.4198413764515842,6678.0,174030.0,55859571.0,575.2572419161426,16741.507769086827,165328.52213298067,4714169.049129772,643350.5186438668,0.02577470572959125,0.3200658660457094,0.2761783673242957,0.4198413764515842
5775.0,118878.0,84598011.0,279.8486262550649,16741.507769086827,165328.52213298067,4714169.049129772,643350.5186438668,0.02577470572959125,0.3200658660457094,0.2761783673242957,0.4198413764515842,5642.0,40683.0,16045491.0,304.0866327557604,16741.507769086827,165328.52213298067,4714169.049129772,643350.5186438668,0.02577470572959125,0.3200658660457094,0.2761783673242957,0.4198413764515842,5947.0,336666.0,252091281.0,285.7224288501766,16741.507769086827,165328.52213298067,4714169.049129772,643350.5186438668,0.02577470572959125,0.3200658660457094,0.2761783673242957,0.4198413764515842,6623.0,386804.0,131174416.0,557.4007951189793,16741.507769086827,165328.52213298067,4714169.049129772,643350.5186438668,0.02577470572959125,0.3200658660457094,0.2761783673242957,0.4198413764515842,6678.0,174030.0,55859571.0,575.2572419161426,16741.507769086827,165328.52213298067,4714169.049129772,643350.5186438668,0.02577470572959125,0.3200658660457094,0.2761783673242957,0.4198413764515842,7203.0,152846.0,76049716.0,523.0939980526169,16741.507769086827,165328.52213298067,4714169.049129772,643350.5186438668,0.02577470572959125,0.3200658660457094,0.2761783673242957,0.4198413764515842
5642.0,40683.0,16045491.0,304.0866327557604,16741.507769086827,165328.52213298067,4714169.049129772,643350.5186438668,0.02577470572959125,0.3200658660457094,0.2761783673242957,0.4198413764515842,5947.0,336666.0,252091281.0,285.7224288501766,16741.507769086827,165328.52213298067,4714169.049129772,643350.5186438668,0.02577470572959125,0.3200658660457094,0.2761783673242957,0.4198413764515842,6623.0,386804.0,131174416.0,557.4007951189793,16741.507769086827,165328.52213298067,4714169.049129772,643350.5186438668,0.02577470572959125,0.3200658660457094,0.2761783673242957,0.4198413764515842,6678.0,174030.0,55859571.0,575.2572419161426,16741.507769086827,165328.52213298067,4714169.049129772,643350.5186438668,0.02577470572959125,0.3200658660457094,0.2761783673242957,0.4198413764515842,7203.0,152846.0,76049716.0,523.0939980526169,16741.507769086827,165328.52213298067,4714169.049129772,643350.5186438668,0.02577470572959125,0.3200658660457094,0.2761783673242957,0.4198413764515842,7154.0,86413.0,43144517.0,492.0144491934582,16741.507769086827,165328.52213298067,4714169.049129772,643350.5186438668,0.02577470572959125,0.3200658660457094,0.2761783673242957,0.4198413764515842
5947.0,336666.0,252091281.0,285.7224288501766,16741.507769086827,165328.52213298067,4714169.049129772,643350.5186438668,0.02577470572959125,0.3200658660457094,0.2761783673242957,0.4198413764515842,6623.0,386804.0,131174416.0,557.4007951189793,16741.507769086827,165328.52213298067,4714169.049129772,643350.5186438668,0.02577470572959125,0.3200658660457094,0.2761783673242957,0.4198413764515842,6678.0,174030.0,55859571.0,575.2572419161426,16741.507769086827,165328.52213298067,4714169.049129772,643350.5186438668,0.02577470572959125,0.3200658660457094,0.2761783673242957,0.4198413764515842,7203.0,152846.0,76049716.0,523.0939980526169,16741.507769086827,165328.52213298067,4714169.049129772,643350.5186438668,0.02577470572959125,0.3200658660457094,0.2761783673242957,0.4198413764515842,7154.0,86413.0,43144517.0,492.0144491934582,16741.507769086827,165328.52213298067,4714169.049129772,643350.5186438668,0.02577470572959125,0.3200658660457094,0.2761783673242957,0.4198413764515842,7883.0,126422.0,83968472.0,457.7672813390841,16741.507769086827,165328.52213298067,4714169.049129772,643350.5186438668,0.02577470572959125,0.3200658660457094,0.2761783673242957,0.4198413764515842
6623.0,386804.0,131174416.0,557.4007951189793,16741.507769086827,165328.52213298067,4714169.049129772,643350.5186438668,0.02577470572959125,0.3200658660457094,0.2761783673242957,0.4198413764515842,6678.0,174030.0,55859571.0,575.2572419161426,16741.507769086827,165328.52213298067,4714169.049129772,643350.5186438668,0.02577470572959125,0.3200658660457094,0.2761783673242957,0.4198413764515842,7203.0,152846.0,76049716.0,523.0939980526169,16741.507769086827,165328.52213298067,4714169.049129772,643350.5186438668,0.02577470572959125,0.3200658660457094,0.2761783673242957,0.4198413764515842,7154.0,86413.0,43144517.0,492.0144491934582,16741.507769086827,165328.52213298067,4714169.049129772,643350.5186438668,0.02577470572959125,0.3200658660457094,0.2761783673242957,0.4198413764515842,7883.0,126422.0,83968472.0,457.7672813390841,16741.507769086827,165328.52213298067,4714169.049129772,643350.5186438668,0.02577470572959125,0.3200658660457094,0.2761783673242957,0.4198413764515842,6391.0,136551.0,97399513.0,575.880105725708,16741.507769086827,165328.52213298067,4714169.049129772,643350.5186438668,0.02577470572959125,0.3200658660457094,0.2761783673242957,0.4198413764515842
6678.0,174030.0,55859571.0,575.2572419161426,16741.507769086827,165328.52213298067,4714169.049129772,643350.5186438668,0.02577470572959125,0.3200658660457094,0.2761783673242957,0.4198413764515842,7203.0,152846.0,76049716.0,523.0939980526169,16741.507769086827,165328.52213298067,4714169.049129772,643350.5186438668,0.02577470572959125,0.3200658660457094,0.2761783673242957,0.4198413764515842,7154.0,86413.0,43144517.0,492.0144491934582,16741.507769086827,165328.52213298067,4714169.049129772,643350.5186438668,0.02577470572959125,0.3200658660457094,0.2761783673242957,0.4198413764515842,7883.0,126422.0,83968472.0,457.7672813390841,16741.507769086827,165328.52213298067,4714169.049129772,643350.5186438668,0.02577470572959125,0.3200658660457094,0.2761783673242957,0.4198413764515842,6391.0,136551.0,97399513.0,575.880105725708,16741.507769086827,165328.52213298067,4714169.049129772,643350.5186438668,0.02577470572959125,0.3200658660457094,0.2761783673242957,0.4198413764515842,6923.0,74398.0,29215904.0,614.1137306462516,16741.507769086827,165328.52213298067,4714169.049129772,643350.5186438668,0.02577470572959125,0.3200658660457094,0.2761783673242957,0.4198413764515842
7203.0,152846.0,76049716.0,523.0939980526169,16741.507769086827,165328.52213298067,4714169.049129772,643350.5186438668,0.02577470572959125,0.3200658660457094,0.2761783673242957,0.4198413764515842,7154.0,86413.0,43144517.0,492.0144491934582,16741.507769086827,165328.52213298067,4714169.049129772,643350.5186438668,0.02577470572959125,0.3200658660457094,0.2761783673242957,0.4198413764515842,7883.0,126422.0,83968472.0,457.7672813390841,16741.507769086827,165328.52213298067,4714169.049129772,643350.5186438668,0.02577470572959125,0.3200658660457094,0.2761783673242957,0.4198413764515842,6391.0,136551.0,97399513.0,575.880105725708,16741.507769086827,165328.52213298067,4714169.049129772,643350.5186438668,0.02577470572959125,0.3200658660457094,0.2761783673242957,0.4198413764515842,6923.0,74398.0,29215904.0,614.1137306462516,16741.507769086827,165328.52213298067,4714169.049129772,643350.5186438668,0.02577470572959125,0.3200658660457094,0.2761783673242957,0.4198413764515842,7280.0,79360.0,34264200.0,510.1440366980769,16741.507769086827,165328.52213298067,4714169.049129772,643350.5186438668,0.02577470572959125,0.3200658660457094,0.2761783673242957,0.4198413764515842
7154.0,86413.0,43144517.0,492.0144491934582,16741.507769086827,165328.52213298067,4714169.049129772,643350.5186438668,0.02577470572959125,0.3200658660457094,0.2761783673242957,0.4198413764515842,7883.0,126422.0,83968472.0,457.7672813390841,16741.507769086827,165328.52213298067,4714169.049129772,643350.5186438668,0.02577470572959125,0.3200658660457094,0.2761783673242957,0.4198413764515842,6391.0,136551.0,97399513.0,575.880105725708,16741.507769086827,165328.52213298067,4714169.049129772,643350.5186438668,0.02577470572959125,0.3200658660457094,0.2761783673242957,0.4198413764515842,6923.0,74398.0,29215904.0,614.1137306462516,16741.507769086827,165328.52213298067,4714169.049129772,643350.5186438668,0.02577470572959125,0.3200658660457094,0.2761783673242957,0.4198413764515842,7280.0,79360.0,34264200.0,510.1440366980769,16741.507769086827,165328.52213298067,4714169.049129772,643350.5186438668,0.02577470572959125,0.3200658660457094,0.2761783673242957,0.4198413764515842,7478.0,116790.0,57101489.0,498.7713448581172,16741.507769086827,165328.52213298067,4714169.049129772,643350.5186438668,0.02577470572959125,0.3200658660457094,0.2761783673242957,0.4198413764515842
7883.0,126422.0,83968472.0,457.7672813390841,16741.507769086827,165328.52213298067,4714169.049129772,643350.5186438668,0.02577470572959125,0.3200658660457094,0.2761783673242957,0.4198413764515842,6391.0,136551.0,97399513.0,575.880105725708,16741.507769086827,165328.52213298067,4714169.049129772,643350.5186438668,0.02577470572959125,0.3200658660457094,0.2761783673242957,0.4198413764515842,6923.0,74398.0,29215904.0,614.1137306462516,16741.507769086827,165328.52213298067,4714169.049129772,643350.5186438668,0.02577470572959125,0.3200658660457094,0.2761783673242957,0.4198413764515842,7280.0,79360.0,34264200.0,510.1440366980769,16741.507769086827,165328.52213298067,4714169.049129772,643350.5186438668,0.02577470572959125,0.3200658660457094,0.2761783673242957,0.4198413764515842,7478.0,116790.0,57101489.0,498.7713448581172,16741.507769086827,165328.52213298067,4714169.049129772,643350.5186438668,0.02577470572959125,0.3200658660457094,0.2761783673242957,0.4198413764515842,6777.0,129102.0,75771230.0,627.22096830574,16741.507769086827,165328.52213298067,4714169.049129772,643350.5186438668,0.02577470572959125,0.3200658660457094,0.2761783673242957,0.4198413764515842
6391.0,136551.0,97399513.0,575.880105725708,16741.507769086827,165328.52213298067,4714169.049129772,643350.5186438668,0.02577470572959125,0.3200658660457094,0.2761783673242957,0.4198413764515842,6923.0,74398.0,29215904.0,614.1137306462516,16741.507769086827,165328.52213298067,4714169.049129772,643350.5186438668,0.02577470572959125,0.3200658660457094,0.2761783673242957,0.4198413764515842,7280.0,79360.0,34264200.0,510.1440366980769,16741.507769086827,165328.52213298067,4714169.049129772,643350.5186438668,0.02577470572959125,0.3200658660457094,0.2761783673242957,0.4198413764515842,7478.0,116790.0,57101489.0,498.7713448581172,16741.507769086827,165328.52213298067,4714169.049129772,643350.5186438668,0.02577470572959125,0.3200658660457094,0.2761783673242957,0.4198413764515842,6777.0,129102.0,75771230.0,627.22096830574,16741.507769086827,165328.52213298067,4714169.049129772,643350.5186438668,0.02577470572959125,0.3200658660457094,0.2761783673242957,0.4198413764515842,7711.0,88145.0,42050550.0,554.3165333999481,16741.507769086827,165328.52213298067,4714169.049129772,643350.5186438668,0.02577470572959125,0.3200658660457094,0.2761783673242957,0.4198413764515842
6923.0,74398.0,29215904.0,614.1137306462516,16741.507769086827,165328.52213298067,4714169.049129772,643350.5186438668,0.02577470572959125,0.3200658660457094,0.2761783673242957,0.4198413764515842,7280.0,79360.0,34264200.0,510.1440366980769,16741.507769086827,165328.52213298067,4714169.049129772,643350.5186438668,0.02577470572959125,0.3200658660457094,0.2761783673242957,0.4198413764515842,7478.0,116790.0,57101489.0,498.7713448581172,16741.507769086827,165328.52213298067,4714169.049129772,643350.5186438668,0.02577470572959125,0.3200658660457094,0.2761783673242957,0.4198413764515842,6777.0,129102.0,75771230.0,627.22096830574,16741.507769086827,165328.52213298067,4714169.049129772,643350.5186438668,0.02577470572959125,0.3200658660457094,0.2761783673242957,0.4198413764515842,7711.0,88145.0,42050550.0,554.3165333999481,16741.507769086827,165328.52213298067,4714169.049129772,643350.5186438668,0.02577470572959125,0.3200658660457094,0.2761783673242957,0.4198413764515842,6689.0,92231.0,53785139.0,613.6992422249963,16741.507769086827,165328.52213298067,4714169.049129772,643350.5186438668,0.02577470572959125,0.3200658660457094,0.2761783673242957,0.4198413764515842
7280.0,79360.0,34264200.0,510.1440366980769,16741.507769086827,165328.52213298067,4714169.049129772,643350.5186438668,0.02577470572959125,0.3200658660457094,0.2761783673242957,0.4198413764515842,7478.0,116790.0,57101489.0,498.7713448581172,16741.507769086827,165328.52213298067,4714169.049129772,643350.5186438668,0.02577470572959125,0.3200658660457094,0.2761783673242957,0.4198413764515842,6777.0,129102.0,75771230.0,627.22096830574,16741.507769086827,165328.52213298067,4714169.049129772,643350.5186438668,0.02577470572959125,0.3200658660457094,0.2761783673242957,0.4198413764515842,7711.0,88145.0,42050550.0,554.3165333999481,16741.507769086827,165328.52213298067,4714169.049129772,643350.5186438668,0.02577470572959125,0.3200658660457094,0.2761783673242957,0.4198413764515842,6689.0,92231.0,53785139.0,613.6992422249963,16741.507769086827,165328.52213298067,4714169.049129772,643350.5186438668,0.02577470572959125,0.3200658660457094,0.2761783673242957,0.4198413764515842,7077.0,122163.0,73503849.0,575.6049561534549,16741.507769086827,165328.52213298067,4714169.049129772,643350.5186438668,0.02577470572959125,0.3200658660457094,0.2761783673242957,0.4198413764515842
7478.0,116790.0,57101489.0,498.7713448581172,16741.507769086827,165328.52213298067,4714169.049129772,643350.5186438668,0.02577470572959125,0.3200658660457094,0.2761783673242957,0.4198413764515842,6777.0,129102.0,75771230.0,627.22096830574,16741.507769086827,165328.52213298067,4714169.049129772,643350.5186438668,0.02577470572959125,0.3200658660457094,0.2761783673242957,0.4198413764515842,7711.0,88145.0,42050550.0,554.3165333999481,16741.507769086827,165328.52213298067,4714169.049129772,643350.5186438668,0.02577470572959125,0.3200658660457094,0.2761783673242957,0.4198413764515842,6689.0,92231.0,53785139.0,613.6992422249963,16741.507769086827,165328.52213298067,4714169.049129772,643350.5186438668,0.02577470572959125,0.3200658660457094,0.2761783673242957,0.4198413764515842,7077.0,122163.0,73503849.0,575.6049561534549,16741.507769086827,165328.52213298067,4714169.049129772,643350.5186438668,0.02577470572959125,0.3200658660457094,0.2761783673242957,0.4198413764515842,8054.0,190997.0,145058914.0,500.1677266124907,16741.507769086827,165328.52213298067,4714169.049129772,643350.5186438668,0.02577470572959125,0.3200658660457094,0.2761783673242957,0.4198413764515842
6777.0,129102.0,75771230.0,627.22096830574,16741.507769086827,165328.52213298067,4714169.049129772,643350.5186438668,0.02577470572959125,0.3200658660457094,0.2761783673242957,0.4198413764515842,7711.0,88145.0,42050550.0,554.3165333999481,16741.507769086827,165328.52213298067,4714169.049129772,643350.5186438668,0.02577470572959125,0.3200658660457094,0.2761783673242957,0.4198413764515842,6689.0,92231.0,53785139.0,613.6992422249963,16741.507769086827,165328.52213298067,4714169.049129772,643350.5186438668,0.02577470572959125,0.3200658660457094,0.2761783673242957,0.4198413764515842,7077.0,122163.0,73503849.0,575.6049561534549,16741.507769086827,165328.52213298067,4714169.049129772,643350.5186438668,0.02577470572959125,0.3200658660457094,0.2761783673242957,0.4198413764515842,8054.0,190997.0,145058914.0,500.1677266124907,16741.507769086827,165328.52213298067,4714169.049129772,643350.5186438668,0.02577470572959125,0.3200658660457094,0.2761783673242957,0.4198413764515842,10305.0,83149.0,39209853.0,354.88608764492966,16741.507769086827,165328.52213298067,4714169.049129772,643350.5186438668,0.02577470572959125,0.3200658660457094,0.2761783673242957,0.4198413764515842
7711.0,88145.0,42050550.0,554.3165333999481,16741.507769086827,165328.52213298067,4714169.049129772,643350.5186438668,0.02577470572959125,0.3200658660457094,0.2761783673242957,0.4198413764515842,6689.0,92231.0,53785139.0,613.6992422249963,16741.507769086827,165328.52213298067,4714169.049129772,643350.5186438668,0.02577470572959125,0.3200658660457094,0.2761783673242957,0.4198413764515842,7077.0,122163.0,73503849.0,575.6049561534549,16741.507769086827,165328.52213298067,4714169.049129772,643350.5186438668,0.02577470572959125,0.3200658660457094,0.2761783673242957,0.4198413764515842,8054.0,190997.0,145058914.0,500.1677266124907,16741.507769086827,165328.52213298067,4714169.049129772,643350.5186438668,0.02577470572959125,0.3200658660457094,0.2761783673242957,0.4198413764515842,10305.0,83149.0,39209853.0,354.88608764492966,16741.507769086827,165328.52213298067,4714169.049129772,643350.5186438668,0.02577470572959125,0.3200658660457094,0.2761783673242957,0.4198413764515842,6451.0,202305.0,144030142.0,549.3918899764377,16741.507769086827,165328.52213298067,4714169.049129772,643350.5186438668,0.02577470572959125,0.3200658660457094,0.2761783673242957,0.4198413764515842
6689.0,92231.0,53785139.0,613.6992422249963,16741.507769086827,165328.52213298067,4714169.049129772,643350.5186438668,0.02577470572959125,0.3200658660457094,0.2761783673242957,0.4198413764515842,7077.0,122163.0,73503849.0,575.6049561534549,16741.507769086827,165328.52213298067,4714169.049129772,643350.5186438668,0.02577470572959125,0.3200658660457094,0.2761783673242957,0.4198413764515842,8054.0,190997.0,145058914.0,500.1677266124907,16741.507769086827,165328.52213298067,4714169.049129772,643350.5186438668,0.02577470572959125,0.3200658660457094,0.2761783673242957,0.4198413764515842,10305.0,83149.0,39209853.0,354.88608764492966,16741.507769086827,165328.52213298067,4714169.049129772,643350.5186438668,0.02577470572959125,0.3200658660457094,0.2761783673242957,0.4198413764515842,6451.0,202305.0,144030142.0,549.3918899764377,16741.507769086827,165328.52213298067,4714169.049129772,643350.5186438668,0.02577470572959125,0.3200658660457094,0.2761783673242957,0.4198413764515842,6263.0,408604.0,359615281.0,603.6089930919687,16741.507769086827,165328.52213298067,4714169.049129772,643350.5186438668,0.02577470572959125,0.3200658660457094,0.2761783673242957,0.4198413764515842
7077.0,122163.0,73503849.0,575.6049561534549,16741.507769086827,165328.52213298067,4714169.049129772,643350.5186438668,0.02577470572959125,0.3200658660457094,0.2761783673242957,0.4198413764515842,8054.0,190997.0,145058914.0,500.1677266124907,16741.507769086827,165328.52213298067,4714169.049129772,643350.5186438668,0.02577470572959125,0.3200658660457094,0.2761783673242957,0.4198413764515842,10305.0,83149.0,39209853.0,354.88608764492966,16741.507769086827,165328.52213298067,4714169.049129772,643350.5186438668,0.02577470572959125,0.3200658660457094,0.2761783673242957,0.4198413764515842,6451.0,202305.0,144030142.0,549.3918899764377,16741.507769086827,165328.52213298067,4714169.049129772,643350.5186438668,0.02577470572959125,0.3200658660457094,0.2761783673242957,0.4198413764515842,6263.0,408604.0,359615281.0,603.6089930919687,16741.507769086827,165328.52213298067,4714169.049129772,643350.5186438668,0.02577470572959125,0.3200658660457094,0.2761783673242957,0.4198413764515842,7206.0,126113.0,85029485.0,540.4873791387732,16741.507769086827,165328.52213298067,4714169.049129772,643350.5186438668,0.02577470572959125,0.3200658660457094,0.2761783673242957,0.4198413764515842
8054.0,190997.0,145058914.0,500.1677266124907,16741.507769086827,165328.52213298067,4714169.049129772,643350.5186438668,0.02577470572959125,0.3200658660457094,0.2761783673242957,0.4198413764515842,10305.0,83149.0,39209853.0,354.88608764492966,16741.507769086827,165328.52213298067,4714169.049129772,643350.5186438668,0.02577470572959125,0.3200658660457094,0.2761783673242957,0.4198413764515842,6451.0,202305.0,144030142.0,549.3918899764377,16741.507769086827,165328.52213298067,4714169.049129772,643350.5186438668,0.02577470572959125,0.3200658660457094,0.2761783673242957,0.4198413764515842,6263.0,408604.0,359615281.0,603.6089930919687,16741.507769086827,165328.52213298067,4714169.049129772,643350.5186438668,0.02577470572959125,0.3200658660457094,0.2761783673242957,0.4198413764515842,7206.0,126113.0,85029485.0,540.4873791387732,16741.507769086827,165328.52213298067,4714169.049129772,643350.5186438668,0.02577470572959125,0.3200658660457094,0.2761783673242957,0.4198413764515842,7200.0,241703.0,171151450.0,573.5911411566667,16741.507769086827,165328.52213298067,4714169.049129772,643350.5186438668,0.02577470572959125,0.3200658660457094,0.2761783673242957,0.4198413764515842
10305.0,83149.0,39209853.0,354.88608764492966,16741.507769086827,165328.52213298067,4714169.049129772,643350.5186438668,0.02577470572959125,0.3200658660457094,0.2761783673242957,0.4198413764515842,6451.0,202305.0,144030142.0,549.3918899764377,16741.507769086827,165328.52213298067,4714169.049129772,643350.5186438668,0.02577470572959125,0.3200658660457094,0.2761783673242957,0.4198413764515842,6263.0,408604.0,359615281.0,603.6089930919687,16741.507769086827,165328.52213298067,4714169.049129772,643350.5186438668,0.02577470572959125,0.3200658660457094,0.2761783673242957,0.4198413764515842,7206.0,126113.0,85029485.0,540.4873791387732,16741.507769086827,165328.52213298067,4714169.049129772,643350.5186438668,0.02577470572959125,0.3200658660457094,0.2761783673242957,0.4198413764515842,7200.0,241703.0,171151450.0,573.5911411566667,16741.507769086827,165328.52213298067,4714169.049129772,643350.5186438668,0.02577470572959125,0.3200658660457094,0.2761783673242957,0.4198413764515842,7694.0,175441.0,118323544.0,511.93841407213415,16741.507769086827,165328.52213298067,4714169.049129772,643350.5186438668,0.02577470572959125,0.3200658660457094,0.2761783673242957,0.4198413764515842
6451.0,202305.0,144030142.0,549.3918899764377,16741.507769086827,165328.52213298067,4714169.049129772,643350.5186438668,0.02577470572959125,0.3200658660457094,0.2761783673242957,0.4198413764515842,6263.0,408604.0,359615281.0,603.6089930919687,16741.507769086827,165328.52213298067,4714169.049129772,643350.5186438668,0.02577470572959125,0.3200658660457094,0.2761783673242957,0.4198413764515842,7206.0,126113.0,85029485.0,540.4873791387732,16741.507769086827,165328.52213298067,4714169.049129772,643350.5186438668,0.02577470572959125,0.3200658660457094,0.2761783673242957,0.4198413764515842,7200.0,241703.0,171151450.0,573.5911411566667,16741.507769086827,165328.52213298067,4714169.049129772,643350.5186438668,0.02577470572959125,0.3200658660457094,0.2761783673242957,0.4198413764515842,7694.0,175441.0,118323544.0,511.93841407213415,16741.507769086827,165328.52213298067,4714169.049129772,643350.5186438668,0.02577470572959125,0.3200658660457094,0.2761783673242957,0.4198413764515842,6402.0,57446.0,25267975.0,614.0393546044986,16741.507769086827,165328.52213298067,4714169.049129772,643350.5186438668,0.02577470572959125,0.3200658660457094,0.2761783673242957,0.4198413764515842
6263.0,408604.0,359615281.0,603.6089930919687,16741.507769086827,165328.52213298067,4714169.049129772,643350.5186438668,0.02577470572959125,0.3200658660457094,0.2761783673242957,0.4198413764515842,7206.0,126113.0,85029485.0,540.4873791387732,16741.507769086827,165328.52213298067,4714169.049129772,643350.5186438668,0.02577470572959125,0.3200658660457094,0.2761783673242957,0.4198413764515842,7200.0,241703.0,171151450.0,573.5911411566667,16741.507769086827,165328.52213298067,4714169.049129772,643350.5186438668,0.02577470572959125,0.3200658660457094,0.2761783673242957,0.4198413764515842,7694.0,175441.0,118323544.0,511.93841407213415,16741.507769086827,165328.52213298067,4714169.049129772,643350.5186438668,0.02577470572959125,0.3200658660457094,0.2761783673242957,0.4198413764515842,6402.0,57446.0,25267975.0,614.0393546044986,16741.507769086827,165328.52213298067,4714169.049129772,643350.5186438668,0.02577470572959125,0.3200658660457094,0.2761783673242957,0.4198413764515842,7107.0,92797.0,57392217.0,517.9397886676516,16741.507769086827,165328.52213298067,4714169.049129772,643350.5186438668,0.02577470572959125,0.3200658660457094,0.2761783673242957,0.4198413764515842
7206.0,126113.0,85029485.0,540.4873791387732,16741.507769086827,165328.52213298067,4714169.049129772,643350.5186438668,0.02577470572959125,0.3200658660457094,0.2761783673242957,0.4198413764515842,7200.0,241703.0,171151450.0,573.5911411566667,16741.507769086827,165328.52213298067,4714169.049129772,643350.5186438668,0.02577470572959125,0.3200658660457094,0.2761783673242957,0.4198413764515842,7694.0,175441.0,118323544.0,511.93841407213415,16741.507769086827,165328.52213298067,4714169.049129772,643350.5186438668,0.02577470572959125,0.3200658660457094,0.2761783673242957,0.4198413764515842,6402.0,57446.0,25267975.0,614.0393546044986,16741.507769086827,165328.52213298067,4714169.049129772,643350.5186438668,0.02577470572959125,0.3200658660457094,0.2761783673242957,0.4198413764515842,7107.0,92797.0,57392217.0,517.9397886676516,16741.507769086827,165328.52213298067,4714169.049129772,643350.5186438668,0.02577470572959125,0.3200658660457094,0.2761783673242957,0.4198413764515842,7366.0,127647.0,76145930.0,528.4871170920445,16741.507769086827,165328.52213298067,4714169.049129772,643350.5186438668,0.02577470572959125,0.3200658660457094,0.2761783673242957,0.4198413764515842
7200.0,241703.0,171151450.0,573.5911411566667,16741.507769086827,165328.52213298067,4714169.049129772,643350.5186438668,0.02577470572959125,0.3200658660457094,0.2761783673242957,0.4198413764515842,7694.0,175441.0,118323544.0,511.93841407213415,16741.507769086827,165328.52213298067,4714169.049129772,643350.5186438668,0.02577470572959125,0.3200658660457094,0.2761783673242957,0.4198413764515842,6402.0,57446.0,25267975.0,614.0393546044986,16741.507769086827,165328.52213298067,4714169.049129772,643350.5186438668,0.02577470572959125,0.3200658660457094,0.2761783673242957,0.4198413764515842,7107.0,92797.0,57392217.0,517.9397886676516,16741.507769086827,165328.52213298067,4714169.049129772,643350.5186438668,0.02577470572959125,0.3200658660457094,0.2761783673242957,0.4198413764515842,7366.0,127647.0,76145930.0,528.4871170920445,16741.507769086827,165328.52213298067,4714169.049129772,643350.5186438668,0.02577470572959125,0.3200658660457094,0.2761783673242957,0.4198413764515842,7284.0,202181.0,166802120.0,552.0252559279241,16741.507769086827,165328.52213298067,4714169.049129772,643350.5186438668,0.02577470572959125,0.3200658660457094,0.2761783673242957,0.4198413764515842
7694.0,175441.0,118323544.0,511.93841407213415,16741.507769086827,165328.52213298067,4714169.049129772,643350.5186438668,0.02577470572959125,0.3200658660457094,0.2761783673242957,0.4198413764515842,6402.0,57446.0,25267975.0,614.0393546044986,16741.507769086827,165328.52213298067,4714169.049129772,643350.5186438668,0.02577470572959125,0.3200658660457094,0.2761783673242957,0.4198413764515842,7107.0,92797.0,57392217.0,517.9397886676516,16741.507769086827,165328.52213298067,4714169.049129772,643350.5186438668,0.02577470572959125,0.3200658660457094,0.2761783673242957,0.4198413764515842,7366.0,127647.0,76145930.0,528.4871170920445,16741.507769086827,165328.52213298067,4714169.049129772,643350.5186438668,0.02577470572959125,0.3200658660457094,0.2761783673242957,0.4198413764515842,7284.0,202181.0,166802120.0,552.0252559279241,16741.507769086827,165328.52213298067,4714169.049129772,643350.5186438668,0.02577470572959125,0.3200658660457094,0.2761783673242957,0.4198413764515842,7612.0,220882.0,207157716.0,486.6945953124015,16741.507769086827,165328.52213298067,4714169.049129772,643350.5186438668,0.02577470572959125,0.3200658660457094,0.2761783673242957,0.4198413764515842
6402.0,57446.0,25267975.0,614.0393546044986,16741.507769086827,165328.52213298067,4714169.049129772,643350.5186438668,0.02577470572959125,0.3200658660457094,0.2761783673242957,0.4198413764515842,7107.0,92797.0,57392217.0,517.9397886676516,16741.507769086827,165328.52213298067,4714169.049129772,643350.5186438668,0.02577470572959125,0.3200658660457094,0.2761783673242957,0.4198413764515842,7366.0,127647.0,76145930.0,528.4871170920445,16741.507769086827,165328.52213298067,4714169.049129772,643350.5186438668,0.02577470572959125,0.3200658660457094,0.2761783673242957,0.4198413764515842,7284.0,202181.0,166802120.0,552.0252559279241,16741.507769086827,165328.52213298067,4714169.049129772,643350.5186438668,0.02577470572959125,0.3200658660457094,0.2761783673242957,0.4198413764515842,7612.0,220882.0,207157716.0,486.6945953124015,16741.507769086827,165328.52213298067,4714169.049129772,643350.5186438668,0.02577470572959125,0.3200658660457094,0.2761783673242957,0.4198413764515842,7792.0,133735.0,79419031.0,489.4073818909137,16741.507769086827,165328.52213298067,4714169.049129772,643350.5186438668,0.02577470572959125,0.3200658660457094,0.2761783673242957,0.4198413764515842
7107.0,92797.0,57392217.0,517.9397886676516,16741.507769086827,165328.52213298067,4714169.049129772,643350.5186438668,0.02577470572959125,0.3200658660457094,0.2761783673242957,0.4198413764515842,7366.0,127647.0,76145930.0,528.4871170920445,16741.507769086827,165328.52213298067,4714169.049129772,643350.5186438668,0.02577470572959125,0.3200658660457094,0.2761783673242957,0.4198413764515842,7284.0,202181.0,166802120.0,552.0252559279241,16741.507769086827,165328.52213298067,4714169.049129772,643350.5186438668,0.02577470572959125,0.3200658660457094,0.2761783673242957,0.4198413764515842,7612.0,220882.0,207157716.0,486.6945953124015,16741.507769086827,165328.52213298067,4714169.049129772,643350.5186438668,0.02577470572959125,0.3200658660457094,0.2761783673242957,0.4198413764515842,7792.0,133735.0,79419031.0,489.4073818909137,16741.507769086827,165328.52213298067,4714169.049129772,643350.5186438668,0.02577470572959125,0.3200658660457094,0.2761783673242957,0.4198413764515842,8623.0,129365.0,78392717.0,470.522577477676,16741.507769086827,165328.52213298067,4714169.049129772,643350.5186438668,0.02577470572959125,0.3200658660457094,0.2761783673242957,0.4198413764515842
7366.0,127647.0,76145930.0,528.4871170920445,16741.507769086827,165328.52213298067,4714169.049129772,643350.5186438668,0.02577470572959125,0.3200658660457094,0.2761783673242957,0.4198413764515842,7284.0,202181.0,166802120.0,552.0252559279241,16741.507769086827,165328.52213298067,4714169.049129772,643350.5186438668,0.02577470572959125,0.3200658660457094,0.2761783673242957,0.4198413764515842,7612.0,220882.0,207157716.0,486.6945953124015,16741.507769086827,165328.52213298067,4714169.049129772,643350.5186438668,0.02577470572959125,0.3200658660457094,0.2761783673242957,0.4198413764515842,7792.0,133735.0,79419031.0,489.4073818909137,16741.507769086827,165328.52213298067,4714169.049129772,643350.5186438668,0.02577470572959125,0.3200658660457094,0.2761783673242957,0.4198413764515842,8623.0,129365.0,78392717.0,470.522577477676,16741.507769086827,165328.52213298067,4714169.049129772,643350.5186438668,0.02577470572959125,0.3200658660457094,0.2761783673242957,0.4198413764515842,7598.0,111074.0,63370880.0,511.9169390369834,16741.507769086827,165328.52213298067,4714169.049129772,643350.5186438668,0.02577470572959125,0.3200658660457094,0.2761783673242957,0.4198413764515842
7284.0,202181.0,166802120.0,552.0252559279241,16741.507769086827,165328.52213298067,4714169.049129772,643350.5186438668,0.02577470572959125,0.3200658660457094,0.2761783673242957,0.4198413764515842,7612.0,220882.0,207157716.0,486.6945953124015,16741.507769086827,165328.52213298067,4714169.049129772,643350.5186438668,0.02577470572959125,0.3200658660457094,0.2761783673242957,0.4198413764515842,7792.0,133735.0,79419031.0,489.4073818909137,16741.507769086827,165328.52213298067,4714169.049129772,643350.5186438668,0.02577470572959125,0.3200658660457094,0.2761783673242957,0.4198413764515842,8623.0,129365.0,78392717.0,470.522577477676,16741.507769086827,165328.52213298067,4714169.049129772,643350.5186438668,0.02577470572959125,0.3200658660457094,0.2761783673242957,0.4198413764515842,7598.0,111074.0,63370880.0,511.9169390369834,16741.507769086827,165328.52213298067,4714169.049129772,643350.5186438668,0.02577470572959125,0.3200658660457094,0.2761783673242957,0.4198413764515842,7498.0,76820.0,33504370.0,468.9726929431848,16741.507769086827,165328.52213298067,4714169.049129772,643350.5186438668,0.02577470572959125,0.3200658660457094,0.2761783673242957,0.4198413764515842
7612.0,220882.0,207157716.0,486.6945953124015,16741.507769086827,165328.52213298067,4714169.049129772,643350.5186438668,0.02577470572959125,0.3200658660457094,0.2761783673242957,0.4198413764515842,7792.0,133735.0,79419031.0,489.4073818909137,16741.507769086827,165328.52213298067,4714169.049129772,643350.5186438668,0.02577470572959125,0.3200658660457094,0.2761783673242957,0.4198413764515842,8623.0,129365.0,78392717.0,470.522577477676,16741.507769086827,165328.52213298067,4714169.049129772,643350.5186438668,0.02577470572959125,0.3200658660457094,0.2761783673242957,0.4198413764515842,7598.0,111074.0,63370880.0,511.9169390369834,16741.507769086827,165328.52213298067,4714169.049129772,643350.5186438668,0.02577470572959125,0.3200658660457094,0.2761783673242957,0.4198413764515842,7498.0,76820.0,33504370.0,468.9726929431848,16741.507769086827,165328.52213298067,4714169.049129772,643350.5186438668,0.02577470572959125,0.3200658660457094,0.2761783673242957,0.4198413764515842,8133.0,101222.0,52289681.0,441.5564175844092,16741.507769086827,165328.52213298067,4714169.049129772,643350.5186438668,0.02577470572959125,0.3200658660457094,0.2761783673242957,0.4198413764515842
7792.0,133735.0,79419031.0,489.4073818909137,16741.507769086827,165328.52213298067,4714169.049129772,643350.5186438668,0.02577470572959125,0.3200658660457094,0.2761783673242957,0.4198413764515842,8623.0,129365.0,78392717.0,470.522577477676,16741.507769086827,165328.52213298067,4714169.049129772,643350.5186438668,0.02577470572959125,0.3200658660457094,0.2761783673242957,0.4198413764515842,7598.0,111074.0,63370880.0,511.9169390369834,16741.507769086827,165328.52213298067,4714169.049129772,643350.5186438668,0.02577470572959125,0.3200658660457094,0.2761783673242957,0.4198413764515842,7498.0,76820.0,33504370.0,468.9726929431848,16741.507769086827,165328.52213298067,4714169.049129772,643350.5186438668,0.02577470572959125,0.3200658660457094,0.2761783673242957,0.4198413764515842,8133.0,101222.0,52289681.0,441.5564175844092,16741.507769086827,165328.52213298067,4714169.049129772,643350.5186438668,0.02577470572959125,0.3200658660457094,0.2761783673242957,0.4198413764515842,8436.0,812158.0,836066713.0,430.28929332159794,16741.507769086827,165328.52213298067,4714169.049129772,643350.5186438668,0.02577470572959125,0.3200658660457094,0.2761783673242957,0.4198413764515842
8623.0,129365.0,78392717.0,470.522577477676,16741.507769086827,165328.52213298067,4714169.049129772,643350.5186438668,0.02577470572959125,0.3200658660457094,0.2761783673242957,0.4198413764515842,7598.0,111074.0,63370880.0,511.9169390369834,16741.507769086827,165328.52213298067,4714169.049129772,643350.5186438668,0.02577470572959125,0.3200658660457094,0.2761783673242957,0.4198413764515842,7498.0,76820.0,33504370.0,468.9726929431848,16741.507769086827,165328.52213298067,4714169.049129772,643350.5186438668,0.02577470572959125,0.3200658660457094,0.2761783673242957,0.4198413764515842,8133.0,101222.0,52289681.0,441.5564175844092,16741.507769086827,165328.52213298067,4714169.049129772,643350.5186438668,0.02577470572959125,0.3200658660457094,0.2761783673242957,0.4198413764515842,8436.0,812158.0,836066713.0,430.28929332159794,16741.507769086827,165328.52213298067,4714169.049129772,643350.5186438668,0.02577470572959125,0.3200658660457094,0.2761783673242957,0.4198413764515842,8264.0,138301.0,107693648.0,449.9780511946999,16741.507769086827,165328.52213298067,4714169.049129772,643350.5186438668,0.02577470572959125,0.3200658660457094,0.2761783673242957,0.4198413764515842
7598.0,111074.0,63370880.0,511.9169390369834,16741.507769086827,165328.52213298067,4714169.049129772,643350.5186438668,0.02577470572959125,0.3200658660457094,0.2761783673242957,0.4198413764515842,7498.0,76820.0,33504370.0,468.9726929431848,16741.507769086827,165328.52213298067,4714169.049129772,643350.5186438668,0.02577470572959125,0.3200658660457094,0.2761783673242957,0.4198413764515842,8133.0,101222.0,52289681.0,441.5564175844092,16741.507769086827,165328.52213298067,4714169.049129772,643350.5186438668,0.02577470572959125,0.3200658660457094,0.2761783673242957,0.4198413764515842,8436.0,812158.0,836066713.0,430.28929332159794,16741.507769086827,165328.52213298067,4714169.049129772,643350.5186438668,0.02577470572959125,0.3200658660457094,0.2761783673242957,0.4198413764515842,8264.0,138301.0,107693648.0,449.9780511946999,16741.507769086827,165328.52213298067,4714169.049129772,643350.5186438668,0.02577470572959125,0.3200658660457094,0.2761783673242957,0.4198413764515842,7054.0,67747.0,34510435.0,500.8313156719592,16741.507769086827,165328.52213298067,4714169.049129772,643350.5186438668,0.02577470572959125,0.3200658660457094,0.2761783673242957,0.4198413764515842
7498.0,76820.0,33504370.0,468.9726929431848,16741.507769086827,165328.52213298067,4714169.049129772,643350.5186438668,0.02577470572959125,0.3200658660457094,0.2761783673242957,0.4198413764515842,8133.0,101222.0,52289681.0,441.5564175844092,16741.507769086827,165328.52213298067,4714169.049129772,643350.5186438668,0.02577470572959125,0.3200658660457094,0.2761783673242957,0.4198413764515842,8436.0,812158.0,836066713.0,430.28929332159794,16741.507769086827,165328.52213298067,4714169.049129772,643350.5186438668,0.02577470572959125,0.3200658660457094,0.2761783673242957,0.4198413764515842,8264.0,138301.0,107693648.0,449.9780511946999,16741.507769086827,165328.52213298067,4714169.049129772,643350.5186438668,0.02577470572959125,0.3200658660457094,0.2761783673242957,0.4198413764515842,7054.0,67747.0,34510435.0,500.8313156719592,16741.507769086827,165328.52213298067,4714169.049129772,643350.5186438668,0.02577470572959125,0.3200658660457094,0.2761783673242957,0.4198413764515842,7763.0,68673.0,28415844.0,472.9589568687363,16741.507769086827,165328.52213298067,4714169.049129772,643350.5186438668,0.02577470572959125,0.3200658660457094,0.2761783673242957,0.4198413764515842
8133.0,101222.0,52289681.0,441.5564175844092,16741.507769086827,165328.52213298067,4714169.049129772,643350.5186438668,0.02577470572959125,0.3200658660457094,0.2761783673242957,0.4198413764515842,8436.0,812158.0,836066713.0,430.28929332159794,16741.507769086827,165328.52213298067,4714169.049129772,643350.5186438668,0.02577470572959125,0.3200658660457094,0.2761783673242957,0.4198413764515842,8264.0,138301.0,107693648.0,449.9780511946999,16741.507769086827,165328.52213298067,4714169.049129772,643350.5186438668,0.02577470572959125,0.3200658660457094,0.2761783673242957,0.4198413764515842,7054.0,67747.0,34510435.0,500.8313156719592,16741.507769086827,165328.52213298067,4714169.049129772,643350.5186438668,0.02577470572959125,0.3200658660457094,0.2761783673242957,0.4198413764515842,7763.0,68673.0,28415844.0,472.9589568687363,16741.507769086827,165328.52213298067,4714169.049129772,643350.5186438668,0.02577470572959125,0.3200658660457094,0.2761783673242957,0.4198413764515842,7670.0,90290.0,47528967.0,478.3347502496741,16741.507769086827,165328.52213298067,4714169.049129772,643350.5186438668,0.02577470572959125,0.3200658660457094,0.2761783673242957,0.4198413764515842
8436.0,812158.0,836066713.0,430.28929332159794,16741.507769086827,165328.52213298067,4714169.049129772,643350.5186438668,0.02577470572959125,0.3200658660457094,0.2761783673242957,0.4198413764515842,8264.0,138301.0,107693648.0,449.9780511946999,16741.507769086827,165328.52213298067,4714169.049129772,643350.5186438668,0.02577470572959125,0.3200658660457094,0.2761783673242957,0.4198413764515842,7054.0,67747.0,34510435.0,500.8313156719592,16741.507769086827,165328.52213298067,4714169.049129772,643350.5186438668,0.02577470572959125,0.3200658660457094,0.2761783673242957,0.4198413764515842,7763.0,68673.0,28415844.0,472.9589568687363,16741.507769086827,165328.52213298067,4714169.049129772,643350.5186438668,0.02577470572959125,0.3200658660457094,0.2761783673242957,0.4198413764515842,7670.0,90290.0,47528967.0,478.3347502496741,16741.507769086827,165328.52213298067,4714169.049129772,643350.5186438668,0.02577470572959125,0.3200658660457094,0.2761783673242957,0.4198413764515842,6903.0,89111.0,52033420.0,545.8909552691583,16741.507769086827,165328.52213298067,4714169.049129772,643350.5186438668,0.02577470572959125,0.3200658660457094,0.2761783673242957,0.4198413764515842
8264.0,138301.0,107693648.0,449.9780511946999,16741.507769086827,165328.52213298067,4714169.049129772,643350.5186438668,0.02577470572959125,0.3200658660457094,0.2761783673242957,0.4198413764515842,7054.0,67747.0,34510435.0,500.8313156719592,16741.507769086827,165328.52213298067,4714169.049129772,643350.5186438668,0.02577470572959125,0.3200658660457094,0.2761783673242957,0.4198413764515842,7763.0,68673.0,28415844.0,472.9589568687363,16741.507769086827,165328.52213298067,4714169.049129772,643350.5186438668,0.02577470572959125,0.3200658660457094,0.2761783673242957,0.4198413764515842,7670.0,90290.0,47528967.0,478.3347502496741,16741.507769086827,165328.52213298067,4714169.049129772,643350.5186438668,0.02577470572959125,0.3200658660457094,0.2761783673242957,0.4198413764515842,6903.0,89111.0,52033420.0,545.8909552691583,16741.507769086827,165328.52213298067,4714169.049129772,643350.5186438668,0.02577470572959125,0.3200658660457094,0.2761783673242957,0.4198413764515842,7515.0,74252.0,31424552.0,516.0683216155688,16741.507769086827,165328.52213298067,4714169.049129772,643350.5186438668,0.02577470572959125,0.3200658660457094,0.2761783673242957,0.4198413764515842
7054.0,67747.0,34510435.0,500.8313156719592,16741.507769086827,165328.52213298067,4714169.049129772,643350.5186438668,0.02577470572959125,0.3200658660457094,0.2761783673242957,0.4198413764515842,7763.0,68673.0,28415844.0,472.9589568687363,16741.507769086827,165328.52213298067,4714169.049129772,643350.5186438668,0.02577470572959125,0.3200658660457094,0.2761783673242957,0.4198413764515842,7670.0,90290.0,47528967.0,478.3347502496741,16741.507769086827,165328.52213298067,4714169.049129772,643350.5186438668,0.02577470572959125,0.3200658660457094,0.2761783673242957,0.4198413764515842,6903.0,89111.0,52033420.0,545.8909552691583,16741.507769086827,165328.52213298067,4714169.049129772,643350.5186438668,0.02577470572959125,0.3200658660457094,0.2761783673242957,0.4198413764515842,7515.0,74252.0,31424552.0,516.0683216155688,16741.507769086827,165328.52213298067,4714169.049129772,643350.5186438668,0.02577470572959125,0.3200658660457094,0.2761783673242957,0.4198413764515842,6185.0,72868.0,38769201.0,562.2556450661277,16741.507769086827,165328.52213298067,4714169.049129772,643350.5186438668,0.02577470572959125,0.3200658660457094,0.2761783673242957,0.4198413764515842
7763.0,68673.0,28415844.0,472.9589568687363,16741.507769086827,165328.52213298067,4714169.049129772,643350.5186438668,0.02577470572959125,0.3200658660457094,0.2761783673242957,0.4198413764515842,7670.0,90290.0,47528967.0,478.3347502496741,16741.507769086827,165328.52213298067,4714169.049129772,643350.5186438668,0.02577470572959125,0.3200658660457094,0.2761783673242957,0.4198413764515842,6903.0,89111.0,52033420.0,545.8909552691583,16741.507769086827,165328.52213298067,4714169.049129772,643350.5186438668,0.02577470572959125,0.3200658660457094,0.2761783673242957,0.4198413764515842,7515.0,74252.0,31424552.0,516.0683216155688,16741.507769086827,165328.52213298067,4714169.049129772,643350.5186438668,0.02577470572959125,0.3200658660457094,0.2761783673242957,0.4198413764515842,6185.0,72868.0,38769201.0,562.2556450661277,16741.507769086827,165328.52213298067,4714169.049129772,643350.5186438668,0.02577470572959125,0.3200658660457094,0.2761783673242957,0.4198413764515842,6782.0,96235.0,57350409.0,497.8978835937776,16741.507769086827,165328.52213298067,4714169.049129772,643350.5186438668,0.02577470572959125,0.3200658660457094,0.2761783673242957,0.4198413764515842
7670.0,90290.0,47528967.0,478.3347502496741,16741.507769086827,165328.52213298067,4714169.049129772,643350.5186438668,0.02577470572959125,0.3200658660457094,0.2761783673242957,0.4198413764515842,6903.0,89111.0,52033420.0,545.8909552691583,16741.507769086827,165328.52213298067,4714169.049129772,643350.5186438668,0.02577470572959125,0.3200658660457094,0.2761783673242957,0.4198413764515842,7515.0,74252.0,31424552.0,516.0683216155688,16741.507769086827,165328.52213298067,4714169.049129772,643350.5186438668,0.02577470572959125,0.3200658660457094,0.2761783673242957,0.4198413764515842,6185.0,72868.0,38769201.0,562.2556450661277,16741.507769086827,165328.52213298067,4714169.049129772,643350.5186438668,0.02577470572959125,0.3200658660457094,0.2761783673242957,0.4198413764515842,6782.0,96235.0,57350409.0,497.8978835937776,16741.507769086827,165328.52213298067,4714169.049129772,643350.5186438668,0.02577470572959125,0.3200658660457094,0.2761783673242957,0.4198413764515842,7144.0,95060.0,62997375.0,531.2000472779955,16741.507769086827,165328.52213298067,4714169.049129772,643350.5186438668,0.02577470572959125,0.3200658660457094,0.2761783673242957,0.4198413764515842
6903.0,89111.0,52033420.0,545.8909552691583,16741.507769086827,165328.52213298067,4714169.049129772,643350.5186438668,0.02577470572959125,0.3200658660457094,0.2761783673242957,0.4198413764515842,7515.0,74252.0,31424552.0,516.0683216155688,16741.507769086827,165328.52213298067,4714169.049129772,643350.5186438668,0.02577470572959125,0.3200658660457094,0.2761783673242957,0.4198413764515842,6185.0,72868.0,38769201.0,562.2556450661277,16741.507769086827,165328.52213298067,4714169.049129772,643350.5186438668,0.02577470572959125,0.3200658660457094,0.2761783673242957,0.4198413764515842,6782.0,96235.0,57350409.0,497.8978835937776,16741.507769086827,165328.52213298067,4714169.049129772,643350.5186438668,0.02577470572959125,0.3200658660457094,0.2761783673242957,0.4198413764515842,7144.0,95060.0,62997375.0,531.2000472779955,16741.507769086827,165328.52213298067,4714169.049129772,643350.5186438668,0.02577470572959125,0.3200658660457094,0.2761783673242957,0.4198413764515842,6985.0,154433.0,113413573.0,476.0224154057266,16741.507769086827,165328.52213298067,4714169.049129772,643350.5186438668,0.02577470572959125,0.3200658660457094,0.2761783673242957,0.4198413764515842
7515.0,74252.0,31424552.0,516.0683216155688,16741.507769086827,165328.52213298067,4714169.049129772,643350.5186438668,0.02577470572959125,0.3200658660457094,0.2761783673242957,0.4198413764515842,6185.0,72868.0,38769201.0,562.2556450661277,16741.507769086827,165328.52213298067,4714169.049129772,643350.5186438668,0.02577470572959125,0.3200658660457094,0.2761783673242957,0.4198413764515842,6782.0,96235.0,57350409.0,497.8978835937776,16741.507769086827,165328.52213298067,4714169.049129772,643350.5186438668,0.02577470572959125,0.3200658660457094,0.2761783673242957,0.4198413764515842,7144.0,95060.0,62997375.0,531.2000472779955,16741.507769086827,165328.52213298067,4714169.049129772,643350.5186438668,0.02577470572959125,0.3200658660457094,0.2761783673242957,0.4198413764515842,6985.0,154433.0,113413573.0,476.0224154057266,16741.507769086827,165328.52213298067,4714169.049129772,643350.5186438668,0.02577470572959125,0.3200658660457094,0.2761783673242957,0.4198413764515842,6803.0,119355.0,89233539.0,484.7496466951345,16741.507769086827,165328.52213298067,4714169.049129772,643350.5186438668,0.02577470572959125,0.3200658660457094,0.2761783673242957,0.4198413764515842
6185.0,72868.0,38769201.0,562.2556450661277,16741.507769086827,165328.52213298067,4714169.049129772,643350.5186438668,0.02577470572959125,0.3200658660457094,0.2761783673242957,0.4198413764515842,6782.0,96235.0,57350409.0,497.8978835937776,16741.507769086827,165328.52213298067,4714169.049129772,643350.5186438668,0.02577470572959125,0.3200658660457094,0.2761783673242957,0.4198413764515842,7144.0,95060.0,62997375.0,531.2000472779955,16741.507769086827,165328.52213298067,4714169.049129772,643350.5186438668,0.02577470572959125,0.3200658660457094,0.2761783673242957,0.4198413764515842,6985.0,154433.0,113413573.0,476.0224154057266,16741.507769086827,165328.52213298067,4714169.049129772,643350.5186438668,0.02577470572959125,0.3200658660457094,0.2761783673242957,0.4198413764515842,6803.0,119355.0,89233539.0,484.7496466951345,16741.507769086827,165328.52213298067,4714169.049129772,643350.5186438668,0.02577470572959125,0.3200658660457094,0.2761783673242957,0.4198413764515842,6270.0,54737.0,28320317.0,516.3704225416268,16741.507769086827,165328.52213298067,4714169.049129772,643350.5186438668,0.02577470572959125,0.3200658660457094,0.2761783673242957,0.4198413764515842
6782.0,96235.0,57350409.0,497.8978835937776,16741.507769086827,165328.52213298067,4714169.049129772,643350.5186438668,0.02577470572959125,0.3200658660457094,0.2761783673242957,0.4198413764515842,7144.0,95060.0,62997375.0,531.2000472779955,16741.507769086827,165328.52213298067,4714169.049129772,643350.5186438668,0.02577470572959125,0.3200658660457094,0.2761783673242957,0.4198413764515842,6985.0,154433.0,113413573.0,476.0224154057266,16741.507769086827,165328.52213298067,4714169.049129772,643350.5186438668,0.02577470572959125,0.3200658660457094,0.2761783673242957,0.4198413764515842,6803.0,119355.0,89233539.0,484.7496466951345,16741.507769086827,165328.52213298067,4714169.049129772,643350.5186438668,0.02577470572959125,0.3200658660457094,0.2761783673242957,0.4198413764515842,6270.0,54737.0,28320317.0,516.3704225416268,16741.507769086827,165328.52213298067,4714169.049129772,643350.5186438668,0.02577470572959125,0.3200658660457094,0.2761783673242957,0.4198413764515842,6548.0,75277.0,34106936.0,523.0127944957238,16741.507769086827,165328.52213298067,4714169.049129772,643350.5186438668,0.02577470572959125,0.3200658660457094,0.2761783673242957,0.4198413764515842
7144.0,95060.0,62997375.0,531.2000472779955,16741.507769086827,165328.52213298067,4714169.049129772,643350.5186438668,0.02577470572959125,0.3200658660457094,0.2761783673242957,0.4198413764515842,6985.0,154433.0,113413573.0,476.0224154057266,16741.507769086827,165328.52213298067,4714169.049129772,643350.5186438668,0.02577470572959125,0.3200658660457094,0.2761783673242957,0.4198413764515842,6803.0,119355.0,89233539.0,484.7496466951345,16741.507769086827,165328.52213298067,4714169.049129772,643350.5186438668,0.02577470572959125,0.3200658660457094,0.2761783673242957,0.4198413764515842,6270.0,54737.0,28320317.0,516.3704225416268,16741.507769086827,165328.52213298067,4714169.049129772,643350.5186438668,0.02577470572959125,0.3200658660457094,0.2761783673242957,0.4198413764515842,6548.0,75277.0,34106936.0,523.0127944957238,16741.507769086827,165328.52213298067,4714169.049129772,643350.5186438668,0.02577470572959125,0.3200658660457094,0.2761783673242957,0.4198413764515842,6609.0,78062.0,49284398.0,529.0479976253594,16741.507769086827,165328.52213298067,4714169.049129772,643350.5186438668,0.02577470572959125,0.3200658660457094,0.2761783673242957,0.4198413764515842
6985.0,154433.0,113413573.0,476.0224154057266,16741.507769086827,165328.52213298067,4714169.049129772,643350.5186438668,0.02577470572959125,0.3200658660457094,0.2761783673242957,0.4198413764515842,6803.0,119355.0,89233539.0,484.7496466951345,16741.507769086827,165328.52213298067,4714169.049129772,643350.5186438668,0.02577470572959125,0.3200658660457094,0.2761783673242957,0.4198413764515842,6270.0,54737.0,28320317.0,516.3704225416268,16741.507769086827,165328.52213298067,4714169.049129772,643350.5186438668,0.02577470572959125,0.3200658660457094,0.2761783673242957,0.4198413764515842,6548.0,75277.0,34106936.0,523.0127944957238,16741.507769086827,165328.52213298067,4714169.049129772,643350.5186438668,0.02577470572959125,0.3200658660457094,0.2761783673242957,0.4198413764515842,6609.0,78062.0,49284398.0,529.0479976253594,16741.507769086827,165328.52213298067,4714169.049129772,643350.5186438668,0.02577470572959125,0.3200658660457094,0.2761783673242957,0.4198413764515842,6551.0,71425.0,34916486.0,505.3694314965654,16741.507769086827,165328.52213298067,4714169.049129772,643350.5186438668,0.02577470572959125,0.3200658660457094,0.2761783673242957,0.4198413764515842
6803.0,119355.0,89233539.0,484.7496466951345,16741.507769086827,165328.52213298067,4714169.049129772,643350.5186438668,0.02577470572959125,0.3200658660457094,0.2761783673242957,0.4198413764515842,6270.0,54737.0,28320317.0,516.3704225416268,16741.507769086827,165328.52213298067,4714169.049129772,643350.5186438668,0.02577470572959125,0.3200658660457094,0.2761783673242957,0.4198413764515842,6548.0,75277.0,34106936.0,523.0127944957238,16741.507769086827,165328.52213298067,4714169.049129772,643350.5186438668,0.02577470572959125,0.3200658660457094,0.2761783673242957,0.4198413764515842,6609.0,78062.0,49284398.0,529.0479976253594,16741.507769086827,165328.52213298067,4714169.049129772,643350.5186438668,0.02577470572959125,0.3200658660457094,0.2761783673242957,0.4198413764515842,6551.0,71425.0,34916486.0,505.3694314965654,16741.507769086827,165328.52213298067,4714169.049129772,643350.5186438668,0.02577470572959125,0.3200658660457094,0.2761783673242957,0.4198413764515842,6655.0,56892.0,25895972.0,530.6682913208115,16741.507769086827,165328.52213298067,4714169.049129772,643350.5186438668,0.02577470572959125,0.3200658660457094,0.2761783673242957,0.4198413764515842
6270.0,54737.0,28320317.0,516.3704225416268,16741.507769086827,165328.52213298067,4714169.049129772,643350.5186438668,0.02577470572959125,0.3200658660457094,0.2761783673242957,0.4198413764515842,6548.0,75277.0,34106936.0,523.0127944957238,16741.507769086827,165328.52213298067,4714169.049129772,643350.5186438668,0.02577470572959125,0.3200658660457094,0.2761783673242957,0.4198413764515842,6609.0,78062.0,49284398.0,529.0479976253594,16741.507769086827,165328.52213298067,4714169.049129772,643350.5186438668,0.02577470572959125,0.3200658660457094,0.2761783673242957,0.4198413764515842,6551.0,71425.0,34916486.0,505.3694314965654,16741.507769086827,165328.52213298067,4714169.049129772,643350.5186438668,0.02577470572959125,0.3200658660457094,0.2761783673242957,0.4198413764515842,6655.0,56892.0,25895972.0,530.6682913208115,16741.507769086827,165328.52213298067,4714169.049129772,643350.5186438668,0.02577470572959125,0.3200658660457094,0.2761783673242957,0.4198413764515842,7203.0,55365.0,26048301.0,480.2913263787311,16741.507769086827,165328.52213298067,4714169.049129772,643350.5186438668,0.02577470572959125,0.3200658660457094,0.2761783673242957,0.4198413764515842
6548.0,75277.0,34106936.0,523.0127944957238,16741.507769086827,165328.52213298067,4714169.049129772,643350.5186438668,0.02577470572959125,0.3200658660457094,0.2761783673242957,0.4198413764515842,6609.0,78062.0,49284398.0,529.0479976253594,16741.507769086827,165328.52213298067,4714169.049129772,643350.5186438668,0.02577470572959125,0.3200658660457094,0.2761783673242957,0.4198413764515842,6551.0,71425.0,34916486.0,505.3694314965654,16741.507769086827,165328.52213298067,4714169.049129772,643350.5186438668,0.02577470572959125,0.3200658660457094,0.2761783673242957,0.4198413764515842,6655.0,56892.0,25895972.0,530.6682913208115,16741.507769086827,165328.52213298067,4714169.049129772,643350.5186438668,0.02577470572959125,0.3200658660457094,0.2761783673242957,0.4198413764515842,7203.0,55365.0,26048301.0,480.2913263787311,16741.507769086827,165328.52213298067,4714169.049129772,643350.5186438668,0.02577470572959125,0.3200658660457094,0.2761783673242957,0.4198413764515842,6454.0,57326.0,29926743.0,481.73533229175706,16741.507769086827,165328.52213298067,4714169.049129772,643350.5186438668,0.02577470572959125,0.3200658660457094,0.2761783673242957,0.4198413764515842
6609.0,78062.0,49284398.0,529.0479976253594,16741.507769086827,165328.52213298067,4714169.049129772,643350.5186438668,0.02577470572959125,0.3200658660457094,0.2761783673242957,0.4198413764515842,6551.0,71425.0,34916486.0,505.3694314965654,16741.507769086827,165328.52213298067,4714169.049129772,643350.5186438668,0.02577470572959125,0.3200658660457094,0.2761783673242957,0.4198413764515842,6655.0,56892.0,25895972.0,530.6682913208115,16741.507769086827,165328.52213298067,4714169.049129772,643350.5186438668,0.02577470572959125,0.3200658660457094,0.2761783673242957,0.4198413764515842,7203.0,55365.0,26048301.0,480.2913263787311,16741.507769086827,165328.52213298067,4714169.049129772,643350.5186438668,0.02577470572959125,0.3200658660457094,0.2761783673242957,0.4198413764515842,6454.0,57326.0,29926743.0,481.73533229175706,16741.507769086827,165328.52213298067,4714169.049129772,643350.5186438668,0.02577470572959125,0.3200658660457094,0.2761783673242957,0.4198413764515842,6682.0,54445.0,24497723.0,510.70425876653695,16741.507769086827,165328.52213298067,4714169.049129772,643350.5186438668,0.02577470572959125,0.3200658660457094,0.2761783673242957,0.4198413764515842
6551.0,71425.0,34916486.0,505.3694314965654,16741.507769086827,165328.52213298067,4714169.049129772,643350.5186438668,0.02577470572959125,0.3200658660457094,0.2761783673242957,0.4198413764515842,6655.0,56892.0,25895972.0,530.6682913208115,16741.507769086827,165328.52213298067,4714169.049129772,643350.5186438668,0.02577470572959125,0.3200658660457094,0.2761783673242957,0.4198413764515842,7203.0,55365.0,26048301.0,480.2913263787311,16741.507769086827,165328.52213298067,4714169.049129772,643350.5186438668,0.02577470572959125,0.3200658660457094,0.2761783673242957,0.4198413764515842,6454.0,57326.0,29926743.0,481.73533229175706,16741.507769086827,165328.52213298067,4714169.049129772,643350.5186438668,0.02577470572959125,0.3200658660457094,0.2761783673242957,0.4198413764515842,6682.0,54445.0,24497723.0,510.70425876653695,16741.507769086827,165328.52213298067,4714169.049129772,643350.5186438668,0.02577470572959125,0.3200658660457094,0.2761783673242957,0.4198413764515842,7156.0,104921.0,71168922.0,458.2877731743991,16741.507769086827,165328.52213298067,4714169.049129772,643350.5186438668,0.02577470572959125,0.3200658660457094,0.2761783673242957,0.4198413764515842
6655.0,56892.0,25895972.0,530.6682913208115,16741.507769086827,165328.52213298067,4714169.049129772,643350.5186438668,0.02577470572959125,0.3200658660457094,0.2761783673242957,0.4198413764515842,7203.0,55365.0,26048301.0,480.2913263787311,16741.507769086827,165328.52213298067,4714169.049129772,643350.5186438668,0.02577470572959125,0.3200658660457094,0.2761783673242957,0.4198413764515842,6454.0,57326.0,29926743.0,481.73533229175706,16741.507769086827,165328.52213298067,4714169.049129772,643350.5186438668,0.02577470572959125,0.3200658660457094,0.2761783673242957,0.4198413764515842,6682.0,54445.0,24497723.0,510.70425876653695,16741.507769086827,165328.52213298067,4714169.049129772,643350.5186438668,0.02577470572959125,0.3200658660457094,0.2761783673242957,0.4198413764515842,7156.0,104921.0,71168922.0,458.2877731743991,16741.507769086827,165328.52213298067,4714169.049129772,643350.5186438668,0.02577470572959125,0.3200658660457094,0.2761783673242957,0.4198413764515842,6968.0,103261.0,76318136.0,477.0226206126579,16741.507769086827,165328.52213298067,4714169.049129772,643350.5186438668,0.02577470572959125,0.3200658660457094,0.2761783673242957,0.4198413764515842
7203.0,55365.0,26048301.0,480.2913263787311,16741.507769086827,165328.52213298067,4714169.049129772,643350.5186438668,0.02577470572959125,0.3200658660457094,0.2761783673242957,0.4198413764515842,6454.0,57326.0,29926743.0,481.73533229175706,16741.507769086827,165328.52213298067,4714169.049129772,643350.5186438668,0.02577470572959125,0.3200658660457094,0.2761783673242957,0.4198413764515842,6682.0,54445.0,24497723.0,510.70425876653695,16741.507769086827,165328.52213298067,4714169.049129772,643350.5186438668,0.02577470572959125,0.3200658660457094,0.2761783673242957,0.4198413764515842,7156.0,104921.0,71168922.0,458.2877731743991,16741.507769086827,165328.52213298067,4714169.049129772,643350.5186438668,0.02577470572959125,0.3200658660457094,0.2761783673242957,0.4198413764515842,6968.0,103261.0,76318136.0,477.0226206126579,16741.507769086827,165328.52213298067,4714169.049129772,643350.5186438668,0.02577470572959125,0.3200658660457094,0.2761783673242957,0.4198413764515842,6351.0,998946.0,824605735.0,513.3885815144072,16741.507769086827,165328.52213298067,4714169.049129772,643350.5186438668,0.02577470572959125,0.3200658660457094,0.2761783673242957,0.4198413764515842
6454.0,57326.0,29926743.0,481.73533229175706,16741.507769086827,165328.52213298067,4714169.049129772,643350.5186438668,0.02577470572959125,0.3200658660457094,0.2761783673242957,0.4198413764515842,6682.0,54445.0,24497723.0,510.70425876653695,16741.507769086827,165328.52213298067,4714169.049129772,643350.5186438668,0.02577470572959125,0.3200658660457094,0.2761783673242957,0.4198413764515842,7156.0,104921.0,71168922.0,458.2877731743991,16741.507769086827,165328.52213298067,4714169.049129772,643350.5186438668,0.02577470572959125,0.3200658660457094,0.2761783673242957,0.4198413764515842,6968.0,103261.0,76318136.0,477.0226206126579,16741.507769086827,165328.52213298067,4714169.049129772,643350.5186438668,0.02577470572959125,0.3200658660457094,0.2761783673242957,0.4198413764515842,6351.0,998946.0,824605735.0,513.3885815144072,16741.507769086827,165328.52213298067,4714169.049129772,643350.5186438668,0.02577470572959125,0.3200658660457094,0.2761783673242957,0.4198413764515842,6429.0,200556.0,85104376.0,494.3165669284492,16741.507769086827,165328.52213298067,4714169.049129772,643350.5186438668,0.02577470572959125,0.3200658660457094,0.2761783673242957,0.4198413764515842
6682.0,54445.0,24497723.0,510.70425876653695,16741.507769086827,165328.52213298067,4714169.049129772,643350.5186438668,0.02577470572959125,0.3200658660457094,0.2761783673242957,0.4198413764515842,7156.0,104921.0,71168922.0,458.2877731743991,16741.507769086827,165328.52213298067,4714169.049129772,643350.5186438668,0.02577470572959125,0.3200658660457094,0.2761783673242957,0.4198413764515842,6968.0,103261.0,76318136.0,477.0226206126579,16741.507769086827,165328.52213298067,4714169.049129772,643350.5186438668,0.02577470572959125,0.3200658660457094,0.2761783673242957,0.4198413764515842,6351.0,998946.0,824605735.0,513.3885815144072,16741.507769086827,165328.52213298067,4714169.049129772,643350.5186438668,0.02577470572959125,0.3200658660457094,0.2761783673242957,0.4198413764515842,6429.0,200556.0,85104376.0,494.3165669284492,16741.507769086827,165328.52213298067,4714169.049129772,643350.5186438668,0.02577470572959125,0.3200658660457094,0.2761783673242957,0.4198413764515842,6274.0,76262.0,44184007.0,495.738239240357,16741.507769086827,165328.52213298067,4714169.049129772,643350.5186438668,0.02577470572959125,0.3200658660457094,0.2761783673242957,0.4198413764515842
7156.0,104921.0,71168922.0,458.2877731743991,16741.507769086827,165328.52213298067,4714169.049129772,643350.5186438668,0.02577470572959125,0.3200658660457094,0.2761783673242957,0.4198413764515842,6968.0,103261.0,76318136.0,477.0226206126579,16741.507769086827,165328.52213298067,4714169.049129772,643350.5186438668,0.02577470572959125,0.3200658660457094,0.2761783673242957,0.4198413764515842,6351.0,998946.0,824605735.0,513.3885815144072,16741.507769086827,165328.52213298067,4714169.049129772,643350.5186438668,0.02577470572959125,0.3200658660457094,0.2761783673242957,0.4198413764515842,6429.0,200556.0,85104376.0,494.3165669284492,16741.507769086827,165328.52213298067,4714169.049129772,643350.5186438668,0.02577470572959125,0.3200658660457094,0.2761783673242957,0.4198413764515842,6274.0,76262.0,44184007.0,495.738239240357,16741.507769086827,165328.52213298067,4714169.049129772,643350.5186438668,0.02577470572959125,0.3200658660457094,0.2761783673242957,0.4198413764515842,6271.0,84554.0,54060906.0,521.9692120709616,16741.507769086827,165328.52213298067,4714169.049129772,643350.5186438668,0.02577470572959125,0.3200658660457094,0.2761783673242957,0.4198413764515842
6968.0,103261.0,76318136.0,477.0226206126579,16741.507769086827,165328.52213298067,4714169.049129772,643350.5186438668,0.02577470572959125,0.3200658660457094,0.2761783673242957,0.4198413764515842,6351.0,998946.0,824605735.0,513.3885815144072,16741.507769086827,165328.52213298067,4714169.049129772,643350.5186438668,0.02577470572959125,0.3200658660457094,0.2761783673242957,0.4198413764515842,6429.0,200556.0,85104376.0,494.3165669284492,16741.507769086827,165328.52213298067,4714169.049129772,643350.5186438668,0.02577470572959125,0.3200658660457094,0.2761783673242957,0.4198413764515842,6274.0,76262.0,44184007.0,495.738239240357,16741.507769086827,165328.52213298067,4714169.049129772,643350.5186438668,0.02577470572959125,0.3200658660457094,0.2761783673242957,0.4198413764515842,6271.0,84554.0,54060906.0,521.9692120709616,16741.507769086827,165328.52213298067,4714169.049129772,643350.5186438668,0.02577470572959125,0.3200658660457094,0.2761783673242957,0.4198413764515842,6687.0,319325.0,279471461.0,521.4059167294752,16741.507769086827,165328.52213298067,4714169.049129772,643350.5186438668,0.02577470572959125,0.3200658660457094,0.2761783673242957,0.4198413764515842
6351.0,998946.0,824605735.0,513.3885815144072,16741.507769086827,165328.52213298067,4714169.049129772,643350.5186438668,0.02577470572959125,0.3200658660457094,0.2761783673242957,0.4198413764515842,6429.0,200556.0,85104376.0,494.3165669284492,16741.507769086827,165328.52213298067,4714169.049129772,643350.5186438668,0.02577470572959125,0.3200658660457094,0.2761783673242957,0.4198413764515842,6274.0,76262.0,44184007.0,495.738239240357,16741.507769086827,165328.52213298067,4714169.049129772,643350.5186438668,0.02577470572959125,0.3200658660457094,0.2761783673242957,0.4198413764515842,6271.0,84554.0,54060906.0,521.9692120709616,16741.507769086827,165328.52213298067,4714169.049129772,643350.5186438668,0.02577470572959125,0.3200658660457094,0.2761783673242957,0.4198413764515842,6687.0,319325.0,279471461.0,521.4059167294752,16741.507769086827,165328.52213298067,4714169.049129772,643350.5186438668,0.02577470572959125,0.3200658660457094,0.2761783673242957,0.4198413764515842,7047.0,78724.0,48912122.0,452.0837384108131,16741.507769086827,165328.52213298067,4714169.049129772,643350.5186438668,0.02577470572959125,0.3200658660457094,0.2761783673242957,0.4198413764515842
6429.0,200556.0,85104376.0,494.3165669284492,16741.507769086827,165328.52213298067,4714169.049129772,643350.5186438668,0.02577470572959125,0.3200658660457094,0.2761783673242957,0.4198413764515842,6274.0,76262.0,44184007.0,495.738239240357,16741.507769086827,165328.52213298067,4714169.049129772,643350.5186438668,0.02577470572959125,0.3200658660457094,0.2761783673242957,0.4198413764515842,6271.0,84554.0,54060906.0,521.9692120709616,16741.507769086827,165328.52213298067,4714169.049129772,643350.5186438668,0.02577470572959125,0.3200658660457094,0.2761783673242957,0.4198413764515842,6687.0,319325.0,279471461.0,521.4059167294752,16741.507769086827,165328.52213298067,4714169.049129772,643350.5186438668,0.02577470572959125,0.3200658660457094,0.2761783673242957,0.4198413764515842,7047.0,78724.0,48912122.0,452.0837384108131,16741.507769086827,165328.52213298067,4714169.049129772,643350.5186438668,0.02577470572959125,0.3200658660457094,0.2761783673242957,0.4198413764515842,6475.0,102507.0,98986592.0,478.15681158393824,16741.507769086827,165328.52213298067,4714169.049129772,643350.5186438668,0.02577470572959125,0.3200658660457094,0.2761783673242957,0.4198413764515842
6274.0,76262.0,44184007.0,495.738239240357,16741.507769086827,165328.52213298067,4714169.049129772,643350.5186438668,0.02577470572959125,0.3200658660457094,0.2761783673242957,0.4198413764515842,6271.0,84554.0,54060906.0,521.9692120709616,16741.507769086827,165328.52213298067,4714169.049129772,643350.5186438668,0.02577470572959125,0.3200658660457094,0.2761783673242957,0.4198413764515842,6687.0,319325.0,279471461.0,521.4059167294752,16741.507769086827,165328.52213298067,4714169.049129772,643350.5186438668,0.02577470572959125,0.3200658660457094,0.2761783673242957,0.4198413764515842,7047.0,78724.0,48912122.0,452.0837384108131,16741.507769086827,165328.52213298067,4714169.049129772,643350.5186438668,0.02577470572959125,0.3200658660457094,0.2761783673242957,0.4198413764515842,6475.0,102507.0,98986592.0,478.15681158393824,16741.507769086827,165328.52213298067,4714169.049129772,643350.5186438668,0.02577470572959125,0.3200658660457094,0.2761783673242957,0.4198413764515842,6359.0,277429.0,236468603.0,479.6835529603711,16741.507769086827,165328.52213298067,4714169.049129772,643350.5186438668,0.02577470572959125,0.3200658660457094,0.2761783673242957,0.4198413764515842
6271.0,84554.0,54060906.0,521.9692120709616,16741.507769086827,165328.52213298067,4714169.049129772,643350.5186438668,0.02577470572959125,0.3200658660457094,0.2761783673242957,0.4198413764515842,6687.0,319325.0,279471461.0,521.4059167294752,16741.507769086827,165328.52213298067,4714169.049129772,643350.5186438668,0.02577470572959125,0.3200658660457094,0.2761783673242957,0.4198413764515842,7047.0,78724.0,48912122.0,452.0837384108131,16741.507769086827,165328.52213298067,4714169.049129772,643350.5186438668,0.02577470572959125,0.3200658660457094,0.2761783673242957,0.4198413764515842,6475.0,102507.0,98986592.0,478.15681158393824,16741.507769086827,165328.52213298067,4714169.049129772,643350.5186438668,0.02577470572959125,0.3200658660457094,0.2761783673242957,0.4198413764515842,6359.0,277429.0,236468603.0,479.6835529603711,16741.507769086827,165328.52213298067,4714169.049129772,643350.5186438668,0.02577470572959125,0.3200658660457094,0.2761783673242957,0.4198413764515842,6714.0,268500.0,51178860.0,615.1807461377718,16741.507769086827,165328.52213298067,4714169.049129772,643350.5186438668,0.02577470572959125,0.3200658660457094,0.2761783673242957,0.4198413764515842
6687.0,319325.0,279471461.0,521.4059167294752,16741.507769086827,165328.52213298067,4714169.049129772,643350.5186438668,0.02577470572959125,0.3200658660457094,0.2761783673242957,0.4198413764515842,7047.0,78724.0,48912122.0,452.0837384108131,16741.507769086827,165328.52213298067,4714169.049129772,643350.5186438668,0.02577470572959125,0.3200658660457094,0.2761783673242957,0.4198413764515842,6475.0,102507.0,98986592.0,478.15681158393824,16741.507769086827,165328.52213298067,4714169.049129772,643350.5186438668,0.02577470572959125,0.3200658660457094,0.2761783673242957,0.4198413764515842,6359.0,277429.0,236468603.0,479.6835529603711,16741.507769086827,165328.52213298067,4714169.049129772,643350.5186438668,0.02577470572959125,0.3200658660457094,0.2761783673242957,0.4198413764515842,6714.0,268500.0,51178860.0,615.1807461377718,16741.507769086827,165328.52213298067,4714169.049129772,643350.5186438668,0.02577470572959125,0.3200658660457094,0.2761783673242957,0.4198413764515842,7002.0,143049.0,37996976.0,635.5340187433591,16741.507769086827,165328.52213298067,4714169.049129772,643350.5186438668,0.02577470572959125,0.3200658660457094,0.2761783673242957,0.4198413764515842
7047.0,78724.0,48912122.0,452.0837384108131,16741.507769086827,165328.52213298067,4714169.049129772,643350.5186438668,0.02577470572959125,0.3200658660457094,0.2761783673242957,0.4198413764515842,6475.0,102507.0,98986592.0,478.15681158393824,16741.507769086827,165328.52213298067,4714169.049129772,643350.5186438668,0.02577470572959125,0.3200658660457094,0.2761783673242957,0.4198413764515842,6359.0,277429.0,236468603.0,479.6835529603711,16741.507769086827,165328.52213298067,4714169.049129772,643350.5186438668,0.02577470572959125,0.3200658660457094,0.2761783673242957,0.4198413764515842,6714.0,268500.0,51178860.0,615.1807461377718,16741.507769086827,165328.52213298067,4714169.049129772,643350.5186438668,0.02577470572959125,0.3200658660457094,0.2761783673242957,0.4198413764515842,7002.0,143049.0,37996976.0,635.5340187433591,16741.507769086827,165328.52213298067,4714169.049129772,643350.5186438668,0.02577470572959125,0.3200658660457094,0.2761783673242957,0.4198413764515842,6710.0,125675.0,51165892.0,523.9607083888227,16741.507769086827,165328.52213298067,4714169.049129772,643350.5186438668,0.02577470572959125,0.3200658660457094,0.2761783673242957,0.4198413764515842
6475.0,102507.0,98986592.0,478.15681158393824,16741.507769086827,165328.52213298067,4714169.049129772,643350.5186438668,0.02577470572959125,0.3200658660457094,0.2761783673242957,0.4198413764515842,6359.0,277429.0,236468603.0,479.6835529603711,16741.507769086827,165328.52213298067,4714169.049129772,643350.5186438668,0.02577470572959125,0.3200658660457094,0.2761783673242957,0.4198413764515842,6714.0,268500.0,51178860.0,615.1807461377718,16741.507769086827,165328.52213298067,4714169.049129772,643350.5186438668,0.02577470572959125,0.3200658660457094,0.2761783673242957,0.4198413764515842,7002.0,143049.0,37996976.0,635.5340187433591,16741.507769086827,165328.52213298067,4714169.049129772,643350.5186438668,0.02577470572959125,0.3200658660457094,0.2761783673242957,0.4198413764515842,6710.0,125675.0,51165892.0,523.9607083888227,16741.507769086827,165328.52213298067,4714169.049129772,643350.5186438668,0.02577470572959125,0.3200658660457094,0.2761783673242957,0.4198413764515842,7877.0,625063.0,589630567.0,453.4692017129618,16741.507769086827,165328.52213298067,4714169.049129772,643350.5186438668,0.02577470572959125,0.3200658660457094,0.2761783673242957,0.4198413764515842
6359.0,277429.0,236468603.0,479.6835529603711,16741.507769086827,165328.52213298067,4714169.049129772,643350.5186438668,0.02577470572959125,0.3200658660457094,0.2761783673242957,0.4198413764515842,6714.0,268500.0,51178860.0,615.1807461377718,16741.507769086827,165328.52213298067,4714169.049129772,643350.5186438668,0.02577470572959125,0.3200658660457094,0.2761783673242957,0.4198413764515842,7002.0,143049.0,37996976.0,635.5340187433591,16741.507769086827,165328.52213298067,4714169.049129772,643350.5186438668,0.02577470572959125,0.3200658660457094,0.2761783673242957,0.4198413764515842,6710.0,125675.0,51165892.0,523.9607083888227,16741.507769086827,165328.52213298067,4714169.049129772,643350.5186438668,0.02577470572959125,0.3200658660457094,0.2761783673242957,0.4198413764515842,7877.0,625063.0,589630567.0,453.4692017129618,16741.507769086827,165328.52213298067,4714169.049129772,643350.5186438668,0.02577470572959125,0.3200658660457094,0.2761783673242957,0.4198413764515842,6731.0,91242.0,43718268.0,565.2039385204279,16741.507769086827,165328.52213298067,4714169.049129772,643350.5186438668,0.02577470572959125,0.3200658660457094,0.2761783673242957,0.4198413764515842
6714.0,268500.0,51178860.0,615.1807461377718,16741.507769086827,165328.52213298067,4714169.049129772,643350.5186438668,0.02577470572959125,0.3200658660457094,0.2761783673242957,0.4198413764515842,7002.0,143049.0,37996976.0,635.5340187433591,16741.507769086827,165328.52213298067,4714169.049129772,643350.5186438668,0.02577470572959125,0.3200658660457094,0.2761783673242957,0.4198413764515842,6710.0,125675.0,51165892.0,523.9607083888227,16741.507769086827,165328.52213298067,4714169.049129772,643350.5186438668,0.02577470572959125,0.3200658660457094,0.2761783673242957,0.4198413764515842,7877.0,625063.0,589630567.0,453.4692017129618,16741.507769086827,165328.52213298067,4714169.049129772,643350.5186438668,0.02577470572959125,0.3200658660457094,0.2761783673242957,0.4198413764515842,6731.0,91242.0,43718268.0,565.2039385204279,16741.507769086827,165328.52213298067,4714169.049129772,643350.5186438668,0.02577470572959125,0.3200658660457094,0.2761783673242957,0.4198413764515842,7729.0,123907.0,59130248.0,476.5364421111399,16741.507769086827,165328.52213298067,4714169.049129772,643350.5186438668,0.02577470572959125,0.3200658660457094,0.2761783673242957,0.4198413764515842
7002.0,143049.0,37996976.0,635.5340187433591,16741.507769086827,165328.52213298067,4714169.049129772,643350.5186438668,0.02577470572959125,0.3200658660457094,0.2761783673242957,0.4198413764515842,6710.0,125675.0,51165892.0,523.9607083888227,16741.507769086827,165328.52213298067,4714169.049129772,643350.5186438668,0.02577470572959125,0.3200658660457094,0.2761783673242957,0.4198413764515842,7877.0,625063.0,589630567.0,453.4692017129618,16741.507769086827,165328.52213298067,4714169.049129772,643350.5186438668,0.02577470572959125,0.3200658660457094,0.2761783673242957,0.4198413764515842,6731.0,91242.0,43718268.0,565.2039385204279,16741.507769086827,165328.52213298067,4714169.049129772,643350.5186438668,0.02577470572959125,0.3200658660457094,0.2761783673242957,0.4198413764515842,7729.0,123907.0,59130248.0,476.5364421111399,16741.507769086827,165328.52213298067,4714169.049129772,643350.5186438668,0.02577470572959125,0.3200658660457094,0.2761783673242957,0.4198413764515842,7414.0,93815.0,51105591.0,530.8725791613164,16741.507769086827,165328.52213298067,4714169.049129772,643350.5186438668,0.02577470572959125,0.3200658660457094,0.2761783673242957,0.4198413764515842
6710.0,125675.0,51165892.0,523.9607083888227,16741.507769086827,165328.52213298067,4714169.049129772,643350.5186438668,0.02577470572959125,0.3200658660457094,0.2761783673242957,0.4198413764515842,7877.0,625063.0,589630567.0,453.4692017129618,16741.507769086827,165328.52213298067,4714169.049129772,643350.5186438668,0.02577470572959125,0.3200658660457094,0.2761783673242957,0.4198413764515842,6731.0,91242.0,43718268.0,565.2039385204279,16741.507769086827,165328.52213298067,4714169.049129772,643350.5186438668,0.02577470572959125,0.3200658660457094,0.2761783673242957,0.4198413764515842,7729.0,123907.0,59130248.0,476.5364421111399,16741.507769086827,165328.52213298067,4714169.049129772,643350.5186438668,0.02577470572959125,0.3200658660457094,0.2761783673242957,0.4198413764515842,7414.0,93815.0,51105591.0,530.8725791613164,16741.507769086827,165328.52213298067,4714169.049129772,643350.5186438668,0.02577470572959125,0.3200658660457094,0.2761783673242957,0.4198413764515842,7113.0,111775.0,79398067.0,551.3681827560804,16741.507769086827,165328.52213298067,4714169.049129772,643350.5186438668,0.02577470572959125,0.3200658660457094,0.2761783673242957,0.4198413764515842
7877.0,625063.0,589630567.0,453.4692017129618,16741.507769086827,165328.52213298067,4714169.049129772,643350.5186438668,0.02577470572959125,0.3200658660457094,0.2761783673242957,0.4198413764515842,6731.0,91242.0,43718268.0,565.2039385204279,16741.507769086827,165328.52213298067,4714169.049129772,643350.5186438668,0.02577470572959125,0.3200658660457094,0.2761783673242957,0.4198413764515842,7729.0,123907.0,59130248.0,476.5364421111399,16741.507769086827,165328.52213298067,4714169.049129772,643350.5186438668,0.02577470572959125,0.3200658660457094,0.2761783673242957,0.4198413764515842,7414.0,93815.0,51105591.0,530.8725791613164,16741.507769086827,165328.52213298067,4714169.049129772,643350.5186438668,0.02577470572959125,0.3200658660457094,0.2761783673242957,0.4198413764515842,7113.0,111775.0,79398067.0,551.3681827560804,16741.507769086827,165328.52213298067,4714169.049129772,643350.5186438668,0.02577470572959125,0.3200658660457094,0.2761783673242957,0.4198413764515842,6927.0,111233.0,64347330.0,551.384027673163,16741.507769086827,165328.52213298067,4714169.049129772,643350.5186438668,0.02577470572959125,0.3200658660457094,0.2761783673242957,0.4198413764515842
6731.0,91242.0,43718268.0,565.2039385204279,16741.507769086827,165328.52213298067,4714169.049129772,643350.5186438668,0.02577470572959125,0.3200658660457094,0.2761783673242957,0.4198413764515842,7729.0,123907.0,59130248.0,476.5364421111399,16741.507769086827,165328.52213298067,4714169.049129772,643350.5186438668,0.02577470572959125,0.3200658660457094,0.2761783673242957,0.4198413764515842,7414.0,93815.0,51105591.0,530.8725791613164,16741.507769086827,165328.52213298067,4714169.049129772,643350.5186438668,0.02577470572959125,0.3200658660457094,0.2761783673242957,0.4198413764515842,7113.0,111775.0,79398067.0,551.3681827560804,16741.507769086827,165328.52213298067,4714169.049129772,643350.5186438668,0.02577470572959125,0.3200658660457094,0.2761783673242957,0.4198413764515842,6927.0,111233.0,64347330.0,551.384027673163,16741.507769086827,165328.52213298067,4714169.049129772,643350.5186438668,0.02577470572959125,0.3200658660457094,0.2761783673242957,0.4198413764515842,6914.0,71199.0,32685393.0,565.9382019032398,16741.507769086827,165328.52213298067,4714169.049129772,643350.5186438668,0.02577470572959125,0.3200658660457094,0.2761783673242957,0.4198413764515842
7729.0,123907.0,59130248.0,476.5364421111399,16741.507769086827,165328.52213298067,4714169.049129772,643350.5186438668,0.02577470572959125,0.3200658660457094,0.2761783673242957,0.4198413764515842,7414.0,93815.0,51105591.0,530.8725791613164,16741.507769086827,165328.52213298067,4714169.049129772,643350.5186438668,0.02577470572959125,0.3200658660457094,0.2761783673242957,0.4198413764515842,7113.0,111775.0,79398067.0,551.3681827560804,16741.507769086827,165328.52213298067,4714169.049129772,643350.5186438668,0.02577470572959125,0.3200658660457094,0.2761783673242957,0.4198413764515842,6927.0,111233.0,64347330.0,551.384027673163,16741.507769086827,165328.52213298067,4714169.049129772,643350.5186438668,0.02577470572959125,0.3200658660457094,0.2761783673242957,0.4198413764515842,6914.0,71199.0,32685393.0,565.9382019032398,16741.507769086827,165328.52213298067,4714169.049129772,643350.5186438668,0.02577470572959125,0.3200658660457094,0.2761783673242957,0.4198413764515842,7113.0,100069.0,49955231.0,567.2976119748348,16741.507769086827,165328.52213298067,4714169.049129772,643350.5186438668,0.02577470572959125,0.3200658660457094,0.2761783673242957,0.4198413764515842
7414.0,93815.0,51105591.0,530.8725791613164,16741.507769086827,165328.52213298067,4714169.049129772,643350.5186438668,0.02577470572959125,0.3200658660457094,0.2761783673242957,0.4198413764515842,7113.0,111775.0,79398067.0,551.3681827560804,16741.507769086827,165328.52213298067,4714169.049129772,643350.5186438668,0.02577470572959125,0.3200658660457094,0.2761783673242957,0.4198413764515842,6927.0,111233.0,64347330.0,551.384027673163,16741.507769086827,165328.52213298067,4714169.049129772,643350.5186438668,0.02577470572959125,0.3200658660457094,0.2761783673242957,0.4198413764515842,6914.0,71199.0,32685393.0,565.9382019032398,16741.507769086827,165328.52213298067,4714169.049129772,643350.5186438668,0.02577470572959125,0.3200658660457094,0.2761783673242957,0.4198413764515842,7113.0,100069.0,49955231.0,567.2976119748348,16741.507769086827,165328.52213298067,4714169.049129772,643350.5186438668,0.02577470572959125,0.3200658660457094,0.2761783673242957,0.4198413764515842,6453.0,54363.0,15681997.0,639.9365250503641,16741.507769086827,165328.52213298067,4714169.049129772,643350.5186438668,0.02577470572959125,0.3200658660457094,0.2761783673242957,0.4198413764515842
7113.0,111775.0,79398067.0,551.3681827560804,16741.507769086827,165328.52213298067,4714169.049129772,643350.5186438668,0.02577470572959125,0.3200658660457094,0.2761783673242957,0.4198413764515842,6927.0,111233.0,64347330.0,551.384027673163,16741.507769086827,165328.52213298067,4714169.049129772,643350.5186438668,0.02577470572959125,0.3200658660457094,0.2761783673242957,0.4198413764515842,6914.0,71199.0,32685393.0,565.9382019032398,16741.507769086827,165328.52213298067,4714169.049129772,643350.5186438668,0.02577470572959125,0.3200658660457094,0.2761783673242957,0.4198413764515842,7113.0,100069.0,49955231.0,567.2976119748348,16741.507769086827,165328.52213298067,4714169.049129772,643350.5186438668,0.02577470572959125,0.3200658660457094,0.2761783673242957,0.4198413764515842,6453.0,54363.0,15681997.0,639.9365250503641,16741.507769086827,165328.52213298067,4714169.049129772,643350.5186438668,0.02577470572959125,0.3200658660457094,0.2761783673242957,0.4198413764515842,6627.0,140001.0,107303875.0,576.8702393552135,16741.507769086827,165328.52213298067,4714169.049129772,643350.5186438668,0.02577470572959125,0.3200658660457094,0.2761783673242957,0.4198413764515842
6927.0,111233.0,64347330.0,551.384027673163,16741.507769086827,165328.52213298067,4714169.049129772,643350.5186438668,0.02577470572959125,0.3200658660457094,0.2761783673242957,0.4198413764515842,6914.0,71199.0,32685393.0,565.9382019032398,16741.507769086827,165328.52213298067,4714169.049129772,643350.5186438668,0.02577470572959125,0.3200658660457094,0.2761783673242957,0.4198413764515842,7113.0,100069.0,49955231.0,567.2976119748348,16741.507769086827,165328.52213298067,4714169.049129772,643350.5186438668,0.02577470572959125,0.3200658660457094,0.2761783673242957,0.4198413764515842,6453.0,54363.0,15681997.0,639.9365250503641,16741.507769086827,165328.52213298067,4714169.049129772,643350.5186438668,0.02577470572959125,0.3200658660457094,0.2761783673242957,0.4198413764515842,6627.0,140001.0,107303875.0,576.8702393552135,16741.507769086827,165328.52213298067,4714169.049129772,643350.5186438668,0.02577470572959125,0.3200658660457094,0.2761783673242957,0.4198413764515842,7252.0,83843.0,38371826.0,533.3469311802261,16741.507769086827,165328.52213298067,4714169.049129772,643350.5186438668,0.02577470572959125,0.3200658660457094,0.2761783673242957,0.4198413764515842
6914.0,71199.0,32685393.0,565.9382019032398,16741.507769086827,165328.52213298067,4714169.049129772,643350.5186438668,0.02577470572959125,0.3200658660457094,0.2761783673242957,0.4198413764515842,7113.0,100069.0,49955231.0,567.2976119748348,16741.507769086827,165328.52213298067,4714169.049129772,643350.5186438668,0.02577470572959125,0.3200658660457094,0.2761783673242957,0.4198413764515842,6453.0,54363.0,15681997.0,639.9365250503641,16741.507769086827,165328.52213298067,4714169.049129772,643350.5186438668,0.02577470572959125,0.3200658660457094,0.2761783673242957,0.4198413764515842,6627.0,140001.0,107303875.0,576.8702393552135,16741.507769086827,165328.52213298067,4714169.049129772,643350.5186438668,0.02577470572959125,0.3200658660457094,0.2761783673242957,0.4198413764515842,7252.0,83843.0,38371826.0,533.3469311802261,16741.507769086827,165328.52213298067,4714169.049129772,643350.5186438668,0.02577470572959125,0.3200658660457094,0.2761783673242957,0.4198413764515842,6749.0,84088.0,50612305.0,566.8170093182694,16741.507769086827,165328.52213298067,4714169.049129772,643350.5186438668,0.02577470572959125,0.3200658660457094,0.2761783673242957,0.4198413764515842
7113.0,100069.0,49955231.0,567.2976119748348,16741.507769086827,165328.52213298067,4714169.049129772,643350.5186438668,0.02577470572959125,0.3200658660457094,0.2761783673242957,0.4198413764515842,6453.0,54363.0,15681997.0,639.9365250503641,16741.507769086827,165328.52213298067,4714169.049129772,643350.5186438668,0.02577470572959125,0.3200658660457094,0.2761783673242957,0.4198413764515842,6627.0,140001.0,107303875.0,576.8702393552135,16741.507769086827,165328.52213298067,4714169.049129772,643350.5186438668,0.02577470572959125,0.3200658660457094,0.2761783673242957,0.4198413764515842,7252.0,83843.0,38371826.0,533.3469311802261,16741.507769086827,165328.52213298067,4714169.049129772,643350.5186438668,0.02577470572959125,0.3200658660457094,0.2761783673242957,0.4198413764515842,6749.0,84088.0,50612305.0,566.8170093182694,16741.507769086827,165328.52213298067,4714169.049129772,643350.5186438668,0.02577470572959125,0.3200658660457094,0.2761783673242957,0.4198413764515842,6680.0,183058.0,122375721.0,595.3717224462574,16741.507769086827,165328.52213298067,4714169.049129772,643350.5186438668,0.02577470572959125,0.3200658660457094,0.2761783673242957,0.4198413764515842
6453.0,54363.0,15681997.0,639.9365250503641,16741.507769086827,165328.52213298067,4714169.049129772,643350.5186438668,0.02577470572959125,0.3200658660457094,0.2761783673242957,0.4198413764515842,6627.0,140001.0,107303875.0,576.8702393552135,16741.507769086827,165328.52213298067,4714169.049129772,643350.5186438668,0.02577470572959125,0.3200658660457094,0.2761783673242957,0.4198413764515842,7252.0,83843.0,38371826.0,533.3469311802261,16741.507769086827,165328.52213298067,4714169.049129772,643350.5186438668,0.02577470572959125,0.3200658660457094,0.2761783673242957,0.4198413764515842,6749.0,84088.0,50612305.0,566.8170093182694,16741.507769086827,165328.52213298067,4714169.049129772,643350.5186438668,0.02577470572959125,0.3200658660457094,0.2761783673242957,0.4198413764515842,6680.0,183058.0,122375721.0,595.3717224462574,16741.507769086827,165328.52213298067,4714169.049129772,643350.5186438668,0.02577470572959125,0.3200658660457094,0.2761783673242957,0.4198413764515842,7561.0,85509.0,38161097.0,525.1480786954106,16741.507769086827,165328.52213298067,4714169.049129772,643350.5186438668,0.02577470572959125,0.3200658660457094,0.2761783673242957,0.4198413764515842
6627.0,140001.0,107303875.0,576.8702393552135,16741.507769086827,165328.52213298067,4714169.049129772,643350.5186438668,0.02577470572959125,0.3200658660457094,0.2761783673242957,0.4198413764515842,7252.0,83843.0,38371826.0,533.3469311802261,16741.507769086827,165328.52213298067,4714169.049129772,643350.5186438668,0.02577470572959125,0.3200658660457094,0.2761783673242957,0.4198413764515842,6749.0,84088.0,50612305.0,566.8170093182694,16741.507769086827,165328.52213298067,4714169.049129772,643350.5186438668,0.02577470572959125,0.3200658660457094,0.2761783673242957,0.4198413764515842,6680.0,183058.0,122375721.0,595.3717224462574,16741.507769086827,165328.52213298067,4714169.049129772,643350.5186438668,0.02577470572959125,0.3200658660457094,0.2761783673242957,0.4198413764515842,7561.0,85509.0,38161097.0,525.1480786954106,16741.507769086827,165328.52213298067,4714169.049129772,643350.5186438668,0.02577470572959125,0.3200658660457094,0.2761783673242957,0.4198413764515842,6496.0,73157.0,36997608.0,545.1815614679803,16741.507769086827,165328.52213298067,4714169.049129772,643350.5186438668,0.02577470572959125,0.3200658660457094,0.2761783673242957,0.4198413764515842
7252.0,83843.0,38371826.0,533.3469311802261,16741.507769086827,165328.52213298067,4714169.049129772,643350.5186438668,0.02577470572959125,0.3200658660457094,0.2761783673242957,0.4198413764515842,6749.0,84088.0,50612305.0,566.8170093182694,16741.507769086827,165328.52213298067,4714169.049129772,643350.5186438668,0.02577470572959125,0.3200658660457094,0.2761783673242957,0.4198413764515842,6680.0,183058.0,122375721.0,595.3717224462574,16741.507769086827,165328.52213298067,4714169.049129772,643350.5186438668,0.02577470572959125,0.3200658660457094,0.2761783673242957,0.4198413764515842,7561.0,85509.0,38161097.0,525.1480786954106,16741.507769086827,165328.52213298067,4714169.049129772,643350.5186438668,0.02577470572959125,0.3200658660457094,0.2761783673242957,0.4198413764515842,6496.0,73157.0,36997608.0,545.1815614679803,16741.507769086827,165328.52213298067,4714169.049129772,643350.5186438668,0.02577470572959125,0.3200658660457094,0.2761783673242957,0.4198413764515842,6828.0,81253.0,39838715.0,569.0777208431458,16741.507769086827,165328.52213298067,4714169.049129772,643350.5186438668,0.02577470572959125,0.3200658660457094,0.2761783673242957,0.4198413764515842
6749.0,84088.0,50612305.0,566.8170093182694,16741.507769086827,165328.52213298067,4714169.049129772,643350.5186438668,0.02577470572959125,0.3200658660457094,0.2761783673242957,0.4198413764515842,6680.0,183058.0,122375721.0,595.3717224462574,16741.507769086827,165328.52213298067,4714169.049129772,643350.5186438668,0.02577470572959125,0.3200658660457094,0.2761783673242957,0.4198413764515842,7561.0,85509.0,38161097.0,525.1480786954106,16741.507769086827,165328.52213298067,4714169.049129772,643350.5186438668,0.02577470572959125,0.3200658660457094,0.2761783673242957,0.4198413764515842,6496.0,73157.0,36997608.0,545.1815614679803,16741.507769086827,165328.52213298067,4714169.049129772,643350.5186438668,0.02577470572959125,0.3200658660457094,0.2761783673242957,0.4198413764515842,6828.0,81253.0,39838715.0,569.0777208431458,16741.507769086827,165328.52213298067,4714169.049129772,643350.5186438668,0.02577470572959125,0.3200658660457094,0.2761783673242957,0.4198413764515842,7114.0,150147.0,95987428.0,538.6382561608096,16741.507769086827,165328.52213298067,4714169.049129772,643350.5186438668,0.02577470572959125,0.3200658660457094,0.2761783673242957,0.4198413764515842
6680.0,183058.0,122375721.0,595.3717224462574,16741.507769086827,165328.52213298067,4714169.049129772,643350.5186438668,0.02577470572959125,0.3200658660457094,0.2761783673242957,0.4198413764515842,7561.0,85509.0,38161097.0,525.1480786954106,16741.507769086827,165328.52213298067,4714169.049129772,643350.5186438668,0.02577470572959125,0.3200658660457094,0.2761783673242957,0.4198413764515842,6496.0,73157.0,36997608.0,545.1815614679803,16741.507769086827,165328.52213298067,4714169.049129772,643350.5186438668,0.02577470572959125,0.3200658660457094,0.2761783673242957,0.4198413764515842,6828.0,81253.0,39838715.0,569.0777208431458,16741.507769086827,165328.52213298067,4714169.049129772,643350.5186438668,0.02577470572959125,0.3200658660457094,0.2761783673242957,0.4198413764515842,7114.0,150147.0,95987428.0,538.6382561608096,16741.507769086827,165328.52213298067,4714169.049129772,643350.5186438668,0.02577470572959125,0.3200658660457094,0.2761783673242957,0.4198413764515842,7147.0,53810.0,17366405.0,536.8174491818945,16741.507769086827,165328.52213298067,4714169.049129772,643350.5186438668,0.02577470572959125,0.3200658660457094,0.2761783673242957,0.4198413764515842
7561.0,85509.0,38161097.0,525.1480786954106,16741.507769086827,165328.52213298067,4714169.049129772,643350.5186438668,0.02577470572959125,0.3200658660457094,0.2761783673242957,0.4198413764515842,6496.0,73157.0,36997608.0,545.1815614679803,16741.507769086827,165328.52213298067,4714169.049129772,643350.5186438668,0.02577470572959125,0.3200658660457094,0.2761783673242957,0.4198413764515842,6828.0,81253.0,39838715.0,569.0777208431458,16741.507769086827,165328.52213298067,4714169.049129772,643350.5186438668,0.02577470572959125,0.3200658660457094,0.2761783673242957,0.4198413764515842,7114.0,150147.0,95987428.0,538.6382561608096,16741.507769086827,165328.52213298067,4714169.049129772,643350.5186438668,0.02577470572959125,0.3200658660457094,0.2761783673242957,0.4198413764515842,7147.0,53810.0,17366405.0,536.8174491818945,16741.507769086827,165328.52213298067,4714169.049129772,643350.5186438668,0.02577470572959125,0.3200658660457094,0.2761783673242957,0.4198413764515842,6762.0,69456.0,36745514.0,557.9285696076605,16741.507769086827,165328.52213298067,4714169.049129772,643350.5186438668,0.02577470572959125,0.3200658660457094,0.2761783673242957,0.4198413764515842
6496.0,73157.0,36997608.0,545.1815614679803,16741.507769086827,165328.52213298067,4714169.049129772,643350.5186438668,0.02577470572959125,0.3200658660457094,0.2761783673242957,0.4198413764515842,6828.0,81253.0,39838715.0,569.0777208431458,16741.507769086827,165328.52213298067,4714169.049129772,643350.5186438668,0.02577470572959125,0.3200658660457094,0.2761783673242957,0.4198413764515842,7114.0,150147.0,95987428.0,538.6382561608096,16741.507769086827,165328.52213298067,4714169.049129772,643350.5186438668,0.02577470572959125,0.3200658660457094,0.2761783673242957,0.4198413764515842,7147.0,53810.0,17366405.0,536.8174491818945,16741.507769086827,165328.52213298067,4714169.049129772,643350.5186438668,0.02577470572959125,0.3200658660457094,0.2761783673242957,0.4198413764515842,6762.0,69456.0,36745514.0,557.9285696076605,16741.507769086827,165328.52213298067,4714169.049129772,643350.5186438668,0.02577470572959125,0.3200658660457094,0.2761783673242957,0.4198413764515842,6517.0,67802.0,29552831.0,590.0721098740217,16741.507769086827,165328.52213298067,4714169.049129772,643350.5186438668,0.02577470572959125,0.3200658660457094,0.2761783673242957,0.4198413764515842
6828.0,81253.0,39838715.0,569.0777208431458,16741.507769086827,165328.52213298067,4714169.049129772,643350.5186438668,0.02577470572959125,0.3200658660457094,0.2761783673242957,0.4198413764515842,7114.0,150147.0,95987428.0,538.6382561608096,16741.507769086827,165328.52213298067,4714169.049129772,643350.5186438668,0.02577470572959125,0.3200658660457094,0.2761783673242957,0.4198413764515842,7147.0,53810.0,17366405.0,536.8174491818945,16741.507769086827,165328.52213298067,4714169.049129772,643350.5186438668,0.02577470572959125,0.3200658660457094,0.2761783673242957,0.4198413764515842,6762.0,69456.0,36745514.0,557.9285696076605,16741.507769086827,165328.52213298067,4714169.049129772,643350.5186438668,0.02577470572959125,0.3200658660457094,0.2761783673242957,0.4198413764515842,6517.0,67802.0,29552831.0,590.0721098740217,16741.507769086827,165328.52213298067,4714169.049129772,643350.5186438668,0.02577470572959125,0.3200658660457094,0.2761783673242957,0.4198413764515842,6362.0,55731.0,20679428.0,578.9279298360578,16741.507769086827,165328.52213298067,4714169.049129772,643350.5186438668,0.02577470572959125,0.3200658660457094,0.2761783673242957,0.4198413764515842
7114.0,150147.0,95987428.0,538.6382561608096,16741.507769086827,165328.52213298067,4714169.049129772,643350.5186438668,0.02577470572959125,0.3200658660457094,0.2761783673242957,0.4198413764515842,7147.0,53810.0,17366405.0,536.8174491818945,16741.507769086827,165328.52213298067,4714169.049129772,643350.5186438668,0.02577470572959125,0.3200658660457094,0.2761783673242957,0.4198413764515842,6762.0,69456.0,36745514.0,557.9285696076605,16741.507769086827,165328.52213298067,4714169.049129772,643350.5186438668,0.02577470572959125,0.3200658660457094,0.2761783673242957,0.4198413764515842,6517.0,67802.0,29552831.0,590.0721098740217,16741.507769086827,165328.52213298067,4714169.049129772,643350.5186438668,0.02577470572959125,0.3200658660457094,0.2761783673242957,0.4198413764515842,6362.0,55731.0,20679428.0,578.9279298360578,16741.507769086827,165328.52213298067,4714169.049129772,643350.5186438668,0.02577470572959125,0.3200658660457094,0.2761783673242957,0.4198413764515842,6225.0,90577.0,65605571.0,586.2900784734137,16741.507769086827,165328.52213298067,4714169.049129772,643350.5186438668,0.02577470572959125,0.3200658660457094,0.2761783673242957,0.4198413764515842
7147.0,53810.0,17366405.0,536.8174491818945,16741.507769086827,165328.52213298067,4714169.049129772,643350.5186438668,0.02577470572959125,0.3200658660457094,0.2761783673242957,0.4198413764515842,6762.0,69456.0,36745514.0,557.9285696076605,16741.507769086827,165328.52213298067,4714169.049129772,643350.5186438668,0.02577470572959125,0.3200658660457094,0.2761783673242957,0.4198413764515842,6517.0,67802.0,29552831.0,590.0721098740217,16741.507769086827,165328.52213298067,4714169.049129772,643350.5186438668,0.02577470572959125,0.3200658660457094,0.2761783673242957,0.4198413764515842,6362.0,55731.0,20679428.0,578.9279298360578,16741.507769086827,165328.52213298067,4714169.049129772,643350.5186438668,0.02577470572959125,0.3200658660457094,0.2761783673242957,0.4198413764515842,6225.0,90577.0,65605571.0,586.2900784734137,16741.507769086827,165328.52213298067,4714169.049129772,643350.5186438668,0.02577470572959125,0.3200658660457094,0.2761783673242957,0.4198413764515842,5799.0,53441.0,24672190.0,572.6872242407312,16741.507769086827,165328.52213298067,4714169.049129772,643350.5186438668,0.02577470572959125,0.3200658660457094,0.2761783673242957,0.4198413764515842
6762.0,69456.0,36745514.0,557.9285696076605,16741.507769086827,165328.52213298067,4714169.049129772,643350.5186438668,0.02577470572959125,0.3200658660457094,0.2761783673242957,0.4198413764515842,6517.0,67802.0,29552831.0,590.0721098740217,16741.507769086827,165328.52213298067,4714169.049129772,643350.5186438668,0.02577470572959125,0.3200658660457094,0.2761783673242957,0.4198413764515842,6362.0,55731.0,20679428.0,578.9279298360578,16741.507769086827,165328.52213298067,4714169.049129772,643350.5186438668,0.02577470572959125,0.3200658660457094,0.2761783673242957,0.4198413764515842,6225.0,90577.0,65605571.0,586.2900784734137,16741.507769086827,165328.52213298067,4714169.049129772,643350.5186438668,0.02577470572959125,0.3200658660457094,0.2761783673242957,0.4198413764515842,5799.0,53441.0,24672190.0,572.6872242407312,16741.507769086827,165328.52213298067,4714169.049129772,643350.5186438668,0.02577470572959125,0.3200658660457094,0.2761783673242957,0.4198413764515842,7205.0,121556.0,102635682.0,516.5986682992367,16741.507769086827,165328.52213298067,4714169.049129772,643350.5186438668,0.02577470572959125,0.3200658660457094,0.2761783673242957,0.4198413764515842
6517.0,67802.0,29552831.0,590.0721098740217,16741.507769086827,165328.52213298067,4714169.049129772,643350.5186438668,0.02577470572959125,0.3200658660457094,0.2761783673242957,0.4198413764515842,6362.0,55731.0,20679428.0,578.9279298360578,16741.507769086827,165328.52213298067,4714169.049129772,643350.5186438668,0.02577470572959125,0.3200658660457094,0.2761783673242957,0.4198413764515842,6225.0,90577.0,65605571.0,586.2900784734137,16741.507769086827,165328.52213298067,4714169.049129772,643350.5186438668,0.02577470572959125,0.3200658660457094,0.2761783673242957,0.4198413764515842,5799.0,53441.0,24672190.0,572.6872242407312,16741.507769086827,165328.52213298067,4714169.049129772,643350.5186438668,0.02577470572959125,0.3200658660457094,0.2761783673242957,0.4198413764515842,7205.0,121556.0,102635682.0,516.5986682992367,16741.507769086827,165328.52213298067,4714169.049129772,643350.5186438668,0.02577470572959125,0.3200658660457094,0.2761783673242957,0.4198413764515842,6728.0,81148.0,37853713.0,574.7935832190844,16741.507769086827,165328.52213298067,4714169.049129772,643350.5186438668,0.02577470572959125,0.3200658660457094,0.2761783673242957,0.4198413764515842
6362.0,55731.0,20679428.0,578.9279298360578,16741.507769086827,165328.52213298067,4714169.049129772,643350.5186438668,0.02577470572959125,0.3200658660457094,0.2761783673242957,0.4198413764515842,6225.0,90577.0,65605571.0,586.2900784734137,16741.507769086827,165328.52213298067,4714169.049129772,643350.5186438668,0.02577470572959125,0.3200658660457094,0.2761783673242957,0.4198413764515842,5799.0,53441.0,24672190.0,572.6872242407312,16741.507769086827,165328.52213298067,4714169.049129772,643350.5186438668,0.02577470572959125,0.3200658660457094,0.2761783673242957,0.4198413764515842,7205.0,121556.0,102635682.0,516.5986682992367,16741.507769086827,165328.52213298067,4714169.049129772,643350.5186438668,0.02577470572959125,0.3200658660457094,0.2761783673242957,0.4198413764515842,6728.0,81148.0,37853713.0,574.7935832190844,16741.507769086827,165328.52213298067,4714169.049129772,643350.5186438668,0.02577470572959125,0.3200658660457094,0.2761783673242957,0.4198413764515842,6549.0,92465.0,47703915.0,543.4099771641472,16741.507769086827,165328.52213298067,4714169.049129772,643350.5186438668,0.02577470572959125,0.3200658660457094,0.2761783673242957,0.4198413764515842
6225.0,90577.0,65605571.0,586.2900784734137,16741.507769086827,165328.52213298067,4714169.049129772,643350.5186438668,0.02577470572959125,0.3200658660457094,0.2761783673242957,0.4198413764515842,5799.0,53441.0,24672190.0,572.6872242407312,16741.507769086827,165328.52213298067,4714169.049129772,643350.5186438668,0.02577470572959125,0.3200658660457094,0.2761783673242957,0.4198413764515842,7205.0,121556.0,102635682.0,516.5986682992367,16741.507769086827,165328.52213298067,4714169.049129772,643350.5186438668,0.02577470572959125,0.3200658660457094,0.2761783673242957,0.4198413764515842,6728.0,81148.0,37853713.0,574.7935832190844,16741.507769086827,165328.52213298067,4714169.049129772,643350.5186438668,0.02577470572959125,0.3200658660457094,0.2761783673242957,0.4198413764515842,6549.0,92465.0,47703915.0,543.4099771641472,16741.507769086827,165328.52213298067,4714169.049129772,643350.5186438668,0.02577470572959125,0.3200658660457094,0.2761783673242957,0.4198413764515842,6284.0,56034.0,18771648.0,588.8887291169638,16741.507769086827,165328.52213298067,4714169.049129772,643350.5186438668,0.02577470572959125,0.3200658660457094,0.2761783673242957,0.4198413764515842
5799.0,53441.0,24672190.0,572.6872242407312,16741.507769086827,165328.52213298067,4714169.049129772,643350.5186438668,0.02577470572959125,0.3200658660457094,0.2761783673242957,0.4198413764515842,7205.0,121556.0,102635682.0,516.5986682992367,16741.507769086827,165328.52213298067,4714169.049129772,643350.5186438668,0.02577470572959125,0.3200658660457094,0.2761783673242957,0.4198413764515842,6728.0,81148.0,37853713.0,574.7935832190844,16741.507769086827,165328.52213298067,4714169.049129772,643350.5186438668,0.02577470572959125,0.3200658660457094,0.2761783673242957,0.4198413764515842,6549.0,92465.0,47703915.0,543.4099771641472,16741.507769086827,165328.52213298067,4714169.049129772,643350.5186438668,0.02577470572959125,0.3200658660457094,0.2761783673242957,0.4198413764515842,6284.0,56034.0,18771648.0,588.8887291169638,16741.507769086827,165328.52213298067,4714169.049129772,643350.5186438668,0.02577470572959125,0.3200658660457094,0.2761783673242957,0.4198413764515842,6196.0,406590.0,472624780.0,598.0390026977082,16741.507769086827,165328.52213298067,4714169.049129772,643350.5186438668,0.02577470572959125,0.3200658660457094,0.2761783673242957,0.4198413764515842
7205.0,121556.0,102635682.0,516.5986682992367,16741.507769086827,165328.52213298067,4714169.049129772,643350.5186438668,0.02577470572959125,0.3200658660457094,0.2761783673242957,0.4198413764515842,6728.0,81148.0,37853713.0,574.7935832190844,16741.507769086827,165328.52213298067,4714169.049129772,643350.5186438668,0.02577470572959125,0.3200658660457094,0.2761783673242957,0.4198413764515842,6549.0,92465.0,47703915.0,543.4099771641472,16741.507769086827,165328.52213298067,4714169.049129772,643350.5186438668,0.02577470572959125,0.3200658660457094,0.2761783673242957,0.4198413764515842,6284.0,56034.0,18771648.0,588.8887291169638,16741.507769086827,165328.52213298067,4714169.049129772,643350.5186438668,0.02577470572959125,0.3200658660457094,0.2761783673242957,0.4198413764515842,6196.0,406590.0,472624780.0,598.0390026977082,16741.507769086827,165328.52213298067,4714169.049129772,643350.5186438668,0.02577470572959125,0.3200658660457094,0.2761783673242957,0.4198413764515842,6721.0,67770.0,30729890.0,516.4572881249815,16741.507769086827,165328.52213298067,4714169.049129772,643350.5186438668,0.02577470572959125,0.3200658660457094,0.2761783673242957,0.4198413764515842
6728.0,81148.0,37853713.0,574.7935832190844,16741.507769086827,165328.52213298067,4714169.049129772,643350.5186438668,0.02577470572959125,0.3200658660457094,0.2761783673242957,0.4198413764515842,6549.0,92465.0,47703915.0,543.4099771641472,16741.507769086827,165328.52213298067,4714169.049129772,643350.5186438668,0.02577470572959125,0.3200658660457094,0.2761783673242957,0.4198413764515842,6284.0,56034.0,18771648.0,588.8887291169638,16741.507769086827,165328.52213298067,4714169.049129772,643350.5186438668,0.02577470572959125,0.3200658660457094,0.2761783673242957,0.4198413764515842,6196.0,406590.0,472624780.0,598.0390026977082,16741.507769086827,165328.52213298067,4714169.049129772,643350.5186438668,0.02577470572959125,0.3200658660457094,0.2761783673242957,0.4198413764515842,6721.0,67770.0,30729890.0,516.4572881249815,16741.507769086827,165328.52213298067,4714169.049129772,643350.5186438668,0.02577470572959125,0.3200658660457094,0.2761783673242957,0.4198413764515842,6765.0,67826.0,29464233.0,519.7993013631929,16741.507769086827,165328.52213298067,4714169.049129772,643350.5186438668,0.02577470572959125,0.3200658660457094,0.2761783673242957,0.4198413764515842
6549.0,92465.0,47703915.0,543.4099771641472,16741.507769086827,165328.52213298067,4714169.049129772,643350.5186438668,0.02577470572959125,0.3200658660457094,0.2761783673242957,0.4198413764515842,6284.0,56034.0,18771648.0,588.8887291169638,16741.507769086827,165328.52213298067,4714169.049129772,643350.5186438668,0.02577470572959125,0.3200658660457094,0.2761783673242957,0.4198413764515842,6196.0,406590.0,472624780.0,598.0390026977082,16741.507769086827,165328.52213298067,4714169.049129772,643350.5186438668,0.02577470572959125,0.3200658660457094,0.2761783673242957,0.4198413764515842,6721.0,67770.0,30729890.0,516.4572881249815,16741.507769086827,165328.52213298067,4714169.049129772,643350.5186438668,0.02577470572959125,0.3200658660457094,0.2761783673242957,0.4198413764515842,6765.0,67826.0,29464233.0,519.7993013631929,16741.507769086827,165328.52213298067,4714169.049129772,643350.5186438668,0.02577470572959125,0.3200658660457094,0.2761783673242957,0.4198413764515842,6782.0,69808.0,32494907.0,464.9381604242112,16741.507769086827,165328.52213298067,4714169.049129772,643350.5186438668,0.02577470572959125,0.3200658660457094,0.2761783673242957,0.4198413764515842
6284.0,56034.0,18771648.0,588.8887291169638,16741.507769086827,165328.52213298067,4714169.049129772,643350.5186438668,0.02577470572959125,0.3200658660457094,0.2761783673242957,0.4198413764515842,6196.0,406590.0,472624780.0,598.0390026977082,16741.507769086827,165328.52213298067,4714169.049129772,643350.5186438668,0.02577470572959125,0.3200658660457094,0.2761783673242957,0.4198413764515842,6721.0,67770.0,30729890.0,516.4572881249815,16741.507769086827,165328.52213298067,4714169.049129772,643350.5186438668,0.02577470572959125,0.3200658660457094,0.2761783673242957,0.4198413764515842,6765.0,67826.0,29464233.0,519.7993013631929,16741.507769086827,165328.52213298067,4714169.049129772,643350.5186438668,0.02577470572959125,0.3200658660457094,0.2761783673242957,0.4198413764515842,6782.0,69808.0,32494907.0,464.9381604242112,16741.507769086827,165328.52213298067,4714169.049129772,643350.5186438668,0.02577470572959125,0.3200658660457094,0.2761783673242957,0.4198413764515842,7581.0,121439.0,77593563.0,498.15715328083365,16741.507769086827,165328.52213298067,4714169.049129772,643350.5186438668,0.02577470572959125,0.3200658660457094,0.2761783673242957,0.4198413764515842
6196.0,406590.0,472624780.0,598.0390026977082,16741.507769086827,165328.52213298067,4714169.049129772,643350.5186438668,0.02577470572959125,0.3200658660457094,0.2761783673242957,0.4198413764515842,6721.0,67770.0,30729890.0,516.4572881249815,16741.507769086827,165328.52213298067,4714169.049129772,643350.5186438668,0.02577470572959125,0.3200658660457094,0.2761783673242957,0.4198413764515842,6765.0,67826.0,29464233.0,519.7993013631929,16741.507769086827,165328.52213298067,4714169.049129772,643350.5186438668,0.02577470572959125,0.3200658660457094,0.2761783673242957,0.4198413764515842,6782.0,69808.0,32494907.0,464.9381604242112,16741.507769086827,165328.52213298067,4714169.049129772,643350.5186438668,0.02577470572959125,0.3200658660457094,0.2761783673242957,0.4198413764515842,7581.0,121439.0,77593563.0,498.15715328083365,16741.507769086827,165328.52213298067,4714169.049129772,643350.5186438668,0.02577470572959125,0.3200658660457094,0.2761783673242957,0.4198413764515842,6845.0,4347030.0,4330243298.0,510.0750096847334,16741.507769086827,165328.52213298067,4714169.049129772,643350.5186438668,0.02577470572959125,0.3200658660457094,0.2761783673242957,0.4198413764515842
6721.0,67770.0,30729890.0,516.4572881249815,16741.507769086827,165328.52213298067,4714169.049129772,643350.5186438668,0.02577470572959125,0.3200658660457094,0.2761783673242957,0.4198413764515842,6765.0,67826.0,29464233.0,519.7993013631929,16741.507769086827,165328.52213298067,4714169.049129772,643350.5186438668,0.02577470572959125,0.3200658660457094,0.2761783673242957,0.4198413764515842,6782.0,69808.0,32494907.0,464.9381604242112,16741.507769086827,165328.52213298067,4714169.049129772,643350.5186438668,0.02577470572959125,0.3200658660457094,0.2761783673242957,0.4198413764515842,7581.0,121439.0,77593563.0,498.15715328083365,16741.507769086827,165328.52213298067,4714169.049129772,643350.5186438668,0.02577470572959125,0.3200658660457094,0.2761783673242957,0.4198413764515842,6845.0,4347030.0,4330243298.0,510.0750096847334,16741.507769086827,165328.52213298067,4714169.049129772,643350.5186438668,0.02577470572959125,0.3200658660457094,0.2761783673242957,0.4198413764515842,6535.0,57721.0,22082058.0,524.0252929677123,16741.507769086827,165328.52213298067,4714169.049129772,643350.5186438668,0.02577470572959125,0.3200658660457094,0.2761783673242957,0.4198413764515842
6765.0,67826.0,29464233.0,519.7993013631929,16741.507769086827,165328.52213298067,4714169.049129772,643350.5186438668,0.02577470572959125,0.3200658660457094,0.2761783673242957,0.4198413764515842,6782.0,69808.0,32494907.0,464.9381604242112,16741.507769086827,165328.52213298067,4714169.049129772,643350.5186438668,0.02577470572959125,0.3200658660457094,0.2761783673242957,0.4198413764515842,7581.0,121439.0,77593563.0,498.15715328083365,16741.507769086827,165328.52213298067,4714169.049129772,643350.5186438668,0.02577470572959125,0.3200658660457094,0.2761783673242957,0.4198413764515842,6845.0,4347030.0,4330243298.0,510.0750096847334,16741.507769086827,165328.52213298067,4714169.049129772,643350.5186438668,0.02577470572959125,0.3200658660457094,0.2761783673242957,0.4198413764515842,6535.0,57721.0,22082058.0,524.0252929677123,16741.507769086827,165328.52213298067,4714169.049129772,643350.5186438668,0.02577470572959125,0.3200658660457094,0.2761783673242957,0.4198413764515842,6438.0,68718.0,27661450.0,547.0926783738739,16741.507769086827,165328.52213298067,4714169.049129772,643350.5186438668,0.02577470572959125,0.3200658660457094,0.2761783673242957,0.4198413764515842
6782.0,69808.0,32494907.0,464.9381604242112,16741.507769086827,165328.52213298067,4714169.049129772,643350.5186438668,0.02577470572959125,0.3200658660457094,0.2761783673242957,0.4198413764515842,7581.0,121439.0,77593563.0,498.15715328083365,16741.507769086827,165328.52213298067,4714169.049129772,643350.5186438668,0.02577470572959125,0.3200658660457094,0.2761783673242957,0.4198413764515842,6845.0,4347030.0,4330243298.0,510.0750096847334,16741.507769086827,165328.52213298067,4714169.049129772,643350.5186438668,0.02577470572959125,0.3200658660457094,0.2761783673242957,0.4198413764515842,6535.0,57721.0,22082058.0,524.0252929677123,16741.507769086827,165328.52213298067,4714169.049129772,643350.5186438668,0.02577470572959125,0.3200658660457094,0.2761783673242957,0.4198413764515842,6438.0,68718.0,27661450.0,547.0926783738739,16741.507769086827,165328.52213298067,4714169.049129772,643350.5186438668,0.02577470572959125,0.3200658660457094,0.2761783673242957,0.4198413764515842,7146.0,87201.0,41943895.0,484.7187840155332,16741.507769086827,165328.52213298067,4714169.049129772,643350.5186438668,0.02577470572959125,0.3200658660457094,0.2761783673242957,0.4198413764515842
7581.0,121439.0,77593563.0,498.15715328083365,16741.507769086827,165328.52213298067,4714169.049129772,643350.5186438668,0.02577470572959125,0.3200658660457094,0.2761783673242957,0.4198413764515842,6845.0,4347030.0,4330243298.0,510.0750096847334,16741.507769086827,165328.52213298067,4714169.049129772,643350.5186438668,0.02577470572959125,0.3200658660457094,0.2761783673242957,0.4198413764515842,6535.0,57721.0,22082058.0,524.0252929677123,16741.507769086827,165328.52213298067,4714169.049129772,643350.5186438668,0.02577470572959125,0.3200658660457094,0.2761783673242957,0.4198413764515842,6438.0,68718.0,27661450.0,547.0926783738739,16741.507769086827,165328.52213298067,4714169.049129772,643350.5186438668,0.02577470572959125,0.3200658660457094,0.2761783673242957,0.4198413764515842,7146.0,87201.0,41943895.0,484.7187840155332,16741.507769086827,165328.52213298067,4714169.049129772,643350.5186438668,0.02577470572959125,0.3200658660457094,0.2761783673242957,0.4198413764515842,6585.0,99020.0,66929472.0,499.43731589309033,16741.507769086827,165328.52213298067,4714169.049129772,643350.5186438668,0.02577470572959125,0.3200658660457094,0.2761783673242957,0.4198413764515842
6845.0,4347030.0,4330243298.0,510.0750096847334,16741.507769086827,165328.52213298067,4714169.049129772,643350.5186438668,0.02577470572959125,0.3200658660457094,0.2761783673242957,0.4198413764515842,6535.0,57721.0,22082058.0,524.0252929677123,16741.507769086827,165328.52213298067,4714169.049129772,643350.5186438668,0.02577470572959125,0.3200658660457094,0.2761783673242957,0.4198413764515842,6438.0,68718.0,27661450.0,547.0926783738739,16741.507769086827,165328.52213298067,4714169.049129772,643350.5186438668,0.02577470572959125,0.3200658660457094,0.2761783673242957,0.4198413764515842,7146.0,87201.0,41943895.0,484.7187840155332,16741.507769086827,165328.52213298067,4714169.049129772,643350.5186438668,0.02577470572959125,0.3200658660457094,0.2761783673242957,0.4198413764515842,6585.0,99020.0,66929472.0,499.43731589309033,16741.507769086827,165328.52213298067,4714169.049129772,643350.5186438668,0.02577470572959125,0.3200658660457094,0.2761783673242957,0.4198413764515842,6906.0,166377.0,119557614.0,473.3495284242687,16741.507769086827,165328.52213298067,4714169.049129772,643350.5186438668,0.02577470572959125,0.3200658660457094,0.2761783673242957,0.4198413764515842
6535.0,57721.0,22082058.0,524.0252929677123,16741.507769086827,165328.52213298067,4714169.049129772,643350.5186438668,0.02577470572959125,0.3200658660457094,0.2761783673242957,0.4198413764515842,6438.0,68718.0,27661450.0,547.0926783738739,16741.507769086827,165328.52213298067,4714169.049129772,643350.5186438668,0.02577470572959125,0.3200658660457094,0.2761783673242957,0.4198413764515842,7146.0,87201.0,41943895.0,484.7187840155332,16741.507769086827,165328.52213298067,4714169.049129772,643350.5186438668,0.02577470572959125,0.3200658660457094,0.2761783673242957,0.4198413764515842,6585.0,99020.0,66929472.0,499.43731589309033,16741.507769086827,165328.52213298067,4714169.049129772,643350.5186438668,0.02577470572959125,0.3200658660457094,0.2761783673242957,0.4198413764515842,6906.0,166377.0,119557614.0,473.3495284242687,16741.507769086827,165328.52213298067,4714169.049129772,643350.5186438668,0.02577470572959125,0.3200658660457094,0.2761783673242957,0.4198413764515842,6885.0,105724.0,66765369.0,488.398005221496,16741.507769086827,165328.52213298067,4714169.049129772,643350.5186438668,0.02577470572959125,0.3200658660457094,0.2761783673242957,0.4198413764515842
6438.0,68718.0,27661450.0,547.0926783738739,16741.507769086827,165328.52213298067,4714169.049129772,643350.5186438668,0.02577470572959125,0.3200658660457094,0.2761783673242957,0.4198413764515842,7146.0,87201.0,41943895.0,484.7187840155332,16741.507769086827,165328.52213298067,4714169.049129772,643350.5186438668,0.02577470572959125,0.3200658660457094,0.2761783673242957,0.4198413764515842,6585.0,99020.0,66929472.0,499.43731589309033,16741.507769086827,165328.52213298067,4714169.049129772,643350.5186438668,0.02577470572959125,0.3200658660457094,0.2761783673242957,0.4198413764515842,6906.0,166377.0,119557614.0,473.3495284242687,16741.507769086827,165328.52213298067,4714169.049129772,643350.5186438668,0.02577470572959125,0.3200658660457094,0.2761783673242957,0.4198413764515842,6885.0,105724.0,66765369.0,488.398005221496,16741.507769086827,165328.52213298067,4714169.049129772,643350.5186438668,0.02577470572959125,0.3200658660457094,0.2761783673242957,0.4198413764515842,7082.0,81209.0,41440753.0,466.9510271992375,16741.507769086827,165328.52213298067,4714169.049129772,643350.5186438668,0.02577470572959125,0.3200658660457094,0.2761783673242957,0.4198413764515842
7146.0,87201.0,41943895.0,484.7187840155332,16741.507769086827,165328.52213298067,4714169.049129772,643350.5186438668,0.02577470572959125,0.3200658660457094,0.2761783673242957,0.4198413764515842,6585.0,99020.0,66929472.0,499.43731589309033,16741.507769086827,165328.52213298067,4714169.049129772,643350.5186438668,0.02577470572959125,0.3200658660457094,0.2761783673242957,0.4198413764515842,6906.0,166377.0,119557614.0,473.3495284242687,16741.507769086827,165328.52213298067,4714169.049129772,643350.5186438668,0.02577470572959125,0.3200658660457094,0.2761783673242957,0.4198413764515842,6885.0,105724.0,66765369.0,488.398005221496,16741.507769086827,165328.52213298067,4714169.049129772,643350.5186438668,0.02577470572959125,0.3200658660457094,0.2761783673242957,0.4198413764515842,7082.0,81209.0,41440753.0,466.9510271992375,16741.507769086827,165328.52213298067,4714169.049129772,643350.5186438668,0.02577470572959125,0.3200658660457094,0.2761783673242957,0.4198413764515842,7296.0,77521.0,40050966.0,435.7123935371436,16741.507769086827,165328.52213298067,4714169.049129772,643350.5186438668,0.02577470572959125,0.3200658660457094,0.2761783673242957,0.4198413764515842
6585.0,99020.0,66929472.0,499.43731589309033,16741.507769086827,165328.52213298067,4714169.049129772,643350.5186438668,0.02577470572959125,0.3200658660457094,0.2761783673242957,0.4198413764515842,6906.0,166377.0,119557614.0,473.3495284242687,16741.507769086827,165328.52213298067,4714169.049129772,643350.5186438668,0.02577470572959125,0.3200658660457094,0.2761783673242957,0.4198413764515842,6885.0,105724.0,66765369.0,488.398005221496,16741.507769086827,165328.52213298067,4714169.049129772,643350.5186438668,0.02577470572959125,0.3200658660457094,0.2761783673242957,0.4198413764515842,7082.0,81209.0,41440753.0,466.9510271992375,16741.507769086827,165328.52213298067,4714169.049129772,643350.5186438668,0.02577470572959125,0.3200658660457094,0.2761783673242957,0.4198413764515842,7296.0,77521.0,40050966.0,435.7123935371436,16741.507769086827,165328.52213298067,4714169.049129772,643350.5186438668,0.02577470572959125,0.3200658660457094,0.2761783673242957,0.4198413764515842,7832.0,316052.0,261631663.0,441.21497973097553,16741.507769086827,165328.52213298067,4714169.049129772,643350.5186438668,0.02577470572959125,0.3200658660457094,0.2761783673242957,0.4198413764515842
6906.0,166377.0,119557614.0,473.3495284242687,16741.507769086827,165328.52213298067,4714169.049129772,643350.5186438668,0.02577470572959125,0.3200658660457094,0.2761783673242957,0.4198413764515842,6885.0,105724.0,66765369.0,488.398005221496,16741.507769086827,165328.52213298067,4714169.049129772,643350.5186438668,0.02577470572959125,0.3200658660457094,0.2761783673242957,0.4198413764515842,7082.0,81209.0,41440753.0,466.9510271992375,16741.507769086827,165328.52213298067,4714169.049129772,643350.5186438668,0.02577470572959125,0.3200658660457094,0.2761783673242957,0.4198413764515842,7296.0,77521.0,40050966.0,435.7123935371436,16741.507769086827,165328.52213298067,4714169.049129772,643350.5186438668,0.02577470572959125,0.3200658660457094,0.2761783673242957,0.4198413764515842,7832.0,316052.0,261631663.0,441.21497973097553,16741.507769086827,165328.52213298067,4714169.049129772,643350.5186438668,0.02577470572959125,0.3200658660457094,0.2761783673242957,0.4198413764515842,6524.0,164232.0,104143018.0,485.81539180916616,16741.507769086827,165328.52213298067,4714169.049129772,643350.5186438668,0.02577470572959125,0.3200658660457094,0.2761783673242957,0.4198413764515842
6885.0,105724.0,66765369.0,488.398005221496,16741.507769086827,165328.52213298067,4714169.049129772,643350.5186438668,0.02577470572959125,0.3200658660457094,0.2761783673242957,0.4198413764515842,7082.0,81209.0,41440753.0,466.9510271992375,16741.507769086827,165328.52213298067,4714169.049129772,643350.5186438668,0.02577470572959125,0.3200658660457094,0.2761783673242957,0.4198413764515842,7296.0,77521.0,40050966.0,435.7123935371436,16741.507769086827,165328.52213298067,4714169.049129772,643350.5186438668,0.02577470572959125,0.3200658660457094,0.2761783673242957,0.4198413764515842,7832.0,316052.0,261631663.0,441.21497973097553,16741.507769086827,165328.52213298067,4714169.049129772,643350.5186438668,0.02577470572959125,0.3200658660457094,0.2761783673242957,0.4198413764515842,6524.0,164232.0,104143018.0,485.81539180916616,16741.507769086827,165328.52213298067,4714169.049129772,643350.5186438668,0.02577470572959125,0.3200658660457094,0.2761783673242957,0.4198413764515842,7565.0,328063.0,326669882.0,393.3937246159947,16741.507769086827,165328.52213298067,4714169.049129772,643350.5186438668,0.02577470572959125,0.3200658660457094,0.2761783673242957,0.4198413764515842
7082.0,81209.0,41440753.0,466.9510271992375,16741.507769086827,165328.52213298067,4714169.049129772,643350.5186438668,0.02577470572959125,0.3200658660457094,0.2761783673242957,0.4198413764515842,7296.0,77521.0,40050966.0,435.7123935371436,16741.507769086827,165328.52213298067,4714169.049129772,643350.5186438668,0.02577470572959125,0.3200658660457094,0.2761783673242957,0.4198413764515842,7832.0,316052.0,261631663.0,441.21497973097553,16741.507769086827,165328.52213298067,4714169.049129772,643350.5186438668,0.02577470572959125,0.3200658660457094,0.2761783673242957,0.4198413764515842,6524.0,164232.0,104143018.0,485.81539180916616,16741.507769086827,165328.52213298067,4714169.049129772,643350.5186438668,0.02577470572959125,0.3200658660457094,0.2761783673242957,0.4198413764515842,7565.0,328063.0,326669882.0,393.3937246159947,16741.507769086827,165328.52213298067,4714169.049129772,643350.5186438668,0.02577470572959125,0.3200658660457094,0.2761783673242957,0.4198413764515842,7004.0,197943.0,157462325.0,421.9724609104797,16741.507769086827,165328.52213298067,4714169.049129772,643350.5186438668,0.02577470572959125,0.3200658660457094,0.2761783673242957,0.4198413764515842
7296.0,77521.0,40050966.0,435.7123935371436,16741.507769086827,165328.52213298067,4714169.049129772,643350.5186438668,0.02577470572959125,0.3200658660457094,0.2761783673242957,0.4198413764515842,7832.0,316052.0,261631663.0,441.21497973097553,16741.507769086827,165328.52213298067,4714169.049129772,643350.5186438668,0.02577470572959125,0.3200658660457094,0.2761783673242957,0.4198413764515842,6524.0,164232.0,104143018.0,485.81539180916616,16741.507769086827,165328.52213298067,4714169.049129772,643350.5186438668,0.02577470572959125,0.3200658660457094,0.2761783673242957,0.4198413764515842,7565.0,328063.0,326669882.0,393.3937246159947,16741.507769086827,165328.52213298067,4714169.049129772,643350.5186438668,0.02577470572959125,0.3200658660457094,0.2761783673242957,0.4198413764515842,7004.0,197943.0,157462325.0,421.9724609104797,16741.507769086827,165328.52213298067,4714169.049129772,643350.5186438668,0.02577470572959125,0.3200658660457094,0.2761783673242957,0.4198413764515842,7679.0,77053.0,40734118.0,397.1382094228415,16741.507769086827,165328.52213298067,4714169.049129772,643350.5186438668,0.02577470572959125,0.3200658660457094,0.2761783673242957,0.4198413764515842
7832.0,316052.0,261631663.0,441.21497973097553,16741.507769086827,165328.52213298067,4714169.049129772,643350.5186438668,0.02577470572959125,0.3200658660457094,0.2761783673242957,0.4198413764515842,6524.0,164232.0,104143018.0,485.81539180916616,16741.507769086827,165328.52213298067,4714169.049129772,643350.5186438668,0.02577470572959125,0.3200658660457094,0.2761783673242957,0.4198413764515842,7565.0,328063.0,326669882.0,393.3937246159947,16741.507769086827,165328.52213298067,4714169.049129772,643350.5186438668,0.02577470572959125,0.3200658660457094,0.2761783673242957,0.4198413764515842,7004.0,197943.0,157462325.0,421.9724609104797,16741.507769086827,165328.52213298067,4714169.049129772,643350.5186438668,0.02577470572959125,0.3200658660457094,0.2761783673242957,0.4198413764515842,7679.0,77053.0,40734118.0,397.1382094228415,16741.507769086827,165328.52213298067,4714169.049129772,643350.5186438668,0.02577470572959125,0.3200658660457094,0.2761783673242957,0.4198413764515842,7656.0,96698.0,56435283.0,393.4189520933908,16741.507769086827,165328.52213298067,4714169.049129772,643350.5186438668,0.02577470572959125,0.3200658660457094,0.2761783673242957,0.4198413764515842
6524.0,164232.0,104143018.0,485.81539180916616,16741.507769086827,165328.52213298067,4714169.049129772,643350.5186438668,0.02577470572959125,0.3200658660457094,0.2761783673242957,0.4198413764515842,7565.0,328063.0,326669882.0,393.3937246159947,16741.507769086827,165328.52213298067,4714169.049129772,643350.5186438668,0.02577470572959125,0.3200658660457094,0.2761783673242957,0.4198413764515842,7004.0,197943.0,157462325.0,421.9724609104797,16741.507769086827,165328.52213298067,4714169.049129772,643350.5186438668,0.02577470572959125,0.3200658660457094,0.2761783673242957,0.4198413764515842,7679.0,77053.0,40734118.0,397.1382094228415,16741.507769086827,165328.52213298067,4714169.049129772,643350.5186438668,0.02577470572959125,0.3200658660457094,0.2761783673242957,0.4198413764515842,7656.0,96698.0,56435283.0,393.4189520933908,16741.507769086827,165328.52213298067,4714169.049129772,643350.5186438668,0.02577470572959125,0.3200658660457094,0.2761783673242957,0.4198413764515842,6942.0,78819.0,41494968.0,425.62813943906656,16741.507769086827,165328.52213298067,4714169.049129772,643350.5186438668,0.02577470572959125,0.3200658660457094,0.2761783673242957,0.4198413764515842
7565.0,328063.0,326669882.0,393.3937246159947,16741.507769086827,165328.52213298067,4714169.049129772,643350.5186438668,0.02577470572959125,0.3200658660457094,0.2761783673242957,0.4198413764515842,7004.0,197943.0,157462325.0,421.9724609104797,16741.507769086827,165328.52213298067,4714169.049129772,643350.5186438668,0.02577470572959125,0.3200658660457094,0.2761783673242957,0.4198413764515842,7679.0,77053.0,40734118.0,397.1382094228415,16741.507769086827,165328.52213298067,4714169.049129772,643350.5186438668,0.02577470572959125,0.3200658660457094,0.2761783673242957,0.4198413764515842,7656.0,96698.0,56435283.0,393.4189520933908,16741.507769086827,165328.52213298067,4714169.049129772,643350.5186438668,0.02577470572959125,0.3200658660457094,0.2761783673242957,0.4198413764515842,6942.0,78819.0,41494968.0,425.62813943906656,16741.507769086827,165328.52213298067,4714169.049129772,643350.5186438668,0.02577470572959125,0.3200658660457094,0.2761783673242957,0.4198413764515842,6611.0,62127.0,26536047.0,419.6606628773257,16741.507769086827,165328.52213298067,4714169.049129772,643350.5186438668,0.02577470572959125,0.3200658660457094,0.2761783673242957,0.4198413764515842
7004.0,197943.0,157462325.0,421.9724609104797,16741.507769086827,165328.52213298067,4714169.049129772,643350.5186438668,0.02577470572959125,0.3200658660457094,0.2761783673242957,0.4198413764515842,7679.0,77053.0,40734118.0,397.1382094228415,16741.507769086827,165328.52213298067,4714169.049129772,643350.5186438668,0.02577470572959125,0.3200658660457094,0.2761783673242957,0.4198413764515842,7656.0,96698.0,56435283.0,393.4189520933908,16741.507769086827,165328.52213298067,4714169.049129772,643350.5186438668,0.02577470572959125,0.3200658660457094,0.2761783673242957,0.4198413764515842,6942.0,78819.0,41494968.0,425.62813943906656,16741.507769086827,165328.52213298067,4714169.049129772,643350.5186438668,0.02577470572959125,0.3200658660457094,0.2761783673242957,0.4198413764515842,6611.0,62127.0,26536047.0,419.6606628773257,16741.507769086827,165328.52213298067,4714169.049129772,643350.5186438668,0.02577470572959125,0.3200658660457094,0.2761783673242957,0.4198413764515842,7215.0,76929.0,34128812.0,426.9699939223839,16741.507769086827,165328.52213298067,4714169.049129772,643350.5186438668,0.02577470572959125,0.3200658660457094,0.2761783673242957,0.4198413764515842
7679.0,77053.0,40734118.0,397.1382094228415,16741.507769086827,165328.52213298067,4714169.049129772,643350.5186438668,0.02577470572959125,0.3200658660457094,0.2761783673242957,0.4198413764515842,7656.0,96698.0,56435283.0,393.4189520933908,16741.507769086827,165328.52213298067,4714169.049129772,643350.5186438668,0.02577470572959125,0.3200658660457094,0.2761783673242957,0.4198413764515842,6942.0,78819.0,41494968.0,425.62813943906656,16741.507769086827,165328.52213298067,4714169.049129772,643350.5186438668,0.02577470572959125,0.3200658660457094,0.2761783673242957,0.4198413764515842,6611.0,62127.0,26536047.0,419.6606628773257,16741.507769086827,165328.52213298067,4714169.049129772,643350.5186438668,0.02577470572959125,0.3200658660457094,0.2761783673242957,0.4198413764515842,7215.0,76929.0,34128812.0,426.9699939223839,16741.507769086827,165328.52213298067,4714169.049129772,643350.5186438668,0.02577470572959125,0.3200658660457094,0.2761783673242957,0.4198413764515842,6711.0,62643.0,28240621.0,439.1096017931754,16741.507769086827,165328.52213298067,4714169.049129772,643350.5186438668,0.02577470572959125,0.3200658660457094,0.2761783673242957,0.4198413764515842
7656.0,96698.0,56435283.0,393.4189520933908,16741.507769086827,165328.52213298067,4714169.049129772,643350.5186438668,0.02577470572959125,0.3200658660457094,0.2761783673242957,0.4198413764515842,6942.0,78819.0,41494968.0,425.62813943906656,16741.507769086827,165328.52213298067,4714169.049129772,643350.5186438668,0.02577470572959125,0.3200658660457094,0.2761783673242957,0.4198413764515842,6611.0,62127.0,26536047.0,419.6606628773257,16741.507769086827,165328.52213298067,4714169.049129772,643350.5186438668,0.02577470572959125,0.3200658660457094,0.2761783673242957,0.4198413764515842,7215.0,76929.0,34128812.0,426.9699939223839,16741.507769086827,165328.52213298067,4714169.049129772,643350.5186438668,0.02577470572959125,0.3200658660457094,0.2761783673242957,0.4198413764515842,6711.0,62643.0,28240621.0,439.1096017931754,16741.507769086827,165328.52213298067,4714169.049129772,643350.5186438668,0.02577470572959125,0.3200658660457094,0.2761783673242957,0.4198413764515842,6409.0,84119.0,43701195.0,499.67480329474176,16741.507769086827,165328.52213298067,4714169.049129772,643350.5186438668,0.02577470572959125,0.3200658660457094,0.2761783673242957,0.4198413764515842
6942.0,78819.0,41494968.0,425.62813943906656,16741.507769086827,165328.52213298067,4714169.049129772,643350.5186438668,0.02577470572959125,0.3200658660457094,0.2761783673242957,0.4198413764515842,6611.0,62127.0,26536047.0,419.6606628773257,16741.507769086827,165328.52213298067,4714169.049129772,643350.5186438668,0.02577470572959125,0.3200658660457094,0.2761783673242957,0.4198413764515842,7215.0,76929.0,34128812.0,426.9699939223839,16741.507769086827,165328.52213298067,4714169.049129772,643350.5186438668,0.02577470572959125,0.3200658660457094,0.2761783673242957,0.4198413764515842,6711.0,62643.0,28240621.0,439.1096017931754,16741.507769086827,165328.52213298067,4714169.049129772,643350.5186438668,0.02577470572959125,0.3200658660457094,0.2761783673242957,0.4198413764515842,6409.0,84119.0,43701195.0,499.67480329474176,16741.507769086827,165328.52213298067,4714169.049129772,643350.5186438668,0.02577470572959125,0.3200658660457094,0.2761783673242957,0.4198413764515842,7404.0,69633.0,28215925.0,794.6600845902215,16741.507769086827,165328.52213298067,4714169.049129772,643350.5186438668,0.02577470572959125,0.3200658660457094,0.2761783673242957,0.4198413764515842
6611.0,62127.0,26536047.0,419.6606628773257,16741.507769086827,165328.52213298067,4714169.049129772,643350.5186438668,0.02577470572959125,0.3200658660457094,0.2761783673242957,0.4198413764515842,7215.0,76929.0,34128812.0,426.9699939223839,16741.507769086827,165328.52213298067,4714169.049129772,643350.5186438668,0.02577470572959125,0.3200658660457094,0.2761783673242957,0.4198413764515842,6711.0,62643.0,28240621.0,439.1096017931754,16741.507769086827,165328.52213298067,4714169.049129772,643350.5186438668,0.02577470572959125,0.3200658660457094,0.2761783673242957,0.4198413764515842,6409.0,84119.0,43701195.0,499.67480329474176,16741.507769086827,165328.52213298067,4714169.049129772,643350.5186438668,0.02577470572959125,0.3200658660457094,0.2761783673242957,0.4198413764515842,7404.0,69633.0,28215925.0,794.6600845902215,16741.507769086827,165328.52213298067,4714169.049129772,643350.5186438668,0.02577470572959125,0.3200658660457094,0.2761783673242957,0.4198413764515842,6493.0,104527.0,51992157.0,513.6708813357462,16741.507769086827,165328.52213298067,4714169.049129772,643350.5186438668,0.02577470572959125,0.3200658660457094,0.2761783673242957,0.4198413764515842
7215.0,76929.0,34128812.0,426.9699939223839,16741.507769086827,165328.52213298067,4714169.049129772,643350.5186438668,0.02577470572959125,0.3200658660457094,0.2761783673242957,0.4198413764515842,6711.0,62643.0,28240621.0,439.1096017931754,16741.507769086827,165328.52213298067,4714169.049129772,643350.5186438668,0.02577470572959125,0.3200658660457094,0.2761783673242957,0.4198413764515842,6409.0,84119.0,43701195.0,499.67480329474176,16741.507769086827,165328.52213298067,4714169.049129772,643350.5186438668,0.02577470572959125,0.3200658660457094,0.2761783673242957,0.4198413764515842,7404.0,69633.0,28215925.0,794.6600845902215,16741.507769086827,165328.52213298067,4714169.049129772,643350.5186438668,0.02577470572959125,0.3200658660457094,0.2761783673242957,0.4198413764515842,6493.0,104527.0,51992157.0,513.6708813357462,16741.507769086827,165328.52213298067,4714169.049129772,643350.5186438668,0.02577470572959125,0.3200658660457094,0.2761783673242957,0.4198413764515842,6559.0,134548.0,98559475.0,452.6173650013722,16741.507769086827,165328.52213298067,4714169.049129772,643350.5186438668,0.02577470572959125,0.3200658660457094,0.2761783673242957,0.4198413764515842
6711.0,62643.0,28240621.0,439.1096017931754,16741.507769086827,165328.52213298067,4714169.049129772,643350.5186438668,0.02577470572959125,0.3200658660457094,0.2761783673242957,0.4198413764515842,6409.0,84119.0,43701195.0,499.67480329474176,16741.507769086827,165328.52213298067,4714169.049129772,643350.5186438668,0.02577470572959125,0.3200658660457094,0.2761783673242957,0.4198413764515842,7404.0,69633.0,28215925.0,794.6600845902215,16741.507769086827,165328.52213298067,4714169.049129772,643350.5186438668,0.02577470572959125,0.3200658660457094,0.2761783673242957,0.4198413764515842,6493.0,104527.0,51992157.0,513.6708813357462,16741.507769086827,165328.52213298067,4714169.049129772,643350.5186438668,0.02577470572959125,0.3200658660457094,0.2761783673242957,0.4198413764515842,6559.0,134548.0,98559475.0,452.6173650013722,16741.507769086827,165328.52213298067,4714169.049129772,643350.5186438668,0.02577470572959125,0.3200658660457094,0.2761783673242957,0.4198413764515842,7221.0,74340.0,40158622.0,441.6480853762637,16741.507769086827,165328.52213298067,4714169.049129772,643350.5186438668,0.02577470572959125,0.3200658660457094,0.2761783673242957,0.4198413764515842
6409.0,84119.0,43701195.0,499.67480329474176,16741.507769086827,165328.52213298067,4714169.049129772,643350.5186438668,0.02577470572959125,0.3200658660457094,0.2761783673242957,0.4198413764515842,7404.0,69633.0,28215925.0,794.6600845902215,16741.507769086827,165328.52213298067,4714169.049129772,643350.5186438668,0.02577470572959125,0.3200658660457094,0.2761783673242957,0.4198413764515842,6493.0,104527.0,51992157.0,513.6708813357462,16741.507769086827,165328.52213298067,4714169.049129772,643350.5186438668,0.02577470572959125,0.3200658660457094,0.2761783673242957,0.4198413764515842,6559.0,134548.0,98559475.0,452.6173650013722,16741.507769086827,165328.52213298067,4714169.049129772,643350.5186438668,0.02577470572959125,0.3200658660457094,0.2761783673242957,0.4198413764515842,7221.0,74340.0,40158622.0,441.6480853762637,16741.507769086827,165328.52213298067,4714169.049129772,643350.5186438668,0.02577470572959125,0.3200658660457094,0.2761783673242957,0.4198413764515842,6634.0,125807.0,77449461.0,481.26483984157375,16741.507769086827,165328.52213298067,4714169.049129772,643350.5186438668,0.02577470572959125,0.3200658660457094,0.2761783673242957,0.4198413764515842
7404.0,69633.0,28215925.0,794.6600845902215,16741.507769086827,165328.52213298067,4714169.049129772,643350.5186438668,0.02577470572959125,0.3200658660457094,0.2761783673242957,0.4198413764515842,6493.0,104527.0,51992157.0,513.6708813357462,16741.507769086827,165328.52213298067,4714169.049129772,643350.5186438668,0.02577470572959125,0.3200658660457094,0.2761783673242957,0.4198413764515842,6559.0,134548.0,98559475.0,452.6173650013722,16741.507769086827,165328.52213298067,4714169.049129772,643350.5186438668,0.02577470572959125,0.3200658660457094,0.2761783673242957,0.4198413764515842,7221.0,74340.0,40158622.0,441.6480853762637,16741.507769086827,165328.52213298067,4714169.049129772,643350.5186438668,0.02577470572959125,0.3200658660457094,0.2761783673242957,0.4198413764515842,6634.0,125807.0,77449461.0,481.26483984157375,16741.507769086827,165328.52213298067,4714169.049129772,643350.5186438668,0.02577470572959125,0.3200658660457094,0.2761783673242957,0.4198413764515842,7580.0,291756.0,86896716.0,466.4428512126649,16741.507769086827,165328.52213298067,4714169.049129772,643350.5186438668,0.02577470572959125,0.3200658660457094,0.2761783673242957,0.4198413764515842
6493.0,104527.0,51992157.0,513.6708813357462,16741.507769086827,165328.52213298067,4714169.049129772,643350.5186438668,0.02577470572959125,0.3200658660457094,0.2761783673242957,0.4198413764515842,6559.0,134548.0,98559475.0,452.6173650013722,16741.507769086827,165328.52213298067,4714169.049129772,643350.5186438668,0.02577470572959125,0.3200658660457094,0.2761783673242957,0.4198413764515842,7221.0,74340.0,40158622.0,441.6480853762637,16741.507769086827,165328.52213298067,4714169.049129772,643350.5186438668,0.02577470572959125,0.3200658660457094,0.2761783673242957,0.4198413764515842,6634.0,125807.0,77449461.0,481.26483984157375,16741.507769086827,165328.52213298067,4714169.049129772,643350.5186438668,0.02577470572959125,0.3200658660457094,0.2761783673242957,0.4198413764515842,7580.0,291756.0,86896716.0,466.4428512126649,16741.507769086827,165328.52213298067,4714169.049129772,643350.5186438668,0.02577470572959125,0.3200658660457094,0.2761783673242957,0.4198413764515842,6478.0,142225.0,42338416.0,564.7174026253474,16741.507769086827,165328.52213298067,4714169.049129772,643350.5186438668,0.02577470572959125,0.3200658660457094,0.2761783673242957,0.4198413764515842
6559.0,134548.0,98559475.0,452.6173650013722,16741.507769086827,165328.52213298067,4714169.049129772,643350.5186438668,0.02577470572959125,0.3200658660457094,0.2761783673242957,0.4198413764515842,7221.0,74340.0,40158622.0,441.6480853762637,16741.507769086827,165328.52213298067,4714169.049129772,643350.5186438668,0.02577470572959125,0.3200658660457094,0.2761783673242957,0.4198413764515842,6634.0,125807.0,77449461.0,481.26483984157375,16741.507769086827,165328.52213298067,4714169.049129772,643350.5186438668,0.02577470572959125,0.3200658660457094,0.2761783673242957,0.4198413764515842,7580.0,291756.0,86896716.0,466.4428512126649,16741.507769086827,165328.52213298067,4714169.049129772,643350.5186438668,0.02577470572959125,0.3200658660457094,0.2761783673242957,0.4198413764515842,6478.0,142225.0,42338416.0,564.7174026253474,16741.507769086827,165328.52213298067,4714169.049129772,643350.5186438668,0.02577470572959125,0.3200658660457094,0.2761783673242957,0.4198413764515842,6679.0,137448.0,51414511.0,573.7572826493487,16741.507769086827,165328.52213298067,4714169.049129772,643350.5186438668,0.02577470572959125,0.3200658660457094,0.2761783673242957,0.4198413764515842
7221.0,74340.0,40158622.0,441.6480853762637,16741.507769086827,165328.52213298067,4714169.049129772,643350.5186438668,0.02577470572959125,0.3200658660457094,0.2761783673242957,0.4198413764515842,6634.0,125807.0,77449461.0,481.26483984157375,16741.507769086827,165328.52213298067,4714169.049129772,643350.5186438668,0.02577470572959125,0.3200658660457094,0.2761783673242957,0.4198413764515842,7580.0,291756.0,86896716.0,466.4428512126649,16741.507769086827,165328.52213298067,4714169.049129772,643350.5186438668,0.02577470572959125,0.3200658660457094,0.2761783673242957,0.4198413764515842,6478.0,142225.0,42338416.0,564.7174026253474,16741.507769086827,165328.52213298067,4714169.049129772,643350.5186438668,0.02577470572959125,0.3200658660457094,0.2761783673242957,0.4198413764515842,6679.0,137448.0,51414511.0,573.7572826493487,16741.507769086827,165328.52213298067,4714169.049129772,643350.5186438668,0.02577470572959125,0.3200658660457094,0.2761783673242957,0.4198413764515842,6860.0,136191.0,75231457.0,541.3984593533528,16741.507769086827,165328.52213298067,4714169.049129772,643350.5186438668,0.02577470572959125,0.3200658660457094,0.2761783673242957,0.4198413764515842
6634.0,125807.0,77449461.0,481.26483984157375,16741.507769086827,165328.52213298067,4714169.049129772,643350.5186438668,0.02577470572959125,0.3200658660457094,0.2761783673242957,0.4198413764515842,7580.0,291756.0,86896716.0,466.4428512126649,16741.507769086827,165328.52213298067,4714169.049129772,643350.5186438668,0.02577470572959125,0.3200658660457094,0.2761783673242957,0.4198413764515842,6478.0,142225.0,42338416.0,564.7174026253474,16741.507769086827,165328.52213298067,4714169.049129772,643350.5186438668,0.02577470572959125,0.3200658660457094,0.2761783673242957,0.4198413764515842,6679.0,137448.0,51414511.0,573.7572826493487,16741.507769086827,165328.52213298067,4714169.049129772,643350.5186438668,0.02577470572959125,0.3200658660457094,0.2761783673242957,0.4198413764515842,6860.0,136191.0,75231457.0,541.3984593533528,16741.507769086827,165328.52213298067,4714169.049129772,643350.5186438668,0.02577470572959125,0.3200658660457094,0.2761783673242957,0.4198413764515842,7009.0,110974.0,62098676.0,497.0289238527607,16741.507769086827,165328.52213298067,4714169.049129772,643350.5186438668,0.02577470572959125,0.3200658660457094,0.2761783673242957,0.4198413764515842
7580.0,291756.0,86896716.0,466.4428512126649,16741.507769086827,165328.52213298067,4714169.049129772,643350.5186438668,0.02577470572959125,0.3200658660457094,0.2761783673242957,0.4198413764515842,6478.0,142225.0,42338416.0,564.7174026253474,16741.507769086827,165328.52213298067,4714169.049129772,643350.5186438668,0.02577470572959125,0.3200658660457094,0.2761783673242957,0.4198413764515842,6679.0,137448.0,51414511.0,573.7572826493487,16741.507769086827,165328.52213298067,4714169.049129772,643350.5186438668,0.02577470572959125,0.3200658660457094,0.2761783673242957,0.4198413764515842,6860.0,136191.0,75231457.0,541.3984593533528,16741.507769086827,165328.52213298067,4714169.049129772,643350.5186438668,0.02577470572959125,0.3200658660457094,0.2761783673242957,0.4198413764515842,7009.0,110974.0,62098676.0,497.0289238527607,16741.507769086827,165328.52213298067,4714169.049129772,643350.5186438668,0.02577470572959125,0.3200658660457094,0.2761783673242957,0.4198413764515842,7533.0,730471.0,745315855.0,406.9739750057082,16741.507769086827,165328.52213298067,4714169.049129772,643350.5186438668,0.02577470572959125,0.3200658660457094,0.2761783673242957,0.4198413764515842
6478.0,142225.0,42338416.0,564.7174026253474,16741.507769086827,165328.52213298067,4714169.049129772,643350.5186438668,0.02577470572959125,0.3200658660457094,0.2761783673242957,0.4198413764515842,6679.0,137448.0,51414511.0,573.7572826493487,16741.507769086827,165328.52213298067,4714169.049129772,643350.5186438668,0.02577470572959125,0.3200658660457094,0.2761783673242957,0.4198413764515842,6860.0,136191.0,75231457.0,541.3984593533528,16741.507769086827,165328.52213298067,4714169.049129772,643350.5186438668,0.02577470572959125,0.3200658660457094,0.2761783673242957,0.4198413764515842,7009.0,110974.0,62098676.0,497.0289238527607,16741.507769086827,165328.52213298067,4714169.049129772,643350.5186438668,0.02577470572959125,0.3200658660457094,0.2761783673242957,0.4198413764515842,7533.0,730471.0,745315855.0,406.9739750057082,16741.507769086827,165328.52213298067,4714169.049129772,643350.5186438668,0.02577470572959125,0.3200658660457094,0.2761783673242957,0.4198413764515842,6965.0,127459.0,109069414.0,487.65926654903086,16741.507769086827,165328.52213298067,4714169.049129772,643350.5186438668,0.02577470572959125,0.3200658660457094,0.2761783673242957,0.4198413764515842
6679.0,137448.0,51414511.0,573.7572826493487,16741.507769086827,165328.52213298067,4714169.049129772,643350.5186438668,0.02577470572959125,0.3200658660457094,0.2761783673242957,0.4198413764515842,6860.0,136191.0,75231457.0,541.3984593533528,16741.507769086827,165328.52213298067,4714169.049129772,643350.5186438668,0.02577470572959125,0.3200658660457094,0.2761783673242957,0.4198413764515842,7009.0,110974.0,62098676.0,497.0289238527607,16741.507769086827,165328.52213298067,4714169.049129772,643350.5186438668,0.02577470572959125,0.3200658660457094,0.2761783673242957,0.4198413764515842,7533.0,730471.0,745315855.0,406.9739750057082,16741.507769086827,165328.52213298067,4714169.049129772,643350.5186438668,0.02577470572959125,0.3200658660457094,0.2761783673242957,0.4198413764515842,6965.0,127459.0,109069414.0,487.65926654903086,16741.507769086827,165328.52213298067,4714169.049129772,643350.5186438668,0.02577470572959125,0.3200658660457094,0.2761783673242957,0.4198413764515842,6995.0,75455.0,34860407.0,497.1369220025733,16741.507769086827,165328.52213298067,4714169.049129772,643350.5186438668,0.02577470572959125,0.3200658660457094,0.2761783673242957,0.4198413764515842
6860.0,136191.0,75231457.0,541.3984593533528,16741.507769086827,165328.52213298067,4714169.049129772,643350.5186438668,0.02577470572959125,0.3200658660457094,0.2761783673242957,0.4198413764515842,7009.0,110974.0,62098676.0,497.0289238527607,16741.507769086827,165328.52213298067,4714169.049129772,643350.5186438668,0.02577470572959125,0.3200658660457094,0.2761783673242957,0.4198413764515842,7533.0,730471.0,745315855.0,406.9739750057082,16741.507769086827,165328.52213298067,4714169.049129772,643350.5186438668,0.02577470572959125,0.3200658660457094,0.2761783673242957,0.4198413764515842,6965.0,127459.0,109069414.0,487.65926654903086,16741.507769086827,165328.52213298067,4714169.049129772,643350.5186438668,0.02577470572959125,0.3200658660457094,0.2761783673242957,0.4198413764515842,6995.0,75455.0,34860407.0,497.1369220025733,16741.507769086827,165328.52213298067,4714169.049129772,643350.5186438668,0.02577470572959125,0.3200658660457094,0.2761783673242957,0.4198413764515842,6744.0,544549.0,564324759.0,545.341463268535,16741.507769086827,165328.52213298067,4714169.049129772,643350.5186438668,0.02577470572959125,0.3200658660457094,0.2761783673242957,0.4198413764515842
7009.0,110974.0,62098676.0,497.0289238527607,16741.507769086827,165328.52213298067,4714169.049129772,643350.5186438668,0.02577470572959125,0.3200658660457094,0.2761783673242957,0.4198413764515842,7533.0,730471.0,745315855.0,406.9739750057082,16741.507769086827,165328.52213298067,4714169.049129772,643350.5186438668,0.02577470572959125,0.3200658660457094,0.2761783673242957,0.4198413764515842,6965.0,127459.0,109069414.0,487.65926654903086,16741.507769086827,165328.52213298067,4714169.049129772,643350.5186438668,0.02577470572959125,0.3200658660457094,0.2761783673242957,0.4198413764515842,6995.0,75455.0,34860407.0,497.1369220025733,16741.507769086827,165328.52213298067,4714169.049129772,643350.5186438668,0.02577470572959125,0.3200658660457094,0.2761783673242957,0.4198413764515842,6744.0,544549.0,564324759.0,545.341463268535,16741.507769086827,165328.52213298067,4714169.049129772,643350.5186438668,0.02577470572959125,0.3200658660457094,0.2761783673242957,0.4198413764515842,6890.0,82582.0,39565474.0,510.12612767648767,16741.507769086827,165328.52213298067,4714169.049129772,643350.5186438668,0.02577470572959125,0.3200658660457094,0.2761783673242957,0.4198413764515842
7533.0,730471.0,745315855.0,406.9739750057082,16741.507769086827,165328.52213298067,4714169.049129772,643350.5186438668,0.02577470572959125,0.3200658660457094,0.2761783673242957,0.4198413764515842,6965.0,127459.0,109069414.0,487.65926654903086,16741.507769086827,165328.52213298067,4714169.049129772,643350.5186438668,0.02577470572959125,0.3200658660457094,0.2761783673242957,0.4198413764515842,6995.0,75455.0,34860407.0,497.1369220025733,16741.507769086827,165328.52213298067,4714169.049129772,643350.5186438668,0.02577470572959125,0.3200658660457094,0.2761783673242957,0.4198413764515842,6744.0,544549.0,564324759.0,545.341463268535,16741.507769086827,165328.52213298067,4714169.049129772,643350.5186438668,0.02577470572959125,0.3200658660457094,0.2761783673242957,0.4198413764515842,6890.0,82582.0,39565474.0,510.12612767648767,16741.507769086827,165328.52213298067,4714169.049129772,643350.5186438668,0.02577470572959125,0.3200658660457094,0.2761783673242957,0.4198413764515842,7393.0,157202.0,101344570.0,457.5107515572839,16741.507769086827,165328.52213298067,4714169.049129772,643350.5186438668,0.02577470572959125,0.3200658660457094,0.2761783673242957,0.4198413764515842
6965.0,127459.0,109069414.0,487.65926654903086,16741.507769086827,165328.52213298067,4714169.049129772,643350.5186438668,0.02577470572959125,0.3200658660457094,0.2761783673242957,0.4198413764515842,6995.0,75455.0,34860407.0,497.1369220025733,16741.507769086827,165328.52213298067,4714169.049129772,643350.5186438668,0.02577470572959125,0.3200658660457094,0.2761783673242957,0.4198413764515842,6744.0,544549.0,564324759.0,545.341463268535,16741.507769086827,165328.52213298067,4714169.049129772,643350.5186438668,0.02577470572959125,0.3200658660457094,0.2761783673242957,0.4198413764515842,6890.0,82582.0,39565474.0,510.12612767648767,16741.507769086827,165328.52213298067,4714169.049129772,643350.5186438668,0.02577470572959125,0.3200658660457094,0.2761783673242957,0.4198413764515842,7393.0,157202.0,101344570.0,457.5107515572839,16741.507769086827,165328.52213298067,4714169.049129772,643350.5186438668,0.02577470572959125,0.3200658660457094,0.2761783673242957,0.4198413764515842,7473.0,92150.0,41651872.0,479.9416466562291,16741.507769086827,165328.52213298067,4714169.049129772,643350.5186438668,0.02577470572959125,0.3200658660457094,0.2761783673242957,0.4198413764515842
6995.0,75455.0,34860407.0,497.1369220025733,16741.507769086827,165328.52213298067,4714169.049129772,643350.5186438668,0.02577470572959125,0.3200658660457094,0.2761783673242957,0.4198413764515842,6744.0,544549.0,564324759.0,545.341463268535,16741.507769086827,165328.52213298067,4714169.049129772,643350.5186438668,0.02577470572959125,0.3200658660457094,0.2761783673242957,0.4198413764515842,6890.0,82582.0,39565474.0,510.12612767648767,16741.507769086827,165328.52213298067,4714169.049129772,643350.5186438668,0.02577470572959125,0.3200658660457094,0.2761783673242957,0.4198413764515842,7393.0,157202.0,101344570.0,457.5107515572839,16741.507769086827,165328.52213298067,4714169.049129772,643350.5186438668,0.02577470572959125,0.3200658660457094,0.2761783673242957,0.4198413764515842,7473.0,92150.0,41651872.0,479.9416466562291,16741.507769086827,165328.52213298067,4714169.049129772,643350.5186438668,0.02577470572959125,0.3200658660457094,0.2761783673242957,0.4198413764515842,7050.0,115503.0,61326683.0,570.1332980692198,16741.507769086827,165328.52213298067,4714169.049129772,643350.5186438668,0.02577470572959125,0.3200658660457094,0.2761783673242957,0.4198413764515842
6744.0,544549.0,564324759.0,545.341463268535,16741.507769086827,165328.52213298067,4714169.049129772,643350.5186438668,0.02577470572959125,0.3200658660457094,0.2761783673242957,0.4198413764515842,6890.0,82582.0,39565474.0,510.12612767648767,16741.507769086827,165328.52213298067,4714169.049129772,643350.5186438668,0.02577470572959125,0.3200658660457094,0.2761783673242957,0.4198413764515842,7393.0,157202.0,101344570.0,457.5107515572839,16741.507769086827,165328.52213298067,4714169.049129772,643350.5186438668,0.02577470572959125,0.3200658660457094,0.2761783673242957,0.4198413764515842,7473.0,92150.0,41651872.0,479.9416466562291,16741.507769086827,165328.52213298067,4714169.049129772,643350.5186438668,0.02577470572959125,0.3200658660457094,0.2761783673242957,0.4198413764515842,7050.0,115503.0,61326683.0,570.1332980692198,16741.507769086827,165328.52213298067,4714169.049129772,643350.5186438668,0.02577470572959125,0.3200658660457094,0.2761783673242957,0.4198413764515842,6747.0,394434.0,353224906.0,544.2898358062843,16741.507769086827,165328.52213298067,4714169.049129772,643350.5186438668,0.02577470572959125,0.3200658660457094,0.2761783673242957,0.4198413764515842
6890.0,82582.0,39565474.0,510.12612767648767,16741.507769086827,165328.52213298067,4714169.049129772,643350.5186438668,0.02577470572959125,0.3200658660457094,0.2761783673242957,0.4198413764515842,7393.0,157202.0,101344570.0,457.5107515572839,16741.507769086827,165328.52213298067,4714169.049129772,643350.5186438668,0.02577470572959125,0.3200658660457094,0.2761783673242957,0.4198413764515842,7473.0,92150.0,41651872.0,479.9416466562291,16741.507769086827,165328.52213298067,4714169.049129772,643350.5186438668,0.02577470572959125,0.3200658660457094,0.2761783673242957,0.4198413764515842,7050.0,115503.0,61326683.0,570.1332980692198,16741.507769086827,165328.52213298067,4714169.049129772,643350.5186438668,0.02577470572959125,0.3200658660457094,0.2761783673242957,0.4198413764515842,6747.0,394434.0,353224906.0,544.2898358062843,16741.507769086827,165328.52213298067,4714169.049129772,643350.5186438668,0.02577470572959125,0.3200658660457094,0.2761783673242957,0.4198413764515842,7742.0,1603865.0,1579051260.0,532.1439767095067,16741.507769086827,165328.52213298067,4714169.049129772,643350.5186438668,0.02577470572959125,0.3200658660457094,0.2761783673242957,0.4198413764515842
7393.0,157202.0,101344570.0,457.5107515572839,16741.507769086827,165328.52213298067,4714169.049129772,643350.5186438668,0.02577470572959125,0.3200658660457094,0.2761783673242957,0.4198413764515842,7473.0,92150.0,41651872.0,479.9416466562291,16741.507769086827,165328.52213298067,4714169.049129772,643350.5186438668,0.02577470572959125,0.3200658660457094,0.2761783673242957,0.4198413764515842,7050.0,115503.0,61326683.0,570.1332980692198,16741.507769086827,165328.52213298067,4714169.049129772,643350.5186438668,0.02577470572959125,0.3200658660457094,0.2761783673242957,0.4198413764515842,6747.0,394434.0,353224906.0,544.2898358062843,16741.507769086827,165328.52213298067,4714169.049129772,643350.5186438668,0.02577470572959125,0.3200658660457094,0.2761783673242957,0.4198413764515842,7742.0,1603865.0,1579051260.0,532.1439767095067,16741.507769086827,165328.52213298067,4714169.049129772,643350.5186438668,0.02577470572959125,0.3200658660457094,0.2761783673242957,0.4198413764515842,7190.0,202694.0,154008205.0,515.3806696709319,16741.507769086827,165328.52213298067,4714169.049129772,643350.5186438668,0.02577470572959125,0.3200658660457094,0.2761783673242957,0.4198413764515842
7473.0,92150.0,41651872.0,479.9416466562291,16741.507769086827,165328.52213298067,4714169.049129772,643350.5186438668,0.02577470572959125,0.3200658660457094,0.2761783673242957,0.4198413764515842,7050.0,115503.0,61326683.0,570.1332980692198,16741.507769086827,165328.52213298067,4714169.049129772,643350.5186438668,0.02577470572959125,0.3200658660457094,0.2761783673242957,0.4198413764515842,6747.0,394434.0,353224906.0,544.2898358062843,16741.507769086827,165328.52213298067,4714169.049129772,643350.5186438668,0.02577470572959125,0.3200658660457094,0.2761783673242957,0.4198413764515842,7742.0,1603865.0,1579051260.0,532.1439767095067,16741.507769086827,165328.52213298067,4714169.049129772,643350.5186438668,0.02577470572959125,0.3200658660457094,0.2761783673242957,0.4198413764515842,7190.0,202694.0,154008205.0,515.3806696709319,16741.507769086827,165328.52213298067,4714169.049129772,643350.5186438668,0.02577470572959125,0.3200658660457094,0.2761783673242957,0.4198413764515842,7382.0,63178.0,20587581.0,514.3292144659983,16741.507769086827,165328.52213298067,4714169.049129772,643350.5186438668,0.02577470572959125,0.3200658660457094,0.2761783673242957,0.4198413764515842
7050.0,115503.0,61326683.0,570.1332980692198,16741.507769086827,165328.52213298067,4714169.049129772,643350.5186438668,0.02577470572959125,0.3200658660457094,0.2761783673242957,0.4198413764515842,6747.0,394434.0,353224906.0,544.2898358062843,16741.507769086827,165328.52213298067,4714169.049129772,643350.5186438668,0.02577470572959125,0.3200658660457094,0.2761783673242957,0.4198413764515842,7742.0,1603865.0,1579051260.0,532.1439767095067,16741.507769086827,165328.52213298067,4714169.049129772,643350.5186438668,0.02577470572959125,0.3200658660457094,0.2761783673242957,0.4198413764515842,7190.0,202694.0,154008205.0,515.3806696709319,16741.507769086827,165328.52213298067,4714169.049129772,643350.5186438668,0.02577470572959125,0.3200658660457094,0.2761783673242957,0.4198413764515842,7382.0,63178.0,20587581.0,514.3292144659983,16741.507769086827,165328.52213298067,4714169.049129772,643350.5186438668,0.02577470572959125,0.3200658660457094,0.2761783673242957,0.4198413764515842,7344.0,89037.0,44542046.0,499.0703973491285,16741.507769086827,165328.52213298067,4714169.049129772,643350.5186438668,0.02577470572959125,0.3200658660457094,0.2761783673242957,0.4198413764515842
6747.0,394434.0,353224906.0,544.2898358062843,16741.507769086827,165328.52213298067,4714169.049129772,643350.5186438668,0.02577470572959125,0.3200658660457094,0.2761783673242957,0.4198413764515842,7742.0,1603865.0,1579051260.0,532.1439767095067,16741.507769086827,165328.52213298067,4714169.049129772,643350.5186438668,0.02577470572959125,0.3200658660457094,0.2761783673242957,0.4198413764515842,7190.0,202694.0,154008205.0,515.3806696709319,16741.507769086827,165328.52213298067,4714169.049129772,643350.5186438668,0.02577470572959125,0.3200658660457094,0.2761783673242957,0.4198413764515842,7382.0,63178.0,20587581.0,514.3292144659983,16741.507769086827,165328.52213298067,4714169.049129772,643350.5186438668,0.02577470572959125,0.3200658660457094,0.2761783673242957,0.4198413764515842,7344.0,89037.0,44542046.0,499.0703973491285,16741.507769086827,165328.52213298067,4714169.049129772,643350.5186438668,0.02577470572959125,0.3200658660457094,0.2761783673242957,0.4198413764515842,6771.0,126415.0,73968342.0,490.1705663321519,16741.507769086827,165328.52213298067,4714169.049129772,643350.5186438668,0.02577470572959125,0.3200658660457094,0.2761783673242957,0.4198413764515842
7742.0,1603865.0,1579051260.0,532.1439767095067,16741.507769086827,165328.52213298067,4714169.049129772,643350.5186438668,0.02577470572959125,0.3200658660457094,0.2761783673242957,0.4198413764515842,7190.0,202694.0,154008205.0,515.3806696709319,16741.507769086827,165328.52213298067,4714169.049129772,643350.5186438668,0.02577470572959125,0.3200658660457094,0.2761783673242957,0.4198413764515842,7382.0,63178.0,20587581.0,514.3292144659983,16741.507769086827,165328.52213298067,4714169.049129772,643350.5186438668,0.02577470572959125,0.3200658660457094,0.2761783673242957,0.4198413764515842,7344.0,89037.0,44542046.0,499.0703973491285,16741.507769086827,165328.52213298067,4714169.049129772,643350.5186438668,0.02577470572959125,0.3200658660457094,0.2761783673242957,0.4198413764515842,6771.0,126415.0,73968342.0,490.1705663321519,16741.507769086827,165328.52213298067,4714169.049129772,643350.5186438668,0.02577470572959125,0.3200658660457094,0.2761783673242957,0.4198413764515842,7192.0,307634.0,252634798.0,494.36422670494994,16741.507769086827,165328.52213298067,4714169.049129772,643350.5186438668,0.02577470572959125,0.3200658660457094,0.2761783673242957,0.4198413764515842
7190.0,202694.0,154008205.0,515.3806696709319,16741.507769086827,165328.52213298067,4714169.049129772,643350.5186438668,0.02577470572959125,0.3200658660457094,0.2761783673242957,0.4198413764515842,7382.0,63178.0,20587581.0,514.3292144659983,16741.507769086827,165328.52213298067,4714169.049129772,643350.5186438668,0.02577470572959125,0.3200658660457094,0.2761783673242957,0.4198413764515842,7344.0,89037.0,44542046.0,499.0703973491285,16741.507769086827,165328.52213298067,4714169.049129772,643350.5186438668,0.02577470572959125,0.3200658660457094,0.2761783673242957,0.4198413764515842,6771.0,126415.0,73968342.0,490.1705663321519,16741.507769086827,165328.52213298067,4714169.049129772,643350.5186438668,0.02577470572959125,0.3200658660457094,0.2761783673242957,0.4198413764515842,7192.0,307634.0,252634798.0,494.36422670494994,16741.507769086827,165328.52213298067,4714169.049129772,643350.5186438668,0.02577470572959125,0.3200658660457094,0.2761783673242957,0.4198413764515842,8037.0,205570.0,156417480.0,492.2248319710091,16741.507769086827,165328.52213298067,4714169.049129772,643350.5186438668,0.02577470572959125,0.3200658660457094,0.2761783673242957,0.4198413764515842
7382.0,63178.0,20587581.0,514.3292144659983,16741.507769086827,165328.52213298067,4714169.049129772,643350.5186438668,0.02577470572959125,0.3200658660457094,0.2761783673242957,0.4198413764515842,7344.0,89037.0,44542046.0,499.0703973491285,16741.507769086827,165328.52213298067,4714169.049129772,643350.5186438668,0.02577470572959125,0.3200658660457094,0.2761783673242957,0.4198413764515842,6771.0,126415.0,73968342.0,490.1705663321519,16741.507769086827,165328.52213298067,4714169.049129772,643350.5186438668,0.02577470572959125,0.3200658660457094,0.2761783673242957,0.4198413764515842,7192.0,307634.0,252634798.0,494.36422670494994,16741.507769086827,165328.52213298067,4714169.049129772,643350.5186438668,0.02577470572959125,0.3200658660457094,0.2761783673242957,0.4198413764515842,8037.0,205570.0,156417480.0,492.2248319710091,16741.507769086827,165328.52213298067,4714169.049129772,643350.5186438668,0.02577470572959125,0.3200658660457094,0.2761783673242957,0.4198413764515842,7331.0,63558.0,24476519.0,492.2798884884736,16741.507769086827,165328.52213298067,4714169.049129772,643350.5186438668,0.02577470572959125,0.3200658660457094,0.2761783673242957,0.4198413764515842
7344.0,89037.0,44542046.0,499.0703973491285,16741.507769086827,165328.52213298067,4714169.049129772,643350.5186438668,0.02577470572959125,0.3200658660457094,0.2761783673242957,0.4198413764515842,6771.0,126415.0,73968342.0,490.1705663321519,16741.507769086827,165328.52213298067,4714169.049129772,643350.5186438668,0.02577470572959125,0.3200658660457094,0.2761783673242957,0.4198413764515842,7192.0,307634.0,252634798.0,494.36422670494994,16741.507769086827,165328.52213298067,4714169.049129772,643350.5186438668,0.02577470572959125,0.3200658660457094,0.2761783673242957,0.4198413764515842,8037.0,205570.0,156417480.0,492.2248319710091,16741.507769086827,165328.52213298067,4714169.049129772,643350.5186438668,0.02577470572959125,0.3200658660457094,0.2761783673242957,0.4198413764515842,7331.0,63558.0,24476519.0,492.2798884884736,16741.507769086827,165328.52213298067,4714169.049129772,643350.5186438668,0.02577470572959125,0.3200658660457094,0.2761783673242957,0.4198413764515842,8511.0,126687.0,73426054.0,423.4881560260839,16741.507769086827,165328.52213298067,4714169.049129772,643350.5186438668,0.02577470572959125,0.3200658660457094,0.2761783673242957,0.4198413764515842
6771.0,126415.0,73968342.0,490.1705663321519,16741.507769086827,165328.52213298067,4714169.049129772,643350.5186438668,0.02577470572959125,0.3200658660457094,0.2761783673242957,0.4198413764515842,7192.0,307634.0,252634798.0,494.36422670494994,16741.507769086827,165328.52213298067,4714169.049129772,643350.5186438668,0.02577470572959125,0.3200658660457094,0.2761783673242957,0.4198413764515842,8037.0,205570.0,156417480.0,492.2248319710091,16741.507769086827,165328.52213298067,4714169.049129772,643350.5186438668,0.02577470572959125,0.3200658660457094,0.2761783673242957,0.4198413764515842,7331.0,63558.0,24476519.0,492.2798884884736,16741.507769086827,165328.52213298067,4714169.049129772,643350.5186438668,0.02577470572959125,0.3200658660457094,0.2761783673242957,0.4198413764515842,8511.0,126687.0,73426054.0,423.4881560260839,16741.507769086827,165328.52213298067,4714169.049129772,643350.5186438668,0.02577470572959125,0.3200658660457094,0.2761783673242957,0.4198413764515842,8006.0,104308.0,52964641.0,451.19121679440417,16741.507769086827,165328.52213298067,4714169.049129772,643350.5186438668,0.02577470572959125,0.3200658660457094,0.2761783673242957,0.4198413764515842
7192.0,307634.0,252634798.0,494.36422670494994,16741.507769086827,165328.52213298067,4714169.049129772,643350.5186438668,0.02577470572959125,0.3200658660457094,0.2761783673242957,0.4198413764515842,8037.0,205570.0,156417480.0,492.2248319710091,16741.507769086827,165328.52213298067,4714169.049129772,643350.5186438668,0.02577470572959125,0.3200658660457094,0.2761783673242957,0.4198413764515842,7331.0,63558.0,24476519.0,492.2798884884736,16741.507769086827,165328.52213298067,4714169.049129772,643350.5186438668,0.02577470572959125,0.3200658660457094,0.2761783673242957,0.4198413764515842,8511.0,126687.0,73426054.0,423.4881560260839,16741.507769086827,165328.52213298067,4714169.049129772,643350.5186438668,0.02577470572959125,0.3200658660457094,0.2761783673242957,0.4198413764515842,8006.0,104308.0,52964641.0,451.19121679440417,16741.507769086827,165328.52213298067,4714169.049129772,643350.5186438668,0.02577470572959125,0.3200658660457094,0.2761783673242957,0.4198413764515842,7661.0,297400.0,293716066.0,467.624436795066,16741.507769086827,165328.52213298067,4714169.049129772,643350.5186438668,0.02577470572959125,0.3200658660457094,0.2761783673242957,0.4198413764515842
8037.0,205570.0,156417480.0,492.2248319710091,16741.507769086827,165328.52213298067,4714169.049129772,643350.5186438668,0.02577470572959125,0.3200658660457094,0.2761783673242957,0.4198413764515842,7331.0,63558.0,24476519.0,492.2798884884736,16741.507769086827,165328.52213298067,4714169.049129772,643350.5186438668,0.02577470572959125,0.3200658660457094,0.2761783673242957,0.4198413764515842,8511.0,126687.0,73426054.0,423.4881560260839,16741.507769086827,165328.52213298067,4714169.049129772,643350.5186438668,0.02577470572959125,0.3200658660457094,0.2761783673242957,0.4198413764515842,8006.0,104308.0,52964641.0,451.19121679440417,16741.507769086827,165328.52213298067,4714169.049129772,643350.5186438668,0.02577470572959125,0.3200658660457094,0.2761783673242957,0.4198413764515842,7661.0,297400.0,293716066.0,467.624436795066,16741.507769086827,165328.52213298067,4714169.049129772,643350.5186438668,0.02577470572959125,0.3200658660457094,0.2761783673242957,0.4198413764515842,7385.0,165795.0,127747061.0,479.09309307758974,16741.507769086827,165328.52213298067,4714169.049129772,643350.5186438668,0.02577470572959125,0.3200658660457094,0.2761783673242957,0.4198413764515842
7331.0,63558.0,24476519.0,492.2798884884736,16741.507769086827,165328.52213298067,4714169.049129772,643350.5186438668,0.02577470572959125,0.3200658660457094,0.2761783673242957,0.4198413764515842,8511.0,126687.0,73426054.0,423.4881560260839,16741.507769086827,165328.52213298067,4714169.049129772,643350.5186438668,0.02577470572959125,0.3200658660457094,0.2761783673242957,0.4198413764515842,8006.0,104308.0,52964641.0,451.19121679440417,16741.507769086827,165328.52213298067,4714169.049129772,643350.5186438668,0.02577470572959125,0.3200658660457094,0.2761783673242957,0.4198413764515842,7661.0,297400.0,293716066.0,467.624436795066,16741.507769086827,165328.52213298067,4714169.049129772,643350.5186438668,0.02577470572959125,0.3200658660457094,0.2761783673242957,0.4198413764515842,7385.0,165795.0,127747061.0,479.09309307758974,16741.507769086827,165328.52213298067,4714169.049129772,643350.5186438668,0.02577470572959125,0.3200658660457094,0.2761783673242957,0.4198413764515842,7478.0,88176.0,45540209.0,463.6017328603905,16741.507769086827,165328.52213298067,4714169.049129772,643350.5186438668,0.02577470572959125,0.3200658660457094,0.2761783673242957,0.4198413764515842
8511.0,126687.0,73426054.0,423.4881560260839,16741.507769086827,165328.52213298067,4714169.049129772,643350.5186438668,0.02577470572959125,0.3200658660457094,0.2761783673242957,0.4198413764515842,8006.0,104308.0,52964641.0,451.19121679440417,16741.507769086827,165328.52213298067,4714169.049129772,643350.5186438668,0.02577470572959125,0.3200658660457094,0.2761783673242957,0.4198413764515842,7661.0,297400.0,293716066.0,467.624436795066,16741.507769086827,165328.52213298067,4714169.049129772,643350.5186438668,0.02577470572959125,0.3200658660457094,0.2761783673242957,0.4198413764515842,7385.0,165795.0,127747061.0,479.09309307758974,16741.507769086827,165328.52213298067,4714169.049129772,643350.5186438668,0.02577470572959125,0.3200658660457094,0.2761783673242957,0.4198413764515842,7478.0,88176.0,45540209.0,463.6017328603905,16741.507769086827,165328.52213298067,4714169.049129772,643350.5186438668,0.02577470572959125,0.3200658660457094,0.2761783673242957,0.4198413764515842,7412.0,98772.0,52412607.0,458.8814566434161,16741.507769086827,165328.52213298067,4714169.049129772,643350.5186438668,0.02577470572959125,0.3200658660457094,0.2761783673242957,0.4198413764515842
8006.0,104308.0,52964641.0,451.19121679440417,16741.507769086827,165328.52213298067,4714169.049129772,643350.5186438668,0.02577470572959125,0.3200658660457094,0.2761783673242957,0.4198413764515842,7661.0,297400.0,293716066.0,467.624436795066,16741.507769086827,165328.52213298067,4714169.049129772,643350.5186438668,0.02577470572959125,0.3200658660457094,0.2761783673242957,0.4198413764515842,7385.0,165795.0,127747061.0,479.09309307758974,16741.507769086827,165328.52213298067,4714169.049129772,643350.5186438668,0.02577470572959125,0.3200658660457094,0.2761783673242957,0.4198413764515842,7478.0,88176.0,45540209.0,463.6017328603905,16741.507769086827,165328.52213298067,4714169.049129772,643350.5186438668,0.02577470572959125,0.3200658660457094,0.2761783673242957,0.4198413764515842,7412.0,98772.0,52412607.0,458.8814566434161,16741.507769086827,165328.52213298067,4714169.049129772,643350.5186438668,0.02577470572959125,0.3200658660457094,0.2761783673242957,0.4198413764515842,8799.0,126698.0,92427889.0,381.8466174796,16741.507769086827,165328.52213298067,4714169.049129772,643350.5186438668,0.02577470572959125,0.3200658660457094,0.2761783673242957,0.4198413764515842
7661.0,297400.0,293716066.0,467.624436795066,16741.507769086827,165328.52213298067,4714169.049129772,643350.5186438668,0.02577470572959125,0.3200658660457094,0.2761783673242957,0.4198413764515842,7385.0,165795.0,127747061.0,479.09309307758974,16741.507769086827,165328.52213298067,4714169.049129772,643350.5186438668,0.02577470572959125,0.3200658660457094,0.2761783673242957,0.4198413764515842,7478.0,88176.0,45540209.0,463.6017328603905,16741.507769086827,165328.52213298067,4714169.049129772,643350.5186438668,0.02577470572959125,0.3200658660457094,0.2761783673242957,0.4198413764515842,7412.0,98772.0,52412607.0,458.8814566434161,16741.507769086827,165328.52213298067,4714169.049129772,643350.5186438668,0.02577470572959125,0.3200658660457094,0.2761783673242957,0.4198413764515842,8799.0,126698.0,92427889.0,381.8466174796,16741.507769086827,165328.52213298067,4714169.049129772,643350.5186438668,0.02577470572959125,0.3200658660457094,0.2761783673242957,0.4198413764515842,8221.0,79511.0,32856955.0,455.5713681694441,16741.507769086827,165328.52213298067,4714169.049129772,643350.5186438668,0.02577470572959125,0.3200658660457094,0.2761783673242957,0.4198413764515842
7385.0,165795.0,127747061.0,479.09309307758974,16741.507769086827,165328.52213298067,4714169.049129772,643350.5186438668,0.02577470572959125,0.3200658660457094,0.2761783673242957,0.4198413764515842,7478.0,88176.0,45540209.0,463.6017328603905,16741.507769086827,165328.52213298067,4714169.049129772,643350.5186438668,0.02577470572959125,0.3200658660457094,0.2761783673242957,0.4198413764515842,7412.0,98772.0,52412607.0,458.8814566434161,16741.507769086827,165328.52213298067,4714169.049129772,643350.5186438668,0.02577470572959125,0.3200658660457094,0.2761783673242957,0.4198413764515842,8799.0,126698.0,92427889.0,381.8466174796,16741.507769086827,165328.52213298067,4714169.049129772,643350.5186438668,0.02577470572959125,0.3200658660457094,0.2761783673242957,0.4198413764515842,8221.0,79511.0,32856955.0,455.5713681694441,16741.507769086827,165328.52213298067,4714169.049129772,643350.5186438668,0.02577470572959125,0.3200658660457094,0.2761783673242957,0.4198413764515842,7889.0,82206.0,39235630.0,418.5765262675878,16741.507769086827,165328.52213298067,4714169.049129772,643350.5186438668,0.02577470572959125,0.3200658660457094,0.2761783673242957,0.4198413764515842
7478.0,88176.0,45540209.0,463.6017328603905,16741.507769086827,165328.52213298067,4714169.049129772,643350.5186438668,0.02577470572959125,0.3200658660457094,0.2761783673242957,0.4198413764515842,7412.0,98772.0,52412607.0,458.8814566434161,16741.507769086827,165328.52213298067,4714169.049129772,643350.5186438668,0.02577470572959125,0.3200658660457094,0.2761783673242957,0.4198413764515842,8799.0,126698.0,92427889.0,381.8466174796,16741.507769086827,165328.52213298067,4714169.049129772,643350.5186438668,0.02577470572959125,0.3200658660457094,0.2761783673242957,0.4198413764515842,8221.0,79511.0,32856955.0,455.5713681694441,16741.507769086827,165328.52213298067,4714169.049129772,643350.5186438668,0.02577470572959125,0.3200658660457094,0.2761783673242957,0.4198413764515842,7889.0,82206.0,39235630.0,418.5765262675878,16741.507769086827,165328.52213298067,4714169.049129772,643350.5186438668,0.02577470572959125,0.3200658660457094,0.2761783673242957,0.4198413764515842,7645.0,99708.0,55642790.0,451.83725109574885,16741.507769086827,165328.52213298067,4714169.049129772,643350.5186438668,0.02577470572959125,0.3200658660457094,0.2761783673242957,0.4198413764515842
7412.0,98772.0,52412607.0,458.8814566434161,16741.507769086827,165328.52213298067,4714169.049129772,643350.5186438668,0.02577470572959125,0.3200658660457094,0.2761783673242957,0.4198413764515842,8799.0,126698.0,92427889.0,381.8466174796,16741.507769086827,165328.52213298067,4714169.049129772,643350.5186438668,0.02577470572959125,0.3200658660457094,0.2761783673242957,0.4198413764515842,8221.0,79511.0,32856955.0,455.5713681694441,16741.507769086827,165328.52213298067,4714169.049129772,643350.5186438668,0.02577470572959125,0.3200658660457094,0.2761783673242957,0.4198413764515842,7889.0,82206.0,39235630.0,418.5765262675878,16741.507769086827,165328.52213298067,4714169.049129772,643350.5186438668,0.02577470572959125,0.3200658660457094,0.2761783673242957,0.4198413764515842,7645.0,99708.0,55642790.0,451.83725109574885,16741.507769086827,165328.52213298067,4714169.049129772,643350.5186438668,0.02577470572959125,0.3200658660457094,0.2761783673242957,0.4198413764515842,13295.0,100057.0,39382461.0,275.39684076419707,16741.507769086827,165328.52213298067,4714169.049129772,643350.5186438668,0.02577470572959125,0.3200658660457094,0.2761783673242957,0.4198413764515842
8799.0,126698.0,92427889.0,381.8466174796,16741.507769086827,165328.52213298067,4714169.049129772,643350.5186438668,0.02577470572959125,0.3200658660457094,0.2761783673242957,0.4198413764515842,8221.0,79511.0,32856955.0,455.5713681694441,16741.507769086827,165328.52213298067,4714169.049129772,643350.5186438668,0.02577470572959125,0.3200658660457094,0.2761783673242957,0.4198413764515842,7889.0,82206.0,39235630.0,418.5765262675878,16741.507769086827,165328.52213298067,4714169.049129772,643350.5186438668,0.02577470572959125,0.3200658660457094,0.2761783673242957,0.4198413764515842,7645.0,99708.0,55642790.0,451.83725109574885,16741.507769086827,165328.52213298067,4714169.049129772,643350.5186438668,0.02577470572959125,0.3200658660457094,0.2761783673242957,0.4198413764515842,13295.0,100057.0,39382461.0,275.39684076419707,16741.507769086827,165328.52213298067,4714169.049129772,643350.5186438668,0.02577470572959125,0.3200658660457094,0.2761783673242957,0.4198413764515842,7174.0,87140.0,48141229.0,496.3457162093672,16741.507769086827,165328.52213298067,4714169.049129772,643350.5186438668,0.02577470572959125,0.3200658660457094,0.2761783673242957,0.4198413764515842
8221.0,79511.0,32856955.0,455.5713681694441,16741.507769086827,165328.52213298067,4714169.049129772,643350.5186438668,0.02577470572959125,0.3200658660457094,0.2761783673242957,0.4198413764515842,7889.0,82206.0,39235630.0,418.5765262675878,16741.507769086827,165328.52213298067,4714169.049129772,643350.5186438668,0.02577470572959125,0.3200658660457094,0.2761783673242957,0.4198413764515842,7645.0,99708.0,55642790.0,451.83725109574885,16741.507769086827,165328.52213298067,4714169.049129772,643350.5186438668,0.02577470572959125,0.3200658660457094,0.2761783673242957,0.4198413764515842,13295.0,100057.0,39382461.0,275.39684076419707,16741.507769086827,165328.52213298067,4714169.049129772,643350.5186438668,0.02577470572959125,0.3200658660457094,0.2761783673242957,0.4198413764515842,7174.0,87140.0,48141229.0,496.3457162093672,16741.507769086827,165328.52213298067,4714169.049129772,643350.5186438668,0.02577470572959125,0.3200658660457094,0.2761783673242957,0.4198413764515842,7285.0,96917.0,51825480.0,419.4924044833219,16741.507769086827,165328.52213298067,4714169.049129772,643350.5186438668,0.02577470572959125,0.3200658660457094,0.2761783673242957,0.4198413764515842
7889.0,82206.0,39235630.0,418.5765262675878,16741.507769086827,165328.52213298067,4714169.049129772,643350.5186438668,0.02577470572959125,0.3200658660457094,0.2761783673242957,0.4198413764515842,7645.0,99708.0,55642790.0,451.83725109574885,16741.507769086827,165328.52213298067,4714169.049129772,643350.5186438668,0.02577470572959125,0.3200658660457094,0.2761783673242957,0.4198413764515842,13295.0,100057.0,39382461.0,275.39684076419707,16741.507769086827,165328.52213298067,4714169.049129772,643350.5186438668,0.02577470572959125,0.3200658660457094,0.2761783673242957,0.4198413764515842,7174.0,87140.0,48141229.0,496.3457162093672,16741.507769086827,165328.52213298067,4714169.049129772,643350.5186438668,0.02577470572959125,0.3200658660457094,0.2761783673242957,0.4198413764515842,7285.0,96917.0,51825480.0,419.4924044833219,16741.507769086827,165328.52213298067,4714169.049129772,643350.5186438668,0.02577470572959125,0.3200658660457094,0.2761783673242957,0.4198413764515842,7544.0,83220.0,44816783.0,456.0298717953341,16741.507769086827,165328.52213298067,4714169.049129772,643350.5186438668,0.02577470572959125,0.3200658660457094,0.2761783673242957,0.4198413764515842
7645.0,99708.0,55642790.0,451.83725109574885,16741.507769086827,165328.52213298067,4714169.049129772,643350.5186438668,0.02577470572959125,0.3200658660457094,0.2761783673242957,0.4198413764515842,13295.0,100057.0,39382461.0,275.39684076419707,16741.507769086827,165328.52213298067,4714169.049129772,643350.5186438668,0.02577470572959125,0.3200658660457094,0.2761783673242957,0.4198413764515842,7174.0,87140.0,48141229.0,496.3457162093672,16741.507769086827,165328.52213298067,4714169.049129772,643350.5186438668,0.02577470572959125,0.3200658660457094,0.2761783673242957,0.4198413764515842,7285.0,96917.0,51825480.0,419.4924044833219,16741.507769086827,165328.52213298067,4714169.049129772,643350.5186438668,0.02577470572959125,0.3200658660457094,0.2761783673242957,0.4198413764515842,7544.0,83220.0,44816783.0,456.0298717953341,16741.507769086827,165328.52213298067,4714169.049129772,643350.5186438668,0.02577470572959125,0.3200658660457094,0.2761783673242957,0.4198413764515842,6539.0,102647.0,50260092.0,529.7701513739104,16741.507769086827,165328.52213298067,4714169.049129772,643350.5186438668,0.02577470572959125,0.3200658660457094,0.2761783673242957,0.4198413764515842
13295.0,100057.0,39382461.0,275.39684076419707,16741.507769086827,165328.52213298067,4714169.049129772,643350.5186438668,0.02577470572959125,0.3200658660457094,0.2761783673242957,0.4198413764515842,7174.0,87140.0,48141229.0,496.3457162093672,16741.507769086827,165328.52213298067,4714169.049129772,643350.5186438668,0.02577470572959125,0.3200658660457094,0.2761783673242957,0.4198413764515842,7285.0,96917.0,51825480.0,419.4924044833219,16741.507769086827,165328.52213298067,4714169.049129772,643350.5186438668,0.02577470572959125,0.3200658660457094,0.2761783673242957,0.4198413764515842,7544.0,83220.0,44816783.0,456.0298717953341,16741.507769086827,165328.52213298067,4714169.049129772,643350.5186438668,0.02577470572959125,0.3200658660457094,0.2761783673242957,0.4198413764515842,6539.0,102647.0,50260092.0,529.7701513739104,16741.507769086827,165328.52213298067,4714169.049129772,643350.5186438668,0.02577470572959125,0.3200658660457094,0.2761783673242957,0.4198413764515842,8065.0,82709.0,37570405.0,420.2753814699318,16741.507769086827,165328.52213298067,4714169.049129772,643350.5186438668,0.02577470572959125,0.3200658660457094,0.2761783673242957,0.4198413764515842
7174.0,87140.0,48141229.0,496.3457162093672,16741.507769086827,165328.52213298067,4714169.049129772,643350.5186438668,0.02577470572959125,0.3200658660457094,0.2761783673242957,0.4198413764515842,7285.0,96917.0,51825480.0,419.4924044833219,16741.507769086827,165328.52213298067,4714169.049129772,643350.5186438668,0.02577470572959125,0.3200658660457094,0.2761783673242957,0.4198413764515842,7544.0,83220.0,44816783.0,456.0298717953341,16741.507769086827,165328.52213298067,4714169.049129772,643350.5186438668,0.02577470572959125,0.3200658660457094,0.2761783673242957,0.4198413764515842,6539.0,102647.0,50260092.0,529.7701513739104,16741.507769086827,165328.52213298067,4714169.049129772,643350.5186438668,0.02577470572959125,0.3200658660457094,0.2761783673242957,0.4198413764515842,8065.0,82709.0,37570405.0,420.2753814699318,16741.507769086827,165328.52213298067,4714169.049129772,643350.5186438668,0.02577470572959125,0.3200658660457094,0.2761783673242957,0.4198413764515842,7005.0,66198.0,29965375.0,475.7063487551749,16741.507769086827,165328.52213298067,4714169.049129772,643350.5186438668,0.02577470572959125,0.3200658660457094,0.2761783673242957,0.4198413764515842
7285.0,96917.0,51825480.0,419.4924044833219,16741.507769086827,165328.52213298067,4714169.049129772,643350.5186438668,0.02577470572959125,0.3200658660457094,0.2761783673242957,0.4198413764515842,7544.0,83220.0,44816783.0,456.0298717953341,16741.507769086827,165328.52213298067,4714169.049129772,643350.5186438668,0.02577470572959125,0.3200658660457094,0.2761783673242957,0.4198413764515842,6539.0,102647.0,50260092.0,529.7701513739104,16741.507769086827,165328.52213298067,4714169.049129772,643350.5186438668,0.02577470572959125,0.3200658660457094,0.2761783673242957,0.4198413764515842,8065.0,82709.0,37570405.0,420.2753814699318,16741.507769086827,165328.52213298067,4714169.049129772,643350.5186438668,0.02577470572959125,0.3200658660457094,0.2761783673242957,0.4198413764515842,7005.0,66198.0,29965375.0,475.7063487551749,16741.507769086827,165328.52213298067,4714169.049129772,643350.5186438668,0.02577470572959125,0.3200658660457094,0.2761783673242957,0.4198413764515842,8840.0,80368.0,31125846.0,419.8607909719457,16741.507769086827,165328.52213298067,4714169.049129772,643350.5186438668,0.02577470572959125,0.3200658660457094,0.2761783673242957,0.4198413764515842
7544.0,83220.0,44816783.0,456.0298717953341,16741.507769086827,165328.52213298067,4714169.049129772,643350.5186438668,0.02577470572959125,0.3200658660457094,0.2761783673242957,0.4198413764515842,6539.0,102647.0,50260092.0,529.7701513739104,16741.507769086827,165328.52213298067,4714169.049129772,643350.5186438668,0.02577470572959125,0.3200658660457094,0.2761783673242957,0.4198413764515842,8065.0,82709.0,37570405.0,420.2753814699318,16741.507769086827,165328.52213298067,4714169.049129772,643350.5186438668,0.02577470572959125,0.3200658660457094,0.2761783673242957,0.4198413764515842,7005.0,66198.0,29965375.0,475.7063487551749,16741.507769086827,165328.52213298067,4714169.049129772,643350.5186438668,0.02577470572959125,0.3200658660457094,0.2761783673242957,0.4198413764515842,8840.0,80368.0,31125846.0,419.8607909719457,16741.507769086827,165328.52213298067,4714169.049129772,643350.5186438668,0.02577470572959125,0.3200658660457094,0.2761783673242957,0.4198413764515842,7829.0,164044.0,113159508.0,420.51132725086217,16741.507769086827,165328.52213298067,4714169.049129772,643350.5186438668,0.02577470572959125,0.3200658660457094,0.2761783673242957,0.4198413764515842
6539.0,102647.0,50260092.0,529.7701513739104,16741.507769086827,165328.52213298067,4714169.049129772,643350.5186438668,0.02577470572959125,0.3200658660457094,0.2761783673242957,0.4198413764515842,8065.0,82709.0,37570405.0,420.2753814699318,16741.507769086827,165328.52213298067,4714169.049129772,643350.5186438668,0.02577470572959125,0.3200658660457094,0.2761783673242957,0.4198413764515842,7005.0,66198.0,29965375.0,475.7063487551749,16741.507769086827,165328.52213298067,4714169.049129772,643350.5186438668,0.02577470572959125,0.3200658660457094,0.2761783673242957,0.4198413764515842,8840.0,80368.0,31125846.0,419.8607909719457,16741.507769086827,165328.52213298067,4714169.049129772,643350.5186438668,0.02577470572959125,0.3200658660457094,0.2761783673242957,0.4198413764515842,7829.0,164044.0,113159508.0,420.51132725086217,16741.507769086827,165328.52213298067,4714169.049129772,643350.5186438668,0.02577470572959125,0.3200658660457094,0.2761783673242957,0.4198413764515842,7585.0,75886.0,30654520.0,442.12968822966377,16741.507769086827,165328.52213298067,4714169.049129772,643350.5186438668,0.02577470572959125,0.3200658660457094,0.2761783673242957,0.4198413764515842
8065.0,82709.0,37570405.0,420.2753814699318,16741.507769086827,165328.52213298067,4714169.049129772,643350.5186438668,0.02577470572959125,0.3200658660457094,0.2761783673242957,0.4198413764515842,7005.0,66198.0,29965375.0,475.7063487551749,16741.507769086827,165328.52213298067,4714169.049129772,643350.5186438668,0.02577470572959125,0.3200658660457094,0.2761783673242957,0.4198413764515842,8840.0,80368.0,31125846.0,419.8607909719457,16741.507769086827,165328.52213298067,4714169.049129772,643350.5186438668,0.02577470572959125,0.3200658660457094,0.2761783673242957,0.4198413764515842,7829.0,164044.0,113159508.0,420.51132725086217,16741.507769086827,165328.52213298067,4714169.049129772,643350.5186438668,0.02577470572959125,0.3200658660457094,0.2761783673242957,0.4198413764515842,7585.0,75886.0,30654520.0,442.12968822966377,16741.507769086827,165328.52213298067,4714169.049129772,643350.5186438668,0.02577470572959125,0.3200658660457094,0.2761783673242957,0.4198413764515842,7706.0,175832.0,149154951.0,459.0033848425902,16741.507769086827,165328.52213298067,4714169.049129772,643350.5186438668,0.02577470572959125,0.3200658660457094,0.2761783673242957,0.4198413764515842
7005.0,66198.0,29965375.0,475.7063487551749,16741.507769086827,165328.52213298067,4714169.049129772,643350.5186438668,0.02577470572959125,0.3200658660457094,0.2761783673242957,0.4198413764515842,8840.0,80368.0,31125846.0,419.8607909719457,16741.507769086827,165328.52213298067,4714169.049129772,643350.5186438668,0.02577470572959125,0.3200658660457094,0.2761783673242957,0.4198413764515842,7829.0,164044.0,113159508.0,420.51132725086217,16741.507769086827,165328.52213298067,4714169.049129772,643350.5186438668,0.02577470572959125,0.3200658660457094,0.2761783673242957,0.4198413764515842,7585.0,75886.0,30654520.0,442.12968822966377,16741.507769086827,165328.52213298067,4714169.049129772,643350.5186438668,0.02577470572959125,0.3200658660457094,0.2761783673242957,0.4198413764515842,7706.0,175832.0,149154951.0,459.0033848425902,16741.507769086827,165328.52213298067,4714169.049129772,643350.5186438668,0.02577470572959125,0.3200658660457094,0.2761783673242957,0.4198413764515842,7087.0,150682.0,119578806.0,484.3772696471003,16741.507769086827,165328.52213298067,4714169.049129772,643350.5186438668,0.02577470572959125,0.3200658660457094,0.2761783673242957,0.4198413764515842
8840.0,80368.0,31125846.0,419.8607909719457,16741.507769086827,165328.52213298067,4714169.049129772,643350.5186438668,0.02577470572959125,0.3200658660457094,0.2761783673242957,0.4198413764515842,7829.0,164044.0,113159508.0,420.51132725086217,16741.507769086827,165328.52213298067,4714169.049129772,643350.5186438668,0.02577470572959125,0.3200658660457094,0.2761783673242957,0.4198413764515842,7585.0,75886.0,30654520.0,442.12968822966377,16741.507769086827,165328.52213298067,4714169.049129772,643350.5186438668,0.02577470572959125,0.3200658660457094,0.2761783673242957,0.4198413764515842,7706.0,175832.0,149154951.0,459.0033848425902,16741.507769086827,165328.52213298067,4714169.049129772,643350.5186438668,0.02577470572959125,0.3200658660457094,0.2761783673242957,0.4198413764515842,7087.0,150682.0,119578806.0,484.3772696471003,16741.507769086827,165328.52213298067,4714169.049129772,643350.5186438668,0.02577470572959125,0.3200658660457094,0.2761783673242957,0.4198413764515842,6868.0,69032.0,33038094.0,460.7918387399534,16741.507769086827,165328.52213298067,4714169.049129772,643350.5186438668,0.02577470572959125,0.3200658660457094,0.2761783673242957,0.4198413764515842
7829.0,164044.0,113159508.0,420.51132725086217,16741.507769086827,165328.52213298067,4714169.049129772,643350.5186438668,0.02577470572959125,0.3200658660457094,0.2761783673242957,0.4198413764515842,7585.0,75886.0,30654520.0,442.12968822966377,16741.507769086827,165328.52213298067,4714169.049129772,643350.5186438668,0.02577470572959125,0.3200658660457094,0.2761783673242957,0.4198413764515842,7706.0,175832.0,149154951.0,459.0033848425902,16741.507769086827,165328.52213298067,4714169.049129772,643350.5186438668,0.02577470572959125,0.3200658660457094,0.2761783673242957,0.4198413764515842,7087.0,150682.0,119578806.0,484.3772696471003,16741.507769086827,165328.52213298067,4714169.049129772,643350.5186438668,0.02577470572959125,0.3200658660457094,0.2761783673242957,0.4198413764515842,6868.0,69032.0,33038094.0,460.7918387399534,16741.507769086827,165328.52213298067,4714169.049129772,643350.5186438668,0.02577470572959125,0.3200658660457094,0.2761783673242957,0.4198413764515842,8083.0,543040.0,559589228.0,455.04087384708646,16741.507769086827,165328.52213298067,4714169.049129772,643350.5186438668,0.02577470572959125,0.3200658660457094,0.2761783673242957,0.4198413764515842
7585.0,75886.0,30654520.0,442.12968822966377,16741.507769086827,165328.52213298067,4714169.049129772,643350.5186438668,0.02577470572959125,0.3200658660457094,0.2761783673242957,0.4198413764515842,7706.0,175832.0,149154951.0,459.0033848425902,16741.507769086827,165328.52213298067,4714169.049129772,643350.5186438668,0.02577470572959125,0.3200658660457094,0.2761783673242957,0.4198413764515842,7087.0,150682.0,119578806.0,484.3772696471003,16741.507769086827,165328.52213298067,4714169.049129772,643350.5186438668,0.02577470572959125,0.3200658660457094,0.2761783673242957,0.4198413764515842,6868.0,69032.0,33038094.0,460.7918387399534,16741.507769086827,165328.52213298067,4714169.049129772,643350.5186438668,0.02577470572959125,0.3200658660457094,0.2761783673242957,0.4198413764515842,8083.0,543040.0,559589228.0,455.04087384708646,16741.507769086827,165328.52213298067,4714169.049129772,643350.5186438668,0.02577470572959125,0.3200658660457094,0.2761783673242957,0.4198413764515842,7357.0,185869.0,112543508.0,444.4728734949029,16741.507769086827,165328.52213298067,4714169.049129772,643350.5186438668,0.02577470572959125,0.3200658660457094,0.2761783673242957,0.4198413764515842
7706.0,175832.0,149154951.0,459.0033848425902,16741.507769086827,165328.52213298067,4714169.049129772,643350.5186438668,0.02577470572959125,0.3200658660457094,0.2761783673242957,0.4198413764515842,7087.0,150682.0,119578806.0,484.3772696471003,16741.507769086827,165328.52213298067,4714169.049129772,643350.5186438668,0.02577470572959125,0.3200658660457094,0.2761783673242957,0.4198413764515842,6868.0,69032.0,33038094.0,460.7918387399534,16741.507769086827,165328.52213298067,4714169.049129772,643350.5186438668,0.02577470572959125,0.3200658660457094,0.2761783673242957,0.4198413764515842,8083.0,543040.0,559589228.0,455.04087384708646,16741.507769086827,165328.52213298067,4714169.049129772,643350.5186438668,0.02577470572959125,0.3200658660457094,0.2761783673242957,0.4198413764515842,7357.0,185869.0,112543508.0,444.4728734949029,16741.507769086827,165328.52213298067,4714169.049129772,643350.5186438668,0.02577470572959125,0.3200658660457094,0.2761783673242957,0.4198413764515842,6714.0,253223.0,221844530.0,483.2112127975872,16741.507769086827,165328.52213298067,4714169.049129772,643350.5186438668,0.02577470572959125,0.3200658660457094,0.2761783673242957,0.4198413764515842
7087.0,150682.0,119578806.0,484.3772696471003,16741.507769086827,165328.52213298067,4714169.049129772,643350.5186438668,0.02577470572959125,0.3200658660457094,0.2761783673242957,0.4198413764515842,6868.0,69032.0,33038094.0,460.7918387399534,16741.507769086827,165328.52213298067,4714169.049129772,643350.5186438668,0.02577470572959125,0.3200658660457094,0.2761783673242957,0.4198413764515842,8083.0,543040.0,559589228.0,455.04087384708646,16741.507769086827,165328.52213298067,4714169.049129772,643350.5186438668,0.02577470572959125,0.3200658660457094,0.2761783673242957,0.4198413764515842,7357.0,185869.0,112543508.0,444.4728734949029,16741.507769086827,165328.52213298067,4714169.049129772,643350.5186438668,0.02577470572959125,0.3200658660457094,0.2761783673242957,0.4198413764515842,6714.0,253223.0,221844530.0,483.2112127975872,16741.507769086827,165328.52213298067,4714169.049129772,643350.5186438668,0.02577470572959125,0.3200658660457094,0.2761783673242957,0.4198413764515842,9217.0,68048.0,32393942.0,343.46022423792994,16741.507769086827,165328.52213298067,4714169.049129772,643350.5186438668,0.02577470572959125,0.3200658660457094,0.2761783673242957,0.4198413764515842
6868.0,69032.0,33038094.0,460.7918387399534,16741.507769086827,165328.52213298067,4714169.049129772,643350.5186438668,0.02577470572959125,0.3200658660457094,0.2761783673242957,0.4198413764515842,8083.0,543040.0,559589228.0,455.04087384708646,16741.507769086827,165328.52213298067,4714169.049129772,643350.5186438668,0.02577470572959125,0.3200658660457094,0.2761783673242957,0.4198413764515842,7357.0,185869.0,112543508.0,444.4728734949029,16741.507769086827,165328.52213298067,4714169.049129772,643350.5186438668,0.02577470572959125,0.3200658660457094,0.2761783673242957,0.4198413764515842,6714.0,253223.0,221844530.0,483.2112127975872,16741.507769086827,165328.52213298067,4714169.049129772,643350.5186438668,0.02577470572959125,0.3200658660457094,0.2761783673242957,0.4198413764515842,9217.0,68048.0,32393942.0,343.46022423792994,16741.507769086827,165328.52213298067,4714169.049129772,643350.5186438668,0.02577470572959125,0.3200658660457094,0.2761783673242957,0.4198413764515842,7933.0,195045.0,155768576.0,424.0417125501072,16741.507769086827,165328.52213298067,4714169.049129772,643350.5186438668,0.02577470572959125,0.3200658660457094,0.2761783673242957,0.4198413764515842
8083.0,543040.0,559589228.0,455.04087384708646,16741.507769086827,165328.52213298067,4714169.049129772,643350.5186438668,0.02577470572959125,0.3200658660457094,0.2761783673242957,0.4198413764515842,7357.0,185869.0,112543508.0,444.4728734949029,16741.507769086827,165328.52213298067,4714169.049129772,643350.5186438668,0.02577470572959125,0.3200658660457094,0.2761783673242957,0.4198413764515842,6714.0,253223.0,221844530.0,483.2112127975872,16741.507769086827,165328.52213298067,4714169.049129772,643350.5186438668,0.02577470572959125,0.3200658660457094,0.2761783673242957,0.4198413764515842,9217.0,68048.0,32393942.0,343.46022423792994,16741.507769086827,165328.52213298067,4714169.049129772,643350.5186438668,0.02577470572959125,0.3200658660457094,0.2761783673242957,0.4198413764515842,7933.0,195045.0,155768576.0,424.0417125501072,16741.507769086827,165328.52213298067,4714169.049129772,643350.5186438668,0.02577470572959125,0.3200658660457094,0.2761783673242957,0.4198413764515842,8663.0,231851.0,185705113.0,429.7351439466698,16741.507769086827,165328.52213298067,4714169.049129772,643350.5186438668,0.02577470572959125,0.3200658660457094,0.2761783673242957,0.4198413764515842
7357.0,185869.0,112543508.0,444.4728734949029,16741.507769086827,165328.52213298067,4714169.049129772,643350.5186438668,0.02577470572959125,0.3200658660457094,0.2761783673242957,0.4198413764515842,6714.0,253223.0,221844530.0,483.2112127975872,16741.507769086827,165328.52213298067,4714169.049129772,643350.5186438668,0.02577470572959125,0.3200658660457094,0.2761783673242957,0.4198413764515842,9217.0,68048.0,32393942.0,343.46022423792994,16741.507769086827,165328.52213298067,4714169.049129772,643350.5186438668,0.02577470572959125,0.3200658660457094,0.2761783673242957,0.4198413764515842,7933.0,195045.0,155768576.0,424.0417125501072,16741.507769086827,165328.52213298067,4714169.049129772,643350.5186438668,0.02577470572959125,0.3200658660457094,0.2761783673242957,0.4198413764515842,8663.0,231851.0,185705113.0,429.7351439466698,16741.507769086827,165328.52213298067,4714169.049129772,643350.5186438668,0.02577470572959125,0.3200658660457094,0.2761783673242957,0.4198413764515842,7462.0,1510064.0,1497941136.0,456.6442553968105,16741.507769086827,165328.52213298067,4714169.049129772,643350.5186438668,0.02577470572959125,0.3200658660457094,0.2761783673242957,0.4198413764515842
6714.0,253223.0,221844530.0,483.2112127975872,16741.507769086827,165328.52213298067,4714169.049129772,643350.5186438668,0.02577470572959125,0.3200658660457094,0.2761783673242957,0.4198413764515842,9217.0,68048.0,32393942.0,343.46022423792994,16741.507769086827,165328.52213298067,4714169.049129772,643350.5186438668,0.02577470572959125,0.3200658660457094,0.2761783673242957,0.4198413764515842,7933.0,195045.0,155768576.0,424.0417125501072,16741.507769086827,165328.52213298067,4714169.049129772,643350.5186438668,0.02577470572959125,0.3200658660457094,0.2761783673242957,0.4198413764515842,8663.0,231851.0,185705113.0,429.7351439466698,16741.507769086827,165328.52213298067,4714169.049129772,643350.5186438668,0.02577470572959125,0.3200658660457094,0.2761783673242957,0.4198413764515842,7462.0,1510064.0,1497941136.0,456.6442553968105,16741.507769086827,165328.52213298067,4714169.049129772,643350.5186438668,0.02577470572959125,0.3200658660457094,0.2761783673242957,0.4198413764515842,7397.0,461311.0,489983732.0,425.4426065610383,16741.507769086827,165328.52213298067,4714169.049129772,643350.5186438668,0.02577470572959125,0.3200658660457094,0.2761783673242957,0.4198413764515842
9217.0,68048.0,32393942.0,343.46022423792994,16741.507769086827,165328.52213298067,4714169.049129772,643350.5186438668,0.02577470572959125,0.3200658660457094,0.2761783673242957,0.4198413764515842,7933.0,195045.0,155768576.0,424.0417125501072,16741.507769086827,165328.52213298067,4714169.049129772,643350.5186438668,0.02577470572959125,0.3200658660457094,0.2761783673242957,0.4198413764515842,8663.0,231851.0,185705113.0,429.7351439466698,16741.507769086827,165328.52213298067,4714169.049129772,643350.5186438668,0.02577470572959125,0.3200658660457094,0.2761783673242957,0.4198413764515842,7462.0,1510064.0,1497941136.0,456.6442553968105,16741.507769086827,165328.52213298067,4714169.049129772,643350.5186438668,0.02577470572959125,0.3200658660457094,0.2761783673242957,0.4198413764515842,7397.0,461311.0,489983732.0,425.4426065610383,16741.507769086827,165328.52213298067,4714169.049129772,643350.5186438668,0.02577470572959125,0.3200658660457094,0.2761783673242957,0.4198413764515842,7321.0,183597.0,132427203.0,448.5509214799891,16741.507769086827,165328.52213298067,4714169.049129772,643350.5186438668,0.02577470572959125,0.3200658660457094,0.2761783673242957,0.4198413764515842
7933.0,195045.0,155768576.0,424.0417125501072,16741.507769086827,165328.52213298067,4714169.049129772,643350.5186438668,0.02577470572959125,0.3200658660457094,0.2761783673242957,0.4198413764515842,8663.0,231851.0,185705113.0,429.7351439466698,16741.507769086827,165328.52213298067,4714169.049129772,643350.5186438668,0.02577470572959125,0.3200658660457094,0.2761783673242957,0.4198413764515842,7462.0,1510064.0,1497941136.0,456.6442553968105,16741.507769086827,165328.52213298067,4714169.049129772,643350.5186438668,0.02577470572959125,0.3200658660457094,0.2761783673242957,0.4198413764515842,7397.0,461311.0,489983732.0,425.4426065610383,16741.507769086827,165328.52213298067,4714169.049129772,643350.5186438668,0.02577470572959125,0.3200658660457094,0.2761783673242957,0.4198413764515842,7321.0,183597.0,132427203.0,448.5509214799891,16741.507769086827,165328.52213298067,4714169.049129772,643350.5186438668,0.02577470572959125,0.3200658660457094,0.2761783673242957,0.4198413764515842,6753.0,315275.0,287827953.0,493.8989601048423,16741.507769086827,165328.52213298067,4714169.049129772,643350.5186438668,0.02577470572959125,0.3200658660457094,0.2761783673242957,0.4198413764515842
8663.0,231851.0,185705113.0,429.7351439466698,16741.507769086827,165328.52213298067,4714169.049129772,643350.5186438668,0.02577470572959125,0.3200658660457094,0.2761783673242957,0.4198413764515842,7462.0,1510064.0,1497941136.0,456.6442553968105,16741.507769086827,165328.52213298067,4714169.049129772,643350.5186438668,0.02577470572959125,0.3200658660457094,0.2761783673242957,0.4198413764515842,7397.0,461311.0,489983732.0,425.4426065610383,16741.507769086827,165328.52213298067,4714169.049129772,643350.5186438668,0.02577470572959125,0.3200658660457094,0.2761783673242957,0.4198413764515842,7321.0,183597.0,132427203.0,448.5509214799891,16741.507769086827,165328.52213298067,4714169.049129772,643350.5186438668,0.02577470572959125,0.3200658660457094,0.2761783673242957,0.4198413764515842,6753.0,315275.0,287827953.0,493.8989601048423,16741.507769086827,165328.52213298067,4714169.049129772,643350.5186438668,0.02577470572959125,0.3200658660457094,0.2761783673242957,0.4198413764515842,7226.0,2776333.0,3373902422.0,450.8340803697758,16741.507769086827,165328.52213298067,4714169.049129772,643350.5186438668,0.02577470572959125,0.3200658660457094,0.2761783673242957,0.4198413764515842
7462.0,1510064.0,1497941136.0,456.6442553968105,16741.507769086827,165328.52213298067,4714169.049129772,643350.5186438668,0.02577470572959125,0.3200658660457094,0.2761783673242957,0.4198413764515842,7397.0,461311.0,489983732.0,425.4426065610383,16741.507769086827,165328.52213298067,4714169.049129772,643350.5186438668,0.02577470572959125,0.3200658660457094,0.2761783673242957,0.4198413764515842,7321.0,183597.0,132427203.0,448.5509214799891,16741.507769086827,165328.52213298067,4714169.049129772,643350.5186438668,0.02577470572959125,0.3200658660457094,0.2761783673242957,0.4198413764515842,6753.0,315275.0,287827953.0,493.8989601048423,16741.507769086827,165328.52213298067,4714169.049129772,643350.5186438668,0.02577470572959125,0.3200658660457094,0.2761783673242957,0.4198413764515842,7226.0,2776333.0,3373902422.0,450.8340803697758,16741.507769086827,165328.52213298067,4714169.049129772,643350.5186438668,0.02577470572959125,0.3200658660457094,0.2761783673242957,0.4198413764515842,6846.0,176475.0,109709386.0,464.5207545303827,16741.507769086827,165328.52213298067,4714169.049129772,643350.5186438668,0.02577470572959125,0.3200658660457094,0.2761783673242957,0.4198413764515842
7397.0,461311.0,489983732.0,425.4426065610383,16741.507769086827,165328.52213298067,4714169.049129772,643350.5186438668,0.02577470572959125,0.3200658660457094,0.2761783673242957,0.4198413764515842,7321.0,183597.0,132427203.0,448.5509214799891,16741.507769086827,165328.52213298067,4714169.049129772,643350.5186438668,0.02577470572959125,0.3200658660457094,0.2761783673242957,0.4198413764515842,6753.0,315275.0,287827953.0,493.8989601048423,16741.507769086827,165328.52213298067,4714169.049129772,643350.5186438668,0.02577470572959125,0.3200658660457094,0.2761783673242957,0.4198413764515842,7226.0,2776333.0,3373902422.0,450.8340803697758,16741.507769086827,165328.52213298067,4714169.049129772,643350.5186438668,0.02577470572959125,0.3200658660457094,0.2761783673242957,0.4198413764515842,6846.0,176475.0,109709386.0,464.5207545303827,16741.507769086827,165328.52213298067,4714169.049129772,643350.5186438668,0.02577470572959125,0.3200658660457094,0.2761783673242957,0.4198413764515842,6701.0,124112.0,80934741.0,510.7213390871512,16741.507769086827,165328.52213298067,4714169.049129772,643350.5186438668,0.02577470572959125,0.3200658660457094,0.2761783673242957,0.4198413764515842
7321.0,183597.0,132427203.0,448.5509214799891,16741.507769086827,165328.52213298067,4714169.049129772,643350.5186438668,0.02577470572959125,0.3200658660457094,0.2761783673242957,0.4198413764515842,6753.0,315275.0,287827953.0,493.8989601048423,16741.507769086827,165328.52213298067,4714169.049129772,643350.5186438668,0.02577470572959125,0.3200658660457094,0.2761783673242957,0.4198413764515842,7226.0,2776333.0,3373902422.0,450.8340803697758,16741.507769086827,165328.52213298067,4714169.049129772,643350.5186438668,0.02577470572959125,0.3200658660457094,0.2761783673242957,0.4198413764515842,6846.0,176475.0,109709386.0,464.5207545303827,16741.507769086827,165328.52213298067,4714169.049129772,643350.5186438668,0.02577470572959125,0.3200658660457094,0.2761783673242957,0.4198413764515842,6701.0,124112.0,80934741.0,510.7213390871512,16741.507769086827,165328.52213298067,4714169.049129772,643350.5186438668,0.02577470572959125,0.3200658660457094,0.2761783673242957,0.4198413764515842,7473.0,134489.0,93514247.0,482.2851553277131,16741.507769086827,165328.52213298067,4714169.049129772,643350.5186438668,0.02577470572959125,0.3200658660457094,0.2761783673242957,0.4198413764515842
6753.0,315275.0,287827953.0,493.8989601048423,16741.507769086827,165328.52213298067,4714169.049129772,643350.5186438668,0.02577470572959125,0.3200658660457094,0.2761783673242957,0.4198413764515842,7226.0,2776333.0,3373902422.0,450.8340803697758,16741.507769086827,165328.52213298067,4714169.049129772,643350.5186438668,0.02577470572959125,0.3200658660457094,0.2761783673242957,0.4198413764515842,6846.0,176475.0,109709386.0,464.5207545303827,16741.507769086827,165328.52213298067,4714169.049129772,643350.5186438668,0.02577470572959125,0.3200658660457094,0.2761783673242957,0.4198413764515842,6701.0,124112.0,80934741.0,510.7213390871512,16741.507769086827,165328.52213298067,4714169.049129772,643350.5186438668,0.02577470572959125,0.3200658660457094,0.2761783673242957,0.4198413764515842,7473.0,134489.0,93514247.0,482.2851553277131,16741.507769086827,165328.52213298067,4714169.049129772,643350.5186438668,0.02577470572959125,0.3200658660457094,0.2761783673242957,0.4198413764515842,6684.0,352823.0,128707135.0,498.3333678230102,16741.507769086827,165328.52213298067,4714169.049129772,643350.5186438668,0.02577470572959125,0.3200658660457094,0.2761783673242957,0.4198413764515842
7226.0,2776333.0,3373902422.0,450.8340803697758,16741.507769086827,165328.52213298067,4714169.049129772,643350.5186438668,0.02577470572959125,0.3200658660457094,0.2761783673242957,0.4198413764515842,6846.0,176475.0,109709386.0,464.5207545303827,16741.507769086827,165328.52213298067,4714169.049129772,643350.5186438668,0.02577470572959125,0.3200658660457094,0.2761783673242957,0.4198413764515842,6701.0,124112.0,80934741.0,510.7213390871512,16741.507769086827,165328.52213298067,4714169.049129772,643350.5186438668,0.02577470572959125,0.3200658660457094,0.2761783673242957,0.4198413764515842,7473.0,134489.0,93514247.0,482.2851553277131,16741.507769086827,165328.52213298067,4714169.049129772,643350.5186438668,0.02577470572959125,0.3200658660457094,0.2761783673242957,0.4198413764515842,6684.0,352823.0,128707135.0,498.3333678230102,16741.507769086827,165328.52213298067,4714169.049129772,643350.5186438668,0.02577470572959125,0.3200658660457094,0.2761783673242957,0.4198413764515842,7693.0,1294666.0,897764842.0,444.8320049489146,16741.507769086827,165328.52213298067,4714169.049129772,643350.5186438668,0.02577470572959125,0.3200658660457094,0.2761783673242957,0.4198413764515842
6846.0,176475.0,109709386.0,464.5207545303827,16741.507769086827,165328.52213298067,4714169.049129772,643350.5186438668,0.02577470572959125,0.3200658660457094,0.2761783673242957,0.4198413764515842,6701.0,124112.0,80934741.0,510.7213390871512,16741.507769086827,165328.52213298067,4714169.049129772,643350.5186438668,0.02577470572959125,0.3200658660457094,0.2761783673242957,0.4198413764515842,7473.0,134489.0,93514247.0,482.2851553277131,16741.507769086827,165328.52213298067,4714169.049129772,643350.5186438668,0.02577470572959125,0.3200658660457094,0.2761783673242957,0.4198413764515842,6684.0,352823.0,128707135.0,498.3333678230102,16741.507769086827,165328.52213298067,4714169.049129772,643350.5186438668,0.02577470572959125,0.3200658660457094,0.2761783673242957,0.4198413764515842,7693.0,1294666.0,897764842.0,444.8320049489146,16741.507769086827,165328.52213298067,4714169.049129772,643350.5186438668,0.02577470572959125,0.3200658660457094,0.2761783673242957,0.4198413764515842,10903.0,393965.0,161555079.0,341.35139785673664,16741.507769086827,165328.52213298067,4714169.049129772,643350.5186438668,0.02577470572959125,0.3200658660457094,0.2761783673242957,0.4198413764515842
6701.0,124112.0,80934741.0,510.7213390871512,16741.507769086827,165328.52213298067,4714169.049129772,643350.5186438668,0.02577470572959125,0.3200658660457094,0.2761783673242957,0.4198413764515842,7473.0,134489.0,93514247.0,482.2851553277131,16741.507769086827,165328.52213298067,4714169.049129772,643350.5186438668,0.02577470572959125,0.3200658660457094,0.2761783673242957,0.4198413764515842,6684.0,352823.0,128707135.0,498.3333678230102,16741.507769086827,165328.52213298067,4714169.049129772,643350.5186438668,0.02577470572959125,0.3200658660457094,0.2761783673242957,0.4198413764515842,7693.0,1294666.0,897764842.0,444.8320049489146,16741.507769086827,165328.52213298067,4714169.049129772,643350.5186438668,0.02577470572959125,0.3200658660457094,0.2761783673242957,0.4198413764515842,10903.0,393965.0,161555079.0,341.35139785673664,16741.507769086827,165328.52213298067,4714169.049129772,643350.5186438668,0.02577470572959125,0.3200658660457094,0.2761783673242957,0.4198413764515842,13312.0,270603.0,167882625.0,289.5180261371695,16741.507769086827,165328.52213298067,4714169.049129772,643350.5186438668,0.02577470572959125,0.3200658660457094,0.2761783673242957,0.4198413764515842
7473.0,134489.0,93514247.0,482.2851553277131,16741.507769086827,165328.52213298067,4714169.049129772,643350.5186438668,0.02577470572959125,0.3200658660457094,0.2761783673242957,0.4198413764515842,6684.0,352823.0,128707135.0,498.3333678230102,16741.507769086827,165328.52213298067,4714169.049129772,643350.5186438668,0.02577470572959125,0.3200658660457094,0.2761783673242957,0.4198413764515842,7693.0,1294666.0,897764842.0,444.8320049489146,16741.507769086827,165328.52213298067,4714169.049129772,643350.5186438668,0.02577470572959125,0.3200658660457094,0.2761783673242957,0.4198413764515842,10903.0,393965.0,161555079.0,341.35139785673664,16741.507769086827,165328.52213298067,4714169.049129772,643350.5186438668,0.02577470572959125,0.3200658660457094,0.2761783673242957,0.4198413764515842,13312.0,270603.0,167882625.0,289.5180261371695,16741.507769086827,165328.52213298067,4714169.049129772,643350.5186438668,0.02577470572959125,0.3200658660457094,0.2761783673242957,0.4198413764515842,12204.0,167034.0,66331001.0,302.1852196423304,16741.507769086827,165328.52213298067,4714169.049129772,643350.5186438668,0.02577470572959125,0.3200658660457094,0.2761783673242957,0.4198413764515842
6684.0,352823.0,128707135.0,498.3333678230102,16741.507769086827,165328.52213298067,4714169.049129772,643350.5186438668,0.02577470572959125,0.3200658660457094,0.2761783673242957,0.4198413764515842,7693.0,1294666.0,897764842.0,444.8320049489146,16741.507769086827,165328.52213298067,4714169.049129772,643350.5186438668,0.02577470572959125,0.3200658660457094,0.2761783673242957,0.4198413764515842,10903.0,393965.0,161555079.0,341.35139785673664,16741.507769086827,165328.52213298067,4714169.049129772,643350.5186438668,0.02577470572959125,0.3200658660457094,0.2761783673242957,0.4198413764515842,13312.0,270603.0,167882625.0,289.5180261371695,16741.507769086827,165328.52213298067,4714169.049129772,643350.5186438668,0.02577470572959125,0.3200658660457094,0.2761783673242957,0.4198413764515842,12204.0,167034.0,66331001.0,302.1852196423304,16741.507769086827,165328.52213298067,4714169.049129772,643350.5186438668,0.02577470572959125,0.3200658660457094,0.2761783673242957,0.4198413764515842,12539.0,145620.0,53441231.0,306.40553155331366,16741.507769086827,165328.52213298067,4714169.049129772,643350.5186438668,0.02577470572959125,0.3200658660457094,0.2761783673242957,0.4198413764515842
7693.0,1294666.0,897764842.0,444.8320049489146,16741.507769086827,165328.52213298067,4714169.049129772,643350.5186438668,0.02577470572959125,0.3200658660457094,0.2761783673242957,0.4198413764515842,10903.0,393965.0,161555079.0,341.35139785673664,16741.507769086827,165328.52213298067,4714169.049129772,643350.5186438668,0.02577470572959125,0.3200658660457094,0.2761783673242957,0.4198413764515842,13312.0,270603.0,167882625.0,289.5180261371695,16741.507769086827,165328.52213298067,4714169.049129772,643350.5186438668,0.02577470572959125,0.3200658660457094,0.2761783673242957,0.4198413764515842,12204.0,167034.0,66331001.0,302.1852196423304,16741.507769086827,165328.52213298067,4714169.049129772,643350.5186438668,0.02577470572959125,0.3200658660457094,0.2761783673242957,0.4198413764515842,12539.0,145620.0,53441231.0,306.40553155331366,16741.507769086827,165328.52213298067,4714169.049129772,643350.5186438668,0.02577470572959125,0.3200658660457094,0.2761783673242957,0.4198413764515842,11831.0,208808.0,141637932.0,292.0510819888429,16741.507769086827,165328.52213298067,4714169.049129772,643350.5186438668,0.02577470572959125,0.3200658660457094,0.2761783673242957,0.4198413764515842
10903.0,393965.0,161555079.0,341.35139785673664,16741.507769086827,165328.52213298067,4714169.049129772,643350.5186438668,0.02577470572959125,0.3200658660457094,0.2761783673242957,0.4198413764515842,13312.0,270603.0,167882625.0,289.5180261371695,16741.507769086827,165328.52213298067,4714169.049129772,643350.5186438668,0.02577470572959125,0.3200658660457094,0.2761783673242957,0.4198413764515842,12204.0,167034.0,66331001.0,302.1852196423304,16741.507769086827,165328.52213298067,4714169.049129772,643350.5186438668,0.02577470572959125,0.3200658660457094,0.2761783673242957,0.4198413764515842,12539.0,145620.0,53441231.0,306.40553155331366,16741.507769086827,165328.52213298067,4714169.049129772,643350.5186438668,0.02577470572959125,0.3200658660457094,0.2761783673242957,0.4198413764515842,11831.0,208808.0,141637932.0,292.0510819888429,16741.507769086827,165328.52213298067,4714169.049129772,643350.5186438668,0.02577470572959125,0.3200658660457094,0.2761783673242957,0.4198413764515842,10437.0,288397.0,231751734.0,344.66338495381814,16741.507769086827,165328.52213298067,4714169.049129772,643350.5186438668,0.02577470572959125,0.3200658660457094,0.2761783673242957,0.4198413764515842
13312.0,270603.0,167882625.0,289.5180261371695,16741.507769086827,165328.52213298067,4714169.049129772,643350.5186438668,0.02577470572959125,0.3200658660457094,0.2761783673242957,0.4198413764515842,12204.0,167034.0,66331001.0,302.1852196423304,16741.507769086827,165328.52213298067,4714169.049129772,643350.5186438668,0.02577470572959125,0.3200658660457094,0.2761783673242957,0.4198413764515842,12539.0,145620.0,53441231.0,306.40553155331366,16741.507769086827,165328.52213298067,4714169.049129772,643350.5186438668,0.02577470572959125,0.3200658660457094,0.2761783673242957,0.4198413764515842,11831.0,208808.0,141637932.0,292.0510819888429,16741.507769086827,165328.52213298067,4714169.049129772,643350.5186438668,0.02577470572959125,0.3200658660457094,0.2761783673242957,0.4198413764515842,10437.0,288397.0,231751734.0,344.66338495381814,16741.507769086827,165328.52213298067,4714169.049129772,643350.5186438668,0.02577470572959125,0.3200658660457094,0.2761783673242957,0.4198413764515842,10643.0,113483.0,43639534.0,338.9068480359861,16741.507769086827,165328.52213298067,4714169.049129772,643350.5186438668,0.02577470572959125,0.3200658660457094,0.2761783673242957,0.4198413764515842
12204.0,167034.0,66331001.0,302.1852196423304,16741.507769086827,165328.52213298067,4714169.049129772,643350.5186438668,0.02577470572959125,0.3200658660457094,0.2761783673242957,0.4198413764515842,12539.0,145620.0,53441231.0,306.40553155331366,16741.507769086827,165328.52213298067,4714169.049129772,643350.5186438668,0.02577470572959125,0.3200658660457094,0.2761783673242957,0.4198413764515842,11831.0,208808.0,141637932.0,292.0510819888429,16741.507769086827,165328.52213298067,4714169.049129772,643350.5186438668,0.02577470572959125,0.3200658660457094,0.2761783673242957,0.4198413764515842,10437.0,288397.0,231751734.0,344.66338495381814,16741.507769086827,165328.52213298067,4714169.049129772,643350.5186438668,0.02577470572959125,0.3200658660457094,0.2761783673242957,0.4198413764515842,10643.0,113483.0,43639534.0,338.9068480359861,16741.507769086827,165328.52213298067,4714169.049129772,643350.5186438668,0.02577470572959125,0.3200658660457094,0.2761783673242957,0.4198413764515842,11515.0,197049.0,126551683.0,332.1982068857143,16741.507769086827,165328.52213298067,4714169.049129772,643350.5186438668,0.02577470572959125,0.3200658660457094,0.2761783673242957,0.4198413764515842
12539.0,145620.0,53441231.0,306.40553155331366,16741.507769086827,165328.52213298067,4714169.049129772,643350.5186438668,0.02577470572959125,0.3200658660457094,0.2761783673242957,0.4198413764515842,11831.0,208808.0,141637932.0,292.0510819888429,16741.507769086827,165328.52213298067,4714169.049129772,643350.5186438668,0.02577470572959125,0.3200658660457094,0.2761783673242957,0.4198413764515842,10437.0,288397.0,231751734.0,344.66338495381814,16741.507769086827,165328.52213298067,4714169.049129772,643350.5186438668,0.02577470572959125,0.3200658660457094,0.2761783673242957,0.4198413764515842,10643.0,113483.0,43639534.0,338.9068480359861,16741.507769086827,165328.52213298067,4714169.049129772,643350.5186438668,0.02577470572959125,0.3200658660457094,0.2761783673242957,0.4198413764515842,11515.0,197049.0,126551683.0,332.1982068857143,16741.507769086827,165328.52213298067,4714169.049129772,643350.5186438668,0.02577470572959125,0.3200658660457094,0.2761783673242957,0.4198413764515842,10813.0,173823.0,114370526.0,327.68789265606216,16741.507769086827,165328.52213298067,4714169.049129772,643350.5186438668,0.02577470572959125,0.3200658660457094,0.2761783673242957,0.4198413764515842
11831.0,208808.0,141637932.0,292.0510819888429,16741.507769086827,165328.52213298067,4714169.049129772,643350.5186438668,0.02577470572959125,0.3200658660457094,0.2761783673242957,0.4198413764515842,10437.0,288397.0,231751734.0,344.66338495381814,16741.507769086827,165328.52213298067,4714169.049129772,643350.5186438668,0.02577470572959125,0.3200658660457094,0.2761783673242957,0.4198413764515842,10643.0,113483.0,43639534.0,338.9068480359861,16741.507769086827,165328.52213298067,4714169.049129772,643350.5186438668,0.02577470572959125,0.3200658660457094,0.2761783673242957,0.4198413764515842,11515.0,197049.0,126551683.0,332.1982068857143,16741.507769086827,165328.52213298067,4714169.049129772,643350.5186438668,0.02577470572959125,0.3200658660457094,0.2761783673242957,0.4198413764515842,10813.0,173823.0,114370526.0,327.68789265606216,16741.507769086827,165328.52213298067,4714169.049129772,643350.5186438668,0.02577470572959125,0.3200658660457094,0.2761783673242957,0.4198413764515842,10035.0,211763.0,147371902.0,351.8097837220728,16741.507769086827,165328.52213298067,4714169.049129772,643350.5186438668,0.02577470572959125,0.3200658660457094,0.2761783673242957,0.4198413764515842
10437.0,288397.0,231751734.0,344.66338495381814,16741.507769086827,165328.52213298067,4714169.049129772,643350.5186438668,0.02577470572959125,0.3200658660457094,0.2761783673242957,0.4198413764515842,10643.0,113483.0,43639534.0,338.9068480359861,16741.507769086827,165328.52213298067,4714169.049129772,643350.5186438668,0.02577470572959125,0.3200658660457094,0.2761783673242957,0.4198413764515842,11515.0,197049.0,126551683.0,332.1982068857143,16741.507769086827,165328.52213298067,4714169.049129772,643350.5186438668,0.02577470572959125,0.3200658660457094,0.2761783673242957,0.4198413764515842,10813.0,173823.0,114370526.0,327.68789265606216,16741.507769086827,165328.52213298067,4714169.049129772,643350.5186438668,0.02577470572959125,0.3200658660457094,0.2761783673242957,0.4198413764515842,10035.0,211763.0,147371902.0,351.8097837220728,16741.507769086827,165328.52213298067,4714169.049129772,643350.5186438668,0.02577470572959125,0.3200658660457094,0.2761783673242957,0.4198413764515842,9693.0,106631.0,52835090.0,345.8748282663778,16741.507769086827,165328.52213298067,4714169.049129772,643350.5186438668,0.02577470572959125,0.3200658660457094,0.2761783673242957,0.4198413764515842
10643.0,113483.0,43639534.0,338.9068480359861,16741.507769086827,165328.52213298067,4714169.049129772,643350.5186438668,0.02577470572959125,0.3200658660457094,0.2761783673242957,0.4198413764515842,11515.0,197049.0,126551683.0,332.1982068857143,16741.507769086827,165328.52213298067,4714169.049129772,643350.5186438668,0.02577470572959125,0.3200658660457094,0.2761783673242957,0.4198413764515842,10813.0,173823.0,114370526.0,327.68789265606216,16741.507769086827,165328.52213298067,4714169.049129772,643350.5186438668,0.02577470572959125,0.3200658660457094,0.2761783673242957,0.4198413764515842,10035.0,211763.0,147371902.0,351.8097837220728,16741.507769086827,165328.52213298067,4714169.049129772,643350.5186438668,0.02577470572959125,0.3200658660457094,0.2761783673242957,0.4198413764515842,9693.0,106631.0,52835090.0,345.8748282663778,16741.507769086827,165328.52213298067,4714169.049129772,643350.5186438668,0.02577470572959125,0.3200658660457094,0.2761783673242957,0.4198413764515842,9545.0,110626.0,51793846.0,352.32623006631746,16741.507769086827,165328.52213298067,4714169.049129772,643350.5186438668,0.02577470572959125,0.3200658660457094,0.2761783673242957,0.4198413764515842
11515.0,197049.0,126551683.0,332.1982068857143,16741.507769086827,165328.52213298067,4714169.049129772,643350.5186438668,0.02577470572959125,0.3200658660457094,0.2761783673242957,0.4198413764515842,10813.0,173823.0,114370526.0,327.68789265606216,16741.507769086827,165328.52213298067,4714169.049129772,643350.5186438668,0.02577470572959125,0.3200658660457094,0.2761783673242957,0.4198413764515842,10035.0,211763.0,147371902.0,351.8097837220728,16741.507769086827,165328.52213298067,4714169.049129772,643350.5186438668,0.02577470572959125,0.3200658660457094,0.2761783673242957,0.4198413764515842,9693.0,106631.0,52835090.0,345.8748282663778,16741.507769086827,165328.52213298067,4714169.049129772,643350.5186438668,0.02577470572959125,0.3200658660457094,0.2761783673242957,0.4198413764515842,9545.0,110626.0,51793846.0,352.32623006631746,16741.507769086827,165328.52213298067,4714169.049129772,643350.5186438668,0.02577470572959125,0.3200658660457094,0.2761783673242957,0.4198413764515842,7337.0,90185.0,46158899.0,496.1341933940303,16741.507769086827,165328.52213298067,4714169.049129772,643350.5186438668,0.02577470572959125,0.3200658660457094,0.2761783673242957,0.4198413764515842
10813.0,173823.0,114370526.0,327.68789265606216,16741.507769086827,165328.52213298067,4714169.049129772,643350.5186438668,0.02577470572959125,0.3200658660457094,0.2761783673242957,0.4198413764515842,10035.0,211763.0,147371902.0,351.8097837220728,16741.507769086827,165328.52213298067,4714169.049129772,643350.5186438668,0.02577470572959125,0.3200658660457094,0.2761783673242957,0.4198413764515842,9693.0,106631.0,52835090.0,345.8748282663778,16741.507769086827,165328.52213298067,4714169.049129772,643350.5186438668,0.02577470572959125,0.3200658660457094,0.2761783673242957,0.4198413764515842,9545.0,110626.0,51793846.0,352.32623006631746,16741.507769086827,165328.52213298067,4714169.049129772,643350.5186438668,0.02577470572959125,0.3200658660457094,0.2761783673242957,0.4198413764515842,7337.0,90185.0,46158899.0,496.1341933940303,16741.507769086827,165328.52213298067,4714169.049129772,643350.5186438668,0.02577470572959125,0.3200658660457094,0.2761783673242957,0.4198413764515842,7344.0,603507.0,564542610.0,516.4073449219771,16741.507769086827,165328.52213298067,4714169.049129772,643350.5186438668,0.02577470572959125,0.3200658660457094,0.2761783673242957,0.4198413764515842
10035.0,211763.0,147371902.0,351.8097837220728,16741.507769086827,165328.52213298067,4714169.049129772,643350.5186438668,0.02577470572959125,0.3200658660457094,0.2761783673242957,0.4198413764515842,9693.0,106631.0,52835090.0,345.8748282663778,16741.507769086827,165328.52213298067,4714169.049129772,643350.5186438668,0.02577470572959125,0.3200658660457094,0.2761783673242957,0.4198413764515842,9545.0,110626.0,51793846.0,352.32623006631746,16741.507769086827,165328.52213298067,4714169.049129772,643350.5186438668,0.02577470572959125,0.3200658660457094,0.2761783673242957,0.4198413764515842,7337.0,90185.0,46158899.0,496.1341933940303,16741.507769086827,165328.52213298067,4714169.049129772,643350.5186438668,0.02577470572959125,0.3200658660457094,0.2761783673242957,0.4198413764515842,7344.0,603507.0,564542610.0,516.4073449219771,16741.507769086827,165328.52213298067,4714169.049129772,643350.5186438668,0.02577470572959125,0.3200658660457094,0.2761783673242957,0.4198413764515842,7243.0,106366.0,62418334.0,551.9436852925584,16741.507769086827,165328.52213298067,4714169.049129772,643350.5186438668,0.02577470572959125,0.3200658660457094,0.2761783673242957,0.4198413764515842
9693.0,106631.0,52835090.0,345.8748282663778,16741.507769086827,165328.52213298067,4714169.049129772,643350.5186438668,0.02577470572959125,0.3200658660457094,0.2761783673242957,0.4198413764515842,9545.0,110626.0,51793846.0,352.32623006631746,16741.507769086827,165328.52213298067,4714169.049129772,643350.5186438668,0.02577470572959125,0.3200658660457094,0.2761783673242957,0.4198413764515842,7337.0,90185.0,46158899.0,496.1341933940303,16741.507769086827,165328.52213298067,4714169.049129772,643350.5186438668,0.02577470572959125,0.3200658660457094,0.2761783673242957,0.4198413764515842,7344.0,603507.0,564542610.0,516.4073449219771,16741.507769086827,165328.52213298067,4714169.049129772,643350.5186438668,0.02577470572959125,0.3200658660457094,0.2761783673242957,0.4198413764515842,7243.0,106366.0,62418334.0,551.9436852925584,16741.507769086827,165328.52213298067,4714169.049129772,643350.5186438668,0.02577470572959125,0.3200658660457094,0.2761783673242957,0.4198413764515842,1525.0,13348.0,1420036.0,9559732.33180328,26056.804124076225,182621.64326962136,5605809.311508862,449221.6424347988,0.0150819672131147,0.4144262295081967,0.3501639344262295,0.3488524590163934
9545.0,110626.0,51793846.0,352.32623006631746,16741.507769086827,165328.52213298067,4714169.049129772,643350.5186438668,0.02577470572959125,0.3200658660457094,0.2761783673242957,0.4198413764515842,7337.0,90185.0,46158899.0,496.1341933940303,16741.507769086827,165328.52213298067,4714169.049129772,643350.5186438668,0.02577470572959125,0.3200658660457094,0.2761783673242957,0.4198413764515842,7344.0,603507.0,564542610.0,516.4073449219771,16741.507769086827,165328.52213298067,4714169.049129772,643350.5186438668,0.02577470572959125,0.3200658660457094,0.2761783673242957,0.4198413764515842,7243.0,106366.0,62418334.0,551.9436852925584,16741.507769086827,165328.52213298067,4714169.049129772,643350.5186438668,0.02577470572959125,0.3200658660457094,0.2761783673242957,0.4198413764515842,1525.0,13348.0,1420036.0,9559732.33180328,26056.804124076225,182621.64326962136,5605809.311508862,449221.6424347988,0.0150819672131147,0.4144262295081967,0.3501639344262295,0.3488524590163934,1628.0,13009.0,2182166.0,7558521.837837838,42462.62164875102,480140.42264401854,4713807.85312899,401702.7735877727,0.0632678132678132,0.4023341523341523,0.343980343980344,0.3538083538083538
7337.0,90185.0,46158899.0,496.1341933940303,16741.507769086827,165328.52213298067,4714169.049129772,643350.5186438668,0.02577470572959125,0.3200658660457094,0.2761783673242957,0.4198413764515842,7344.0,603507.0,564542610.0,516.4073449219771,16741.507769086827,165328.52213298067,4714169.049129772,643350.5186438668,0.02577470572959125,0.3200658660457094,0.2761783673242957,0.4198413764515842,7243.0,106366.0,62418334.0,551.9436852925584,16741.507769086827,165328.52213298067,4714169.049129772,643350.5186438668,0.02577470572959125,0.3200658660457094,0.2761783673242957,0.4198413764515842,1525.0,13348.0,1420036.0,9559732.33180328,26056.804124076225,182621.64326962136,5605809.311508862,449221.6424347988,0.0150819672131147,0.4144262295081967,0.3501639344262295,0.3488524590163934,1628.0,13009.0,2182166.0,7558521.837837838,42462.62164875102,480140.42264401854,4713807.85312899,401702.7735877727,0.0632678132678132,0.4023341523341523,0.343980343980344,0.3538083538083538,1897.0,29241.0,15280014.0,11909692.266736953,8516.606027663895,105932.40232078164,4307168.377157021,845244.1160054574,0.0210859251449657,0.286768581971534,0.3020558777016341,0.4359515023721665
7344.0,603507.0,564542610.0,516.4073449219771,16741.507769086827,165328.52213298067,4714169.049129772,643350.5186438668,0.02577470572959125,0.3200658660457094,0.2761783673242957,0.4198413764515842,7243.0,106366.0,62418334.0,551.9436852925584,16741.507769086827,165328.52213298067,4714169.049129772,643350.5186438668,0.02577470572959125,0.3200658660457094,0.2761783673242957,0.4198413764515842,1525.0,13348.0,1420036.0,9559732.33180328,26056.804124076225,182621.64326962136,5605809.311508862,449221.6424347988,0.0150819672131147,0.4144262295081967,0.3501639344262295,0.3488524590163934,1628.0,13009.0,2182166.0,7558521.837837838,42462.62164875102,480140.42264401854,4713807.85312899,401702.7735877727,0.0632678132678132,0.4023341523341523,0.343980343980344,0.3538083538083538,1897.0,29241.0,15280014.0,11909692.266736953,8516.606027663895,105932.40232078164,4307168.377157021,845244.1160054574,0.0210859251449657,0.286768581971534,0.3020558777016341,0.4359515023721665,2246.0,21621.0,4535123.0,13782466.143365985,7390.331020303587,95081.86068032826,4607146.046170903,747620.9052317906,0.0155832591273374,0.2680320569902048,0.2702582368655387,0.4554764024933214
7243.0,106366.0,62418334.0,551.9436852925584,16741.507769086827,165328.52213298067,4714169.049129772,643350.5186438668,0.02577470572959125,0.3200658660457094,0.2761783673242957,0.4198413764515842,1525.0,13348.0,1420036.0,9559732.33180328,26056.804124076225,182621.64326962136,5605809.311508862,449221.6424347988,0.0150819672131147,0.4144262295081967,0.3501639344262295,0.3488524590163934,1628.0,13009.0,2182166.0,7558521.837837838,42462.62164875102,480140.42264401854,4713807.85312899,401702.7735877727,0.0632678132678132,0.4023341523341523,0.343980343980344,0.3538083538083538,1897.0,29241.0,15280014.0,11909692.266736953,8516.606027663895,105932.40232078164,4307168.377157021,845244.1160054574,0.0210859251449657,0.286768581971534,0.3020558777016341,0.4359515023721665,2246.0,21621.0,4535123.0,13782466.143365985,7390.331020303587,95081.86068032826,4607146.046170903,747620.9052317906,0.0155832591273374,0.2680320569902048,0.2702582368655387,0.4554764024933214,1513.0,17201.0,3580360.0,9666860.687376074,11347.350374295202,133297.5646479367,5082669.747405029,461724.03705147153,0.0158625247851949,0.348314606741573,0.4058162590879048,0.3377395902181097
1525.0,13348.0,1420036.0,9559732.33180328,26056.804124076225,182621.64326962136,5605809.311508862,449221.6424347988,0.0150819672131147,0.4144262295081967,0.3501639344262295,0.3488524590163934,1628.0,13009.0,2182166.0,7558521.837837838,42462.62164875102,480140.42264401854,4713807.85312899,401702.7735877727,0.0632678132678132,0.4023341523341523,0.343980343980344,0.3538083538083538,1897.0,29241.0,15280014.0,11909692.266736953,8516.606027663895,105932.40232078164,4307168.377157021,845244.1160054574,0.0210859251449657,0.286768581971534,0.3020558777016341,0.4359515023721665,2246.0,21621.0,4535123.0,13782466.143365985,7390.331020303587,95081.86068032826,4607146.046170903,747620.9052317906,0.0155832591273374,0.2680320569902048,0.2702582368655387,0.4554764024933214,1513.0,17201.0,3580360.0,9666860.687376074,11347.350374295202,133297.5646479367,5082669.747405029,461724.03705147153,0.0158625247851949,0.348314606741573,0.4058162590879048,0.3377395902181097,1351.0,10834.0,1240157.0,8115765.141376758,20646.677727354767,166134.6077713869,5440034.278330256,304433.3258328358,0.0214655810510732,0.4108068097705403,0.3974833456698741,0.3412287194670614
1628.0,13009.0,2182166.0,7558521.837837838,42462.62164875102,480140.42264401854,4713807.85312899,401702.7735877727,0.0632678132678132,0.4023341523341523,0.343980343980344,0.3538083538083538,1897.0,29241.0,15280014.0,11909692.266736953,8516.606027663895,105932.40232078164,4307168.377157021,845244.1160054574,0.0210859251449657,0.286768581971534,0.3020558777016341,0.4359515023721665,2246.0,21621.0,4535123.0,13782466.143365985,7390.331020303587,95081.86068032826,4607146.046170903,747620.9052317906,0.0155832591273374,0.2680320569902048,0.2702582368655387,0.4554764024933214,1513.0,17201.0,3580360.0,9666860.687376074,11347.350374295202,133297.5646479367,5082669.747405029,461724.03705147153,0.0158625247851949,0.348314606741573,0.4058162590879048,0.3377395902181097,1351.0,10834.0,1240157.0,8115765.141376758,20646.677727354767,166134.6077713869,5440034.278330256,304433.3258328358,0.0214655810510732,0.4108068097705403,0.3974833456698741,0.3412287194670614,2065.0,20132.0,4016836.0,11394129.201937046,23053.8510553317,141509.04214482216,4280391.385392101,549869.189473669,0.0401937046004842,0.3525423728813559,0.2179176755447942,0.4687651331719128
1897.0,29241.0,15280014.0,11909692.266736953,8516.606027663895,105932.40232078164,4307168.377157021,845244.1160054574,0.0210859251449657,0.286768581971534,0.3020558777016341,0.4359515023721665,2246.0,21621.0,4535123.0,13782466.143365985,7390.331020303587,95081.86068032826,4607146.046170903,747620.9052317906,0.0155832591273374,0.2680320569902048,0.2702582368655387,0.4554764024933214,1513.0,17201.0,3580360.0,9666860.687376074,11347.350374295202,133297.5646479367,5082669.747405029,461724.03705147153,0.0158625247851949,0.348314606741573,0.4058162590879048,0.3377395902181097,1351.0,10834.0,1240157.0,8115765.141376758,20646.677727354767,166134.6077713869,5440034.278330256,304433.3258328358,0.0214655810510732,0.4108068097705403,0.3974833456698741,0.3412287194670614,2065.0,20132.0,4016836.0,11394129.201937046,23053.8510553317,141509.04214482216,4280391.385392101,549869.189473669,0.0401937046004842,0.3525423728813559,0.2179176755447942,0.4687651331719128,1493.0,10992.0,1292619.0,8126961.158740791,12500.523602173342,160042.01739031373,4873432.352885143,396440.5864328937,0.0087073007367716,0.3985264567983925,0.2987273945077026,0.3945077026121902
2246.0,21621.0,4535123.0,13782466.143365985,7390.331020303587,95081.86068032826,4607146.046170903,747620.9052317906,0.0155832591273374,0.2680320569902048,0.2702582368655387,0.4554764024933214,1513.0,17201.0,3580360.0,9666860.687376074,11347.350374295202,133297.5646479367,5082669.747405029,461724.03705147153,0.0158625247851949,0.348314606741573,0.4058162590879048,0.3377395902181097,1351.0,10834.0,1240157.0,8115765.141376758,20646.677727354767,166134.6077713869,5440034.278330256,304433.3258328358,0.0214655810510732,0.4108068097705403,0.3974833456698741,0.3412287194670614,2065.0,20132.0,4016836.0,11394129.201937046,23053.8510553317,141509.04214482216,4280391.385392101,549869.189473669,0.0401937046004842,0.3525423728813559,0.2179176755447942,0.4687651331719128,1493.0,10992.0,1292619.0,8126961.158740791,12500.523602173342,160042.01739031373,4873432.352885143,396440.5864328937,0.0087073007367716,0.3985264567983925,0.2987273945077026,0.3945077026121902,2020.0,17454.0,2203757.0,8723497.093564356,14856.237142544804,217483.2898230437,3731431.890420713,493976.9994797403,0.0113861386138613,0.3663366336633663,0.2301980198019802,0.4435643564356435
1513.0,17201.0,3580360.0,9666860.687376074,11347.350374295202,133297.5646479367,5082669.747405029,461724.03705147153,0.0158625247851949,0.348314606741573,0.4058162590879048,0.3377395902181097,1351.0,10834.0,1240157.0,8115765.141376758,20646.677727354767,166134.6077713869,5440034.278330256,304433.3258328358,0.0214655810510732,0.4108068097705403,0.3974833456698741,0.3412287194670614,2065.0,20132.0,4016836.0,11394129.201937046,23053.8510553317,141509.04214482216,4280391.385392101,549869.189473669,0.0401937046004842,0.3525423728813559,0.2179176755447942,0.4687651331719128,1493.0,10992.0,1292619.0,8126961.158740791,12500.523602173342,160042.01739031373,4873432.352885143,396440.5864328937,0.0087073007367716,0.3985264567983925,0.2987273945077026,0.3945077026121902,2020.0,17454.0,2203757.0,8723497.093564356,14856.237142544804,217483.2898230437,3731431.890420713,493976.9994797403,0.0113861386138613,0.3663366336633663,0.2301980198019802,0.4435643564356435,1332.0,10263.0,1225627.0,9781880.50900901,27136.90164207412,305540.5002025966,6529936.432127145,269009.8428731427,0.0292792792792792,0.4061561561561561,0.3603603603603603,0.3415915915915916
1351.0,10834.0,1240157.0,8115765.141376758,20646.677727354767,166134.6077713869,5440034.278330256,304433.3258328358,0.0214655810510732,0.4108068097705403,0.3974833456698741,0.3412287194670614,2065.0,20132.0,4016836.0,11394129.201937046,23053.8510553317,141509.04214482216,4280391.385392101,549869.189473669,0.0401937046004842,0.3525423728813559,0.2179176755447942,0.4687651331719128,1493.0,10992.0,1292619.0,8126961.158740791,12500.523602173342,160042.01739031373,4873432.352885143,396440.5864328937,0.0087073007367716,0.3985264567983925,0.2987273945077026,0.3945077026121902,2020.0,17454.0,2203757.0,8723497.093564356,14856.237142544804,217483.2898230437,3731431.890420713,493976.9994797403,0.0113861386138613,0.3663366336633663,0.2301980198019802,0.4435643564356435,1332.0,10263.0,1225627.0,9781880.50900901,27136.90164207412,305540.5002025966,6529936.432127145,269009.8428731427,0.0292792792792792,0.4061561561561561,0.3603603603603603,0.3415915915915916,1487.0,15509.0,1939514.0,11211407.700739743,10289.792764741096,136690.87535912433,4754655.3891482605,603979.1208040332,0.0188298587760591,0.3369199731002018,0.3080026899798251,0.3934095494283793
2065.0,20132.0,4016836.0,11394129.201937046,23053.8510553317,141509.04214482216,4280391.385392101,549869.189473669,0.0401937046004842,0.3525423728813559,0.2179176755447942,0.4687651331719128,1493.0,10992.0,1292619.0,8126961.158740791,12500.523602173342,160042.01739031373,4873432.352885143,396440.5864328937,0.0087073007367716,0.3985264567983925,0.2987273945077026,0.3945077026121902,2020.0,17454.0,2203757.0,8723497.093564356,14856.237142544804,217483.2898230437,3731431.890420713,493976.9994797403,0.0113861386138613,0.3663366336633663,0.2301980198019802,0.4435643564356435,1332.0,10263.0,1225627.0,9781880.50900901,27136.90164207412,305540.5002025966,6529936.432127145,269009.8428731427,0.0292792792792792,0.4061561561561561,0.3603603603603603,0.3415915915915916,1487.0,15509.0,1939514.0,11211407.700739743,10289.792764741096,136690.87535912433,4754655.3891482605,603979.1208040332,0.0188298587760591,0.3369199731002018,0.3080026899798251,0.3934095494283793,1384.0,11363.0,1892637.0,8738118.21965318,14603.979559212394,222007.8968858725,5416059.8847179655,362170.25247683947,0.0216763005780346,0.361271676300578,0.3338150289017341,0.3663294797687861
1493.0,10992.0,1292619.0,8126961.158740791,12500.523602173342,160042.01739031373,4873432.352885143,396440.5864328937,0.0087073007367716,0.3985264567983925,0.2987273945077026,0.3945077026121902,2020.0,17454.0,2203757.0,8723497.093564356,14856.237142544804,217483.2898230437,3731431.890420713,493976.9994797403,0.0113861386138613,0.3663366336633663,0.2301980198019802,0.4435643564356435,1332.0,10263.0,1225627.0,9781880.50900901,27136.90164207412,305540.5002025966,6529936.432127145,269009.8428731427,0.0292792792792792,0.4061561561561561,0.3603603603603603,0.3415915915915916,1487.0,15509.0,1939514.0,11211407.700739743,10289.792764741096,136690.87535912433,4754655.3891482605,603979.1208040332,0.0188298587760591,0.3369199731002018,0.3080026899798251,0.3934095494283793,1384.0,11363.0,1892637.0,8738118.21965318,14603.979559212394,222007.8968858725,5416059.8847179655,362170.25247683947,0.0216763005780346,0.361271676300578,0.3338150289017341,0.3663294797687861,1656.0,16174.0,2154903.0,13113190.236714976,8190.996932807632,81611.80025753699,5295949.57024913,630634.7125064009,0.0380434782608695,0.3164251207729469,0.2995169082125604,0.429951690821256
2020.0,17454.0,2203757.0,8723497.093564356,14856.237142544804,217483.2898230437,3731431.890420713,493976.9994797403,0.0113861386138613,0.3663366336633663,0.2301980198019802,0.4435643564356435,1332.0,10263.0,1225627.0,9781880.50900901,27136.90164207412,305540.5002025966,6529936.432127145,269009.8428731427,0.0292792792792792,0.4061561561561561,0.3603603603603603,0.3415915915915916,1487.0,15509.0,1939514.0,11211407.700739743,10289.792764741096,136690.87535912433,4754655.3891482605,603979.1208040332,0.0188298587760591,0.3369199731002018,0.3080026899798251,0.3934095494283793,1384.0,11363.0,1892637.0,8738118.21965318,14603.979559212394,222007.8968858725,5416059.8847179655,362170.25247683947,0.0216763005780346,0.361271676300578,0.3338150289017341,0.3663294797687861,1656.0,16174.0,2154903.0,13113190.236714976,8190.996932807632,81611.80025753699,5295949.57024913,630634.7125064009,0.0380434782608695,0.3164251207729469,0.2995169082125604,0.429951690821256,1227.0,9554.0,1076743.0,7638883.507742462,16353.698238122328,192081.8459073413,5614054.717582593,291398.7535555375,0.0277098614506927,0.393643031784841,0.3748981255093724,0.3129584352078239
1332.0,10263.0,1225627.0,9781880.50900901,27136.90164207412,305540.5002025966,6529936.432127145,269009.8428731427,0.0292792792792792,0.4061561561561561,0.3603603603603603,0.3415915915915916,1487.0,15509.0,1939514.0,11211407.700739743,10289.792764741096,136690.87535912433,4754655.3891482605,603979.1208040332,0.0188298587760591,0.3369199731002018,0.3080026899798251,0.3934095494283793,1384.0,11363.0,1892637.0,8738118.21965318,14603.979559212394,222007.8968858725,5416059.8847179655,362170.25247683947,0.0216763005780346,0.361271676300578,0.3338150289017341,0.3663294797687861,1656.0,16174.0,2154903.0,13113190.236714976,8190.996932807632,81611.80025753699,5295949.57024913,630634.7125064009,0.0380434782608695,0.3164251207729469,0.2995169082125604,0.429951690821256,1227.0,9554.0,1076743.0,7638883.507742462,16353.698238122328,192081.8459073413,5614054.717582593,291398.7535555375,0.0277098614506927,0.393643031784841,0.3748981255093724,0.3129584352078239,1190.0,11294.0,1044898.0,11433206.461344538,10782.418833679389,99695.06885488424,6951016.850122621,378973.5301114821,0.0243697478991596,0.4092436974789916,0.3739495798319328,0.3294117647058823
1487.0,15509.0,1939514.0,11211407.700739743,10289.792764741096,136690.87535912433,4754655.3891482605,603979.1208040332,0.0188298587760591,0.3369199731002018,0.3080026899798251,0.3934095494283793,1384.0,11363.0,1892637.0,8738118.21965318,14603.979559212394,222007.8968858725,5416059.8847179655,362170.25247683947,0.0216763005780346,0.361271676300578,0.3338150289017341,0.3663294797687861,1656.0,16174.0,2154903.0,13113190.236714976,8190.996932807632,81611.80025753699,5295949.57024913,630634.7125064009,0.0380434782608695,0.3164251207729469,0.2995169082125604,0.429951690821256,1227.0,9554.0,1076743.0,7638883.507742462,16353.698238122328,192081.8459073413,5614054.717582593,291398.7535555375,0.0277098614506927,0.393643031784841,0.3748981255093724,0.3129584352078239,1190.0,11294.0,1044898.0,11433206.461344538,10782.418833679389,99695.06885488424,6951016.850122621,378973.5301114821,0.0243697478991596,0.4092436974789916,0.3739495798319328,0.3294117647058823,1553.0,15558.0,4633497.0,8957316.392788151,14708.52905825972,59028.1716728939,4949062.825367134,397253.9165481491,0.0270444301352221,0.3399871216999356,0.3148744365743722,0.3715389568576948
1384.0,11363.0,1892637.0,8738118.21965318,14603.979559212394,222007.8968858725,5416059.8847179655,362170.25247683947,0.0216763005780346,0.361271676300578,0.3338150289017341,0.3663294797687861,1656.0,16174.0,2154903.0,13113190.236714976,8190.996932807632,81611.80025753699,5295949.57024913,630634.7125064009,0.0380434782608695,0.3164251207729469,0.2995169082125604,0.429951690821256,1227.0,9554.0,1076743.0,7638883.507742462,16353.698238122328,192081.8459073413,5614054.717582593,291398.7535555375,0.0277098614506927,0.393643031784841,0.3748981255093724,0.3129584352078239,1190.0,11294.0,1044898.0,11433206.461344538,10782.418833679389,99695.06885488424,6951016.850122621,378973.5301114821,0.0243697478991596,0.4092436974789916,0.3739495798319328,0.3294117647058823,1553.0,15558.0,4633497.0,8957316.392788151,14708.52905825972,59028.1716728939,4949062.825367134,397253.9165481491,0.0270444301352221,0.3399871216999356,0.3148744365743722,0.3715389568576948,2095.0,21841.0,6239834.0,10609312.339379476,9608.74353445409,279716.5228400633,3752974.838534927,855768.7476806992,0.0190930787589498,0.2634844868735083,0.230071599045346,0.4978520286396181
1656.0,16174.0,2154903.0,13113190.236714976,8190.996932807632,81611.80025753699,5295949.57024913,630634.7125064009,0.0380434782608695,0.3164251207729469,0.2995169082125604,0.429951690821256,1227.0,9554.0,1076743.0,7638883.507742462,16353.698238122328,192081.8459073413,5614054.717582593,291398.7535555375,0.0277098614506927,0.393643031784841,0.3748981255093724,0.3129584352078239,1190.0,11294.0,1044898.0,11433206.461344538,10782.418833679389,99695.06885488424,6951016.850122621,378973.5301114821,0.0243697478991596,0.4092436974789916,0.3739495798319328,0.3294117647058823,1553.0,15558.0,4633497.0,8957316.392788151,14708.52905825972,59028.1716728939,4949062.825367134,397253.9165481491,0.0270444301352221,0.3399871216999356,0.3148744365743722,0.3715389568576948,2095.0,21841.0,6239834.0,10609312.339379476,9608.74353445409,279716.5228400633,3752974.838534927,855768.7476806992,0.0190930787589498,0.2634844868735083,0.230071599045346,0.4978520286396181,1660.0,14899.0,3248694.0,12651299.010240965,6157.301484692748,92059.23671456988,5890637.174363413,683141.1382953366,0.0120481927710843,0.3090361445783132,0.286144578313253,0.4602409638554217
1227.0,9554.0,1076743.0,7638883.507742462,16353.698238122328,192081.8459073413,5614054.717582593,291398.7535555375,0.0277098614506927,0.393643031784841,0.3748981255093724,0.3129584352078239,1190.0,11294.0,1044898.0,11433206.461344538,10782.418833679389,99695.06885488424,6951016.850122621,378973.5301114821,0.0243697478991596,0.4092436974789916,0.3739495798319328,0.3294117647058823,1553.0,15558.0,4633497.0,8957316.392788151,14708.52905825972,59028.1716728939,4949062.825367134,397253.9165481491,0.0270444301352221,0.3399871216999356,0.3148744365743722,0.3715389568576948,2095.0,21841.0,6239834.0,10609312.339379476,9608.74353445409,279716.5228400633,3752974.838534927,855768.7476806992,0.0190930787589498,0.2634844868735083,0.230071599045346,0.4978520286396181,1660.0,14899.0,3248694.0,12651299.010240965,6157.301484692748,92059.23671456988,5890637.174363413,683141.1382953366,0.0120481927710843,0.3090361445783132,0.286144578313253,0.4602409638554217,1477.0,13956.0,1591247.0,11027777.011509815,10418.571760113948,102650.100921821,6133103.459413538,493961.14972379553,0.0250507786052809,0.3683141503046716,0.3392010832769127,0.3933649289099526
1190.0,11294.0,1044898.0,11433206.461344538,10782.418833679389,99695.06885488424,6951016.850122621,378973.5301114821,0.0243697478991596,0.4092436974789916,0.3739495798319328,0.3294117647058823,1553.0,15558.0,4633497.0,8957316.392788151,14708.52905825972,59028.1716728939,4949062.825367134,397253.9165481491,0.0270444301352221,0.3399871216999356,0.3148744365743722,0.3715389568576948,2095.0,21841.0,6239834.0,10609312.339379476,9608.74353445409,279716.5228400633,3752974.838534927,855768.7476806992,0.0190930787589498,0.2634844868735083,0.230071599045346,0.4978520286396181,1660.0,14899.0,3248694.0,12651299.010240965,6157.301484692748,92059.23671456988,5890637.174363413,683141.1382953366,0.0120481927710843,0.3090361445783132,0.286144578313253,0.4602409638554217,1477.0,13956.0,1591247.0,11027777.011509815,10418.571760113948,102650.100921821,6133103.459413538,493961.14972379553,0.0250507786052809,0.3683141503046716,0.3392010832769127,0.3933649289099526,1322.0,9933.0,1075473.0,9116090.39183056,29442.047057579017,189145.6242681691,6553556.941573217,457806.4832146879,0.0537065052950075,0.4531013615733736,0.3555219364599092,0.3245083207261725
1553.0,15558.0,4633497.0,8957316.392788151,14708.52905825972,59028.1716728939,4949062.825367134,397253.9165481491,0.0270444301352221,0.3399871216999356,0.3148744365743722,0.3715389568576948,2095.0,21841.0,6239834.0,10609312.339379476,9608.74353445409,279716.5228400633,3752974.838534927,855768.7476806992,0.0190930787589498,0.2634844868735083,0.230071599045346,0.4978520286396181,1660.0,14899.0,3248694.0,12651299.010240965,6157.301484692748,92059.23671456988,5890637.174363413,683141.1382953366,0.0120481927710843,0.3090361445783132,0.286144578313253,0.4602409638554217,1477.0,13956.0,1591247.0,11027777.011509815,10418.571760113948,102650.100921821,6133103.459413538,493961.14972379553,0.0250507786052809,0.3683141503046716,0.3392010832769127,0.3933649289099526,1322.0,9933.0,1075473.0,9116090.39183056,29442.047057579017,189145.6242681691,6553556.941573217,457806.4832146879,0.0537065052950075,0.4531013615733736,0.3555219364599092,0.3245083207261725,1475.0,15169.0,2487809.0,14100770.047457628,9148.734180462676,56478.74031853542,6773495.190785904,502742.1033198513,0.0223728813559322,0.351864406779661,0.3328813559322034,0.3640677966101694
2095.0,21841.0,6239834.0,10609312.339379476,9608.74353445409,279716.5228400633,3752974.838534927,855768.7476806992,0.0190930787589498,0.2634844868735083,0.230071599045346,0.4978520286396181,1660.0,14899.0,3248694.0,12651299.010240965,6157.301484692748,92059.23671456988,5890637.174363413,683141.1382953366,0.0120481927710843,0.3090361445783132,0.286144578313253,0.4602409638554217,1477.0,13956.0,1591247.0,11027777.011509815,10418.571760113948,102650.100921821,6133103.459413538,493961.14972379553,0.0250507786052809,0.3683141503046716,0.3392010832769127,0.3933649289099526,1322.0,9933.0,1075473.0,9116090.39183056,29442.047057579017,189145.6242681691,6553556.941573217,457806.4832146879,0.0537065052950075,0.4531013615733736,0.3555219364599092,0.3245083207261725,1475.0,15169.0,2487809.0,14100770.047457628,9148.734180462676,56478.74031853542,6773495.190785904,502742.1033198513,0.0223728813559322,0.351864406779661,0.3328813559322034,0.3640677966101694,1457.0,13811.0,3480491.0,9726813.79409746,3489.523378036623,34575.17642286394,5510177.759619433,464651.3187020719,0.0164722031571722,0.3335621139327385,0.3164035689773507,0.3740562800274536
1660.0,14899.0,3248694.0,12651299.010240965,6157.301484692748,92059.23671456988,5890637.174363413,683141.1382953366,0.0120481927710843,0.3090361445783132,0.286144578313253,0.4602409638554217,1477.0,13956.0,1591247.0,11027777.011509815,10418.571760113948,102650.100921821,6133103.459413538,493961.14972379553,0.0250507786052809,0.3683141503046716,0.3392010832769127,0.3933649289099526,1322.0,9933.0,1075473.0,9116090.39183056,29442.047057579017,189145.6242681691,6553556.941573217,457806.4832146879,0.0537065052950075,0.4531013615733736,0.3555219364599092,0.3245083207261725,1475.0,15169.0,2487809.0,14100770.047457628,9148.734180462676,56478.74031853542,6773495.190785904,502742.1033198513,0.0223728813559322,0.351864406779661,0.3328813559322034,0.3640677966101694,1457.0,13811.0,3480491.0,9726813.79409746,3489.523378036623,34575.17642286394,5510177.759619433,464651.3187020719,0.0164722031571722,0.3335621139327385,0.3164035689773507,0.3740562800274536,1311.0,12231.0,1330785.0,8950728.43020595,4491.834102230323,25866.44443195844,5605566.566313363,292513.5754308804,0.0106788710907704,0.3592677345537757,0.3989321128909229,0.3592677345537757
1477.0,13956.0,1591247.0,11027777.011509815,10418.571760113948,102650.100921821,6133103.459413538,493961.14972379553,0.0250507786052809,0.3683141503046716,0.3392010832769127,0.3933649289099526,1322.0,9933.0,1075473.0,9116090.39183056,29442.047057579017,189145.6242681691,6553556.941573217,457806.4832146879,0.0537065052950075,0.4531013615733736,0.3555219364599092,0.3245083207261725,1475.0,15169.0,2487809.0,14100770.047457628,9148.734180462676,56478.74031853542,6773495.190785904,502742.1033198513,0.0223728813559322,0.351864406779661,0.3328813559322034,0.3640677966101694,1457.0,13811.0,3480491.0,9726813.79409746,3489.523378036623,34575.17642286394,5510177.759619433,464651.3187020719,0.0164722031571722,0.3335621139327385,0.3164035689773507,0.3740562800274536,1311.0,12231.0,1330785.0,8950728.43020595,4491.834102230323,25866.44443195844,5605566.566313363,292513.5754308804,0.0106788710907704,0.3592677345537757,0.3989321128909229,0.3592677345537757,1921.0,13516.0,1543271.0,8357011.347214992,19015.957878394216,299209.66332463827,4523712.515095167,335052.629290132,0.0156168662155127,0.4096824570536179,0.2436231129619989,0.418011452368558
1322.0,9933.0,1075473.0,9116090.39183056,29442.047057579017,189145.6242681691,6553556.941573217,457806.4832146879,0.0537065052950075,0.4531013615733736,0.3555219364599092,0.3245083207261725,1475.0,15169.0,2487809.0,14100770.047457628,9148.734180462676,56478.74031853542,6773495.190785904,502742.1033198513,0.0223728813559322,0.351864406779661,0.3328813559322034,0.3640677966101694,1457.0,13811.0,3480491.0,9726813.79409746,3489.523378036623,34575.17642286394,5510177.759619433,464651.3187020719,0.0164722031571722,0.3335621139327385,0.3164035689773507,0.3740562800274536,1311.0,12231.0,1330785.0,8950728.43020595,4491.834102230323,25866.44443195844,5605566.566313363,292513.5754308804,0.0106788710907704,0.3592677345537757,0.3989321128909229,0.3592677345537757,1921.0,13516.0,1543271.0,8357011.347214992,19015.957878394216,299209.66332463827,4523712.515095167,335052.629290132,0.0156168662155127,0.4096824570536179,0.2436231129619989,0.418011452368558,1311.0,13014.0,2154826.0,10692948.534706332,13739.587305354307,195917.01831993315,5331439.127278121,669068.8334624678,0.0289855072463768,0.3638443935926773,0.3768115942028985,0.3745232646834477
1475.0,15169.0,2487809.0,14100770.047457628,9148.734180462676,56478.74031853542,6773495.190785904,502742.1033198513,0.0223728813559322,0.351864406779661,0.3328813559322034,0.3640677966101694,1457.0,13811.0,3480491.0,9726813.79409746,3489.523378036623,34575.17642286394,5510177.759619433,464651.3187020719,0.0164722031571722,0.3335621139327385,0.3164035689773507,0.3740562800274536,1311.0,12231.0,1330785.0,8950728.43020595,4491.834102230323,25866.44443195844,5605566.566313363,292513.5754308804,0.0106788710907704,0.3592677345537757,0.3989321128909229,0.3592677345537757,1921.0,13516.0,1543271.0,8357011.347214992,19015.957878394216,299209.66332463827,4523712.515095167,335052.629290132,0.0156168662155127,0.4096824570536179,0.2436231129619989,0.418011452368558,1311.0,13014.0,2154826.0,10692948.534706332,13739.587305354307,195917.01831993315,5331439.127278121,669068.8334624678,0.0289855072463768,0.3638443935926773,0.3768115942028985,0.3745232646834477,1676.0,14937.0,2171682.0,11657228.38365155,15630.596765364033,363087.00231934816,5220459.402319812,632722.3425926247,0.019689737470167,0.3007159904534606,0.3424821002386635,0.4289976133651551
1457.0,13811.0,3480491.0,9726813.79409746,3489.523378036623,34575.17642286394,5510177.759619433,464651.3187020719,0.0164722031571722,0.3335621139327385,0.3164035689773507,0.3740562800274536,1311.0,12231.0,1330785.0,8950728.43020595,4491.834102230323,25866.44443195844,5605566.566313363,292513.5754308804,0.0106788710907704,0.3592677345537757,0.3989321128909229,0.3592677345537757,1921.0,13516.0,1543271.0,8357011.347214992,19015.957878394216,299209.66332463827,4523712.515095167,335052.629290132,0.0156168662155127,0.4096824570536179,0.2436231129619989,0.418011452368558,1311.0,13014.0,2154826.0,10692948.534706332,13739.587305354307,195917.01831993315,5331439.127278121,669068.8334624678,0.0289855072463768,0.3638443935926773,0.3768115942028985,0.3745232646834477,1676.0,14937.0,2171682.0,11657228.38365155,15630.596765364033,363087.00231934816,5220459.402319812,632722.3425926247,0.019689737470167,0.3007159904534606,0.3424821002386635,0.4289976133651551,2271.0,37588.0,17962854.0,13184651.741083223,15311.628878184414,127166.94475966104,4398240.128639901,677843.457960532,0.0140907089387934,0.2884191985909291,0.2580361074416556,0.4623513870541612
1311.0,12231.0,1330785.0,8950728.43020595,4491.834102230323,25866.44443195844,5605566.566313363,292513.5754308804,0.0106788710907704,0.3592677345537757,0.3989321128909229,0.3592677345537757,1921.0,13516.0,1543271.0,8357011.347214992,19015.957878394216,299209.66332463827,4523712.515095167,335052.629290132,0.0156168662155127,0.4096824570536179,0.2436231129619989,0.418011452368558,1311.0,13014.0,2154826.0,10692948.534706332,13739.587305354307,195917.01831993315,5331439.127278121,669068.8334624678,0.0289855072463768,0.3638443935926773,0.3768115942028985,0.3745232646834477,1676.0,14937.0,2171682.0,11657228.38365155,15630.596765364033,363087.00231934816,5220459.402319812,632722.3425926247,0.019689737470167,0.3007159904534606,0.3424821002386635,0.4289976133651551,2271.0,37588.0,17962854.0,13184651.741083223,15311.628878184414,127166.94475966104,4398240.128639901,677843.457960532,0.0140907089387934,0.2884191985909291,0.2580361074416556,0.4623513870541612,1796.0,21245.0,7330464.0,9386442.409242762,12707.93334838435,107212.83848555536,4781411.406751333,487310.7162711555,0.0211581291759465,0.3385300668151447,0.321826280623608,0.3858574610244988
1921.0,13516.0,1543271.0,8357011.347214992,19015.957878394216,299209.66332463827,4523712.515095167,335052.629290132,0.0156168662155127,0.4096824570536179,0.2436231129619989,0.418011452368558,1311.0,13014.0,2154826.0,10692948.534706332,13739.587305354307,195917.01831993315,5331439.127278121,669068.8334624678,0.0289855072463768,0.3638443935926773,0.3768115942028985,0.3745232646834477,1676.0,14937.0,2171682.0,11657228.38365155,15630.596765364033,363087.00231934816,5220459.402319812,632722.3425926247,0.019689737470167,0.3007159904534606,0.3424821002386635,0.4289976133651551,2271.0,37588.0,17962854.0,13184651.741083223,15311.628878184414,127166.94475966104,4398240.128639901,677843.457960532,0.0140907089387934,0.2884191985909291,0.2580361074416556,0.4623513870541612,1796.0,21245.0,7330464.0,9386442.409242762,12707.93334838435,107212.83848555536,4781411.406751333,487310.7162711555,0.0211581291759465,0.3385300668151447,0.321826280623608,0.3858574610244988,1594.0,22409.0,8678716.0,9644104.893350065,18341.16081473073,165217.83736130106,5953819.311243916,377584.9549105677,0.0401505646173149,0.3851944792973651,0.3958594730238394,0.2904642409033877
1311.0,13014.0,2154826.0,10692948.534706332,13739.587305354307,195917.01831993315,5331439.127278121,669068.8334624678,0.0289855072463768,0.3638443935926773,0.3768115942028985,0.3745232646834477,1676.0,14937.0,2171682.0,11657228.38365155,15630.596765364033,363087.00231934816,5220459.402319812,632722.3425926247,0.019689737470167,0.3007159904534606,0.3424821002386635,0.4289976133651551,2271.0,37588.0,17962854.0,13184651.741083223,15311.628878184414,127166.94475966104,4398240.128639901,677843.457960532,0.0140907089387934,0.2884191985909291,0.2580361074416556,0.4623513870541612,1796.0,21245.0,7330464.0,9386442.409242762,12707.93334838435,107212.83848555536,4781411.406751333,487310.7162711555,0.0211581291759465,0.3385300668151447,0.321826280623608,0.3858574610244988,1594.0,22409.0,8678716.0,9644104.893350065,18341.16081473073,165217.83736130106,5953819.311243916,377584.9549105677,0.0401505646173149,0.3851944792973651,0.3958594730238394,0.2904642409033877,1707.0,15275.0,2549978.0,10273448.402460458,17667.498139842188,139172.35844692148,5897584.022378038,559139.5170748841,0.0257762155828939,0.3298183948447569,0.335676625659051,0.3649677797305213
1676.0,14937.0,2171682.0,11657228.38365155,15630.596765364033,363087.00231934816,5220459.402319812,632722.3425926247,0.019689737470167,0.3007159904534606,0.3424821002386635,0.4289976133651551,2271.0,37588.0,17962854.0,13184651.741083223,15311.628878184414,127166.94475966104,4398240.128639901,677843.457960532,0.0140907089387934,0.2884191985909291,0.2580361074416556,0.4623513870541612,1796.0,21245.0,7330464.0,9386442.409242762,12707.93334838435,107212.83848555536,4781411.406751333,487310.7162711555,0.0211581291759465,0.3385300668151447,0.321826280623608,0.3858574610244988,1594.0,22409.0,8678716.0,9644104.893350065,18341.16081473073,165217.83736130106,5953819.311243916,377584.9549105677,0.0401505646173149,0.3851944792973651,0.3958594730238394,0.2904642409033877,1707.0,15275.0,2549978.0,10273448.402460458,17667.498139842188,139172.35844692148,5897584.022378038,559139.5170748841,0.0257762155828939,0.3298183948447569,0.335676625659051,0.3649677797305213,2875.0,41217.0,20113472.0,16010699.981913043,13602.30748065066,340347.0911220056,3457327.348371009,1105634.4898214506,0.0285217391304347,0.2194782608695652,0.2066086956521739,0.5547826086956522
2271.0,37588.0,17962854.0,13184651.741083223,15311.628878184414,127166.94475966104,4398240.128639901,677843.457960532,0.0140907089387934,0.2884191985909291,0.2580361074416556,0.4623513870541612,1796.0,21245.0,7330464.0,9386442.409242762,12707.93334838435,107212.83848555536,4781411.406751333,487310.7162711555,0.0211581291759465,0.3385300668151447,0.321826280623608,0.3858574610244988,1594.0,22409.0,8678716.0,9644104.893350065,18341.16081473073,165217.83736130106,5953819.311243916,377584.9549105677,0.0401505646173149,0.3851944792973651,0.3958594730238394,0.2904642409033877,1707.0,15275.0,2549978.0,10273448.402460458,17667.498139842188,139172.35844692148,5897584.022378038,559139.5170748841,0.0257762155828939,0.3298183948447569,0.335676625659051,0.3649677797305213,2875.0,41217.0,20113472.0,16010699.981913043,13602.30748065066,340347.0911220056,3457327.348371009,1105634.4898214506,0.0285217391304347,0.2194782608695652,0.2066086956521739,0.5547826086956522,1635.0,17955.0,4824258.0,12059417.03853211,4524.345338213911,29945.671760852307,6384241.319353957,535151.7732037563,0.0091743119266055,0.3186544342507645,0.381651376146789,0.3785932721712538
1796.0,21245.0,7330464.0,9386442.409242762,12707.93334838435,107212.83848555536,4781411.406751333,487310.7162711555,0.0211581291759465,0.3385300668151447,0.321826280623608,0.3858574610244988,1594.0,22409.0,8678716.0,9644104.893350065,18341.16081473073,165217.83736130106,5953819.311243916,377584.9549105677,0.0401505646173149,0.3851944792973651,0.3958594730238394,0.2904642409033877,1707.0,15275.0,2549978.0,10273448.402460458,17667.498139842188,139172.35844692148,5897584.022378038,559139.5170748841,0.0257762155828939,0.3298183948447569,0.335676625659051,0.3649677797305213,2875.0,41217.0,20113472.0,16010699.981913043,13602.30748065066,340347.0911220056,3457327.348371009,1105634.4898214506,0.0285217391304347,0.2194782608695652,0.2066086956521739,0.5547826086956522,1635.0,17955.0,4824258.0,12059417.03853211,4524.345338213911,29945.671760852307,6384241.319353957,535151.7732037563,0.0091743119266055,0.3186544342507645,0.381651376146789,0.3785932721712538,1839.0,27937.0,11475011.0,14944408.621533442,14325.191011107596,36760.70820204157,5304081.300863747,1060681.7234506917,0.022294725394236,0.3469276780859162,0.3306144643828168,0.4138118542686242
1594.0,22409.0,8678716.0,9644104.893350065,18341.16081473073,165217.83736130106,5953819.311243916,377584.9549105677,0.0401505646173149,0.3851944792973651,0.3958594730238394,0.2904642409033877,1707.0,15275.0,2549978.0,10273448.402460458,17667.498139842188,139172.35844692148,5897584.022378038,559139.5170748841,0.0257762155828939,0.3298183948447569,0.335676625659051,0.3649677797305213,2875.0,41217.0,20113472.0,16010699.981913043,13602.30748065066,340347.0911220056,3457327.348371009,1105634.4898214506,0.0285217391304347,0.2194782608695652,0.2066086956521739,0.5547826086956522,1635.0,17955.0,4824258.0,12059417.03853211,4524.345338213911,29945.671760852307,6384241.319353957,535151.7732037563,0.0091743119266055,0.3186544342507645,0.381651376146789,0.3785932721712538,1839.0,27937.0,11475011.0,14944408.621533442,14325.191011107596,36760.70820204157,5304081.300863747,1060681.7234506917,0.022294725394236,0.3469276780859162,0.3306144643828168,0.4138118542686242,1829.0,18547.0,5207233.0,9496081.78622198,60327.76471184577,323022.721884081,4790075.17271714,388917.4030407868,0.0852925095680699,0.4565336249316566,0.3034445051940951,0.3553854565336249
1707.0,15275.0,2549978.0,10273448.402460458,17667.498139842188,139172.35844692148,5897584.022378038,559139.5170748841,0.0257762155828939,0.3298183948447569,0.335676625659051,0.3649677797305213,2875.0,41217.0,20113472.0,16010699.981913043,13602.30748065066,340347.0911220056,3457327.348371009,1105634.4898214506,0.0285217391304347,0.2194782608695652,0.2066086956521739,0.5547826086956522,1635.0,17955.0,4824258.0,12059417.03853211,4524.345338213911,29945.671760852307,6384241.319353957,535151.7732037563,0.0091743119266055,0.3186544342507645,0.381651376146789,0.3785932721712538,1839.0,27937.0,11475011.0,14944408.621533442,14325.191011107596,36760.70820204157,5304081.300863747,1060681.7234506917,0.022294725394236,0.3469276780859162,0.3306144643828168,0.4138118542686242,1829.0,18547.0,5207233.0,9496081.78622198,60327.76471184577,323022.721884081,4790075.17271714,388917.4030407868,0.0852925095680699,0.4565336249316566,0.3034445051940951,0.3553854565336249,1663.0,18460.0,5057931.0,13665677.868310282,11996.535104707886,70924.81024209701,6188922.755460506,627052.52654097,0.0306674684305472,0.3409500901984366,0.3499699338544798,0.3902585688514732
2875.0,41217.0,20113472.0,16010699.981913043,13602.30748065066,340347.0911220056,3457327.348371009,1105634.4898214506,0.0285217391304347,0.2194782608695652,0.2066086956521739,0.5547826086956522,1635.0,17955.0,4824258.0,12059417.03853211,4524.345338213911,29945.671760852307,6384241.319353957,535151.7732037563,0.0091743119266055,0.3186544342507645,0.381651376146789,0.3785932721712538,1839.0,27937.0,11475011.0,14944408.621533442,14325.191011107596,36760.70820204157,5304081.300863747,1060681.7234506917,0.022294725394236,0.3469276780859162,0.3306144643828168,0.4138118542686242,1829.0,18547.0,5207233.0,9496081.78622198,60327.76471184577,323022.721884081,4790075.17271714,388917.4030407868,0.0852925095680699,0.4565336249316566,0.3034445051940951,0.3553854565336249,1663.0,18460.0,5057931.0,13665677.868310282,11996.535104707886,70924.81024209701,6188922.755460506,627052.52654097,0.0306674684305472,0.3409500901984366,0.3499699338544798,0.3902585688514732,2662.0,31659.0,9086542.0,14221538.36701728,12064.709691460925,112737.90273472192,3688830.923654239,866792.4979908736,0.026671675432006,0.2355371900826446,0.2257700976709241,0.5522163786626596
1635.0,17955.0,4824258.0,12059417.03853211,4524.345338213911,29945.671760852307,6384241.319353957,535151.7732037563,0.0091743119266055,0.3186544342507645,0.381651376146789,0.3785932721712538,1839.0,27937.0,11475011.0,14944408.621533442,14325.191011107596,36760.70820204157,5304081.300863747,1060681.7234506917,0.022294725394236,0.3469276780859162,0.3306144643828168,0.4138118542686242,1829.0,18547.0,5207233.0,9496081.78622198,60327.76471184577,323022.721884081,4790075.17271714,388917.4030407868,0.0852925095680699,0.4565336249316566,0.3034445051940951,0.3553854565336249,1663.0,18460.0,5057931.0,13665677.868310282,11996.535104707886,70924.81024209701,6188922.755460506,627052.52654097,0.0306674684305472,0.3409500901984366,0.3499699338544798,0.3902585688514732,2662.0,31659.0,9086542.0,14221538.36701728,12064.709691460925,112737.90273472192,3688830.923654239,866792.4979908736,0.026671675432006,0.2355371900826446,0.2257700976709241,0.5522163786626596,2068.0,30585.0,14205692.0,11450525.25096712,19481.95251451676,228486.1505728204,4396549.553774981,610284.1456721743,0.0236943907156673,0.344294003868472,0.2645067698259187,0.4608317214700193
1839.0,27937.0,11475011.0,14944408.621533442,14325.191011107596,36760.70820204157,5304081.300863747,1060681.7234506917,0.022294725394236,0.3469276780859162,0.3306144643828168,0.4138118542686242,1829.0,18547.0,5207233.0,9496081.78622198,60327.76471184577,323022.721884081,4790075.17271714,388917.4030407868,0.0852925095680699,0.4565336249316566,0.3034445051940951,0.3553854565336249,1663.0,18460.0,5057931.0,13665677.868310282,11996.535104707886,70924.81024209701,6188922.755460506,627052.52654097,0.0306674684305472,0.3409500901984366,0.3499699338544798,0.3902585688514732,2662.0,31659.0,9086542.0,14221538.36701728,12064.709691460925,112737.90273472192,3688830.923654239,866792.4979908736,0.026671675432006,0.2355371900826446,0.2257700976709241,0.5522163786626596,2068.0,30585.0,14205692.0,11450525.25096712,19481.95251451676,228486.1505728204,4396549.553774981,610284.1456721743,0.0236943907156673,0.344294003868472,0.2645067698259187,0.4608317214700193,1861.0,15828.0,2655281.0,12877509.959161742,24395.62151734022,188381.45846601808,5672660.652674051,771340.347373173,0.0397635679742074,0.3960236432025792,0.2702847931219774,0.4223535733476625
1829.0,18547.0,5207233.0,9496081.78622198,60327.76471184577,323022.721884081,4790075.17271714,388917.4030407868,0.0852925095680699,0.4565336249316566,0.3034445051940951,0.3553854565336249,1663.0,18460.0,5057931.0,13665677.868310282,11996.535104707886,70924.81024209701,6188922.755460506,627052.52654097,0.0306674684305472,0.3409500901984366,0.3499699338544798,0.3902585688514732,2662.0,31659.0,9086542.0,14221538.36701728,12064.709691460925,112737.90273472192,3688830.923654239,866792.4979908736,0.026671675432006,0.2355371900826446,0.2257700976709241,0.5522163786626596,2068.0,30585.0,14205692.0,11450525.25096712,19481.95251451676,228486.1505728204,4396549.553774981,610284.1456721743,0.0236943907156673,0.344294003868472,0.2645067698259187,0.4608317214700193,1861.0,15828.0,2655281.0,12877509.959161742,24395.62151734022,188381.45846601808,5672660.652674051,771340.347373173,0.0397635679742074,0.3960236432025792,0.2702847931219774,0.4223535733476625,2442.0,31524.0,12707051.0,10069596.499181,23147.708651478213,180239.7556689072,3630610.9450790575,544522.2773144054,0.0417690417690417,0.3804258804258804,0.2534807534807535,0.4316134316134316
1663.0,18460.0,5057931.0,13665677.868310282,11996.535104707886,70924.81024209701,6188922.755460506,627052.52654097,0.0306674684305472,0.3409500901984366,0.3499699338544798,0.3902585688514732,2662.0,31659.0,9086542.0,14221538.36701728,12064.709691460925,112737.90273472192,3688830.923654239,866792.4979908736,0.026671675432006,0.2355371900826446,0.2257700976709241,0.5522163786626596,2068.0,30585.0,14205692.0,11450525.25096712,19481.95251451676,228486.1505728204,4396549.553774981,610284.1456721743,0.0236943907156673,0.344294003868472,0.2645067698259187,0.4608317214700193,1861.0,15828.0,2655281.0,12877509.959161742,24395.62151734022,188381.45846601808,5672660.652674051,771340.347373173,0.0397635679742074,0.3960236432025792,0.2702847931219774,0.4223535733476625,2442.0,31524.0,12707051.0,10069596.499181,23147.708651478213,180239.7556689072,3630610.9450790575,544522.2773144054,0.0417690417690417,0.3804258804258804,0.2534807534807535,0.4316134316134316,2625.0,35353.0,17882857.0,12685457.99504762,13476.97549886597,134807.1298935833,3606573.642846934,760924.0645787545,0.0255238095238095,0.2811428571428571,0.2209523809523809,0.5398095238095239
2662.0,31659.0,9086542.0,14221538.36701728,12064.709691460925,112737.90273472192,3688830.923654239,866792.4979908736,0.026671675432006,0.2355371900826446,0.2257700976709241,0.5522163786626596,2068.0,30585.0,14205692.0,11450525.25096712,19481.95251451676,228486.1505728204,4396549.553774981,610284.1456721743,0.0236943907156673,0.344294003868472,0.2645067698259187,0.4608317214700193,1861.0,15828.0,2655281.0,12877509.959161742,24395.62151734022,188381.45846601808,5672660.652674051,771340.347373173,0.0397635679742074,0.3960236432025792,0.2702847931219774,0.4223535733476625,2442.0,31524.0,12707051.0,10069596.499181,23147.708651478213,180239.7556689072,3630610.9450790575,544522.2773144054,0.0417690417690417,0.3804258804258804,0.2534807534807535,0.4316134316134316,2625.0,35353.0,17882857.0,12685457.99504762,13476.97549886597,134807.1298935833,3606573.642846934,760924.0645787545,0.0255238095238095,0.2811428571428571,0.2209523809523809,0.5398095238095239,2209.0,30657.0,14066561.0,13331700.49932096,17806.96229104527,222132.7279324904,4696971.419449682,734104.1794540717,0.0258035310095065,0.3110004526935265,0.2494341330918968,0.5065640561339972
2068.0,30585.0,14205692.0,11450525.25096712,19481.95251451676,228486.1505728204,4396549.553774981,610284.1456721743,0.0236943907156673,0.344294003868472,0.2645067698259187,0.4608317214700193,1861.0,15828.0,2655281.0,12877509.959161742,24395.62151734022,188381.45846601808,5672660.652674051,771340.347373173,0.0397635679742074,0.3960236432025792,0.2702847931219774,0.4223535733476625,2442.0,31524.0,12707051.0,10069596.499181,23147.708651478213,180239.7556689072,3630610.9450790575,544522.2773144054,0.0417690417690417,0.3804258804258804,0.2534807534807535,0.4316134316134316,2625.0,35353.0,17882857.0,12685457.99504762,13476.97549886597,134807.1298935833,3606573.642846934,760924.0645787545,0.0255238095238095,0.2811428571428571,0.2209523809523809,0.5398095238095239,2209.0,30657.0,14066561.0,13331700.49932096,17806.96229104527,222132.7279324904,4696971.419449682,734104.1794540717,0.0258035310095065,0.3110004526935265,0.2494341330918968,0.5065640561339972,2559.0,56628.0,38740017.0,12952253.474013286,15297.13316445244,203577.5438308904,3461960.6364140417,849358.7532196537,0.0254005470887065,0.2833137944509574,0.2325127002735443,0.5345838218053928
1861.0,15828.0,2655281.0,12877509.959161742,24395.62151734022,188381.45846601808,5672660.652674051,771340.347373173,0.0397635679742074,0.3960236432025792,0.2702847931219774,0.4223535733476625,2442.0,31524.0,12707051.0,10069596.499181,23147.708651478213,180239.7556689072,3630610.9450790575,544522.2773144054,0.0417690417690417,0.3804258804258804,0.2534807534807535,0.4316134316134316,2625.0,35353.0,17882857.0,12685457.99504762,13476.97549886597,134807.1298935833,3606573.642846934,760924.0645787545,0.0255238095238095,0.2811428571428571,0.2209523809523809,0.5398095238095239,2209.0,30657.0,14066561.0,13331700.49932096,17806.96229104527,222132.7279324904,4696971.419449682,734104.1794540717,0.0258035310095065,0.3110004526935265,0.2494341330918968,0.5065640561339972,2559.0,56628.0,38740017.0,12952253.474013286,15297.13316445244,203577.5438308904,3461960.6364140417,849358.7532196537,0.0254005470887065,0.2833137944509574,0.2325127002735443,0.5345838218053928,1791.0,24813.0,11478179.0,11066168.88442211,26692.8635380132,182486.72601915823,5103799.012830098,605215.4665851335,0.0413176996091569,0.3729759910664433,0.3255164712451144,0.4198771635957565
2442.0,31524.0,12707051.0,10069596.499181,23147.708651478213,180239.7556689072,3630610.9450790575,544522.2773144054,0.0417690417690417,0.3804258804258804,0.2534807534807535,0.4316134316134316,2625.0,35353.0,17882857.0,12685457.99504762,13476.97549886597,134807.1298935833,3606573.642846934,760924.0645787545,0.0255238095238095,0.2811428571428571,0.2209523809523809,0.5398095238095239,2209.0,30657.0,14066561.0,13331700.49932096,17806.96229104527,222132.7279324904,4696971.419449682,734104.1794540717,0.0258035310095065,0.3110004526935265,0.2494341330918968,0.5065640561339972,2559.0,56628.0,38740017.0,12952253.474013286,15297.13316445244,203577.5438308904,3461960.6364140417,849358.7532196537,0.0254005470887065,0.2833137944509574,0.2325127002735443,0.5345838218053928,1791.0,24813.0,11478179.0,11066168.88442211,26692.8635380132,182486.72601915823,5103799.012830098,605215.4665851335,0.0413176996091569,0.3729759910664433,0.3255164712451144,0.4198771635957565,2094.0,27098.0,14675556.0,11166675.382999046,30708.73307114184,316728.2634590796,4714530.245130554,573156.5012544533,0.049665711556829,0.3271251193887297,0.2650429799426934,0.4909264565425024
2625.0,35353.0,17882857.0,12685457.99504762,13476.97549886597,134807.1298935833,3606573.642846934,760924.0645787545,0.0255238095238095,0.2811428571428571,0.2209523809523809,0.5398095238095239,2209.0,30657.0,14066561.0,13331700.49932096,17806.96229104527,222132.7279324904,4696971.419449682,734104.1794540717,0.0258035310095065,0.3110004526935265,0.2494341330918968,0.5065640561339972,2559.0,56628.0,38740017.0,12952253.474013286,15297.13316445244,203577.5438308904,3461960.6364140417,849358.7532196537,0.0254005470887065,0.2833137944509574,0.2325127002735443,0.5345838218053928,1791.0,24813.0,11478179.0,11066168.88442211,26692.8635380132,182486.72601915823,5103799.012830098,605215.4665851335,0.0413176996091569,0.3729759910664433,0.3255164712451144,0.4198771635957565,2094.0,27098.0,14675556.0,11166675.382999046,30708.73307114184,316728.2634590796,4714530.245130554,573156.5012544533,0.049665711556829,0.3271251193887297,0.2650429799426934,0.4909264565425024,2204.0,31505.0,14179275.0,11684128.348911071,24507.30015273656,212325.03695146064,3948857.7149198535,621363.9580678985,0.0517241379310344,0.3253176043557169,0.2572595281306715,0.469600725952813
2209.0,30657.0,14066561.0,13331700.49932096,17806.96229104527,222132.7279324904,4696971.419449682,734104.1794540717,0.0258035310095065,0.3110004526935265,0.2494341330918968,0.5065640561339972,2559.0,56628.0,38740017.0,12952253.474013286,15297.13316445244,203577.5438308904,3461960.6364140417,849358.7532196537,0.0254005470887065,0.2833137944509574,0.2325127002735443,0.5345838218053928,1791.0,24813.0,11478179.0,11066168.88442211,26692.8635380132,182486.72601915823,5103799.012830098,605215.4665851335,0.0413176996091569,0.3729759910664433,0.3255164712451144,0.4198771635957565,2094.0,27098.0,14675556.0,11166675.382999046,30708.73307114184,316728.2634590796,4714530.245130554,573156.5012544533,0.049665711556829,0.3271251193887297,0.2650429799426934,0.4909264565425024,2204.0,31505.0,14179275.0,11684128.348911071,24507.30015273656,212325.03695146064,3948857.7149198535,621363.9580678985,0.0517241379310344,0.3253176043557169,0.2572595281306715,0.469600725952813,1938.0,24316.0,12266514.0,11514977.323529411,20150.52434731558,198020.94804256465,5057510.9812955,526363.4973219215,0.0392156862745098,0.3390092879256965,0.2734778121775025,0.4504643962848297
2559.0,56628.0,38740017.0,12952253.474013286,15297.13316445244,203577.5438308904,3461960.6364140417,849358.7532196537,0.0254005470887065,0.2833137944509574,0.2325127002735443,0.5345838218053928,1791.0,24813.0,11478179.0,11066168.88442211,26692.8635380132,182486.72601915823,5103799.012830098,605215.4665851335,0.0413176996091569,0.3729759910664433,0.3255164712451144,0.4198771635957565,2094.0,27098.0,14675556.0,11166675.382999046,30708.73307114184,316728.2634590796,4714530.245130554,573156.5012544533,0.049665711556829,0.3271251193887297,0.2650429799426934,0.4909264565425024,2204.0,31505.0,14179275.0,11684128.348911071,24507.30015273656,212325.03695146064,3948857.7149198535,621363.9580678985,0.0517241379310344,0.3253176043557169,0.2572595281306715,0.469600725952813,1938.0,24316.0,12266514.0,11514977.323529411,20150.52434731558,198020.94804256465,5057510.9812955,526363.4973219215,0.0392156862745098,0.3390092879256965,0.2734778121775025,0.4504643962848297,2761.0,35924.0,14990874.0,14440984.806954002,20802.319792696177,312280.67843021447,3767308.783224239,1050447.9130668454,0.0322346975733429,0.2872147772546179,0.1915972473741398,0.4987323433538573
1791.0,24813.0,11478179.0,11066168.88442211,26692.8635380132,182486.72601915823,5103799.012830098,605215.4665851335,0.0413176996091569,0.3729759910664433,0.3255164712451144,0.4198771635957565,2094.0,27098.0,14675556.0,11166675.382999046,30708.73307114184,316728.2634590796,4714530.245130554,573156.5012544533,0.049665711556829,0.3271251193887297,0.2650429799426934,0.4909264565425024,2204.0,31505.0,14179275.0,11684128.348911071,24507.30015273656,212325.03695146064,3948857.7149198535,621363.9580678985,0.0517241379310344,0.3253176043557169,0.2572595281306715,0.469600725952813,1938.0,24316.0,12266514.0,11514977.323529411,20150.52434731558,198020.94804256465,5057510.9812955,526363.4973219215,0.0392156862745098,0.3390092879256965,0.2734778121775025,0.4504643962848297,2761.0,35924.0,14990874.0,14440984.806954002,20802.319792696177,312280.67843021447,3767308.783224239,1050447.9130668454,0.0322346975733429,0.2872147772546179,0.1915972473741398,0.4987323433538573,1782.0,22931.0,11093335.0,10544782.335016835,17319.304062517007,105512.66047534705,4134771.9635240766,755545.3831450308,0.0342312008978675,0.3613916947250281,0.2940516273849607,0.4124579124579124
2094.0,27098.0,14675556.0,11166675.382999046,30708.73307114184,316728.2634590796,4714530.245130554,573156.5012544533,0.049665711556829,0.3271251193887297,0.2650429799426934,0.4909264565425024,2204.0,31505.0,14179275.0,11684128.348911071,24507.30015273656,212325.03695146064,3948857.7149198535,621363.9580678985,0.0517241379310344,0.3253176043557169,0.2572595281306715,0.469600725952813,1938.0,24316.0,12266514.0,11514977.323529411,20150.52434731558,198020.94804256465,5057510.9812955,526363.4973219215,0.0392156862745098,0.3390092879256965,0.2734778121775025,0.4504643962848297,2761.0,35924.0,14990874.0,14440984.806954002,20802.319792696177,312280.67843021447,3767308.783224239,1050447.9130668454,0.0322346975733429,0.2872147772546179,0.1915972473741398,0.4987323433538573,1782.0,22931.0,11093335.0,10544782.335016835,17319.304062517007,105512.66047534705,4134771.9635240766,755545.3831450308,0.0342312008978675,0.3613916947250281,0.2940516273849607,0.4124579124579124,2046.0,36759.0,20988957.0,13512403.074780058,29232.91428645793,326831.1034512589,4850393.359371461,709415.1141660333,0.0391006842619745,0.3470185728250244,0.2556207233626588,0.4613880742913001
2204.0,31505.0,14179275.0,11684128.348911071,24507.30015273656,212325.03695146064,3948857.7149198535,621363.9580678985,0.0517241379310344,0.3253176043557169,0.2572595281306715,0.469600725952813,1938.0,24316.0,12266514.0,11514977.323529411,20150.52434731558,198020.94804256465,5057510.9812955,526363.4973219215,0.0392156862745098,0.3390092879256965,0.2734778121775025,0.4504643962848297,2761.0,35924.0,14990874.0,14440984.806954002,20802.319792696177,312280.67843021447,3767308.783224239,1050447.9130668454,0.0322346975733429,0.2872147772546179,0.1915972473741398,0.4987323433538573,1782.0,22931.0,11093335.0,10544782.335016835,17319.304062517007,105512.66047534705,4134771.9635240766,755545.3831450308,0.0342312008978675,0.3613916947250281,0.2940516273849607,0.4124579124579124,2046.0,36759.0,20988957.0,13512403.074780058,29232.91428645793,326831.1034512589,4850393.359371461,709415.1141660333,0.0391006842619745,0.3470185728250244,0.2556207233626588,0.4613880742913001,2038.0,27096.0,13482740.0,13061012.027968597,26934.332414964145,362044.0359221467,4324451.793924461,713988.5815334519,0.0461236506378802,0.3189401373895976,0.2649656526005888,0.4916584887144259
1938.0,24316.0,12266514.0,11514977.323529411,20150.52434731558,198020.94804256465,5057510.9812955,526363.4973219215,0.0392156862745098,0.3390092879256965,0.2734778121775025,0.4504643962848297,2761.0,35924.0,14990874.0,14440984.806954002,20802.319792696177,312280.67843021447,3767308.783224239,1050447.9130668454,0.0322346975733429,0.2872147772546179,0.1915972473741398,0.4987323433538573,1782.0,22931.0,11093335.0,10544782.335016835,17319.304062517007,105512.66047534705,4134771.9635240766,755545.3831450308,0.0342312008978675,0.3613916947250281,0.2940516273849607,0.4124579124579124,2046.0,36759.0,20988957.0,13512403.074780058,29232.91428645793,326831.1034512589,4850393.359371461,709415.1141660333,0.0391006842619745,0.3470185728250244,0.2556207233626588,0.4613880742913001,2038.0,27096.0,13482740.0,13061012.027968597,26934.332414964145,362044.0359221467,4324451.793924461,713988.5815334519,0.0461236506378802,0.3189401373895976,0.2649656526005888,0.4916584887144259,1895.0,26677.0,11678558.0,11771847.868601585,20018.238784191144,210846.01627688488,4110089.316264657,718433.742531927,0.0316622691292876,0.3218997361477572,0.2912928759894459,0.4474934036939314
2761.0,35924.0,14990874.0,14440984.806954002,20802.319792696177,312280.67843021447,3767308.783224239,1050447.9130668454,0.0322346975733429,0.2872147772546179,0.1915972473741398,0.4987323433538573,1782.0,22931.0,11093335.0,10544782.335016835,17319.304062517007,105512.66047534705,4134771.9635240766,755545.3831450308,0.0342312008978675,0.3613916947250281,0.2940516273849607,0.4124579124579124,2046.0,36759.0,20988957.0,13512403.074780058,29232.91428645793,326831.1034512589,4850393.359371461,709415.1141660333,0.0391006842619745,0.3470185728250244,0.2556207233626588,0.4613880742913001,2038.0,27096.0,13482740.0,13061012.027968597,26934.332414964145,362044.0359221467,4324451.793924461,713988.5815334519,0.0461236506378802,0.3189401373895976,0.2649656526005888,0.4916584887144259,1895.0,26677.0,11678558.0,11771847.868601585,20018.238784191144,210846.01627688488,4110089.316264657,718433.742531927,0.0316622691292876,0.3218997361477572,0.2912928759894459,0.4474934036939314,1996.0,24912.0,11636883.0,13682032.31513026,24200.84758142457,205107.248376994,4648166.631534971,824530.0732010037,0.0546092184368737,0.3502004008016032,0.2715430861723447,0.439879759519038
1782.0,22931.0,11093335.0,10544782.335016835,17319.304062517007,105512.66047534705,4134771.9635240766,755545.3831450308,0.0342312008978675,0.3613916947250281,0.2940516273849607,0.4124579124579124,2046.0,36759.0,20988957.0,13512403.074780058,29232.91428645793,326831.1034512589,4850393.359371461,709415.1141660333,0.0391006842619745,0.3470185728250244,0.2556207233626588,0.4613880742913001,2038.0,27096.0,13482740.0,13061012.027968597,26934.332414964145,362044.0359221467,4324451.793924461,713988.5815334519,0.0461236506378802,0.3189401373895976,0.2649656526005888,0.4916584887144259,1895.0,26677.0,11678558.0,11771847.868601585,20018.238784191144,210846.01627688488,4110089.316264657,718433.742531927,0.0316622691292876,0.3218997361477572,0.2912928759894459,0.4474934036939314,1996.0,24912.0,11636883.0,13682032.31513026,24200.84758142457,205107.248376994,4648166.631534971,824530.0732010037,0.0546092184368737,0.3502004008016032,0.2715430861723447,0.439879759519038,2470.0,42308.0,22907640.0,13310703.386639675,16582.810351352302,158739.62558847092,3287338.1281751464,881330.9493836664,0.0299595141700404,0.2655870445344129,0.2307692307692307,0.5412955465587045
2046.0,36759.0,20988957.0,13512403.074780058,29232.91428645793,326831.1034512589,4850393.359371461,709415.1141660333,0.0391006842619745,0.3470185728250244,0.2556207233626588,0.4613880742913001,2038.0,27096.0,13482740.0,13061012.027968597,26934.332414964145,362044.0359221467,4324451.793924461,713988.5815334519,0.0461236506378802,0.3189401373895976,0.2649656526005888,0.4916584887144259,1895.0,26677.0,11678558.0,11771847.868601585,20018.238784191144,210846.01627688488,4110089.316264657,718433.742531927,0.0316622691292876,0.3218997361477572,0.2912928759894459,0.4474934036939314,1996.0,24912.0,11636883.0,13682032.31513026,24200.84758142457,205107.248376994,4648166.631534971,824530.0732010037,0.0546092184368737,0.3502004008016032,0.2715430861723447,0.439879759519038,2470.0,42308.0,22907640.0,13310703.386639675,16582.810351352302,158739.62558847092,3287338.1281751464,881330.9493836664,0.0299595141700404,0.2655870445344129,0.2307692307692307,0.5412955465587045,2121.0,25809.0,11643468.0,11506961.519094769,22133.41237402061,278610.63800514553,3709181.3713606647,621990.3363410358,0.048090523338048,0.3371051390853371,0.2512965582272513,0.4691183404054691
2038.0,27096.0,13482740.0,13061012.027968597,26934.332414964145,362044.0359221467,4324451.793924461,713988.5815334519,0.0461236506378802,0.3189401373895976,0.2649656526005888,0.4916584887144259,1895.0,26677.0,11678558.0,11771847.868601585,20018.238784191144,210846.01627688488,4110089.316264657,718433.742531927,0.0316622691292876,0.3218997361477572,0.2912928759894459,0.4474934036939314,1996.0,24912.0,11636883.0,13682032.31513026,24200.84758142457,205107.248376994,4648166.631534971,824530.0732010037,0.0546092184368737,0.3502004008016032,0.2715430861723447,0.439879759519038,2470.0,42308.0,22907640.0,13310703.386639675,16582.810351352302,158739.62558847092,3287338.1281751464,881330.9493836664,0.0299595141700404,0.2655870445344129,0.2307692307692307,0.5412955465587045,2121.0,25809.0,11643468.0,11506961.519094769,22133.41237402061,278610.63800514553,3709181.3713606647,621990.3363410358,0.048090523338048,0.3371051390853371,0.2512965582272513,0.4691183404054691,2352.0,28711.0,13672570.0,9143450.62159864,34552.615649529456,364839.55190959136,3960235.083984421,423864.1838021365,0.0378401360544217,0.4043367346938775,0.2334183673469387,0.4460034013605442
1895.0,26677.0,11678558.0,11771847.868601585,20018.238784191144,210846.01627688488,4110089.316264657,718433.742531927,0.0316622691292876,0.3218997361477572,0.2912928759894459,0.4474934036939314,1996.0,24912.0,11636883.0,13682032.31513026,24200.84758142457,205107.248376994,4648166.631534971,824530.0732010037,0.0546092184368737,0.3502004008016032,0.2715430861723447,0.439879759519038,2470.0,42308.0,22907640.0,13310703.386639675,16582.810351352302,158739.62558847092,3287338.1281751464,881330.9493836664,0.0299595141700404,0.2655870445344129,0.2307692307692307,0.5412955465587045,2121.0,25809.0,11643468.0,11506961.519094769,22133.41237402061,278610.63800514553,3709181.3713606647,621990.3363410358,0.048090523338048,0.3371051390853371,0.2512965582272513,0.4691183404054691,2352.0,28711.0,13672570.0,9143450.62159864,34552.615649529456,364839.55190959136,3960235.083984421,423864.1838021365,0.0378401360544217,0.4043367346938775,0.2334183673469387,0.4460034013605442,1863.0,24724.0,11815426.0,11982258.161567364,35774.13192121632,362844.7584339351,4065217.626927096,730532.0408231462,0.0633387010198604,0.3639291465378422,0.3022007514761138,0.4358561460010735
1996.0,24912.0,11636883.0,13682032.31513026,24200.84758142457,205107.248376994,4648166.631534971,824530.0732010037,0.0546092184368737,0.3502004008016032,0.2715430861723447,0.439879759519038,2470.0,42308.0,22907640.0,13310703.386639675,16582.810351352302,158739.62558847092,3287338.1281751464,881330.9493836664,0.0299595141700404,0.2655870445344129,0.2307692307692307,0.5412955465587045,2121.0,25809.0,11643468.0,11506961.519094769,22133.41237402061,278610.63800514553,3709181.3713606647,621990.3363410358,0.048090523338048,0.3371051390853371,0.2512965582272513,0.4691183404054691,2352.0,28711.0,13672570.0,9143450.62159864,34552.615649529456,364839.55190959136,3960235.083984421,423864.1838021365,0.0378401360544217,0.4043367346938775,0.2334183673469387,0.4460034013605442,1863.0,24724.0,11815426.0,11982258.161567364,35774.13192121632,362844.7584339351,4065217.626927096,730532.0408231462,0.0633387010198604,0.3639291465378422,0.3022007514761138,0.4358561460010735,1954.0,26732.0,12517776.0,11619016.848004092,24359.515950108787,228052.8867041437,4204106.601995716,660929.9762401037,0.0301944728761514,0.356704196519959,0.2712384851586489,0.4467758444216991
2470.0,42308.0,22907640.0,13310703.386639675,16582.810351352302,158739.62558847092,3287338.1281751464,881330.9493836664,0.0299595141700404,0.2655870445344129,0.2307692307692307,0.5412955465587045,2121.0,25809.0,11643468.0,11506961.519094769,22133.41237402061,278610.63800514553,3709181.3713606647,621990.3363410358,0.048090523338048,0.3371051390853371,0.2512965582272513,0.4691183404054691,2352.0,28711.0,13672570.0,9143450.62159864,34552.615649529456,364839.55190959136,3960235.083984421,423864.1838021365,0.0378401360544217,0.4043367346938775,0.2334183673469387,0.4460034013605442,1863.0,24724.0,11815426.0,11982258.161567364,35774.13192121632,362844.7584339351,4065217.626927096,730532.0408231462,0.0633387010198604,0.3639291465378422,0.3022007514761138,0.4358561460010735,1954.0,26732.0,12517776.0,11619016.848004092,24359.515950108787,228052.8867041437,4204106.601995716,660929.9762401037,0.0301944728761514,0.356704196519959,0.2712384851586489,0.4467758444216991,2659.0,46392.0,25875373.0,11587644.683715682,17247.43240712489,293154.0140587216,3398312.119388249,904539.5201602268,0.0319669048514479,0.2557352388115833,0.1966904851447913,0.5652500940203083
2121.0,25809.0,11643468.0,11506961.519094769,22133.41237402061,278610.63800514553,3709181.3713606647,621990.3363410358,0.048090523338048,0.3371051390853371,0.2512965582272513,0.4691183404054691,2352.0,28711.0,13672570.0,9143450.62159864,34552.615649529456,364839.55190959136,3960235.083984421,423864.1838021365,0.0378401360544217,0.4043367346938775,0.2334183673469387,0.4460034013605442,1863.0,24724.0,11815426.0,11982258.161567364,35774.13192121632,362844.7584339351,4065217.626927096,730532.0408231462,0.0633387010198604,0.3639291465378422,0.3022007514761138,0.4358561460010735,1954.0,26732.0,12517776.0,11619016.848004092,24359.515950108787,228052.8867041437,4204106.601995716,660929.9762401037,0.0301944728761514,0.356704196519959,0.2712384851586489,0.4467758444216991,2659.0,46392.0,25875373.0,11587644.683715682,17247.43240712489,293154.0140587216,3398312.119388249,904539.5201602268,0.0319669048514479,0.2557352388115833,0.1966904851447913,0.5652500940203083,1620.0,15049.0,4395281.0,8200635.265432099,16328.33626414954,130542.70340694903,4317089.437124534,389377.71602710406,0.0265432098765432,0.374074074074074,0.3290123456790123,0.3987654320987654
2352.0,28711.0,13672570.0,9143450.62159864,34552.615649529456,364839.55190959136,3960235.083984421,423864.1838021365,0.0378401360544217,0.4043367346938775,0.2334183673469387,0.4460034013605442,1863.0,24724.0,11815426.0,11982258.161567364,35774.13192121632,362844.7584339351,4065217.626927096,730532.0408231462,0.0633387010198604,0.3639291465378422,0.3022007514761138,0.4358561460010735,1954.0,26732.0,12517776.0,11619016.848004092,24359.515950108787,228052.8867041437,4204106.601995716,660929.9762401037,0.0301944728761514,0.356704196519959,0.2712384851586489,0.4467758444216991,2659.0,46392.0,25875373.0,11587644.683715682,17247.43240712489,293154.0140587216,3398312.119388249,904539.5201602268,0.0319669048514479,0.2557352388115833,0.1966904851447913,0.5652500940203083,1620.0,15049.0,4395281.0,8200635.265432099,16328.33626414954,130542.70340694903,4317089.437124534,389377.71602710406,0.0265432098765432,0.374074074074074,0.3290123456790123,0.3987654320987654,1527.0,16684.0,2308619.0,12802421.29535036,14090.886532024848,247154.87518792084,5304888.242994361,585778.183147148,0.0216110019646365,0.3313686967910936,0.3673870333988212,0.3222003929273084
1863.0,24724.0,11815426.0,11982258.161567364,35774.13192121632,362844.7584339351,4065217.626927096,730532.0408231462,0.0633387010198604,0.3639291465378422,0.3022007514761138,0.4358561460010735,1954.0,26732.0,12517776.0,11619016.848004092,24359.515950108787,228052.8867041437,4204106.601995716,660929.9762401037,0.0301944728761514,0.356704196519959,0.2712384851586489,0.4467758444216991,2659.0,46392.0,25875373.0,11587644.683715682,17247.43240712489,293154.0140587216,3398312.119388249,904539.5201602268,0.0319669048514479,0.2557352388115833,0.1966904851447913,0.5652500940203083,1620.0,15049.0,4395281.0,8200635.265432099,16328.33626414954,130542.70340694903,4317089.437124534,389377.71602710406,0.0265432098765432,0.374074074074074,0.3290123456790123,0.3987654320987654,1527.0,16684.0,2308619.0,12802421.29535036,14090.886532024848,247154.87518792084,5304888.242994361,585778.183147148,0.0216110019646365,0.3313686967910936,0.3673870333988212,0.3222003929273084,1419.0,12188.0,1584585.0,9476394.437632136,8429.90654287793,108801.57027950244,5605312.755623484,344739.36004791094,0.0091613812544045,0.3305144467935165,0.4129668780831571,0.3199436222692036
1954.0,26732.0,12517776.0,11619016.848004092,24359.515950108787,228052.8867041437,4204106.601995716,660929.9762401037,0.0301944728761514,0.356704196519959,0.2712384851586489,0.4467758444216991,2659.0,46392.0,25875373.0,11587644.683715682,17247.43240712489,293154.0140587216,3398312.119388249,904539.5201602268,0.0319669048514479,0.2557352388115833,0.1966904851447913,0.5652500940203083,1620.0,15049.0,4395281.0,8200635.265432099,16328.33626414954,130542.70340694903,4317089.437124534,389377.71602710406,0.0265432098765432,0.374074074074074,0.3290123456790123,0.3987654320987654,1527.0,16684.0,2308619.0,12802421.29535036,14090.886532024848,247154.87518792084,5304888.242994361,585778.183147148,0.0216110019646365,0.3313686967910936,0.3673870333988212,0.3222003929273084,1419.0,12188.0,1584585.0,9476394.437632136,8429.90654287793,108801.57027950244,5605312.755623484,344739.36004791094,0.0091613812544045,0.3305144467935165,0.4129668780831571,0.3199436222692036,1715.0,25985.0,13422812.0,12329573.542274052,19187.5385176766,176658.00379444676,4183506.111397655,690628.3453362745,0.032069970845481,0.3131195335276968,0.3014577259475218,0.4262390670553936
2659.0,46392.0,25875373.0,11587644.683715682,17247.43240712489,293154.0140587216,3398312.119388249,904539.5201602268,0.0319669048514479,0.2557352388115833,0.1966904851447913,0.5652500940203083,1620.0,15049.0,4395281.0,8200635.265432099,16328.33626414954,130542.70340694903,4317089.437124534,389377.71602710406,0.0265432098765432,0.374074074074074,0.3290123456790123,0.3987654320987654,1527.0,16684.0,2308619.0,12802421.29535036,14090.886532024848,247154.87518792084,5304888.242994361,585778.183147148,0.0216110019646365,0.3313686967910936,0.3673870333988212,0.3222003929273084,1419.0,12188.0,1584585.0,9476394.437632136,8429.90654287793,108801.57027950244,5605312.755623484,344739.36004791094,0.0091613812544045,0.3305144467935165,0.4129668780831571,0.3199436222692036,1715.0,25985.0,13422812.0,12329573.542274052,19187.5385176766,176658.00379444676,4183506.111397655,690628.3453362745,0.032069970845481,0.3131195335276968,0.3014577259475218,0.4262390670553936,2347.0,37027.0,18195861.0,15458393.913506605,11302.214185766186,189617.09337757723,4247745.091480444,933945.5121151732,0.0221559437579889,0.2582019599488709,0.2224115892628888,0.4848743076267575
1620.0,15049.0,4395281.0,8200635.265432099,16328.33626414954,130542.70340694903,4317089.437124534,389377.71602710406,0.0265432098765432,0.374074074074074,0.3290123456790123,0.3987654320987654,1527.0,16684.0,2308619.0,12802421.29535036,14090.886532024848,247154.87518792084,5304888.242994361,585778.183147148,0.0216110019646365,0.3313686967910936,0.3673870333988212,0.3222003929273084,1419.0,12188.0,1584585.0,9476394.437632136,8429.90654287793,108801.57027950244,5605312.755623484,344739.36004791094,0.0091613812544045,0.3305144467935165,0.4129668780831571,0.3199436222692036,1715.0,25985.0,13422812.0,12329573.542274052,19187.5385176766,176658.00379444676,4183506.111397655,690628.3453362745,0.032069970845481,0.3131195335276968,0.3014577259475218,0.4262390670553936,2347.0,37027.0,18195861.0,15458393.913506605,11302.214185766186,189617.09337757723,4247745.091480444,933945.5121151732,0.0221559437579889,0.2582019599488709,0.2224115892628888,0.4848743076267575,1676.0,22530.0,11026414.0,11214264.9451074,14022.249660822676,119881.38238291471,5057010.113207613,455384.14356029057,0.0202863961813842,0.3782816229116945,0.3126491646778043,0.3991646778042959
1527.0,16684.0,2308619.0,12802421.29535036,14090.886532024848,247154.87518792084,5304888.242994361,585778.183147148,0.0216110019646365,0.3313686967910936,0.3673870333988212,0.3222003929273084,1419.0,12188.0,1584585.0,9476394.437632136,8429.90654287793,108801.57027950244,5605312.755623484,344739.36004791094,0.0091613812544045,0.3305144467935165,0.4129668780831571,0.3199436222692036,1715.0,25985.0,13422812.0,12329573.542274052,19187.5385176766,176658.00379444676,4183506.111397655,690628.3453362745,0.032069970845481,0.3131195335276968,0.3014577259475218,0.4262390670553936,2347.0,37027.0,18195861.0,15458393.913506605,11302.214185766186,189617.09337757723,4247745.091480444,933945.5121151732,0.0221559437579889,0.2582019599488709,0.2224115892628888,0.4848743076267575,1676.0,22530.0,11026414.0,11214264.9451074,14022.249660822676,119881.38238291471,5057010.113207613,455384.14356029057,0.0202863961813842,0.3782816229116945,0.3126491646778043,0.3991646778042959,1752.0,26428.0,13320691.0,9061893.57648402,21803.229296382808,161954.24570339735,3693097.8693853943,537729.111552045,0.0234018264840182,0.3738584474885845,0.3162100456621005,0.3807077625570776
1419.0,12188.0,1584585.0,9476394.437632136,8429.90654287793,108801.57027950244,5605312.755623484,344739.36004791094,0.0091613812544045,0.3305144467935165,0.4129668780831571,0.3199436222692036,1715.0,25985.0,13422812.0,12329573.542274052,19187.5385176766,176658.00379444676,4183506.111397655,690628.3453362745,0.032069970845481,0.3131195335276968,0.3014577259475218,0.4262390670553936,2347.0,37027.0,18195861.0,15458393.913506605,11302.214185766186,189617.09337757723,4247745.091480444,933945.5121151732,0.0221559437579889,0.2582019599488709,0.2224115892628888,0.4848743076267575,1676.0,22530.0,11026414.0,11214264.9451074,14022.249660822676,119881.38238291471,5057010.113207613,455384.14356029057,0.0202863961813842,0.3782816229116945,0.3126491646778043,0.3991646778042959,1752.0,26428.0,13320691.0,9061893.57648402,21803.229296382808,161954.24570339735,3693097.8693853943,537729.111552045,0.0234018264840182,0.3738584474885845,0.3162100456621005,0.3807077625570776,1408.0,19206.0,9686681.0,9243928.561079543,20611.2423528926,109823.25354488306,5024823.468909777,245606.4444975119,0.0433238636363636,0.4105113636363636,0.3735795454545454,0.3494318181818182
1715.0,25985.0,13422812.0,12329573.542274052,19187.5385176766,176658.00379444676,4183506.111397655,690628.3453362745,0.032069970845481,0.3131195335276968,0.3014577259475218,0.4262390670553936,2347.0,37027.0,18195861.0,15458393.913506605,11302.214185766186,189617.09337757723,4247745.091480444,933945.5121151732,0.0221559437579889,0.2582019599488709,0.2224115892628888,0.4848743076267575,1676.0,22530.0,11026414.0,11214264.9451074,14022.249660822676,119881.38238291471,5057010.113207613,455384.14356029057,0.0202863961813842,0.3782816229116945,0.3126491646778043,0.3991646778042959,1752.0,26428.0,13320691.0,9061893.57648402,21803.229296382808,161954.24570339735,3693097.8693853943,537729.111552045,0.0234018264840182,0.3738584474885845,0.3162100456621005,0.3807077625570776,1408.0,19206.0,9686681.0,9243928.561079543,20611.2423528926,109823.25354488306,5024823.468909777,245606.4444975119,0.0433238636363636,0.4105113636363636,0.3735795454545454,0.3494318181818182,1777.0,24781.0,11430670.0,10027319.935284186,14557.272703243068,226509.86091954607,3629521.297666765,532058.9341798602,0.0270118176702307,0.3185143500281373,0.317388857625211,0.433877321328081
2347.0,37027.0,18195861.0,15458393.913506605,11302.214185766186,189617.09337757723,4247745.091480444,933945.5121151732,0.0221559437579889,0.2582019599488709,0.2224115892628888,0.4848743076267575,1676.0,22530.0,11026414.0,11214264.9451074,14022.249660822676,119881.38238291471,5057010.113207613,455384.14356029057,0.0202863961813842,0.3782816229116945,0.3126491646778043,0.3991646778042959,1752.0,26428.0,13320691.0,9061893.57648402,21803.229296382808,161954.24570339735,3693097.8693853943,537729.111552045,0.0234018264840182,0.3738584474885845,0.3162100456621005,0.3807077625570776,1408.0,19206.0,9686681.0,9243928.561079543,20611.2423528926,109823.25354488306,5024823.468909777,245606.4444975119,0.0433238636363636,0.4105113636363636,0.3735795454545454,0.3494318181818182,1777.0,24781.0,11430670.0,10027319.935284186,14557.272703243068,226509.86091954607,3629521.297666765,532058.9341798602,0.0270118176702307,0.3185143500281373,0.317388857625211,0.433877321328081,1536.0,21079.0,10102198.0,9854693.966796877,14526.321210534345,126587.75343905896,4012031.9764842656,411888.480311228,0.025390625,0.337890625,0.3567708333333333,0.4108072916666667
1676.0,22530.0,11026414.0,11214264.9451074,14022.249660822676,119881.38238291471,5057010.113207613,455384.14356029057,0.0202863961813842,0.3782816229116945,0.3126491646778043,0.3991646778042959,1752.0,26428.0,13320691.0,9061893.57648402,21803.229296382808,161954.24570339735,3693097.8693853943,537729.111552045,0.0234018264840182,0.3738584474885845,0.3162100456621005,0.3807077625570776,1408.0,19206.0,9686681.0,9243928.561079543,20611.2423528926,109823.25354488306,5024823.468909777,245606.4444975119,0.0433238636363636,0.4105113636363636,0.3735795454545454,0.3494318181818182,1777.0,24781.0,11430670.0,10027319.935284186,14557.272703243068,226509.86091954607,3629521.297666765,532058.9341798602,0.0270118176702307,0.3185143500281373,0.317388857625211,0.433877321328081,1536.0,21079.0,10102198.0,9854693.966796877,14526.321210534345,126587.75343905896,4012031.9764842656,411888.480311228,0.025390625,0.337890625,0.3567708333333333,0.4108072916666667,1292.0,18890.0,9483733.0,9002520.264705881,8112.423794342595,29560.23562766429,5469930.369917841,209530.75526914725,0.0023219814241486,0.3552631578947368,0.4195046439628483,0.3289473684210526
1752.0,26428.0,13320691.0,9061893.57648402,21803.229296382808,161954.24570339735,3693097.8693853943,537729.111552045,0.0234018264840182,0.3738584474885845,0.3162100456621005,0.3807077625570776,1408.0,19206.0,9686681.0,9243928.561079543,20611.2423528926,109823.25354488306,5024823.468909777,245606.4444975119,0.0433238636363636,0.4105113636363636,0.3735795454545454,0.3494318181818182,1777.0,24781.0,11430670.0,10027319.935284186,14557.272703243068,226509.86091954607,3629521.297666765,532058.9341798602,0.0270118176702307,0.3185143500281373,0.317388857625211,0.433877321328081,1536.0,21079.0,10102198.0,9854693.966796877,14526.321210534345,126587.75343905896,4012031.9764842656,411888.480311228,0.025390625,0.337890625,0.3567708333333333,0.4108072916666667,1292.0,18890.0,9483733.0,9002520.264705881,8112.423794342595,29560.23562766429,5469930.369917841,209530.75526914725,0.0023219814241486,0.3552631578947368,0.4195046439628483,0.3289473684210526,2288.0,25065.0,10906328.0,6528890.987325175,13085.71225870088,154739.34955692088,2540679.14396811,328079.5804391281,0.0253496503496503,0.3631993006993007,0.2316433566433566,0.4624125874125874
1408.0,19206.0,9686681.0,9243928.561079543,20611.2423528926,109823.25354488306,5024823.468909777,245606.4444975119,0.0433238636363636,0.4105113636363636,0.3735795454545454,0.3494318181818182,1777.0,24781.0,11430670.0,10027319.935284186,14557.272703243068,226509.86091954607,3629521.297666765,532058.9341798602,0.0270118176702307,0.3185143500281373,0.317388857625211,0.433877321328081,1536.0,21079.0,10102198.0,9854693.966796877,14526.321210534345,126587.75343905896,4012031.9764842656,411888.480311228,0.025390625,0.337890625,0.3567708333333333,0.4108072916666667,1292.0,18890.0,9483733.0,9002520.264705881,8112.423794342595,29560.23562766429,5469930.369917841,209530.75526914725,0.0023219814241486,0.3552631578947368,0.4195046439628483,0.3289473684210526,2288.0,25065.0,10906328.0,6528890.987325175,13085.71225870088,154739.34955692088,2540679.14396811,328079.5804391281,0.0253496503496503,0.3631993006993007,0.2316433566433566,0.4624125874125874,1531.0,23523.0,12425315.0,11339576.06466362,16738.256148931054,231411.83589605405,4091062.3461403945,532272.0286645791,0.0189418680600914,0.3193990855649902,0.3043762246897453,0.4441541476159373
1777.0,24781.0,11430670.0,10027319.935284186,14557.272703243068,226509.86091954607,3629521.297666765,532058.9341798602,0.0270118176702307,0.3185143500281373,0.317388857625211,0.433877321328081,1536.0,21079.0,10102198.0,9854693.966796877,14526.321210534345,126587.75343905896,4012031.9764842656,411888.480311228,0.025390625,0.337890625,0.3567708333333333,0.4108072916666667,1292.0,18890.0,9483733.0,9002520.264705881,8112.423794342595,29560.23562766429,5469930.369917841,209530.75526914725,0.0023219814241486,0.3552631578947368,0.4195046439628483,0.3289473684210526,2288.0,25065.0,10906328.0,6528890.987325175,13085.71225870088,154739.34955692088,2540679.14396811,328079.5804391281,0.0253496503496503,0.3631993006993007,0.2316433566433566,0.4624125874125874,1531.0,23523.0,12425315.0,11339576.06466362,16738.256148931054,231411.83589605405,4091062.3461403945,532272.0286645791,0.0189418680600914,0.3193990855649902,0.3043762246897453,0.4441541476159373,1429.0,21806.0,12055549.0,13193608.591322605,7339.8355253442205,65961.10166120317,5225976.85890244,539376.5919608821,0.0118964310706787,0.3261021693491952,0.3002099370188943,0.4534639608117565
1536.0,21079.0,10102198.0,9854693.966796877,14526.321210534345,126587.75343905896,4012031.9764842656,411888.480311228,0.025390625,0.337890625,0.3567708333333333,0.4108072916666667,1292.0,18890.0,9483733.0,9002520.264705881,8112.423794342595,29560.23562766429,5469930.369917841,209530.75526914725,0.0023219814241486,0.3552631578947368,0.4195046439628483,0.3289473684210526,2288.0,25065.0,10906328.0,6528890.987325175,13085.71225870088,154739.34955692088,2540679.14396811,328079.5804391281,0.0253496503496503,0.3631993006993007,0.2316433566433566,0.4624125874125874,1531.0,23523.0,12425315.0,11339576.06466362,16738.256148931054,231411.83589605405,4091062.3461403945,532272.0286645791,0.0189418680600914,0.3193990855649902,0.3043762246897453,0.4441541476159373,1429.0,21806.0,12055549.0,13193608.591322605,7339.8355253442205,65961.10166120317,5225976.85890244,539376.5919608821,0.0118964310706787,0.3261021693491952,0.3002099370188943,0.4534639608117565,1882.0,26671.0,12669319.0,11946986.768862912,25903.03842791897,271544.6602230892,3242894.2628640365,677178.8945045742,0.0217853347502656,0.3129649309245483,0.2274176408076514,0.5148777895855473
1292.0,18890.0,9483733.0,9002520.264705881,8112.423794342595,29560.23562766429,5469930.369917841,209530.75526914725,0.0023219814241486,0.3552631578947368,0.4195046439628483,0.3289473684210526,2288.0,25065.0,10906328.0,6528890.987325175,13085.71225870088,154739.34955692088,2540679.14396811,328079.5804391281,0.0253496503496503,0.3631993006993007,0.2316433566433566,0.4624125874125874,1531.0,23523.0,12425315.0,11339576.06466362,16738.256148931054,231411.83589605405,4091062.3461403945,532272.0286645791,0.0189418680600914,0.3193990855649902,0.3043762246897453,0.4441541476159373,1429.0,21806.0,12055549.0,13193608.591322605,7339.8355253442205,65961.10166120317,5225976.85890244,539376.5919608821,0.0118964310706787,0.3261021693491952,0.3002099370188943,0.4534639608117565,1882.0,26671.0,12669319.0,11946986.768862912,25903.03842791897,271544.6602230892,3242894.2628640365,677178.8945045742,0.0217853347502656,0.3129649309245483,0.2274176408076514,0.5148777895855473,1446.0,12602.0,1492204.0,9784762.906639004,13788.14721692647,73375.50091737641,4532746.79752327,517262.0758803045,0.0352697095435684,0.3914246196403873,0.2959889349930844,0.4287690179806362
2288.0,25065.0,10906328.0,6528890.987325175,13085.71225870088,154739.34955692088,2540679.14396811,328079.5804391281,0.0253496503496503,0.3631993006993007,0.2316433566433566,0.4624125874125874,1531.0,23523.0,12425315.0,11339576.06466362,16738.256148931054,231411.83589605405,4091062.3461403945,532272.0286645791,0.0189418680600914,0.3193990855649902,0.3043762246897453,0.4441541476159373,1429.0,21806.0,12055549.0,13193608.591322605,7339.8355253442205,65961.10166120317,5225976.85890244,539376.5919608821,0.0118964310706787,0.3261021693491952,0.3002099370188943,0.4534639608117565,1882.0,26671.0,12669319.0,11946986.768862912,25903.03842791897,271544.6602230892,3242894.2628640365,677178.8945045742,0.0217853347502656,0.3129649309245483,0.2274176408076514,0.5148777895855473,1446.0,12602.0,1492204.0,9784762.906639004,13788.14721692647,73375.50091737641,4532746.79752327,517262.0758803045,0.0352697095435684,0.3914246196403873,0.2959889349930844,0.4287690179806362,1725.0,33942.0,23242583.0,11703835.129275365,16375.957670589509,94533.50326705676,4035845.44274776,622417.1753675595,0.0260869565217391,0.343768115942029,0.2504347826086956,0.4736231884057971
1531.0,23523.0,12425315.0,11339576.06466362,16738.256148931054,231411.83589605405,4091062.3461403945,532272.0286645791,0.0189418680600914,0.3193990855649902,0.3043762246897453,0.4441541476159373,1429.0,21806.0,12055549.0,13193608.591322605,7339.8355253442205,65961.10166120317,5225976.85890244,539376.5919608821,0.0118964310706787,0.3261021693491952,0.3002099370188943,0.4534639608117565,1882.0,26671.0,12669319.0,11946986.768862912,25903.03842791897,271544.6602230892,3242894.2628640365,677178.8945045742,0.0217853347502656,0.3129649309245483,0.2274176408076514,0.5148777895855473,1446.0,12602.0,1492204.0,9784762.906639004,13788.14721692647,73375.50091737641,4532746.79752327,517262.0758803045,0.0352697095435684,0.3914246196403873,0.2959889349930844,0.4287690179806362,1725.0,33942.0,23242583.0,11703835.129275365,16375.957670589509,94533.50326705676,4035845.44274776,622417.1753675595,0.0260869565217391,0.343768115942029,0.2504347826086956,0.4736231884057971,1862.0,18309.0,3570448.0,10850021.17991407,11279.187859555326,76003.09809767474,3323646.8102,672828.5301788636,0.0263157894736842,0.29484425349087,0.2497314715359828,0.5429645542427497
1429.0,21806.0,12055549.0,13193608.591322605,7339.8355253442205,65961.10166120317,5225976.85890244,539376.5919608821,0.0118964310706787,0.3261021693491952,0.3002099370188943,0.4534639608117565,1882.0,26671.0,12669319.0,11946986.768862912,25903.03842791897,271544.6602230892,3242894.2628640365,677178.8945045742,0.0217853347502656,0.3129649309245483,0.2274176408076514,0.5148777895855473,1446.0,12602.0,1492204.0,9784762.906639004,13788.14721692647,73375.50091737641,4532746.79752327,517262.0758803045,0.0352697095435684,0.3914246196403873,0.2959889349930844,0.4287690179806362,1725.0,33942.0,23242583.0,11703835.129275365,16375.957670589509,94533.50326705676,4035845.44274776,622417.1753675595,0.0260869565217391,0.343768115942029,0.2504347826086956,0.4736231884057971,1862.0,18309.0,3570448.0,10850021.17991407,11279.187859555326,76003.09809767474,3323646.8102,672828.5301788636,0.0263157894736842,0.29484425349087,0.2497314715359828,0.5429645542427497,2878.0,38811.0,22451176.0,11321974.660875607,11761.197052046104,189182.98177812996,2690843.953526624,831541.8267379513,0.0222376650451702,0.2557331480194579,0.1501042390548992,0.5753995830437804
1882.0,26671.0,12669319.0,11946986.768862912,25903.03842791897,271544.6602230892,3242894.2628640365,677178.8945045742,0.0217853347502656,0.3129649309245483,0.2274176408076514,0.5148777895855473,1446.0,12602.0,1492204.0,9784762.906639004,13788.14721692647,73375.50091737641,4532746.79752327,517262.0758803045,0.0352697095435684,0.3914246196403873,0.2959889349930844,0.4287690179806362,1725.0,33942.0,23242583.0,11703835.129275365,16375.957670589509,94533.50326705676,4035845.44274776,622417.1753675595,0.0260869565217391,0.343768115942029,0.2504347826086956,0.4736231884057971,1862.0,18309.0,3570448.0,10850021.17991407,11279.187859555326,76003.09809767474,3323646.8102,672828.5301788636,0.0263157894736842,0.29484425349087,0.2497314715359828,0.5429645542427497,2878.0,38811.0,22451176.0,11321974.660875607,11761.197052046104,189182.98177812996,2690843.953526624,831541.8267379513,0.0222376650451702,0.2557331480194579,0.1501042390548992,0.5753995830437804,1603.0,13569.0,1570166.0,9039190.877729258,20483.93904984017,85883.14639653313,4146571.802110989,528603.3521597901,0.0393013100436681,0.4023705552089832,0.2782283218964441,0.4104803493449782
1446.0,12602.0,1492204.0,9784762.906639004,13788.14721692647,73375.50091737641,4532746.79752327,517262.0758803045,0.0352697095435684,0.3914246196403873,0.2959889349930844,0.4287690179806362,1725.0,33942.0,23242583.0,11703835.129275365,16375.957670589509,94533.50326705676,4035845.44274776,622417.1753675595,0.0260869565217391,0.343768115942029,0.2504347826086956,0.4736231884057971,1862.0,18309.0,3570448.0,10850021.17991407,11279.187859555326,76003.09809767474,3323646.8102,672828.5301788636,0.0263157894736842,0.29484425349087,0.2497314715359828,0.5429645542427497,2878.0,38811.0,22451176.0,11321974.660875607,11761.197052046104,189182.98177812996,2690843.953526624,831541.8267379513,0.0222376650451702,0.2557331480194579,0.1501042390548992,0.5753995830437804,1603.0,13569.0,1570166.0,9039190.877729258,20483.93904984017,85883.14639653313,4146571.802110989,528603.3521597901,0.0393013100436681,0.4023705552089832,0.2782283218964441,0.4104803493449782,1317.0,24359.0,17722325.0,7387295.898253607,19411.208198410484,205825.7036484129,4424426.846103431,373706.7129582786,0.0288534548215641,0.4449506454062262,0.3394077448747152,0.3720577069096431
1725.0,33942.0,23242583.0,11703835.129275365,16375.957670589509,94533.50326705676,4035845.44274776,622417.1753675595,0.0260869565217391,0.343768115942029,0.2504347826086956,0.4736231884057971,1862.0,18309.0,3570448.0,10850021.17991407,11279.187859555326,76003.09809767474,3323646.8102,672828.5301788636,0.0263157894736842,0.29484425349087,0.2497314715359828,0.5429645542427497,2878.0,38811.0,22451176.0,11321974.660875607,11761.197052046104,189182.98177812996,2690843.953526624,831541.8267379513,0.0222376650451702,0.2557331480194579,0.1501042390548992,0.5753995830437804,1603.0,13569.0,1570166.0,9039190.877729258,20483.93904984017,85883.14639653313,4146571.802110989,528603.3521597901,0.0393013100436681,0.4023705552089832,0.2782283218964441,0.4104803493449782,1317.0,24359.0,17722325.0,7387295.898253607,19411.208198410484,205825.7036484129,4424426.846103431,373706.7129582786,0.0288534548215641,0.4449506454062262,0.3394077448747152,0.3720577069096431,2032.0,18397.0,3298055.0,9643876.635334646,28618.39278502957,322078.399318513,3650880.601930884,462529.1269491948,0.0556102362204724,0.328248031496063,0.2278543307086614,0.4734251968503937
1862.0,18309.0,3570448.0,10850021.17991407,11279.187859555326,76003.09809767474,3323646.8102,672828.5301788636,0.0263157894736842,0.29484425349087,0.2497314715359828,0.5429645542427497,2878.0,38811.0,22451176.0,11321974.660875607,11761.197052046104,189182.98177812996,2690843.953526624,831541.8267379513,0.0222376650451702,0.2557331480194579,0.1501042390548992,0.5753995830437804,1603.0,13569.0,1570166.0,9039190.877729258,20483.93904984017,85883.14639653313,4146571.802110989,528603.3521597901,0.0393013100436681,0.4023705552089832,0.2782283218964441,0.4104803493449782,1317.0,24359.0,17722325.0,7387295.898253607,19411.208198410484,205825.7036484129,4424426.846103431,373706.7129582786,0.0288534548215641,0.4449506454062262,0.3394077448747152,0.3720577069096431,2032.0,18397.0,3298055.0,9643876.635334646,28618.39278502957,322078.399318513,3650880.601930884,462529.1269491948,0.0556102362204724,0.328248031496063,0.2278543307086614,0.4734251968503937,1519.0,28907.0,19349252.0,11952956.631336406,11538.145814195555,80662.22962798766,4225984.716409297,679942.715868165,0.009874917709019,0.3080974325213956,0.3021724818959842,0.4680710994075049
2878.0,38811.0,22451176.0,11321974.660875607,11761.197052046104,189182.98177812996,2690843.953526624,831541.8267379513,0.0222376650451702,0.2557331480194579,0.1501042390548992,0.5753995830437804,1603.0,13569.0,1570166.0,9039190.877729258,20483.93904984017,85883.14639653313,4146571.802110989,528603.3521597901,0.0393013100436681,0.4023705552089832,0.2782283218964441,0.4104803493449782,1317.0,24359.0,17722325.0,7387295.898253607,19411.208198410484,205825.7036484129,4424426.846103431,373706.7129582786,0.0288534548215641,0.4449506454062262,0.3394077448747152,0.3720577069096431,2032.0,18397.0,3298055.0,9643876.635334646,28618.39278502957,322078.399318513,3650880.601930884,462529.1269491948,0.0556102362204724,0.328248031496063,0.2278543307086614,0.4734251968503937,1519.0,28907.0,19349252.0,11952956.631336406,11538.145814195555,80662.22962798766,4225984.716409297,679942.715868165,0.009874917709019,0.3080974325213956,0.3021724818959842,0.4680710994075049,1286.0,12596.0,1337155.0,7934301.221617418,9334.28183710493,48175.73220620972,4656256.75174441,277741.0122674545,0.0132192846034214,0.3833592534992224,0.3639191290824261,0.3654743390357698
1603.0,13569.0,1570166.0,9039190.877729258,20483.93904984017,85883.14639653313,4146571.802110989,528603.3521597901,0.0393013100436681,0.4023705552089832,0.2782283218964441,0.4104803493449782,1317.0,24359.0,17722325.0,7387295.898253607,19411.208198410484,205825.7036484129,4424426.846103431,373706.7129582786,0.0288534548215641,0.4449506454062262,0.3394077448747152,0.3720577069096431,2032.0,18397.0,3298055.0,9643876.635334646,28618.39278502957,322078.399318513,3650880.601930884,462529.1269491948,0.0556102362204724,0.328248031496063,0.2278543307086614,0.4734251968503937,1519.0,28907.0,19349252.0,11952956.631336406,11538.145814195555,80662.22962798766,4225984.716409297,679942.715868165,0.009874917709019,0.3080974325213956,0.3021724818959842,0.4680710994075049,1286.0,12596.0,1337155.0,7934301.221617418,9334.28183710493,48175.73220620972,4656256.75174441,277741.0122674545,0.0132192846034214,0.3833592534992224,0.3639191290824261,0.3654743390357698,1483.0,30639.0,21229345.0,10857897.799730277,30227.0415180602,509775.02912977705,4956308.853572153,482835.6397354692,0.0505731625084288,0.3749157113958193,0.3115306810519218,0.3991908293998651
1317.0,24359.0,17722325.0,7387295.898253607,19411.208198410484,205825.7036484129,4424426.846103431,373706.7129582786,0.0288534548215641,0.4449506454062262,0.3394077448747152,0.3720577069096431,2032.0,18397.0,3298055.0,9643876.635334646,28618.39278502957,322078.399318513,3650880.601930884,462529.1269491948,0.0556102362204724,0.328248031496063,0.2278543307086614,0.4734251968503937,1519.0,28907.0,19349252.0,11952956.631336406,11538.145814195555,80662.22962798766,4225984.716409297,679942.715868165,0.009874917709019,0.3080974325213956,0.3021724818959842,0.4680710994075049,1286.0,12596.0,1337155.0,7934301.221617418,9334.28183710493,48175.73220620972,4656256.75174441,277741.0122674545,0.0132192846034214,0.3833592534992224,0.3639191290824261,0.3654743390357698,1483.0,30639.0,21229345.0,10857897.799730277,30227.0415180602,509775.02912977705,4956308.853572153,482835.6397354692,0.0505731625084288,0.3749157113958193,0.3115306810519218,0.3991908293998651,1969.0,27925.0,10286203.0,10529467.166582022,6651.982279789981,107848.24242599496,3036776.417994163,654579.5831584781,0.0142204164550533,0.3113255459624174,0.3270695784662265,0.4951752158456069
2032.0,18397.0,3298055.0,9643876.635334646,28618.39278502957,322078.399318513,3650880.601930884,462529.1269491948,0.0556102362204724,0.328248031496063,0.2278543307086614,0.4734251968503937,1519.0,28907.0,19349252.0,11952956.631336406,11538.145814195555,80662.22962798766,4225984.716409297,679942.715868165,0.009874917709019,0.3080974325213956,0.3021724818959842,0.4680710994075049,1286.0,12596.0,1337155.0,7934301.221617418,9334.28183710493,48175.73220620972,4656256.75174441,277741.0122674545,0.0132192846034214,0.3833592534992224,0.3639191290824261,0.3654743390357698,1483.0,30639.0,21229345.0,10857897.799730277,30227.0415180602,509775.02912977705,4956308.853572153,482835.6397354692,0.0505731625084288,0.3749157113958193,0.3115306810519218,0.3991908293998651,1969.0,27925.0,10286203.0,10529467.166582022,6651.982279789981,107848.24242599496,3036776.417994163,654579.5831584781,0.0142204164550533,0.3113255459624174,0.3270695784662265,0.4951752158456069,3673.0,40262.0,20653388.0,5484739.74407841,8349.427137608125,162023.4333062868,1692057.45982772,308053.9692938736,0.0092567383610127,0.4111080860332153,0.3520283147291043,0.5205554043016608
1519.0,28907.0,19349252.0,11952956.631336406,11538.145814195555,80662.22962798766,4225984.716409297,679942.715868165,0.009874917709019,0.3080974325213956,0.3021724818959842,0.4680710994075049,1286.0,12596.0,1337155.0,7934301.221617418,9334.28183710493,48175.73220620972,4656256.75174441,277741.0122674545,0.0132192846034214,0.3833592534992224,0.3639191290824261,0.3654743390357698,1483.0,30639.0,21229345.0,10857897.799730277,30227.0415180602,509775.02912977705,4956308.853572153,482835.6397354692,0.0505731625084288,0.3749157113958193,0.3115306810519218,0.3991908293998651,1969.0,27925.0,10286203.0,10529467.166582022,6651.982279789981,107848.24242599496,3036776.417994163,654579.5831584781,0.0142204164550533,0.3113255459624174,0.3270695784662265,0.4951752158456069,3673.0,40262.0,20653388.0,5484739.74407841,8349.427137608125,162023.4333062868,1692057.45982772,308053.9692938736,0.0092567383610127,0.4111080860332153,0.3520283147291043,0.5205554043016608,4147.0,29869.0,4198570.0,5732333.369905956,11775.767566793806,146426.8078628188,1877282.229070384,368344.5423506347,0.0108512177477694,0.3879913190258018,0.3211960453339764,0.5186882083433808
1286.0,12596.0,1337155.0,7934301.221617418,9334.28183710493,48175.73220620972,4656256.75174441,277741.0122674545,0.0132192846034214,0.3833592534992224,0.3639191290824261,0.3654743390357698,1483.0,30639.0,21229345.0,10857897.799730277,30227.0415180602,509775.02912977705,4956308.853572153,482835.6397354692,0.0505731625084288,0.3749157113958193,0.3115306810519218,0.3991908293998651,1969.0,27925.0,10286203.0,10529467.166582022,6651.982279789981,107848.24242599496,3036776.417994163,654579.5831584781,0.0142204164550533,0.3113255459624174,0.3270695784662265,0.4951752158456069,3673.0,40262.0,20653388.0,5484739.74407841,8349.427137608125,162023.4333062868,1692057.45982772,308053.9692938736,0.0092567383610127,0.4111080860332153,0.3520283147291043,0.5205554043016608,4147.0,29869.0,4198570.0,5732333.369905956,11775.767566793806,146426.8078628188,1877282.229070384,368344.5423506347,0.0108512177477694,0.3879913190258018,0.3211960453339764,0.5186882083433808,3297.0,23087.0,6145709.0,2658834.8095238097,8938.958103565521,58724.43429011935,1629441.1782928577,138683.92868837604,0.0139520776463451,0.4510160752198969,0.3970276008492569,0.4986351228389445
1483.0,30639.0,21229345.0,10857897.799730277,30227.0415180602,509775.02912977705,4956308.853572153,482835.6397354692,0.0505731625084288,0.3749157113958193,0.3115306810519218,0.3991908293998651,1969.0,27925.0,10286203.0,10529467.166582022,6651.982279789981,107848.24242599496,3036776.417994163,654579.5831584781,0.0142204164550533,0.3113255459624174,0.3270695784662265,0.4951752158456069,3673.0,40262.0,20653388.0,5484739.74407841,8349.427137608125,162023.4333062868,1692057.45982772,308053.9692938736,0.0092567383610127,0.4111080860332153,0.3520283147291043,0.5205554043016608,4147.0,29869.0,4198570.0,5732333.369905956,11775.767566793806,146426.8078628188,1877282.229070384,368344.5423506347,0.0108512177477694,0.3879913190258018,0.3211960453339764,0.5186882083433808,3297.0,23087.0,6145709.0,2658834.8095238097,8938.958103565521,58724.43429011935,1629441.1782928577,138683.92868837604,0.0139520776463451,0.4510160752198969,0.3970276008492569,0.4986351228389445,3401.0,28464.0,6395672.0,5514068.496030579,5420.303936231557,72075.28508413509,1529819.6360655644,320632.16940349777,0.0123493090267568,0.3866509850044105,0.3784181123199059,0.5157306674507498
1969.0,27925.0,10286203.0,10529467.166582022,6651.982279789981,107848.24242599496,3036776.417994163,654579.5831584781,0.0142204164550533,0.3113255459624174,0.3270695784662265,0.4951752158456069,3673.0,40262.0,20653388.0,5484739.74407841,8349.427137608125,162023.4333062868,1692057.45982772,308053.9692938736,0.0092567383610127,0.4111080860332153,0.3520283147291043,0.5205554043016608,4147.0,29869.0,4198570.0,5732333.369905956,11775.767566793806,146426.8078628188,1877282.229070384,368344.5423506347,0.0108512177477694,0.3879913190258018,0.3211960453339764,0.5186882083433808,3297.0,23087.0,6145709.0,2658834.8095238097,8938.958103565521,58724.43429011935,1629441.1782928577,138683.92868837604,0.0139520776463451,0.4510160752198969,0.3970276008492569,0.4986351228389445,3401.0,28464.0,6395672.0,5514068.496030579,5420.303936231557,72075.28508413509,1529819.6360655644,320632.16940349777,0.0123493090267568,0.3866509850044105,0.3784181123199059,0.5157306674507498,3262.0,25685.0,6225263.0,6456519.123543838,7291.089872282867,127775.57912687412,1826443.4580927603,356725.90875528334,0.0070508890251379,0.3868792152053955,0.3856529736358062,0.4969343960760269
3673.0,40262.0,20653388.0,5484739.74407841,8349.427137608125,162023.4333062868,1692057.45982772,308053.9692938736,0.0092567383610127,0.4111080860332153,0.3520283147291043,0.5205554043016608,4147.0,29869.0,4198570.0,5732333.369905956,11775.767566793806,146426.8078628188,1877282.229070384,368344.5423506347,0.0108512177477694,0.3879913190258018,0.3211960453339764,0.5186882083433808,3297.0,23087.0,6145709.0,2658834.8095238097,8938.958103565521,58724.43429011935,1629441.1782928577,138683.92868837604,0.0139520776463451,0.4510160752198969,0.3970276008492569,0.4986351228389445,3401.0,28464.0,6395672.0,5514068.496030579,5420.303936231557,72075.28508413509,1529819.6360655644,320632.16940349777,0.0123493090267568,0.3866509850044105,0.3784181123199059,0.5157306674507498,3262.0,25685.0,6225263.0,6456519.123543838,7291.089872282867,127775.57912687412,1826443.4580927603,356725.90875528334,0.0070508890251379,0.3868792152053955,0.3856529736358062,0.4969343960760269,3123.0,29090.0,6316842.0,10541110.245917387,13489.102959949709,163533.78370848243,1725479.1035951634,719783.2673443587,0.0198527057316682,0.3054755043227665,0.2536023054755043,0.5712455971821966
4147.0,29869.0,4198570.0,5732333.369905956,11775.767566793806,146426.8078628188,1877282.229070384,368344.5423506347,0.0108512177477694,0.3879913190258018,0.3211960453339764,0.5186882083433808,3297.0,23087.0,6145709.0,2658834.8095238097,8938.958103565521,58724.43429011935,1629441.1782928577,138683.92868837604,0.0139520776463451,0.4510160752198969,0.3970276008492569,0.4986351228389445,3401.0,28464.0,6395672.0,5514068.496030579,5420.303936231557,72075.28508413509,1529819.6360655644,320632.16940349777,0.0123493090267568,0.3866509850044105,0.3784181123199059,0.5157306674507498,3262.0,25685.0,6225263.0,6456519.123543838,7291.089872282867,127775.57912687412,1826443.4580927603,356725.90875528334,0.0070508890251379,0.3868792152053955,0.3856529736358062,0.4969343960760269,3123.0,29090.0,6316842.0,10541110.245917387,13489.102959949709,163533.78370848243,1725479.1035951634,719783.2673443587,0.0198527057316682,0.3054755043227665,0.2536023054755043,0.5712455971821966,1919.0,17098.0,3799278.0,9774159.14174049,16881.07819279824,113288.56049141646,3027267.037764562,638839.6587151269,0.027618551328817,0.3611255862428348,0.2787910369984366,0.4179260031266285
3297.0,23087.0,6145709.0,2658834.8095238097,8938.958103565521,58724.43429011935,1629441.1782928577,138683.92868837604,0.0139520776463451,0.4510160752198969,0.3970276008492569,0.4986351228389445,3401.0,28464.0,6395672.0,5514068.496030579,5420.303936231557,72075.28508413509,1529819.6360655644,320632.16940349777,0.0123493090267568,0.3866509850044105,0.3784181123199059,0.5157306674507498,3262.0,25685.0,6225263.0,6456519.123543838,7291.089872282867,127775.57912687412,1826443.4580927603,356725.90875528334,0.0070508890251379,0.3868792152053955,0.3856529736358062,0.4969343960760269,3123.0,29090.0,6316842.0,10541110.245917387,13489.102959949709,163533.78370848243,1725479.1035951634,719783.2673443587,0.0198527057316682,0.3054755043227665,0.2536023054755043,0.5712455971821966,1919.0,17098.0,3799278.0,9774159.14174049,16881.07819279824,113288.56049141646,3027267.037764562,638839.6587151269,0.027618551328817,0.3611255862428348,0.2787910369984366,0.4179260031266285,1579.0,13767.0,1481394.0,8783224.53831539,39182.40833314976,308476.913461542,3528053.249568053,583559.9164376314,0.0620645978467384,0.4420519316022799,0.3147561747941735,0.3400886637112096
3401.0,28464.0,6395672.0,5514068.496030579,5420.303936231557,72075.28508413509,1529819.6360655644,320632.16940349777,0.0123493090267568,0.3866509850044105,0.3784181123199059,0.5157306674507498,3262.0,25685.0,6225263.0,6456519.123543838,7291.089872282867,127775.57912687412,1826443.4580927603,356725.90875528334,0.0070508890251379,0.3868792152053955,0.3856529736358062,0.4969343960760269,3123.0,29090.0,6316842.0,10541110.245917387,13489.102959949709,163533.78370848243,1725479.1035951634,719783.2673443587,0.0198527057316682,0.3054755043227665,0.2536023054755043,0.5712455971821966,1919.0,17098.0,3799278.0,9774159.14174049,16881.07819279824,113288.56049141646,3027267.037764562,638839.6587151269,0.027618551328817,0.3611255862428348,0.2787910369984366,0.4179260031266285,1579.0,13767.0,1481394.0,8783224.53831539,39182.40833314976,308476.913461542,3528053.249568053,583559.9164376314,0.0620645978467384,0.4420519316022799,0.3147561747941735,0.3400886637112096,1664.0,14584.0,2847644.0,8599267.11358173,36849.55101968881,117506.65266402275,2864603.131797763,751641.6390344937,0.0450721153846153,0.3539663461538461,0.3173076923076923,0.4056490384615384
3262.0,25685.0,6225263.0,6456519.123543838,7291.089872282867,127775.57912687412,1826443.4580927603,356725.90875528334,0.0070508890251379,0.3868792152053955,0.3856529736358062,0.4969343960760269,3123.0,29090.0,6316842.0,10541110.245917387,13489.102959949709,163533.78370848243,1725479.1035951634,719783.2673443587,0.0198527057316682,0.3054755043227665,0.2536023054755043,0.5712455971821966,1919.0,17098.0,3799278.0,9774159.14174049,16881.07819279824,113288.56049141646,3027267.037764562,638839.6587151269,0.027618551328817,0.3611255862428348,0.2787910369984366,0.4179260031266285,1579.0,13767.0,1481394.0,8783224.53831539,39182.40833314976,308476.913461542,3528053.249568053,583559.9164376314,0.0620645978467384,0.4420519316022799,0.3147561747941735,0.3400886637112096,1664.0,14584.0,2847644.0,8599267.11358173,36849.55101968881,117506.65266402275,2864603.131797763,751641.6390344937,0.0450721153846153,0.3539663461538461,0.3173076923076923,0.4056490384615384,1803.0,23278.0,5454821.0,13038986.409317805,5994.541390364712,53582.11561127324,3545152.128949796,791538.966366561,0.0088740987243483,0.2839711591791459,0.2950637825845812,0.4520244037714919
3123.0,29090.0,6316842.0,10541110.245917387,13489.102959949709,163533.78370848243,1725479.1035951634,719783.2673443587,0.0198527057316682,0.3054755043227665,0.2536023054755043,0.5712455971821966,1919.0,17098.0,3799278.0,9774159.14174049,16881.07819279824,113288.56049141646,3027267.037764562,638839.6587151269,0.027618551328817,0.3611255862428348,0.2787910369984366,0.4179260031266285,1579.0,13767.0,1481394.0,8783224.53831539,39182.40833314976,308476.913461542,3528053.249568053,583559.9164376314,0.0620645978467384,0.4420519316022799,0.3147561747941735,0.3400886637112096,1664.0,14584.0,2847644.0,8599267.11358173,36849.55101968881,117506.65266402275,2864603.131797763,751641.6390344937,0.0450721153846153,0.3539663461538461,0.3173076923076923,0.4056490384615384,1803.0,23278.0,5454821.0,13038986.409317805,5994.541390364712,53582.11561127324,3545152.128949796,791538.966366561,0.0088740987243483,0.2839711591791459,0.2950637825845812,0.4520244037714919,1352.0,11233.0,1478983.0,8793468.866124261,7986.454111826567,35858.17802152707,3984770.677119784,621803.6555568794,0.0192307692307692,0.3579881656804733,0.3890532544378698,0.3661242603550296
1919.0,17098.0,3799278.0,9774159.14174049,16881.07819279824,113288.56049141646,3027267.037764562,638839.6587151269,0.027618551328817,0.3611255862428348,0.2787910369984366,0.4179260031266285,1579.0,13767.0,1481394.0,8783224.53831539,39182.40833314976,308476.913461542,3528053.249568053,583559.9164376314,0.0620645978467384,0.4420519316022799,0.3147561747941735,0.3400886637112096,1664.0,14584.0,2847644.0,8599267.11358173,36849.55101968881,117506.65266402275,2864603.131797763,751641.6390344937,0.0450721153846153,0.3539663461538461,0.3173076923076923,0.4056490384615384,1803.0,23278.0,5454821.0,13038986.409317805,5994.541390364712,53582.11561127324,3545152.128949796,791538.966366561,0.0088740987243483,0.2839711591791459,0.2950637825845812,0.4520244037714919,1352.0,11233.0,1478983.0,8793468.866124261,7986.454111826567,35858.17802152707,3984770.677119784,621803.6555568794,0.0192307692307692,0.3579881656804733,0.3890532544378698,0.3661242603550296,1430.0,20690.0,6318682.0,9237969.126573429,17258.318153082582,108298.95881219226,3318894.045392097,541863.511819735,0.0258741258741258,0.3657342657342657,0.3398601398601398,0.3734265734265734
1579.0,13767.0,1481394.0,8783224.53831539,39182.40833314976,308476.913461542,3528053.249568053,583559.9164376314,0.0620645978467384,0.4420519316022799,0.3147561747941735,0.3400886637112096,1664.0,14584.0,2847644.0,8599267.11358173,36849.55101968881,117506.65266402275,2864603.131797763,751641.6390344937,0.0450721153846153,0.3539663461538461,0.3173076923076923,0.4056490384615384,1803.0,23278.0,5454821.0,13038986.409317805,5994.541390364712,53582.11561127324,3545152.128949796,791538.966366561,0.0088740987243483,0.2839711591791459,0.2950637825845812,0.4520244037714919,1352.0,11233.0,1478983.0,8793468.866124261,7986.454111826567,35858.17802152707,3984770.677119784,621803.6555568794,0.0192307692307692,0.3579881656804733,0.3890532544378698,0.3661242603550296,1430.0,20690.0,6318682.0,9237969.126573429,17258.318153082582,108298.95881219226,3318894.045392097,541863.511819735,0.0258741258741258,0.3657342657342657,0.3398601398601398,0.3734265734265734,1472.0,10777.0,1244506.0,7984932.503396739,24588.113048454758,172698.64025367404,4152254.981915319,342757.61504796287,0.029891304347826,0.389945652173913,0.3552989130434782,0.360054347826087
1664.0,14584.0,2847644.0,8599267.11358173,36849.55101968881,117506.65266402275,2864603.131797763,751641.6390344937,0.0450721153846153,0.3539663461538461,0.3173076923076923,0.4056490384615384,1803.0,23278.0,5454821.0,13038986.409317805,5994.541390364712,53582.11561127324,3545152.128949796,791538.966366561,0.0088740987243483,0.2839711591791459,0.2950637825845812,0.4520244037714919,1352.0,11233.0,1478983.0,8793468.866124261,7986.454111826567,35858.17802152707,3984770.677119784,621803.6555568794,0.0192307692307692,0.3579881656804733,0.3890532544378698,0.3661242603550296,1430.0,20690.0,6318682.0,9237969.126573429,17258.318153082582,108298.95881219226,3318894.045392097,541863.511819735,0.0258741258741258,0.3657342657342657,0.3398601398601398,0.3734265734265734,1472.0,10777.0,1244506.0,7984932.503396739,24588.113048454758,172698.64025367404,4152254.981915319,342757.61504796287,0.029891304347826,0.389945652173913,0.3552989130434782,0.360054347826087,1966.0,21545.0,4634035.0,11502661.246185148,11496.486994301518,170677.69597319103,2528114.947064574,757346.6792211107,0.0213631739572736,0.2599186164801628,0.2614445574771109,0.5061037639877924
1803.0,23278.0,5454821.0,13038986.409317805,5994.541390364712,53582.11561127324,3545152.128949796,791538.966366561,0.0088740987243483,0.2839711591791459,0.2950637825845812,0.4520244037714919,1352.0,11233.0,1478983.0,8793468.866124261,7986.454111826567,35858.17802152707,3984770.677119784,621803.6555568794,0.0192307692307692,0.3579881656804733,0.3890532544378698,0.3661242603550296,1430.0,20690.0,6318682.0,9237969.126573429,17258.318153082582,108298.95881219226,3318894.045392097,541863.511819735,0.0258741258741258,0.3657342657342657,0.3398601398601398,0.3734265734265734,1472.0,10777.0,1244506.0,7984932.503396739,24588.113048454758,172698.64025367404,4152254.981915319,342757.61504796287,0.029891304347826,0.389945652173913,0.3552989130434782,0.360054347826087,1966.0,21545.0,4634035.0,11502661.246185148,11496.486994301518,170677.69597319103,2528114.947064574,757346.6792211107,0.0213631739572736,0.2599186164801628,0.2614445574771109,0.5061037639877924,1424.0,20699.0,13019085.0,10537487.836376404,16744.7593892426,267364.69507903483,3615618.3798151766,703248.7450012421,0.0252808988764044,0.3448033707865168,0.3539325842696629,0.4473314606741573
1352.0,11233.0,1478983.0,8793468.866124261,7986.454111826567,35858.17802152707,3984770.677119784,621803.6555568794,0.0192307692307692,0.3579881656804733,0.3890532544378698,0.3661242603550296,1430.0,20690.0,6318682.0,9237969.126573429,17258.318153082582,108298.95881219226,3318894.045392097,541863.511819735,0.0258741258741258,0.3657342657342657,0.3398601398601398,0.3734265734265734,1472.0,10777.0,1244506.0,7984932.503396739,24588.113048454758,172698.64025367404,4152254.981915319,342757.61504796287,0.029891304347826,0.389945652173913,0.3552989130434782,0.360054347826087,1966.0,21545.0,4634035.0,11502661.246185148,11496.486994301518,170677.69597319103,2528114.947064574,757346.6792211107,0.0213631739572736,0.2599186164801628,0.2614445574771109,0.5061037639877924,1424.0,20699.0,13019085.0,10537487.836376404,16744.7593892426,267364.69507903483,3615618.3798151766,703248.7450012421,0.0252808988764044,0.3448033707865168,0.3539325842696629,0.4473314606741573,1997.0,20905.0,4784122.0,12824399.603905858,17311.112460539996,224685.88578244383,3686859.264075224,730224.8561234981,0.0250375563345017,0.3079619429143715,0.2653980971457186,0.4927391086629945
1430.0,20690.0,6318682.0,9237969.126573429,17258.318153082582,108298.95881219226,3318894.045392097,541863.511819735,0.0258741258741258,0.3657342657342657,0.3398601398601398,0.3734265734265734,1472.0,10777.0,1244506.0,7984932.503396739,24588.113048454758,172698.64025367404,4152254.981915319,342757.61504796287,0.029891304347826,0.389945652173913,0.3552989130434782,0.360054347826087,1966.0,21545.0,4634035.0,11502661.246185148,11496.486994301518,170677.69597319103,2528114.947064574,757346.6792211107,0.0213631739572736,0.2599186164801628,0.2614445574771109,0.5061037639877924,1424.0,20699.0,13019085.0,10537487.836376404,16744.7593892426,267364.69507903483,3615618.3798151766,703248.7450012421,0.0252808988764044,0.3448033707865168,0.3539325842696629,0.4473314606741573,1997.0,20905.0,4784122.0,12824399.603905858,17311.112460539996,224685.88578244383,3686859.264075224,730224.8561234981,0.0250375563345017,0.3079619429143715,0.2653980971457186,0.4927391086629945,2604.0,37204.0,22149633.0,8128162.599462366,18687.323939702284,230135.845167816,2419978.2418962014,511249.6850044624,0.0337941628264208,0.3678955453149001,0.2023809523809523,0.4662058371735791
1472.0,10777.0,1244506.0,7984932.503396739,24588.113048454758,172698.64025367404,4152254.981915319,342757.61504796287,0.029891304347826,0.389945652173913,0.3552989130434782,0.360054347826087,1966.0,21545.0,4634035.0,11502661.246185148,11496.486994301518,170677.69597319103,2528114.947064574,757346.6792211107,0.0213631739572736,0.2599186164801628,0.2614445574771109,0.5061037639877924,1424.0,20699.0,13019085.0,10537487.836376404,16744.7593892426,267364.69507903483,3615618.3798151766,703248.7450012421,0.0252808988764044,0.3448033707865168,0.3539325842696629,0.4473314606741573,1997.0,20905.0,4784122.0,12824399.603905858,17311.112460539996,224685.88578244383,3686859.264075224,730224.8561234981,0.0250375563345017,0.3079619429143715,0.2653980971457186,0.4927391086629945,2604.0,37204.0,22149633.0,8128162.599462366,18687.323939702284,230135.845167816,2419978.2418962014,511249.6850044624,0.0337941628264208,0.3678955453149001,0.2023809523809523,0.4662058371735791,1461.0,13568.0,1399603.0,9072455.518822724,23597.240389115566,144885.87501441315,4362149.421901909,526342.496783261,0.0321697467488021,0.3655030800821355,0.3271731690622861,0.4086242299794661
1966.0,21545.0,4634035.0,11502661.246185148,11496.486994301518,170677.69597319103,2528114.947064574,757346.6792211107,0.0213631739572736,0.2599186164801628,0.2614445574771109,0.5061037639877924,1424.0,20699.0,13019085.0,10537487.836376404,16744.7593892426,267364.69507903483,3615618.3798151766,703248.7450012421,0.0252808988764044,0.3448033707865168,0.3539325842696629,0.4473314606741573,1997.0,20905.0,4784122.0,12824399.603905858,17311.112460539996,224685.88578244383,3686859.264075224,730224.8561234981,0.0250375563345017,0.3079619429143715,0.2653980971457186,0.4927391086629945,2604.0,37204.0,22149633.0,8128162.599462366,18687.323939702284,230135.845167816,2419978.2418962014,511249.6850044624,0.0337941628264208,0.3678955453149001,0.2023809523809523,0.4662058371735791,1461.0,13568.0,1399603.0,9072455.518822724,23597.240389115566,144885.87501441315,4362149.421901909,526342.496783261,0.0321697467488021,0.3655030800821355,0.3271731690622861,0.4086242299794661,2348.0,44741.0,28928770.0,12798733.70911414,11574.555558329384,131725.3662644488,3334438.6300178305,728591.8856733784,0.0217206132879046,0.2559625212947189,0.217206132879046,0.5489778534923339
1424.0,20699.0,13019085.0,10537487.836376404,16744.7593892426,267364.69507903483,3615618.3798151766,703248.7450012421,0.0252808988764044,0.3448033707865168,0.3539325842696629,0.4473314606741573,1997.0,20905.0,4784122.0,12824399.603905858,17311.112460539996,224685.88578244383,3686859.264075224,730224.8561234981,0.0250375563345017,0.3079619429143715,0.2653980971457186,0.4927391086629945,2604.0,37204.0,22149633.0,8128162.599462366,18687.323939702284,230135.845167816,2419978.2418962014,511249.6850044624,0.0337941628264208,0.3678955453149001,0.2023809523809523,0.4662058371735791,1461.0,13568.0,1399603.0,9072455.518822724,23597.240389115566,144885.87501441315,4362149.421901909,526342.496783261,0.0321697467488021,0.3655030800821355,0.3271731690622861,0.4086242299794661,2348.0,44741.0,28928770.0,12798733.70911414,11574.555558329384,131725.3662644488,3334438.6300178305,728591.8856733784,0.0217206132879046,0.2559625212947189,0.217206132879046,0.5489778534923339,1491.0,14964.0,2256667.0,9354651.458081825,14100.217377562698,77020.59565640723,3929876.747807384,494078.6626565808,0.0268276324614352,0.3433936955063715,0.3487592219986586,0.4185110663983903
1997.0,20905.0,4784122.0,12824399.603905858,17311.112460539996,224685.88578244383,3686859.264075224,730224.8561234981,0.0250375563345017,0.3079619429143715,0.2653980971457186,0.4927391086629945,2604.0,37204.0,22149633.0,8128162.599462366,18687.323939702284,230135.845167816,2419978.2418962014,511249.6850044624,0.0337941628264208,0.3678955453149001,0.2023809523809523,0.4662058371735791,1461.0,13568.0,1399603.0,9072455.518822724,23597.240389115566,144885.87501441315,4362149.421901909,526342.496783261,0.0321697467488021,0.3655030800821355,0.3271731690622861,0.4086242299794661,2348.0,44741.0,28928770.0,12798733.70911414,11574.555558329384,131725.3662644488,3334438.6300178305,728591.8856733784,0.0217206132879046,0.2559625212947189,0.217206132879046,0.5489778534923339,1491.0,14964.0,2256667.0,9354651.458081825,14100.217377562698,77020.59565640723,3929876.747807384,494078.6626565808,0.0268276324614352,0.3433936955063715,0.3487592219986586,0.4185110663983903,1416.0,24975.0,18819584.0,10208137.420903957,13878.88824926732,151967.89163032777,4802995.994994009,718864.3381453656,0.019774011299435,0.3707627118644068,0.3721751412429379,0.3997175141242938
2604.0,37204.0,22149633.0,8128162.599462366,18687.323939702284,230135.845167816,2419978.2418962014,511249.6850044624,0.0337941628264208,0.3678955453149001,0.2023809523809523,0.4662058371735791,1461.0,13568.0,1399603.0,9072455.518822724,23597.240389115566,144885.87501441315,4362149.421901909,526342.496783261,0.0321697467488021,0.3655030800821355,0.3271731690622861,0.4086242299794661,2348.0,44741.0,28928770.0,12798733.70911414,11574.555558329384,131725.3662644488,3334438.6300178305,728591.8856733784,0.0217206132879046,0.2559625212947189,0.217206132879046,0.5489778534923339,1491.0,14964.0,2256667.0,9354651.458081825,14100.217377562698,77020.59565640723,3929876.747807384,494078.6626565808,0.0268276324614352,0.3433936955063715,0.3487592219986586,0.4185110663983903,1416.0,24975.0,18819584.0,10208137.420903957,13878.88824926732,151967.89163032777,4802995.994994009,718864.3381453656,0.019774011299435,0.3707627118644068,0.3721751412429379,0.3997175141242938,1415.0,13264.0,1446647.0,9957274.328621907,20682.976222550256,113439.62894392796,4950096.239480378,436519.8029406213,0.0473498233215547,0.3908127208480565,0.3667844522968198,0.342756183745583
1461.0,13568.0,1399603.0,9072455.518822724,23597.240389115566,144885.87501441315,4362149.421901909,526342.496783261,0.0321697467488021,0.3655030800821355,0.3271731690622861,0.4086242299794661,2348.0,44741.0,28928770.0,12798733.70911414,11574.555558329384,131725.3662644488,3334438.6300178305,728591.8856733784,0.0217206132879046,0.2559625212947189,0.217206132879046,0.5489778534923339,1491.0,14964.0,2256667.0,9354651.458081825,14100.217377562698,77020.59565640723,3929876.747807384,494078.6626565808,0.0268276324614352,0.3433936955063715,0.3487592219986586,0.4185110663983903,1416.0,24975.0,18819584.0,10208137.420903957,13878.88824926732,151967.89163032777,4802995.994994009,718864.3381453656,0.019774011299435,0.3707627118644068,0.3721751412429379,0.3997175141242938,1415.0,13264.0,1446647.0,9957274.328621907,20682.976222550256,113439.62894392796,4950096.239480378,436519.8029406213,0.0473498233215547,0.3908127208480565,0.3667844522968198,0.342756183745583,2786.0,39602.0,24606116.0,11486179.37150036,12370.368329405614,175178.28188754225,2303551.8296577698,819700.5366825231,0.0172290021536252,0.2185929648241206,0.1755204594400574,0.5789662598707824
2348.0,44741.0,28928770.0,12798733.70911414,11574.555558329384,131725.3662644488,3334438.6300178305,728591.8856733784,0.0217206132879046,0.2559625212947189,0.217206132879046,0.5489778534923339,1491.0,14964.0,2256667.0,9354651.458081825,14100.217377562698,77020.59565640723,3929876.747807384,494078.6626565808,0.0268276324614352,0.3433936955063715,0.3487592219986586,0.4185110663983903,1416.0,24975.0,18819584.0,10208137.420903957,13878.88824926732,151967.89163032777,4802995.994994009,718864.3381453656,0.019774011299435,0.3707627118644068,0.3721751412429379,0.3997175141242938,1415.0,13264.0,1446647.0,9957274.328621907,20682.976222550256,113439.62894392796,4950096.239480378,436519.8029406213,0.0473498233215547,0.3908127208480565,0.3667844522968198,0.342756183745583,2786.0,39602.0,24606116.0,11486179.37150036,12370.368329405614,175178.28188754225,2303551.8296577698,819700.5366825231,0.0172290021536252,0.2185929648241206,0.1755204594400574,0.5789662598707824,2124.0,20800.0,4069159.0,12046998.075800376,13943.184312099653,200486.3100920033,3618206.277847687,737094.2675583427,0.0183615819209039,0.2612994350282486,0.2245762711864407,0.5117702448210922
1491.0,14964.0,2256667.0,9354651.458081825,14100.217377562698,77020.59565640723,3929876.747807384,494078.6626565808,0.0268276324614352,0.3433936955063715,0.3487592219986586,0.4185110663983903,1416.0,24975.0,18819584.0,10208137.420903957,13878.88824926732,151967.89163032777,4802995.994994009,718864.3381453656,0.019774011299435,0.3707627118644068,0.3721751412429379,0.3997175141242938,1415.0,13264.0,1446647.0,9957274.328621907,20682.976222550256,113439.62894392796,4950096.239480378,436519.8029406213,0.0473498233215547,0.3908127208480565,0.3667844522968198,0.342756183745583,2786.0,39602.0,24606116.0,11486179.37150036,12370.368329405614,175178.28188754225,2303551.8296577698,819700.5366825231,0.0172290021536252,0.2185929648241206,0.1755204594400574,0.5789662598707824,2124.0,20800.0,4069159.0,12046998.075800376,13943.184312099653,200486.3100920033,3618206.277847687,737094.2675583427,0.0183615819209039,0.2612994350282486,0.2245762711864407,0.5117702448210922,2125.0,34875.0,24446268.0,13844937.088470588,17444.50369029012,271153.6605238117,3657976.202336084,965773.323927869,0.0225882352941176,0.3096470588235294,0.232,0.5505882352941176
1416.0,24975.0,18819584.0,10208137.420903957,13878.88824926732,151967.89163032777,4802995.994994009,718864.3381453656,0.019774011299435,0.3707627118644068,0.3721751412429379,0.3997175141242938,1415.0,13264.0,1446647.0,9957274.328621907,20682.976222550256,113439.62894392796,4950096.239480378,436519.8029406213,0.0473498233215547,0.3908127208480565,0.3667844522968198,0.342756183745583,2786.0,39602.0,24606116.0,11486179.37150036,12370.368329405614,175178.28188754225,2303551.8296577698,819700.5366825231,0.0172290021536252,0.2185929648241206,0.1755204594400574,0.5789662598707824,2124.0,20800.0,4069159.0,12046998.075800376,13943.184312099653,200486.3100920033,3618206.277847687,737094.2675583427,0.0183615819209039,0.2612994350282486,0.2245762711864407,0.5117702448210922,2125.0,34875.0,24446268.0,13844937.088470588,17444.50369029012,271153.6605238117,3657976.202336084,965773.323927869,0.0225882352941176,0.3096470588235294,0.232,0.5505882352941176,1759.0,16137.0,2619586.0,8818868.221716885,42762.75064042985,309564.0726790836,3681619.203466838,570138.6545658674,0.053439454235361,0.4076179647527004,0.2762933484934622,0.389425810119386
1415.0,13264.0,1446647.0,9957274.328621907,20682.976222550256,113439.62894392796,4950096.239480378,436519.8029406213,0.0473498233215547,0.3908127208480565,0.3667844522968198,0.342756183745583,2786.0,39602.0,24606116.0,11486179.37150036,12370.368329405614,175178.28188754225,2303551.8296577698,819700.5366825231,0.0172290021536252,0.2185929648241206,0.1755204594400574,0.5789662598707824,2124.0,20800.0,4069159.0,12046998.075800376,13943.184312099653,200486.3100920033,3618206.277847687,737094.2675583427,0.0183615819209039,0.2612994350282486,0.2245762711864407,0.5117702448210922,2125.0,34875.0,24446268.0,13844937.088470588,17444.50369029012,271153.6605238117,3657976.202336084,965773.323927869,0.0225882352941176,0.3096470588235294,0.232,0.5505882352941176,1759.0,16137.0,2619586.0,8818868.221716885,42762.75064042985,309564.0726790836,3681619.203466838,570138.6545658674,0.053439454235361,0.4076179647527004,0.2762933484934622,0.389425810119386,2412.0,36875.0,22700793.0,13394060.614013268,21416.09583760043,163792.36830092987,3462416.197390084,858200.9361203064,0.0281923714759535,0.2943615257048093,0.2296849087893864,0.497927031509121
2786.0,39602.0,24606116.0,11486179.37150036,12370.368329405614,175178.28188754225,2303551.8296577698,819700.5366825231,0.0172290021536252,0.2185929648241206,0.1755204594400574,0.5789662598707824,2124.0,20800.0,4069159.0,12046998.075800376,13943.184312099653,200486.3100920033,3618206.277847687,737094.2675583427,0.0183615819209039,0.2612994350282486,0.2245762711864407,0.5117702448210922,2125.0,34875.0,24446268.0,13844937.088470588,17444.50369029012,271153.6605238117,3657976.202336084,965773.323927869,0.0225882352941176,0.3096470588235294,0.232,0.5505882352941176,1759.0,16137.0,2619586.0,8818868.221716885,42762.75064042985,309564.0726790836,3681619.203466838,570138.6545658674,0.053439454235361,0.4076179647527004,0.2762933484934622,0.389425810119386,2412.0,36875.0,22700793.0,13394060.614013268,21416.09583760043,163792.36830092987,3462416.197390084,858200.9361203064,0.0281923714759535,0.2943615257048093,0.2296849087893864,0.497927031509121,2181.0,35801.0,16819377.0,12648309.79825768,20706.62200549356,325333.1903638882,3057049.4751519333,842454.8034242163,0.0325538743695552,0.2929848693259972,0.2434662998624484,0.5121503897294819
2124.0,20800.0,4069159.0,12046998.075800376,13943.184312099653,200486.3100920033,3618206.277847687,737094.2675583427,0.0183615819209039,0.2612994350282486,0.2245762711864407,0.5117702448210922,2125.0,34875.0,24446268.0,13844937.088470588,17444.50369029012,271153.6605238117,3657976.202336084,965773.323927869,0.0225882352941176,0.3096470588235294,0.232,0.5505882352941176,1759.0,16137.0,2619586.0,8818868.221716885,42762.75064042985,309564.0726790836,3681619.203466838,570138.6545658674,0.053439454235361,0.4076179647527004,0.2762933484934622,0.389425810119386,2412.0,36875.0,22700793.0,13394060.614013268,21416.09583760043,163792.36830092987,3462416.197390084,858200.9361203064,0.0281923714759535,0.2943615257048093,0.2296849087893864,0.497927031509121,2181.0,35801.0,16819377.0,12648309.79825768,20706.62200549356,325333.1903638882,3057049.4751519333,842454.8034242163,0.0325538743695552,0.2929848693259972,0.2434662998624484,0.5121503897294819,1632.0,25843.0,18401060.0,9434627.619485294,30027.71480082592,205162.63402839925,3947195.129217609,513316.5807745795,0.025735294117647,0.3511029411764705,0.3118872549019608,0.4338235294117647
2125.0,34875.0,24446268.0,13844937.088470588,17444.50369029012,271153.6605238117,3657976.202336084,965773.323927869,0.0225882352941176,0.3096470588235294,0.232,0.5505882352941176,1759.0,16137.0,2619586.0,8818868.221716885,42762.75064042985,309564.0726790836,3681619.203466838,570138.6545658674,0.053439454235361,0.4076179647527004,0.2762933484934622,0.389425810119386,2412.0,36875.0,22700793.0,13394060.614013268,21416.09583760043,163792.36830092987,3462416.197390084,858200.9361203064,0.0281923714759535,0.2943615257048093,0.2296849087893864,0.497927031509121,2181.0,35801.0,16819377.0,12648309.79825768,20706.62200549356,325333.1903638882,3057049.4751519333,842454.8034242163,0.0325538743695552,0.2929848693259972,0.2434662998624484,0.5121503897294819,1632.0,25843.0,18401060.0,9434627.619485294,30027.71480082592,205162.63402839925,3947195.129217609,513316.5807745795,0.025735294117647,0.3511029411764705,0.3118872549019608,0.4338235294117647,1546.0,14225.0,1704672.0,10154670.236093145,29798.082643457037,250211.7034551713,4954809.043758806,395547.3488925008,0.0439844760672703,0.3880983182406209,0.3318240620957309,0.4003880983182406
1759.0,16137.0,2619586.0,8818868.221716885,42762.75064042985,309564.0726790836,3681619.203466838,570138.6545658674,0.053439454235361,0.4076179647527004,0.2762933484934622,0.389425810119386,2412.0,36875.0,22700793.0,13394060.614013268,21416.09583760043,163792.36830092987,3462416.197390084,858200.9361203064,0.0281923714759535,0.2943615257048093,0.2296849087893864,0.497927031509121,2181.0,35801.0,16819377.0,12648309.79825768,20706.62200549356,325333.1903638882,3057049.4751519333,842454.8034242163,0.0325538743695552,0.2929848693259972,0.2434662998624484,0.5121503897294819,1632.0,25843.0,18401060.0,9434627.619485294,30027.71480082592,205162.63402839925,3947195.129217609,513316.5807745795,0.025735294117647,0.3511029411764705,0.3118872549019608,0.4338235294117647,1546.0,14225.0,1704672.0,10154670.236093145,29798.082643457037,250211.7034551713,4954809.043758806,395547.3488925008,0.0439844760672703,0.3880983182406209,0.3318240620957309,0.4003880983182406,1697.0,19714.0,10211184.0,6720078.945197407,27424.57629894192,155339.52631956278,3486371.1116890023,491463.0445122739,0.0388921626399528,0.3347083087802003,0.3182086034177961,0.4354743665291691
2412.0,36875.0,22700793.0,13394060.614013268,21416.09583760043,163792.36830092987,3462416.197390084,858200.9361203064,0.0281923714759535,0.2943615257048093,0.2296849087893864,0.497927031509121,2181.0,35801.0,16819377.0,12648309.79825768,20706.62200549356,325333.1903638882,3057049.4751519333,842454.8034242163,0.0325538743695552,0.2929848693259972,0.2434662998624484,0.5121503897294819,1632.0,25843.0,18401060.0,9434627.619485294,30027.71480082592,205162.63402839925,3947195.129217609,513316.5807745795,0.025735294117647,0.3511029411764705,0.3118872549019608,0.4338235294117647,1546.0,14225.0,1704672.0,10154670.236093145,29798.082643457037,250211.7034551713,4954809.043758806,395547.3488925008,0.0439844760672703,0.3880983182406209,0.3318240620957309,0.4003880983182406,1697.0,19714.0,10211184.0,6720078.945197407,27424.57629894192,155339.52631956278,3486371.1116890023,491463.0445122739,0.0388921626399528,0.3347083087802003,0.3182086034177961,0.4354743665291691,2369.0,25965.0,7086770.0,10446401.96496412,8336.371549420588,171889.9646406441,2681333.213537999,625265.9220686749,0.0168847615027437,0.3051920641620937,0.2355424229632756,0.4829041789784719
2181.0,35801.0,16819377.0,12648309.79825768,20706.62200549356,325333.1903638882,3057049.4751519333,842454.8034242163,0.0325538743695552,0.2929848693259972,0.2434662998624484,0.5121503897294819,1632.0,25843.0,18401060.0,9434627.619485294,30027.71480082592,205162.63402839925,3947195.129217609,513316.5807745795,0.025735294117647,0.3511029411764705,0.3118872549019608,0.4338235294117647,1546.0,14225.0,1704672.0,10154670.236093145,29798.082643457037,250211.7034551713,4954809.043758806,395547.3488925008,0.0439844760672703,0.3880983182406209,0.3318240620957309,0.4003880983182406,1697.0,19714.0,10211184.0,6720078.945197407,27424.57629894192,155339.52631956278,3486371.1116890023,491463.0445122739,0.0388921626399528,0.3347083087802003,0.3182086034177961,0.4354743665291691,2369.0,25965.0,7086770.0,10446401.96496412,8336.371549420588,171889.9646406441,2681333.213537999,625265.9220686749,0.0168847615027437,0.3051920641620937,0.2355424229632756,0.4829041789784719,2741.0,34227.0,16313898.0,12808273.4855892,16324.15799375804,292643.7148680002,3044411.480994808,788675.5635989794,0.018971178402043,0.2659613279824881,0.209047792776359,0.5118569865012769
1632.0,25843.0,18401060.0,9434627.619485294,30027.71480082592,205162.63402839925,3947195.129217609,513316.5807745795,0.025735294117647,0.3511029411764705,0.3118872549019608,0.4338235294117647,1546.0,14225.0,1704672.0,10154670.236093145,29798.082643457037,250211.7034551713,4954809.043758806,395547.3488925008,0.0439844760672703,0.3880983182406209,0.3318240620957309,0.4003880983182406,1697.0,19714.0,10211184.0,6720078.945197407,27424.57629894192,155339.52631956278,3486371.1116890023,491463.0445122739,0.0388921626399528,0.3347083087802003,0.3182086034177961,0.4354743665291691,2369.0,25965.0,7086770.0,10446401.96496412,8336.371549420588,171889.9646406441,2681333.213537999,625265.9220686749,0.0168847615027437,0.3051920641620937,0.2355424229632756,0.4829041789784719,2741.0,34227.0,16313898.0,12808273.4855892,16324.15799375804,292643.7148680002,3044411.480994808,788675.5635989794,0.018971178402043,0.2659613279824881,0.209047792776359,0.5118569865012769,1542.0,14027.0,1797992.0,8795432.877431907,16547.23879125842,123703.45301680177,3790529.0422893055,509033.8990938508,0.0175097276264591,0.3845654993514916,0.3333333333333333,0.4066147859922179
1546.0,14225.0,1704672.0,10154670.236093145,29798.082643457037,250211.7034551713,4954809.043758806,395547.3488925008,0.0439844760672703,0.3880983182406209,0.3318240620957309,0.4003880983182406,1697.0,19714.0,10211184.0,6720078.945197407,27424.57629894192,155339.52631956278,3486371.1116890023,491463.0445122739,0.0388921626399528,0.3347083087802003,0.3182086034177961,0.4354743665291691,2369.0,25965.0,7086770.0,10446401.96496412,8336.371549420588,171889.9646406441,2681333.213537999,625265.9220686749,0.0168847615027437,0.3051920641620937,0.2355424229632756,0.4829041789784719,2741.0,34227.0,16313898.0,12808273.4855892,16324.15799375804,292643.7148680002,3044411.480994808,788675.5635989794,0.018971178402043,0.2659613279824881,0.209047792776359,0.5118569865012769,1542.0,14027.0,1797992.0,8795432.877431907,16547.23879125842,123703.45301680177,3790529.0422893055,509033.8990938508,0.0175097276264591,0.3845654993514916,0.3333333333333333,0.4066147859922179,1639.0,17778.0,9625809.0,7680666.716900549,42053.4335659391,455134.4310392282,4059287.328909132,442681.8735910221,0.0707748627211714,0.4569859670530811,0.3068944478340451,0.3428920073215375
1697.0,19714.0,10211184.0,6720078.945197407,27424.57629894192,155339.52631956278,3486371.1116890023,491463.0445122739,0.0388921626399528,0.3347083087802003,0.3182086034177961,0.4354743665291691,2369.0,25965.0,7086770.0,10446401.96496412,8336.371549420588,171889.9646406441,2681333.213537999,625265.9220686749,0.0168847615027437,0.3051920641620937,0.2355424229632756,0.4829041789784719,2741.0,34227.0,16313898.0,12808273.4855892,16324.15799375804,292643.7148680002,3044411.480994808,788675.5635989794,0.018971178402043,0.2659613279824881,0.209047792776359,0.5118569865012769,1542.0,14027.0,1797992.0,8795432.877431907,16547.23879125842,123703.45301680177,3790529.0422893055,509033.8990938508,0.0175097276264591,0.3845654993514916,0.3333333333333333,0.4066147859922179,1639.0,17778.0,9625809.0,7680666.716900549,42053.4335659391,455134.4310392282,4059287.328909132,442681.8735910221,0.0707748627211714,0.4569859670530811,0.3068944478340451,0.3428920073215375,1373.0,12894.0,1374567.0,8819381.019664967,30198.060504239995,201473.29672501705,5005826.966126789,261349.05980660007,0.0480699198834668,0.3903860160233066,0.3852876911871813,0.3299344501092498
2369.0,25965.0,7086770.0,10446401.96496412,8336.371549420588,171889.9646406441,2681333.213537999,625265.9220686749,0.0168847615027437,0.3051920641620937,0.2355424229632756,0.4829041789784719,2741.0,34227.0,16313898.0,12808273.4855892,16324.15799375804,292643.7148680002,3044411.480994808,788675.5635989794,0.018971178402043,0.2659613279824881,0.209047792776359,0.5118569865012769,1542.0,14027.0,1797992.0,8795432.877431907,16547.23879125842,123703.45301680177,3790529.0422893055,509033.8990938508,0.0175097276264591,0.3845654993514916,0.3333333333333333,0.4066147859922179,1639.0,17778.0,9625809.0,7680666.716900549,42053.4335659391,455134.4310392282,4059287.328909132,442681.8735910221,0.0707748627211714,0.4569859670530811,0.3068944478340451,0.3428920073215375,1373.0,12894.0,1374567.0,8819381.019664967,30198.060504239995,201473.29672501705,5005826.966126789,261349.05980660007,0.0480699198834668,0.3903860160233066,0.3852876911871813,0.3299344501092498,2232.0,32094.0,16480219.0,14316538.912634408,13218.869797327538,216153.22299248417,3584154.994273352,1003736.082570145,0.017921146953405,0.2423835125448028,0.2379032258064516,0.5318100358422939
2741.0,34227.0,16313898.0,12808273.4855892,16324.15799375804,292643.7148680002,3044411.480994808,788675.5635989794,0.018971178402043,0.2659613279824881,0.209047792776359,0.5118569865012769,1542.0,14027.0,1797992.0,8795432.877431907,16547.23879125842,123703.45301680177,3790529.0422893055,509033.8990938508,0.0175097276264591,0.3845654993514916,0.3333333333333333,0.4066147859922179,1639.0,17778.0,9625809.0,7680666.716900549,42053.4335659391,455134.4310392282,4059287.328909132,442681.8735910221,0.0707748627211714,0.4569859670530811,0.3068944478340451,0.3428920073215375,1373.0,12894.0,1374567.0,8819381.019664967,30198.060504239995,201473.29672501705,5005826.966126789,261349.05980660007,0.0480699198834668,0.3903860160233066,0.3852876911871813,0.3299344501092498,2232.0,32094.0,16480219.0,14316538.912634408,13218.869797327538,216153.22299248417,3584154.994273352,1003736.082570145,0.017921146953405,0.2423835125448028,0.2379032258064516,0.5318100358422939,1665.0,18066.0,3958371.0,12564859.21081081,8790.256577549908,59153.56510699539,5112439.627772938,703747.9155629383,0.018018018018018,0.3009009009009009,0.3219219219219219,0.4018018018018018
1542.0,14027.0,1797992.0,8795432.877431907,16547.23879125842,123703.45301680177,3790529.0422893055,509033.8990938508,0.0175097276264591,0.3845654993514916,0.3333333333333333,0.4066147859922179,1639.0,17778.0,9625809.0,7680666.716900549,42053.4335659391,455134.4310392282,4059287.328909132,442681.8735910221,0.0707748627211714,0.4569859670530811,0.3068944478340451,0.3428920073215375,1373.0,12894.0,1374567.0,8819381.019664967,30198.060504239995,201473.29672501705,5005826.966126789,261349.05980660007,0.0480699198834668,0.3903860160233066,0.3852876911871813,0.3299344501092498,2232.0,32094.0,16480219.0,14316538.912634408,13218.869797327538,216153.22299248417,3584154.994273352,1003736.082570145,0.017921146953405,0.2423835125448028,0.2379032258064516,0.5318100358422939,1665.0,18066.0,3958371.0,12564859.21081081,8790.256577549908,59153.56510699539,5112439.627772938,703747.9155629383,0.018018018018018,0.3009009009009009,0.3219219219219219,0.4018018018018018,1619.0,19237.0,9938460.0,10634314.154416306,10317.640366123544,35666.265034540025,5612510.267324846,706878.5165612424,0.0080296479308214,0.355775169857937,0.3292155651636813,0.3730697961704756
1639.0,17778.0,9625809.0,7680666.716900549,42053.4335659391,455134.4310392282,4059287.328909132,442681.8735910221,0.0707748627211714,0.4569859670530811,0.3068944478340451,0.3428920073215375,1373.0,12894.0,1374567.0,8819381.019664967,30198.060504239995,201473.29672501705,5005826.966126789,261349.05980660007,0.0480699198834668,0.3903860160233066,0.3852876911871813,0.3299344501092498,2232.0,32094.0,16480219.0,14316538.912634408,13218.869797327538,216153.22299248417,3584154.994273352,1003736.082570145,0.017921146953405,0.2423835125448028,0.2379032258064516,0.5318100358422939,1665.0,18066.0,3958371.0,12564859.21081081,8790.256577549908,59153.56510699539,5112439.627772938,703747.9155629383,0.018018018018018,0.3009009009009009,0.3219219219219219,0.4018018018018018,1619.0,19237.0,9938460.0,10634314.154416306,10317.640366123544,35666.265034540025,5612510.267324846,706878.5165612424,0.0080296479308214,0.355775169857937,0.3292155651636813,0.3730697961704756,2059.0,21619.0,4093459.0,11268751.174842156,24768.37226635555,223994.6760069969,3922723.011640384,719053.0125143855,0.0456532297231665,0.3254006799417193,0.2656629431762992,0.4667314230208839
1373.0,12894.0,1374567.0,8819381.019664967,30198.060504239995,201473.29672501705,5005826.966126789,261349.05980660007,0.0480699198834668,0.3903860160233066,0.3852876911871813,0.3299344501092498,2232.0,32094.0,16480219.0,14316538.912634408,13218.869797327538,216153.22299248417,3584154.994273352,1003736.082570145,0.017921146953405,0.2423835125448028,0.2379032258064516,0.5318100358422939,1665.0,18066.0,3958371.0,12564859.21081081,8790.256577549908,59153.56510699539,5112439.627772938,703747.9155629383,0.018018018018018,0.3009009009009009,0.3219219219219219,0.4018018018018018,1619.0,19237.0,9938460.0,10634314.154416306,10317.640366123544,35666.265034540025,5612510.267324846,706878.5165612424,0.0080296479308214,0.355775169857937,0.3292155651636813,0.3730697961704756,2059.0,21619.0,4093459.0,11268751.174842156,24768.37226635555,223994.6760069969,3922723.011640384,719053.0125143855,0.0456532297231665,0.3254006799417193,0.2656629431762992,0.4667314230208839,1756.0,21942.0,10808082.0,10531405.128701594,14198.671306678249,85202.10116047674,4835656.948175872,436075.5645440769,0.0182232346241457,0.3075170842824601,0.3365603644646925,0.4333712984054669
2232.0,32094.0,16480219.0,14316538.912634408,13218.869797327538,216153.22299248417,3584154.994273352,1003736.082570145,0.017921146953405,0.2423835125448028,0.2379032258064516,0.5318100358422939,1665.0,18066.0,3958371.0,12564859.21081081,8790.256577549908,59153.56510699539,5112439.627772938,703747.9155629383,0.018018018018018,0.3009009009009009,0.3219219219219219,0.4018018018018018,1619.0,19237.0,9938460.0,10634314.154416306,10317.640366123544,35666.265034540025,5612510.267324846,706878.5165612424,0.0080296479308214,0.355775169857937,0.3292155651636813,0.3730697961704756,2059.0,21619.0,4093459.0,11268751.174842156,24768.37226635555,223994.6760069969,3922723.011640384,719053.0125143855,0.0456532297231665,0.3254006799417193,0.2656629431762992,0.4667314230208839,1756.0,21942.0,10808082.0,10531405.128701594,14198.671306678249,85202.10116047674,4835656.948175872,436075.5645440769,0.0182232346241457,0.3075170842824601,0.3365603644646925,0.4333712984054669,1526.0,15257.0,1720917.0,9092075.112712976,13148.473810936492,36667.82519963136,4946071.202216522,492653.2708178128,0.028178243774574,0.3577981651376147,0.374180865006553,0.3401048492791612
1665.0,18066.0,3958371.0,12564859.21081081,8790.256577549908,59153.56510699539,5112439.627772938,703747.9155629383,0.018018018018018,0.3009009009009009,0.3219219219219219,0.4018018018018018,1619.0,19237.0,9938460.0,10634314.154416306,10317.640366123544,35666.265034540025,5612510.267324846,706878.5165612424,0.0080296479308214,0.355775169857937,0.3292155651636813,0.3730697961704756,2059.0,21619.0,4093459.0,11268751.174842156,24768.37226635555,223994.6760069969,3922723.011640384,719053.0125143855,0.0456532297231665,0.3254006799417193,0.2656629431762992,0.4667314230208839,1756.0,21942.0,10808082.0,10531405.128701594,14198.671306678249,85202.10116047674,4835656.948175872,436075.5645440769,0.0182232346241457,0.3075170842824601,0.3365603644646925,0.4333712984054669,1526.0,15257.0,1720917.0,9092075.112712976,13148.473810936492,36667.82519963136,4946071.202216522,492653.2708178128,0.028178243774574,0.3577981651376147,0.374180865006553,0.3401048492791612,1723.0,22891.0,12828498.0,7165115.337202554,23016.51039343135,233567.6325751454,3948160.955712544,318058.8892290941,0.0237957051654091,0.3505513639001741,0.343006384213581,0.4045269878119559
1619.0,19237.0,9938460.0,10634314.154416306,10317.640366123544,35666.265034540025,5612510.267324846,706878.5165612424,0.0080296479308214,0.355775169857937,0.3292155651636813,0.3730697961704756,2059.0,21619.0,4093459.0,11268751.174842156,24768.37226635555,223994.6760069969,3922723.011640384,719053.0125143855,0.0456532297231665,0.3254006799417193,0.2656629431762992,0.4667314230208839,1756.0,21942.0,10808082.0,10531405.128701594,14198.671306678249,85202.10116047674,4835656.948175872,436075.5645440769,0.0182232346241457,0.3075170842824601,0.3365603644646925,0.4333712984054669,1526.0,15257.0,1720917.0,9092075.112712976,13148.473810936492,36667.82519963136,4946071.202216522,492653.2708178128,0.028178243774574,0.3577981651376147,0.374180865006553,0.3401048492791612,1723.0,22891.0,12828498.0,7165115.337202554,23016.51039343135,233567.6325751454,3948160.955712544,318058.8892290941,0.0237957051654091,0.3505513639001741,0.343006384213581,0.4045269878119559,1771.0,21355.0,6335787.0,13034153.804630153,8925.472370225401,78350.41665181526,4333733.906037118,569561.012402472,0.023150762281197,0.2806324110671936,0.3043478260869565,0.4579333709768492
2059.0,21619.0,4093459.0,11268751.174842156,24768.37226635555,223994.6760069969,3922723.011640384,719053.0125143855,0.0456532297231665,0.3254006799417193,0.2656629431762992,0.4667314230208839,1756.0,21942.0,10808082.0,10531405.128701594,14198.671306678249,85202.10116047674,4835656.948175872,436075.5645440769,0.0182232346241457,0.3075170842824601,0.3365603644646925,0.4333712984054669,1526.0,15257.0,1720917.0,9092075.112712976,13148.473810936492,36667.82519963136,4946071.202216522,492653.2708178128,0.028178243774574,0.3577981651376147,0.374180865006553,0.3401048492791612,1723.0,22891.0,12828498.0,7165115.337202554,23016.51039343135,233567.6325751454,3948160.955712544,318058.8892290941,0.0237957051654091,0.3505513639001741,0.343006384213581,0.4045269878119559,1771.0,21355.0,6335787.0,13034153.804630153,8925.472370225401,78350.41665181526,4333733.906037118,569561.012402472,0.023150762281197,0.2806324110671936,0.3043478260869565,0.4579333709768492,1448.0,19189.0,10177804.0,8261716.296270718,10012.21854802931,164186.56657390215,4050014.4432910206,404073.27786983177,0.0165745856353591,0.3080110497237569,0.3825966850828729,0.4005524861878453
1756.0,21942.0,10808082.0,10531405.128701594,14198.671306678249,85202.10116047674,4835656.948175872,436075.5645440769,0.0182232346241457,0.3075170842824601,0.3365603644646925,0.4333712984054669,1526.0,15257.0,1720917.0,9092075.112712976,13148.473810936492,36667.82519963136,4946071.202216522,492653.2708178128,0.028178243774574,0.3577981651376147,0.374180865006553,0.3401048492791612,1723.0,22891.0,12828498.0,7165115.337202554,23016.51039343135,233567.6325751454,3948160.955712544,318058.8892290941,0.0237957051654091,0.3505513639001741,0.343006384213581,0.4045269878119559,1771.0,21355.0,6335787.0,13034153.804630153,8925.472370225401,78350.41665181526,4333733.906037118,569561.012402472,0.023150762281197,0.2806324110671936,0.3043478260869565,0.4579333709768492,1448.0,19189.0,10177804.0,8261716.296270718,10012.21854802931,164186.56657390215,4050014.4432910206,404073.27786983177,0.0165745856353591,0.3080110497237569,0.3825966850828729,0.4005524861878453,2111.0,26475.0,8512738.0,11547109.914258646,9819.199931729469,130318.24097278652,3135276.022717257,764216.3722054728,0.0175272382756987,0.270487920416864,0.2614874467077214,0.5054476551397442
1526.0,15257.0,1720917.0,9092075.112712976,13148.473810936492,36667.82519963136,4946071.202216522,492653.2708178128,0.028178243774574,0.3577981651376147,0.374180865006553,0.3401048492791612,1723.0,22891.0,12828498.0,7165115.337202554,23016.51039343135,233567.6325751454,3948160.955712544,318058.8892290941,0.0237957051654091,0.3505513639001741,0.343006384213581,0.4045269878119559,1771.0,21355.0,6335787.0,13034153.804630153,8925.472370225401,78350.41665181526,4333733.906037118,569561.012402472,0.023150762281197,0.2806324110671936,0.3043478260869565,0.4579333709768492,1448.0,19189.0,10177804.0,8261716.296270718,10012.21854802931,164186.56657390215,4050014.4432910206,404073.27786983177,0.0165745856353591,0.3080110497237569,0.3825966850828729,0.4005524861878453,2111.0,26475.0,8512738.0,11547109.914258646,9819.199931729469,130318.24097278652,3135276.022717257,764216.3722054728,0.0175272382756987,0.270487920416864,0.2614874467077214,0.5054476551397442,1584.0,17821.0,9579593.0,8655305.033459596,22584.538999278546,263582.17528829374,4664935.022843078,370067.4733276528,0.0284090909090909,0.3869949494949495,0.303030303030303,0.4034090909090909
1723.0,22891.0,12828498.0,7165115.337202554,23016.51039343135,233567.6325751454,3948160.955712544,318058.8892290941,0.0237957051654091,0.3505513639001741,0.343006384213581,0.4045269878119559,1771.0,21355.0,6335787.0,13034153.804630153,8925.472370225401,78350.41665181526,4333733.906037118,569561.012402472,0.023150762281197,0.2806324110671936,0.3043478260869565,0.4579333709768492,1448.0,19189.0,10177804.0,8261716.296270718,10012.21854802931,164186.56657390215,4050014.4432910206,404073.27786983177,0.0165745856353591,0.3080110497237569,0.3825966850828729,0.4005524861878453,2111.0,26475.0,8512738.0,11547109.914258646,9819.199931729469,130318.24097278652,3135276.022717257,764216.3722054728,0.0175272382756987,0.270487920416864,0.2614874467077214,0.5054476551397442,1584.0,17821.0,9579593.0,8655305.033459596,22584.538999278546,263582.17528829374,4664935.022843078,370067.4733276528,0.0284090909090909,0.3869949494949495,0.303030303030303,0.4034090909090909,1646.0,13907.0,1280651.0,7652290.45200486,17410.966250437847,201337.03722316807,3671647.075799325,352627.2302190391,0.0188335358444714,0.4234507897934386,0.2812879708383961,0.4198055893074119
1771.0,21355.0,6335787.0,13034153.804630153,8925.472370225401,78350.41665181526,4333733.906037118,569561.012402472,0.023150762281197,0.2806324110671936,0.3043478260869565,0.4579333709768492,1448.0,19189.0,10177804.0,8261716.296270718,10012.21854802931,164186.56657390215,4050014.4432910206,404073.27786983177,0.0165745856353591,0.3080110497237569,0.3825966850828729,0.4005524861878453,2111.0,26475.0,8512738.0,11547109.914258646,9819.199931729469,130318.24097278652,3135276.022717257,764216.3722054728,0.0175272382756987,0.270487920416864,0.2614874467077214,0.5054476551397442,1584.0,17821.0,9579593.0,8655305.033459596,22584.538999278546,263582.17528829374,4664935.022843078,370067.4733276528,0.0284090909090909,0.3869949494949495,0.303030303030303,0.4034090909090909,1646.0,13907.0,1280651.0,7652290.45200486,17410.966250437847,201337.03722316807,3671647.075799325,352627.2302190391,0.0188335358444714,0.4234507897934386,0.2812879708383961,0.4198055893074119,1250.0,16488.0,9308101.0,8051399.292,17153.708362853875,97628.08067216446,4979977.535742657,304284.33732433687,0.04,0.3968,0.3672,0.3528
1448.0,19189.0,10177804.0,8261716.296270718,10012.21854802931,164186.56657390215,4050014.4432910206,404073.27786983177,0.0165745856353591,0.3080110497237569,0.3825966850828729,0.4005524861878453,2111.0,26475.0,8512738.0,11547109.914258646,9819.199931729469,130318.24097278652,3135276.022717257,764216.3722054728,0.0175272382756987,0.270487920416864,0.2614874467077214,0.5054476551397442,1584.0,17821.0,9579593.0,8655305.033459596,22584.538999278546,263582.17528829374,4664935.022843078,370067.4733276528,0.0284090909090909,0.3869949494949495,0.303030303030303,0.4034090909090909,1646.0,13907.0,1280651.0,7652290.45200486,17410.966250437847,201337.03722316807,3671647.075799325,352627.2302190391,0.0188335358444714,0.4234507897934386,0.2812879708383961,0.4198055893074119,1250.0,16488.0,9308101.0,8051399.292,17153.708362853875,97628.08067216446,4979977.535742657,304284.33732433687,0.04,0.3968,0.3672,0.3528,1796.0,23706.0,10612221.0,13547645.92817372,9184.18057243984,128041.51751999512,4199061.654795751,759429.3841373454,0.0222717149220489,0.2700445434298441,0.2410913140311804,0.5373051224944321
2111.0,26475.0,8512738.0,11547109.914258646,9819.199931729469,130318.24097278652,3135276.022717257,764216.3722054728,0.0175272382756987,0.270487920416864,0.2614874467077214,0.5054476551397442,1584.0,17821.0,9579593.0,8655305.033459596,22584.538999278546,263582.17528829374,4664935.022843078,370067.4733276528,0.0284090909090909,0.3869949494949495,0.303030303030303,0.4034090909090909,1646.0,13907.0,1280651.0,7652290.45200486,17410.966250437847,201337.03722316807,3671647.075799325,352627.2302190391,0.0188335358444714,0.4234507897934386,0.2812879708383961,0.4198055893074119,1250.0,16488.0,9308101.0,8051399.292,17153.708362853875,97628.08067216446,4979977.535742657,304284.33732433687,0.04,0.3968,0.3672,0.3528,1796.0,23706.0,10612221.0,13547645.92817372,9184.18057243984,128041.51751999512,4199061.654795751,759429.3841373454,0.0222717149220489,0.2700445434298441,0.2410913140311804,0.5373051224944321,1686.0,25129.0,14094341.0,11885019.021945434,5900.414059583035,76353.08437626714,3583707.204298869,711670.5795263691,0.0154211150652431,0.2882562277580071,0.2497034400948991,0.5225385527876631
1584.0,17821.0,9579593.0,8655305.033459596,22584.538999278546,263582.17528829374,4664935.022843078,370067.4733276528,0.0284090909090909,0.3869949494949495,0.303030303030303,0.4034090909090909,1646.0,13907.0,1280651.0,7652290.45200486,17410.966250437847,201337.03722316807,3671647.075799325,352627.2302190391,0.0188335358444714,0.4234507897934386,0.2812879708383961,0.4198055893074119,1250.0,16488.0,9308101.0,8051399.292,17153.708362853875,97628.08067216446,4979977.535742657,304284.33732433687,0.04,0.3968,0.3672,0.3528,1796.0,23706.0,10612221.0,13547645.92817372,9184.18057243984,128041.51751999512,4199061.654795751,759429.3841373454,0.0222717149220489,0.2700445434298441,0.2410913140311804,0.5373051224944321,1686.0,25129.0,14094341.0,11885019.021945434,5900.414059583035,76353.08437626714,3583707.204298869,711670.5795263691,0.0154211150652431,0.2882562277580071,0.2497034400948991,0.5225385527876631,1265.0,11780.0,1192581.0,11553940.163636364,11715.816546367369,136505.71245734268,5360707.026176675,614837.7003008162,0.0150197628458498,0.3802371541501976,0.324901185770751,0.3897233201581028
1646.0,13907.0,1280651.0,7652290.45200486,17410.966250437847,201337.03722316807,3671647.075799325,352627.2302190391,0.0188335358444714,0.4234507897934386,0.2812879708383961,0.4198055893074119,1250.0,16488.0,9308101.0,8051399.292,17153.708362853875,97628.08067216446,4979977.535742657,304284.33732433687,0.04,0.3968,0.3672,0.3528,1796.0,23706.0,10612221.0,13547645.92817372,9184.18057243984,128041.51751999512,4199061.654795751,759429.3841373454,0.0222717149220489,0.2700445434298441,0.2410913140311804,0.5373051224944321,1686.0,25129.0,14094341.0,11885019.021945434,5900.414059583035,76353.08437626714,3583707.204298869,711670.5795263691,0.0154211150652431,0.2882562277580071,0.2497034400948991,0.5225385527876631,1265.0,11780.0,1192581.0,11553940.163636364,11715.816546367369,136505.71245734268,5360707.026176675,614837.7003008162,0.0150197628458498,0.3802371541501976,0.324901185770751,0.3897233201581028,1890.0,31183.0,19563028.0,10226011.975661376,23445.56990190789,321454.76310928696,3761132.067992771,623648.163186256,0.0391534391534391,0.3582010582010582,0.2243386243386243,0.4544973544973545
1250.0,16488.0,9308101.0,8051399.292,17153.708362853875,97628.08067216446,4979977.535742657,304284.33732433687,0.04,0.3968,0.3672,0.3528,1796.0,23706.0,10612221.0,13547645.92817372,9184.18057243984,128041.51751999512,4199061.654795751,759429.3841373454,0.0222717149220489,0.2700445434298441,0.2410913140311804,0.5373051224944321,1686.0,25129.0,14094341.0,11885019.021945434,5900.414059583035,76353.08437626714,3583707.204298869,711670.5795263691,0.0154211150652431,0.2882562277580071,0.2497034400948991,0.5225385527876631,1265.0,11780.0,1192581.0,11553940.163636364,11715.816546367369,136505.71245734268,5360707.026176675,614837.7003008162,0.0150197628458498,0.3802371541501976,0.324901185770751,0.3897233201581028,1890.0,31183.0,19563028.0,10226011.975661376,23445.56990190789,321454.76310928696,3761132.067992771,623648.163186256,0.0391534391534391,0.3582010582010582,0.2243386243386243,0.4544973544973545,2057.0,30664.0,13639557.0,12236099.577540107,16082.3724022012,153311.61378263088,3252768.7911002007,831302.080868636,0.033543996110841,0.3087019931939718,0.216334467671366,0.4953816237238697
1796.0,23706.0,10612221.0,13547645.92817372,9184.18057243984,128041.51751999512,4199061.654795751,759429.3841373454,0.0222717149220489,0.2700445434298441,0.2410913140311804,0.5373051224944321,1686.0,25129.0,14094341.0,11885019.021945434,5900.414059583035,76353.08437626714,3583707.204298869,711670.5795263691,0.0154211150652431,0.2882562277580071,0.2497034400948991,0.5225385527876631,1265.0,11780.0,1192581.0,11553940.163636364,11715.816546367369,136505.71245734268,5360707.026176675,614837.7003008162,0.0150197628458498,0.3802371541501976,0.324901185770751,0.3897233201581028,1890.0,31183.0,19563028.0,10226011.975661376,23445.56990190789,321454.76310928696,3761132.067992771,623648.163186256,0.0391534391534391,0.3582010582010582,0.2243386243386243,0.4544973544973545,2057.0,30664.0,13639557.0,12236099.577540107,16082.3724022012,153311.61378263088,3252768.7911002007,831302.080868636,0.033543996110841,0.3087019931939718,0.216334467671366,0.4953816237238697,2176.0,32068.0,19664945.0,13463316.6484375,13348.964914408762,311100.5339949226,3654593.538685374,960935.5015955626,0.0225183823529411,0.2876838235294117,0.2081801470588235,0.5739889705882353
1686.0,25129.0,14094341.0,11885019.021945434,5900.414059583035,76353.08437626714,3583707.204298869,711670.5795263691,0.0154211150652431,0.2882562277580071,0.2497034400948991,0.5225385527876631,1265.0,11780.0,1192581.0,11553940.163636364,11715.816546367369,136505.71245734268,5360707.026176675,614837.7003008162,0.0150197628458498,0.3802371541501976,0.324901185770751,0.3897233201581028,1890.0,31183.0,19563028.0,10226011.975661376,23445.56990190789,321454.76310928696,3761132.067992771,623648.163186256,0.0391534391534391,0.3582010582010582,0.2243386243386243,0.4544973544973545,2057.0,30664.0,13639557.0,12236099.577540107,16082.3724022012,153311.61378263088,3252768.7911002007,831302.080868636,0.033543996110841,0.3087019931939718,0.216334467671366,0.4953816237238697,2176.0,32068.0,19664945.0,13463316.6484375,13348.964914408762,311100.5339949226,3654593.538685374,960935.5015955626,0.0225183823529411,0.2876838235294117,0.2081801470588235,0.5739889705882353,2319.0,30848.0,12063366.0,13302295.492453644,24605.109673568088,283816.7930946575,3133603.11689645,906714.1241556212,0.031910306166451,0.3044415696420871,0.1910306166451056,0.5252263906856404
1265.0,11780.0,1192581.0,11553940.163636364,11715.816546367369,136505.71245734268,5360707.026176675,614837.7003008162,0.0150197628458498,0.3802371541501976,0.324901185770751,0.3897233201581028,1890.0,31183.0,19563028.0,10226011.975661376,23445.56990190789,321454.76310928696,3761132.067992771,623648.163186256,0.0391534391534391,0.3582010582010582,0.2243386243386243,0.4544973544973545,2057.0,30664.0,13639557.0,12236099.577540107,16082.3724022012,153311.61378263088,3252768.7911002007,831302.080868636,0.033543996110841,0.3087019931939718,0.216334467671366,0.4953816237238697,2176.0,32068.0,19664945.0,13463316.6484375,13348.964914408762,311100.5339949226,3654593.538685374,960935.5015955626,0.0225183823529411,0.2876838235294117,0.2081801470588235,0.5739889705882353,2319.0,30848.0,12063366.0,13302295.492453644,24605.109673568088,283816.7930946575,3133603.11689645,906714.1241556212,0.031910306166451,0.3044415696420871,0.1910306166451056,0.5252263906856404,1409.0,18387.0,9523982.0,7680951.352732434,22910.446172414573,463449.5004107945,4227112.094615324,503143.2146281219,0.0283889283179559,0.4151880766501065,0.3215046132008516,0.3924769339957417
1890.0,31183.0,19563028.0,10226011.975661376,23445.56990190789,321454.76310928696,3761132.067992771,623648.163186256,0.0391534391534391,0.3582010582010582,0.2243386243386243,0.4544973544973545,2057.0,30664.0,13639557.0,12236099.577540107,16082.3724022012,153311.61378263088,3252768.7911002007,831302.080868636,0.033543996110841,0.3087019931939718,0.216334467671366,0.4953816237238697,2176.0,32068.0,19664945.0,13463316.6484375,13348.964914408762,311100.5339949226,3654593.538685374,960935.5015955626,0.0225183823529411,0.2876838235294117,0.2081801470588235,0.5739889705882353,2319.0,30848.0,12063366.0,13302295.492453644,24605.109673568088,283816.7930946575,3133603.11689645,906714.1241556212,0.031910306166451,0.3044415696420871,0.1910306166451056,0.5252263906856404,1409.0,18387.0,9523982.0,7680951.352732434,22910.446172414573,463449.5004107945,4227112.094615324,503143.2146281219,0.0283889283179559,0.4151880766501065,0.3215046132008516,0.3924769339957417,1876.0,25583.0,10916505.0,11132967.274520256,25803.49790141184,183762.89518136004,4204266.09095488,519056.7754195704,0.0490405117270788,0.3789978678038379,0.2414712153518123,0.4381663113006396
2057.0,30664.0,13639557.0,12236099.577540107,16082.3724022012,153311.61378263088,3252768.7911002007,831302.080868636,0.033543996110841,0.3087019931939718,0.216334467671366,0.4953816237238697,2176.0,32068.0,19664945.0,13463316.6484375,13348.964914408762,311100.5339949226,3654593.538685374,960935.5015955626,0.0225183823529411,0.2876838235294117,0.2081801470588235,0.5739889705882353,2319.0,30848.0,12063366.0,13302295.492453644,24605.109673568088,283816.7930946575,3133603.11689645,906714.1241556212,0.031910306166451,0.3044415696420871,0.1910306166451056,0.5252263906856404,1409.0,18387.0,9523982.0,7680951.352732434,22910.446172414573,463449.5004107945,4227112.094615324,503143.2146281219,0.0283889283179559,0.4151880766501065,0.3215046132008516,0.3924769339957417,1876.0,25583.0,10916505.0,11132967.274520256,25803.49790141184,183762.89518136004,4204266.09095488,519056.7754195704,0.0490405117270788,0.3789978678038379,0.2414712153518123,0.4381663113006396,1667.0,20771.0,9379456.0,8685850.851829635,19033.29379389918,97700.63323452351,4042106.8362497496,599093.7135263062,0.0443911217756448,0.3569286142771445,0.3251349730053989,0.4049190161967606
2176.0,32068.0,19664945.0,13463316.6484375,13348.964914408762,311100.5339949226,3654593.538685374,960935.5015955626,0.0225183823529411,0.2876838235294117,0.2081801470588235,0.5739889705882353,2319.0,30848.0,12063366.0,13302295.492453644,24605.109673568088,283816.7930946575,3133603.11689645,906714.1241556212,0.031910306166451,0.3044415696420871,0.1910306166451056,0.5252263906856404,1409.0,18387.0,9523982.0,7680951.352732434,22910.446172414573,463449.5004107945,4227112.094615324,503143.2146281219,0.0283889283179559,0.4151880766501065,0.3215046132008516,0.3924769339957417,1876.0,25583.0,10916505.0,11132967.274520256,25803.49790141184,183762.89518136004,4204266.09095488,519056.7754195704,0.0490405117270788,0.3789978678038379,0.2414712153518123,0.4381663113006396,1667.0,20771.0,9379456.0,8685850.851829635,19033.29379389918,97700.63323452351,4042106.8362497496,599093.7135263062,0.0443911217756448,0.3569286142771445,0.3251349730053989,0.4049190161967606,1342.0,13141.0,1996315.0,8960476.91505216,6236.319440220348,43293.70904960104,5543624.525181427,393552.0522545728,0.0208643815201192,0.3725782414307004,0.3546944858420268,0.3733233979135618
2319.0,30848.0,12063366.0,13302295.492453644,24605.109673568088,283816.7930946575,3133603.11689645,906714.1241556212,0.031910306166451,0.3044415696420871,0.1910306166451056,0.5252263906856404,1409.0,18387.0,9523982.0,7680951.352732434,22910.446172414573,463449.5004107945,4227112.094615324,503143.2146281219,0.0283889283179559,0.4151880766501065,0.3215046132008516,0.3924769339957417,1876.0,25583.0,10916505.0,11132967.274520256,25803.49790141184,183762.89518136004,4204266.09095488,519056.7754195704,0.0490405117270788,0.3789978678038379,0.2414712153518123,0.4381663113006396,1667.0,20771.0,9379456.0,8685850.851829635,19033.29379389918,97700.63323452351,4042106.8362497496,599093.7135263062,0.0443911217756448,0.3569286142771445,0.3251349730053989,0.4049190161967606,1342.0,13141.0,1996315.0,8960476.91505216,6236.319440220348,43293.70904960104,5543624.525181427,393552.0522545728,0.0208643815201192,0.3725782414307004,0.3546944858420268,0.3733233979135618,1314.0,11634.0,2852473.0,10821640.270928465,4196.161382005709,99924.41920759258,6657875.932917338,395119.1024834871,0.0091324200913242,0.3287671232876712,0.3797564687975647,0.3828006088280061
1409.0,18387.0,9523982.0,7680951.352732434,22910.446172414573,463449.5004107945,4227112.094615324,503143.2146281219,0.0283889283179559,0.4151880766501065,0.3215046132008516,0.3924769339957417,1876.0,25583.0,10916505.0,11132967.274520256,25803.49790141184,183762.89518136004,4204266.09095488,519056.7754195704,0.0490405117270788,0.3789978678038379,0.2414712153518123,0.4381663113006396,1667.0,20771.0,9379456.0,8685850.851829635,19033.29379389918,97700.63323452351,4042106.8362497496,599093.7135263062,0.0443911217756448,0.3569286142771445,0.3251349730053989,0.4049190161967606,1342.0,13141.0,1996315.0,8960476.91505216,6236.319440220348,43293.70904960104,5543624.525181427,393552.0522545728,0.0208643815201192,0.3725782414307004,0.3546944858420268,0.3733233979135618,1314.0,11634.0,2852473.0,10821640.270928465,4196.161382005709,99924.41920759258,6657875.932917338,395119.1024834871,0.0091324200913242,0.3287671232876712,0.3797564687975647,0.3828006088280061,2076.0,32533.0,18291532.0,14720913.483140657,7723.019379235844,109876.88389028813,3776877.089615393,865316.2313057345,0.0240847784200385,0.2736030828516377,0.2201348747591522,0.5255298651252408
1876.0,25583.0,10916505.0,11132967.274520256,25803.49790141184,183762.89518136004,4204266.09095488,519056.7754195704,0.0490405117270788,0.3789978678038379,0.2414712153518123,0.4381663113006396,1667.0,20771.0,9379456.0,8685850.851829635,19033.29379389918,97700.63323452351,4042106.8362497496,599093.7135263062,0.0443911217756448,0.3569286142771445,0.3251349730053989,0.4049190161967606,1342.0,13141.0,1996315.0,8960476.91505216,6236.319440220348,43293.70904960104,5543624.525181427,393552.0522545728,0.0208643815201192,0.3725782414307004,0.3546944858420268,0.3733233979135618,1314.0,11634.0,2852473.0,10821640.270928465,4196.161382005709,99924.41920759258,6657875.932917338,395119.1024834871,0.0091324200913242,0.3287671232876712,0.3797564687975647,0.3828006088280061,2076.0,32533.0,18291532.0,14720913.483140657,7723.019379235844,109876.88389028813,3776877.089615393,865316.2313057345,0.0240847784200385,0.2736030828516377,0.2201348747591522,0.5255298651252408,1939.0,13014.0,1372446.0,5233081.470861268,8584.163092076524,157235.9499828521,3848715.139585667,129459.54783250726,0.0,0.4208354822073233,0.2645693656523981,0.3826714801444043
1667.0,20771.0,9379456.0,8685850.851829635,19033.29379389918,97700.63323452351,4042106.8362497496,599093.7135263062,0.0443911217756448,0.3569286142771445,0.3251349730053989,0.4049190161967606,1342.0,13141.0,1996315.0,8960476.91505216,6236.319440220348,43293.70904960104,5543624.525181427,393552.0522545728,0.0208643815201192,0.3725782414307004,0.3546944858420268,0.3733233979135618,1314.0,11634.0,2852473.0,10821640.270928465,4196.161382005709,99924.41920759258,6657875.932917338,395119.1024834871,0.0091324200913242,0.3287671232876712,0.3797564687975647,0.3828006088280061,2076.0,32533.0,18291532.0,14720913.483140657,7723.019379235844,109876.88389028813,3776877.089615393,865316.2313057345,0.0240847784200385,0.2736030828516377,0.2201348747591522,0.5255298651252408,1939.0,13014.0,1372446.0,5233081.470861268,8584.163092076524,157235.9499828521,3848715.139585667,129459.54783250726,0.0,0.4208354822073233,0.2645693656523981,0.3826714801444043,2222.0,21831.0,4447156.0,13464750.201620162,16901.93246541804,246198.49805729548,4069164.94419663,804731.6344814219,0.0234023402340234,0.3154815481548155,0.2191719171917191,0.4968496849684968
1342.0,13141.0,1996315.0,8960476.91505216,6236.319440220348,43293.70904960104,5543624.525181427,393552.0522545728,0.0208643815201192,0.3725782414307004,0.3546944858420268,0.3733233979135618,1314.0,11634.0,2852473.0,10821640.270928465,4196.161382005709,99924.41920759258,6657875.932917338,395119.1024834871,0.0091324200913242,0.3287671232876712,0.3797564687975647,0.3828006088280061,2076.0,32533.0,18291532.0,14720913.483140657,7723.019379235844,109876.88389028813,3776877.089615393,865316.2313057345,0.0240847784200385,0.2736030828516377,0.2201348747591522,0.5255298651252408,1939.0,13014.0,1372446.0,5233081.470861268,8584.163092076524,157235.9499828521,3848715.139585667,129459.54783250726,0.0,0.4208354822073233,0.2645693656523981,0.3826714801444043,2222.0,21831.0,4447156.0,13464750.201620162,16901.93246541804,246198.49805729548,4069164.94419663,804731.6344814219,0.0234023402340234,0.3154815481548155,0.2191719171917191,0.4968496849684968,1805.0,16160.0,2728487.0,12044656.298614958,21012.20109027097,153644.50502623257,4196414.039026301,704670.2275769515,0.0526315789473684,0.3335180055401662,0.2930747922437673,0.43601108033241
1314.0,11634.0,2852473.0,10821640.270928465,4196.161382005709,99924.41920759258,6657875.932917338,395119.1024834871,0.0091324200913242,0.3287671232876712,0.3797564687975647,0.3828006088280061,2076.0,32533.0,18291532.0,14720913.483140657,7723.019379235844,109876.88389028813,3776877.089615393,865316.2313057345,0.0240847784200385,0.2736030828516377,0.2201348747591522,0.5255298651252408,1939.0,13014.0,1372446.0,5233081.470861268,8584.163092076524,157235.9499828521,3848715.139585667,129459.54783250726,0.0,0.4208354822073233,0.2645693656523981,0.3826714801444043,2222.0,21831.0,4447156.0,13464750.201620162,16901.93246541804,246198.49805729548,4069164.94419663,804731.6344814219,0.0234023402340234,0.3154815481548155,0.2191719171917191,0.4968496849684968,1805.0,16160.0,2728487.0,12044656.298614958,21012.20109027097,153644.50502623257,4196414.039026301,704670.2275769515,0.0526315789473684,0.3335180055401662,0.2930747922437673,0.43601108033241,1802.0,23248.0,7940633.0,12020357.062153162,16247.015044874011,361627.97711401095,4458793.039128536,727469.9212802144,0.027746947835738,0.3368479467258601,0.2902330743618202,0.4694783573806881
2076.0,32533.0,18291532.0,14720913.483140657,7723.019379235844,109876.88389028813,3776877.089615393,865316.2313057345,0.0240847784200385,0.2736030828516377,0.2201348747591522,0.5255298651252408,1939.0,13014.0,1372446.0,5233081.470861268,8584.163092076524,157235.9499828521,3848715.139585667,129459.54783250726,0.0,0.4208354822073233,0.2645693656523981,0.3826714801444043,2222.0,21831.0,4447156.0,13464750.201620162,16901.93246541804,246198.49805729548,4069164.94419663,804731.6344814219,0.0234023402340234,0.3154815481548155,0.2191719171917191,0.4968496849684968,1805.0,16160.0,2728487.0,12044656.298614958,21012.20109027097,153644.50502623257,4196414.039026301,704670.2275769515,0.0526315789473684,0.3335180055401662,0.2930747922437673,0.43601108033241,1802.0,23248.0,7940633.0,12020357.062153162,16247.015044874011,361627.97711401095,4458793.039128536,727469.9212802144,0.027746947835738,0.3368479467258601,0.2902330743618202,0.4694783573806881,2422.0,21773.0,4318785.0,12366345.265483072,32087.09304948232,364344.8345799909,3927850.709313124,713730.0990438578,0.0396366639141205,0.3187448389760528,0.2258464079273328,0.4867877786952931
1939.0,13014.0,1372446.0,5233081.470861268,8584.163092076524,157235.9499828521,3848715.139585667,129459.54783250726,0.0,0.4208354822073233,0.2645693656523981,0.3826714801444043,2222.0,21831.0,4447156.0,13464750.201620162,16901.93246541804,246198.49805729548,4069164.94419663,804731.6344814219,0.0234023402340234,0.3154815481548155,0.2191719171917191,0.4968496849684968,1805.0,16160.0,2728487.0,12044656.298614958,21012.20109027097,153644.50502623257,4196414.039026301,704670.2275769515,0.0526315789473684,0.3335180055401662,0.2930747922437673,0.43601108033241,1802.0,23248.0,7940633.0,12020357.062153162,16247.015044874011,361627.97711401095,4458793.039128536,727469.9212802144,0.027746947835738,0.3368479467258601,0.2902330743618202,0.4694783573806881,2422.0,21773.0,4318785.0,12366345.265483072,32087.09304948232,364344.8345799909,3927850.709313124,713730.0990438578,0.0396366639141205,0.3187448389760528,0.2258464079273328,0.4867877786952931,3592.0,33076.0,7410061.0,7770930.19292873,12993.326203209645,106304.94417769548,2479643.330841082,438246.2890657555,0.0203229398663697,0.3944877505567928,0.380011135857461,0.6010579064587973
2222.0,21831.0,4447156.0,13464750.201620162,16901.93246541804,246198.49805729548,4069164.94419663,804731.6344814219,0.0234023402340234,0.3154815481548155,0.2191719171917191,0.4968496849684968,1805.0,16160.0,2728487.0,12044656.298614958,21012.20109027097,153644.50502623257,4196414.039026301,704670.2275769515,0.0526315789473684,0.3335180055401662,0.2930747922437673,0.43601108033241,1802.0,23248.0,7940633.0,12020357.062153162,16247.015044874011,361627.97711401095,4458793.039128536,727469.9212802144,0.027746947835738,0.3368479467258601,0.2902330743618202,0.4694783573806881,2422.0,21773.0,4318785.0,12366345.265483072,32087.09304948232,364344.8345799909,3927850.709313124,713730.0990438578,0.0396366639141205,0.3187448389760528,0.2258464079273328,0.4867877786952931,3592.0,33076.0,7410061.0,7770930.19292873,12993.326203209645,106304.94417769548,2479643.330841082,438246.2890657555,0.0203229398663697,0.3944877505567928,0.380011135857461,0.6010579064587973,3533.0,23574.0,2570799.0,5485223.3382394565,15692.36364017957,130785.49125534255,2766329.666794354,336774.4004661478,0.0198131899235776,0.4373054061703934,0.3996603453155958,0.6003396546844042
1805.0,16160.0,2728487.0,12044656.298614958,21012.20109027097,153644.50502623257,4196414.039026301,704670.2275769515,0.0526315789473684,0.3335180055401662,0.2930747922437673,0.43601108033241,1802.0,23248.0,7940633.0,12020357.062153162,16247.015044874011,361627.97711401095,4458793.039128536,727469.9212802144,0.027746947835738,0.3368479467258601,0.2902330743618202,0.4694783573806881,2422.0,21773.0,4318785.0,12366345.265483072,32087.09304948232,364344.8345799909,3927850.709313124,713730.0990438578,0.0396366639141205,0.3187448389760528,0.2258464079273328,0.4867877786952931,3592.0,33076.0,7410061.0,7770930.19292873,12993.326203209645,106304.94417769548,2479643.330841082,438246.2890657555,0.0203229398663697,0.3944877505567928,0.380011135857461,0.6010579064587973,3533.0,23574.0,2570799.0,5485223.3382394565,15692.36364017957,130785.49125534255,2766329.666794354,336774.4004661478,0.0198131899235776,0.4373054061703934,0.3996603453155958,0.6003396546844042,3769.0,32094.0,5771585.0,6871610.773149377,9393.810791985656,94420.22862683974,2531057.5095880167,363965.486585622,0.013531440700451,0.4016980631467233,0.3815335632793844,0.5988325815866278
1802.0,23248.0,7940633.0,12020357.062153162,16247.015044874011,361627.97711401095,4458793.039128536,727469.9212802144,0.027746947835738,0.3368479467258601,0.2902330743618202,0.4694783573806881,2422.0,21773.0,4318785.0,12366345.265483072,32087.09304948232,364344.8345799909,3927850.709313124,713730.0990438578,0.0396366639141205,0.3187448389760528,0.2258464079273328,0.4867877786952931,3592.0,33076.0,7410061.0,7770930.19292873,12993.326203209645,106304.94417769548,2479643.330841082,438246.2890657555,0.0203229398663697,0.3944877505567928,0.380011135857461,0.6010579064587973,3533.0,23574.0,2570799.0,5485223.3382394565,15692.36364017957,130785.49125534255,2766329.666794354,336774.4004661478,0.0198131899235776,0.4373054061703934,0.3996603453155958,0.6003396546844042,3769.0,32094.0,5771585.0,6871610.773149377,9393.810791985656,94420.22862683974,2531057.5095880167,363965.486585622,0.013531440700451,0.4016980631467233,0.3815335632793844,0.5988325815866278,3133.0,20598.0,1837687.0,4259006.582189594,10106.857029735776,47382.71158001339,2770797.9478063937,205144.0657038344,0.0127673156718799,0.4516437918927545,0.4605809128630705,0.5480370252154485
2422.0,21773.0,4318785.0,12366345.265483072,32087.09304948232,364344.8345799909,3927850.709313124,713730.0990438578,0.0396366639141205,0.3187448389760528,0.2258464079273328,0.4867877786952931,3592.0,33076.0,7410061.0,7770930.19292873,12993.326203209645,106304.94417769548,2479643.330841082,438246.2890657555,0.0203229398663697,0.3944877505567928,0.380011135857461,0.6010579064587973,3533.0,23574.0,2570799.0,5485223.3382394565,15692.36364017957,130785.49125534255,2766329.666794354,336774.4004661478,0.0198131899235776,0.4373054061703934,0.3996603453155958,0.6003396546844042,3769.0,32094.0,5771585.0,6871610.773149377,9393.810791985656,94420.22862683974,2531057.5095880167,363965.486585622,0.013531440700451,0.4016980631467233,0.3815335632793844,0.5988325815866278,3133.0,20598.0,1837687.0,4259006.582189594,10106.857029735776,47382.71158001339,2770797.9478063937,205144.0657038344,0.0127673156718799,0.4516437918927545,0.4605809128630705,0.5480370252154485,4031.0,45555.0,15765756.0,9060373.794095758,11816.46026870745,154744.73274169173,2605535.379645552,491679.02996822266,0.0188538824113123,0.36988340362193,0.3607045398164227,0.6060530885636318
3592.0,33076.0,7410061.0,7770930.19292873,12993.326203209645,106304.94417769548,2479643.330841082,438246.2890657555,0.0203229398663697,0.3944877505567928,0.380011135857461,0.6010579064587973,3533.0,23574.0,2570799.0,5485223.3382394565,15692.36364017957,130785.49125534255,2766329.666794354,336774.4004661478,0.0198131899235776,0.4373054061703934,0.3996603453155958,0.6003396546844042,3769.0,32094.0,5771585.0,6871610.773149377,9393.810791985656,94420.22862683974,2531057.5095880167,363965.486585622,0.013531440700451,0.4016980631467233,0.3815335632793844,0.5988325815866278,3133.0,20598.0,1837687.0,4259006.582189594,10106.857029735776,47382.71158001339,2770797.9478063937,205144.0657038344,0.0127673156718799,0.4516437918927545,0.4605809128630705,0.5480370252154485,4031.0,45555.0,15765756.0,9060373.794095758,11816.46026870745,154744.73274169173,2605535.379645552,491679.02996822266,0.0188538824113123,0.36988340362193,0.3607045398164227,0.6060530885636318,4391.0,35811.0,6454128.0,8390136.11204737,12272.884046738682,127015.74679894946,2316901.0316493,536662.2896107322,0.0136643133682532,0.3543611933500342,0.335003416078342,0.6183101799134594
3533.0,23574.0,2570799.0,5485223.3382394565,15692.36364017957,130785.49125534255,2766329.666794354,336774.4004661478,0.0198131899235776,0.4373054061703934,0.3996603453155958,0.6003396546844042,3769.0,32094.0,5771585.0,6871610.773149377,9393.810791985656,94420.22862683974,2531057.5095880167,363965.486585622,0.013531440700451,0.4016980631467233,0.3815335632793844,0.5988325815866278,3133.0,20598.0,1837687.0,4259006.582189594,10106.857029735776,47382.71158001339,2770797.9478063937,205144.0657038344,0.0127673156718799,0.4516437918927545,0.4605809128630705,0.5480370252154485,4031.0,45555.0,15765756.0,9060373.794095758,11816.46026870745,154744.73274169173,2605535.379645552,491679.02996822266,0.0188538824113123,0.36988340362193,0.3607045398164227,0.6060530885636318,4391.0,35811.0,6454128.0,8390136.11204737,12272.884046738682,127015.74679894946,2316901.0316493,536662.2896107322,0.0136643133682532,0.3543611933500342,0.335003416078342,0.6183101799134594,3845.0,32160.0,5849167.0,6713665.567490247,6612.006668409608,73404.67521089915,2729244.7408511327,359439.5831775352,0.0117035110533159,0.4,0.3716514954486346,0.6028608582574773
3769.0,32094.0,5771585.0,6871610.773149377,9393.810791985656,94420.22862683974,2531057.5095880167,363965.486585622,0.013531440700451,0.4016980631467233,0.3815335632793844,0.5988325815866278,3133.0,20598.0,1837687.0,4259006.582189594,10106.857029735776,47382.71158001339,2770797.9478063937,205144.0657038344,0.0127673156718799,0.4516437918927545,0.4605809128630705,0.5480370252154485,4031.0,45555.0,15765756.0,9060373.794095758,11816.46026870745,154744.73274169173,2605535.379645552,491679.02996822266,0.0188538824113123,0.36988340362193,0.3607045398164227,0.6060530885636318,4391.0,35811.0,6454128.0,8390136.11204737,12272.884046738682,127015.74679894946,2316901.0316493,536662.2896107322,0.0136643133682532,0.3543611933500342,0.335003416078342,0.6183101799134594,3845.0,32160.0,5849167.0,6713665.567490247,6612.006668409608,73404.67521089915,2729244.7408511327,359439.5831775352,0.0117035110533159,0.4,0.3716514954486346,0.6028608582574773,3958.0,29453.0,4328992.0,7597214.033350177,14906.458506318442,116054.09921067594,3043345.4575390765,376369.355129756,0.029055078322385,0.4219302678120262,0.35977766548762,0.596766043456291
3133.0,20598.0,1837687.0,4259006.582189594,10106.857029735776,47382.71158001339,2770797.9478063937,205144.0657038344,0.0127673156718799,0.4516437918927545,0.4605809128630705,0.5480370252154485,4031.0,45555.0,15765756.0,9060373.794095758,11816.46026870745,154744.73274169173,2605535.379645552,491679.02996822266,0.0188538824113123,0.36988340362193,0.3607045398164227,0.6060530885636318,4391.0,35811.0,6454128.0,8390136.11204737,12272.884046738682,127015.74679894946,2316901.0316493,536662.2896107322,0.0136643133682532,0.3543611933500342,0.335003416078342,0.6183101799134594,3845.0,32160.0,5849167.0,6713665.567490247,6612.006668409608,73404.67521089915,2729244.7408511327,359439.5831775352,0.0117035110533159,0.4,0.3716514954486346,0.6028608582574773,3958.0,29453.0,4328992.0,7597214.033350177,14906.458506318442,116054.09921067594,3043345.4575390765,376369.355129756,0.029055078322385,0.4219302678120262,0.35977766548762,0.596766043456291,3742.0,30645.0,5276041.0,6051046.844468199,10180.11916918175,96049.41155822006,2713550.073440453,358133.8016236567,0.0227151256012827,0.4086050240513094,0.3824158204168894,0.5403527525387494
4031.0,45555.0,15765756.0,9060373.794095758,11816.46026870745,154744.73274169173,2605535.379645552,491679.02996822266,0.0188538824113123,0.36988340362193,0.3607045398164227,0.6060530885636318,4391.0,35811.0,6454128.0,8390136.11204737,12272.884046738682,127015.74679894946,2316901.0316493,536662.2896107322,0.0136643133682532,0.3543611933500342,0.335003416078342,0.6183101799134594,3845.0,32160.0,5849167.0,6713665.567490247,6612.006668409608,73404.67521089915,2729244.7408511327,359439.5831775352,0.0117035110533159,0.4,0.3716514954486346,0.6028608582574773,3958.0,29453.0,4328992.0,7597214.033350177,14906.458506318442,116054.09921067594,3043345.4575390765,376369.355129756,0.029055078322385,0.4219302678120262,0.35977766548762,0.596766043456291,3742.0,30645.0,5276041.0,6051046.844468199,10180.11916918175,96049.41155822006,2713550.073440453,358133.8016236567,0.0227151256012827,0.4086050240513094,0.3824158204168894,0.5403527525387494,4333.0,39033.0,12535511.0,8455494.939995384,13895.136949065463,172152.38097647642,2599162.106202095,502585.627121961,0.0214631894761135,0.356796676667436,0.3339487652896377,0.5529656127394414
4391.0,35811.0,6454128.0,8390136.11204737,12272.884046738682,127015.74679894946,2316901.0316493,536662.2896107322,0.0136643133682532,0.3543611933500342,0.335003416078342,0.6183101799134594,3845.0,32160.0,5849167.0,6713665.567490247,6612.006668409608,73404.67521089915,2729244.7408511327,359439.5831775352,0.0117035110533159,0.4,0.3716514954486346,0.6028608582574773,3958.0,29453.0,4328992.0,7597214.033350177,14906.458506318442,116054.09921067594,3043345.4575390765,376369.355129756,0.029055078322385,0.4219302678120262,0.35977766548762,0.596766043456291,3742.0,30645.0,5276041.0,6051046.844468199,10180.11916918175,96049.41155822006,2713550.073440453,358133.8016236567,0.0227151256012827,0.4086050240513094,0.3824158204168894,0.5403527525387494,4333.0,39033.0,12535511.0,8455494.939995384,13895.136949065463,172152.38097647642,2599162.106202095,502585.627121961,0.0214631894761135,0.356796676667436,0.3339487652896377,0.5529656127394414,4599.0,36527.0,7057136.0,8148708.055664275,10220.475628332442,100178.13848497342,2636255.386102327,425792.0052449952,0.0169602087410306,0.3772559252011306,0.3141987388562731,0.5290280495759948
3845.0,32160.0,5849167.0,6713665.567490247,6612.006668409608,73404.67521089915,2729244.7408511327,359439.5831775352,0.0117035110533159,0.4,0.3716514954486346,0.6028608582574773,3958.0,29453.0,4328992.0,7597214.033350177,14906.458506318442,116054.09921067594,3043345.4575390765,376369.355129756,0.029055078322385,0.4219302678120262,0.35977766548762,0.596766043456291,3742.0,30645.0,5276041.0,6051046.844468199,10180.11916918175,96049.41155822006,2713550.073440453,358133.8016236567,0.0227151256012827,0.4086050240513094,0.3824158204168894,0.5403527525387494,4333.0,39033.0,12535511.0,8455494.939995384,13895.136949065463,172152.38097647642,2599162.106202095,502585.627121961,0.0214631894761135,0.356796676667436,0.3339487652896377,0.5529656127394414,4599.0,36527.0,7057136.0,8148708.055664275,10220.475628332442,100178.13848497342,2636255.386102327,425792.0052449952,0.0169602087410306,0.3772559252011306,0.3141987388562731,0.5290280495759948,3943.0,25887.0,2914102.0,4855393.791022064,11732.755401505,114229.88596082851,2554217.175576734,244893.7228363998,0.0114126299771747,0.4151661171696678,0.3641897032716206,0.498351509003297
3958.0,29453.0,4328992.0,7597214.033350177,14906.458506318442,116054.09921067594,3043345.4575390765,376369.355129756,0.029055078322385,0.4219302678120262,0.35977766548762,0.596766043456291,3742.0,30645.0,5276041.0,6051046.844468199,10180.11916918175,96049.41155822006,2713550.073440453,358133.8016236567,0.0227151256012827,0.4086050240513094,0.3824158204168894,0.5403527525387494,4333.0,39033.0,12535511.0,8455494.939995384,13895.136949065463,172152.38097647642,2599162.106202095,502585.627121961,0.0214631894761135,0.356796676667436,0.3339487652896377,0.5529656127394414,4599.0,36527.0,7057136.0,8148708.055664275,10220.475628332442,100178.13848497342,2636255.386102327,425792.0052449952,0.0169602087410306,0.3772559252011306,0.3141987388562731,0.5290280495759948,3943.0,25887.0,2914102.0,4855393.791022064,11732.755401505,114229.88596082851,2554217.175576734,244893.7228363998,0.0114126299771747,0.4151661171696678,0.3641897032716206,0.498351509003297,4099.0,31775.0,4987078.0,6990572.570870944,20752.176972151763,170076.9035708936,2699019.2993605626,463640.67427513335,0.0346425957550622,0.4149792632349353,0.3559404732861673,0.4754818248353257
3742.0,30645.0,5276041.0,6051046.844468199,10180.11916918175,96049.41155822006,2713550.073440453,358133.8016236567,0.0227151256012827,0.4086050240513094,0.3824158204168894,0.5403527525387494,4333.0,39033.0,12535511.0,8455494.939995384,13895.136949065463,172152.38097647642,2599162.106202095,502585.627121961,0.0214631894761135,0.356796676667436,0.3339487652896377,0.5529656127394414,4599.0,36527.0,7057136.0,8148708.055664275,10220.475628332442,100178.13848497342,2636255.386102327,425792.0052449952,0.0169602087410306,0.3772559252011306,0.3141987388562731,0.5290280495759948,3943.0,25887.0,2914102.0,4855393.791022064,11732.755401505,114229.88596082851,2554217.175576734,244893.7228363998,0.0114126299771747,0.4151661171696678,0.3641897032716206,0.498351509003297,4099.0,31775.0,4987078.0,6990572.570870944,20752.176972151763,170076.9035708936,2699019.2993605626,463640.67427513335,0.0346425957550622,0.4149792632349353,0.3559404732861673,0.4754818248353257,3548.0,24597.0,3178344.0,5963184.45011274,10169.540778459575,75316.05691647569,3199137.6385173067,295498.24604385206,0.012401352874859,0.4041713641488162,0.4151634723788049,0.4224915445321308
4333.0,39033.0,12535511.0,8455494.939995384,13895.136949065463,172152.38097647642,2599162.106202095,502585.627121961,0.0214631894761135,0.356796676667436,0.3339487652896377,0.5529656127394414,4599.0,36527.0,7057136.0,8148708.055664275,10220.475628332442,100178.13848497342,2636255.386102327,425792.0052449952,0.0169602087410306,0.3772559252011306,0.3141987388562731,0.5290280495759948,3943.0,25887.0,2914102.0,4855393.791022064,11732.755401505,114229.88596082851,2554217.175576734,244893.7228363998,0.0114126299771747,0.4151661171696678,0.3641897032716206,0.498351509003297,4099.0,31775.0,4987078.0,6990572.570870944,20752.176972151763,170076.9035708936,2699019.2993605626,463640.67427513335,0.0346425957550622,0.4149792632349353,0.3559404732861673,0.4754818248353257,3548.0,24597.0,3178344.0,5963184.45011274,10169.540778459575,75316.05691647569,3199137.6385173067,295498.24604385206,0.012401352874859,0.4041713641488162,0.4151634723788049,0.4224915445321308,4092.0,37011.0,9238196.0,7966757.854838709,10505.648911255135,99625.92377187124,2530439.249297338,505715.0045430357,0.0234604105571847,0.3704789833822092,0.3655913978494624,0.4503910068426197
4599.0,36527.0,7057136.0,8148708.055664275,10220.475628332442,100178.13848497342,2636255.386102327,425792.0052449952,0.0169602087410306,0.3772559252011306,0.3141987388562731,0.5290280495759948,3943.0,25887.0,2914102.0,4855393.791022064,11732.755401505,114229.88596082851,2554217.175576734,244893.7228363998,0.0114126299771747,0.4151661171696678,0.3641897032716206,0.498351509003297,4099.0,31775.0,4987078.0,6990572.570870944,20752.176972151763,170076.9035708936,2699019.2993605626,463640.67427513335,0.0346425957550622,0.4149792632349353,0.3559404732861673,0.4754818248353257,3548.0,24597.0,3178344.0,5963184.45011274,10169.540778459575,75316.05691647569,3199137.6385173067,295498.24604385206,0.012401352874859,0.4041713641488162,0.4151634723788049,0.4224915445321308,4092.0,37011.0,9238196.0,7966757.854838709,10505.648911255135,99625.92377187124,2530439.249297338,505715.0045430357,0.0234604105571847,0.3704789833822092,0.3655913978494624,0.4503910068426197,3567.0,23821.0,3201194.0,5525197.696383515,6632.402267194864,56790.695761284296,3077185.08404225,294496.30894983414,0.0070086907765629,0.4095878889823381,0.4151948416035884,0.3723016540510233
3943.0,25887.0,2914102.0,4855393.791022064,11732.755401505,114229.88596082851,2554217.175576734,244893.7228363998,0.0114126299771747,0.4151661171696678,0.3641897032716206,0.498351509003297,4099.0,31775.0,4987078.0,6990572.570870944,20752.176972151763,170076.9035708936,2699019.2993605626,463640.67427513335,0.0346425957550622,0.4149792632349353,0.3559404732861673,0.4754818248353257,3548.0,24597.0,3178344.0,5963184.45011274,10169.540778459575,75316.05691647569,3199137.6385173067,295498.24604385206,0.012401352874859,0.4041713641488162,0.4151634723788049,0.4224915445321308,4092.0,37011.0,9238196.0,7966757.854838709,10505.648911255135,99625.92377187124,2530439.249297338,505715.0045430357,0.0234604105571847,0.3704789833822092,0.3655913978494624,0.4503910068426197,3567.0,23821.0,3201194.0,5525197.696383515,6632.402267194864,56790.695761284296,3077185.08404225,294496.30894983414,0.0070086907765629,0.4095878889823381,0.4151948416035884,0.3723016540510233,3391.0,24544.0,2449385.0,6286989.800353878,12100.709882566933,57485.318997097485,3193852.01893985,385330.5541445393,0.0141551164848127,0.4278973754054851,0.436744323208493,0.3447360660572102
4099.0,31775.0,4987078.0,6990572.570870944,20752.176972151763,170076.9035708936,2699019.2993605626,463640.67427513335,0.0346425957550622,0.4149792632349353,0.3559404732861673,0.4754818248353257,3548.0,24597.0,3178344.0,5963184.45011274,10169.540778459575,75316.05691647569,3199137.6385173067,295498.24604385206,0.012401352874859,0.4041713641488162,0.4151634723788049,0.4224915445321308,4092.0,37011.0,9238196.0,7966757.854838709,10505.648911255135,99625.92377187124,2530439.249297338,505715.0045430357,0.0234604105571847,0.3704789833822092,0.3655913978494624,0.4503910068426197,3567.0,23821.0,3201194.0,5525197.696383515,6632.402267194864,56790.695761284296,3077185.08404225,294496.30894983414,0.0070086907765629,0.4095878889823381,0.4151948416035884,0.3723016540510233,3391.0,24544.0,2449385.0,6286989.800353878,12100.709882566933,57485.318997097485,3193852.01893985,385330.5541445393,0.0141551164848127,0.4278973754054851,0.436744323208493,0.3447360660572102,3776.0,25953.0,3128223.0,6191550.115201271,18274.29207592144,134657.59469521206,2978038.4204128818,334617.81407106074,0.0209216101694915,0.4046610169491525,0.4054555084745763,0.3840042372881356
3548.0,24597.0,3178344.0,5963184.45011274,10169.540778459575,75316.05691647569,3199137.6385173067,295498.24604385206,0.012401352874859,0.4041713641488162,0.4151634723788049,0.4224915445321308,4092.0,37011.0,9238196.0,7966757.854838709,10505.648911255135,99625.92377187124,2530439.249297338,505715.0045430357,0.0234604105571847,0.3704789833822092,0.3655913978494624,0.4503910068426197,3567.0,23821.0,3201194.0,5525197.696383515,6632.402267194864,56790.695761284296,3077185.08404225,294496.30894983414,0.0070086907765629,0.4095878889823381,0.4151948416035884,0.3723016540510233,3391.0,24544.0,2449385.0,6286989.800353878,12100.709882566933,57485.318997097485,3193852.01893985,385330.5541445393,0.0141551164848127,0.4278973754054851,0.436744323208493,0.3447360660572102,3776.0,25953.0,3128223.0,6191550.115201271,18274.29207592144,134657.59469521206,2978038.4204128818,334617.81407106074,0.0209216101694915,0.4046610169491525,0.4054555084745763,0.3840042372881356,4251.0,37401.0,6896798.0,9831864.378263935,5685.447899231826,43644.02495391066,2891018.819748317,576718.4670026116,0.0108209832980475,0.3370971536109151,0.3577981651376147,0.4151964243707363
4092.0,37011.0,9238196.0,7966757.854838709,10505.648911255135,99625.92377187124,2530439.249297338,505715.0045430357,0.0234604105571847,0.3704789833822092,0.3655913978494624,0.4503910068426197,3567.0,23821.0,3201194.0,5525197.696383515,6632.402267194864,56790.695761284296,3077185.08404225,294496.30894983414,0.0070086907765629,0.4095878889823381,0.4151948416035884,0.3723016540510233,3391.0,24544.0,2449385.0,6286989.800353878,12100.709882566933,57485.318997097485,3193852.01893985,385330.5541445393,0.0141551164848127,0.4278973754054851,0.436744323208493,0.3447360660572102,3776.0,25953.0,3128223.0,6191550.115201271,18274.29207592144,134657.59469521206,2978038.4204128818,334617.81407106074,0.0209216101694915,0.4046610169491525,0.4054555084745763,0.3840042372881356,4251.0,37401.0,6896798.0,9831864.378263935,5685.447899231826,43644.02495391066,2891018.819748317,576718.4670026116,0.0108209832980475,0.3370971536109151,0.3577981651376147,0.4151964243707363,3985.0,38173.0,13902311.0,6887628.38795483,8177.566160404423,93417.78998928754,2627971.9844382987,450836.05465454754,0.0100376411543287,0.3713927227101631,0.3711417816813049,0.3771643663739021
3567.0,23821.0,3201194.0,5525197.696383515,6632.402267194864,56790.695761284296,3077185.08404225,294496.30894983414,0.0070086907765629,0.4095878889823381,0.4151948416035884,0.3723016540510233,3391.0,24544.0,2449385.0,6286989.800353878,12100.709882566933,57485.318997097485,3193852.01893985,385330.5541445393,0.0141551164848127,0.4278973754054851,0.436744323208493,0.3447360660572102,3776.0,25953.0,3128223.0,6191550.115201271,18274.29207592144,134657.59469521206,2978038.4204128818,334617.81407106074,0.0209216101694915,0.4046610169491525,0.4054555084745763,0.3840042372881356,4251.0,37401.0,6896798.0,9831864.378263935,5685.447899231826,43644.02495391066,2891018.819748317,576718.4670026116,0.0108209832980475,0.3370971536109151,0.3577981651376147,0.4151964243707363,3985.0,38173.0,13902311.0,6887628.38795483,8177.566160404423,93417.78998928754,2627971.9844382987,450836.05465454754,0.0100376411543287,0.3713927227101631,0.3711417816813049,0.3771643663739021,3731.0,35548.0,14454462.0,4686547.138568749,11593.37297717738,112200.71386107129,2382253.4360246505,274136.8661748976,0.0163495041543822,0.3985526668453498,0.3808630393996248,0.384347359957116
3391.0,24544.0,2449385.0,6286989.800353878,12100.709882566933,57485.318997097485,3193852.01893985,385330.5541445393,0.0141551164848127,0.4278973754054851,0.436744323208493,0.3447360660572102,3776.0,25953.0,3128223.0,6191550.115201271,18274.29207592144,134657.59469521206,2978038.4204128818,334617.81407106074,0.0209216101694915,0.4046610169491525,0.4054555084745763,0.3840042372881356,4251.0,37401.0,6896798.0,9831864.378263935,5685.447899231826,43644.02495391066,2891018.819748317,576718.4670026116,0.0108209832980475,0.3370971536109151,0.3577981651376147,0.4151964243707363,3985.0,38173.0,13902311.0,6887628.38795483,8177.566160404423,93417.78998928754,2627971.9844382987,450836.05465454754,0.0100376411543287,0.3713927227101631,0.3711417816813049,0.3771643663739021,3731.0,35548.0,14454462.0,4686547.138568749,11593.37297717738,112200.71386107129,2382253.4360246505,274136.8661748976,0.0163495041543822,0.3985526668453498,0.3808630393996248,0.384347359957116,3272.0,23418.0,3111237.0,6554482.907090465,7929.0937041401885,99736.54135221375,3086677.7901672674,307291.8708518945,0.0100855745721271,0.4113691931540342,0.4367359413202934,0.2438875305623472
3776.0,25953.0,3128223.0,6191550.115201271,18274.29207592144,134657.59469521206,2978038.4204128818,334617.81407106074,0.0209216101694915,0.4046610169491525,0.4054555084745763,0.3840042372881356,4251.0,37401.0,6896798.0,9831864.378263935,5685.447899231826,43644.02495391066,2891018.819748317,576718.4670026116,0.0108209832980475,0.3370971536109151,0.3577981651376147,0.4151964243707363,3985.0,38173.0,13902311.0,6887628.38795483,8177.566160404423,93417.78998928754,2627971.9844382987,450836.05465454754,0.0100376411543287,0.3713927227101631,0.3711417816813049,0.3771643663739021,3731.0,35548.0,14454462.0,4686547.138568749,11593.37297717738,112200.71386107129,2382253.4360246505,274136.8661748976,0.0163495041543822,0.3985526668453498,0.3808630393996248,0.384347359957116,3272.0,23418.0,3111237.0,6554482.907090465,7929.0937041401885,99736.54135221375,3086677.7901672674,307291.8708518945,0.0100855745721271,0.4113691931540342,0.4367359413202934,0.2438875305623472,2601.0,23653.0,2816493.0,6050901.945405614,3978.9375706161823,23588.491467400447,3803731.397487615,210199.66365726676,0.0053825451749327,0.3994617454825067,0.469434832756632,0.2091503267973856
4251.0,37401.0,6896798.0,9831864.378263935,5685.447899231826,43644.02495391066,2891018.819748317,576718.4670026116,0.0108209832980475,0.3370971536109151,0.3577981651376147,0.4151964243707363,3985.0,38173.0,13902311.0,6887628.38795483,8177.566160404423,93417.78998928754,2627971.9844382987,450836.05465454754,0.0100376411543287,0.3713927227101631,0.3711417816813049,0.3771643663739021,3731.0,35548.0,14454462.0,4686547.138568749,11593.37297717738,112200.71386107129,2382253.4360246505,274136.8661748976,0.0163495041543822,0.3985526668453498,0.3808630393996248,0.384347359957116,3272.0,23418.0,3111237.0,6554482.907090465,7929.0937041401885,99736.54135221375,3086677.7901672674,307291.8708518945,0.0100855745721271,0.4113691931540342,0.4367359413202934,0.2438875305623472,2601.0,23653.0,2816493.0,6050901.945405614,3978.9375706161823,23588.491467400447,3803731.397487615,210199.66365726676,0.0053825451749327,0.3994617454825067,0.469434832756632,0.2091503267973856,1355.0,17166.0,4465034.0,17403186.16605166,25170.24710959408,236288.9652838037,7609234.759830709,971297.0541239632,0.0361623616236162,0.2354243542435424,0.266420664206642,0.3948339483394834
3985.0,38173.0,13902311.0,6887628.38795483,8177.566160404423,93417.78998928754,2627971.9844382987,450836.05465454754,0.0100376411543287,0.3713927227101631,0.3711417816813049,0.3771643663739021,3731.0,35548.0,14454462.0,4686547.138568749,11593.37297717738,112200.71386107129,2382253.4360246505,274136.8661748976,0.0163495041543822,0.3985526668453498,0.3808630393996248,0.384347359957116,3272.0,23418.0,3111237.0,6554482.907090465,7929.0937041401885,99736.54135221375,3086677.7901672674,307291.8708518945,0.0100855745721271,0.4113691931540342,0.4367359413202934,0.2438875305623472,2601.0,23653.0,2816493.0,6050901.945405614,3978.9375706161823,23588.491467400447,3803731.397487615,210199.66365726676,0.0053825451749327,0.3994617454825067,0.469434832756632,0.2091503267973856,1355.0,17166.0,4465034.0,17403186.16605166,25170.24710959408,236288.9652838037,7609234.759830709,971297.0541239632,0.0361623616236162,0.2354243542435424,0.266420664206642,0.3948339483394834,878.0,15571.0,2476740.0,19062760.882687926,10182.368800633072,160765.17118059142,12885346.518689036,637735.8060230454,0.0227790432801822,0.2744874715261959,0.3678815489749431,0.1936218678815489
3731.0,35548.0,14454462.0,4686547.138568749,11593.37297717738,112200.71386107129,2382253.4360246505,274136.8661748976,0.0163495041543822,0.3985526668453498,0.3808630393996248,0.384347359957116,3272.0,23418.0,3111237.0,6554482.907090465,7929.0937041401885,99736.54135221375,3086677.7901672674,307291.8708518945,0.0100855745721271,0.4113691931540342,0.4367359413202934,0.2438875305623472,2601.0,23653.0,2816493.0,6050901.945405614,3978.9375706161823,23588.491467400447,3803731.397487615,210199.66365726676,0.0053825451749327,0.3994617454825067,0.469434832756632,0.2091503267973856,1355.0,17166.0,4465034.0,17403186.16605166,25170.24710959408,236288.9652838037,7609234.759830709,971297.0541239632,0.0361623616236162,0.2354243542435424,0.266420664206642,0.3948339483394834,878.0,15571.0,2476740.0,19062760.882687926,10182.368800633072,160765.17118059142,12885346.518689036,637735.8060230454,0.0227790432801822,0.2744874715261959,0.3678815489749431,0.1936218678815489,1056.0,11223.0,2013295.0,13384619.580492424,7840.950225623967,99741.91870839176,10217173.320480172,437320.23906322016,0.0132575757575757,0.3399621212121212,0.3143939393939394,0.2765151515151515
3272.0,23418.0,3111237.0,6554482.907090465,7929.0937041401885,99736.54135221375,3086677.7901672674,307291.8708518945,0.0100855745721271,0.4113691931540342,0.4367359413202934,0.2438875305623472,2601.0,23653.0,2816493.0,6050901.945405614,3978.9375706161823,23588.491467400447,3803731.397487615,210199.66365726676,0.0053825451749327,0.3994617454825067,0.469434832756632,0.2091503267973856,1355.0,17166.0,4465034.0,17403186.16605166,25170.24710959408,236288.9652838037,7609234.759830709,971297.0541239632,0.0361623616236162,0.2354243542435424,0.266420664206642,0.3948339483394834,878.0,15571.0,2476740.0,19062760.882687926,10182.368800633072,160765.17118059142,12885346.518689036,637735.8060230454,0.0227790432801822,0.2744874715261959,0.3678815489749431,0.1936218678815489,1056.0,11223.0,2013295.0,13384619.580492424,7840.950225623967,99741.91870839176,10217173.320480172,437320.23906322016,0.0132575757575757,0.3399621212121212,0.3143939393939394,0.2765151515151515,1766.0,20472.0,4015735.0,12664311.447338618,17602.053530399648,218784.2170368187,6572401.051491506,616871.6268579166,0.0322763306908267,0.3403171007927519,0.2106455266138165,0.3590033975084937
2601.0,23653.0,2816493.0,6050901.945405614,3978.9375706161823,23588.491467400447,3803731.397487615,210199.66365726676,0.0053825451749327,0.3994617454825067,0.469434832756632,0.2091503267973856,1355.0,17166.0,4465034.0,17403186.16605166,25170.24710959408,236288.9652838037,7609234.759830709,971297.0541239632,0.0361623616236162,0.2354243542435424,0.266420664206642,0.3948339483394834,878.0,15571.0,2476740.0,19062760.882687926,10182.368800633072,160765.17118059142,12885346.518689036,637735.8060230454,0.0227790432801822,0.2744874715261959,0.3678815489749431,0.1936218678815489,1056.0,11223.0,2013295.0,13384619.580492424,7840.950225623967,99741.91870839176,10217173.320480172,437320.23906322016,0.0132575757575757,0.3399621212121212,0.3143939393939394,0.2765151515151515,1766.0,20472.0,4015735.0,12664311.447338618,17602.053530399648,218784.2170368187,6572401.051491506,616871.6268579166,0.0322763306908267,0.3403171007927519,0.2106455266138165,0.3590033975084937,1668.0,31603.0,17498660.0,19919468.52697842,13738.847097020844,209365.1551619546,7669324.197601635,885757.1807900352,0.013189448441247,0.1726618705035971,0.2679856115107913,0.486810551558753
1355.0,17166.0,4465034.0,17403186.16605166,25170.24710959408,236288.9652838037,7609234.759830709,971297.0541239632,0.0361623616236162,0.2354243542435424,0.266420664206642,0.3948339483394834,878.0,15571.0,2476740.0,19062760.882687926,10182.368800633072,160765.17118059142,12885346.518689036,637735.8060230454,0.0227790432801822,0.2744874715261959,0.3678815489749431,0.1936218678815489,1056.0,11223.0,2013295.0,13384619.580492424,7840.950225623967,99741.91870839176,10217173.320480172,437320.23906322016,0.0132575757575757,0.3399621212121212,0.3143939393939394,0.2765151515151515,1766.0,20472.0,4015735.0,12664311.447338618,17602.053530399648,218784.2170368187,6572401.051491506,616871.6268579166,0.0322763306908267,0.3403171007927519,0.2106455266138165,0.3590033975084937,1668.0,31603.0,17498660.0,19919468.52697842,13738.847097020844,209365.1551619546,7669324.197601635,885757.1807900352,0.013189448441247,0.1726618705035971,0.2679856115107913,0.486810551558753,1722.0,22264.0,7096533.0,18902655.81416957,20006.18368749447,203106.11530229347,6833431.692771102,1090226.6554394998,0.0348432055749128,0.2212543554006968,0.2125435540069686,0.4523809523809524
878.0,15571.0,2476740.0,19062760.882687926,10182.368800633072,160765.17118059142,12885346.518689036,637735.8060230454,0.0227790432801822,0.2744874715261959,0.3678815489749431,0.1936218678815489,1056.0,11223.0,2013295.0,13384619.580492424,7840.950225623967,99741.91870839176,10217173.320480172,437320.23906322016,0.0132575757575757,0.3399621212121212,0.3143939393939394,0.2765151515151515,1766.0,20472.0,4015735.0,12664311.447338618,17602.053530399648,218784.2170368187,6572401.051491506,616871.6268579166,0.0322763306908267,0.3403171007927519,0.2106455266138165,0.3590033975084937,1668.0,31603.0,17498660.0,19919468.52697842,13738.847097020844,209365.1551619546,7669324.197601635,885757.1807900352,0.013189448441247,0.1726618705035971,0.2679856115107913,0.486810551558753,1722.0,22264.0,7096533.0,18902655.81416957,20006.18368749447,203106.11530229347,6833431.692771102,1090226.6554394998,0.0348432055749128,0.2212543554006968,0.2125435540069686,0.4523809523809524,1199.0,12611.0,2008412.0,17998816.40700584,28075.044594662653,201479.3637909389,9917639.512621364,872862.0845403515,0.0241868223519599,0.3094245204336947,0.2760633861551292,0.3244370308590492
1056.0,11223.0,2013295.0,13384619.580492424,7840.950225623967,99741.91870839176,10217173.320480172,437320.23906322016,0.0132575757575757,0.3399621212121212,0.3143939393939394,0.2765151515151515,1766.0,20472.0,4015735.0,12664311.447338618,17602.053530399648,218784.2170368187,6572401.051491506,616871.6268579166,0.0322763306908267,0.3403171007927519,0.2106455266138165,0.3590033975084937,1668.0,31603.0,17498660.0,19919468.52697842,13738.847097020844,209365.1551619546,7669324.197601635,885757.1807900352,0.013189448441247,0.1726618705035971,0.2679856115107913,0.486810551558753,1722.0,22264.0,7096533.0,18902655.81416957,20006.18368749447,203106.11530229347,6833431.692771102,1090226.6554394998,0.0348432055749128,0.2212543554006968,0.2125435540069686,0.4523809523809524,1199.0,12611.0,2008412.0,17998816.40700584,28075.044594662653,201479.3637909389,9917639.512621364,872862.0845403515,0.0241868223519599,0.3094245204336947,0.2760633861551292,0.3244370308590492,1142.0,10780.0,1439125.0,16100599.22329247,55789.11213530554,393943.7104544221,10802576.844070964,750068.4080520471,0.0884413309982486,0.4089316987740806,0.3178633975481611,0.212784588441331
1766.0,20472.0,4015735.0,12664311.447338618,17602.053530399648,218784.2170368187,6572401.051491506,616871.6268579166,0.0322763306908267,0.3403171007927519,0.2106455266138165,0.3590033975084937,1668.0,31603.0,17498660.0,19919468.52697842,13738.847097020844,209365.1551619546,7669324.197601635,885757.1807900352,0.013189448441247,0.1726618705035971,0.2679856115107913,0.486810551558753,1722.0,22264.0,7096533.0,18902655.81416957,20006.18368749447,203106.11530229347,6833431.692771102,1090226.6554394998,0.0348432055749128,0.2212543554006968,0.2125435540069686,0.4523809523809524,1199.0,12611.0,2008412.0,17998816.40700584,28075.044594662653,201479.3637909389,9917639.512621364,872862.0845403515,0.0241868223519599,0.3094245204336947,0.2760633861551292,0.3244370308590492,1142.0,10780.0,1439125.0,16100599.22329247,55789.11213530554,393943.7104544221,10802576.844070964,750068.4080520471,0.0884413309982486,0.4089316987740806,0.3178633975481611,0.212784588441331,1295.0,13625.0,2413912.0,18282833.58764479,21003.990913106954,193481.487127764,9444174.93170356,1108219.8726892876,0.0339768339768339,0.2409266409266409,0.2532818532818532,0.3598455598455598
1668.0,31603.0,17498660.0,19919468.52697842,13738.847097020844,209365.1551619546,7669324.197601635,885757.1807900352,0.013189448441247,0.1726618705035971,0.2679856115107913,0.486810551558753,1722.0,22264.0,7096533.0,18902655.81416957,20006.18368749447,203106.11530229347,6833431.692771102,1090226.6554394998,0.0348432055749128,0.2212543554006968,0.2125435540069686,0.4523809523809524,1199.0,12611.0,2008412.0,17998816.40700584,28075.044594662653,201479.3637909389,9917639.512621364,872862.0845403515,0.0241868223519599,0.3094245204336947,0.2760633861551292,0.3244370308590492,1142.0,10780.0,1439125.0,16100599.22329247,55789.11213530554,393943.7104544221,10802576.844070964,750068.4080520471,0.0884413309982486,0.4089316987740806,0.3178633975481611,0.212784588441331,1295.0,13625.0,2413912.0,18282833.58764479,21003.990913106954,193481.487127764,9444174.93170356,1108219.8726892876,0.0339768339768339,0.2409266409266409,0.2532818532818532,0.3598455598455598,1288.0,14007.0,3352162.0,16991226.61801242,14417.713522918197,60869.7097028725,10056046.144050818,614143.5021959356,0.0209627329192546,0.2406832298136646,0.281055900621118,0.3672360248447205
1722.0,22264.0,7096533.0,18902655.81416957,20006.18368749447,203106.11530229347,6833431.692771102,1090226.6554394998,0.0348432055749128,0.2212543554006968,0.2125435540069686,0.4523809523809524,1199.0,12611.0,2008412.0,17998816.40700584,28075.044594662653,201479.3637909389,9917639.512621364,872862.0845403515,0.0241868223519599,0.3094245204336947,0.2760633861551292,0.3244370308590492,1142.0,10780.0,1439125.0,16100599.22329247,55789.11213530554,393943.7104544221,10802576.844070964,750068.4080520471,0.0884413309982486,0.4089316987740806,0.3178633975481611,0.212784588441331,1295.0,13625.0,2413912.0,18282833.58764479,21003.990913106954,193481.487127764,9444174.93170356,1108219.8726892876,0.0339768339768339,0.2409266409266409,0.2532818532818532,0.3598455598455598,1288.0,14007.0,3352162.0,16991226.61801242,14417.713522918197,60869.7097028725,10056046.144050818,614143.5021959356,0.0209627329192546,0.2406832298136646,0.281055900621118,0.3672360248447205,1034.0,14072.0,3721803.0,20617382.369439077,12435.373082262658,217200.17030462535,11215758.861220311,838430.2006961969,0.0222437137330754,0.2485493230174081,0.3133462282398452,0.2959381044487427
1199.0,12611.0,2008412.0,17998816.40700584,28075.044594662653,201479.3637909389,9917639.512621364,872862.0845403515,0.0241868223519599,0.3094245204336947,0.2760633861551292,0.3244370308590492,1142.0,10780.0,1439125.0,16100599.22329247,55789.11213530554,393943.7104544221,10802576.844070964,750068.4080520471,0.0884413309982486,0.4089316987740806,0.3178633975481611,0.212784588441331,1295.0,13625.0,2413912.0,18282833.58764479,21003.990913106954,193481.487127764,9444174.93170356,1108219.8726892876,0.0339768339768339,0.2409266409266409,0.2532818532818532,0.3598455598455598,1288.0,14007.0,3352162.0,16991226.61801242,14417.713522918197,60869.7097028725,10056046.144050818,614143.5021959356,0.0209627329192546,0.2406832298136646,0.281055900621118,0.3672360248447205,1034.0,14072.0,3721803.0,20617382.369439077,12435.373082262658,217200.17030462535,11215758.861220311,838430.2006961969,0.0222437137330754,0.2485493230174081,0.3133462282398452,0.2959381044487427,1059.0,11710.0,2324146.0,16840043.925401323,29737.22083532157,162672.88128597825,10497443.345424064,553264.4525728822,0.0387157695939565,0.2908404154863078,0.2993389990557129,0.3295561850802644
1142.0,10780.0,1439125.0,16100599.22329247,55789.11213530554,393943.7104544221,10802576.844070964,750068.4080520471,0.0884413309982486,0.4089316987740806,0.3178633975481611,0.212784588441331,1295.0,13625.0,2413912.0,18282833.58764479,21003.990913106954,193481.487127764,9444174.93170356,1108219.8726892876,0.0339768339768339,0.2409266409266409,0.2532818532818532,0.3598455598455598,1288.0,14007.0,3352162.0,16991226.61801242,14417.713522918197,60869.7097028725,10056046.144050818,614143.5021959356,0.0209627329192546,0.2406832298136646,0.281055900621118,0.3672360248447205,1034.0,14072.0,3721803.0,20617382.369439077,12435.373082262658,217200.17030462535,11215758.861220311,838430.2006961969,0.0222437137330754,0.2485493230174081,0.3133462282398452,0.2959381044487427,1059.0,11710.0,2324146.0,16840043.925401323,29737.22083532157,162672.88128597825,10497443.345424064,553264.4525728822,0.0387157695939565,0.2908404154863078,0.2993389990557129,0.3295561850802644,1481.0,14889.0,3091500.0,16043760.76772451,12671.284807868327,224569.90244617037,8517364.935099559,746764.73281817,0.0236326806212018,0.2653612424037812,0.2424037812288993,0.4091829844699527
1295.0,13625.0,2413912.0,18282833.58764479,21003.990913106954,193481.487127764,9444174.93170356,1108219.8726892876,0.0339768339768339,0.2409266409266409,0.2532818532818532,0.3598455598455598,1288.0,14007.0,3352162.0,16991226.61801242,14417.713522918197,60869.7097028725,10056046.144050818,614143.5021959356,0.0209627329192546,0.2406832298136646,0.281055900621118,0.3672360248447205,1034.0,14072.0,3721803.0,20617382.369439077,12435.373082262658,217200.17030462535,11215758.861220311,838430.2006961969,0.0222437137330754,0.2485493230174081,0.3133462282398452,0.2959381044487427,1059.0,11710.0,2324146.0,16840043.925401323,29737.22083532157,162672.88128597825,10497443.345424064,553264.4525728822,0.0387157695939565,0.2908404154863078,0.2993389990557129,0.3295561850802644,1481.0,14889.0,3091500.0,16043760.76772451,12671.284807868327,224569.90244617037,8517364.935099559,746764.73281817,0.0236326806212018,0.2653612424037812,0.2424037812288993,0.4091829844699527,1281.0,13096.0,2421270.0,16807298.493364558,10931.33250203035,70286.44560135959,9193289.815990694,743607.7804012696,0.0265417642466822,0.258391881342701,0.2443403590944574,0.3934426229508196
1288.0,14007.0,3352162.0,16991226.61801242,14417.713522918197,60869.7097028725,10056046.144050818,614143.5021959356,0.0209627329192546,0.2406832298136646,0.281055900621118,0.3672360248447205,1034.0,14072.0,3721803.0,20617382.369439077,12435.373082262658,217200.17030462535,11215758.861220311,838430.2006961969,0.0222437137330754,0.2485493230174081,0.3133462282398452,0.2959381044487427,1059.0,11710.0,2324146.0,16840043.925401323,29737.22083532157,162672.88128597825,10497443.345424064,553264.4525728822,0.0387157695939565,0.2908404154863078,0.2993389990557129,0.3295561850802644,1481.0,14889.0,3091500.0,16043760.76772451,12671.284807868327,224569.90244617037,8517364.935099559,746764.73281817,0.0236326806212018,0.2653612424037812,0.2424037812288993,0.4091829844699527,1281.0,13096.0,2421270.0,16807298.493364558,10931.33250203035,70286.44560135959,9193289.815990694,743607.7804012696,0.0265417642466822,0.258391881342701,0.2443403590944574,0.3934426229508196,1079.0,11412.0,1803398.0,16792536.356811862,21360.45011523092,172079.6793695282,10507588.691566756,662535.0648977226,0.0305838739573679,0.2632066728452271,0.3225208526413345,0.3049119555143652
1034.0,14072.0,3721803.0,20617382.369439077,12435.373082262658,217200.17030462535,11215758.861220311,838430.2006961969,0.0222437137330754,0.2485493230174081,0.3133462282398452,0.2959381044487427,1059.0,11710.0,2324146.0,16840043.925401323,29737.22083532157,162672.88128597825,10497443.345424064,553264.4525728822,0.0387157695939565,0.2908404154863078,0.2993389990557129,0.3295561850802644,1481.0,14889.0,3091500.0,16043760.76772451,12671.284807868327,224569.90244617037,8517364.935099559,746764.73281817,0.0236326806212018,0.2653612424037812,0.2424037812288993,0.4091829844699527,1281.0,13096.0,2421270.0,16807298.493364558,10931.33250203035,70286.44560135959,9193289.815990694,743607.7804012696,0.0265417642466822,0.258391881342701,0.2443403590944574,0.3934426229508196,1079.0,11412.0,1803398.0,16792536.356811862,21360.45011523092,172079.6793695282,10507588.691566756,662535.0648977226,0.0305838739573679,0.2632066728452271,0.3225208526413345,0.3049119555143652,937.0,9313.0,1230354.0,18904788.097118463,34170.417344737245,521447.5871496215,13535150.817958266,389621.3665017968,0.0458911419423692,0.3223052294557097,0.2988260405549626,0.2059765208110992
1059.0,11710.0,2324146.0,16840043.925401323,29737.22083532157,162672.88128597825,10497443.345424064,553264.4525728822,0.0387157695939565,0.2908404154863078,0.2993389990557129,0.3295561850802644,1481.0,14889.0,3091500.0,16043760.76772451,12671.284807868327,224569.90244617037,8517364.935099559,746764.73281817,0.0236326806212018,0.2653612424037812,0.2424037812288993,0.4091829844699527,1281.0,13096.0,2421270.0,16807298.493364558,10931.33250203035,70286.44560135959,9193289.815990694,743607.7804012696,0.0265417642466822,0.258391881342701,0.2443403590944574,0.3934426229508196,1079.0,11412.0,1803398.0,16792536.356811862,21360.45011523092,172079.6793695282,10507588.691566756,662535.0648977226,0.0305838739573679,0.2632066728452271,0.3225208526413345,0.3049119555143652,937.0,9313.0,1230354.0,18904788.097118463,34170.417344737245,521447.5871496215,13535150.817958266,389621.3665017968,0.0458911419423692,0.3223052294557097,0.2988260405549626,0.2059765208110992,1125.0,12647.0,2404373.0,16742248.242666667,31112.086949795405,343257.1642289998,9808473.25520531,675243.0086073934,0.0391111111111111,0.2764444444444444,0.2684444444444444,0.2986666666666667
1481.0,14889.0,3091500.0,16043760.76772451,12671.284807868327,224569.90244617037,8517364.935099559,746764.73281817,0.0236326806212018,0.2653612424037812,0.2424037812288993,0.4091829844699527,1281.0,13096.0,2421270.0,16807298.493364558,10931.33250203035,70286.44560135959,9193289.815990694,743607.7804012696,0.0265417642466822,0.258391881342701,0.2443403590944574,0.3934426229508196,1079.0,11412.0,1803398.0,16792536.356811862,21360.45011523092,172079.6793695282,10507588.691566756,662535.0648977226,0.0305838739573679,0.2632066728452271,0.3225208526413345,0.3049119555143652,937.0,9313.0,1230354.0,18904788.097118463,34170.417344737245,521447.5871496215,13535150.817958266,389621.3665017968,0.0458911419423692,0.3223052294557097,0.2988260405549626,0.2059765208110992,1125.0,12647.0,2404373.0,16742248.242666667,31112.086949795405,343257.1642289998,9808473.25520531,675243.0086073934,0.0391111111111111,0.2764444444444444,0.2684444444444444,0.2986666666666667,1019.0,11008.0,1921237.0,17534895.191364083,11082.455447980878,39909.92710691894,11252888.703490486,745679.6301941666,0.0274779195289499,0.2875368007850834,0.3297350343473994,0.3022571148184494
1281.0,13096.0,2421270.0,16807298.493364558,10931.33250203035,70286.44560135959,9193289.815990694,743607.7804012696,0.0265417642466822,0.258391881342701,0.2443403590944574,0.3934426229508196,1079.0,11412.0,1803398.0,16792536.356811862,21360.45011523092,172079.6793695282,10507588.691566756,662535.0648977226,0.0305838739573679,0.2632066728452271,0.3225208526413345,0.3049119555143652,937.0,9313.0,1230354.0,18904788.097118463,34170.417344737245,521447.5871496215,13535150.817958266,389621.3665017968,0.0458911419423692,0.3223052294557097,0.2988260405549626,0.2059765208110992,1125.0,12647.0,2404373.0,16742248.242666667,31112.086949795405,343257.1642289998,9808473.25520531,675243.0086073934,0.0391111111111111,0.2764444444444444,0.2684444444444444,0.2986666666666667,1019.0,11008.0,1921237.0,17534895.191364083,11082.455447980878,39909.92710691894,11252888.703490486,745679.6301941666,0.0274779195289499,0.2875368007850834,0.3297350343473994,0.3022571148184494,1951.0,28301.0,14294326.0,14292075.818554588,16172.489572677336,289009.4595925424,6582814.215470308,644036.8321885963,0.018452075858534,0.3034341363403383,0.1312147616606868,0.4643772424397744
1079.0,11412.0,1803398.0,16792536.356811862,21360.45011523092,172079.6793695282,10507588.691566756,662535.0648977226,0.0305838739573679,0.2632066728452271,0.3225208526413345,0.3049119555143652,937.0,9313.0,1230354.0,18904788.097118463,34170.417344737245,521447.5871496215,13535150.817958266,389621.3665017968,0.0458911419423692,0.3223052294557097,0.2988260405549626,0.2059765208110992,1125.0,12647.0,2404373.0,16742248.242666667,31112.086949795405,343257.1642289998,9808473.25520531,675243.0086073934,0.0391111111111111,0.2764444444444444,0.2684444444444444,0.2986666666666667,1019.0,11008.0,1921237.0,17534895.191364083,11082.455447980878,39909.92710691894,11252888.703490486,745679.6301941666,0.0274779195289499,0.2875368007850834,0.3297350343473994,0.3022571148184494,1951.0,28301.0,14294326.0,14292075.818554588,16172.489572677336,289009.4595925424,6582814.215470308,644036.8321885963,0.018452075858534,0.3034341363403383,0.1312147616606868,0.4643772424397744,1373.0,13032.0,2106335.0,16320713.587035688,20040.7804765035,403725.65312383097,8178112.735990646,895040.5998106158,0.0284049526584122,0.2425345957756737,0.1951930080116533,0.4457392571012382
937.0,9313.0,1230354.0,18904788.097118463,34170.417344737245,521447.5871496215,13535150.817958266,389621.3665017968,0.0458911419423692,0.3223052294557097,0.2988260405549626,0.2059765208110992,1125.0,12647.0,2404373.0,16742248.242666667,31112.086949795405,343257.1642289998,9808473.25520531,675243.0086073934,0.0391111111111111,0.2764444444444444,0.2684444444444444,0.2986666666666667,1019.0,11008.0,1921237.0,17534895.191364083,11082.455447980878,39909.92710691894,11252888.703490486,745679.6301941666,0.0274779195289499,0.2875368007850834,0.3297350343473994,0.3022571148184494,1951.0,28301.0,14294326.0,14292075.818554588,16172.489572677336,289009.4595925424,6582814.215470308,644036.8321885963,0.018452075858534,0.3034341363403383,0.1312147616606868,0.4643772424397744,1373.0,13032.0,2106335.0,16320713.587035688,20040.7804765035,403725.65312383097,8178112.735990646,895040.5998106158,0.0284049526584122,0.2425345957756737,0.1951930080116533,0.4457392571012382,1155.0,11959.0,2400166.0,19244219.11601732,22547.72722472304,135331.40041508904,10705035.462064056,809392.0350574923,0.0398268398268398,0.3194805194805195,0.2649350649350649,0.3861471861471861
1125.0,12647.0,2404373.0,16742248.242666667,31112.086949795405,343257.1642289998,9808473.25520531,675243.0086073934,0.0391111111111111,0.2764444444444444,0.2684444444444444,0.2986666666666667,1019.0,11008.0,1921237.0,17534895.191364083,11082.455447980878,39909.92710691894,11252888.703490486,745679.6301941666,0.0274779195289499,0.2875368007850834,0.3297350343473994,0.3022571148184494,1951.0,28301.0,14294326.0,14292075.818554588,16172.489572677336,289009.4595925424,6582814.215470308,644036.8321885963,0.018452075858534,0.3034341363403383,0.1312147616606868,0.4643772424397744,1373.0,13032.0,2106335.0,16320713.587035688,20040.7804765035,403725.65312383097,8178112.735990646,895040.5998106158,0.0284049526584122,0.2425345957756737,0.1951930080116533,0.4457392571012382,1155.0,11959.0,2400166.0,19244219.11601732,22547.72722472304,135331.40041508904,10705035.462064056,809392.0350574923,0.0398268398268398,0.3194805194805195,0.2649350649350649,0.3861471861471861,1379.0,24295.0,15128413.0,20112508.144307468,33217.16925263196,317637.16682481125,9509547.744861135,809413.8604473193,0.0449601160261058,0.2697606961566352,0.1776649746192893,0.4467005076142132
1019.0,11008.0,1921237.0,17534895.191364083,11082.455447980878,39909.92710691894,11252888.703490486,745679.6301941666,0.0274779195289499,0.2875368007850834,0.3297350343473994,0.3022571148184494,1951.0,28301.0,14294326.0,14292075.818554588,16172.489572677336,289009.4595925424,6582814.215470308,644036.8321885963,0.018452075858534,0.3034341363403383,0.1312147616606868,0.4643772424397744,1373.0,13032.0,2106335.0,16320713.587035688,20040.7804765035,403725.65312383097,8178112.735990646,895040.5998106158,0.0284049526584122,0.2425345957756737,0.1951930080116533,0.4457392571012382,1155.0,11959.0,2400166.0,19244219.11601732,22547.72722472304,135331.40041508904,10705035.462064056,809392.0350574923,0.0398268398268398,0.3194805194805195,0.2649350649350649,0.3861471861471861,1379.0,24295.0,15128413.0,20112508.144307468,33217.16925263196,317637.16682481125,9509547.744861135,809413.8604473193,0.0449601160261058,0.2697606961566352,0.1776649746192893,0.4467005076142132,1534.0,18263.0,5860258.0,14402017.829856584,30702.28936559024,204412.94254336916,7711206.753613546,697100.837136059,0.0384615384615384,0.2959582790091264,0.1799217731421121,0.3833116036505867
1951.0,28301.0,14294326.0,14292075.818554588,16172.489572677336,289009.4595925424,6582814.215470308,644036.8321885963,0.018452075858534,0.3034341363403383,0.1312147616606868,0.4643772424397744,1373.0,13032.0,2106335.0,16320713.587035688,20040.7804765035,403725.65312383097,8178112.735990646,895040.5998106158,0.0284049526584122,0.2425345957756737,0.1951930080116533,0.4457392571012382,1155.0,11959.0,2400166.0,19244219.11601732,22547.72722472304,135331.40041508904,10705035.462064056,809392.0350574923,0.0398268398268398,0.3194805194805195,0.2649350649350649,0.3861471861471861,1379.0,24295.0,15128413.0,20112508.144307468,33217.16925263196,317637.16682481125,9509547.744861135,809413.8604473193,0.0449601160261058,0.2697606961566352,0.1776649746192893,0.4467005076142132,1534.0,18263.0,5860258.0,14402017.829856584,30702.28936559024,204412.94254336916,7711206.753613546,697100.837136059,0.0384615384615384,0.2959582790091264,0.1799217731421121,0.3833116036505867,1148.0,11941.0,2288644.0,18403641.478223,20293.201992521503,73820.60633481288,11189407.995001892,888581.8419127265,0.024390243902439,0.304006968641115,0.2395470383275261,0.3466898954703832
1373.0,13032.0,2106335.0,16320713.587035688,20040.7804765035,403725.65312383097,8178112.735990646,895040.5998106158,0.0284049526584122,0.2425345957756737,0.1951930080116533,0.4457392571012382,1155.0,11959.0,2400166.0,19244219.11601732,22547.72722472304,135331.40041508904,10705035.462064056,809392.0350574923,0.0398268398268398,0.3194805194805195,0.2649350649350649,0.3861471861471861,1379.0,24295.0,15128413.0,20112508.144307468,33217.16925263196,317637.16682481125,9509547.744861135,809413.8604473193,0.0449601160261058,0.2697606961566352,0.1776649746192893,0.4467005076142132,1534.0,18263.0,5860258.0,14402017.829856584,30702.28936559024,204412.94254336916,7711206.753613546,697100.837136059,0.0384615384615384,0.2959582790091264,0.1799217731421121,0.3833116036505867,1148.0,11941.0,2288644.0,18403641.478223,20293.201992521503,73820.60633481288,11189407.995001892,888581.8419127265,0.024390243902439,0.304006968641115,0.2395470383275261,0.3466898954703832,916.0,9020.0,1331605.0,19561954.66703057,28518.24337381876,118172.14024197136,13960278.078684663,563189.9469387525,0.0502183406113537,0.3820960698689956,0.2521834061135371,0.25
1155.0,11959.0,2400166.0,19244219.11601732,22547.72722472304,135331.40041508904,10705035.462064056,809392.0350574923,0.0398268398268398,0.3194805194805195,0.2649350649350649,0.3861471861471861,1379.0,24295.0,15128413.0,20112508.144307468,33217.16925263196,317637.16682481125,9509547.744861135,809413.8604473193,0.0449601160261058,0.2697606961566352,0.1776649746192893,0.4467005076142132,1534.0,18263.0,5860258.0,14402017.829856584,30702.28936559024,204412.94254336916,7711206.753613546,697100.837136059,0.0384615384615384,0.2959582790091264,0.1799217731421121,0.3833116036505867,1148.0,11941.0,2288644.0,18403641.478223,20293.201992521503,73820.60633481288,11189407.995001892,888581.8419127265,0.024390243902439,0.304006968641115,0.2395470383275261,0.3466898954703832,916.0,9020.0,1331605.0,19561954.66703057,28518.24337381876,118172.14024197136,13960278.078684663,563189.9469387525,0.0502183406113537,0.3820960698689956,0.2521834061135371,0.25,1160.0,13703.0,4220680.0,16647065.328448275,30251.43169510941,142843.44701049308,10323596.536402436,860156.8716206526,0.0362068965517241,0.2853448275862069,0.2258620689655172,0.4267241379310345
1379.0,24295.0,15128413.0,20112508.144307468,33217.16925263196,317637.16682481125,9509547.744861135,809413.8604473193,0.0449601160261058,0.2697606961566352,0.1776649746192893,0.4467005076142132,1534.0,18263.0,5860258.0,14402017.829856584,30702.28936559024,204412.94254336916,7711206.753613546,697100.837136059,0.0384615384615384,0.2959582790091264,0.1799217731421121,0.3833116036505867,1148.0,11941.0,2288644.0,18403641.478223,20293.201992521503,73820.60633481288,11189407.995001892,888581.8419127265,0.024390243902439,0.304006968641115,0.2395470383275261,0.3466898954703832,916.0,9020.0,1331605.0,19561954.66703057,28518.24337381876,118172.14024197136,13960278.078684663,563189.9469387525,0.0502183406113537,0.3820960698689956,0.2521834061135371,0.25,1160.0,13703.0,4220680.0,16647065.328448275,30251.43169510941,142843.44701049308,10323596.536402436,860156.8716206526,0.0362068965517241,0.2853448275862069,0.2258620689655172,0.4267241379310345,776.0,8639.0,1287775.0,22475163.48840206,12113.363538088051,142559.45822108886,16711802.749309992,494017.3337764733,0.0257731958762886,0.2963917525773196,0.3530927835051546,0.1791237113402062
1534.0,18263.0,5860258.0,14402017.829856584,30702.28936559024,204412.94254336916,7711206.753613546,697100.837136059,0.0384615384615384,0.2959582790091264,0.1799217731421121,0.3833116036505867,1148.0,11941.0,2288644.0,18403641.478223,20293.201992521503,73820.60633481288,11189407.995001892,888581.8419127265,0.024390243902439,0.304006968641115,0.2395470383275261,0.3466898954703832,916.0,9020.0,1331605.0,19561954.66703057,28518.24337381876,118172.14024197136,13960278.078684663,563189.9469387525,0.0502183406113537,0.3820960698689956,0.2521834061135371,0.25,1160.0,13703.0,4220680.0,16647065.328448275,30251.43169510941,142843.44701049308,10323596.536402436,860156.8716206526,0.0362068965517241,0.2853448275862069,0.2258620689655172,0.4267241379310345,776.0,8639.0,1287775.0,22475163.48840206,12113.363538088051,142559.45822108886,16711802.749309992,494017.3337764733,0.0257731958762886,0.2963917525773196,0.3530927835051546,0.1791237113402062,1552.0,22916.0,7863981.0,22580440.280283507,12002.332652865563,143332.59307375608,8132837.766036365,1133697.1909380606,0.0302835051546391,0.1855670103092783,0.1649484536082474,0.4948453608247423
1148.0,11941.0,2288644.0,18403641.478223,20293.201992521503,73820.60633481288,11189407.995001892,888581.8419127265,0.024390243902439,0.304006968641115,0.2395470383275261,0.3466898954703832,916.0,9020.0,1331605.0,19561954.66703057,28518.24337381876,118172.14024197136,13960278.078684663,563189.9469387525,0.0502183406113537,0.3820960698689956,0.2521834061135371,0.25,1160.0,13703.0,4220680.0,16647065.328448275,30251.43169510941,142843.44701049308,10323596.536402436,860156.8716206526,0.0362068965517241,0.2853448275862069,0.2258620689655172,0.4267241379310345,776.0,8639.0,1287775.0,22475163.48840206,12113.363538088051,142559.45822108886,16711802.749309992,494017.3337764733,0.0257731958762886,0.2963917525773196,0.3530927835051546,0.1791237113402062,1552.0,22916.0,7863981.0,22580440.280283507,12002.332652865563,143332.59307375608,8132837.766036365,1133697.1909380606,0.0302835051546391,0.1855670103092783,0.1649484536082474,0.4948453608247423,1074.0,22506.0,11595632.0,18194135.633147117,9176.837392845606,166726.90778747285,10961711.36594574,678876.3376837356,0.0176908752327746,0.2383612662942272,0.2616387337057728,0.3435754189944134
916.0,9020.0,1331605.0,19561954.66703057,28518.24337381876,118172.14024197136,13960278.078684663,563189.9469387525,0.0502183406113537,0.3820960698689956,0.2521834061135371,0.25,1160.0,13703.0,4220680.0,16647065.328448275,30251.43169510941,142843.44701049308,10323596.536402436,860156.8716206526,0.0362068965517241,0.2853448275862069,0.2258620689655172,0.4267241379310345,776.0,8639.0,1287775.0,22475163.48840206,12113.363538088051,142559.45822108886,16711802.749309992,494017.3337764733,0.0257731958762886,0.2963917525773196,0.3530927835051546,0.1791237113402062,1552.0,22916.0,7863981.0,22580440.280283507,12002.332652865563,143332.59307375608,8132837.766036365,1133697.1909380606,0.0302835051546391,0.1855670103092783,0.1649484536082474,0.4948453608247423,1074.0,22506.0,11595632.0,18194135.633147117,9176.837392845606,166726.90778747285,10961711.36594574,678876.3376837356,0.0176908752327746,0.2383612662942272,0.2616387337057728,0.3435754189944134,934.0,10786.0,1446994.0,20569008.268736616,10745.338454095778,34956.96686604623,14660949.15670285,592345.576978857,0.0149892933618843,0.3351177730192719,0.3426124197002141,0.1959314775160599
1160.0,13703.0,4220680.0,16647065.328448275,30251.43169510941,142843.44701049308,10323596.536402436,860156.8716206526,0.0362068965517241,0.2853448275862069,0.2258620689655172,0.4267241379310345,776.0,8639.0,1287775.0,22475163.48840206,12113.363538088051,142559.45822108886,16711802.749309992,494017.3337764733,0.0257731958762886,0.2963917525773196,0.3530927835051546,0.1791237113402062,1552.0,22916.0,7863981.0,22580440.280283507,12002.332652865563,143332.59307375608,8132837.766036365,1133697.1909380606,0.0302835051546391,0.1855670103092783,0.1649484536082474,0.4948453608247423,1074.0,22506.0,11595632.0,18194135.633147117,9176.837392845606,166726.90778747285,10961711.36594574,678876.3376837356,0.0176908752327746,0.2383612662942272,0.2616387337057728,0.3435754189944134,934.0,10786.0,1446994.0,20569008.268736616,10745.338454095778,34956.96686604623,14660949.15670285,592345.576978857,0.0149892933618843,0.3351177730192719,0.3426124197002141,0.1959314775160599,1367.0,21443.0,9168559.0,16596159.9063643,32011.10271323709,241398.1778338219,8847648.355345933,752123.6689489647,0.0694952450621799,0.3130943672275055,0.2026335040234089,0.401609363569861
776.0,8639.0,1287775.0,22475163.48840206,12113.363538088051,142559.45822108886,16711802.749309992,494017.3337764733,0.0257731958762886,0.2963917525773196,0.3530927835051546,0.1791237113402062,1552.0,22916.0,7863981.0,22580440.280283507,12002.332652865563,143332.59307375608,8132837.766036365,1133697.1909380606,0.0302835051546391,0.1855670103092783,0.1649484536082474,0.4948453608247423,1074.0,22506.0,11595632.0,18194135.633147117,9176.837392845606,166726.90778747285,10961711.36594574,678876.3376837356,0.0176908752327746,0.2383612662942272,0.2616387337057728,0.3435754189944134,934.0,10786.0,1446994.0,20569008.268736616,10745.338454095778,34956.96686604623,14660949.15670285,592345.576978857,0.0149892933618843,0.3351177730192719,0.3426124197002141,0.1959314775160599,1367.0,21443.0,9168559.0,16596159.9063643,32011.10271323709,241398.1778338219,8847648.355345933,752123.6689489647,0.0694952450621799,0.3130943672275055,0.2026335040234089,0.401609363569861,1159.0,13897.0,2569914.0,18914567.686798964,21347.35596903192,165650.35620522927,10413661.881751526,702529.1100578383,0.0457290767903365,0.2838654012079378,0.3097497842968076,0.3054357204486626
1552.0,22916.0,7863981.0,22580440.280283507,12002.332652865563,143332.59307375608,8132837.766036365,1133697.1909380606,0.0302835051546391,0.1855670103092783,0.1649484536082474,0.4948453608247423,1074.0,22506.0,11595632.0,18194135.633147117,9176.837392845606,166726.90778747285,10961711.36594574,678876.3376837356,0.0176908752327746,0.2383612662942272,0.2616387337057728,0.3435754189944134,934.0,10786.0,1446994.0,20569008.268736616,10745.338454095778,34956.96686604623,14660949.15670285,592345.576978857,0.0149892933618843,0.3351177730192719,0.3426124197002141,0.1959314775160599,1367.0,21443.0,9168559.0,16596159.9063643,32011.10271323709,241398.1778338219,8847648.355345933,752123.6689489647,0.0694952450621799,0.3130943672275055,0.2026335040234089,0.401609363569861,1159.0,13897.0,2569914.0,18914567.686798964,21347.35596903192,165650.35620522927,10413661.881751526,702529.1100578383,0.0457290767903365,0.2838654012079378,0.3097497842968076,0.3054357204486626,940.0,8700.0,1201286.0,19649576.071276598,14938.409689399195,181056.4531478549,14372856.05107938,653882.854784497,0.0308510638297872,0.3574468085106383,0.2680851063829787,0.2787234042553191
1074.0,22506.0,11595632.0,18194135.633147117,9176.837392845606,166726.90778747285,10961711.36594574,678876.3376837356,0.0176908752327746,0.2383612662942272,0.2616387337057728,0.3435754189944134,934.0,10786.0,1446994.0,20569008.268736616,10745.338454095778,34956.96686604623,14660949.15670285,592345.576978857,0.0149892933618843,0.3351177730192719,0.3426124197002141,0.1959314775160599,1367.0,21443.0,9168559.0,16596159.9063643,32011.10271323709,241398.1778338219,8847648.355345933,752123.6689489647,0.0694952450621799,0.3130943672275055,0.2026335040234089,0.401609363569861,1159.0,13897.0,2569914.0,18914567.686798964,21347.35596903192,165650.35620522927,10413661.881751526,702529.1100578383,0.0457290767903365,0.2838654012079378,0.3097497842968076,0.3054357204486626,940.0,8700.0,1201286.0,19649576.071276598,14938.409689399195,181056.4531478549,14372856.05107938,653882.854784497,0.0308510638297872,0.3574468085106383,0.2680851063829787,0.2787234042553191,1974.0,21956.0,4910620.0,15597698.915906789,15775.189883112567,204692.2929974005,6146034.43258899,760412.0535298359,0.0288753799392097,0.2695035460992908,0.1778115501519757,0.4908814589665654
934.0,10786.0,1446994.0,20569008.268736616,10745.338454095778,34956.96686604623,14660949.15670285,592345.576978857,0.0149892933618843,0.3351177730192719,0.3426124197002141,0.1959314775160599,1367.0,21443.0,9168559.0,16596159.9063643,32011.10271323709,241398.1778338219,8847648.355345933,752123.6689489647,0.0694952450621799,0.3130943672275055,0.2026335040234089,0.401609363569861,1159.0,13897.0,2569914.0,18914567.686798964,21347.35596903192,165650.35620522927,10413661.881751526,702529.1100578383,0.0457290767903365,0.2838654012079378,0.3097497842968076,0.3054357204486626,940.0,8700.0,1201286.0,19649576.071276598,14938.409689399195,181056.4531478549,14372856.05107938,653882.854784497,0.0308510638297872,0.3574468085106383,0.2680851063829787,0.2787234042553191,1974.0,21956.0,4910620.0,15597698.915906789,15775.189883112567,204692.2929974005,6146034.43258899,760412.0535298359,0.0288753799392097,0.2695035460992908,0.1778115501519757,0.4908814589665654,1297.0,11836.0,1808730.0,11855447.694680031,19530.676351981056,136019.07418412188,9295209.623346947,224731.09025928724,0.0177332305319969,0.3353893600616808,0.297609868928296,0.2868157286044718
1367.0,21443.0,9168559.0,16596159.9063643,32011.10271323709,241398.1778338219,8847648.355345933,752123.6689489647,0.0694952450621799,0.3130943672275055,0.2026335040234089,0.401609363569861,1159.0,13897.0,2569914.0,18914567.686798964,21347.35596903192,165650.35620522927,10413661.881751526,702529.1100578383,0.0457290767903365,0.2838654012079378,0.3097497842968076,0.3054357204486626,940.0,8700.0,1201286.0,19649576.071276598,14938.409689399195,181056.4531478549,14372856.05107938,653882.854784497,0.0308510638297872,0.3574468085106383,0.2680851063829787,0.2787234042553191,1974.0,21956.0,4910620.0,15597698.915906789,15775.189883112567,204692.2929974005,6146034.43258899,760412.0535298359,0.0288753799392097,0.2695035460992908,0.1778115501519757,0.4908814589665654,1297.0,11836.0,1808730.0,11855447.694680031,19530.676351981056,136019.07418412188,9295209.623346947,224731.09025928724,0.0177332305319969,0.3353893600616808,0.297609868928296,0.2868157286044718,1202.0,13167.0,1842346.0,18659100.40432612,22119.033238324817,198566.19963144825,10997728.209200446,711780.5283966863,0.0257903494176372,0.2920133111480865,0.2612312811980033,0.3502495840266223
1159.0,13897.0,2569914.0,18914567.686798964,21347.35596903192,165650.35620522927,10413661.881751526,702529.1100578383,0.0457290767903365,0.2838654012079378,0.3097497842968076,0.3054357204486626,940.0,8700.0,1201286.0,19649576.071276598,14938.409689399195,181056.4531478549,14372856.05107938,653882.854784497,0.0308510638297872,0.3574468085106383,0.2680851063829787,0.2787234042553191,1974.0,21956.0,4910620.0,15597698.915906789,15775.189883112567,204692.2929974005,6146034.43258899,760412.0535298359,0.0288753799392097,0.2695035460992908,0.1778115501519757,0.4908814589665654,1297.0,11836.0,1808730.0,11855447.694680031,19530.676351981056,136019.07418412188,9295209.623346947,224731.09025928724,0.0177332305319969,0.3353893600616808,0.297609868928296,0.2868157286044718,1202.0,13167.0,1842346.0,18659100.40432612,22119.033238324817,198566.19963144825,10997728.209200446,711780.5283966863,0.0257903494176372,0.2920133111480865,0.2612312811980033,0.3502495840266223,1639.0,18930.0,5313688.0,16164019.239780352,24661.72361385199,155648.09288932255,7316457.314053336,877355.3373630584,0.0500305064063453,0.2336790726052471,0.2367297132397803,0.4289200732153752
940.0,8700.0,1201286.0,19649576.071276598,14938.409689399195,181056.4531478549,14372856.05107938,653882.854784497,0.0308510638297872,0.3574468085106383,0.2680851063829787,0.2787234042553191,1974.0,21956.0,4910620.0,15597698.915906789,15775.189883112567,204692.2929974005,6146034.43258899,760412.0535298359,0.0288753799392097,0.2695035460992908,0.1778115501519757,0.4908814589665654,1297.0,11836.0,1808730.0,11855447.694680031,19530.676351981056,136019.07418412188,9295209.623346947,224731.09025928724,0.0177332305319969,0.3353893600616808,0.297609868928296,0.2868157286044718,1202.0,13167.0,1842346.0,18659100.40432612,22119.033238324817,198566.19963144825,10997728.209200446,711780.5283966863,0.0257903494176372,0.2920133111480865,0.2612312811980033,0.3502495840266223,1639.0,18930.0,5313688.0,16164019.239780352,24661.72361385199,155648.09288932255,7316457.314053336,877355.3373630584,0.0500305064063453,0.2336790726052471,0.2367297132397803,0.4289200732153752,1284.0,14349.0,2386388.0,19559952.48831776,14985.82255860078,248371.53200118116,9946179.958204422,1002085.6393239676,0.0171339563862928,0.235202492211838,0.249221183800623,0.3987538940809969
1974.0,21956.0,4910620.0,15597698.915906789,15775.189883112567,204692.2929974005,6146034.43258899,760412.0535298359,0.0288753799392097,0.2695035460992908,0.1778115501519757,0.4908814589665654,1297.0,11836.0,1808730.0,11855447.694680031,19530.676351981056,136019.07418412188,9295209.623346947,224731.09025928724,0.0177332305319969,0.3353893600616808,0.297609868928296,0.2868157286044718,1202.0,13167.0,1842346.0,18659100.40432612,22119.033238324817,198566.19963144825,10997728.209200446,711780.5283966863,0.0257903494176372,0.2920133111480865,0.2612312811980033,0.3502495840266223,1639.0,18930.0,5313688.0,16164019.239780352,24661.72361385199,155648.09288932255,7316457.314053336,877355.3373630584,0.0500305064063453,0.2336790726052471,0.2367297132397803,0.4289200732153752,1284.0,14349.0,2386388.0,19559952.48831776,14985.82255860078,248371.53200118116,9946179.958204422,1002085.6393239676,0.0171339563862928,0.235202492211838,0.249221183800623,0.3987538940809969,1235.0,16517.0,5002811.0,18207250.94574899,15347.26601478546,37824.36626893166,10636748.279173316,947653.85986254,0.0218623481781376,0.2639676113360324,0.3506072874493927,0.2809716599190283
1297.0,11836.0,1808730.0,11855447.694680031,19530.676351981056,136019.07418412188,9295209.623346947,224731.09025928724,0.0177332305319969,0.3353893600616808,0.297609868928296,0.2868157286044718,1202.0,13167.0,1842346.0,18659100.40432612,22119.033238324817,198566.19963144825,10997728.209200446,711780.5283966863,0.0257903494176372,0.2920133111480865,0.2612312811980033,0.3502495840266223,1639.0,18930.0,5313688.0,16164019.239780352,24661.72361385199,155648.09288932255,7316457.314053336,877355.3373630584,0.0500305064063453,0.2336790726052471,0.2367297132397803,0.4289200732153752,1284.0,14349.0,2386388.0,19559952.48831776,14985.82255860078,248371.53200118116,9946179.958204422,1002085.6393239676,0.0171339563862928,0.235202492211838,0.249221183800623,0.3987538940809969,1235.0,16517.0,5002811.0,18207250.94574899,15347.26601478546,37824.36626893166,10636748.279173316,947653.85986254,0.0218623481781376,0.2639676113360324,0.3506072874493927,0.2809716599190283,1249.0,13578.0,2077547.0,15328476.745396318,20848.094813652297,102503.08499079164,9483874.669080077,536426.5180570142,0.0392313851080864,0.3018414731785428,0.3346677341873498,0.3266613290632506
1202.0,13167.0,1842346.0,18659100.40432612,22119.033238324817,198566.19963144825,10997728.209200446,711780.5283966863,0.0257903494176372,0.2920133111480865,0.2612312811980033,0.3502495840266223,1639.0,18930.0,5313688.0,16164019.239780352,24661.72361385199,155648.09288932255,7316457.314053336,877355.3373630584,0.0500305064063453,0.2336790726052471,0.2367297132397803,0.4289200732153752,1284.0,14349.0,2386388.0,19559952.48831776,14985.82255860078,248371.53200118116,9946179.958204422,1002085.6393239676,0.0171339563862928,0.235202492211838,0.249221183800623,0.3987538940809969,1235.0,16517.0,5002811.0,18207250.94574899,15347.26601478546,37824.36626893166,10636748.279173316,947653.85986254,0.0218623481781376,0.2639676113360324,0.3506072874493927,0.2809716599190283,1249.0,13578.0,2077547.0,15328476.745396318,20848.094813652297,102503.08499079164,9483874.669080077,536426.5180570142,0.0392313851080864,0.3018414731785428,0.3346677341873498,0.3266613290632506,1453.0,14780.0,2436361.0,15920134.695801787,16694.2252139124,149508.07684228127,9144140.40419986,627338.6498949536,0.0516173434273916,0.2525808671713695,0.2739160357880247,0.3303509979353062
1639.0,18930.0,5313688.0,16164019.239780352,24661.72361385199,155648.09288932255,7316457.314053336,877355.3373630584,0.0500305064063453,0.2336790726052471,0.2367297132397803,0.4289200732153752,1284.0,14349.0,2386388.0,19559952.48831776,14985.82255860078,248371.53200118116,9946179.958204422,1002085.6393239676,0.0171339563862928,0.235202492211838,0.249221183800623,0.3987538940809969,1235.0,16517.0,5002811.0,18207250.94574899,15347.26601478546,37824.36626893166,10636748.279173316,947653.85986254,0.0218623481781376,0.2639676113360324,0.3506072874493927,0.2809716599190283,1249.0,13578.0,2077547.0,15328476.745396318,20848.094813652297,102503.08499079164,9483874.669080077,536426.5180570142,0.0392313851080864,0.3018414731785428,0.3346677341873498,0.3266613290632506,1453.0,14780.0,2436361.0,15920134.695801787,16694.2252139124,149508.07684228127,9144140.40419986,627338.6498949536,0.0516173434273916,0.2525808671713695,0.2739160357880247,0.3303509979353062,1046.0,12621.0,2539698.0,18432616.51720841,13019.023197317614,52673.362869517245,11644797.474251298,538024.2659010295,0.0133843212237093,0.2609942638623327,0.3403441682600382,0.2877629063097514
1284.0,14349.0,2386388.0,19559952.48831776,14985.82255860078,248371.53200118116,9946179.958204422,1002085.6393239676,0.0171339563862928,0.235202492211838,0.249221183800623,0.3987538940809969,1235.0,16517.0,5002811.0,18207250.94574899,15347.26601478546,37824.36626893166,10636748.279173316,947653.85986254,0.0218623481781376,0.2639676113360324,0.3506072874493927,0.2809716599190283,1249.0,13578.0,2077547.0,15328476.745396318,20848.094813652297,102503.08499079164,9483874.669080077,536426.5180570142,0.0392313851080864,0.3018414731785428,0.3346677341873498,0.3266613290632506,1453.0,14780.0,2436361.0,15920134.695801787,16694.2252139124,149508.07684228127,9144140.40419986,627338.6498949536,0.0516173434273916,0.2525808671713695,0.2739160357880247,0.3303509979353062,1046.0,12621.0,2539698.0,18432616.51720841,13019.023197317614,52673.362869517245,11644797.474251298,538024.2659010295,0.0133843212237093,0.2609942638623327,0.3403441682600382,0.2877629063097514,1163.0,12039.0,2060156.0,15302806.889939811,14623.34912908744,122770.95456645975,10156956.62973811,522216.045680484,0.0214961306964746,0.292347377472055,0.2992261392949269,0.3267411865864144
1235.0,16517.0,5002811.0,18207250.94574899,15347.26601478546,37824.36626893166,10636748.279173316,947653.85986254,0.0218623481781376,0.2639676113360324,0.3506072874493927,0.2809716599190283,1249.0,13578.0,2077547.0,15328476.745396318,20848.094813652297,102503.08499079164,9483874.669080077,536426.5180570142,0.0392313851080864,0.3018414731785428,0.3346677341873498,0.3266613290632506,1453.0,14780.0,2436361.0,15920134.695801787,16694.2252139124,149508.07684228127,9144140.40419986,627338.6498949536,0.0516173434273916,0.2525808671713695,0.2739160357880247,0.3303509979353062,1046.0,12621.0,2539698.0,18432616.51720841,13019.023197317614,52673.362869517245,11644797.474251298,538024.2659010295,0.0133843212237093,0.2609942638623327,0.3403441682600382,0.2877629063097514,1163.0,12039.0,2060156.0,15302806.889939811,14623.34912908744,122770.95456645975,10156956.62973811,522216.045680484,0.0214961306964746,0.292347377472055,0.2992261392949269,0.3267411865864144,1289.0,14468.0,3151204.0,17751855.682699766,14798.61529032623,232731.2417539563,10661147.718960114,602095.1401191327,0.0193948797517455,0.2428238944918541,0.3025601241272304,0.339022498060512
1249.0,13578.0,2077547.0,15328476.745396318,20848.094813652297,102503.08499079164,9483874.669080077,536426.5180570142,0.0392313851080864,0.3018414731785428,0.3346677341873498,0.3266613290632506,1453.0,14780.0,2436361.0,15920134.695801787,16694.2252139124,149508.07684228127,9144140.40419986,627338.6498949536,0.0516173434273916,0.2525808671713695,0.2739160357880247,0.3303509979353062,1046.0,12621.0,2539698.0,18432616.51720841,13019.023197317614,52673.362869517245,11644797.474251298,538024.2659010295,0.0133843212237093,0.2609942638623327,0.3403441682600382,0.2877629063097514,1163.0,12039.0,2060156.0,15302806.889939811,14623.34912908744,122770.95456645975,10156956.62973811,522216.045680484,0.0214961306964746,0.292347377472055,0.2992261392949269,0.3267411865864144,1289.0,14468.0,3151204.0,17751855.682699766,14798.61529032623,232731.2417539563,10661147.718960114,602095.1401191327,0.0193948797517455,0.2428238944918541,0.3025601241272304,0.339022498060512,892.0,10351.0,1548449.0,18579922.75112108,5450.905754139059,22807.207291665178,14880090.933477586,384360.3369371813,0.0134529147982062,0.2746636771300448,0.413677130044843,0.1535874439461883
1453.0,14780.0,2436361.0,15920134.695801787,16694.2252139124,149508.07684228127,9144140.40419986,627338.6498949536,0.0516173434273916,0.2525808671713695,0.2739160357880247,0.3303509979353062,1046.0,12621.0,2539698.0,18432616.51720841,13019.023197317614,52673.362869517245,11644797.474251298,538024.2659010295,0.0133843212237093,0.2609942638623327,0.3403441682600382,0.2877629063097514,1163.0,12039.0,2060156.0,15302806.889939811,14623.34912908744,122770.95456645975,10156956.62973811,522216.045680484,0.0214961306964746,0.292347377472055,0.2992261392949269,0.3267411865864144,1289.0,14468.0,3151204.0,17751855.682699766,14798.61529032623,232731.2417539563,10661147.718960114,602095.1401191327,0.0193948797517455,0.2428238944918541,0.3025601241272304,0.339022498060512,892.0,10351.0,1548449.0,18579922.75112108,5450.905754139059,22807.207291665178,14880090.933477586,384360.3369371813,0.0134529147982062,0.2746636771300448,0.413677130044843,0.1535874439461883,983.0,10252.0,1497955.0,17112746.125127163,18270.84250760628,64746.56486028568,13454098.477382082,352267.3717774395,0.0254323499491353,0.2960325534079349,0.3275686673448627,0.2329603255340793
1046.0,12621.0,2539698.0,18432616.51720841,13019.023197317614,52673.362869517245,11644797.474251298,538024.2659010295,0.0133843212237093,0.2609942638623327,0.3403441682600382,0.2877629063097514,1163.0,12039.0,2060156.0,15302806.889939811,14623.34912908744,122770.95456645975,10156956.62973811,522216.045680484,0.0214961306964746,0.292347377472055,0.2992261392949269,0.3267411865864144,1289.0,14468.0,3151204.0,17751855.682699766,14798.61529032623,232731.2417539563,10661147.718960114,602095.1401191327,0.0193948797517455,0.2428238944918541,0.3025601241272304,0.339022498060512,892.0,10351.0,1548449.0,18579922.75112108,5450.905754139059,22807.207291665178,14880090.933477586,384360.3369371813,0.0134529147982062,0.2746636771300448,0.413677130044843,0.1535874439461883,983.0,10252.0,1497955.0,17112746.125127163,18270.84250760628,64746.56486028568,13454098.477382082,352267.3717774395,0.0254323499491353,0.2960325534079349,0.3275686673448627,0.2329603255340793,1240.0,12880.0,1963481.0,19165550.543548387,18292.995603809355,43970.64437131885,11697113.088855589,642664.2050991373,0.0233870967741935,0.2491935483870967,0.2854838709677419,0.2862903225806452
1163.0,12039.0,2060156.0,15302806.889939811,14623.34912908744,122770.95456645975,10156956.62973811,522216.045680484,0.0214961306964746,0.292347377472055,0.2992261392949269,0.3267411865864144,1289.0,14468.0,3151204.0,17751855.682699766,14798.61529032623,232731.2417539563,10661147.718960114,602095.1401191327,0.0193948797517455,0.2428238944918541,0.3025601241272304,0.339022498060512,892.0,10351.0,1548449.0,18579922.75112108,5450.905754139059,22807.207291665178,14880090.933477586,384360.3369371813,0.0134529147982062,0.2746636771300448,0.413677130044843,0.1535874439461883,983.0,10252.0,1497955.0,17112746.125127163,18270.84250760628,64746.56486028568,13454098.477382082,352267.3717774395,0.0254323499491353,0.2960325534079349,0.3275686673448627,0.2329603255340793,1240.0,12880.0,1963481.0,19165550.543548387,18292.995603809355,43970.64437131885,11697113.088855589,642664.2050991373,0.0233870967741935,0.2491935483870967,0.2854838709677419,0.2862903225806452,831.0,9676.0,1402113.0,18640341.55475331,2852.1718413321864,23620.302622529565,15393111.91587182,337701.4849487343,0.0048134777376654,0.2659446450060168,0.4283995186522262,0.1732851985559566
1289.0,14468.0,3151204.0,17751855.682699766,14798.61529032623,232731.2417539563,10661147.718960114,602095.1401191327,0.0193948797517455,0.2428238944918541,0.3025601241272304,0.339022498060512,892.0,10351.0,1548449.0,18579922.75112108,5450.905754139059,22807.207291665178,14880090.933477586,384360.3369371813,0.0134529147982062,0.2746636771300448,0.413677130044843,0.1535874439461883,983.0,10252.0,1497955.0,17112746.125127163,18270.84250760628,64746.56486028568,13454098.477382082,352267.3717774395,0.0254323499491353,0.2960325534079349,0.3275686673448627,0.2329603255340793,1240.0,12880.0,1963481.0,19165550.543548387,18292.995603809355,43970.64437131885,11697113.088855589,642664.2050991373,0.0233870967741935,0.2491935483870967,0.2854838709677419,0.2862903225806452,831.0,9676.0,1402113.0,18640341.55475331,2852.1718413321864,23620.302622529565,15393111.91587182,337701.4849487343,0.0048134777376654,0.2659446450060168,0.4283995186522262,0.1732851985559566,899.0,10206.0,1470591.0,19009751.171301447,8670.87516085067,29159.73269097017,14764181.71794035,403432.824994596,0.0022246941045606,0.2736373748609566,0.4204671857619577,0.167964404894327
892.0,10351.0,1548449.0,18579922.75112108,5450.905754139059,22807.207291665178,14880090.933477586,384360.3369371813,0.0134529147982062,0.2746636771300448,0.413677130044843,0.1535874439461883,983.0,10252.0,1497955.0,17112746.125127163,18270.84250760628,64746.56486028568,13454098.477382082,352267.3717774395,0.0254323499491353,0.2960325534079349,0.3275686673448627,0.2329603255340793,1240.0,12880.0,1963481.0,19165550.543548387,18292.995603809355,43970.64437131885,11697113.088855589,642664.2050991373,0.0233870967741935,0.2491935483870967,0.2854838709677419,0.2862903225806452,831.0,9676.0,1402113.0,18640341.55475331,2852.1718413321864,23620.302622529565,15393111.91587182,337701.4849487343,0.0048134777376654,0.2659446450060168,0.4283995186522262,0.1732851985559566,899.0,10206.0,1470591.0,19009751.171301447,8670.87516085067,29159.73269097017,14764181.71794035,403432.824994596,0.0022246941045606,0.2736373748609566,0.4204671857619577,0.167964404894327,2208.0,28675.0,11461018.0,15554894.355525363,12537.111267960405,203287.0120631753,6761280.767378194,780002.1308581969,0.0190217391304347,0.2735507246376811,0.1598731884057971,0.4479166666666667
983.0,10252.0,1497955.0,17112746.125127163,18270.84250760628,64746.56486028568,13454098.477382082,352267.3717774395,0.0254323499491353,0.2960325534079349,0.3275686673448627,0.2329603255340793,1240.0,12880.0,1963481.0,19165550.543548387,18292.995603809355,43970.64437131885,11697113.088855589,642664.2050991373,0.0233870967741935,0.2491935483870967,0.2854838709677419,0.2862903225806452,831.0,9676.0,1402113.0,18640341.55475331,2852.1718413321864,23620.302622529565,15393111.91587182,337701.4849487343,0.0048134777376654,0.2659446450060168,0.4283995186522262,0.1732851985559566,899.0,10206.0,1470591.0,19009751.171301447,8670.87516085067,29159.73269097017,14764181.71794035,403432.824994596,0.0022246941045606,0.2736373748609566,0.4204671857619577,0.167964404894327,2208.0,28675.0,11461018.0,15554894.355525363,12537.111267960405,203287.0120631753,6761280.767378194,780002.1308581969,0.0190217391304347,0.2735507246376811,0.1598731884057971,0.4479166666666667,1298.0,16753.0,4783042.0,18264858.807395995,13343.195951566002,168366.88594482042,10064009.742249103,802778.1560139881,0.0077041602465331,0.2419106317411402,0.2865947611710323,0.3852080123266564
1240.0,12880.0,1963481.0,19165550.543548387,18292.995603809355,43970.64437131885,11697113.088855589,642664.2050991373,0.0233870967741935,0.2491935483870967,0.2854838709677419,0.2862903225806452,831.0,9676.0,1402113.0,18640341.55475331,2852.1718413321864,23620.302622529565,15393111.91587182,337701.4849487343,0.0048134777376654,0.2659446450060168,0.4283995186522262,0.1732851985559566,899.0,10206.0,1470591.0,19009751.171301447,8670.87516085067,29159.73269097017,14764181.71794035,403432.824994596,0.0022246941045606,0.2736373748609566,0.4204671857619577,0.167964404894327,2208.0,28675.0,11461018.0,15554894.355525363,12537.111267960405,203287.0120631753,6761280.767378194,780002.1308581969,0.0190217391304347,0.2735507246376811,0.1598731884057971,0.4479166666666667,1298.0,16753.0,4783042.0,18264858.807395995,13343.195951566002,168366.88594482042,10064009.742249103,802778.1560139881,0.0077041602465331,0.2419106317411402,0.2865947611710323,0.3852080123266564,1054.0,10469.0,1474128.0,18888378.724857684,14410.805544293176,59826.40818877368,12989794.80153629,545084.1083200198,0.0123339658444022,0.3235294117647059,0.2656546489563567,0.3149905123339658
831.0,9676.0,1402113.0,18640341.55475331,2852.1718413321864,23620.302622529565,15393111.91587182,337701.4849487343,0.0048134777376654,0.2659446450060168,0.4283995186522262,0.1732851985559566,899.0,10206.0,1470591.0,19009751.171301447,8670.87516085067,29159.73269097017,14764181.71794035,403432.824994596,0.0022246941045606,0.2736373748609566,0.4204671857619577,0.167964404894327,2208.0,28675.0,11461018.0,15554894.355525363,12537.111267960405,203287.0120631753,6761280.767378194,780002.1308581969,0.0190217391304347,0.2735507246376811,0.1598731884057971,0.4479166666666667,1298.0,16753.0,4783042.0,18264858.807395995,13343.195951566002,168366.88594482042,10064009.742249103,802778.1560139881,0.0077041602465331,0.2419106317411402,0.2865947611710323,0.3852080123266564,1054.0,10469.0,1474128.0,18888378.724857684,14410.805544293176,59826.40818877368,12989794.80153629,545084.1083200198,0.0123339658444022,0.3235294117647059,0.2656546489563567,0.3149905123339658,1350.0,11494.0,1560525.0,15636610.891111111,32831.43336413325,331701.1250270117,10655815.97441136,506045.8919413397,0.06,0.3437037037037037,0.2192592592592592,0.2933333333333333
899.0,10206.0,1470591.0,19009751.171301447,8670.87516085067,29159.73269097017,14764181.71794035,403432.824994596,0.0022246941045606,0.2736373748609566,0.4204671857619577,0.167964404894327,2208.0,28675.0,11461018.0,15554894.355525363,12537.111267960405,203287.0120631753,6761280.767378194,780002.1308581969,0.0190217391304347,0.2735507246376811,0.1598731884057971,0.4479166666666667,1298.0,16753.0,4783042.0,18264858.807395995,13343.195951566002,168366.88594482042,10064009.742249103,802778.1560139881,0.0077041602465331,0.2419106317411402,0.2865947611710323,0.3852080123266564,1054.0,10469.0,1474128.0,18888378.724857684,14410.805544293176,59826.40818877368,12989794.80153629,545084.1083200198,0.0123339658444022,0.3235294117647059,0.2656546489563567,0.3149905123339658,1350.0,11494.0,1560525.0,15636610.891111111,32831.43336413325,331701.1250270117,10655815.97441136,506045.8919413397,0.06,0.3437037037037037,0.2192592592592592,0.2933333333333333,1255.0,13209.0,2426001.0,17440089.55936255,14845.135254717565,147625.30690056088,10424025.895216478,961628.8201841403,0.0199203187250996,0.250996015936255,0.3091633466135458,0.3266932270916334
2208.0,28675.0,11461018.0,15554894.355525363,12537.111267960405,203287.0120631753,6761280.767378194,780002.1308581969,0.0190217391304347,0.2735507246376811,0.1598731884057971,0.4479166666666667,1298.0,16753.0,4783042.0,18264858.807395995,13343.195951566002,168366.88594482042,10064009.742249103,802778.1560139881,0.0077041602465331,0.2419106317411402,0.2865947611710323,0.3852080123266564,1054.0,10469.0,1474128.0,18888378.724857684,14410.805544293176,59826.40818877368,12989794.80153629,545084.1083200198,0.0123339658444022,0.3235294117647059,0.2656546489563567,0.3149905123339658,1350.0,11494.0,1560525.0,15636610.891111111,32831.43336413325,331701.1250270117,10655815.97441136,506045.8919413397,0.06,0.3437037037037037,0.2192592592592592,0.2933333333333333,1255.0,13209.0,2426001.0,17440089.55936255,14845.135254717565,147625.30690056088,10424025.895216478,961628.8201841403,0.0199203187250996,0.250996015936255,0.3091633466135458,0.3266932270916334,1198.0,11765.0,1857845.0,15582628.943238731,6757.395490983791,73359.93524390494,12511437.955291511,331044.3907722768,0.01669449081803,0.2487479131886477,0.2971619365609348,0.3013355592654424
1298.0,16753.0,4783042.0,18264858.807395995,13343.195951566002,168366.88594482042,10064009.742249103,802778.1560139881,0.0077041602465331,0.2419106317411402,0.2865947611710323,0.3852080123266564,1054.0,10469.0,1474128.0,18888378.724857684,14410.805544293176,59826.40818877368,12989794.80153629,545084.1083200198,0.0123339658444022,0.3235294117647059,0.2656546489563567,0.3149905123339658,1350.0,11494.0,1560525.0,15636610.891111111,32831.43336413325,331701.1250270117,10655815.97441136,506045.8919413397,0.06,0.3437037037037037,0.2192592592592592,0.2933333333333333,1255.0,13209.0,2426001.0,17440089.55936255,14845.135254717565,147625.30690056088,10424025.895216478,961628.8201841403,0.0199203187250996,0.250996015936255,0.3091633466135458,0.3266932270916334,1198.0,11765.0,1857845.0,15582628.943238731,6757.395490983791,73359.93524390494,12511437.955291511,331044.3907722768,0.01669449081803,0.2487479131886477,0.2971619365609348,0.3013355592654424,1318.0,14387.0,2416292.0,19262306.30804249,23244.165344595865,382575.3343453173,11035651.724944046,709498.6744775523,0.0159332321699544,0.2344461305007587,0.2822458270106222,0.3163884673748103
1054.0,10469.0,1474128.0,18888378.724857684,14410.805544293176,59826.40818877368,12989794.80153629,545084.1083200198,0.0123339658444022,0.3235294117647059,0.2656546489563567,0.3149905123339658,1350.0,11494.0,1560525.0,15636610.891111111,32831.43336413325,331701.1250270117,10655815.97441136,506045.8919413397,0.06,0.3437037037037037,0.2192592592592592,0.2933333333333333,1255.0,13209.0,2426001.0,17440089.55936255,14845.135254717565,147625.30690056088,10424025.895216478,961628.8201841403,0.0199203187250996,0.250996015936255,0.3091633466135458,0.3266932270916334,1198.0,11765.0,1857845.0,15582628.943238731,6757.395490983791,73359.93524390494,12511437.955291511,331044.3907722768,0.01669449081803,0.2487479131886477,0.2971619365609348,0.3013355592654424,1318.0,14387.0,2416292.0,19262306.30804249,23244.165344595865,382575.3343453173,11035651.724944046,709498.6744775523,0.0159332321699544,0.2344461305007587,0.2822458270106222,0.3163884673748103,1286.0,16103.0,4547390.0,17308574.2348367,21326.810082188545,353460.0610887931,11224163.056917464,622929.9417874869,0.0171073094867807,0.2659409020217729,0.3102643856920684,0.3335925349922239
1350.0,11494.0,1560525.0,15636610.891111111,32831.43336413325,331701.1250270117,10655815.97441136,506045.8919413397,0.06,0.3437037037037037,0.2192592592592592,0.2933333333333333,1255.0,13209.0,2426001.0,17440089.55936255,14845.135254717565,147625.30690056088,10424025.895216478,961628.8201841403,0.0199203187250996,0.250996015936255,0.3091633466135458,0.3266932270916334,1198.0,11765.0,1857845.0,15582628.943238731,6757.395490983791,73359.93524390494,12511437.955291511,331044.3907722768,0.01669449081803,0.2487479131886477,0.2971619365609348,0.3013355592654424,1318.0,14387.0,2416292.0,19262306.30804249,23244.165344595865,382575.3343453173,11035651.724944046,709498.6744775523,0.0159332321699544,0.2344461305007587,0.2822458270106222,0.3163884673748103,1286.0,16103.0,4547390.0,17308574.2348367,21326.810082188545,353460.0610887931,11224163.056917464,622929.9417874869,0.0171073094867807,0.2659409020217729,0.3102643856920684,0.3335925349922239,1187.0,15025.0,4612012.0,21966530.47851727,11433.288792245176,235859.31530962163,13921983.062635256,721626.2052402679,0.0067396798652064,0.2763268744734625,0.3024431339511373,0.3260320134793597
1255.0,13209.0,2426001.0,17440089.55936255,14845.135254717565,147625.30690056088,10424025.895216478,961628.8201841403,0.0199203187250996,0.250996015936255,0.3091633466135458,0.3266932270916334,1198.0,11765.0,1857845.0,15582628.943238731,6757.395490983791,73359.93524390494,12511437.955291511,331044.3907722768,0.01669449081803,0.2487479131886477,0.2971619365609348,0.3013355592654424,1318.0,14387.0,2416292.0,19262306.30804249,23244.165344595865,382575.3343453173,11035651.724944046,709498.6744775523,0.0159332321699544,0.2344461305007587,0.2822458270106222,0.3163884673748103,1286.0,16103.0,4547390.0,17308574.2348367,21326.810082188545,353460.0610887931,11224163.056917464,622929.9417874869,0.0171073094867807,0.2659409020217729,0.3102643856920684,0.3335925349922239,1187.0,15025.0,4612012.0,21966530.47851727,11433.288792245176,235859.31530962163,13921983.062635256,721626.2052402679,0.0067396798652064,0.2763268744734625,0.3024431339511373,0.3260320134793597,1176.0,12545.0,1942503.0,18638508.781462584,30239.9781266409,195124.45303578948,13067055.560383089,523487.0028153231,0.0340136054421768,0.3027210884353741,0.3290816326530612,0.2227891156462585
1198.0,11765.0,1857845.0,15582628.943238731,6757.395490983791,73359.93524390494,12511437.955291511,331044.3907722768,0.01669449081803,0.2487479131886477,0.2971619365609348,0.3013355592654424,1318.0,14387.0,2416292.0,19262306.30804249,23244.165344595865,382575.3343453173,11035651.724944046,709498.6744775523,0.0159332321699544,0.2344461305007587,0.2822458270106222,0.3163884673748103,1286.0,16103.0,4547390.0,17308574.2348367,21326.810082188545,353460.0610887931,11224163.056917464,622929.9417874869,0.0171073094867807,0.2659409020217729,0.3102643856920684,0.3335925349922239,1187.0,15025.0,4612012.0,21966530.47851727,11433.288792245176,235859.31530962163,13921983.062635256,721626.2052402679,0.0067396798652064,0.2763268744734625,0.3024431339511373,0.3260320134793597,1176.0,12545.0,1942503.0,18638508.781462584,30239.9781266409,195124.45303578948,13067055.560383089,523487.0028153231,0.0340136054421768,0.3027210884353741,0.3290816326530612,0.2227891156462585,1159.0,15606.0,6364940.0,18557671.405522,40820.104682086334,468939.56106554624,13192246.862824488,516500.5758054717,0.0422778257118205,0.3080241587575496,0.3399482312338223,0.2821397756686798
1318.0,14387.0,2416292.0,19262306.30804249,23244.165344595865,382575.3343453173,11035651.724944046,709498.6744775523,0.0159332321699544,0.2344461305007587,0.2822458270106222,0.3163884673748103,1286.0,16103.0,4547390.0,17308574.2348367,21326.810082188545,353460.0610887931,11224163.056917464,622929.9417874869,0.0171073094867807,0.2659409020217729,0.3102643856920684,0.3335925349922239,1187.0,15025.0,4612012.0,21966530.47851727,11433.288792245176,235859.31530962163,13921983.062635256,721626.2052402679,0.0067396798652064,0.2763268744734625,0.3024431339511373,0.3260320134793597,1176.0,12545.0,1942503.0,18638508.781462584,30239.9781266409,195124.45303578948,13067055.560383089,523487.0028153231,0.0340136054421768,0.3027210884353741,0.3290816326530612,0.2227891156462585,1159.0,15606.0,6364940.0,18557671.405522,40820.104682086334,468939.56106554624,13192246.862824488,516500.5758054717,0.0422778257118205,0.3080241587575496,0.3399482312338223,0.2821397756686798,1070.0,14386.0,4144642.0,21180778.414953277,23141.362363045544,334621.50256112864,15595182.921242096,534398.743265459,0.0261682242990654,0.2897196261682243,0.3953271028037383,0.1887850467289719
1286.0,16103.0,4547390.0,17308574.2348367,21326.810082188545,353460.0610887931,11224163.056917464,622929.9417874869,0.0171073094867807,0.2659409020217729,0.3102643856920684,0.3335925349922239,1187.0,15025.0,4612012.0,21966530.47851727,11433.288792245176,235859.31530962163,13921983.062635256,721626.2052402679,0.0067396798652064,0.2763268744734625,0.3024431339511373,0.3260320134793597,1176.0,12545.0,1942503.0,18638508.781462584,30239.9781266409,195124.45303578948,13067055.560383089,523487.0028153231,0.0340136054421768,0.3027210884353741,0.3290816326530612,0.2227891156462585,1159.0,15606.0,6364940.0,18557671.405522,40820.104682086334,468939.56106554624,13192246.862824488,516500.5758054717,0.0422778257118205,0.3080241587575496,0.3399482312338223,0.2821397756686798,1070.0,14386.0,4144642.0,21180778.414953277,23141.362363045544,334621.50256112864,15595182.921242096,534398.743265459,0.0261682242990654,0.2897196261682243,0.3953271028037383,0.1887850467289719,1447.0,17581.0,4881351.0,19443889.122322045,22333.388097091447,309780.9642758653,10214991.508515282,906751.328532536,0.0248790601243953,0.2494816862474084,0.2432619212163096,0.3987560469937802
1187.0,15025.0,4612012.0,21966530.47851727,11433.288792245176,235859.31530962163,13921983.062635256,721626.2052402679,0.0067396798652064,0.2763268744734625,0.3024431339511373,0.3260320134793597,1176.0,12545.0,1942503.0,18638508.781462584,30239.9781266409,195124.45303578948,13067055.560383089,523487.0028153231,0.0340136054421768,0.3027210884353741,0.3290816326530612,0.2227891156462585,1159.0,15606.0,6364940.0,18557671.405522,40820.104682086334,468939.56106554624,13192246.862824488,516500.5758054717,0.0422778257118205,0.3080241587575496,0.3399482312338223,0.2821397756686798,1070.0,14386.0,4144642.0,21180778.414953277,23141.362363045544,334621.50256112864,15595182.921242096,534398.743265459,0.0261682242990654,0.2897196261682243,0.3953271028037383,0.1887850467289719,1447.0,17581.0,4881351.0,19443889.122322045,22333.388097091447,309780.9642758653,10214991.508515282,906751.328532536,0.0248790601243953,0.2494816862474084,0.2432619212163096,0.3987560469937802,1239.0,13156.0,2448163.0,16592532.912025828,13165.03417755304,161528.6437846691,11597160.918965038,504472.42760253686,0.0193704600484261,0.3034705407586763,0.2953995157384987,0.29136400322841
1176.0,12545.0,1942503.0,18638508.781462584,30239.9781266409,195124.45303578948,13067055.560383089,523487.0028153231,0.0340136054421768,0.3027210884353741,0.3290816326530612,0.2227891156462585,1159.0,15606.0,6364940.0,18557671.405522,40820.104682086334,468939.56106554624,13192246.862824488,516500.5758054717,0.0422778257118205,0.3080241587575496,0.3399482312338223,0.2821397756686798,1070.0,14386.0,4144642.0,21180778.414953277,23141.362363045544,334621.50256112864,15595182.921242096,534398.743265459,0.0261682242990654,0.2897196261682243,0.3953271028037383,0.1887850467289719,1447.0,17581.0,4881351.0,19443889.122322045,22333.388097091447,309780.9642758653,10214991.508515282,906751.328532536,0.0248790601243953,0.2494816862474084,0.2432619212163096,0.3987560469937802,1239.0,13156.0,2448163.0,16592532.912025828,13165.03417755304,161528.6437846691,11597160.918965038,504472.42760253686,0.0193704600484261,0.3034705407586763,0.2953995157384987,0.29136400322841,1680.0,17886.0,3744118.0,19984912.564285714,16799.32348067048,211306.34471130016,9744458.217525216,872465.0522512936,0.025,0.2285714285714285,0.2166666666666666,0.4422619047619047
1159.0,15606.0,6364940.0,18557671.405522,40820.104682086334,468939.56106554624,13192246.862824488,516500.5758054717,0.0422778257118205,0.3080241587575496,0.3399482312338223,0.2821397756686798,1070.0,14386.0,4144642.0,21180778.414953277,23141.362363045544,334621.50256112864,15595182.921242096,534398.743265459,0.0261682242990654,0.2897196261682243,0.3953271028037383,0.1887850467289719,1447.0,17581.0,4881351.0,19443889.122322045,22333.388097091447,309780.9642758653,10214991.508515282,906751.328532536,0.0248790601243953,0.2494816862474084,0.2432619212163096,0.3987560469937802,1239.0,13156.0,2448163.0,16592532.912025828,13165.03417755304,161528.6437846691,11597160.918965038,504472.42760253686,0.0193704600484261,0.3034705407586763,0.2953995157384987,0.29136400322841,1680.0,17886.0,3744118.0,19984912.564285714,16799.32348067048,211306.34471130016,9744458.217525216,872465.0522512936,0.025,0.2285714285714285,0.2166666666666666,0.4422619047619047,2087.0,19456.0,4590678.0,12859166.294202205,29036.44413490042,279736.60303216946,7059837.673521254,562126.1245881792,0.0349784379492093,0.319597508385242,0.1729755630091039,0.4451365596550072
1070.0,14386.0,4144642.0,21180778.414953277,23141.362363045544,334621.50256112864,15595182.921242096,534398.743265459,0.0261682242990654,0.2897196261682243,0.3953271028037383,0.1887850467289719,1447.0,17581.0,4881351.0,19443889.122322045,22333.388097091447,309780.9642758653,10214991.508515282,906751.328532536,0.0248790601243953,0.2494816862474084,0.2432619212163096,0.3987560469937802,1239.0,13156.0,2448163.0,16592532.912025828,13165.03417755304,161528.6437846691,11597160.918965038,504472.42760253686,0.0193704600484261,0.3034705407586763,0.2953995157384987,0.29136400322841,1680.0,17886.0,3744118.0,19984912.564285714,16799.32348067048,211306.34471130016,9744458.217525216,872465.0522512936,0.025,0.2285714285714285,0.2166666666666666,0.4422619047619047,2087.0,19456.0,4590678.0,12859166.294202205,29036.44413490042,279736.60303216946,7059837.673521254,562126.1245881792,0.0349784379492093,0.319597508385242,0.1729755630091039,0.4451365596550072,1161.0,11527.0,1717622.0,16523557.369509043,21520.49975756028,140419.179361324,12722326.533111649,410584.55843270855,0.016365202411714,0.3557278208440999,0.305770887166236,0.2825150732127476
1447.0,17581.0,4881351.0,19443889.122322045,22333.388097091447,309780.9642758653,10214991.508515282,906751.328532536,0.0248790601243953,0.2494816862474084,0.2432619212163096,0.3987560469937802,1239.0,13156.0,2448163.0,16592532.912025828,13165.03417755304,161528.6437846691,11597160.918965038,504472.42760253686,0.0193704600484261,0.3034705407586763,0.2953995157384987,0.29136400322841,1680.0,17886.0,3744118.0,19984912.564285714,16799.32348067048,211306.34471130016,9744458.217525216,872465.0522512936,0.025,0.2285714285714285,0.2166666666666666,0.4422619047619047,2087.0,19456.0,4590678.0,12859166.294202205,29036.44413490042,279736.60303216946,7059837.673521254,562126.1245881792,0.0349784379492093,0.319597508385242,0.1729755630091039,0.4451365596550072,1161.0,11527.0,1717622.0,16523557.369509043,21520.49975756028,140419.179361324,12722326.533111649,410584.55843270855,0.016365202411714,0.3557278208440999,0.305770887166236,0.2825150732127476,1462.0,16489.0,3310221.0,20651533.26538988,22035.80214433748,70218.03006700607,11006986.752683671,900189.920553545,0.0396716826265389,0.2790697674418604,0.2517099863201094,0.3741450068399453
1239.0,13156.0,2448163.0,16592532.912025828,13165.03417755304,161528.6437846691,11597160.918965038,504472.42760253686,0.0193704600484261,0.3034705407586763,0.2953995157384987,0.29136400322841,1680.0,17886.0,3744118.0,19984912.564285714,16799.32348067048,211306.34471130016,9744458.217525216,872465.0522512936,0.025,0.2285714285714285,0.2166666666666666,0.4422619047619047,2087.0,19456.0,4590678.0,12859166.294202205,29036.44413490042,279736.60303216946,7059837.673521254,562126.1245881792,0.0349784379492093,0.319597508385242,0.1729755630091039,0.4451365596550072,1161.0,11527.0,1717622.0,16523557.369509043,21520.49975756028,140419.179361324,12722326.533111649,410584.55843270855,0.016365202411714,0.3557278208440999,0.305770887166236,0.2825150732127476,1462.0,16489.0,3310221.0,20651533.26538988,22035.80214433748,70218.03006700607,11006986.752683671,900189.920553545,0.0396716826265389,0.2790697674418604,0.2517099863201094,0.3741450068399453,2134.0,24314.0,6183049.0,18419910.556232423,15987.000098246946,134552.99587100095,7407396.106706659,1032598.7166249324,0.0318650421743205,0.197750702905342,0.1921274601686972,0.4995313964386129
1680.0,17886.0,3744118.0,19984912.564285714,16799.32348067048,211306.34471130016,9744458.217525216,872465.0522512936,0.025,0.2285714285714285,0.2166666666666666,0.4422619047619047,2087.0,19456.0,4590678.0,12859166.294202205,29036.44413490042,279736.60303216946,7059837.673521254,562126.1245881792,0.0349784379492093,0.319597508385242,0.1729755630091039,0.4451365596550072,1161.0,11527.0,1717622.0,16523557.369509043,21520.49975756028,140419.179361324,12722326.533111649,410584.55843270855,0.016365202411714,0.3557278208440999,0.305770887166236,0.2825150732127476,1462.0,16489.0,3310221.0,20651533.26538988,22035.80214433748,70218.03006700607,11006986.752683671,900189.920553545,0.0396716826265389,0.2790697674418604,0.2517099863201094,0.3741450068399453,2134.0,24314.0,6183049.0,18419910.556232423,15987.000098246946,134552.99587100095,7407396.106706659,1032598.7166249324,0.0318650421743205,0.197750702905342,0.1921274601686972,0.4995313964386129,1820.0,17966.0,3281306.0,18788550.38186813,15923.60979251094,198214.87039665016,10030591.917917458,967337.5645503788,0.012087912087912,0.2620879120879121,0.2175824175824176,0.4104395604395604
2087.0,19456.0,4590678.0,12859166.294202205,29036.44413490042,279736.60303216946,7059837.673521254,562126.1245881792,0.0349784379492093,0.319597508385242,0.1729755630091039,0.4451365596550072,1161.0,11527.0,1717622.0,16523557.369509043,21520.49975756028,140419.179361324,12722326.533111649,410584.55843270855,0.016365202411714,0.3557278208440999,0.305770887166236,0.2825150732127476,1462.0,16489.0,3310221.0,20651533.26538988,22035.80214433748,70218.03006700607,11006986.752683671,900189.920553545,0.0396716826265389,0.2790697674418604,0.2517099863201094,0.3741450068399453,2134.0,24314.0,6183049.0,18419910.556232423,15987.000098246946,134552.99587100095,7407396.106706659,1032598.7166249324,0.0318650421743205,0.197750702905342,0.1921274601686972,0.4995313964386129,1820.0,17966.0,3281306.0,18788550.38186813,15923.60979251094,198214.87039665016,10030591.917917458,967337.5645503788,0.012087912087912,0.2620879120879121,0.2175824175824176,0.4104395604395604,1547.0,16708.0,3513789.0,19246707.87718164,17199.60117799616,55097.77613364644,11375956.456623338,878378.6824520606,0.0290885585003232,0.3206205559146736,0.2721396250808015,0.3445378151260504
1161.0,11527.0,1717622.0,16523557.369509043,21520.49975756028,140419.179361324,12722326.533111649,410584.55843270855,0.016365202411714,0.3557278208440999,0.305770887166236,0.2825150732127476,1462.0,16489.0,3310221.0,20651533.26538988,22035.80214433748,70218.03006700607,11006986.752683671,900189.920553545,0.0396716826265389,0.2790697674418604,0.2517099863201094,0.3741450068399453,2134.0,24314.0,6183049.0,18419910.556232423,15987.000098246946,134552.99587100095,7407396.106706659,1032598.7166249324,0.0318650421743205,0.197750702905342,0.1921274601686972,0.4995313964386129,1820.0,17966.0,3281306.0,18788550.38186813,15923.60979251094,198214.87039665016,10030591.917917458,967337.5645503788,0.012087912087912,0.2620879120879121,0.2175824175824176,0.4104395604395604,1547.0,16708.0,3513789.0,19246707.87718164,17199.60117799616,55097.77613364644,11375956.456623338,878378.6824520606,0.0290885585003232,0.3206205559146736,0.2721396250808015,0.3445378151260504,1988.0,27673.0,10936965.0,16471637.527162978,40856.517846834926,307341.85630073136,8036628.895819733,925011.8845347436,0.0674044265593561,0.3023138832997988,0.2072434607645875,0.4220321931589537
1462.0,16489.0,3310221.0,20651533.26538988,22035.80214433748,70218.03006700607,11006986.752683671,900189.920553545,0.0396716826265389,0.2790697674418604,0.2517099863201094,0.3741450068399453,2134.0,24314.0,6183049.0,18419910.556232423,15987.000098246946,134552.99587100095,7407396.106706659,1032598.7166249324,0.0318650421743205,0.197750702905342,0.1921274601686972,0.4995313964386129,1820.0,17966.0,3281306.0,18788550.38186813,15923.60979251094,198214.87039665016,10030591.917917458,967337.5645503788,0.012087912087912,0.2620879120879121,0.2175824175824176,0.4104395604395604,1547.0,16708.0,3513789.0,19246707.87718164,17199.60117799616,55097.77613364644,11375956.456623338,878378.6824520606,0.0290885585003232,0.3206205559146736,0.2721396250808015,0.3445378151260504,1988.0,27673.0,10936965.0,16471637.527162978,40856.517846834926,307341.85630073136,8036628.895819733,925011.8845347436,0.0674044265593561,0.3023138832997988,0.2072434607645875,0.4220321931589537,1198.0,12450.0,1796666.0,20271696.07929883,16618.75684399573,63421.63752779351,14265939.339346727,575213.3697742674,0.020033388981636,0.3205342237061769,0.3347245409015025,0.2245409015025041
2134.0,24314.0,6183049.0,18419910.556232423,15987.000098246946,134552.99587100095,7407396.106706659,1032598.7166249324,0.0318650421743205,0.197750702905342,0.1921274601686972,0.4995313964386129,1820.0,17966.0,3281306.0,18788550.38186813,15923.60979251094,198214.87039665016,10030591.917917458,967337.5645503788,0.012087912087912,0.2620879120879121,0.2175824175824176,0.4104395604395604,1547.0,16708.0,3513789.0,19246707.87718164,17199.60117799616,55097.77613364644,11375956.456623338,878378.6824520606,0.0290885585003232,0.3206205559146736,0.2721396250808015,0.3445378151260504,1988.0,27673.0,10936965.0,16471637.527162978,40856.517846834926,307341.85630073136,8036628.895819733,925011.8845347436,0.0674044265593561,0.3023138832997988,0.2072434607645875,0.4220321931589537,1198.0,12450.0,1796666.0,20271696.07929883,16618.75684399573,63421.63752779351,14265939.339346727,575213.3697742674,0.020033388981636,0.3205342237061769,0.3347245409015025,0.2245409015025041,1301.0,13250.0,1913540.0,18641089.7840123,25463.753331499996,119040.29162720904,12716596.463421166,774113.2191966436,0.0453497309761721,0.3766333589546503,0.3182167563412759,0.2475019215987701
1820.0,17966.0,3281306.0,18788550.38186813,15923.60979251094,198214.87039665016,10030591.917917458,967337.5645503788,0.012087912087912,0.2620879120879121,0.2175824175824176,0.4104395604395604,1547.0,16708.0,3513789.0,19246707.87718164,17199.60117799616,55097.77613364644,11375956.456623338,878378.6824520606,0.0290885585003232,0.3206205559146736,0.2721396250808015,0.3445378151260504,1988.0,27673.0,10936965.0,16471637.527162978,40856.517846834926,307341.85630073136,8036628.895819733,925011.8845347436,0.0674044265593561,0.3023138832997988,0.2072434607645875,0.4220321931589537,1198.0,12450.0,1796666.0,20271696.07929883,16618.75684399573,63421.63752779351,14265939.339346727,575213.3697742674,0.020033388981636,0.3205342237061769,0.3347245409015025,0.2245409015025041,1301.0,13250.0,1913540.0,18641089.7840123,25463.753331499996,119040.29162720904,12716596.463421166,774113.2191966436,0.0453497309761721,0.3766333589546503,0.3182167563412759,0.2475019215987701,1670.0,17074.0,3188417.0,18952364.691017963,24688.85604881267,280081.30219716806,9633159.954935675,995082.1434440714,0.0347305389221556,0.2676646706586826,0.2125748502994012,0.4359281437125748
1547.0,16708.0,3513789.0,19246707.87718164,17199.60117799616,55097.77613364644,11375956.456623338,878378.6824520606,0.0290885585003232,0.3206205559146736,0.2721396250808015,0.3445378151260504,1988.0,27673.0,10936965.0,16471637.527162978,40856.517846834926,307341.85630073136,8036628.895819733,925011.8845347436,0.0674044265593561,0.3023138832997988,0.2072434607645875,0.4220321931589537,1198.0,12450.0,1796666.0,20271696.07929883,16618.75684399573,63421.63752779351,14265939.339346727,575213.3697742674,0.020033388981636,0.3205342237061769,0.3347245409015025,0.2245409015025041,1301.0,13250.0,1913540.0,18641089.7840123,25463.753331499996,119040.29162720904,12716596.463421166,774113.2191966436,0.0453497309761721,0.3766333589546503,0.3182167563412759,0.2475019215987701,1670.0,17074.0,3188417.0,18952364.691017963,24688.85604881267,280081.30219716806,9633159.954935675,995082.1434440714,0.0347305389221556,0.2676646706586826,0.2125748502994012,0.4359281437125748,1172.0,12355.0,1947895.0,22479351.318259384,12703.350722543391,165439.20690466027,14815982.577283569,648629.9318456233,0.0162116040955631,0.2790102389078498,0.2687713310580205,0.3284982935153583
1988.0,27673.0,10936965.0,16471637.527162978,40856.517846834926,307341.85630073136,8036628.895819733,925011.8845347436,0.0674044265593561,0.3023138832997988,0.2072434607645875,0.4220321931589537,1198.0,12450.0,1796666.0,20271696.07929883,16618.75684399573,63421.63752779351,14265939.339346727,575213.3697742674,0.020033388981636,0.3205342237061769,0.3347245409015025,0.2245409015025041,1301.0,13250.0,1913540.0,18641089.7840123,25463.753331499996,119040.29162720904,12716596.463421166,774113.2191966436,0.0453497309761721,0.3766333589546503,0.3182167563412759,0.2475019215987701,1670.0,17074.0,3188417.0,18952364.691017963,24688.85604881267,280081.30219716806,9633159.954935675,995082.1434440714,0.0347305389221556,0.2676646706586826,0.2125748502994012,0.4359281437125748,1172.0,12355.0,1947895.0,22479351.318259384,12703.350722543391,165439.20690466027,14815982.577283569,648629.9318456233,0.0162116040955631,0.2790102389078498,0.2687713310580205,0.3284982935153583,1241.0,13422.0,2372529.0,20234296.375503626,12749.068690772843,66868.9289626108,12560723.30952406,822482.9229027797,0.0185334407735697,0.2860596293311845,0.2369057211925866,0.3634165995165189
1198.0,12450.0,1796666.0,20271696.07929883,16618.75684399573,63421.63752779351,14265939.339346727,575213.3697742674,0.020033388981636,0.3205342237061769,0.3347245409015025,0.2245409015025041,1301.0,13250.0,1913540.0,18641089.7840123,25463.753331499996,119040.29162720904,12716596.463421166,774113.2191966436,0.0453497309761721,0.3766333589546503,0.3182167563412759,0.2475019215987701,1670.0,17074.0,3188417.0,18952364.691017963,24688.85604881267,280081.30219716806,9633159.954935675,995082.1434440714,0.0347305389221556,0.2676646706586826,0.2125748502994012,0.4359281437125748,1172.0,12355.0,1947895.0,22479351.318259384,12703.350722543391,165439.20690466027,14815982.577283569,648629.9318456233,0.0162116040955631,0.2790102389078498,0.2687713310580205,0.3284982935153583,1241.0,13422.0,2372529.0,20234296.375503626,12749.068690772843,66868.9289626108,12560723.30952406,822482.9229027797,0.0185334407735697,0.2860596293311845,0.2369057211925866,0.3634165995165189,1220.0,11102.0,1688792.0,17911262.08032787,37361.53366886251,275798.13693040586,12115933.903520022,597682.5684689744,0.0524590163934426,0.330327868852459,0.2344262295081967,0.3573770491803278
1301.0,13250.0,1913540.0,18641089.7840123,25463.753331499996,119040.29162720904,12716596.463421166,774113.2191966436,0.0453497309761721,0.3766333589546503,0.3182167563412759,0.2475019215987701,1670.0,17074.0,3188417.0,18952364.691017963,24688.85604881267,280081.30219716806,9633159.954935675,995082.1434440714,0.0347305389221556,0.2676646706586826,0.2125748502994012,0.4359281437125748,1172.0,12355.0,1947895.0,22479351.318259384,12703.350722543391,165439.20690466027,14815982.577283569,648629.9318456233,0.0162116040955631,0.2790102389078498,0.2687713310580205,0.3284982935153583,1241.0,13422.0,2372529.0,20234296.375503626,12749.068690772843,66868.9289626108,12560723.30952406,822482.9229027797,0.0185334407735697,0.2860596293311845,0.2369057211925866,0.3634165995165189,1220.0,11102.0,1688792.0,17911262.08032787,37361.53366886251,275798.13693040586,12115933.903520022,597682.5684689744,0.0524590163934426,0.330327868852459,0.2344262295081967,0.3573770491803278,1360.0,21774.0,11261113.0,21758763.180882357,17661.4675682122,126329.72582671916,11930887.19037511,819389.2252966308,0.0205882352941176,0.25,0.2595588235294118,0.4183823529411765
1670.0,17074.0,3188417.0,18952364.691017963,24688.85604881267,280081.30219716806,9633159.954935675,995082.1434440714,0.0347305389221556,0.2676646706586826,0.2125748502994012,0.4359281437125748,1172.0,12355.0,1947895.0,22479351.318259384,12703.350722543391,165439.20690466027,14815982.577283569,648629.9318456233,0.0162116040955631,0.2790102389078498,0.2687713310580205,0.3284982935153583,1241.0,13422.0,2372529.0,20234296.375503626,12749.068690772843,66868.9289626108,12560723.30952406,822482.9229027797,0.0185334407735697,0.2860596293311845,0.2369057211925866,0.3634165995165189,1220.0,11102.0,1688792.0,17911262.08032787,37361.53366886251,275798.13693040586,12115933.903520022,597682.5684689744,0.0524590163934426,0.330327868852459,0.2344262295081967,0.3573770491803278,1360.0,21774.0,11261113.0,21758763.180882357,17661.4675682122,126329.72582671916,11930887.19037511,819389.2252966308,0.0205882352941176,0.25,0.2595588235294118,0.4183823529411765,1216.0,14749.0,3759199.0,21239883.10444079,21036.474597687586,48966.74751247942,11951876.30006097,784567.6976484125,0.0238486842105263,0.2820723684210526,0.2590460526315789,0.3717105263157895
1172.0,12355.0,1947895.0,22479351.318259384,12703.350722543391,165439.20690466027,14815982.577283569,648629.9318456233,0.0162116040955631,0.2790102389078498,0.2687713310580205,0.3284982935153583,1241.0,13422.0,2372529.0,20234296.375503626,12749.068690772843,66868.9289626108,12560723.30952406,822482.9229027797,0.0185334407735697,0.2860596293311845,0.2369057211925866,0.3634165995165189,1220.0,11102.0,1688792.0,17911262.08032787,37361.53366886251,275798.13693040586,12115933.903520022,597682.5684689744,0.0524590163934426,0.330327868852459,0.2344262295081967,0.3573770491803278,1360.0,21774.0,11261113.0,21758763.180882357,17661.4675682122,126329.72582671916,11930887.19037511,819389.2252966308,0.0205882352941176,0.25,0.2595588235294118,0.4183823529411765,1216.0,14749.0,3759199.0,21239883.10444079,21036.474597687586,48966.74751247942,11951876.30006097,784567.6976484125,0.0238486842105263,0.2820723684210526,0.2590460526315789,0.3717105263157895,1731.0,31079.0,15869148.0,20341877.20161756,21326.62351454796,167723.46485038317,8776761.411997287,942632.5239139788,0.0202195262853841,0.2697862507221259,0.1715771230502599,0.4702484113229347
1241.0,13422.0,2372529.0,20234296.375503626,12749.068690772843,66868.9289626108,12560723.30952406,822482.9229027797,0.0185334407735697,0.2860596293311845,0.2369057211925866,0.3634165995165189,1220.0,11102.0,1688792.0,17911262.08032787,37361.53366886251,275798.13693040586,12115933.903520022,597682.5684689744,0.0524590163934426,0.330327868852459,0.2344262295081967,0.3573770491803278,1360.0,21774.0,11261113.0,21758763.180882357,17661.4675682122,126329.72582671916,11930887.19037511,819389.2252966308,0.0205882352941176,0.25,0.2595588235294118,0.4183823529411765,1216.0,14749.0,3759199.0,21239883.10444079,21036.474597687586,48966.74751247942,11951876.30006097,784567.6976484125,0.0238486842105263,0.2820723684210526,0.2590460526315789,0.3717105263157895,1731.0,31079.0,15869148.0,20341877.20161756,21326.62351454796,167723.46485038317,8776761.411997287,942632.5239139788,0.0202195262853841,0.2697862507221259,0.1715771230502599,0.4702484113229347,1564.0,13443.0,2299536.0,15488924.191815857,20057.734770358435,259460.15286870932,10137108.340535209,448240.35263003246,0.0345268542199488,0.391304347826087,0.2001278772378516,0.3810741687979539
1220.0,11102.0,1688792.0,17911262.08032787,37361.53366886251,275798.13693040586,12115933.903520022,597682.5684689744,0.0524590163934426,0.330327868852459,0.2344262295081967,0.3573770491803278,1360.0,21774.0,11261113.0,21758763.180882357,17661.4675682122,126329.72582671916,11930887.19037511,819389.2252966308,0.0205882352941176,0.25,0.2595588235294118,0.4183823529411765,1216.0,14749.0,3759199.0,21239883.10444079,21036.474597687586,48966.74751247942,11951876.30006097,784567.6976484125,0.0238486842105263,0.2820723684210526,0.2590460526315789,0.3717105263157895,1731.0,31079.0,15869148.0,20341877.20161756,21326.62351454796,167723.46485038317,8776761.411997287,942632.5239139788,0.0202195262853841,0.2697862507221259,0.1715771230502599,0.4702484113229347,1564.0,13443.0,2299536.0,15488924.191815857,20057.734770358435,259460.15286870932,10137108.340535209,448240.35263003246,0.0345268542199488,0.391304347826087,0.2001278772378516,0.3810741687979539,1964.0,26794.0,12501937.0,16040277.042260692,20087.57048057588,143478.00805418636,7751016.28414253,1027678.2766404066,0.0315682281059063,0.2535641547861507,0.1675152749490835,0.5234215885947047
1360.0,21774.0,11261113.0,21758763.180882357,17661.4675682122,126329.72582671916,11930887.19037511,819389.2252966308,0.0205882352941176,0.25,0.2595588235294118,0.4183823529411765,1216.0,14749.0,3759199.0,21239883.10444079,21036.474597687586,48966.74751247942,11951876.30006097,784567.6976484125,0.0238486842105263,0.2820723684210526,0.2590460526315789,0.3717105263157895,1731.0,31079.0,15869148.0,20341877.20161756,21326.62351454796,167723.46485038317,8776761.411997287,942632.5239139788,0.0202195262853841,0.2697862507221259,0.1715771230502599,0.4702484113229347,1564.0,13443.0,2299536.0,15488924.191815857,20057.734770358435,259460.15286870932,10137108.340535209,448240.35263003246,0.0345268542199488,0.391304347826087,0.2001278772378516,0.3810741687979539,1964.0,26794.0,12501937.0,16040277.042260692,20087.57048057588,143478.00805418636,7751016.28414253,1027678.2766404066,0.0315682281059063,0.2535641547861507,0.1675152749490835,0.5234215885947047,1307.0,11062.0,1573797.0,14650041.66717674,10703.05036701339,100609.2043907781,11556021.451967614,553232.2660961929,0.0137719969395562,0.3175210405508799,0.2570772762050497,0.3282325937260902
1216.0,14749.0,3759199.0,21239883.10444079,21036.474597687586,48966.74751247942,11951876.30006097,784567.6976484125,0.0238486842105263,0.2820723684210526,0.2590460526315789,0.3717105263157895,1731.0,31079.0,15869148.0,20341877.20161756,21326.62351454796,167723.46485038317,8776761.411997287,942632.5239139788,0.0202195262853841,0.2697862507221259,0.1715771230502599,0.4702484113229347,1564.0,13443.0,2299536.0,15488924.191815857,20057.734770358435,259460.15286870932,10137108.340535209,448240.35263003246,0.0345268542199488,0.391304347826087,0.2001278772378516,0.3810741687979539,1964.0,26794.0,12501937.0,16040277.042260692,20087.57048057588,143478.00805418636,7751016.28414253,1027678.2766404066,0.0315682281059063,0.2535641547861507,0.1675152749490835,0.5234215885947047,1307.0,11062.0,1573797.0,14650041.66717674,10703.05036701339,100609.2043907781,11556021.451967614,553232.2660961929,0.0137719969395562,0.3175210405508799,0.2570772762050497,0.3282325937260902,1764.0,22811.0,7324443.0,20870335.82936508,10435.13936690948,155186.50501134034,9001680.550062742,1123408.677181989,0.0311791383219954,0.2074829931972789,0.1978458049886621,0.4574829931972789
1731.0,31079.0,15869148.0,20341877.20161756,21326.62351454796,167723.46485038317,8776761.411997287,942632.5239139788,0.0202195262853841,0.2697862507221259,0.1715771230502599,0.4702484113229347,1564.0,13443.0,2299536.0,15488924.191815857,20057.734770358435,259460.15286870932,10137108.340535209,448240.35263003246,0.0345268542199488,0.391304347826087,0.2001278772378516,0.3810741687979539,1964.0,26794.0,12501937.0,16040277.042260692,20087.57048057588,143478.00805418636,7751016.28414253,1027678.2766404066,0.0315682281059063,0.2535641547861507,0.1675152749490835,0.5234215885947047,1307.0,11062.0,1573797.0,14650041.66717674,10703.05036701339,100609.2043907781,11556021.451967614,553232.2660961929,0.0137719969395562,0.3175210405508799,0.2570772762050497,0.3282325937260902,1764.0,22811.0,7324443.0,20870335.82936508,10435.13936690948,155186.50501134034,9001680.550062742,1123408.677181989,0.0311791383219954,0.2074829931972789,0.1978458049886621,0.4574829931972789,1045.0,10728.0,1651969.0,20083265.98277512,7242.397309278534,71897.5165762442,13920189.429521542,653004.7312182183,0.0200956937799043,0.307177033492823,0.2956937799043062,0.3320574162679426
1564.0,13443.0,2299536.0,15488924.191815857,20057.734770358435,259460.15286870932,10137108.340535209,448240.35263003246,0.0345268542199488,0.391304347826087,0.2001278772378516,0.3810741687979539,1964.0,26794.0,12501937.0,16040277.042260692,20087.57048057588,143478.00805418636,7751016.28414253,1027678.2766404066,0.0315682281059063,0.2535641547861507,0.1675152749490835,0.5234215885947047,1307.0,11062.0,1573797.0,14650041.66717674,10703.05036701339,100609.2043907781,11556021.451967614,553232.2660961929,0.0137719969395562,0.3175210405508799,0.2570772762050497,0.3282325937260902,1764.0,22811.0,7324443.0,20870335.82936508,10435.13936690948,155186.50501134034,9001680.550062742,1123408.677181989,0.0311791383219954,0.2074829931972789,0.1978458049886621,0.4574829931972789,1045.0,10728.0,1651969.0,20083265.98277512,7242.397309278534,71897.5165762442,13920189.429521542,653004.7312182183,0.0200956937799043,0.307177033492823,0.2956937799043062,0.3320574162679426,1028.0,20987.0,11332500.0,23823861.913424123,10683.30984858738,128700.11944370114,15144949.832865307,993928.0334366484,0.0223735408560311,0.3326848249027237,0.301556420233463,0.3054474708171206
1964.0,26794.0,12501937.0,16040277.042260692,20087.57048057588,143478.00805418636,7751016.28414253,1027678.2766404066,0.0315682281059063,0.2535641547861507,0.1675152749490835,0.5234215885947047,1307.0,11062.0,1573797.0,14650041.66717674,10703.05036701339,100609.2043907781,11556021.451967614,553232.2660961929,0.0137719969395562,0.3175210405508799,0.2570772762050497,0.3282325937260902,1764.0,22811.0,7324443.0,20870335.82936508,10435.13936690948,155186.50501134034,9001680.550062742,1123408.677181989,0.0311791383219954,0.2074829931972789,0.1978458049886621,0.4574829931972789,1045.0,10728.0,1651969.0,20083265.98277512,7242.397309278534,71897.5165762442,13920189.429521542,653004.7312182183,0.0200956937799043,0.307177033492823,0.2956937799043062,0.3320574162679426,1028.0,20987.0,11332500.0,23823861.913424123,10683.30984858738,128700.11944370114,15144949.832865307,993928.0334366484,0.0223735408560311,0.3326848249027237,0.301556420233463,0.3054474708171206,1312.0,12485.0,1989977.0,16961803.676829267,32620.32379848511,204956.51931599388,11629291.28229152,513582.623249722,0.0403963414634146,0.2934451219512195,0.2820121951219512,0.3589939024390244
1307.0,11062.0,1573797.0,14650041.66717674,10703.05036701339,100609.2043907781,11556021.451967614,553232.2660961929,0.0137719969395562,0.3175210405508799,0.2570772762050497,0.3282325937260902,1764.0,22811.0,7324443.0,20870335.82936508,10435.13936690948,155186.50501134034,9001680.550062742,1123408.677181989,0.0311791383219954,0.2074829931972789,0.1978458049886621,0.4574829931972789,1045.0,10728.0,1651969.0,20083265.98277512,7242.397309278534,71897.5165762442,13920189.429521542,653004.7312182183,0.0200956937799043,0.307177033492823,0.2956937799043062,0.3320574162679426,1028.0,20987.0,11332500.0,23823861.913424123,10683.30984858738,128700.11944370114,15144949.832865307,993928.0334366484,0.0223735408560311,0.3326848249027237,0.301556420233463,0.3054474708171206,1312.0,12485.0,1989977.0,16961803.676829267,32620.32379848511,204956.51931599388,11629291.28229152,513582.623249722,0.0403963414634146,0.2934451219512195,0.2820121951219512,0.3589939024390244,1733.0,35197.0,17980555.0,22187276.344489325,14258.250521060789,119813.88833100464,8702222.813565422,1101339.9473238185,0.0323139065204847,0.2267743796884016,0.1909982688978649,0.4731679169070975
1764.0,22811.0,7324443.0,20870335.82936508,10435.13936690948,155186.50501134034,9001680.550062742,1123408.677181989,0.0311791383219954,0.2074829931972789,0.1978458049886621,0.4574829931972789,1045.0,10728.0,1651969.0,20083265.98277512,7242.397309278534,71897.5165762442,13920189.429521542,653004.7312182183,0.0200956937799043,0.307177033492823,0.2956937799043062,0.3320574162679426,1028.0,20987.0,11332500.0,23823861.913424123,10683.30984858738,128700.11944370114,15144949.832865307,993928.0334366484,0.0223735408560311,0.3326848249027237,0.301556420233463,0.3054474708171206,1312.0,12485.0,1989977.0,16961803.676829267,32620.32379848511,204956.51931599388,11629291.28229152,513582.623249722,0.0403963414634146,0.2934451219512195,0.2820121951219512,0.3589939024390244,1733.0,35197.0,17980555.0,22187276.344489325,14258.250521060789,119813.88833100464,8702222.813565422,1101339.9473238185,0.0323139065204847,0.2267743796884016,0.1909982688978649,0.4731679169070975,1673.0,22324.0,8051570.0,20610363.480573814,19167.4750134278,189930.3641316968,9728344.628544075,885435.5545865133,0.031679617453676,0.246264196054991,0.205020920502092,0.4441123729826658
1045.0,10728.0,1651969.0,20083265.98277512,7242.397309278534,71897.5165762442,13920189.429521542,653004.7312182183,0.0200956937799043,0.307177033492823,0.2956937799043062,0.3320574162679426,1028.0,20987.0,11332500.0,23823861.913424123,10683.30984858738,128700.11944370114,15144949.832865307,993928.0334366484,0.0223735408560311,0.3326848249027237,0.301556420233463,0.3054474708171206,1312.0,12485.0,1989977.0,16961803.676829267,32620.32379848511,204956.51931599388,11629291.28229152,513582.623249722,0.0403963414634146,0.2934451219512195,0.2820121951219512,0.3589939024390244,1733.0,35197.0,17980555.0,22187276.344489325,14258.250521060789,119813.88833100464,8702222.813565422,1101339.9473238185,0.0323139065204847,0.2267743796884016,0.1909982688978649,0.4731679169070975,1673.0,22324.0,8051570.0,20610363.480573814,19167.4750134278,189930.3641316968,9728344.628544075,885435.5545865133,0.031679617453676,0.246264196054991,0.205020920502092,0.4441123729826658,1061.0,17388.0,10421535.0,20012981.737040527,25956.113214797835,221624.055149752,14066500.874100523,546243.8960608687,0.0367577756833176,0.4307257304429783,0.2507068803016022,0.3204524033930254
1028.0,20987.0,11332500.0,23823861.913424123,10683.30984858738,128700.11944370114,15144949.832865307,993928.0334366484,0.0223735408560311,0.3326848249027237,0.301556420233463,0.3054474708171206,1312.0,12485.0,1989977.0,16961803.676829267,32620.32379848511,204956.51931599388,11629291.28229152,513582.623249722,0.0403963414634146,0.2934451219512195,0.2820121951219512,0.3589939024390244,1733.0,35197.0,17980555.0,22187276.344489325,14258.250521060789,119813.88833100464,8702222.813565422,1101339.9473238185,0.0323139065204847,0.2267743796884016,0.1909982688978649,0.4731679169070975,1673.0,22324.0,8051570.0,20610363.480573814,19167.4750134278,189930.3641316968,9728344.628544075,885435.5545865133,0.031679617453676,0.246264196054991,0.205020920502092,0.4441123729826658,1061.0,17388.0,10421535.0,20012981.737040527,25956.113214797835,221624.055149752,14066500.874100523,546243.8960608687,0.0367577756833176,0.4307257304429783,0.2507068803016022,0.3204524033930254,1923.0,21204.0,5821250.0,17584746.80603224,23907.125120202672,396354.2435536656,7754390.703173269,864169.3386337011,0.0332813312532501,0.2735309412376495,0.1534061362454498,0.4981799271970878
1312.0,12485.0,1989977.0,16961803.676829267,32620.32379848511,204956.51931599388,11629291.28229152,513582.623249722,0.0403963414634146,0.2934451219512195,0.2820121951219512,0.3589939024390244,1733.0,35197.0,17980555.0,22187276.344489325,14258.250521060789,119813.88833100464,8702222.813565422,1101339.9473238185,0.0323139065204847,0.2267743796884016,0.1909982688978649,0.4731679169070975,1673.0,22324.0,8051570.0,20610363.480573814,19167.4750134278,189930.3641316968,9728344.628544075,885435.5545865133,0.031679617453676,0.246264196054991,0.205020920502092,0.4441123729826658,1061.0,17388.0,10421535.0,20012981.737040527,25956.113214797835,221624.055149752,14066500.874100523,546243.8960608687,0.0367577756833176,0.4307257304429783,0.2507068803016022,0.3204524033930254,1923.0,21204.0,5821250.0,17584746.80603224,23907.125120202672,396354.2435536656,7754390.703173269,864169.3386337011,0.0332813312532501,0.2735309412376495,0.1534061362454498,0.4981799271970878,1183.0,18259.0,10027075.0,20023674.0,29476.345252954787,174131.6656697123,13720210.526913812,530990.0401422309,0.0456466610312764,0.3719357565511411,0.2747252747252747,0.2180896027049873
1733.0,35197.0,17980555.0,22187276.344489325,14258.250521060789,119813.88833100464,8702222.813565422,1101339.9473238185,0.0323139065204847,0.2267743796884016,0.1909982688978649,0.4731679169070975,1673.0,22324.0,8051570.0,20610363.480573814,19167.4750134278,189930.3641316968,9728344.628544075,885435.5545865133,0.031679617453676,0.246264196054991,0.205020920502092,0.4441123729826658,1061.0,17388.0,10421535.0,20012981.737040527,25956.113214797835,221624.055149752,14066500.874100523,546243.8960608687,0.0367577756833176,0.4307257304429783,0.2507068803016022,0.3204524033930254,1923.0,21204.0,5821250.0,17584746.80603224,23907.125120202672,396354.2435536656,7754390.703173269,864169.3386337011,0.0332813312532501,0.2735309412376495,0.1534061362454498,0.4981799271970878,1183.0,18259.0,10027075.0,20023674.0,29476.345252954787,174131.6656697123,13720210.526913812,530990.0401422309,0.0456466610312764,0.3719357565511411,0.2747252747252747,0.2180896027049873,1459.0,15318.0,3258252.0,16051232.19259767,15707.30573229992,92490.2655798988,9774188.31720895,777682.6920125071,0.0212474297464016,0.295407813570939,0.2378341329677861,0.3783413296778615
1673.0,22324.0,8051570.0,20610363.480573814,19167.4750134278,189930.3641316968,9728344.628544075,885435.5545865133,0.031679617453676,0.246264196054991,0.205020920502092,0.4441123729826658,1061.0,17388.0,10421535.0,20012981.737040527,25956.113214797835,221624.055149752,14066500.874100523,546243.8960608687,0.0367577756833176,0.4307257304429783,0.2507068803016022,0.3204524033930254,1923.0,21204.0,5821250.0,17584746.80603224,23907.125120202672,396354.2435536656,7754390.703173269,864169.3386337011,0.0332813312532501,0.2735309412376495,0.1534061362454498,0.4981799271970878,1183.0,18259.0,10027075.0,20023674.0,29476.345252954787,174131.6656697123,13720210.526913812,530990.0401422309,0.0456466610312764,0.3719357565511411,0.2747252747252747,0.2180896027049873,1459.0,15318.0,3258252.0,16051232.19259767,15707.30573229992,92490.2655798988,9774188.31720895,777682.6920125071,0.0212474297464016,0.295407813570939,0.2378341329677861,0.3783413296778615,1477.0,21945.0,11030382.0,16908572.31888964,23895.02873492183,198977.7892123476,9116492.61344403,680328.2428504431,0.0406228842247799,0.2735274204468517,0.2660798916723087,0.3818551117129316
1061.0,17388.0,10421535.0,20012981.737040527,25956.113214797835,221624.055149752,14066500.874100523,546243.8960608687,0.0367577756833176,0.4307257304429783,0.2507068803016022,0.3204524033930254,1923.0,21204.0,5821250.0,17584746.80603224,23907.125120202672,396354.2435536656,7754390.703173269,864169.3386337011,0.0332813312532501,0.2735309412376495,0.1534061362454498,0.4981799271970878,1183.0,18259.0,10027075.0,20023674.0,29476.345252954787,174131.6656697123,13720210.526913812,530990.0401422309,0.0456466610312764,0.3719357565511411,0.2747252747252747,0.2180896027049873,1459.0,15318.0,3258252.0,16051232.19259767,15707.30573229992,92490.2655798988,9774188.31720895,777682.6920125071,0.0212474297464016,0.295407813570939,0.2378341329677861,0.3783413296778615,1477.0,21945.0,11030382.0,16908572.31888964,23895.02873492183,198977.7892123476,9116492.61344403,680328.2428504431,0.0406228842247799,0.2735274204468517,0.2660798916723087,0.3818551117129316,2126.0,22292.0,5323537.0,14629824.62841016,11719.396325078931,180255.698863053,5847149.6723322775,1005849.784857471,0.022107243650047,0.167450611476952,0.1768579492003762,0.5517403574788335
1923.0,21204.0,5821250.0,17584746.80603224,23907.125120202672,396354.2435536656,7754390.703173269,864169.3386337011,0.0332813312532501,0.2735309412376495,0.1534061362454498,0.4981799271970878,1183.0,18259.0,10027075.0,20023674.0,29476.345252954787,174131.6656697123,13720210.526913812,530990.0401422309,0.0456466610312764,0.3719357565511411,0.2747252747252747,0.2180896027049873,1459.0,15318.0,3258252.0,16051232.19259767,15707.30573229992,92490.2655798988,9774188.31720895,777682.6920125071,0.0212474297464016,0.295407813570939,0.2378341329677861,0.3783413296778615,1477.0,21945.0,11030382.0,16908572.31888964,23895.02873492183,198977.7892123476,9116492.61344403,680328.2428504431,0.0406228842247799,0.2735274204468517,0.2660798916723087,0.3818551117129316,2126.0,22292.0,5323537.0,14629824.62841016,11719.396325078931,180255.698863053,5847149.6723322775,1005849.784857471,0.022107243650047,0.167450611476952,0.1768579492003762,0.5517403574788335,1835.0,27382.0,14470716.0,3033284.498092643,34663.460723892684,362391.2119284492,562876.449130288,318584.9536758836,0.0370572207084468,0.3367847411444141,0.1983651226158038,0.420708446866485
1183.0,18259.0,10027075.0,20023674.0,29476.345252954787,174131.6656697123,13720210.526913812,530990.0401422309,0.0456466610312764,0.3719357565511411,0.2747252747252747,0.2180896027049873,1459.0,15318.0,3258252.0,16051232.19259767,15707.30573229992,92490.2655798988,9774188.31720895,777682.6920125071,0.0212474297464016,0.295407813570939,0.2378341329677861,0.3783413296778615,1477.0,21945.0,11030382.0,16908572.31888964,23895.02873492183,198977.7892123476,9116492.61344403,680328.2428504431,0.0406228842247799,0.2735274204468517,0.2660798916723087,0.3818551117129316,2126.0,22292.0,5323537.0,14629824.62841016,11719.396325078931,180255.698863053,5847149.6723322775,1005849.784857471,0.022107243650047,0.167450611476952,0.1768579492003762,0.5517403574788335,1835.0,27382.0,14470716.0,3033284.498092643,34663.460723892684,362391.2119284492,562876.449130288,318584.9536758836,0.0370572207084468,0.3367847411444141,0.1983651226158038,0.420708446866485,259.0,43134.0,494817.0,840530.5250965251,8772.337786163873,42386.35528997591,87435.47718684518,99634.60695521304,0.0077220077220077,0.1274131274131274,0.2084942084942085,10.50965250965251
1459.0,15318.0,3258252.0,16051232.19259767,15707.30573229992,92490.2655798988,9774188.31720895,777682.6920125071,0.0212474297464016,0.295407813570939,0.2378341329677861,0.3783413296778615,1477.0,21945.0,11030382.0,16908572.31888964,23895.02873492183,198977.7892123476,9116492.61344403,680328.2428504431,0.0406228842247799,0.2735274204468517,0.2660798916723087,0.3818551117129316,2126.0,22292.0,5323537.0,14629824.62841016,11719.396325078931,180255.698863053,5847149.6723322775,1005849.784857471,0.022107243650047,0.167450611476952,0.1768579492003762,0.5517403574788335,1835.0,27382.0,14470716.0,3033284.498092643,34663.460723892684,362391.2119284492,562876.449130288,318584.9536758836,0.0370572207084468,0.3367847411444141,0.1983651226158038,0.420708446866485,259.0,43134.0,494817.0,840530.5250965251,8772.337786163873,42386.35528997591,87435.47718684518,99634.60695521304,0.0077220077220077,0.1274131274131274,0.2084942084942085,10.50965250965251,0.0,0.0,0.0,6990572.570870944,16741.507769086827,165328.52213298067,4714169.049129772,643350.5186438668,0.02577470572959125,0.3200658660457094,0.2761783673242957,0.4198413764515842
1477.0,21945.0,11030382.0,16908572.31888964,23895.02873492183,198977.7892123476,9116492.61344403,680328.2428504431,0.0406228842247799,0.2735274204468517,0.2660798916723087,0.3818551117129316,2126.0,22292.0,5323537.0,14629824.62841016,11719.396325078931,180255.698863053,5847149.6723322775,1005849.784857471,0.022107243650047,0.167450611476952,0.1768579492003762,0.5517403574788335,1835.0,27382.0,14470716.0,3033284.498092643,34663.460723892684,362391.2119284492,562876.449130288,318584.9536758836,0.0370572207084468,0.3367847411444141,0.1983651226158038,0.420708446866485,259.0,43134.0,494817.0,840530.5250965251,8772.337786163873,42386.35528997591,87435.47718684518,99634.60695521304,0.0077220077220077,0.1274131274131274,0.2084942084942085,10.50965250965251,0.0,0.0,0.0,6990572.570870944,16741.507769086827,165328.52213298067,4714169.049129772,643350.5186438668,0.02577470572959125,0.3200658660457094,0.2761783673242957,0.4198413764515842,0.0,0.0,0.0,6990572.570870944,16741.507769086827,165328.52213298067,4714169.049129772,643350.5186438668,0.02577470572959125,0.3200658660457094,0.2761783673242957,0.4198413764515842
2126.0,22292.0,5323537.0,14629824.62841016,11719.396325078931,180255.698863053,5847149.6723322775,1005849.784857471,0.022107243650047,0.167450611476952,0.1768579492003762,0.5517403574788335,1835.0,27382.0,14470716.0,3033284.498092643,34663.460723892684,362391.2119284492,562876.449130288,318584.9536758836,0.0370572207084468,0.3367847411444141,0.1983651226158038,0.420708446866485,259.0,43134.0,494817.0,840530.5250965251,8772.337786163873,42386.35528997591,87435.47718684518,99634.60695521304,0.0077220077220077,0.1274131274131274,0.2084942084942085,10.50965250965251,0.0,0.0,0.0,6990572.570870944,16741.507769086827,165328.52213298067,4714169.049129772,643350.5186438668,0.02577470572959125,0.3200658660457094,0.2761783673242957,0.4198413764515842,0.0,0.0,0.0,6990572.570870944,16741.507769086827,165328.52213298067,4714169.049129772,643350.5186438668,0.02577470572959125,0.3200658660457094,0.2761783673242957,0.4198413764515842,0.0,0.0,0.0,6990572.570870944,16741.507769086827,165328.52213298067,4714169.049129772,643350.5186438668,0.02577470572959125,0.3200658660457094,0.2761783673242957,0.4198413764515842
1835.0,27382.0,14470716.0,3033284.498092643,34663.460723892684,362391.2119284492,562876.449130288,318584.9536758836,0.0370572207084468,0.3367847411444141,0.1983651226158038,0.420708446866485,259.0,43134.0,494817.0,840530.5250965251,8772.337786163873,42386.35528997591,87435.47718684518,99634.60695521304,0.0077220077220077,0.1274131274131274,0.2084942084942085,10.50965250965251,0.0,0.0,0.0,6990572.570870944,16741.507769086827,165328.52213298067,4714169.049129772,643350.5186438668,0.02577470572959125,0.3200658660457094,0.2761783673242957,0.4198413764515842,0.0,0.0,0.0,6990572.570870944,16741.507769086827,165328.52213298067,4714169.049129772,643350.5186438668,0.02577470572959125,0.3200658660457094,0.2761783673242957,0.4198413764515842,0.0,0.0,0.0,6990572.570870944,16741.507769086827,165328.52213298067,4714169.049129772,643350.5186438668,0.02577470572959125,0.3200658660457094,0.2761783673242957,0.4198413764515842,0.0,0.0,0.0,6990572.570870944,16741.507769086827,165328.52213298067,4714169.049129772,643350.5186438668,0.02577470572959125,0.3200658660457094,0.2761783673242957,0.4198413764515842
259.0,43134.0,494817.0,840530.5250965251,8772.337786163873,42386.35528997591,87435.47718684518,99634.60695521304,0.0077220077220077,0.1274131274131274,0.2084942084942085,10.50965250965251,0.0,0.0,0.0,6990572.570870944,16741.507769086827,165328.52213298067,4714169.049129772,643350.5186438668,0.02577470572959125,0.3200658660457094,0.2761783673242957,0.4198413764515842,0.0,0.0,0.0,6990572.570870944,16741.507769086827,165328.52213298067,4714169.049129772,643350.5186438668,0.02577470572959125,0.3200658660457094,0.2761783673242957,0.4198413764515842,0.0,0.0,0.0,6990572.570870944,16741.507769086827,165328.52213298067,4714169.049129772,643350.5186438668,0.02577470572959125,0.3200658660457094,0.2761783673242957,0.4198413764515842,0.0,0.0,0.0,6990572.570870944,16741.507769086827,165328.52213298067,4714169.049129772,643350.5186438668,0.02577470572959125,0.3200658660457094,0.2761783673242957,0.4198413764515842,0.0,0.0,0.0,6990572.570870944,16741.507769086827,165328.52213298067,4714169.049129772,643350.5186438668,0.02577470572959125,0.3200658660457094,0.2761783673242957,0.4198413764515842
0.0,0.0,0.0,6990572.570870944,16741.507769086827,165328.52213298067,4714169.049129772,643350.5186438668,0.02577470572959125,0.3200658660457094,0.2761783673242957,0.4198413764515842,0.0,0.0,0.0,6990572.570870944,16741.507769086827,165328.52213298067,4714169.049129772,643350.5186438668,0.02577470572959125,0.3200658660457094,0.2761783673242957,0.4198413764515842,0.0,0.0,0.0,6990572.570870944,16741.507769086827,165328.52213298067,4714169.049129772,643350.5186438668,0.02577470572959125,0.3200658660457094,0.2761783673242957,0.4198413764515842,0.0,0.0,0.0,6990572.570870944,16741.507769086827,165328.52213298067,4714169.049129772,643350.5186438668,0.02577470572959125,0.3200658660457094,0.2761783673242957,0.4198413764515842,0.0,0.0,0.0,6990572.570870944,16741.507769086827,165328.52213298067,4714169.049129772,643350.5186438668,0.02577470572959125,0.3200658660457094,0.2761783673242957,0.4198413764515842,0.0,0.0,0.0,6990572.570870944,16741.507769086827,165328.52213298067,4714169.049129772,643350.5186438668,0.02577470572959125,0.3200658660457094,0.2761783673242957,0.4198413764515842
0.0,0.0,0.0,6990572.570870944,16741.507769086827,165328.52213298067,4714169.049129772,643350.5186438668,0.02577470572959125,0.3200658660457094,0.2761783673242957,0.4198413764515842,0.0,0.0,0.0,6990572.570870944,16741.507769086827,165328.52213298067,4714169.049129772,643350.5186438668,0.02577470572959125,0.3200658660457094,0.2761783673242957,0.4198413764515842,0.0,0.0,0.0,6990572.570870944,16741.507769086827,165328.52213298067,4714169.049129772,643350.5186438668,0.02577470572959125,0.3200658660457094,0.2761783673242957,0.4198413764515842,0.0,0.0,0.0,6990572.570870944,16741.507769086827,165328.52213298067,4714169.049129772,643350.5186438668,0.02577470572959125,0.3200658660457094,0.2761783673242957,0.4198413764515842,0.0,0.0,0.0,6990572.570870944,16741.507769086827,165328.52213298067,4714169.049129772,643350.5186438668,0.02577470572959125,0.3200658660457094,0.2761783673242957,0.4198413764515842,0.0,0.0,0.0,6990572.570870944,16741.507769086827,165328.52213298067,4714169.049129772,643350.5186438668,0.02577470572959125,0.3200658660457094,0.2761783673242957,0.4198413764515842
0.0,0.0,0.0,6990572.570870944,16741.507769086827,165328.52213298067,4714169.049129772,643350.5186438668,0.02577470572959125,0.3200658660457094,0.2761783673242957,0.4198413764515842,0.0,0.0,0.0,6990572.570870944,16741.507769086827,165328.52213298067,4714169.049129772,643350.5186438668,0.02577470572959125,0.3200658660457094,0.2761783673242957,0.4198413764515842,0.0,0.0,0.0,6990572.570870944,16741.507769086827,165328.52213298067,4714169.049129772,643350.5186438668,0.02577470572959125,0.3200658660457094,0.2761783673242957,0.4198413764515842,0.0,0.0,0.0,6990572.570870944,16741.507769086827,165328.52213298067,4714169.049129772,643350.5186438668,0.02577470572959125,0.3200658660457094,0.2761783673242957,0.4198413764515842,0.0,0.0,0.0,6990572.570870944,16741.507769086827,165328.52213298067,4714169.049129772,643350.5186438668,0.02577470572959125,0.3200658660457094,0.2761783673242957,0.4198413764515842,0.0,0.0,0.0,6990572.570870944,16741.507769086827,165328.52213298067,4714169.049129772,643350.5186438668,0.02577470572959125,0.3200658660457094,0.2761783673242957,0.4198413764515842
0.0,0.0,0.0,6990572.570870944,16741.507769086827,165328.52213298067,4714169.049129772,643350.5186438668,0.02577470572959125,0.3200658660457094,0.2761783673242957,0.4198413764515842,0.0,0.0,0.0,6990572.570870944,16741.507769086827,165328.52213298067,4714169.049129772,643350.5186438668,0.02577470572959125,0.3200658660457094,0.2761783673242957,0.4198413764515842,0.0,0.0,0.0,6990572.570870944,16741.507769086827,165328.52213298067,4714169.049129772,643350.5186438668,0.02577470572959125,0.3200658660457094,0.2761783673242957,0.4198413764515842,0.0,0.0,0.0,6990572.570870944,16741.507769086827,165328.52213298067,4714169.049129772,643350.5186438668,0.02577470572959125,0.3200658660457094,0.2761783673242957,0.4198413764515842,0.0,0.0,0.0,6990572.570870944,16741.507769086827,165328.52213298067,4714169.049129772,643350.5186438668,0.02577470572959125,0.3200658660457094,0.2761783673242957,0.4198413764515842,0.0,0.0,0.0,6990572.570870944,16741.507769086827,165328.52213298067,4714169.049129772,643350.5186438668,0.02577470572959125,0.3200658660457094,0.2761783673242957,0.4198413764515842
0.0,0.0,0.0,6990572.570870944,16741.507769086827,165328.52213298067,4714169.049129772,643350.5186438668,0.02577470572959125,0.3200658660457094,0.2761783673242957,0.4198413764515842,0.0,0.0,0.0,6990572.570870944,16741.507769086827,165328.52213298067,4714169.049129772,643350.5186438668,0.02577470572959125,0.3200658660457094,0.2761783673242957,0.4198413764515842,0.0,0.0,0.0,6990572.570870944,16741.507769086827,165328.52213298067,4714169.049129772,643350.5186438668,0.02577470572959125,0.3200658660457094,0.2761783673242957,0.4198413764515842,0.0,0.0,0.0,6990572.570870944,16741.507769086827,165328.52213298067,4714169.049129772,643350.5186438668,0.02577470572959125,0.3200658660457094,0.2761783673242957,0.4198413764515842,0.0,0.0,0.0,6990572.570870944,16741.507769086827,165328.52213298067,4714169.049129772,643350.5186438668,0.02577470572959125,0.3200658660457094,0.2761783673242957,0.4198413764515842,0.0,0.0,0.0,6990572.570870944,16741.507769086827,165328.52213298067,4714169.049129772,643350.5186438668,0.02577470572959125,0.3200658660457094,0.2761783673242957,0.4198413764515842
0.0,0.0,0.0,6990572.570870944,16741.507769086827,165328.52213298067,4714169.049129772,643350.5186438668,0.02577470572959125,0.3200658660457094,0.2761783673242957,0.4198413764515842,0.0,0.0,0.0,6990572.570870944,16741.507769086827,165328.52213298067,4714169.049129772,643350.5186438668,0.02577470572959125,0.3200658660457094,0.2761783673242957,0.4198413764515842,0.0,0.0,0.0,6990572.570870944,16741.507769086827,165328.52213298067,4714169.049129772,643350.5186438668,0.02577470572959125,0.3200658660457094,0.2761783673242957,0.4198413764515842,0.0,0.0,0.0,6990572.570870944,16741.507769086827,165328.52213298067,4714169.049129772,643350.5186438668,0.02577470572959125,0.3200658660457094,0.2761783673242957,0.4198413764515842,0.0,0.0,0.0,6990572.570870944,16741.507769086827,165328.52213298067,4714169.049129772,643350.5186438668,0.02577470572959125,0.3200658660457094,0.2761783673242957,0.4198413764515842,0.0,0.0,0.0,6990572.570870944,16741.507769086827,165328.52213298067,4714169.049129772,643350.5186438668,0.02577470572959125,0.3200658660457094,0.2761783673242957,0.4198413764515842
0.0,0.0,0.0,6990572.570870944,16741.507769086827,165328.52213298067,4714169.049129772,643350.5186438668,0.02577470572959125,0.3200658660457094,0.2761783673242957,0.4198413764515842,0.0,0.0,0.0,6990572.570870944,16741.507769086827,165328.52213298067,4714169.049129772,643350.5186438668,0.02577470572959125,0.3200658660457094,0.2761783673242957,0.4198413764515842,0.0,0.0,0.0,6990572.570870944,16741.507769086827,165328.52213298067,4714169.049129772,643350.5186438668,0.02577470572959125,0.3200658660457094,0.2761783673242957,0.4198413764515842,0.0,0.0,0.0,6990572.570870944,16741.507769086827,165328.52213298067,4714169.049129772,643350.5186438668,0.02577470572959125,0.3200658660457094,0.2761783673242957,0.4198413764515842,0.0,0.0,0.0,6990572.570870944,16741.507769086827,165328.52213298067,4714169.049129772,643350.5186438668,0.02577470572959125,0.3200658660457094,0.2761783673242957,0.4198413764515842,0.0,0.0,0.0,6990572.570870944,16741.507769086827,165328.52213298067,4714169.049129772,643350.5186438668,0.02577470572959125,0.3200658660457094,0.2761783673242957,0.4198413764515842
0.0,0.0,0.0,6990572.570870944,16741.507769086827,165328.52213298067,4714169.049129772,643350.5186438668,0.02577470572959125,0.3200658660457094,0.2761783673242957,0.4198413764515842,0.0,0.0,0.0,6990572.570870944,16741.507769086827,165328.52213298067,4714169.049129772,643350.5186438668,0.02577470572959125,0.3200658660457094,0.2761783673242957,0.4198413764515842,0.0,0.0,0.0,6990572.570870944,16741.507769086827,165328.52213298067,4714169.049129772,643350.5186438668,0.02577470572959125,0.3200658660457094,0.2761783673242957,0.4198413764515842,0.0,0.0,0.0,6990572.570870944,16741.507769086827,165328.52213298067,4714169.049129772,643350.5186438668,0.02577470572959125,0.3200658660457094,0.2761783673242957,0.4198413764515842,0.0,0.0,0.0,6990572.570870944,16741.507769086827,165328.52213298067,4714169.049129772,643350.5186438668,0.02577470572959125,0.3200658660457094,0.2761783673242957,0.4198413764515842,0.0,0.0,0.0,6990572.570870944,16741.507769086827,165328.52213298067,4714169.049129772,643350.5186438668,0.02577470572959125,0.3200658660457094,0.2761783673242957,0.4198413764515842
0.0,0.0,0.0,6990572.570870944,16741.507769086827,165328.52213298067,4714169.049129772,643350.5186438668,0.02577470572959125,0.3200658660457094,0.2761783673242957,0.4198413764515842,0.0,0.0,0.0,6990572.570870944,16741.507769086827,165328.52213298067,4714169.049129772,643350.5186438668,0.02577470572959125,0.3200658660457094,0.2761783673242957,0.4198413764515842,0.0,0.0,0.0,6990572.570870944,16741.507769086827,165328.52213298067,4714169.049129772,643350.5186438668,0.02577470572959125,0.3200658660457094,0.2761783673242957,0.4198413764515842,0.0,0.0,0.0,6990572.570870944,16741.507769086827,165328.52213298067,4714169.049129772,643350.5186438668,0.02577470572959125,0.3200658660457094,0.2761783673242957,0.4198413764515842,0.0,0.0,0.0,6990572.570870944,16741.507769086827,165328.52213298067,4714169.049129772,643350.5186438668,0.02577470572959125,0.3200658660457094,0.2761783673242957,0.4198413764515842,0.0,0.0,0.0,6990572.570870944,16741.507769086827,165328.52213298067,4714169.049129772,643350.5186438668,0.02577470572959125,0.3200658660457094,0.2761783673242957,0.4198413764515842
0.0,0.0,0.0,6990572.570870944,16741.507769086827,165328.52213298067,4714169.049129772,643350.5186438668,0.02577470572959125,0.3200658660457094,0.2761783673242957,0.4198413764515842,0.0,0.0,0.0,6990572.570870944,16741.507769086827,165328.52213298067,4714169.049129772,643350.5186438668,0.02577470572959125,0.3200658660457094,0.2761783673242957,0.4198413764515842,0.0,0.0,0.0,6990572.570870944,16741.507769086827,165328.52213298067,4714169.049129772,643350.5186438668,0.02577470572959125,0.3200658660457094,0.2761783673242957,0.4198413764515842,0.0,0.0,0.0,6990572.570870944,16741.507769086827,165328.52213298067,4714169.049129772,643350.5186438668,0.02577470572959125,0.3200658660457094,0.2761783673242957,0.4198413764515842,0.0,0.0,0.0,6990572.570870944,16741.507769086827,165328.52213298067,4714169.049129772,643350.5186438668,0.02577470572959125,0.3200658660457094,0.2761783673242957,0.4198413764515842,0.0,0.0,0.0,6990572.570870944,16741.507769086827,165328.52213298067,4714169.049129772,643350.5186438668,0.02577470572959125,0.3200658660457094,0.2761783673242957,0.4198413764515842
0.0,0.0,0.0,6990572.570870944,16741.507769086827,165328.52213298067,4714169.049129772,643350.5186438668,0.02577470572959125,0.3200658660457094,0.2761783673242957,0.4198413764515842,0.0,0.0,0.0,6990572.570870944,16741.507769086827,165328.52213298067,4714169.049129772,643350.5186438668,0.02577470572959125,0.3200658660457094,0.2761783673242957,0.4198413764515842,0.0,0.0,0.0,6990572.570870944,16741.507769086827,165328.52213298067,4714169.049129772,643350.5186438668,0.02577470572959125,0.3200658660457094,0.2761783673242957,0.4198413764515842,0.0,0.0,0.0,6990572.570870944,16741.507769086827,165328.52213298067,4714169.049129772,643350.5186438668,0.02577470572959125,0.3200658660457094,0.2761783673242957,0.4198413764515842,0.0,0.0,0.0,6990572.570870944,16741.507769086827,165328.52213298067,4714169.049129772,643350.5186438668,0.02577470572959125,0.3200658660457094,0.2761783673242957,0.4198413764515842,0.0,0.0,0.0,6990572.570870944,16741.507769086827,165328.52213298067,4714169.049129772,643350.5186438668,0.02577470572959125,0.3200658660457094,0.2761783673242957,0.4198413764515842
0.0,0.0,0.0,6990572.570870944,16741.507769086827,165328.52213298067,4714169.049129772,643350.5186438668,0.02577470572959125,0.3200658660457094,0.2761783673242957,0.4198413764515842,0.0,0.0,0.0,6990572.570870944,16741.507769086827,165328.52213298067,4714169.049129772,643350.5186438668,0.02577470572959125,0.3200658660457094,0.2761783673242957,0.4198413764515842,0.0,0.0,0.0,6990572.570870944,16741.507769086827,165328.52213298067,4714169.049129772,643350.5186438668,0.02577470572959125,0.3200658660457094,0.2761783673242957,0.4198413764515842,0.0,0.0,0.0,6990572.570870944,16741.507769086827,165328.52213298067,4714169.049129772,643350.5186438668,0.02577470572959125,0.3200658660457094,0.2761783673242957,0.4198413764515842,0.0,0.0,0.0,6990572.570870944,16741.507769086827,165328.52213298067,4714169.049129772,643350.5186438668,0.02577470572959125,0.3200658660457094,0.2761783673242957,0.4198413764515842,0.0,0.0,0.0,6990572.570870944,16741.507769086827,165328.52213298067,4714169.049129772,643350.5186438668,0.02577470572959125,0.3200658660457094,0.2761783673242957,0.4198413764515842
0.0,0.0,0.0,6990572.570870944,16741.507769086827,165328.52213298067,4714169.049129772,643350.5186438668,0.02577470572959125,0.3200658660457094,0.2761783673242957,0.4198413764515842,0.0,0.0,0.0,6990572.570870944,16741.507769086827,165328.52213298067,4714169.049129772,643350.5186438668,0.02577470572959125,0.3200658660457094,0.2761783673242957,0.4198413764515842,0.0,0.0,0.0,6990572.570870944,16741.507769086827,165328.52213298067,4714169.049129772,643350.5186438668,0.02577470572959125,0.3200658660457094,0.2761783673242957,0.4198413764515842,0.0,0.0,0.0,6990572.570870944,16741.507769086827,165328.52213298067,4714169.049129772,643350.5186438668,0.02577470572959125,0.3200658660457094,0.2761783673242957,0.4198413764515842,0.0,0.0,0.0,6990572.570870944,16741.507769086827,165328.52213298067,4714169.049129772,643350.5186438668,0.02577470572959125,0.3200658660457094,0.2761783673242957,0.4198413764515842,0.0,0.0,0.0,6990572.570870944,16741.507769086827,165328.52213298067,4714169.049129772,643350.5186438668,0.02577470572959125,0.3200658660457094,0.2761783673242957,0.4198413764515842
0.0,0.0,0.0,6990572.570870944,16741.507769086827,165328.52213298067,4714169.049129772,643350.5186438668,0.02577470572959125,0.3200658660457094,0.2761783673242957,0.4198413764515842,0.0,0.0,0.0,6990572.570870944,16741.507769086827,165328.52213298067,4714169.049129772,643350.5186438668,0.02577470572959125,0.3200658660457094,0.2761783673242957,0.4198413764515842,0.0,0.0,0.0,6990572.570870944,16741.507769086827,165328.52213298067,4714169.049129772,643350.5186438668,0.02577470572959125,0.3200658660457094,0.2761783673242957,0.4198413764515842,0.0,0.0,0.0,6990572.570870944,16741.507769086827,165328.52213298067,4714169.049129772,643350.5186438668,0.02577470572959125,0.3200658660457094,0.2761783673242957,0.4198413764515842,0.0,0.0,0.0,6990572.570870944,16741.507769086827,165328.52213298067,4714169.049129772,643350.5186438668,0.02577470572959125,0.3200658660457094,0.2761783673242957,0.4198413764515842,0.0,0.0,0.0,6990572.570870944,16741.507769086827,165328.52213298067,4714169.049129772,643350.5186438668,0.02577470572959125,0.3200658660457094,0.2761783673242957,0.4198413764515842
0.0,0.0,0.0,6990572.570870944,16741.507769086827,165328.52213298067,4714169.049129772,643350.5186438668,0.02577470572959125,0.3200658660457094,0.2761783673242957,0.4198413764515842,0.0,0.0,0.0,6990572.570870944,16741.507769086827,165328.52213298067,4714169.049129772,643350.5186438668,0.02577470572959125,0.3200658660457094,0.2761783673242957,0.4198413764515842,0.0,0.0,0.0,6990572.570870944,16741.507769086827,165328.52213298067,4714169.049129772,643350.5186438668,0.02577470572959125,0.3200658660457094,0.2761783673242957,0.4198413764515842,0.0,0.0,0.0,6990572.570870944,16741.507769086827,165328.52213298067,4714169.049129772,643350.5186438668,0.02577470572959125,0.3200658660457094,0.2761783673242957,0.4198413764515842,0.0,0.0,0.0,6990572.570870944,16741.507769086827,165328.52213298067,4714169.049129772,643350.5186438668,0.02577470572959125,0.3200658660457094,0.2761783673242957,0.4198413764515842,0.0,0.0,0.0,6990572.570870944,16741.507769086827,165328.52213298067,4714169.049129772,643350.5186438668,0.02577470572959125,0.3200658660457094,0.2761783673242957,0.4198413764515842
0.0,0.0,0.0,6990572.570870944,16741.507769086827,165328.52213298067,4714169.049129772,643350.5186438668,0.02577470572959125,0.3200658660457094,0.2761783673242957,0.4198413764515842,0.0,0.0,0.0,6990572.570870944,16741.507769086827,165328.52213298067,4714169.049129772,643350.5186438668,0.02577470572959125,0.3200658660457094,0.2761783673242957,0.4198413764515842,0.0,0.0,0.0,6990572.570870944,16741.507769086827,165328.52213298067,4714169.049129772,643350.5186438668,0.02577470572959125,0.3200658660457094,0.2761783673242957,0.4198413764515842,0.0,0.0,0.0,6990572.570870944,16741.507769086827,165328.52213298067,4714169.049129772,643350.5186438668,0.02577470572959125,0.3200658660457094,0.2761783673242957,0.4198413764515842,0.0,0.0,0.0,6990572.570870944,16741.507769086827,165328.52213298067,4714169.049129772,643350.5186438668,0.02577470572959125,0.3200658660457094,0.2761783673242957,0.4198413764515842,0.0,0.0,0.0,6990572.570870944,16741.507769086827,165328.52213298067,4714169.049129772,643350.5186438668,0.02577470572959125,0.3200658660457094,0.2761783673242957,0.4198413764515842
0.0,0.0,0.0,6990572.570870944,16741.507769086827,165328.52213298067,4714169.049129772,643350.5186438668,0.02577470572959125,0.3200658660457094,0.2761783673242957,0.4198413764515842,0.0,0.0,0.0,6990572.570870944,16741.507769086827,165328.52213298067,4714169.049129772,643350.5186438668,0.02577470572959125,0.3200658660457094,0.2761783673242957,0.4198413764515842,0.0,0.0,0.0,6990572.570870944,16741.507769086827,165328.52213298067,4714169.049129772,643350.5186438668,0.02577470572959125,0.3200658660457094,0.2761783673242957,0.4198413764515842,0.0,0.0,0.0,6990572.570870944,16741.507769086827,165328.52213298067,4714169.049129772,643350.5186438668,0.02577470572959125,0.3200658660457094,0.2761783673242957,0.4198413764515842,0.0,0.0,0.0,6990572.570870944,16741.507769086827,165328.52213298067,4714169.049129772,643350.5186438668,0.02577470572959125,0.3200658660457094,0.2761783673242957,0.4198413764515842,0.0,0.0,0.0,6990572.570870944,16741.507769086827,165328.52213298067,4714169.049129772,643350.5186438668,0.02577470572959125,0.3200658660457094,0.2761783673242957,0.4198413764515842
0.0,0.0,0.0,6990572.570870944,16741.507769086827,165328.52213298067,4714169.049129772,643350.5186438668,0.02577470572959125,0.3200658660457094,0.2761783673242957,0.4198413764515842,0.0,0.0,0.0,6990572.570870944,16741.507769086827,165328.52213298067,4714169.049129772,643350.5186438668,0.02577470572959125,0.3200658660457094,0.2761783673242957,0.4198413764515842,0.0,0.0,0.0,6990572.570870944,16741.507769086827,165328.52213298067,4714169.049129772,643350.5186438668,0.02577470572959125,0.3200658660457094,0.2761783673242957,0.4198413764515842,0.0,0.0,0.0,6990572.570870944,16741.507769086827,165328.52213298067,4714169.049129772,643350.5186438668,0.02577470572959125,0.3200658660457094,0.2761783673242957,0.4198413764515842,0.0,0.0,0.0,6990572.570870944,16741.507769086827,165328.52213298067,4714169.049129772,643350.5186438668,0.02577470572959125,0.3200658660457094,0.2761783673242957,0.4198413764515842,0.0,0.0,0.0,6990572.570870944,16741.507769086827,165328.52213298067,4714169.049129772,643350.5186438668,0.02577470572959125,0.3200658660457094,0.2761783673242957,0.4198413764515842
0.0,0.0,0.0,6990572.570870944,16741.507769086827,165328.52213298067,4714169.049129772,643350.5186438668,0.02577470572959125,0.3200658660457094,0.2761783673242957,0.4198413764515842,0.0,0.0,0.0,6990572.570870944,16741.507769086827,165328.52213298067,4714169.049129772,643350.5186438668,0.02577470572959125,0.3200658660457094,0.2761783673242957,0.4198413764515842,0.0,0.0,0.0,6990572.570870944,16741.507769086827,165328.52213298067,4714169.049129772,643350.5186438668,0.02577470572959125,0.3200658660457094,0.2761783673242957,0.4198413764515842,0.0,0.0,0.0,6990572.570870944,16741.507769086827,165328.52213298067,4714169.049129772,643350.5186438668,0.02577470572959125,0.3200658660457094,0.2761783673242957,0.4198413764515842,0.0,0.0,0.0,6990572.570870944,16741.507769086827,165328.52213298067,4714169.049129772,643350.5186438668,0.02577470572959125,0.3200658660457094,0.2761783673242957,0.4198413764515842,0.0,0.0,0.0,6990572.570870944,16741.507769086827,165328.52213298067,4714169.049129772,643350.5186438668,0.02577470572959125,0.3200658660457094,0.2761783673242957,0.4198413764515842
0.0,0.0,0.0,6990572.570870944,16741.507769086827,165328.52213298067,4714169.049129772,643350.5186438668,0.02577470572959125,0.3200658660457094,0.2761783673242957,0.4198413764515842,0.0,0.0,0.0,6990572.570870944,16741.507769086827,165328.52213298067,4714169.049129772,643350.5186438668,0.02577470572959125,0.3200658660457094,0.2761783673242957,0.4198413764515842,0.0,0.0,0.0,6990572.570870944,16741.507769086827,165328.52213298067,4714169.049129772,643350.5186438668,0.02577470572959125,0.3200658660457094,0.2761783673242957,0.4198413764515842,0.0,0.0,0.0,6990572.570870944,16741.507769086827,165328.52213298067,4714169.049129772,643350.5186438668,0.02577470572959125,0.3200658660457094,0.2761783673242957,0.4198413764515842,0.0,0.0,0.0,6990572.570870944,16741.507769086827,165328.52213298067,4714169.049129772,643350.5186438668,0.02577470572959125,0.3200658660457094,0.2761783673242957,0.4198413764515842,0.0,0.0,0.0,6990572.570870944,16741.507769086827,165328.52213298067,4714169.049129772,643350.5186438668,0.02577470572959125,0.3200658660457094,0.2761783673242957,0.4198413764515842
0.0,0.0,0.0,6990572.570870944,16741.507769086827,165328.52213298067,4714169.049129772,643350.5186438668,0.02577470572959125,0.3200658660457094,0.2761783673242957,0.4198413764515842,0.0,0.0,0.0,6990572.570870944,16741.507769086827,165328.52213298067,4714169.049129772,643350.5186438668,0.02577470572959125,0.3200658660457094,0.2761783673242957,0.4198413764515842,0.0,0.0,0.0,6990572.570870944,16741.507769086827,165328.52213298067,4714169.049129772,643350.5186438668,0.02577470572959125,0.3200658660457094,0.2761783673242957,0.4198413764515842,0.0,0.0,0.0,6990572.570870944,16741.507769086827,165328.52213298067,4714169.049129772,643350.5186438668,0.02577470572959125,0.3200658660457094,0.2761783673242957,0.4198413764515842,0.0,0.0,0.0,6990572.570870944,16741.507769086827,165328.52213298067,4714169.049129772,643350.5186438668,0.02577470572959125,0.3200658660457094,0.2761783673242957,0.4198413764515842,0.0,0.0,0.0,6990572.570870944,16741.507769086827,165328.52213298067,4714169.049129772,643350.5186438668,0.02577470572959125,0.3200658660457094,0.2761783673242957,0.4198413764515842
0.0,0.0,0.0,6990572.570870944,16741.507769086827,165328.52213298067,4714169.049129772,643350.5186438668,0.02577470572959125,0.3200658660457094,0.2761783673242957,0.4198413764515842,0.0,0.0,0.0,6990572.570870944,16741.507769086827,165328.52213298067,4714169.049129772,643350.5186438668,0.02577470572959125,0.3200658660457094,0.2761783673242957,0.4198413764515842,0.0,0.0,0.0,6990572.570870944,16741.507769086827,165328.52213298067,4714169.049129772,643350.5186438668,0.02577470572959125,0.3200658660457094,0.2761783673242957,0.4198413764515842,0.0,0.0,0.0,6990572.570870944,16741.507769086827,165328.52213298067,4714169.049129772,643350.5186438668,0.02577470572959125,0.3200658660457094,0.2761783673242957,0.4198413764515842,0.0,0.0,0.0,6990572.570870944,16741.507769086827,165328.52213298067,4714169.049129772,643350.5186438668,0.02577470572959125,0.3200658660457094,0.2761783673242957,0.4198413764515842,0.0,0.0,0.0,6990572.570870944,16741.507769086827,165328.52213298067,4714169.049129772,643350.5186438668,0.02577470572959125,0.3200658660457094,0.2761783673242957,0.4198413764515842
0.0,0.0,0.0,6990572.570870944,16741.507769086827,165328.52213298067,4714169.049129772,643350.5186438668,0.02577470572959125,0.3200658660457094,0.2761783673242957,0.4198413764515842,0.0,0.0,0.0,6990572.570870944,16741.507769086827,165328.52213298067,4714169.049129772,643350.5186438668,0.02577470572959125,0.3200658660457094,0.2761783673242957,0.4198413764515842,0.0,0.0,0.0,6990572.570870944,16741.507769086827,165328.52213298067,4714169.049129772,643350.5186438668,0.02577470572959125,0.3200658660457094,0.2761783673242957,0.4198413764515842,0.0,0.0,0.0,6990572.570870944,16741.507769086827,165328.52213298067,4714169.049129772,643350.5186438668,0.02577470572959125,0.3200658660457094,0.2761783673242957,0.4198413764515842,0.0,0.0,0.0,6990572.570870944,16741.507769086827,165328.52213298067,4714169.049129772,643350.5186438668,0.02577470572959125,0.3200658660457094,0.2761783673242957,0.4198413764515842,0.0,0.0,0.0,6990572.570870944,16741.507769086827,165328.52213298067,4714169.049129772,643350.5186438668,0.02577470572959125,0.3200658660457094,0.2761783673242957,0.4198413764515842
0.0,0.0,0.0,6990572.570870944,16741.507769086827,165328.52213298067,4714169.049129772,643350.5186438668,0.02577470572959125,0.3200658660457094,0.2761783673242957,0.4198413764515842,0.0,0.0,0.0,6990572.570870944,16741.507769086827,165328.52213298067,4714169.049129772,643350.5186438668,0.02577470572959125,0.3200658660457094,0.2761783673242957,0.4198413764515842,0.0,0.0,0.0,6990572.570870944,16741.507769086827,165328.52213298067,4714169.049129772,643350.5186438668,0.02577470572959125,0.3200658660457094,0.2761783673242957,0.4198413764515842,0.0,0.0,0.0,6990572.570870944,16741.507769086827,165328.52213298067,4714169.049129772,643350.5186438668,0.02577470572959125,0.3200658660457094,0.2761783673242957,0.4198413764515842,0.0,0.0,0.0,6990572.570870944,16741.507769086827,165328.52213298067,4714169.049129772,643350.5186438668,0.02577470572959125,0.3200658660457094,0.2761783673242957,0.4198413764515842,0.0,0.0,0.0,6990572.570870944,16741.507769086827,165328.52213298067,4714169.049129772,643350.5186438668,0.02577470572959125,0.3200658660457094,0.2761783673242957,0.4198413764515842
0.0,0.0,0.0,6990572.570870944,16741.507769086827,165328.52213298067,4714169.049129772,643350.5186438668,0.02577470572959125,0.3200658660457094,0.2761783673242957,0.4198413764515842,0.0,0.0,0.0,6990572.570870944,16741.507769086827,165328.52213298067,4714169.049129772,643350.5186438668,0.02577470572959125,0.3200658660457094,0.2761783673242957,0.4198413764515842,0.0,0.0,0.0,6990572.570870944,16741.507769086827,165328.52213298067,4714169.049129772,643350.5186438668,0.02577470572959125,0.3200658660457094,0.2761783673242957,0.4198413764515842,0.0,0.0,0.0,6990572.570870944,16741.507769086827,165328.52213298067,4714169.049129772,643350.5186438668,0.02577470572959125,0.3200658660457094,0.2761783673242957,0.4198413764515842,0.0,0.0,0.0,6990572.570870944,16741.507769086827,165328.52213298067,4714169.049129772,643350.5186438668,0.02577470572959125,0.3200658660457094,0.2761783673242957,0.4198413764515842,0.0,0.0,0.0,6990572.570870944,16741.507769086827,165328.52213298067,4714169.049129772,643350.5186438668,0.02577470572959125,0.3200658660457094,0.2761783673242957,0.4198413764515842
0.0,0.0,0.0,6990572.570870944,16741.507769086827,165328.52213298067,4714169.049129772,643350.5186438668,0.02577470572959125,0.3200658660457094,0.2761783673242957,0.4198413764515842,0.0,0.0,0.0,6990572.570870944,16741.507769086827,165328.52213298067,4714169.049129772,643350.5186438668,0.02577470572959125,0.3200658660457094,0.2761783673242957,0.4198413764515842,0.0,0.0,0.0,6990572.570870944,16741.507769086827,165328.52213298067,4714169.049129772,643350.5186438668,0.02577470572959125,0.3200658660457094,0.2761783673242957,0.4198413764515842,0.0,0.0,0.0,6990572.570870944,16741.507769086827,165328.52213298067,4714169.049129772,643350.5186438668,0.02577470572959125,0.3200658660457094,0.2761783673242957,0.4198413764515842,0.0,0.0,0.0,6990572.570870944,16741.507769086827,165328.52213298067,4714169.049129772,643350.5186438668,0.02577470572959125,0.3200658660457094,0.2761783673242957,0.4198413764515842,0.0,0.0,0.0,6990572.570870944,16741.507769086827,165328.52213298067,4714169.049129772,643350.5186438668,0.02577470572959125,0.3200658660457094,0.2761783673242957,0.4198413764515842
0.0,0.0,0.0,6990572.570870944,16741.507769086827,165328.52213298067,4714169.049129772,643350.5186438668,0.02577470572959125,0.3200658660457094,0.2761783673242957,0.4198413764515842,0.0,0.0,0.0,6990572.570870944,16741.507769086827,165328.52213298067,4714169.049129772,643350.5186438668,0.02577470572959125,0.3200658660457094,0.2761783673242957,0.4198413764515842,0.0,0.0,0.0,6990572.570870944,16741.507769086827,165328.52213298067,4714169.049129772,643350.5186438668,0.02577470572959125,0.3200658660457094,0.2761783673242957,0.4198413764515842,0.0,0.0,0.0,6990572.570870944,16741.507769086827,165328.52213298067,4714169.049129772,643350.5186438668,0.02577470572959125,0.3200658660457094,0.2761783673242957,0.4198413764515842,0.0,0.0,0.0,6990572.570870944,16741.507769086827,165328.52213298067,4714169.049129772,643350.5186438668,0.02577470572959125,0.3200658660457094,0.2761783673242957,0.4198413764515842,0.0,0.0,0.0,6990572.570870944,16741.507769086827,165328.52213298067,4714169.049129772,643350.5186438668,0.02577470572959125,0.3200658660457094,0.2761783673242957,0.4198413764515842
0.0,0.0,0.0,6990572.570870944,16741.507769086827,165328.52213298067,4714169.049129772,643350.5186438668,0.02577470572959125,0.3200658660457094,0.2761783673242957,0.4198413764515842,0.0,0.0,0.0,6990572.570870944,16741.507769086827,165328.52213298067,4714169.049129772,643350.5186438668,0.02577470572959125,0.3200658660457094,0.2761783673242957,0.4198413764515842,0.0,0.0,0.0,6990572.570870944,16741.507769086827,165328.52213298067,4714169.049129772,643350.5186438668,0.02577470572959125,0.3200658660457094,0.2761783673242957,0.4198413764515842,0.0,0.0,0.0,6990572.570870944,16741.507769086827,165328.52213298067,4714169.049129772,643350.5186438668,0.02577470572959125,0.3200658660457094,0.2761783673242957,0.4198413764515842,0.0,0.0,0.0,6990572.570870944,16741.507769086827,165328.52213298067,4714169.049129772,643350.5186438668,0.02577470572959125,0.3200658660457094,0.2761783673242957,0.4198413764515842,0.0,0.0,0.0,6990572.570870944,16741.507769086827,165328.52213298067,4714169.049129772,643350.5186438668,0.02577470572959125,0.3200658660457094,0.2761783673242957,0.4198413764515842
0.0,0.0,0.0,6990572.570870944,16741.507769086827,165328.52213298067,4714169.049129772,643350.5186438668,0.02577470572959125,0.3200658660457094,0.2761783673242957,0.4198413764515842,0.0,0.0,0.0,6990572.570870944,16741.507769086827,165328.52213298067,4714169.049129772,643350.5186438668,0.02577470572959125,0.3200658660457094,0.2761783673242957,0.4198413764515842,0.0,0.0,0.0,6990572.570870944,16741.507769086827,165328.52213298067,4714169.049129772,643350.5186438668,0.02577470572959125,0.3200658660457094,0.2761783673242957,0.4198413764515842,0.0,0.0,0.0,6990572.570870944,16741.507769086827,165328.52213298067,4714169.049129772,643350.5186438668,0.02577470572959125,0.3200658660457094,0.2761783673242957,0.4198413764515842,0.0,0.0,0.0,6990572.570870944,16741.507769086827,165328.52213298067,4714169.049129772,643350.5186438668,0.02577470572959125,0.3200658660457094,0.2761783673242957,0.4198413764515842,0.0,0.0,0.0,6990572.570870944,16741.507769086827,165328.52213298067,4714169.049129772,643350.5186438668,0.02577470572959125,0.3200658660457094,0.2761783673242957,0.4198413764515842
0.0,0.0,0.0,6990572.570870944,16741.507769086827,165328.52213298067,4714169.049129772,643350.5186438668,0.02577470572959125,0.3200658660457094,0.2761783673242957,0.4198413764515842,0.0,0.0,0.0,6990572.570870944,16741.507769086827,165328.52213298067,4714169.049129772,643350.5186438668,0.02577470572959125,0.3200658660457094,0.2761783673242957,0.4198413764515842,0.0,0.0,0.0,6990572.570870944,16741.507769086827,165328.52213298067,4714169.049129772,643350.5186438668,0.02577470572959125,0.3200658660457094,0.2761783673242957,0.4198413764515842,0.0,0.0,0.0,6990572.570870944,16741.507769086827,165328.52213298067,4714169.049129772,643350.5186438668,0.02577470572959125,0.3200658660457094,0.2761783673242957,0.4198413764515842,0.0,0.0,0.0,6990572.570870944,16741.507769086827,165328.52213298067,4714169.049129772,643350.5186438668,0.02577470572959125,0.3200658660457094,0.2761783673242957,0.4198413764515842,0.0,0.0,0.0,6990572.570870944,16741.507769086827,165328.52213298067,4714169.049129772,643350.5186438668,0.02577470572959125,0.3200658660457094,0.2761783673242957,0.4198413764515842
0.0,0.0,0.0,6990572.570870944,16741.507769086827,165328.52213298067,4714169.049129772,643350.5186438668,0.02577470572959125,0.3200658660457094,0.2761783673242957,0.4198413764515842,0.0,0.0,0.0,6990572.570870944,16741.507769086827,165328.52213298067,4714169.049129772,643350.5186438668,0.02577470572959125,0.3200658660457094,0.2761783673242957,0.4198413764515842,0.0,0.0,0.0,6990572.570870944,16741.507769086827,165328.52213298067,4714169.049129772,643350.5186438668,0.02577470572959125,0.3200658660457094,0.2761783673242957,0.4198413764515842,0.0,0.0,0.0,6990572.570870944,16741.507769086827,165328.52213298067,4714169.049129772,643350.5186438668,0.02577470572959125,0.3200658660457094,0.2761783673242957,0.4198413764515842,0.0,0.0,0.0,6990572.570870944,16741.507769086827,165328.52213298067,4714169.049129772,643350.5186438668,0.02577470572959125,0.3200658660457094,0.2761783673242957,0.4198413764515842,0.0,0.0,0.0,6990572.570870944,16741.507769086827,165328.52213298067,4714169.049129772,643350.5186438668,0.02577470572959125,0.3200658660457094,0.2761783673242957,0.4198413764515842
0.0,0.0,0.0,6990572.570870944,16741.507769086827,165328.52213298067,4714169.049129772,643350.5186438668,0.02577470572959125,0.3200658660457094,0.2761783673242957,0.4198413764515842,0.0,0.0,0.0,6990572.570870944,16741.507769086827,165328.52213298067,4714169.049129772,643350.5186438668,0.02577470572959125,0.3200658660457094,0.2761783673242957,0.4198413764515842,0.0,0.0,0.0,6990572.570870944,16741.507769086827,165328.52213298067,4714169.049129772,643350.5186438668,0.02577470572959125,0.3200658660457094,0.2761783673242957,0.4198413764515842,0.0,0.0,0.0,6990572.570870944,16741.507769086827,165328.52213298067,4714169.049129772,643350.5186438668,0.02577470572959125,0.3200658660457094,0.2761783673242957,0.4198413764515842,0.0,0.0,0.0,6990572.570870944,16741.507769086827,165328.52213298067,4714169.049129772,643350.5186438668,0.02577470572959125,0.3200658660457094,0.2761783673242957,0.4198413764515842,0.0,0.0,0.0,6990572.570870944,16741.507769086827,165328.52213298067,4714169.049129772,643350.5186438668,0.02577470572959125,0.3200658660457094,0.2761783673242957,0.4198413764515842
0.0,0.0,0.0,6990572.570870944,16741.507769086827,165328.52213298067,4714169.049129772,643350.5186438668,0.02577470572959125,0.3200658660457094,0.2761783673242957,0.4198413764515842,0.0,0.0,0.0,6990572.570870944,16741.507769086827,165328.52213298067,4714169.049129772,643350.5186438668,0.02577470572959125,0.3200658660457094,0.2761783673242957,0.4198413764515842,0.0,0.0,0.0,6990572.570870944,16741.507769086827,165328.52213298067,4714169.049129772,643350.5186438668,0.02577470572959125,0.3200658660457094,0.2761783673242957,0.4198413764515842,0.0,0.0,0.0,6990572.570870944,16741.507769086827,165328.52213298067,4714169.049129772,643350.5186438668,0.02577470572959125,0.3200658660457094,0.2761783673242957,0.4198413764515842,0.0,0.0,0.0,6990572.570870944,16741.507769086827,165328.52213298067,4714169.049129772,643350.5186438668,0.02577470572959125,0.3200658660457094,0.2761783673242957,0.4198413764515842,0.0,0.0,0.0,6990572.570870944,16741.507769086827,165328.52213298067,4714169.049129772,643350.5186438668,0.02577470572959125,0.3200658660457094,0.2761783673242957,0.4198413764515842
0.0,0.0,0.0,6990572.570870944,16741.507769086827,165328.52213298067,4714169.049129772,643350.5186438668,0.02577470572959125,0.3200658660457094,0.2761783673242957,0.4198413764515842,0.0,0.0,0.0,6990572.570870944,16741.507769086827,165328.52213298067,4714169.049129772,643350.5186438668,0.02577470572959125,0.3200658660457094,0.2761783673242957,0.4198413764515842,0.0,0.0,0.0,6990572.570870944,16741.507769086827,165328.52213298067,4714169.049129772,643350.5186438668,0.02577470572959125,0.3200658660457094,0.2761783673242957,0.4198413764515842,0.0,0.0,0.0,6990572.570870944,16741.507769086827,165328.52213298067,4714169.049129772,643350.5186438668,0.02577470572959125,0.3200658660457094,0.2761783673242957,0.4198413764515842,0.0,0.0,0.0,6990572.570870944,16741.507769086827,165328.52213298067,4714169.049129772,643350.5186438668,0.02577470572959125,0.3200658660457094,0.2761783673242957,0.4198413764515842,0.0,0.0,0.0,6990572.570870944,16741.507769086827,165328.52213298067,4714169.049129772,643350.5186438668,0.02577470572959125,0.3200658660457094,0.2761783673242957,0.4198413764515842
0.0,0.0,0.0,6990572.570870944,16741.507769086827,165328.52213298067,4714169.049129772,643350.5186438668,0.02577470572959125,0.3200658660457094,0.2761783673242957,0.4198413764515842,0.0,0.0,0.0,6990572.570870944,16741.507769086827,165328.52213298067,4714169.049129772,643350.5186438668,0.02577470572959125,0.3200658660457094,0.2761783673242957,0.4198413764515842,0.0,0.0,0.0,6990572.570870944,16741.507769086827,165328.52213298067,4714169.049129772,643350.5186438668,0.02577470572959125,0.3200658660457094,0.2761783673242957,0.4198413764515842,0.0,0.0,0.0,6990572.570870944,16741.507769086827,165328.52213298067,4714169.049129772,643350.5186438668,0.02577470572959125,0.3200658660457094,0.2761783673242957,0.4198413764515842,0.0,0.0,0.0,6990572.570870944,16741.507769086827,165328.52213298067,4714169.049129772,643350.5186438668,0.02577470572959125,0.3200658660457094,0.2761783673242957,0.4198413764515842,0.0,0.0,0.0,6990572.570870944,16741.507769086827,165328.52213298067,4714169.049129772,643350.5186438668,0.02577470572959125,0.3200658660457094,0.2761783673242957,0.4198413764515842
0.0,0.0,0.0,6990572.570870944,16741.507769086827,165328.52213298067,4714169.049129772,643350.5186438668,0.02577470572959125,0.3200658660457094,0.2761783673242957,0.4198413764515842,0.0,0.0,0.0,6990572.570870944,16741.507769086827,165328.52213298067,4714169.049129772,643350.5186438668,0.02577470572959125,0.3200658660457094,0.2761783673242957,0.4198413764515842,0.0,0.0,0.0,6990572.570870944,16741.507769086827,165328.52213298067,4714169.049129772,643350.5186438668,0.02577470572959125,0.3200658660457094,0.2761783673242957,0.4198413764515842,0.0,0.0,0.0,6990572.570870944,16741.507769086827,165328.52213298067,4714169.049129772,643350.5186438668,0.02577470572959125,0.3200658660457094,0.2761783673242957,0.4198413764515842,0.0,0.0,0.0,6990572.570870944,16741.507769086827,165328.52213298067,4714169.049129772,643350.5186438668,0.02577470572959125,0.3200658660457094,0.2761783673242957,0.4198413764515842,0.0,0.0,0.0,6990572.570870944,16741.507769086827,165328.52213298067,4714169.049129772,643350.5186438668,0.02577470572959125,0.3200658660457094,0.2761783673242957,0.4198413764515842
0.0,0.0,0.0,6990572.570870944,16741.507769086827,165328.52213298067,4714169.049129772,643350.5186438668,0.02577470572959125,0.3200658660457094,0.2761783673242957,0.4198413764515842,0.0,0.0,0.0,6990572.570870944,16741.507769086827,165328.52213298067,4714169.049129772,643350.5186438668,0.02577470572959125,0.3200658660457094,0.2761783673242957,0.4198413764515842,0.0,0.0,0.0,6990572.570870944,16741.507769086827,165328.52213298067,4714169.049129772,643350.5186438668,0.02577470572959125,0.3200658660457094,0.2761783673242957,0.4198413764515842,0.0,0.0,0.0,6990572.570870944,16741.507769086827,165328.52213298067,4714169.049129772,643350.5186438668,0.02577470572959125,0.3200658660457094,0.2761783673242957,0.4198413764515842,0.0,0.0,0.0,6990572.570870944,16741.507769086827,165328.52213298067,4714169.049129772,643350.5186438668,0.02577470572959125,0.3200658660457094,0.2761783673242957,0.4198413764515842,0.0,0.0,0.0,6990572.570870944,16741.507769086827,165328.52213298067,4714169.049129772,643350.5186438668,0.02577470572959125,0.3200658660457094,0.2761783673242957,0.4198413764515842
0.0,0.0,0.0,6990572.570870944,16741.507769086827,165328.52213298067,4714169.049129772,643350.5186438668,0.02577470572959125,0.3200658660457094,0.2761783673242957,0.4198413764515842,0.0,0.0,0.0,6990572.570870944,16741.507769086827,165328.52213298067,4714169.049129772,643350.5186438668,0.02577470572959125,0.3200658660457094,0.2761783673242957,0.4198413764515842,0.0,0.0,0.0,6990572.570870944,16741.507769086827,165328.52213298067,4714169.049129772,643350.5186438668,0.02577470572959125,0.3200658660457094,0.2761783673242957,0.4198413764515842,0.0,0.0,0.0,6990572.570870944,16741.507769086827,165328.52213298067,4714169.049129772,643350.5186438668,0.02577470572959125,0.3200658660457094,0.2761783673242957,0.4198413764515842,0.0,0.0,0.0,6990572.570870944,16741.507769086827,165328.52213298067,4714169.049129772,643350.5186438668,0.02577470572959125,0.3200658660457094,0.2761783673242957,0.4198413764515842,0.0,0.0,0.0,6990572.570870944,16741.507769086827,165328.52213298067,4714169.049129772,643350.5186438668,0.02577470572959125,0.3200658660457094,0.2761783673242957,0.4198413764515842
0.0,0.0,0.0,6990572.570870944,16741.507769086827,165328.52213298067,4714169.049129772,643350.5186438668,0.02577470572959125,0.3200658660457094,0.2761783673242957,0.4198413764515842,0.0,0.0,0.0,6990572.570870944,16741.507769086827,165328.52213298067,4714169.049129772,643350.5186438668,0.02577470572959125,0.3200658660457094,0.2761783673242957,0.4198413764515842,0.0,0.0,0.0,6990572.570870944,16741.507769086827,165328.52213298067,4714169.049129772,643350.5186438668,0.02577470572959125,0.3200658660457094,0.2761783673242957,0.4198413764515842,0.0,0.0,0.0,6990572.570870944,16741.507769086827,165328.52213298067,4714169.049129772,643350.5186438668,0.02577470572959125,0.3200658660457094,0.2761783673242957,0.4198413764515842,0.0,0.0,0.0,6990572.570870944,16741.507769086827,165328.52213298067,4714169.049129772,643350.5186438668,0.02577470572959125,0.3200658660457094,0.2761783673242957,0.4198413764515842,0.0,0.0,0.0,6990572.570870944,16741.507769086827,165328.52213298067,4714169.049129772,643350.5186438668,0.02577470572959125,0.3200658660457094,0.2761783673242957,0.4198413764515842
0.0,0.0,0.0,6990572.570870944,16741.507769086827,165328.52213298067,4714169.049129772,643350.5186438668,0.02577470572959125,0.3200658660457094,0.2761783673242957,0.4198413764515842,0.0,0.0,0.0,6990572.570870944,16741.507769086827,165328.52213298067,4714169.049129772,643350.5186438668,0.02577470572959125,0.3200658660457094,0.2761783673242957,0.4198413764515842,0.0,0.0,0.0,6990572.570870944,16741.507769086827,165328.52213298067,4714169.049129772,643350.5186438668,0.02577470572959125,0.3200658660457094,0.2761783673242957,0.4198413764515842,0.0,0.0,0.0,6990572.570870944,16741.507769086827,165328.52213298067,4714169.049129772,643350.5186438668,0.02577470572959125,0.3200658660457094,0.2761783673242957,0.4198413764515842,0.0,0.0,0.0,6990572.570870944,16741.507769086827,165328.52213298067,4714169.049129772,643350.5186438668,0.02577470572959125,0.3200658660457094,0.2761783673242957,0.4198413764515842,0.0,0.0,0.0,6990572.570870944,16741.507769086827,165328.52213298067,4714169.049129772,643350.5186438668,0.02577470572959125,0.3200658660457094,0.2761783673242957,0.4198413764515842
0.0,0.0,0.0,6990572.570870944,16741.507769086827,165328.52213298067,4714169.049129772,643350.5186438668,0.02577470572959125,0.3200658660457094,0.2761783673242957,0.4198413764515842,0.0,0.0,0.0,6990572.570870944,16741.507769086827,165328.52213298067,4714169.049129772,643350.5186438668,0.02577470572959125,0.3200658660457094,0.2761783673242957,0.4198413764515842,0.0,0.0,0.0,6990572.570870944,16741.507769086827,165328.52213298067,4714169.049129772,643350.5186438668,0.02577470572959125,0.3200658660457094,0.2761783673242957,0.4198413764515842,0.0,0.0,0.0,6990572.570870944,16741.507769086827,165328.52213298067,4714169.049129772,643350.5186438668,0.02577470572959125,0.3200658660457094,0.2761783673242957,0.4198413764515842,0.0,0.0,0.0,6990572.570870944,16741.507769086827,165328.52213298067,4714169.049129772,643350.5186438668,0.02577470572959125,0.3200658660457094,0.2761783673242957,0.4198413764515842,0.0,0.0,0.0,6990572.570870944,16741.507769086827,165328.52213298067,4714169.049129772,643350.5186438668,0.02577470572959125,0.3200658660457094,0.2761783673242957,0.4198413764515842
0.0,0.0,0.0,6990572.570870944,16741.507769086827,165328.52213298067,4714169.049129772,643350.5186438668,0.02577470572959125,0.3200658660457094,0.2761783673242957,0.4198413764515842,0.0,0.0,0.0,6990572.570870944,16741.507769086827,165328.52213298067,4714169.049129772,643350.5186438668,0.02577470572959125,0.3200658660457094,0.2761783673242957,0.4198413764515842,0.0,0.0,0.0,6990572.570870944,16741.507769086827,165328.52213298067,4714169.049129772,643350.5186438668,0.02577470572959125,0.3200658660457094,0.2761783673242957,0.4198413764515842,0.0,0.0,0.0,6990572.570870944,16741.507769086827,165328.52213298067,4714169.049129772,643350.5186438668,0.02577470572959125,0.3200658660457094,0.2761783673242957,0.4198413764515842,0.0,0.0,0.0,6990572.570870944,16741.507769086827,165328.52213298067,4714169.049129772,643350.5186438668,0.02577470572959125,0.3200658660457094,0.2761783673242957,0.4198413764515842,0.0,0.0,0.0,6990572.570870944,16741.507769086827,165328.52213298067,4714169.049129772,643350.5186438668,0.02577470572959125,0.3200658660457094,0.2761783673242957,0.4198413764515842
0.0,0.0,0.0,6990572.570870944,16741.507769086827,165328.52213298067,4714169.049129772,643350.5186438668,0.02577470572959125,0.3200658660457094,0.2761783673242957,0.4198413764515842,0.0,0.0,0.0,6990572.570870944,16741.507769086827,165328.52213298067,4714169.049129772,643350.5186438668,0.02577470572959125,0.3200658660457094,0.2761783673242957,0.4198413764515842,0.0,0.0,0.0,6990572.570870944,16741.507769086827,165328.52213298067,4714169.049129772,643350.5186438668,0.02577470572959125,0.3200658660457094,0.2761783673242957,0.4198413764515842,0.0,0.0,0.0,6990572.570870944,16741.507769086827,165328.52213298067,4714169.049129772,643350.5186438668,0.02577470572959125,0.3200658660457094,0.2761783673242957,0.4198413764515842,0.0,0.0,0.0,6990572.570870944,16741.507769086827,165328.52213298067,4714169.049129772,643350.5186438668,0.02577470572959125,0.3200658660457094,0.2761783673242957,0.4198413764515842,0.0,0.0,0.0,6990572.570870944,16741.507769086827,165328.52213298067,4714169.049129772,643350.5186438668,0.02577470572959125,0.3200658660457094,0.2761783673242957,0.4198413764515842
0.0,0.0,0.0,6990572.570870944,16741.507769086827,165328.52213298067,4714169.049129772,643350.5186438668,0.02577470572959125,0.3200658660457094,0.2761783673242957,0.4198413764515842,0.0,0.0,0.0,6990572.570870944,16741.507769086827,165328.52213298067,4714169.049129772,643350.5186438668,0.02577470572959125,0.3200658660457094,0.2761783673242957,0.4198413764515842,0.0,0.0,0.0,6990572.570870944,16741.507769086827,165328.52213298067,4714169.049129772,643350.5186438668,0.02577470572959125,0.3200658660457094,0.2761783673242957,0.4198413764515842,0.0,0.0,0.0,6990572.570870944,16741.507769086827,165328.52213298067,4714169.049129772,643350.5186438668,0.02577470572959125,0.3200658660457094,0.2761783673242957,0.4198413764515842,0.0,0.0,0.0,6990572.570870944,16741.507769086827,165328.52213298067,4714169.049129772,643350.5186438668,0.02577470572959125,0.3200658660457094,0.2761783673242957,0.4198413764515842,0.0,0.0,0.0,6990572.570870944,16741.507769086827,165328.52213298067,4714169.049129772,643350.5186438668,0.02577470572959125,0.3200658660457094,0.2761783673242957,0.4198413764515842
0.0,0.0,0.0,6990572.570870944,16741.507769086827,165328.52213298067,4714169.049129772,643350.5186438668,0.02577470572959125,0.3200658660457094,0.2761783673242957,0.4198413764515842,0.0,0.0,0.0,6990572.570870944,16741.507769086827,165328.52213298067,4714169.049129772,643350.5186438668,0.02577470572959125,0.3200658660457094,0.2761783673242957,0.4198413764515842,0.0,0.0,0.0,6990572.570870944,16741.507769086827,165328.52213298067,4714169.049129772,643350.5186438668,0.02577470572959125,0.3200658660457094,0.2761783673242957,0.4198413764515842,0.0,0.0,0.0,6990572.570870944,16741.507769086827,165328.52213298067,4714169.049129772,643350.5186438668,0.02577470572959125,0.3200658660457094,0.2761783673242957,0.4198413764515842,0.0,0.0,0.0,6990572.570870944,16741.507769086827,165328.52213298067,4714169.049129772,643350.5186438668,0.02577470572959125,0.3200658660457094,0.2761783673242957,0.4198413764515842,0.0,0.0,0.0,6990572.570870944,16741.507769086827,165328.52213298067,4714169.049129772,643350.5186438668,0.02577470572959125,0.3200658660457094,0.2761783673242957,0.4198413764515842
0.0,0.0,0.0,6990572.570870944,16741.507769086827,165328.52213298067,4714169.049129772,643350.5186438668,0.02577470572959125,0.3200658660457094,0.2761783673242957,0.4198413764515842,0.0,0.0,0.0,6990572.570870944,16741.507769086827,165328.52213298067,4714169.049129772,643350.5186438668,0.02577470572959125,0.3200658660457094,0.2761783673242957,0.4198413764515842,0.0,0.0,0.0,6990572.570870944,16741.507769086827,165328.52213298067,4714169.049129772,643350.5186438668,0.02577470572959125,0.3200658660457094,0.2761783673242957,0.4198413764515842,0.0,0.0,0.0,6990572.570870944,16741.507769086827,165328.52213298067,4714169.049129772,643350.5186438668,0.02577470572959125,0.3200658660457094,0.2761783673242957,0.4198413764515842,0.0,0.0,0.0,6990572.570870944,16741.507769086827,165328.52213298067,4714169.049129772,643350.5186438668,0.02577470572959125,0.3200658660457094,0.2761783673242957,0.4198413764515842,0.0,0.0,0.0,6990572.570870944,16741.507769086827,165328.52213298067,4714169.049129772,643350.5186438668,0.02577470572959125,0.3200658660457094,0.2761783673242957,0.4198413764515842
0.0,0.0,0.0,6990572.570870944,16741.507769086827,165328.52213298067,4714169.049129772,643350.5186438668,0.02577470572959125,0.3200658660457094,0.2761783673242957,0.4198413764515842,0.0,0.0,0.0,6990572.570870944,16741.507769086827,165328.52213298067,4714169.049129772,643350.5186438668,0.02577470572959125,0.3200658660457094,0.2761783673242957,0.4198413764515842,0.0,0.0,0.0,6990572.570870944,16741.507769086827,165328.52213298067,4714169.049129772,643350.5186438668,0.02577470572959125,0.3200658660457094,0.2761783673242957,0.4198413764515842,0.0,0.0,0.0,6990572.570870944,16741.507769086827,165328.52213298067,4714169.049129772,643350.5186438668,0.02577470572959125,0.3200658660457094,0.2761783673242957,0.4198413764515842,0.0,0.0,0.0,6990572.570870944,16741.507769086827,165328.52213298067,4714169.049129772,643350.5186438668,0.02577470572959125,0.3200658660457094,0.2761783673242957,0.4198413764515842,0.0,0.0,0.0,6990572.570870944,16741.507769086827,165328.52213298067,4714169.049129772,643350.5186438668,0.02577470572959125,0.3200658660457094,0.2761783673242957,0.4198413764515842
0.0,0.0,0.0,6990572.570870944,16741.507769086827,165328.52213298067,4714169.049129772,643350.5186438668,0.02577470572959125,0.3200658660457094,0.2761783673242957,0.4198413764515842,0.0,0.0,0.0,6990572.570870944,16741.507769086827,165328.52213298067,4714169.049129772,643350.5186438668,0.02577470572959125,0.3200658660457094,0.2761783673242957,0.4198413764515842,0.0,0.0,0.0,6990572.570870944,16741.507769086827,165328.52213298067,4714169.049129772,643350.5186438668,0.02577470572959125,0.3200658660457094,0.2761783673242957,0.4198413764515842,0.0,0.0,0.0,6990572.570870944,16741.507769086827,165328.52213298067,4714169.049129772,643350.5186438668,0.02577470572959125,0.3200658660457094,0.2761783673242957,0.4198413764515842,0.0,0.0,0.0,6990572.570870944,16741.507769086827,165328.52213298067,4714169.049129772,643350.5186438668,0.02577470572959125,0.3200658660457094,0.2761783673242957,0.4198413764515842,0.0,0.0,0.0,6990572.570870944,16741.507769086827,165328.52213298067,4714169.049129772,643350.5186438668,0.02577470572959125,0.3200658660457094,0.2761783673242957,0.4198413764515842
0.0,0.0,0.0,6990572.570870944,16741.507769086827,165328.52213298067,4714169.049129772,643350.5186438668,0.02577470572959125,0.3200658660457094,0.2761783673242957,0.4198413764515842,0.0,0.0,0.0,6990572.570870944,16741.507769086827,165328.52213298067,4714169.049129772,643350.5186438668,0.02577470572959125,0.3200658660457094,0.2761783673242957,0.4198413764515842,0.0,0.0,0.0,6990572.570870944,16741.507769086827,165328.52213298067,4714169.049129772,643350.5186438668,0.02577470572959125,0.3200658660457094,0.2761783673242957,0.4198413764515842,0.0,0.0,0.0,6990572.570870944,16741.507769086827,165328.52213298067,4714169.049129772,643350.5186438668,0.02577470572959125,0.3200658660457094,0.2761783673242957,0.4198413764515842,0.0,0.0,0.0,6990572.570870944,16741.507769086827,165328.52213298067,4714169.049129772,643350.5186438668,0.02577470572959125,0.3200658660457094,0.2761783673242957,0.4198413764515842,0.0,0.0,0.0,6990572.570870944,16741.507769086827,165328.52213298067,4714169.049129772,643350.5186438668,0.02577470572959125,0.3200658660457094,0.2761783673242957,0.4198413764515842
0.0,0.0,0.0,6990572.570870944,16741.507769086827,165328.52213298067,4714169.049129772,643350.5186438668,0.02577470572959125,0.3200658660457094,0.2761783673242957,0.4198413764515842,0.0,0.0,0.0,6990572.570870944,16741.507769086827,165328.52213298067,4714169.049129772,643350.5186438668,0.02577470572959125,0.3200658660457094,0.2761783673242957,0.4198413764515842,0.0,0.0,0.0,6990572.570870944,16741.507769086827,165328.52213298067,4714169.049129772,643350.5186438668,0.02577470572959125,0.3200658660457094,0.2761783673242957,0.4198413764515842,0.0,0.0,0.0,6990572.570870944,16741.507769086827,165328.52213298067,4714169.049129772,643350.5186438668,0.02577470572959125,0.3200658660457094,0.2761783673242957,0.4198413764515842,0.0,0.0,0.0,6990572.570870944,16741.507769086827,165328.52213298067,4714169.049129772,643350.5186438668,0.02577470572959125,0.3200658660457094,0.2761783673242957,0.4198413764515842,0.0,0.0,0.0,6990572.570870944,16741.507769086827,165328.52213298067,4714169.049129772,643350.5186438668,0.02577470572959125,0.3200658660457094,0.2761783673242957,0.4198413764515842
0.0,0.0,0.0,6990572.570870944,16741.507769086827,165328.52213298067,4714169.049129772,643350.5186438668,0.02577470572959125,0.3200658660457094,0.2761783673242957,0.4198413764515842,0.0,0.0,0.0,6990572.570870944,16741.507769086827,165328.52213298067,4714169.049129772,643350.5186438668,0.02577470572959125,0.3200658660457094,0.2761783673242957,0.4198413764515842,0.0,0.0,0.0,6990572.570870944,16741.507769086827,165328.52213298067,4714169.049129772,643350.5186438668,0.02577470572959125,0.3200658660457094,0.2761783673242957,0.4198413764515842,0.0,0.0,0.0,6990572.570870944,16741.507769086827,165328.52213298067,4714169.049129772,643350.5186438668,0.02577470572959125,0.3200658660457094,0.2761783673242957,0.4198413764515842,0.0,0.0,0.0,6990572.570870944,16741.507769086827,165328.52213298067,4714169.049129772,643350.5186438668,0.02577470572959125,0.3200658660457094,0.2761783673242957,0.4198413764515842,0.0,0.0,0.0,6990572.570870944,16741.507769086827,165328.52213298067,4714169.049129772,643350.5186438668,0.02577470572959125,0.3200658660457094,0.2761783673242957,0.4198413764515842
0.0,0.0,0.0,6990572.570870944,16741.507769086827,165328.52213298067,4714169.049129772,643350.5186438668,0.02577470572959125,0.3200658660457094,0.2761783673242957,0.4198413764515842,0.0,0.0,0.0,6990572.570870944,16741.507769086827,165328.52213298067,4714169.049129772,643350.5186438668,0.02577470572959125,0.3200658660457094,0.2761783673242957,0.4198413764515842,0.0,0.0,0.0,6990572.570870944,16741.507769086827,165328.52213298067,4714169.049129772,643350.5186438668,0.02577470572959125,0.3200658660457094,0.2761783673242957,0.4198413764515842,0.0,0.0,0.0,6990572.570870944,16741.507769086827,165328.52213298067,4714169.049129772,643350.5186438668,0.02577470572959125,0.3200658660457094,0.2761783673242957,0.4198413764515842,0.0,0.0,0.0,6990572.570870944,16741.507769086827,165328.52213298067,4714169.049129772,643350.5186438668,0.02577470572959125,0.3200658660457094,0.2761783673242957,0.4198413764515842,0.0,0.0,0.0,6990572.570870944,16741.507769086827,165328.52213298067,4714169.049129772,643350.5186438668,0.02577470572959125,0.3200658660457094,0.2761783673242957,0.4198413764515842
0.0,0.0,0.0,6990572.570870944,16741.507769086827,165328.52213298067,4714169.049129772,643350.5186438668,0.02577470572959125,0.3200658660457094,0.2761783673242957,0.4198413764515842,0.0,0.0,0.0,6990572.570870944,16741.507769086827,165328.52213298067,4714169.049129772,643350.5186438668,0.02577470572959125,0.3200658660457094,0.2761783673242957,0.4198413764515842,0.0,0.0,0.0,6990572.570870944,16741.507769086827,165328.52213298067,4714169.049129772,643350.5186438668,0.02577470572959125,0.3200658660457094,0.2761783673242957,0.4198413764515842,0.0,0.0,0.0,6990572.570870944,16741.507769086827,165328.52213298067,4714169.049129772,643350.5186438668,0.02577470572959125,0.3200658660457094,0.2761783673242957,0.4198413764515842,0.0,0.0,0.0,6990572.570870944,16741.507769086827,165328.52213298067,4714169.049129772,643350.5186438668,0.02577470572959125,0.3200658660457094,0.2761783673242957,0.4198413764515842,0.0,0.0,0.0,6990572.570870944,16741.507769086827,165328.52213298067,4714169.049129772,643350.5186438668,0.02577470572959125,0.3200658660457094,0.2761783673242957,0.4198413764515842
0.0,0.0,0.0,6990572.570870944,16741.507769086827,165328.52213298067,4714169.049129772,643350.5186438668,0.02577470572959125,0.3200658660457094,0.2761783673242957,0.4198413764515842,0.0,0.0,0.0,6990572.570870944,16741.507769086827,165328.52213298067,4714169.049129772,643350.5186438668,0.02577470572959125,0.3200658660457094,0.2761783673242957,0.4198413764515842,0.0,0.0,0.0,6990572.570870944,16741.507769086827,165328.52213298067,4714169.049129772,643350.5186438668,0.02577470572959125,0.3200658660457094,0.2761783673242957,0.4198413764515842,0.0,0.0,0.0,6990572.570870944,16741.507769086827,165328.52213298067,4714169.049129772,643350.5186438668,0.02577470572959125,0.3200658660457094,0.2761783673242957,0.4198413764515842,0.0,0.0,0.0,6990572.570870944,16741.507769086827,165328.52213298067,4714169.049129772,643350.5186438668,0.02577470572959125,0.3200658660457094,0.2761783673242957,0.4198413764515842,0.0,0.0,0.0,6990572.570870944,16741.507769086827,165328.52213298067,4714169.049129772,643350.5186438668,0.02577470572959125,0.3200658660457094,0.2761783673242957,0.4198413764515842
0.0,0.0,0.0,6990572.570870944,16741.507769086827,165328.52213298067,4714169.049129772,643350.5186438668,0.02577470572959125,0.3200658660457094,0.2761783673242957,0.4198413764515842,0.0,0.0,0.0,6990572.570870944,16741.507769086827,165328.52213298067,4714169.049129772,643350.5186438668,0.02577470572959125,0.3200658660457094,0.2761783673242957,0.4198413764515842,0.0,0.0,0.0,6990572.570870944,16741.507769086827,165328.52213298067,4714169.049129772,643350.5186438668,0.02577470572959125,0.3200658660457094,0.2761783673242957,0.4198413764515842,0.0,0.0,0.0,6990572.570870944,16741.507769086827,165328.52213298067,4714169.049129772,643350.5186438668,0.02577470572959125,0.3200658660457094,0.2761783673242957,0.4198413764515842,0.0,0.0,0.0,6990572.570870944,16741.507769086827,165328.52213298067,4714169.049129772,643350.5186438668,0.02577470572959125,0.3200658660457094,0.2761783673242957,0.4198413764515842,0.0,0.0,0.0,6990572.570870944,16741.507769086827,165328.52213298067,4714169.049129772,643350.5186438668,0.02577470572959125,0.3200658660457094,0.2761783673242957,0.4198413764515842
0.0,0.0,0.0,6990572.570870944,16741.507769086827,165328.52213298067,4714169.049129772,643350.5186438668,0.02577470572959125,0.3200658660457094,0.2761783673242957,0.4198413764515842,0.0,0.0,0.0,6990572.570870944,16741.507769086827,165328.52213298067,4714169.049129772,643350.5186438668,0.02577470572959125,0.3200658660457094,0.2761783673242957,0.4198413764515842,0.0,0.0,0.0,6990572.570870944,16741.507769086827,165328.52213298067,4714169.049129772,643350.5186438668,0.02577470572959125,0.3200658660457094,0.2761783673242957,0.4198413764515842,0.0,0.0,0.0,6990572.570870944,16741.507769086827,165328.52213298067,4714169.049129772,643350.5186438668,0.02577470572959125,0.3200658660457094,0.2761783673242957,0.4198413764515842,0.0,0.0,0.0,6990572.570870944,16741.507769086827,165328.52213298067,4714169.049129772,643350.5186438668,0.02577470572959125,0.3200658660457094,0.2761783673242957,0.4198413764515842,0.0,0.0,0.0,6990572.570870944,16741.507769086827,165328.52213298067,4714169.049129772,643350.5186438668,0.02577470572959125,0.3200658660457094,0.2761783673242957,0.4198413764515842
0.0,0.0,0.0,6990572.570870944,16741.507769086827,165328.52213298067,4714169.049129772,643350.5186438668,0.02577470572959125,0.3200658660457094,0.2761783673242957,0.4198413764515842,0.0,0.0,0.0,6990572.570870944,16741.507769086827,165328.52213298067,4714169.049129772,643350.5186438668,0.02577470572959125,0.3200658660457094,0.2761783673242957,0.4198413764515842,0.0,0.0,0.0,6990572.570870944,16741.507769086827,165328.52213298067,4714169.049129772,643350.5186438668,0.02577470572959125,0.3200658660457094,0.2761783673242957,0.4198413764515842,0.0,0.0,0.0,6990572.570870944,16741.507769086827,165328.52213298067,4714169.049129772,643350.5186438668,0.02577470572959125,0.3200658660457094,0.2761783673242957,0.4198413764515842,0.0,0.0,0.0,6990572.570870944,16741.507769086827,165328.52213298067,4714169.049129772,643350.5186438668,0.02577470572959125,0.3200658660457094,0.2761783673242957,0.4198413764515842,0.0,0.0,0.0,6990572.570870944,16741.507769086827,165328.52213298067,4714169.049129772,643350.5186438668,0.02577470572959125,0.3200658660457094,0.2761783673242957,0.4198413764515842
0.0,0.0,0.0,6990572.570870944,16741.507769086827,165328.52213298067,4714169.049129772,643350.5186438668,0.02577470572959125,0.3200658660457094,0.2761783673242957,0.4198413764515842,0.0,0.0,0.0,6990572.570870944,16741.507769086827,165328.52213298067,4714169.049129772,643350.5186438668,0.02577470572959125,0.3200658660457094,0.2761783673242957,0.4198413764515842,0.0,0.0,0.0,6990572.570870944,16741.507769086827,165328.52213298067,4714169.049129772,643350.5186438668,0.02577470572959125,0.3200658660457094,0.2761783673242957,0.4198413764515842,0.0,0.0,0.0,6990572.570870944,16741.507769086827,165328.52213298067,4714169.049129772,643350.5186438668,0.02577470572959125,0.3200658660457094,0.2761783673242957,0.4198413764515842,0.0,0.0,0.0,6990572.570870944,16741.507769086827,165328.52213298067,4714169.049129772,643350.5186438668,0.02577470572959125,0.3200658660457094,0.2761783673242957,0.4198413764515842,0.0,0.0,0.0,6990572.570870944,16741.507769086827,165328.52213298067,4714169.049129772,643350.5186438668,0.02577470572959125,0.3200658660457094,0.2761783673242957,0.4198413764515842
0.0,0.0,0.0,6990572.570870944,16741.507769086827,165328.52213298067,4714169.049129772,643350.5186438668,0.02577470572959125,0.3200658660457094,0.2761783673242957,0.4198413764515842,0.0,0.0,0.0,6990572.570870944,16741.507769086827,165328.52213298067,4714169.049129772,643350.5186438668,0.02577470572959125,0.3200658660457094,0.2761783673242957,0.4198413764515842,0.0,0.0,0.0,6990572.570870944,16741.507769086827,165328.52213298067,4714169.049129772,643350.5186438668,0.02577470572959125,0.3200658660457094,0.2761783673242957,0.4198413764515842,0.0,0.0,0.0,6990572.570870944,16741.507769086827,165328.52213298067,4714169.049129772,643350.5186438668,0.02577470572959125,0.3200658660457094,0.2761783673242957,0.4198413764515842,0.0,0.0,0.0,6990572.570870944,16741.507769086827,165328.52213298067,4714169.049129772,643350.5186438668,0.02577470572959125,0.3200658660457094,0.2761783673242957,0.4198413764515842,0.0,0.0,0.0,6990572.570870944,16741.507769086827,165328.52213298067,4714169.049129772,643350.5186438668,0.02577470572959125,0.3200658660457094,0.2761783673242957,0.4198413764515842
0.0,0.0,0.0,6990572.570870944,16741.507769086827,165328.52213298067,4714169.049129772,643350.5186438668,0.02577470572959125,0.3200658660457094,0.2761783673242957,0.4198413764515842,0.0,0.0,0.0,6990572.570870944,16741.507769086827,165328.52213298067,4714169.049129772,643350.5186438668,0.02577470572959125,0.3200658660457094,0.2761783673242957,0.4198413764515842,0.0,0.0,0.0,6990572.570870944,16741.507769086827,165328.52213298067,4714169.049129772,643350.5186438668,0.02577470572959125,0.3200658660457094,0.2761783673242957,0.4198413764515842,0.0,0.0,0.0,6990572.570870944,16741.507769086827,165328.52213298067,4714169.049129772,643350.5186438668,0.02577470572959125,0.3200658660457094,0.2761783673242957,0.4198413764515842,0.0,0.0,0.0,6990572.570870944,16741.507769086827,165328.52213298067,4714169.049129772,643350.5186438668,0.02577470572959125,0.3200658660457094,0.2761783673242957,0.4198413764515842,0.0,0.0,0.0,6990572.570870944,16741.507769086827,165328.52213298067,4714169.049129772,643350.5186438668,0.02577470572959125,0.3200658660457094,0.2761783673242957,0.4198413764515842
0.0,0.0,0.0,6990572.570870944,16741.507769086827,165328.52213298067,4714169.049129772,643350.5186438668,0.02577470572959125,0.3200658660457094,0.2761783673242957,0.4198413764515842,0.0,0.0,0.0,6990572.570870944,16741.507769086827,165328.52213298067,4714169.049129772,643350.5186438668,0.02577470572959125,0.3200658660457094,0.2761783673242957,0.4198413764515842,0.0,0.0,0.0,6990572.570870944,16741.507769086827,165328.52213298067,4714169.049129772,643350.5186438668,0.02577470572959125,0.3200658660457094,0.2761783673242957,0.4198413764515842,0.0,0.0,0.0,6990572.570870944,16741.507769086827,165328.52213298067,4714169.049129772,643350.5186438668,0.02577470572959125,0.3200658660457094,0.2761783673242957,0.4198413764515842,0.0,0.0,0.0,6990572.570870944,16741.507769086827,165328.52213298067,4714169.049129772,643350.5186438668,0.02577470572959125,0.3200658660457094,0.2761783673242957,0.4198413764515842,0.0,0.0,0.0,6990572.570870944,16741.507769086827,165328.52213298067,4714169.049129772,643350.5186438668,0.02577470572959125,0.3200658660457094,0.2761783673242957,0.4198413764515842
0.0,0.0,0.0,6990572.570870944,16741.507769086827,165328.52213298067,4714169.049129772,643350.5186438668,0.02577470572959125,0.3200658660457094,0.2761783673242957,0.4198413764515842,0.0,0.0,0.0,6990572.570870944,16741.507769086827,165328.52213298067,4714169.049129772,643350.5186438668,0.02577470572959125,0.3200658660457094,0.2761783673242957,0.4198413764515842,0.0,0.0,0.0,6990572.570870944,16741.507769086827,165328.52213298067,4714169.049129772,643350.5186438668,0.02577470572959125,0.3200658660457094,0.2761783673242957,0.4198413764515842,0.0,0.0,0.0,6990572.570870944,16741.507769086827,165328.52213298067,4714169.049129772,643350.5186438668,0.02577470572959125,0.3200658660457094,0.2761783673242957,0.4198413764515842,0.0,0.0,0.0,6990572.570870944,16741.507769086827,165328.52213298067,4714169.049129772,643350.5186438668,0.02577470572959125,0.3200658660457094,0.2761783673242957,0.4198413764515842,0.0,0.0,0.0,6990572.570870944,16741.507769086827,165328.52213298067,4714169.049129772,643350.5186438668,0.02577470572959125,0.3200658660457094,0.2761783673242957,0.4198413764515842
0.0,0.0,0.0,6990572.570870944,16741.507769086827,165328.52213298067,4714169.049129772,643350.5186438668,0.02577470572959125,0.3200658660457094,0.2761783673242957,0.4198413764515842,0.0,0.0,0.0,6990572.570870944,16741.507769086827,165328.52213298067,4714169.049129772,643350.5186438668,0.02577470572959125,0.3200658660457094,0.2761783673242957,0.4198413764515842,0.0,0.0,0.0,6990572.570870944,16741.507769086827,165328.52213298067,4714169.049129772,643350.5186438668,0.02577470572959125,0.3200658660457094,0.2761783673242957,0.4198413764515842,0.0,0.0,0.0,6990572.570870944,16741.507769086827,165328.52213298067,4714169.049129772,643350.5186438668,0.02577470572959125,0.3200658660457094,0.2761783673242957,0.4198413764515842,0.0,0.0,0.0,6990572.570870944,16741.507769086827,165328.52213298067,4714169.049129772,643350.5186438668,0.02577470572959125,0.3200658660457094,0.2761783673242957,0.4198413764515842,0.0,0.0,0.0,6990572.570870944,16741.507769086827,165328.52213298067,4714169.049129772,643350.5186438668,0.02577470572959125,0.3200658660457094,0.2761783673242957,0.4198413764515842
0.0,0.0,0.0,6990572.570870944,16741.507769086827,165328.52213298067,4714169.049129772,643350.5186438668,0.02577470572959125,0.3200658660457094,0.2761783673242957,0.4198413764515842,0.0,0.0,0.0,6990572.570870944,16741.507769086827,165328.52213298067,4714169.049129772,643350.5186438668,0.02577470572959125,0.3200658660457094,0.2761783673242957,0.4198413764515842,0.0,0.0,0.0,6990572.570870944,16741.507769086827,165328.52213298067,4714169.049129772,643350.5186438668,0.02577470572959125,0.3200658660457094,0.2761783673242957,0.4198413764515842,0.0,0.0,0.0,6990572.570870944,16741.507769086827,165328.52213298067,4714169.049129772,643350.5186438668,0.02577470572959125,0.3200658660457094,0.2761783673242957,0.4198413764515842,0.0,0.0,0.0,6990572.570870944,16741.507769086827,165328.52213298067,4714169.049129772,643350.5186438668,0.02577470572959125,0.3200658660457094,0.2761783673242957,0.4198413764515842,0.0,0.0,0.0,6990572.570870944,16741.507769086827,165328.52213298067,4714169.049129772,643350.5186438668,0.02577470572959125,0.3200658660457094,0.2761783673242957,0.4198413764515842
0.0,0.0,0.0,6990572.570870944,16741.507769086827,165328.52213298067,4714169.049129772,643350.5186438668,0.02577470572959125,0.3200658660457094,0.2761783673242957,0.4198413764515842,0.0,0.0,0.0,6990572.570870944,16741.507769086827,165328.52213298067,4714169.049129772,643350.5186438668,0.02577470572959125,0.3200658660457094,0.2761783673242957,0.4198413764515842,0.0,0.0,0.0,6990572.570870944,16741.507769086827,165328.52213298067,4714169.049129772,643350.5186438668,0.02577470572959125,0.3200658660457094,0.2761783673242957,0.4198413764515842,0.0,0.0,0.0,6990572.570870944,16741.507769086827,165328.52213298067,4714169.049129772,643350.5186438668,0.02577470572959125,0.3200658660457094,0.2761783673242957,0.4198413764515842,0.0,0.0,0.0,6990572.570870944,16741.507769086827,165328.52213298067,4714169.049129772,643350.5186438668,0.02577470572959125,0.3200658660457094,0.2761783673242957,0.4198413764515842,0.0,0.0,0.0,6990572.570870944,16741.507769086827,165328.52213298067,4714169.049129772,643350.5186438668,0.02577470572959125,0.3200658660457094,0.2761783673242957,0.4198413764515842
0.0,0.0,0.0,6990572.570870944,16741.507769086827,165328.52213298067,4714169.049129772,643350.5186438668,0.02577470572959125,0.3200658660457094,0.2761783673242957,0.4198413764515842,0.0,0.0,0.0,6990572.570870944,16741.507769086827,165328.52213298067,4714169.049129772,643350.5186438668,0.02577470572959125,0.3200658660457094,0.2761783673242957,0.4198413764515842,0.0,0.0,0.0,6990572.570870944,16741.507769086827,165328.52213298067,4714169.049129772,643350.5186438668,0.02577470572959125,0.3200658660457094,0.2761783673242957,0.4198413764515842,0.0,0.0,0.0,6990572.570870944,16741.507769086827,165328.52213298067,4714169.049129772,643350.5186438668,0.02577470572959125,0.3200658660457094,0.2761783673242957,0.4198413764515842,0.0,0.0,0.0,6990572.570870944,16741.507769086827,165328.52213298067,4714169.049129772,643350.5186438668,0.02577470572959125,0.3200658660457094,0.2761783673242957,0.4198413764515842,0.0,0.0,0.0,6990572.570870944,16741.507769086827,165328.52213298067,4714169.049129772,643350.5186438668,0.02577470572959125,0.3200658660457094,0.2761783673242957,0.4198413764515842
0.0,0.0,0.0,6990572.570870944,16741.507769086827,165328.52213298067,4714169.049129772,643350.5186438668,0.02577470572959125,0.3200658660457094,0.2761783673242957,0.4198413764515842,0.0,0.0,0.0,6990572.570870944,16741.507769086827,165328.52213298067,4714169.049129772,643350.5186438668,0.02577470572959125,0.3200658660457094,0.2761783673242957,0.4198413764515842,0.0,0.0,0.0,6990572.570870944,16741.507769086827,165328.52213298067,4714169.049129772,643350.5186438668,0.02577470572959125,0.3200658660457094,0.2761783673242957,0.4198413764515842,0.0,0.0,0.0,6990572.570870944,16741.507769086827,165328.52213298067,4714169.049129772,643350.5186438668,0.02577470572959125,0.3200658660457094,0.2761783673242957,0.4198413764515842,0.0,0.0,0.0,6990572.570870944,16741.507769086827,165328.52213298067,4714169.049129772,643350.5186438668,0.02577470572959125,0.3200658660457094,0.2761783673242957,0.4198413764515842,0.0,0.0,0.0,6990572.570870944,16741.507769086827,165328.52213298067,4714169.049129772,643350.5186438668,0.02577470572959125,0.3200658660457094,0.2761783673242957,0.4198413764515842
0.0,0.0,0.0,6990572.570870944,16741.507769086827,165328.52213298067,4714169.049129772,643350.5186438668,0.02577470572959125,0.3200658660457094,0.2761783673242957,0.4198413764515842,0.0,0.0,0.0,6990572.570870944,16741.507769086827,165328.52213298067,4714169.049129772,643350.5186438668,0.02577470572959125,0.3200658660457094,0.2761783673242957,0.4198413764515842,0.0,0.0,0.0,6990572.570870944,16741.507769086827,165328.52213298067,4714169.049129772,643350.5186438668,0.02577470572959125,0.3200658660457094,0.2761783673242957,0.4198413764515842,0.0,0.0,0.0,6990572.570870944,16741.507769086827,165328.52213298067,4714169.049129772,643350.5186438668,0.02577470572959125,0.3200658660457094,0.2761783673242957,0.4198413764515842,0.0,0.0,0.0,6990572.570870944,16741.507769086827,165328.52213298067,4714169.049129772,643350.5186438668,0.02577470572959125,0.3200658660457094,0.2761783673242957,0.4198413764515842,0.0,0.0,0.0,6990572.570870944,16741.507769086827,165328.52213298067,4714169.049129772,643350.5186438668,0.02577470572959125,0.3200658660457094,0.2761783673242957,0.4198413764515842
0.0,0.0,0.0,6990572.570870944,16741.507769086827,165328.52213298067,4714169.049129772,643350.5186438668,0.02577470572959125,0.3200658660457094,0.2761783673242957,0.4198413764515842,0.0,0.0,0.0,6990572.570870944,16741.507769086827,165328.52213298067,4714169.049129772,643350.5186438668,0.02577470572959125,0.3200658660457094,0.2761783673242957,0.4198413764515842,0.0,0.0,0.0,6990572.570870944,16741.507769086827,165328.52213298067,4714169.049129772,643350.5186438668,0.02577470572959125,0.3200658660457094,0.2761783673242957,0.4198413764515842,0.0,0.0,0.0,6990572.570870944,16741.507769086827,165328.52213298067,4714169.049129772,643350.5186438668,0.02577470572959125,0.3200658660457094,0.2761783673242957,0.4198413764515842,0.0,0.0,0.0,6990572.570870944,16741.507769086827,165328.52213298067,4714169.049129772,643350.5186438668,0.02577470572959125,0.3200658660457094,0.2761783673242957,0.4198413764515842,0.0,0.0,0.0,6990572.570870944,16741.507769086827,165328.52213298067,4714169.049129772,643350.5186438668,0.02577470572959125,0.3200658660457094,0.2761783673242957,0.4198413764515842
0.0,0.0,0.0,6990572.570870944,16741.507769086827,165328.52213298067,4714169.049129772,643350.5186438668,0.02577470572959125,0.3200658660457094,0.2761783673242957,0.4198413764515842,0.0,0.0,0.0,6990572.570870944,16741.507769086827,165328.52213298067,4714169.049129772,643350.5186438668,0.02577470572959125,0.3200658660457094,0.2761783673242957,0.4198413764515842,0.0,0.0,0.0,6990572.570870944,16741.507769086827,165328.52213298067,4714169.049129772,643350.5186438668,0.02577470572959125,0.3200658660457094,0.2761783673242957,0.4198413764515842,0.0,0.0,0.0,6990572.570870944,16741.507769086827,165328.52213298067,4714169.049129772,643350.5186438668,0.02577470572959125,0.3200658660457094,0.2761783673242957,0.4198413764515842,0.0,0.0,0.0,6990572.570870944,16741.507769086827,165328.52213298067,4714169.049129772,643350.5186438668,0.02577470572959125,0.3200658660457094,0.2761783673242957,0.4198413764515842,0.0,0.0,0.0,6990572.570870944,16741.507769086827,165328.52213298067,4714169.049129772,643350.5186438668,0.02577470572959125,0.3200658660457094,0.2761783673242957,0.4198413764515842
0.0,0.0,0.0,6990572.570870944,16741.507769086827,165328.52213298067,4714169.049129772,643350.5186438668,0.02577470572959125,0.3200658660457094,0.2761783673242957,0.4198413764515842,0.0,0.0,0.0,6990572.570870944,16741.507769086827,165328.52213298067,4714169.049129772,643350.5186438668,0.02577470572959125,0.3200658660457094,0.2761783673242957,0.4198413764515842,0.0,0.0,0.0,6990572.570870944,16741.507769086827,165328.52213298067,4714169.049129772,643350.5186438668,0.02577470572959125,0.3200658660457094,0.2761783673242957,0.4198413764515842,0.0,0.0,0.0,6990572.570870944,16741.507769086827,165328.52213298067,4714169.049129772,643350.5186438668,0.02577470572959125,0.3200658660457094,0.2761783673242957,0.4198413764515842,0.0,0.0,0.0,6990572.570870944,16741.507769086827,165328.52213298067,4714169.049129772,643350.5186438668,0.02577470572959125,0.3200658660457094,0.2761783673242957,0.4198413764515842,0.0,0.0,0.0,6990572.570870944,16741.507769086827,165328.52213298067,4714169.049129772,643350.5186438668,0.02577470572959125,0.3200658660457094,0.2761783673242957,0.4198413764515842
0.0,0.0,0.0,6990572.570870944,16741.507769086827,165328.52213298067,4714169.049129772,643350.5186438668,0.02577470572959125,0.3200658660457094,0.2761783673242957,0.4198413764515842,0.0,0.0,0.0,6990572.570870944,16741.507769086827,165328.52213298067,4714169.049129772,643350.5186438668,0.02577470572959125,0.3200658660457094,0.2761783673242957,0.4198413764515842,0.0,0.0,0.0,6990572.570870944,16741.507769086827,165328.52213298067,4714169.049129772,643350.5186438668,0.02577470572959125,0.3200658660457094,0.2761783673242957,0.4198413764515842,0.0,0.0,0.0,6990572.570870944,16741.507769086827,165328.52213298067,4714169.049129772,643350.5186438668,0.02577470572959125,0.3200658660457094,0.2761783673242957,0.4198413764515842,0.0,0.0,0.0,6990572.570870944,16741.507769086827,165328.52213298067,4714169.049129772,643350.5186438668,0.02577470572959125,0.3200658660457094,0.2761783673242957,0.4198413764515842,0.0,0.0,0.0,6990572.570870944,16741.507769086827,165328.52213298067,4714169.049129772,643350.5186438668,0.02577470572959125,0.3200658660457094,0.2761783673242957,0.4198413764515842
0.0,0.0,0.0,6990572.570870944,16741.507769086827,165328.52213298067,4714169.049129772,643350.5186438668,0.02577470572959125,0.3200658660457094,0.2761783673242957,0.4198413764515842,0.0,0.0,0.0,6990572.570870944,16741.507769086827,165328.52213298067,4714169.049129772,643350.5186438668,0.02577470572959125,0.3200658660457094,0.2761783673242957,0.4198413764515842,0.0,0.0,0.0,6990572.570870944,16741.507769086827,165328.52213298067,4714169.049129772,643350.5186438668,0.02577470572959125,0.3200658660457094,0.2761783673242957,0.4198413764515842,0.0,0.0,0.0,6990572.570870944,16741.507769086827,165328.52213298067,4714169.049129772,643350.5186438668,0.02577470572959125,0.3200658660457094,0.2761783673242957,0.4198413764515842,0.0,0.0,0.0,6990572.570870944,16741.507769086827,165328.52213298067,4714169.049129772,643350.5186438668,0.02577470572959125,0.3200658660457094,0.2761783673242957,0.4198413764515842,0.0,0.0,0.0,6990572.570870944,16741.507769086827,165328.52213298067,4714169.049129772,643350.5186438668,0.02577470572959125,0.3200658660457094,0.2761783673242957,0.4198413764515842
0.0,0.0,0.0,6990572.570870944,16741.507769086827,165328.52213298067,4714169.049129772,643350.5186438668,0.02577470572959125,0.3200658660457094,0.2761783673242957,0.4198413764515842,0.0,0.0,0.0,6990572.570870944,16741.507769086827,165328.52213298067,4714169.049129772,643350.5186438668,0.02577470572959125,0.3200658660457094,0.2761783673242957,0.4198413764515842,0.0,0.0,0.0,6990572.570870944,16741.507769086827,165328.52213298067,4714169.049129772,643350.5186438668,0.02577470572959125,0.3200658660457094,0.2761783673242957,0.4198413764515842,0.0,0.0,0.0,6990572.570870944,16741.507769086827,165328.52213298067,4714169.049129772,643350.5186438668,0.02577470572959125,0.3200658660457094,0.2761783673242957,0.4198413764515842,0.0,0.0,0.0,6990572.570870944,16741.507769086827,165328.52213298067,4714169.049129772,643350.5186438668,0.02577470572959125,0.3200658660457094,0.2761783673242957,0.4198413764515842,0.0,0.0,0.0,6990572.570870944,16741.507769086827,165328.52213298067,4714169.049129772,643350.5186438668,0.02577470572959125,0.3200658660457094,0.2761783673242957,0.4198413764515842
0.0,0.0,0.0,6990572.570870944,16741.507769086827,165328.52213298067,4714169.049129772,643350.5186438668,0.02577470572959125,0.3200658660457094,0.2761783673242957,0.4198413764515842,0.0,0.0,0.0,6990572.570870944,16741.507769086827,165328.52213298067,4714169.049129772,643350.5186438668,0.02577470572959125,0.3200658660457094,0.2761783673242957,0.4198413764515842,0.0,0.0,0.0,6990572.570870944,16741.507769086827,165328.52213298067,4714169.049129772,643350.5186438668,0.02577470572959125,0.3200658660457094,0.2761783673242957,0.4198413764515842,0.0,0.0,0.0,6990572.570870944,16741.507769086827,165328.52213298067,4714169.049129772,643350.5186438668,0.02577470572959125,0.3200658660457094,0.2761783673242957,0.4198413764515842,0.0,0.0,0.0,6990572.570870944,16741.507769086827,165328.52213298067,4714169.049129772,643350.5186438668,0.02577470572959125,0.3200658660457094,0.2761783673242957,0.4198413764515842,0.0,0.0,0.0,6990572.570870944,16741.507769086827,165328.52213298067,4714169.049129772,643350.5186438668,0.02577470572959125,0.3200658660457094,0.2761783673242957,0.4198413764515842
0.0,0.0,0.0,6990572.570870944,16741.507769086827,165328.52213298067,4714169.049129772,643350.5186438668,0.02577470572959125,0.3200658660457094,0.2761783673242957,0.4198413764515842,0.0,0.0,0.0,6990572.570870944,16741.507769086827,165328.52213298067,4714169.049129772,643350.5186438668,0.02577470572959125,0.3200658660457094,0.2761783673242957,0.4198413764515842,0.0,0.0,0.0,6990572.570870944,16741.507769086827,165328.52213298067,4714169.049129772,643350.5186438668,0.02577470572959125,0.3200658660457094,0.2761783673242957,0.4198413764515842,0.0,0.0,0.0,6990572.570870944,16741.507769086827,165328.52213298067,4714169.049129772,643350.5186438668,0.02577470572959125,0.3200658660457094,0.2761783673242957,0.4198413764515842,0.0,0.0,0.0,6990572.570870944,16741.507769086827,165328.52213298067,4714169.049129772,643350.5186438668,0.02577470572959125,0.3200658660457094,0.2761783673242957,0.4198413764515842,0.0,0.0,0.0,6990572.570870944,16741.507769086827,165328.52213298067,4714169.049129772,643350.5186438668,0.02577470572959125,0.3200658660457094,0.2761783673242957,0.4198413764515842
0.0,0.0,0.0,6990572.570870944,16741.507769086827,165328.52213298067,4714169.049129772,643350.5186438668,0.02577470572959125,0.3200658660457094,0.2761783673242957,0.4198413764515842,0.0,0.0,0.0,6990572.570870944,16741.507769086827,165328.52213298067,4714169.049129772,643350.5186438668,0.02577470572959125,0.3200658660457094,0.2761783673242957,0.4198413764515842,0.0,0.0,0.0,6990572.570870944,16741.507769086827,165328.52213298067,4714169.049129772,643350.5186438668,0.02577470572959125,0.3200658660457094,0.2761783673242957,0.4198413764515842,0.0,0.0,0.0,6990572.570870944,16741.507769086827,165328.52213298067,4714169.049129772,643350.5186438668,0.02577470572959125,0.3200658660457094,0.2761783673242957,0.4198413764515842,0.0,0.0,0.0,6990572.570870944,16741.507769086827,165328.52213298067,4714169.049129772,643350.5186438668,0.02577470572959125,0.3200658660457094,0.2761783673242957,0.4198413764515842,0.0,0.0,0.0,6990572.570870944,16741.507769086827,165328.52213298067,4714169.049129772,643350.5186438668,0.02577470572959125,0.3200658660457094,0.2761783673242957,0.4198413764515842
0.0,0.0,0.0,6990572.570870944,16741.507769086827,165328.52213298067,4714169.049129772,643350.5186438668,0.02577470572959125,0.3200658660457094,0.2761783673242957,0.4198413764515842,0.0,0.0,0.0,6990572.570870944,16741.507769086827,165328.52213298067,4714169.049129772,643350.5186438668,0.02577470572959125,0.3200658660457094,0.2761783673242957,0.4198413764515842,0.0,0.0,0.0,6990572.570870944,16741.507769086827,165328.52213298067,4714169.049129772,643350.5186438668,0.02577470572959125,0.3200658660457094,0.2761783673242957,0.4198413764515842,0.0,0.0,0.0,6990572.570870944,16741.507769086827,165328.52213298067,4714169.049129772,643350.5186438668,0.02577470572959125,0.3200658660457094,0.2761783673242957,0.4198413764515842,0.0,0.0,0.0,6990572.570870944,16741.507769086827,165328.52213298067,4714169.049129772,643350.5186438668,0.02577470572959125,0.3200658660457094,0.2761783673242957,0.4198413764515842,0.0,0.0,0.0,6990572.570870944,16741.507769086827,165328.52213298067,4714169.049129772,643350.5186438668,0.02577470572959125,0.3200658660457094,0.2761783673242957,0.4198413764515842
0.0,0.0,0.0,6990572.570870944,16741.507769086827,165328.52213298067,4714169.049129772,643350.5186438668,0.02577470572959125,0.3200658660457094,0.2761783673242957,0.4198413764515842,0.0,0.0,0.0,6990572.570870944,16741.507769086827,165328.52213298067,4714169.049129772,643350.5186438668,0.02577470572959125,0.3200658660457094,0.2761783673242957,0.4198413764515842,0.0,0.0,0.0,6990572.570870944,16741.507769086827,165328.52213298067,4714169.049129772,643350.5186438668,0.02577470572959125,0.3200658660457094,0.2761783673242957,0.4198413764515842,0.0,0.0,0.0,6990572.570870944,16741.507769086827,165328.52213298067,4714169.049129772,643350.5186438668,0.02577470572959125,0.3200658660457094,0.2761783673242957,0.4198413764515842,0.0,0.0,0.0,6990572.570870944,16741.507769086827,165328.52213298067,4714169.049129772,643350.5186438668,0.02577470572959125,0.3200658660457094,0.2761783673242957,0.4198413764515842,0.0,0.0,0.0,6990572.570870944,16741.507769086827,165328.52213298067,4714169.049129772,643350.5186438668,0.02577470572959125,0.3200658660457094,0.2761783673242957,0.4198413764515842
0.0,0.0,0.0,6990572.570870944,16741.507769086827,165328.52213298067,4714169.049129772,643350.5186438668,0.02577470572959125,0.3200658660457094,0.2761783673242957,0.4198413764515842,0.0,0.0,0.0,6990572.570870944,16741.507769086827,165328.52213298067,4714169.049129772,643350.5186438668,0.02577470572959125,0.3200658660457094,0.2761783673242957,0.4198413764515842,0.0,0.0,0.0,6990572.570870944,16741.507769086827,165328.52213298067,4714169.049129772,643350.5186438668,0.02577470572959125,0.3200658660457094,0.2761783673242957,0.4198413764515842,0.0,0.0,0.0,6990572.570870944,16741.507769086827,165328.52213298067,4714169.049129772,643350.5186438668,0.02577470572959125,0.3200658660457094,0.2761783673242957,0.4198413764515842,0.0,0.0,0.0,6990572.570870944,16741.507769086827,165328.52213298067,4714169.049129772,643350.5186438668,0.02577470572959125,0.3200658660457094,0.2761783673242957,0.4198413764515842,0.0,0.0,0.0,6990572.570870944,16741.507769086827,165328.52213298067,4714169.049129772,643350.5186438668,0.02577470572959125,0.3200658660457094,0.2761783673242957,0.4198413764515842
0.0,0.0,0.0,6990572.570870944,16741.507769086827,165328.52213298067,4714169.049129772,643350.5186438668,0.02577470572959125,0.3200658660457094,0.2761783673242957,0.4198413764515842,0.0,0.0,0.0,6990572.570870944,16741.507769086827,165328.52213298067,4714169.049129772,643350.5186438668,0.02577470572959125,0.3200658660457094,0.2761783673242957,0.4198413764515842,0.0,0.0,0.0,6990572.570870944,16741.507769086827,165328.52213298067,4714169.049129772,643350.5186438668,0.02577470572959125,0.3200658660457094,0.2761783673242957,0.4198413764515842,0.0,0.0,0.0,6990572.570870944,16741.507769086827,165328.52213298067,4714169.049129772,643350.5186438668,0.02577470572959125,0.3200658660457094,0.2761783673242957,0.4198413764515842,0.0,0.0,0.0,6990572.570870944,16741.507769086827,165328.52213298067,4714169.049129772,643350.5186438668,0.02577470572959125,0.3200658660457094,0.2761783673242957,0.4198413764515842,0.0,0.0,0.0,6990572.570870944,16741.507769086827,165328.52213298067,4714169.049129772,643350.5186438668,0.02577470572959125,0.3200658660457094,0.2761783673242957,0.4198413764515842
0.0,0.0,0.0,6990572.570870944,16741.507769086827,165328.52213298067,4714169.049129772,643350.5186438668,0.02577470572959125,0.3200658660457094,0.2761783673242957,0.4198413764515842,0.0,0.0,0.0,6990572.570870944,16741.507769086827,165328.52213298067,4714169.049129772,643350.5186438668,0.02577470572959125,0.3200658660457094,0.2761783673242957,0.4198413764515842,0.0,0.0,0.0,6990572.570870944,16741.507769086827,165328.52213298067,4714169.049129772,643350.5186438668,0.02577470572959125,0.3200658660457094,0.2761783673242957,0.4198413764515842,0.0,0.0,0.0,6990572.570870944,16741.507769086827,165328.52213298067,4714169.049129772,643350.5186438668,0.02577470572959125,0.3200658660457094,0.2761783673242957,0.4198413764515842,0.0,0.0,0.0,6990572.570870944,16741.507769086827,165328.52213298067,4714169.049129772,643350.5186438668,0.02577470572959125,0.3200658660457094,0.2761783673242957,0.4198413764515842,0.0,0.0,0.0,6990572.570870944,16741.507769086827,165328.52213298067,4714169.049129772,643350.5186438668,0.02577470572959125,0.3200658660457094,0.2761783673242957,0.4198413764515842
0.0,0.0,0.0,6990572.570870944,16741.507769086827,165328.52213298067,4714169.049129772,643350.5186438668,0.02577470572959125,0.3200658660457094,0.2761783673242957,0.4198413764515842,0.0,0.0,0.0,6990572.570870944,16741.507769086827,165328.52213298067,4714169.049129772,643350.5186438668,0.02577470572959125,0.3200658660457094,0.2761783673242957,0.4198413764515842,0.0,0.0,0.0,6990572.570870944,16741.507769086827,165328.52213298067,4714169.049129772,643350.5186438668,0.02577470572959125,0.3200658660457094,0.2761783673242957,0.4198413764515842,0.0,0.0,0.0,6990572.570870944,16741.507769086827,165328.52213298067,4714169.049129772,643350.5186438668,0.02577470572959125,0.3200658660457094,0.2761783673242957,0.4198413764515842,0.0,0.0,0.0,6990572.570870944,16741.507769086827,165328.52213298067,4714169.049129772,643350.5186438668,0.02577470572959125,0.3200658660457094,0.2761783673242957,0.4198413764515842,0.0,0.0,0.0,6990572.570870944,16741.507769086827,165328.52213298067,4714169.049129772,643350.5186438668,0.02577470572959125,0.3200658660457094,0.2761783673242957,0.4198413764515842
0.0,0.0,0.0,6990572.570870944,16741.507769086827,165328.52213298067,4714169.049129772,643350.5186438668,0.02577470572959125,0.3200658660457094,0.2761783673242957,0.4198413764515842,0.0,0.0,0.0,6990572.570870944,16741.507769086827,165328.52213298067,4714169.049129772,643350.5186438668,0.02577470572959125,0.3200658660457094,0.2761783673242957,0.4198413764515842,0.0,0.0,0.0,6990572.570870944,16741.507769086827,165328.52213298067,4714169.049129772,643350.5186438668,0.02577470572959125,0.3200658660457094,0.2761783673242957,0.4198413764515842,0.0,0.0,0.0,6990572.570870944,16741.507769086827,165328.52213298067,4714169.049129772,643350.5186438668,0.02577470572959125,0.3200658660457094,0.2761783673242957,0.4198413764515842,0.0,0.0,0.0,6990572.570870944,16741.507769086827,165328.52213298067,4714169.049129772,643350.5186438668,0.02577470572959125,0.3200658660457094,0.2761783673242957,0.4198413764515842,0.0,0.0,0.0,6990572.570870944,16741.507769086827,165328.52213298067,4714169.049129772,643350.5186438668,0.02577470572959125,0.3200658660457094,0.2761783673242957,0.4198413764515842
0.0,0.0,0.0,6990572.570870944,16741.507769086827,165328.52213298067,4714169.049129772,643350.5186438668,0.02577470572959125,0.3200658660457094,0.2761783673242957,0.4198413764515842,0.0,0.0,0.0,6990572.570870944,16741.507769086827,165328.52213298067,4714169.049129772,643350.5186438668,0.02577470572959125,0.3200658660457094,0.2761783673242957,0.4198413764515842,0.0,0.0,0.0,6990572.570870944,16741.507769086827,165328.52213298067,4714169.049129772,643350.5186438668,0.02577470572959125,0.3200658660457094,0.2761783673242957,0.4198413764515842,0.0,0.0,0.0,6990572.570870944,16741.507769086827,165328.52213298067,4714169.049129772,643350.5186438668,0.02577470572959125,0.3200658660457094,0.2761783673242957,0.4198413764515842,0.0,0.0,0.0,6990572.570870944,16741.507769086827,165328.52213298067,4714169.049129772,643350.5186438668,0.02577470572959125,0.3200658660457094,0.2761783673242957,0.4198413764515842,0.0,0.0,0.0,6990572.570870944,16741.507769086827,165328.52213298067,4714169.049129772,643350.5186438668,0.02577470572959125,0.3200658660457094,0.2761783673242957,0.4198413764515842
0.0,0.0,0.0,6990572.570870944,16741.507769086827,165328.52213298067,4714169.049129772,643350.5186438668,0.02577470572959125,0.3200658660457094,0.2761783673242957,0.4198413764515842,0.0,0.0,0.0,6990572.570870944,16741.507769086827,165328.52213298067,4714169.049129772,643350.5186438668,0.02577470572959125,0.3200658660457094,0.2761783673242957,0.4198413764515842,0.0,0.0,0.0,6990572.570870944,16741.507769086827,165328.52213298067,4714169.049129772,643350.5186438668,0.02577470572959125,0.3200658660457094,0.2761783673242957,0.4198413764515842,0.0,0.0,0.0,6990572.570870944,16741.507769086827,165328.52213298067,4714169.049129772,643350.5186438668,0.02577470572959125,0.3200658660457094,0.2761783673242957,0.4198413764515842,0.0,0.0,0.0,6990572.570870944,16741.507769086827,165328.52213298067,4714169.049129772,643350.5186438668,0.02577470572959125,0.3200658660457094,0.2761783673242957,0.4198413764515842,0.0,0.0,0.0,6990572.570870944,16741.507769086827,165328.52213298067,4714169.049129772,643350.5186438668,0.02577470572959125,0.3200658660457094,0.2761783673242957,0.4198413764515842
0.0,0.0,0.0,6990572.570870944,16741.507769086827,165328.52213298067,4714169.049129772,643350.5186438668,0.02577470572959125,0.3200658660457094,0.2761783673242957,0.4198413764515842,0.0,0.0,0.0,6990572.570870944,16741.507769086827,165328.52213298067,4714169.049129772,643350.5186438668,0.02577470572959125,0.3200658660457094,0.2761783673242957,0.4198413764515842,0.0,0.0,0.0,6990572.570870944,16741.507769086827,165328.52213298067,4714169.049129772,643350.5186438668,0.02577470572959125,0.3200658660457094,0.2761783673242957,0.4198413764515842,0.0,0.0,0.0,6990572.570870944,16741.507769086827,165328.52213298067,4714169.049129772,643350.5186438668,0.02577470572959125,0.3200658660457094,0.2761783673242957,0.4198413764515842,0.0,0.0,0.0,6990572.570870944,16741.507769086827,165328.52213298067,4714169.049129772,643350.5186438668,0.02577470572959125,0.3200658660457094,0.2761783673242957,0.4198413764515842,0.0,0.0,0.0,6990572.570870944,16741.507769086827,165328.52213298067,4714169.049129772,643350.5186438668,0.02577470572959125,0.3200658660457094,0.2761783673242957,0.4198413764515842
0.0,0.0,0.0,6990572.570870944,16741.507769086827,165328.52213298067,4714169.049129772,643350.5186438668,0.02577470572959125,0.3200658660457094,0.2761783673242957,0.4198413764515842,0.0,0.0,0.0,6990572.570870944,16741.507769086827,165328.52213298067,4714169.049129772,643350.5186438668,0.02577470572959125,0.3200658660457094,0.2761783673242957,0.4198413764515842,0.0,0.0,0.0,6990572.570870944,16741.507769086827,165328.52213298067,4714169.049129772,643350.5186438668,0.02577470572959125,0.3200658660457094,0.2761783673242957,0.4198413764515842,0.0,0.0,0.0,6990572.570870944,16741.507769086827,165328.52213298067,4714169.049129772,643350.5186438668,0.02577470572959125,0.3200658660457094,0.2761783673242957,0.4198413764515842,0.0,0.0,0.0,6990572.570870944,16741.507769086827,165328.52213298067,4714169.049129772,643350.5186438668,0.02577470572959125,0.3200658660457094,0.2761783673242957,0.4198413764515842,0.0,0.0,0.0,6990572.570870944,16741.507769086827,165328.52213298067,4714169.049129772,643350.5186438668,0.02577470572959125,0.3200658660457094,0.2761783673242957,0.4198413764515842
0.0,0.0,0.0,6990572.570870944,16741.507769086827,165328.52213298067,4714169.049129772,643350.5186438668,0.02577470572959125,0.3200658660457094,0.2761783673242957,0.4198413764515842,0.0,0.0,0.0,6990572.570870944,16741.507769086827,165328.52213298067,4714169.049129772,643350.5186438668,0.02577470572959125,0.3200658660457094,0.2761783673242957,0.4198413764515842,0.0,0.0,0.0,6990572.570870944,16741.507769086827,165328.52213298067,4714169.049129772,643350.5186438668,0.02577470572959125,0.3200658660457094,0.2761783673242957,0.4198413764515842,0.0,0.0,0.0,6990572.570870944,16741.507769086827,165328.52213298067,4714169.049129772,643350.5186438668,0.02577470572959125,0.3200658660457094,0.2761783673242957,0.4198413764515842,0.0,0.0,0.0,6990572.570870944,16741.507769086827,165328.52213298067,4714169.049129772,643350.5186438668,0.02577470572959125,0.3200658660457094,0.2761783673242957,0.4198413764515842,0.0,0.0,0.0,6990572.570870944,16741.507769086827,165328.52213298067,4714169.049129772,643350.5186438668,0.02577470572959125,0.3200658660457094,0.2761783673242957,0.4198413764515842
0.0,0.0,0.0,6990572.570870944,16741.507769086827,165328.52213298067,4714169.049129772,643350.5186438668,0.02577470572959125,0.3200658660457094,0.2761783673242957,0.4198413764515842,0.0,0.0,0.0,6990572.570870944,16741.507769086827,165328.52213298067,4714169.049129772,643350.5186438668,0.02577470572959125,0.3200658660457094,0.2761783673242957,0.4198413764515842,0.0,0.0,0.0,6990572.570870944,16741.507769086827,165328.52213298067,4714169.049129772,643350.5186438668,0.02577470572959125,0.3200658660457094,0.2761783673242957,0.4198413764515842,0.0,0.0,0.0,6990572.570870944,16741.507769086827,165328.52213298067,4714169.049129772,643350.5186438668,0.02577470572959125,0.3200658660457094,0.2761783673242957,0.4198413764515842,0.0,0.0,0.0,6990572.570870944,16741.507769086827,165328.52213298067,4714169.049129772,643350.5186438668,0.02577470572959125,0.3200658660457094,0.2761783673242957,0.4198413764515842,0.0,0.0,0.0,6990572.570870944,16741.507769086827,165328.52213298067,4714169.049129772,643350.5186438668,0.02577470572959125,0.3200658660457094,0.2761783673242957,0.4198413764515842
0.0,0.0,0.0,6990572.570870944,16741.507769086827,165328.52213298067,4714169.049129772,643350.5186438668,0.02577470572959125,0.3200658660457094,0.2761783673242957,0.4198413764515842,0.0,0.0,0.0,6990572.570870944,16741.507769086827,165328.52213298067,4714169.049129772,643350.5186438668,0.02577470572959125,0.3200658660457094,0.2761783673242957,0.4198413764515842,0.0,0.0,0.0,6990572.570870944,16741.507769086827,165328.52213298067,4714169.049129772,643350.5186438668,0.02577470572959125,0.3200658660457094,0.2761783673242957,0.4198413764515842,0.0,0.0,0.0,6990572.570870944,16741.507769086827,165328.52213298067,4714169.049129772,643350.5186438668,0.02577470572959125,0.3200658660457094,0.2761783673242957,0.4198413764515842,0.0,0.0,0.0,6990572.570870944,16741.507769086827,165328.52213298067,4714169.049129772,643350.5186438668,0.02577470572959125,0.3200658660457094,0.2761783673242957,0.4198413764515842,0.0,0.0,0.0,6990572.570870944,16741.507769086827,165328.52213298067,4714169.049129772,643350.5186438668,0.02577470572959125,0.3200658660457094,0.2761783673242957,0.4198413764515842
0.0,0.0,0.0,6990572.570870944,16741.507769086827,165328.52213298067,4714169.049129772,643350.5186438668,0.02577470572959125,0.3200658660457094,0.2761783673242957,0.4198413764515842,0.0,0.0,0.0,6990572.570870944,16741.507769086827,165328.52213298067,4714169.049129772,643350.5186438668,0.02577470572959125,0.3200658660457094,0.2761783673242957,0.4198413764515842,0.0,0.0,0.0,6990572.570870944,16741.507769086827,165328.52213298067,4714169.049129772,643350.5186438668,0.02577470572959125,0.3200658660457094,0.2761783673242957,0.4198413764515842,0.0,0.0,0.0,6990572.570870944,16741.507769086827,165328.52213298067,4714169.049129772,643350.5186438668,0.02577470572959125,0.3200658660457094,0.2761783673242957,0.4198413764515842,0.0,0.0,0.0,6990572.570870944,16741.507769086827,165328.52213298067,4714169.049129772,643350.5186438668,0.02577470572959125,0.3200658660457094,0.2761783673242957,0.4198413764515842,0.0,0.0,0.0,6990572.570870944,16741.507769086827,165328.52213298067,4714169.049129772,643350.5186438668,0.02577470572959125,0.3200658660457094,0.2761783673242957,0.4198413764515842
0.0,0.0,0.0,6990572.570870944,16741.507769086827,165328.52213298067,4714169.049129772,643350.5186438668,0.02577470572959125,0.3200658660457094,0.2761783673242957,0.4198413764515842,0.0,0.0,0.0,6990572.570870944,16741.507769086827,165328.52213298067,4714169.049129772,643350.5186438668,0.02577470572959125,0.3200658660457094,0.2761783673242957,0.4198413764515842,0.0,0.0,0.0,6990572.570870944,16741.507769086827,165328.52213298067,4714169.049129772,643350.5186438668,0.02577470572959125,0.3200658660457094,0.2761783673242957,0.4198413764515842,0.0,0.0,0.0,6990572.570870944,16741.507769086827,165328.52213298067,4714169.049129772,643350.5186438668,0.02577470572959125,0.3200658660457094,0.2761783673242957,0.4198413764515842,0.0,0.0,0.0,6990572.570870944,16741.507769086827,165328.52213298067,4714169.049129772,643350.5186438668,0.02577470572959125,0.3200658660457094,0.2761783673242957,0.4198413764515842,0.0,0.0,0.0,6990572.570870944,16741.507769086827,165328.52213298067,4714169.049129772,643350.5186438668,0.02577470572959125,0.3200658660457094,0.2761783673242957,0.4198413764515842
0.0,0.0,0.0,6990572.570870944,16741.507769086827,165328.52213298067,4714169.049129772,643350.5186438668,0.02577470572959125,0.3200658660457094,0.2761783673242957,0.4198413764515842,0.0,0.0,0.0,6990572.570870944,16741.507769086827,165328.52213298067,4714169.049129772,643350.5186438668,0.02577470572959125,0.3200658660457094,0.2761783673242957,0.4198413764515842,0.0,0.0,0.0,6990572.570870944,16741.507769086827,165328.52213298067,4714169.049129772,643350.5186438668,0.02577470572959125,0.3200658660457094,0.2761783673242957,0.4198413764515842,0.0,0.0,0.0,6990572.570870944,16741.507769086827,165328.52213298067,4714169.049129772,643350.5186438668,0.02577470572959125,0.3200658660457094,0.2761783673242957,0.4198413764515842,0.0,0.0,0.0,6990572.570870944,16741.507769086827,165328.52213298067,4714169.049129772,643350.5186438668,0.02577470572959125,0.3200658660457094,0.2761783673242957,0.4198413764515842,0.0,0.0,0.0,6990572.570870944,16741.507769086827,165328.52213298067,4714169.049129772,643350.5186438668,0.02577470572959125,0.3200658660457094,0.2761783673242957,0.4198413764515842
0.0,0.0,0.0,6990572.570870944,16741.507769086827,165328.52213298067,4714169.049129772,643350.5186438668,0.02577470572959125,0.3200658660457094,0.2761783673242957,0.4198413764515842,0.0,0.0,0.0,6990572.570870944,16741.507769086827,165328.52213298067,4714169.049129772,643350.5186438668,0.02577470572959125,0.3200658660457094,0.2761783673242957,0.4198413764515842,0.0,0.0,0.0,6990572.570870944,16741.507769086827,165328.52213298067,4714169.049129772,643350.5186438668,0.02577470572959125,0.3200658660457094,0.2761783673242957,0.4198413764515842,0.0,0.0,0.0,6990572.570870944,16741.507769086827,165328.52213298067,4714169.049129772,643350.5186438668,0.02577470572959125,0.3200658660457094,0.2761783673242957,0.4198413764515842,0.0,0.0,0.0,6990572.570870944,16741.507769086827,165328.52213298067,4714169.049129772,643350.5186438668,0.02577470572959125,0.3200658660457094,0.2761783673242957,0.4198413764515842,0.0,0.0,0.0,6990572.570870944,16741.507769086827,165328.52213298067,4714169.049129772,643350.5186438668,0.02577470572959125,0.3200658660457094,0.2761783673242957,0.4198413764515842
0.0,0.0,0.0,6990572.570870944,16741.507769086827,165328.52213298067,4714169.049129772,643350.5186438668,0.02577470572959125,0.3200658660457094,0.2761783673242957,0.4198413764515842,0.0,0.0,0.0,6990572.570870944,16741.507769086827,165328.52213298067,4714169.049129772,643350.5186438668,0.02577470572959125,0.3200658660457094,0.2761783673242957,0.4198413764515842,0.0,0.0,0.0,6990572.570870944,16741.507769086827,165328.52213298067,4714169.049129772,643350.5186438668,0.02577470572959125,0.3200658660457094,0.2761783673242957,0.4198413764515842,0.0,0.0,0.0,6990572.570870944,16741.507769086827,165328.52213298067,4714169.049129772,643350.5186438668,0.02577470572959125,0.3200658660457094,0.2761783673242957,0.4198413764515842,0.0,0.0,0.0,6990572.570870944,16741.507769086827,165328.52213298067,4714169.049129772,643350.5186438668,0.02577470572959125,0.3200658660457094,0.2761783673242957,0.4198413764515842,0.0,0.0,0.0,6990572.570870944,16741.507769086827,165328.52213298067,4714169.049129772,643350.5186438668,0.02577470572959125,0.3200658660457094,0.2761783673242957,0.4198413764515842
0.0,0.0,0.0,6990572.570870944,16741.507769086827,165328.52213298067,4714169.049129772,643350.5186438668,0.02577470572959125,0.3200658660457094,0.2761783673242957,0.4198413764515842,0.0,0.0,0.0,6990572.570870944,16741.507769086827,165328.52213298067,4714169.049129772,643350.5186438668,0.02577470572959125,0.3200658660457094,0.2761783673242957,0.4198413764515842,0.0,0.0,0.0,6990572.570870944,16741.507769086827,165328.52213298067,4714169.049129772,643350.5186438668,0.02577470572959125,0.3200658660457094,0.2761783673242957,0.4198413764515842,0.0,0.0,0.0,6990572.570870944,16741.507769086827,165328.52213298067,4714169.049129772,643350.5186438668,0.02577470572959125,0.3200658660457094,0.2761783673242957,0.4198413764515842,0.0,0.0,0.0,6990572.570870944,16741.507769086827,165328.52213298067,4714169.049129772,643350.5186438668,0.02577470572959125,0.3200658660457094,0.2761783673242957,0.4198413764515842,0.0,0.0,0.0,6990572.570870944,16741.507769086827,165328.52213298067,4714169.049129772,643350.5186438668,0.02577470572959125,0.3200658660457094,0.2761783673242957,0.4198413764515842
0.0,0.0,0.0,6990572.570870944,16741.507769086827,165328.52213298067,4714169.049129772,643350.5186438668,0.02577470572959125,0.3200658660457094,0.2761783673242957,0.4198413764515842,0.0,0.0,0.0,6990572.570870944,16741.507769086827,165328.52213298067,4714169.049129772,643350.5186438668,0.02577470572959125,0.3200658660457094,0.2761783673242957,0.4198413764515842,0.0,0.0,0.0,6990572.570870944,16741.507769086827,165328.52213298067,4714169.049129772,643350.5186438668,0.02577470572959125,0.3200658660457094,0.2761783673242957,0.4198413764515842,0.0,0.0,0.0,6990572.570870944,16741.507769086827,165328.52213298067,4714169.049129772,643350.5186438668,0.02577470572959125,0.3200658660457094,0.2761783673242957,0.4198413764515842,0.0,0.0,0.0,6990572.570870944,16741.507769086827,165328.52213298067,4714169.049129772,643350.5186438668,0.02577470572959125,0.3200658660457094,0.2761783673242957,0.4198413764515842,0.0,0.0,0.0,6990572.570870944,16741.507769086827,165328.52213298067,4714169.049129772,643350.5186438668,0.02577470572959125,0.3200658660457094,0.2761783673242957,0.4198413764515842
0.0,0.0,0.0,6990572.570870944,16741.507769086827,165328.52213298067,4714169.049129772,643350.5186438668,0.02577470572959125,0.3200658660457094,0.2761783673242957,0.4198413764515842,0.0,0.0,0.0,6990572.570870944,16741.507769086827,165328.52213298067,4714169.049129772,643350.5186438668,0.02577470572959125,0.3200658660457094,0.2761783673242957,0.4198413764515842,0.0,0.0,0.0,6990572.570870944,16741.507769086827,165328.52213298067,4714169.049129772,643350.5186438668,0.02577470572959125,0.3200658660457094,0.2761783673242957,0.4198413764515842,0.0,0.0,0.0,6990572.570870944,16741.507769086827,165328.52213298067,4714169.049129772,643350.5186438668,0.02577470572959125,0.3200658660457094,0.2761783673242957,0.4198413764515842,0.0,0.0,0.0,6990572.570870944,16741.507769086827,165328.52213298067,4714169.049129772,643350.5186438668,0.02577470572959125,0.3200658660457094,0.2761783673242957,0.4198413764515842,0.0,0.0,0.0,6990572.570870944,16741.507769086827,165328.52213298067,4714169.049129772,643350.5186438668,0.02577470572959125,0.3200658660457094,0.2761783673242957,0.4198413764515842
0.0,0.0,0.0,6990572.570870944,16741.507769086827,165328.52213298067,4714169.049129772,643350.5186438668,0.02577470572959125,0.3200658660457094,0.2761783673242957,0.4198413764515842,0.0,0.0,0.0,6990572.570870944,16741.507769086827,165328.52213298067,4714169.049129772,643350.5186438668,0.02577470572959125,0.3200658660457094,0.2761783673242957,0.4198413764515842,0.0,0.0,0.0,6990572.570870944,16741.507769086827,165328.52213298067,4714169.049129772,643350.5186438668,0.02577470572959125,0.3200658660457094,0.2761783673242957,0.4198413764515842,0.0,0.0,0.0,6990572.570870944,16741.507769086827,165328.52213298067,4714169.049129772,643350.5186438668,0.02577470572959125,0.3200658660457094,0.2761783673242957,0.4198413764515842,0.0,0.0,0.0,6990572.570870944,16741.507769086827,165328.52213298067,4714169.049129772,643350.5186438668,0.02577470572959125,0.3200658660457094,0.2761783673242957,0.4198413764515842,0.0,0.0,0.0,6990572.570870944,16741.507769086827,165328.52213298067,4714169.049129772,643350.5186438668,0.02577470572959125,0.3200658660457094,0.2761783673242957,0.4198413764515842
0.0,0.0,0.0,6990572.570870944,16741.507769086827,165328.52213298067,4714169.049129772,643350.5186438668,0.02577470572959125,0.3200658660457094,0.2761783673242957,0.4198413764515842,0.0,0.0,0.0,6990572.570870944,16741.507769086827,165328.52213298067,4714169.049129772,643350.5186438668,0.02577470572959125,0.3200658660457094,0.2761783673242957,0.4198413764515842,0.0,0.0,0.0,6990572.570870944,16741.507769086827,165328.52213298067,4714169.049129772,643350.5186438668,0.02577470572959125,0.3200658660457094,0.2761783673242957,0.4198413764515842,0.0,0.0,0.0,6990572.570870944,16741.507769086827,165328.52213298067,4714169.049129772,643350.5186438668,0.02577470572959125,0.3200658660457094,0.2761783673242957,0.4198413764515842,0.0,0.0,0.0,6990572.570870944,16741.507769086827,165328.52213298067,4714169.049129772,643350.5186438668,0.02577470572959125,0.3200658660457094,0.2761783673242957,0.4198413764515842,0.0,0.0,0.0,6990572.570870944,16741.507769086827,165328.52213298067,4714169.049129772,643350.5186438668,0.02577470572959125,0.3200658660457094,0.2761783673242957,0.4198413764515842
0.0,0.0,0.0,6990572.570870944,16741.507769086827,165328.52213298067,4714169.049129772,643350.5186438668,0.02577470572959125,0.3200658660457094,0.2761783673242957,0.4198413764515842,0.0,0.0,0.0,6990572.570870944,16741.507769086827,165328.52213298067,4714169.049129772,643350.5186438668,0.02577470572959125,0.3200658660457094,0.2761783673242957,0.4198413764515842,0.0,0.0,0.0,6990572.570870944,16741.507769086827,165328.52213298067,4714169.049129772,643350.5186438668,0.02577470572959125,0.3200658660457094,0.2761783673242957,0.4198413764515842,0.0,0.0,0.0,6990572.570870944,16741.507769086827,165328.52213298067,4714169.049129772,643350.5186438668,0.02577470572959125,0.3200658660457094,0.2761783673242957,0.4198413764515842,0.0,0.0,0.0,6990572.570870944,16741.507769086827,165328.52213298067,4714169.049129772,643350.5186438668,0.02577470572959125,0.3200658660457094,0.2761783673242957,0.4198413764515842,0.0,0.0,0.0,6990572.570870944,16741.507769086827,165328.52213298067,4714169.049129772,643350.5186438668,0.02577470572959125,0.3200658660457094,0.2761783673242957,0.4198413764515842
0.0,0.0,0.0,6990572.570870944,16741.507769086827,165328.52213298067,4714169.049129772,643350.5186438668,0.02577470572959125,0.3200658660457094,0.2761783673242957,0.4198413764515842,0.0,0.0,0.0,6990572.570870944,16741.507769086827,165328.52213298067,4714169.049129772,643350.5186438668,0.02577470572959125,0.3200658660457094,0.2761783673242957,0.4198413764515842,0.0,0.0,0.0,6990572.570870944,16741.507769086827,165328.52213298067,4714169.049129772,643350.5186438668,0.02577470572959125,0.3200658660457094,0.2761783673242957,0.4198413764515842,0.0,0.0,0.0,6990572.570870944,16741.507769086827,165328.52213298067,4714169.049129772,643350.5186438668,0.02577470572959125,0.3200658660457094,0.2761783673242957,0.4198413764515842,0.0,0.0,0.0,6990572.570870944,16741.507769086827,165328.52213298067,4714169.049129772,643350.5186438668,0.02577470572959125,0.3200658660457094,0.2761783673242957,0.4198413764515842,0.0,0.0,0.0,6990572.570870944,16741.507769086827,165328.52213298067,4714169.049129772,643350.5186438668,0.02577470572959125,0.3200658660457094,0.2761783673242957,0.4198413764515842
0.0,0.0,0.0,6990572.570870944,16741.507769086827,165328.52213298067,4714169.049129772,643350.5186438668,0.02577470572959125,0.3200658660457094,0.2761783673242957,0.4198413764515842,0.0,0.0,0.0,6990572.570870944,16741.507769086827,165328.52213298067,4714169.049129772,643350.5186438668,0.02577470572959125,0.3200658660457094,0.2761783673242957,0.4198413764515842,0.0,0.0,0.0,6990572.570870944,16741.507769086827,165328.52213298067,4714169.049129772,643350.5186438668,0.02577470572959125,0.3200658660457094,0.2761783673242957,0.4198413764515842,0.0,0.0,0.0,6990572.570870944,16741.507769086827,165328.52213298067,4714169.049129772,643350.5186438668,0.02577470572959125,0.3200658660457094,0.2761783673242957,0.4198413764515842,0.0,0.0,0.0,6990572.570870944,16741.507769086827,165328.52213298067,4714169.049129772,643350.5186438668,0.02577470572959125,0.3200658660457094,0.2761783673242957,0.4198413764515842,0.0,0.0,0.0,6990572.570870944,16741.507769086827,165328.52213298067,4714169.049129772,643350.5186438668,0.02577470572959125,0.3200658660457094,0.2761783673242957,0.4198413764515842
0.0,0.0,0.0,6990572.570870944,16741.507769086827,165328.52213298067,4714169.049129772,643350.5186438668,0.02577470572959125,0.3200658660457094,0.2761783673242957,0.4198413764515842,0.0,0.0,0.0,6990572.570870944,16741.507769086827,165328.52213298067,4714169.049129772,643350.5186438668,0.02577470572959125,0.3200658660457094,0.2761783673242957,0.4198413764515842,0.0,0.0,0.0,6990572.570870944,16741.507769086827,165328.52213298067,4714169.049129772,643350.5186438668,0.02577470572959125,0.3200658660457094,0.2761783673242957,0.4198413764515842,0.0,0.0,0.0,6990572.570870944,16741.507769086827,165328.52213298067,4714169.049129772,643350.5186438668,0.02577470572959125,0.3200658660457094,0.2761783673242957,0.4198413764515842,0.0,0.0,0.0,6990572.570870944,16741.507769086827,165328.52213298067,4714169.049129772,643350.5186438668,0.02577470572959125,0.3200658660457094,0.2761783673242957,0.4198413764515842,0.0,0.0,0.0,6990572.570870944,16741.507769086827,165328.52213298067,4714169.049129772,643350.5186438668,0.02577470572959125,0.3200658660457094,0.2761783673242957,0.4198413764515842
0.0,0.0,0.0,6990572.570870944,16741.507769086827,165328.52213298067,4714169.049129772,643350.5186438668,0.02577470572959125,0.3200658660457094,0.2761783673242957,0.4198413764515842,0.0,0.0,0.0,6990572.570870944,16741.507769086827,165328.52213298067,4714169.049129772,643350.5186438668,0.02577470572959125,0.3200658660457094,0.2761783673242957,0.4198413764515842,0.0,0.0,0.0,6990572.570870944,16741.507769086827,165328.52213298067,4714169.049129772,643350.5186438668,0.02577470572959125,0.3200658660457094,0.2761783673242957,0.4198413764515842,0.0,0.0,0.0,6990572.570870944,16741.507769086827,165328.52213298067,4714169.049129772,643350.5186438668,0.02577470572959125,0.3200658660457094,0.2761783673242957,0.4198413764515842,0.0,0.0,0.0,6990572.570870944,16741.507769086827,165328.52213298067,4714169.049129772,643350.5186438668,0.02577470572959125,0.3200658660457094,0.2761783673242957,0.4198413764515842,0.0,0.0,0.0,6990572.570870944,16741.507769086827,165328.52213298067,4714169.049129772,643350.5186438668,0.02577470572959125,0.3200658660457094,0.2761783673242957,0.4198413764515842
0.0,0.0,0.0,6990572.570870944,16741.507769086827,165328.52213298067,4714169.049129772,643350.5186438668,0.02577470572959125,0.3200658660457094,0.2761783673242957,0.4198413764515842,0.0,0.0,0.0,6990572.570870944,16741.507769086827,165328.52213298067,4714169.049129772,643350.5186438668,0.02577470572959125,0.3200658660457094,0.2761783673242957,0.4198413764515842,0.0,0.0,0.0,6990572.570870944,16741.507769086827,165328.52213298067,4714169.049129772,643350.5186438668,0.02577470572959125,0.3200658660457094,0.2761783673242957,0.4198413764515842,0.0,0.0,0.0,6990572.570870944,16741.507769086827,165328.52213298067,4714169.049129772,643350.5186438668,0.02577470572959125,0.3200658660457094,0.2761783673242957,0.4198413764515842,0.0,0.0,0.0,6990572.570870944,16741.507769086827,165328.52213298067,4714169.049129772,643350.5186438668,0.02577470572959125,0.3200658660457094,0.2761783673242957,0.4198413764515842,0.0,0.0,0.0,6990572.570870944,16741.507769086827,165328.52213298067,4714169.049129772,643350.5186438668,0.02577470572959125,0.3200658660457094,0.2761783673242957,0.4198413764515842
0.0,0.0,0.0,6990572.570870944,16741.507769086827,165328.52213298067,4714169.049129772,643350.5186438668,0.02577470572959125,0.3200658660457094,0.2761783673242957,0.4198413764515842,0.0,0.0,0.0,6990572.570870944,16741.507769086827,165328.52213298067,4714169.049129772,643350.5186438668,0.02577470572959125,0.3200658660457094,0.2761783673242957,0.4198413764515842,0.0,0.0,0.0,6990572.570870944,16741.507769086827,165328.52213298067,4714169.049129772,643350.5186438668,0.02577470572959125,0.3200658660457094,0.2761783673242957,0.4198413764515842,0.0,0.0,0.0,6990572.570870944,16741.507769086827,165328.52213298067,4714169.049129772,643350.5186438668,0.02577470572959125,0.3200658660457094,0.2761783673242957,0.4198413764515842,0.0,0.0,0.0,6990572.570870944,16741.507769086827,165328.52213298067,4714169.049129772,643350.5186438668,0.02577470572959125,0.3200658660457094,0.2761783673242957,0.4198413764515842,0.0,0.0,0.0,6990572.570870944,16741.507769086827,165328.52213298067,4714169.049129772,643350.5186438668,0.02577470572959125,0.3200658660457094,0.2761783673242957,0.4198413764515842
0.0,0.0,0.0,6990572.570870944,16741.507769086827,165328.52213298067,4714169.049129772,643350.5186438668,0.02577470572959125,0.3200658660457094,0.2761783673242957,0.4198413764515842,0.0,0.0,0.0,6990572.570870944,16741.507769086827,165328.52213298067,4714169.049129772,643350.5186438668,0.02577470572959125,0.3200658660457094,0.2761783673242957,0.4198413764515842,0.0,0.0,0.0,6990572.570870944,16741.507769086827,165328.52213298067,4714169.049129772,643350.5186438668,0.02577470572959125,0.3200658660457094,0.2761783673242957,0.4198413764515842,0.0,0.0,0.0,6990572.570870944,16741.507769086827,165328.52213298067,4714169.049129772,643350.5186438668,0.02577470572959125,0.3200658660457094,0.2761783673242957,0.4198413764515842,0.0,0.0,0.0,6990572.570870944,16741.507769086827,165328.52213298067,4714169.049129772,643350.5186438668,0.02577470572959125,0.3200658660457094,0.2761783673242957,0.4198413764515842,0.0,0.0,0.0,6990572.570870944,16741.507769086827,165328.52213298067,4714169.049129772,643350.5186438668,0.02577470572959125,0.3200658660457094,0.2761783673242957,0.4198413764515842
0.0,0.0,0.0,6990572.570870944,16741.507769086827,165328.52213298067,4714169.049129772,643350.5186438668,0.02577470572959125,0.3200658660457094,0.2761783673242957,0.4198413764515842,0.0,0.0,0.0,6990572.570870944,16741.507769086827,165328.52213298067,4714169.049129772,643350.5186438668,0.02577470572959125,0.3200658660457094,0.2761783673242957,0.4198413764515842,0.0,0.0,0.0,6990572.570870944,16741.507769086827,165328.52213298067,4714169.049129772,643350.5186438668,0.02577470572959125,0.3200658660457094,0.2761783673242957,0.4198413764515842,0.0,0.0,0.0,6990572.570870944,16741.507769086827,165328.52213298067,4714169.049129772,643350.5186438668,0.02577470572959125,0.3200658660457094,0.2761783673242957,0.4198413764515842,0.0,0.0,0.0,6990572.570870944,16741.507769086827,165328.52213298067,4714169.049129772,643350.5186438668,0.02577470572959125,0.3200658660457094,0.2761783673242957,0.4198413764515842,0.0,0.0,0.0,6990572.570870944,16741.507769086827,165328.52213298067,4714169.049129772,643350.5186438668,0.02577470572959125,0.3200658660457094,0.2761783673242957,0.4198413764515842
0.0,0.0,0.0,6990572.570870944,16741.507769086827,165328.52213298067,4714169.049129772,643350.5186438668,0.02577470572959125,0.3200658660457094,0.2761783673242957,0.4198413764515842,0.0,0.0,0.0,6990572.570870944,16741.507769086827,165328.52213298067,4714169.049129772,643350.5186438668,0.02577470572959125,0.3200658660457094,0.2761783673242957,0.4198413764515842,0.0,0.0,0.0,6990572.570870944,16741.507769086827,165328.52213298067,4714169.049129772,643350.5186438668,0.02577470572959125,0.3200658660457094,0.2761783673242957,0.4198413764515842,0.0,0.0,0.0,6990572.570870944,16741.507769086827,165328.52213298067,4714169.049129772,643350.5186438668,0.02577470572959125,0.3200658660457094,0.2761783673242957,0.4198413764515842,0.0,0.0,0.0,6990572.570870944,16741.507769086827,165328.52213298067,4714169.049129772,643350.5186438668,0.02577470572959125,0.3200658660457094,0.2761783673242957,0.4198413764515842,0.0,0.0,0.0,6990572.570870944,16741.507769086827,165328.52213298067,4714169.049129772,643350.5186438668,0.02577470572959125,0.3200658660457094,0.2761783673242957,0.4198413764515842
0.0,0.0,0.0,6990572.570870944,16741.507769086827,165328.52213298067,4714169.049129772,643350.5186438668,0.02577470572959125,0.3200658660457094,0.2761783673242957,0.4198413764515842,0.0,0.0,0.0,6990572.570870944,16741.507769086827,165328.52213298067,4714169.049129772,643350.5186438668,0.02577470572959125,0.3200658660457094,0.2761783673242957,0.4198413764515842,0.0,0.0,0.0,6990572.570870944,16741.507769086827,165328.52213298067,4714169.049129772,643350.5186438668,0.02577470572959125,0.3200658660457094,0.2761783673242957,0.4198413764515842,0.0,0.0,0.0,6990572.570870944,16741.507769086827,165328.52213298067,4714169.049129772,643350.5186438668,0.02577470572959125,0.3200658660457094,0.2761783673242957,0.4198413764515842,0.0,0.0,0.0,6990572.570870944,16741.507769086827,165328.52213298067,4714169.049129772,643350.5186438668,0.02577470572959125,0.3200658660457094,0.2761783673242957,0.4198413764515842,0.0,0.0,0.0,6990572.570870944,16741.507769086827,165328.52213298067,4714169.049129772,643350.5186438668,0.02577470572959125,0.3200658660457094,0.2761783673242957,0.4198413764515842
0.0,0.0,0.0,6990572.570870944,16741.507769086827,165328.52213298067,4714169.049129772,643350.5186438668,0.02577470572959125,0.3200658660457094,0.2761783673242957,0.4198413764515842,0.0,0.0,0.0,6990572.570870944,16741.507769086827,165328.52213298067,4714169.049129772,643350.5186438668,0.02577470572959125,0.3200658660457094,0.2761783673242957,0.4198413764515842,0.0,0.0,0.0,6990572.570870944,16741.507769086827,165328.52213298067,4714169.049129772,643350.5186438668,0.02577470572959125,0.3200658660457094,0.2761783673242957,0.4198413764515842,0.0,0.0,0.0,6990572.570870944,16741.507769086827,165328.52213298067,4714169.049129772,643350.5186438668,0.02577470572959125,0.3200658660457094,0.2761783673242957,0.4198413764515842,0.0,0.0,0.0,6990572.570870944,16741.507769086827,165328.52213298067,4714169.049129772,643350.5186438668,0.02577470572959125,0.3200658660457094,0.2761783673242957,0.4198413764515842,0.0,0.0,0.0,6990572.570870944,16741.507769086827,165328.52213298067,4714169.049129772,643350.5186438668,0.02577470572959125,0.3200658660457094,0.2761783673242957,0.4198413764515842
0.0,0.0,0.0,6990572.570870944,16741.507769086827,165328.52213298067,4714169.049129772,643350.5186438668,0.02577470572959125,0.3200658660457094,0.2761783673242957,0.4198413764515842,0.0,0.0,0.0,6990572.570870944,16741.507769086827,165328.52213298067,4714169.049129772,643350.5186438668,0.02577470572959125,0.3200658660457094,0.2761783673242957,0.4198413764515842,0.0,0.0,0.0,6990572.570870944,16741.507769086827,165328.52213298067,4714169.049129772,643350.5186438668,0.02577470572959125,0.3200658660457094,0.2761783673242957,0.4198413764515842,0.0,0.0,0.0,6990572.570870944,16741.507769086827,165328.52213298067,4714169.049129772,643350.5186438668,0.02577470572959125,0.3200658660457094,0.2761783673242957,0.4198413764515842,0.0,0.0,0.0,6990572.570870944,16741.507769086827,165328.52213298067,4714169.049129772,643350.5186438668,0.02577470572959125,0.3200658660457094,0.2761783673242957,0.4198413764515842,0.0,0.0,0.0,6990572.570870944,16741.507769086827,165328.52213298067,4714169.049129772,643350.5186438668,0.02577470572959125,0.3200658660457094,0.2761783673242957,0.4198413764515842
0.0,0.0,0.0,6990572.570870944,16741.507769086827,165328.52213298067,4714169.049129772,643350.5186438668,0.02577470572959125,0.3200658660457094,0.2761783673242957,0.4198413764515842,0.0,0.0,0.0,6990572.570870944,16741.507769086827,165328.52213298067,4714169.049129772,643350.5186438668,0.02577470572959125,0.3200658660457094,0.2761783673242957,0.4198413764515842,0.0,0.0,0.0,6990572.570870944,16741.507769086827,165328.52213298067,4714169.049129772,643350.5186438668,0.02577470572959125,0.3200658660457094,0.2761783673242957,0.4198413764515842,0.0,0.0,0.0,6990572.570870944,16741.507769086827,165328.52213298067,4714169.049129772,643350.5186438668,0.02577470572959125,0.3200658660457094,0.2761783673242957,0.4198413764515842,0.0,0.0,0.0,6990572.570870944,16741.507769086827,165328.52213298067,4714169.049129772,643350.5186438668,0.02577470572959125,0.3200658660457094,0.2761783673242957,0.4198413764515842,0.0,0.0,0.0,6990572.570870944,16741.507769086827,165328.52213298067,4714169.049129772,643350.5186438668,0.02577470572959125,0.3200658660457094,0.2761783673242957,0.4198413764515842
0.0,0.0,0.0,6990572.570870944,16741.507769086827,165328.52213298067,4714169.049129772,643350.5186438668,0.02577470572959125,0.3200658660457094,0.2761783673242957,0.4198413764515842,0.0,0.0,0.0,6990572.570870944,16741.507769086827,165328.52213298067,4714169.049129772,643350.5186438668,0.02577470572959125,0.3200658660457094,0.2761783673242957,0.4198413764515842,0.0,0.0,0.0,6990572.570870944,16741.507769086827,165328.52213298067,4714169.049129772,643350.5186438668,0.02577470572959125,0.3200658660457094,0.2761783673242957,0.4198413764515842,0.0,0.0,0.0,6990572.570870944,16741.507769086827,165328.52213298067,4714169.049129772,643350.5186438668,0.02577470572959125,0.3200658660457094,0.2761783673242957,0.4198413764515842,0.0,0.0,0.0,6990572.570870944,16741.507769086827,165328.52213298067,4714169.049129772,643350.5186438668,0.02577470572959125,0.3200658660457094,0.2761783673242957,0.4198413764515842,0.0,0.0,0.0,6990572.570870944,16741.507769086827,165328.52213298067,4714169.049129772,643350.5186438668,0.02577470572959125,0.3200658660457094,0.2761783673242957,0.4198413764515842
0.0,0.0,0.0,6990572.570870944,16741.507769086827,165328.52213298067,4714169.049129772,643350.5186438668,0.02577470572959125,0.3200658660457094,0.2761783673242957,0.4198413764515842,0.0,0.0,0.0,6990572.570870944,16741.507769086827,165328.52213298067,4714169.049129772,643350.5186438668,0.02577470572959125,0.3200658660457094,0.2761783673242957,0.4198413764515842,0.0,0.0,0.0,6990572.570870944,16741.507769086827,165328.52213298067,4714169.049129772,643350.5186438668,0.02577470572959125,0.3200658660457094,0.2761783673242957,0.4198413764515842,0.0,0.0,0.0,6990572.570870944,16741.507769086827,165328.52213298067,4714169.049129772,643350.5186438668,0.02577470572959125,0.3200658660457094,0.2761783673242957,0.4198413764515842,0.0,0.0,0.0,6990572.570870944,16741.507769086827,165328.52213298067,4714169.049129772,643350.5186438668,0.02577470572959125,0.3200658660457094,0.2761783673242957,0.4198413764515842,0.0,0.0,0.0,6990572.570870944,16741.507769086827,165328.52213298067,4714169.049129772,643350.5186438668,0.02577470572959125,0.3200658660457094,0.2761783673242957,0.4198413764515842
0.0,0.0,0.0,6990572.570870944,16741.507769086827,165328.52213298067,4714169.049129772,643350.5186438668,0.02577470572959125,0.3200658660457094,0.2761783673242957,0.4198413764515842,0.0,0.0,0.0,6990572.570870944,16741.507769086827,165328.52213298067,4714169.049129772,643350.5186438668,0.02577470572959125,0.3200658660457094,0.2761783673242957,0.4198413764515842,0.0,0.0,0.0,6990572.570870944,16741.507769086827,165328.52213298067,4714169.049129772,643350.5186438668,0.02577470572959125,0.3200658660457094,0.2761783673242957,0.4198413764515842,0.0,0.0,0.0,6990572.570870944,16741.507769086827,165328.52213298067,4714169.049129772,643350.5186438668,0.02577470572959125,0.3200658660457094,0.2761783673242957,0.4198413764515842,0.0,0.0,0.0,6990572.570870944,16741.507769086827,165328.52213298067,4714169.049129772,643350.5186438668,0.02577470572959125,0.3200658660457094,0.2761783673242957,0.4198413764515842,0.0,0.0,0.0,6990572.570870944,16741.507769086827,165328.52213298067,4714169.049129772,643350.5186438668,0.02577470572959125,0.3200658660457094,0.2761783673242957,0.4198413764515842
0.0,0.0,0.0,6990572.570870944,16741.507769086827,165328.52213298067,4714169.049129772,643350.5186438668,0.02577470572959125,0.3200658660457094,0.2761783673242957,0.4198413764515842,0.0,0.0,0.0,6990572.570870944,16741.507769086827,165328.52213298067,4714169.049129772,643350.5186438668,0.02577470572959125,0.3200658660457094,0.2761783673242957,0.4198413764515842,0.0,0.0,0.0,6990572.570870944,16741.507769086827,165328.52213298067,4714169.049129772,643350.5186438668,0.02577470572959125,0.3200658660457094,0.2761783673242957,0.4198413764515842,0.0,0.0,0.0,6990572.570870944,16741.507769086827,165328.52213298067,4714169.049129772,643350.5186438668,0.02577470572959125,0.3200658660457094,0.2761783673242957,0.4198413764515842,0.0,0.0,0.0,6990572.570870944,16741.507769086827,165328.52213298067,4714169.049129772,643350.5186438668,0.02577470572959125,0.3200658660457094,0.2761783673242957,0.4198413764515842,0.0,0.0,0.0,6990572.570870944,16741.507769086827,165328.52213298067,4714169.049129772,643350.5186438668,0.02577470572959125,0.3200658660457094,0.2761783673242957,0.4198413764515842
0.0,0.0,0.0,6990572.570870944,16741.507769086827,165328.52213298067,4714169.049129772,643350.5186438668,0.02577470572959125,0.3200658660457094,0.2761783673242957,0.4198413764515842,0.0,0.0,0.0,6990572.570870944,16741.507769086827,165328.52213298067,4714169.049129772,643350.5186438668,0.02577470572959125,0.3200658660457094,0.2761783673242957,0.4198413764515842,0.0,0.0,0.0,6990572.570870944,16741.507769086827,165328.52213298067,4714169.049129772,643350.5186438668,0.02577470572959125,0.3200658660457094,0.2761783673242957,0.4198413764515842,0.0,0.0,0.0,6990572.570870944,16741.507769086827,165328.52213298067,4714169.049129772,643350.5186438668,0.02577470572959125,0.3200658660457094,0.2761783673242957,0.4198413764515842,0.0,0.0,0.0,6990572.570870944,16741.507769086827,165328.52213298067,4714169.049129772,643350.5186438668,0.02577470572959125,0.3200658660457094,0.2761783673242957,0.4198413764515842,0.0,0.0,0.0,6990572.570870944,16741.507769086827,165328.52213298067,4714169.049129772,643350.5186438668,0.02577470572959125,0.3200658660457094,0.2761783673242957,0.4198413764515842
0.0,0.0,0.0,6990572.570870944,16741.507769086827,165328.52213298067,4714169.049129772,643350.5186438668,0.02577470572959125,0.3200658660457094,0.2761783673242957,0.4198413764515842,0.0,0.0,0.0,6990572.570870944,16741.507769086827,165328.52213298067,4714169.049129772,643350.5186438668,0.02577470572959125,0.3200658660457094,0.2761783673242957,0.4198413764515842,0.0,0.0,0.0,6990572.570870944,16741.507769086827,165328.52213298067,4714169.049129772,643350.5186438668,0.02577470572959125,0.3200658660457094,0.2761783673242957,0.4198413764515842,0.0,0.0,0.0,6990572.570870944,16741.507769086827,165328.52213298067,4714169.049129772,643350.5186438668,0.02577470572959125,0.3200658660457094,0.2761783673242957,0.4198413764515842,0.0,0.0,0.0,6990572.570870944,16741.507769086827,165328.52213298067,4714169.049129772,643350.5186438668,0.02577470572959125,0.3200658660457094,0.2761783673242957,0.4198413764515842,0.0,0.0,0.0,6990572.570870944,16741.507769086827,165328.52213298067,4714169.049129772,643350.5186438668,0.02577470572959125,0.3200658660457094,0.2761783673242957,0.4198413764515842
0.0,0.0,0.0,6990572.570870944,16741.507769086827,165328.52213298067,4714169.049129772,643350.5186438668,0.02577470572959125,0.3200658660457094,0.2761783673242957,0.4198413764515842,0.0,0.0,0.0,6990572.570870944,16741.507769086827,165328.52213298067,4714169.049129772,643350.5186438668,0.02577470572959125,0.3200658660457094,0.2761783673242957,0.4198413764515842,0.0,0.0,0.0,6990572.570870944,16741.507769086827,165328.52213298067,4714169.049129772,643350.5186438668,0.02577470572959125,0.3200658660457094,0.2761783673242957,0.4198413764515842,0.0,0.0,0.0,6990572.570870944,16741.507769086827,165328.52213298067,4714169.049129772,643350.5186438668,0.02577470572959125,0.3200658660457094,0.2761783673242957,0.4198413764515842,0.0,0.0,0.0,6990572.570870944,16741.507769086827,165328.52213298067,4714169.049129772,643350.5186438668,0.02577470572959125,0.3200658660457094,0.2761783673242957,0.4198413764515842,0.0,0.0,0.0,6990572.570870944,16741.507769086827,165328.52213298067,4714169.049129772,643350.5186438668,0.02577470572959125,0.3200658660457094,0.2761783673242957,0.4198413764515842
0.0,0.0,0.0,6990572.570870944,16741.507769086827,165328.52213298067,4714169.049129772,643350.5186438668,0.02577470572959125,0.3200658660457094,0.2761783673242957,0.4198413764515842,0.0,0.0,0.0,6990572.570870944,16741.507769086827,165328.52213298067,4714169.049129772,643350.5186438668,0.02577470572959125,0.3200658660457094,0.2761783673242957,0.4198413764515842,0.0,0.0,0.0,6990572.570870944,16741.507769086827,165328.52213298067,4714169.049129772,643350.5186438668,0.02577470572959125,0.3200658660457094,0.2761783673242957,0.4198413764515842,0.0,0.0,0.0,6990572.570870944,16741.507769086827,165328.52213298067,4714169.049129772,643350.5186438668,0.02577470572959125,0.3200658660457094,0.2761783673242957,0.4198413764515842,0.0,0.0,0.0,6990572.570870944,16741.507769086827,165328.52213298067,4714169.049129772,643350.5186438668,0.02577470572959125,0.3200658660457094,0.2761783673242957,0.4198413764515842,0.0,0.0,0.0,6990572.570870944,16741.507769086827,165328.52213298067,4714169.049129772,643350.5186438668,0.02577470572959125,0.3200658660457094,0.2761783673242957,0.4198413764515842
0.0,0.0,0.0,6990572.570870944,16741.507769086827,165328.52213298067,4714169.049129772,643350.5186438668,0.02577470572959125,0.3200658660457094,0.2761783673242957,0.4198413764515842,0.0,0.0,0.0,6990572.570870944,16741.507769086827,165328.52213298067,4714169.049129772,643350.5186438668,0.02577470572959125,0.3200658660457094,0.2761783673242957,0.4198413764515842,0.0,0.0,0.0,6990572.570870944,16741.507769086827,165328.52213298067,4714169.049129772,643350.5186438668,0.02577470572959125,0.3200658660457094,0.2761783673242957,0.4198413764515842,0.0,0.0,0.0,6990572.570870944,16741.507769086827,165328.52213298067,4714169.049129772,643350.5186438668,0.02577470572959125,0.3200658660457094,0.2761783673242957,0.4198413764515842,0.0,0.0,0.0,6990572.570870944,16741.507769086827,165328.52213298067,4714169.049129772,643350.5186438668,0.02577470572959125,0.3200658660457094,0.2761783673242957,0.4198413764515842,0.0,0.0,0.0,6990572.570870944,16741.507769086827,165328.52213298067,4714169.049129772,643350.5186438668,0.02577470572959125,0.3200658660457094,0.2761783673242957,0.4198413764515842
0.0,0.0,0.0,6990572.570870944,16741.507769086827,165328.52213298067,4714169.049129772,643350.5186438668,0.02577470572959125,0.3200658660457094,0.2761783673242957,0.4198413764515842,0.0,0.0,0.0,6990572.570870944,16741.507769086827,165328.52213298067,4714169.049129772,643350.5186438668,0.02577470572959125,0.3200658660457094,0.2761783673242957,0.4198413764515842,0.0,0.0,0.0,6990572.570870944,16741.507769086827,165328.52213298067,4714169.049129772,643350.5186438668,0.02577470572959125,0.3200658660457094,0.2761783673242957,0.4198413764515842,0.0,0.0,0.0,6990572.570870944,16741.507769086827,165328.52213298067,4714169.049129772,643350.5186438668,0.02577470572959125,0.3200658660457094,0.2761783673242957,0.4198413764515842,0.0,0.0,0.0,6990572.570870944,16741.507769086827,165328.52213298067,4714169.049129772,643350.5186438668,0.02577470572959125,0.3200658660457094,0.2761783673242957,0.4198413764515842,0.0,0.0,0.0,6990572.570870944,16741.507769086827,165328.52213298067,4714169.049129772,643350.5186438668,0.02577470572959125,0.3200658660457094,0.2761783673242957,0.4198413764515842
0.0,0.0,0.0,6990572.570870944,16741.507769086827,165328.52213298067,4714169.049129772,643350.5186438668,0.02577470572959125,0.3200658660457094,0.2761783673242957,0.4198413764515842,0.0,0.0,0.0,6990572.570870944,16741.507769086827,165328.52213298067,4714169.049129772,643350.5186438668,0.02577470572959125,0.3200658660457094,0.2761783673242957,0.4198413764515842,0.0,0.0,0.0,6990572.570870944,16741.507769086827,165328.52213298067,4714169.049129772,643350.5186438668,0.02577470572959125,0.3200658660457094,0.2761783673242957,0.4198413764515842,0.0,0.0,0.0,6990572.570870944,16741.507769086827,165328.52213298067,4714169.049129772,643350.5186438668,0.02577470572959125,0.3200658660457094,0.2761783673242957,0.4198413764515842,0.0,0.0,0.0,6990572.570870944,16741.507769086827,165328.52213298067,4714169.049129772,643350.5186438668,0.02577470572959125,0.3200658660457094,0.2761783673242957,0.4198413764515842,0.0,0.0,0.0,6990572.570870944,16741.507769086827,165328.52213298067,4714169.049129772,643350.5186438668,0.02577470572959125,0.3200658660457094,0.2761783673242957,0.4198413764515842
0.0,0.0,0.0,6990572.570870944,16741.507769086827,165328.52213298067,4714169.049129772,643350.5186438668,0.02577470572959125,0.3200658660457094,0.2761783673242957,0.4198413764515842,0.0,0.0,0.0,6990572.570870944,16741.507769086827,165328.52213298067,4714169.049129772,643350.5186438668,0.02577470572959125,0.3200658660457094,0.2761783673242957,0.4198413764515842,0.0,0.0,0.0,6990572.570870944,16741.507769086827,165328.52213298067,4714169.049129772,643350.5186438668,0.02577470572959125,0.3200658660457094,0.2761783673242957,0.4198413764515842,0.0,0.0,0.0,6990572.570870944,16741.507769086827,165328.52213298067,4714169.049129772,643350.5186438668,0.02577470572959125,0.3200658660457094,0.2761783673242957,0.4198413764515842,0.0,0.0,0.0,6990572.570870944,16741.507769086827,165328.52213298067,4714169.049129772,643350.5186438668,0.02577470572959125,0.3200658660457094,0.2761783673242957,0.4198413764515842,0.0,0.0,0.0,6990572.570870944,16741.507769086827,165328.52213298067,4714169.049129772,643350.5186438668,0.02577470572959125,0.3200658660457094,0.2761783673242957,0.4198413764515842
0.0,0.0,0.0,6990572.570870944,16741.507769086827,165328.52213298067,4714169.049129772,643350.5186438668,0.02577470572959125,0.3200658660457094,0.2761783673242957,0.4198413764515842,0.0,0.0,0.0,6990572.570870944,16741.507769086827,165328.52213298067,4714169.049129772,643350.5186438668,0.02577470572959125,0.3200658660457094,0.2761783673242957,0.4198413764515842,0.0,0.0,0.0,6990572.570870944,16741.507769086827,165328.52213298067,4714169.049129772,643350.5186438668,0.02577470572959125,0.3200658660457094,0.2761783673242957,0.4198413764515842,0.0,0.0,0.0,6990572.570870944,16741.507769086827,165328.52213298067,4714169.049129772,643350.5186438668,0.02577470572959125,0.3200658660457094,0.2761783673242957,0.4198413764515842,0.0,0.0,0.0,6990572.570870944,16741.507769086827,165328.52213298067,4714169.049129772,643350.5186438668,0.02577470572959125,0.3200658660457094,0.2761783673242957,0.4198413764515842,0.0,0.0,0.0,6990572.570870944,16741.507769086827,165328.52213298067,4714169.049129772,643350.5186438668,0.02577470572959125,0.3200658660457094,0.2761783673242957,0.4198413764515842
0.0,0.0,0.0,6990572.570870944,16741.507769086827,165328.52213298067,4714169.049129772,643350.5186438668,0.02577470572959125,0.3200658660457094,0.2761783673242957,0.4198413764515842,0.0,0.0,0.0,6990572.570870944,16741.507769086827,165328.52213298067,4714169.049129772,643350.5186438668,0.02577470572959125,0.3200658660457094,0.2761783673242957,0.4198413764515842,0.0,0.0,0.0,6990572.570870944,16741.507769086827,165328.52213298067,4714169.049129772,643350.5186438668,0.02577470572959125,0.3200658660457094,0.2761783673242957,0.4198413764515842,0.0,0.0,0.0,6990572.570870944,16741.507769086827,165328.52213298067,4714169.049129772,643350.5186438668,0.02577470572959125,0.3200658660457094,0.2761783673242957,0.4198413764515842,0.0,0.0,0.0,6990572.570870944,16741.507769086827,165328.52213298067,4714169.049129772,643350.5186438668,0.02577470572959125,0.3200658660457094,0.2761783673242957,0.4198413764515842,0.0,0.0,0.0,6990572.570870944,16741.507769086827,165328.52213298067,4714169.049129772,643350.5186438668,0.02577470572959125,0.3200658660457094,0.2761783673242957,0.4198413764515842
0.0,0.0,0.0,6990572.570870944,16741.507769086827,165328.52213298067,4714169.049129772,643350.5186438668,0.02577470572959125,0.3200658660457094,0.2761783673242957,0.4198413764515842,0.0,0.0,0.0,6990572.570870944,16741.507769086827,165328.52213298067,4714169.049129772,643350.5186438668,0.02577470572959125,0.3200658660457094,0.2761783673242957,0.4198413764515842,0.0,0.0,0.0,6990572.570870944,16741.507769086827,165328.52213298067,4714169.049129772,643350.5186438668,0.02577470572959125,0.3200658660457094,0.2761783673242957,0.4198413764515842,0.0,0.0,0.0,6990572.570870944,16741.507769086827,165328.52213298067,4714169.049129772,643350.5186438668,0.02577470572959125,0.3200658660457094,0.2761783673242957,0.4198413764515842,0.0,0.0,0.0,6990572.570870944,16741.507769086827,165328.52213298067,4714169.049129772,643350.5186438668,0.02577470572959125,0.3200658660457094,0.2761783673242957,0.4198413764515842,0.0,0.0,0.0,6990572.570870944,16741.507769086827,165328.52213298067,4714169.049129772,643350.5186438668,0.02577470572959125,0.3200658660457094,0.2761783673242957,0.4198413764515842
0.0,0.0,0.0,6990572.570870944,16741.507769086827,165328.52213298067,4714169.049129772,643350.5186438668,0.02577470572959125,0.3200658660457094,0.2761783673242957,0.4198413764515842,0.0,0.0,0.0,6990572.570870944,16741.507769086827,165328.52213298067,4714169.049129772,643350.5186438668,0.02577470572959125,0.3200658660457094,0.2761783673242957,0.4198413764515842,0.0,0.0,0.0,6990572.570870944,16741.507769086827,165328.52213298067,4714169.049129772,643350.5186438668,0.02577470572959125,0.3200658660457094,0.2761783673242957,0.4198413764515842,0.0,0.0,0.0,6990572.570870944,16741.507769086827,165328.52213298067,4714169.049129772,643350.5186438668,0.02577470572959125,0.3200658660457094,0.2761783673242957,0.4198413764515842,0.0,0.0,0.0,6990572.570870944,16741.507769086827,165328.52213298067,4714169.049129772,643350.5186438668,0.02577470572959125,0.3200658660457094,0.2761783673242957,0.4198413764515842,0.0,0.0,0.0,6990572.570870944,16741.507769086827,165328.52213298067,4714169.049129772,643350.5186438668,0.02577470572959125,0.3200658660457094,0.2761783673242957,0.4198413764515842
0.0,0.0,0.0,6990572.570870944,16741.507769086827,165328.52213298067,4714169.049129772,643350.5186438668,0.02577470572959125,0.3200658660457094,0.2761783673242957,0.4198413764515842,0.0,0.0,0.0,6990572.570870944,16741.507769086827,165328.52213298067,4714169.049129772,643350.5186438668,0.02577470572959125,0.3200658660457094,0.2761783673242957,0.4198413764515842,0.0,0.0,0.0,6990572.570870944,16741.507769086827,165328.52213298067,4714169.049129772,643350.5186438668,0.02577470572959125,0.3200658660457094,0.2761783673242957,0.4198413764515842,0.0,0.0,0.0,6990572.570870944,16741.507769086827,165328.52213298067,4714169.049129772,643350.5186438668,0.02577470572959125,0.3200658660457094,0.2761783673242957,0.4198413764515842,0.0,0.0,0.0,6990572.570870944,16741.507769086827,165328.52213298067,4714169.049129772,643350.5186438668,0.02577470572959125,0.3200658660457094,0.2761783673242957,0.4198413764515842,0.0,0.0,0.0,6990572.570870944,16741.507769086827,165328.52213298067,4714169.049129772,643350.5186438668,0.02577470572959125,0.3200658660457094,0.2761783673242957,0.4198413764515842
0.0,0.0,0.0,6990572.570870944,16741.507769086827,165328.52213298067,4714169.049129772,643350.5186438668,0.02577470572959125,0.3200658660457094,0.2761783673242957,0.4198413764515842,0.0,0.0,0.0,6990572.570870944,16741.507769086827,165328.52213298067,4714169.049129772,643350.5186438668,0.02577470572959125,0.3200658660457094,0.2761783673242957,0.4198413764515842,0.0,0.0,0.0,6990572.570870944,16741.507769086827,165328.52213298067,4714169.049129772,643350.5186438668,0.02577470572959125,0.3200658660457094,0.2761783673242957,0.4198413764515842,0.0,0.0,0.0,6990572.570870944,16741.507769086827,165328.52213298067,4714169.049129772,643350.5186438668,0.02577470572959125,0.3200658660457094,0.2761783673242957,0.4198413764515842,0.0,0.0,0.0,6990572.570870944,16741.507769086827,165328.52213298067,4714169.049129772,643350.5186438668,0.02577470572959125,0.3200658660457094,0.2761783673242957,0.4198413764515842,0.0,0.0,0.0,6990572.570870944,16741.507769086827,165328.52213298067,4714169.049129772,643350.5186438668,0.02577470572959125,0.3200658660457094,0.2761783673242957,0.4198413764515842
0.0,0.0,0.0,6990572.570870944,16741.507769086827,165328.52213298067,4714169.049129772,643350.5186438668,0.02577470572959125,0.3200658660457094,0.2761783673242957,0.4198413764515842,0.0,0.0,0.0,6990572.570870944,16741.507769086827,165328.52213298067,4714169.049129772,643350.5186438668,0.02577470572959125,0.3200658660457094,0.2761783673242957,0.4198413764515842,0.0,0.0,0.0,6990572.570870944,16741.507769086827,165328.52213298067,4714169.049129772,643350.5186438668,0.02577470572959125,0.3200658660457094,0.2761783673242957,0.4198413764515842,0.0,0.0,0.0,6990572.570870944,16741.507769086827,165328.52213298067,4714169.049129772,643350.5186438668,0.02577470572959125,0.3200658660457094,0.2761783673242957,0.4198413764515842,0.0,0.0,0.0,6990572.570870944,16741.507769086827,165328.52213298067,4714169.049129772,643350.5186438668,0.02577470572959125,0.3200658660457094,0.2761783673242957,0.4198413764515842,0.0,0.0,0.0,6990572.570870944,16741.507769086827,165328.52213298067,4714169.049129772,643350.5186438668,0.02577470572959125,0.3200658660457094,0.2761783673242957,0.4198413764515842
0.0,0.0,0.0,6990572.570870944,16741.507769086827,165328.52213298067,4714169.049129772,643350.5186438668,0.02577470572959125,0.3200658660457094,0.2761783673242957,0.4198413764515842,0.0,0.0,0.0,6990572.570870944,16741.507769086827,165328.52213298067,4714169.049129772,643350.5186438668,0.02577470572959125,0.3200658660457094,0.2761783673242957,0.4198413764515842,0.0,0.0,0.0,6990572.570870944,16741.507769086827,165328.52213298067,4714169.049129772,643350.5186438668,0.02577470572959125,0.3200658660457094,0.2761783673242957,0.4198413764515842,0.0,0.0,0.0,6990572.570870944,16741.507769086827,165328.52213298067,4714169.049129772,643350.5186438668,0.02577470572959125,0.3200658660457094,0.2761783673242957,0.4198413764515842,0.0,0.0,0.0,6990572.570870944,16741.507769086827,165328.52213298067,4714169.049129772,643350.5186438668,0.02577470572959125,0.3200658660457094,0.2761783673242957,0.4198413764515842,0.0,0.0,0.0,6990572.570870944,16741.507769086827,165328.52213298067,4714169.049129772,643350.5186438668,0.02577470572959125,0.3200658660457094,0.2761783673242957,0.4198413764515842
0.0,0.0,0.0,6990572.570870944,16741.507769086827,165328.52213298067,4714169.049129772,643350.5186438668,0.02577470572959125,0.3200658660457094,0.2761783673242957,0.4198413764515842,0.0,0.0,0.0,6990572.570870944,16741.507769086827,165328.52213298067,4714169.049129772,643350.5186438668,0.02577470572959125,0.3200658660457094,0.2761783673242957,0.4198413764515842,0.0,0.0,0.0,6990572.570870944,16741.507769086827,165328.52213298067,4714169.049129772,643350.5186438668,0.02577470572959125,0.3200658660457094,0.2761783673242957,0.4198413764515842,0.0,0.0,0.0,6990572.570870944,16741.507769086827,165328.52213298067,4714169.049129772,643350.5186438668,0.02577470572959125,0.3200658660457094,0.2761783673242957,0.4198413764515842,0.0,0.0,0.0,6990572.570870944,16741.507769086827,165328.52213298067,4714169.049129772,643350.5186438668,0.02577470572959125,0.3200658660457094,0.2761783673242957,0.4198413764515842,0.0,0.0,0.0,6990572.570870944,16741.507769086827,165328.52213298067,4714169.049129772,643350.5186438668,0.02577470572959125,0.3200658660457094,0.2761783673242957,0.4198413764515842
0.0,0.0,0.0,6990572.570870944,16741.507769086827,165328.52213298067,4714169.049129772,643350.5186438668,0.02577470572959125,0.3200658660457094,0.2761783673242957,0.4198413764515842,0.0,0.0,0.0,6990572.570870944,16741.507769086827,165328.52213298067,4714169.049129772,643350.5186438668,0.02577470572959125,0.3200658660457094,0.2761783673242957,0.4198413764515842,0.0,0.0,0.0,6990572.570870944,16741.507769086827,165328.52213298067,4714169.049129772,643350.5186438668,0.02577470572959125,0.3200658660457094,0.2761783673242957,0.4198413764515842,0.0,0.0,0.0,6990572.570870944,16741.507769086827,165328.52213298067,4714169.049129772,643350.5186438668,0.02577470572959125,0.3200658660457094,0.2761783673242957,0.4198413764515842,0.0,0.0,0.0,6990572.570870944,16741.507769086827,165328.52213298067,4714169.049129772,643350.5186438668,0.02577470572959125,0.3200658660457094,0.2761783673242957,0.4198413764515842,0.0,0.0,0.0,6990572.570870944,16741.507769086827,165328.52213298067,4714169.049129772,643350.5186438668,0.02577470572959125,0.3200658660457094,0.2761783673242957,0.4198413764515842
0.0,0.0,0.0,6990572.570870944,16741.507769086827,165328.52213298067,4714169.049129772,643350.5186438668,0.02577470572959125,0.3200658660457094,0.2761783673242957,0.4198413764515842,0.0,0.0,0.0,6990572.570870944,16741.507769086827,165328.52213298067,4714169.049129772,643350.5186438668,0.02577470572959125,0.3200658660457094,0.2761783673242957,0.4198413764515842,0.0,0.0,0.0,6990572.570870944,16741.507769086827,165328.52213298067,4714169.049129772,643350.5186438668,0.02577470572959125,0.3200658660457094,0.2761783673242957,0.4198413764515842,0.0,0.0,0.0,6990572.570870944,16741.507769086827,165328.52213298067,4714169.049129772,643350.5186438668,0.02577470572959125,0.3200658660457094,0.2761783673242957,0.4198413764515842,0.0,0.0,0.0,6990572.570870944,16741.507769086827,165328.52213298067,4714169.049129772,643350.5186438668,0.02577470572959125,0.3200658660457094,0.2761783673242957,0.4198413764515842,0.0,0.0,0.0,6990572.570870944,16741.507769086827,165328.52213298067,4714169.049129772,643350.5186438668,0.02577470572959125,0.3200658660457094,0.2761783673242957,0.4198413764515842
0.0,0.0,0.0,6990572.570870944,16741.507769086827,165328.52213298067,4714169.049129772,643350.5186438668,0.02577470572959125,0.3200658660457094,0.2761783673242957,0.4198413764515842,0.0,0.0,0.0,6990572.570870944,16741.507769086827,165328.52213298067,4714169.049129772,643350.5186438668,0.02577470572959125,0.3200658660457094,0.2761783673242957,0.4198413764515842,0.0,0.0,0.0,6990572.570870944,16741.507769086827,165328.52213298067,4714169.049129772,643350.5186438668,0.02577470572959125,0.3200658660457094,0.2761783673242957,0.4198413764515842,0.0,0.0,0.0,6990572.570870944,16741.507769086827,165328.52213298067,4714169.049129772,643350.5186438668,0.02577470572959125,0.3200658660457094,0.2761783673242957,0.4198413764515842,0.0,0.0,0.0,6990572.570870944,16741.507769086827,165328.52213298067,4714169.049129772,643350.5186438668,0.02577470572959125,0.3200658660457094,0.2761783673242957,0.4198413764515842,0.0,0.0,0.0,6990572.570870944,16741.507769086827,165328.52213298067,4714169.049129772,643350.5186438668,0.02577470572959125,0.3200658660457094,0.2761783673242957,0.4198413764515842
0.0,0.0,0.0,6990572.570870944,16741.507769086827,165328.52213298067,4714169.049129772,643350.5186438668,0.02577470572959125,0.3200658660457094,0.2761783673242957,0.4198413764515842,0.0,0.0,0.0,6990572.570870944,16741.507769086827,165328.52213298067,4714169.049129772,643350.5186438668,0.02577470572959125,0.3200658660457094,0.2761783673242957,0.4198413764515842,0.0,0.0,0.0,6990572.570870944,16741.507769086827,165328.52213298067,4714169.049129772,643350.5186438668,0.02577470572959125,0.3200658660457094,0.2761783673242957,0.4198413764515842,0.0,0.0,0.0,6990572.570870944,16741.507769086827,165328.52213298067,4714169.049129772,643350.5186438668,0.02577470572959125,0.3200658660457094,0.2761783673242957,0.4198413764515842,0.0,0.0,0.0,6990572.570870944,16741.507769086827,165328.52213298067,4714169.049129772,643350.5186438668,0.02577470572959125,0.3200658660457094,0.2761783673242957,0.4198413764515842,0.0,0.0,0.0,6990572.570870944,16741.507769086827,165328.52213298067,4714169.049129772,643350.5186438668,0.02577470572959125,0.3200658660457094,0.2761783673242957,0.4198413764515842
0.0,0.0,0.0,6990572.570870944,16741.507769086827,165328.52213298067,4714169.049129772,643350.5186438668,0.02577470572959125,0.3200658660457094,0.2761783673242957,0.4198413764515842,0.0,0.0,0.0,6990572.570870944,16741.507769086827,165328.52213298067,4714169.049129772,643350.5186438668,0.02577470572959125,0.3200658660457094,0.2761783673242957,0.4198413764515842,0.0,0.0,0.0,6990572.570870944,16741.507769086827,165328.52213298067,4714169.049129772,643350.5186438668,0.02577470572959125,0.3200658660457094,0.2761783673242957,0.4198413764515842,0.0,0.0,0.0,6990572.570870944,16741.507769086827,165328.52213298067,4714169.049129772,643350.5186438668,0.02577470572959125,0.3200658660457094,0.2761783673242957,0.4198413764515842,0.0,0.0,0.0,6990572.570870944,16741.507769086827,165328.52213298067,4714169.049129772,643350.5186438668,0.02577470572959125,0.3200658660457094,0.2761783673242957,0.4198413764515842,0.0,0.0,0.0,6990572.570870944,16741.507769086827,165328.52213298067,4714169.049129772,643350.5186438668,0.02577470572959125,0.3200658660457094,0.2761783673242957,0.4198413764515842
0.0,0.0,0.0,6990572.570870944,16741.507769086827,165328.52213298067,4714169.049129772,643350.5186438668,0.02577470572959125,0.3200658660457094,0.2761783673242957,0.4198413764515842,0.0,0.0,0.0,6990572.570870944,16741.507769086827,165328.52213298067,4714169.049129772,643350.5186438668,0.02577470572959125,0.3200658660457094,0.2761783673242957,0.4198413764515842,0.0,0.0,0.0,6990572.570870944,16741.507769086827,165328.52213298067,4714169.049129772,643350.5186438668,0.02577470572959125,0.3200658660457094,0.2761783673242957,0.4198413764515842,0.0,0.0,0.0,6990572.570870944,16741.507769086827,165328.52213298067,4714169.049129772,643350.5186438668,0.02577470572959125,0.3200658660457094,0.2761783673242957,0.4198413764515842,0.0,0.0,0.0,6990572.570870944,16741.507769086827,165328.52213298067,4714169.049129772,643350.5186438668,0.02577470572959125,0.3200658660457094,0.2761783673242957,0.4198413764515842,0.0,0.0,0.0,6990572.570870944,16741.507769086827,165328.52213298067,4714169.049129772,643350.5186438668,0.02577470572959125,0.3200658660457094,0.2761783673242957,0.4198413764515842
0.0,0.0,0.0,6990572.570870944,16741.507769086827,165328.52213298067,4714169.049129772,643350.5186438668,0.02577470572959125,0.3200658660457094,0.2761783673242957,0.4198413764515842,0.0,0.0,0.0,6990572.570870944,16741.507769086827,165328.52213298067,4714169.049129772,643350.5186438668,0.02577470572959125,0.3200658660457094,0.2761783673242957,0.4198413764515842,0.0,0.0,0.0,6990572.570870944,16741.507769086827,165328.52213298067,4714169.049129772,643350.5186438668,0.02577470572959125,0.3200658660457094,0.2761783673242957,0.4198413764515842,0.0,0.0,0.0,6990572.570870944,16741.507769086827,165328.52213298067,4714169.049129772,643350.5186438668,0.02577470572959125,0.3200658660457094,0.2761783673242957,0.4198413764515842,0.0,0.0,0.0,6990572.570870944,16741.507769086827,165328.52213298067,4714169.049129772,643350.5186438668,0.02577470572959125,0.3200658660457094,0.2761783673242957,0.4198413764515842,0.0,0.0,0.0,6990572.570870944,16741.507769086827,165328.52213298067,4714169.049129772,643350.5186438668,0.02577470572959125,0.3200658660457094,0.2761783673242957,0.4198413764515842
0.0,0.0,0.0,6990572.570870944,16741.507769086827,165328.52213298067,4714169.049129772,643350.5186438668,0.02577470572959125,0.3200658660457094,0.2761783673242957,0.4198413764515842,0.0,0.0,0.0,6990572.570870944,16741.507769086827,165328.52213298067,4714169.049129772,643350.5186438668,0.02577470572959125,0.3200658660457094,0.2761783673242957,0.4198413764515842,0.0,0.0,0.0,6990572.570870944,16741.507769086827,165328.52213298067,4714169.049129772,643350.5186438668,0.02577470572959125,0.3200658660457094,0.2761783673242957,0.4198413764515842,0.0,0.0,0.0,6990572.570870944,16741.507769086827,165328.52213298067,4714169.049129772,643350.5186438668,0.02577470572959125,0.3200658660457094,0.2761783673242957,0.4198413764515842,0.0,0.0,0.0,6990572.570870944,16741.507769086827,165328.52213298067,4714169.049129772,643350.5186438668,0.02577470572959125,0.3200658660457094,0.2761783673242957,0.4198413764515842,0.0,0.0,0.0,6990572.570870944,16741.507769086827,165328.52213298067,4714169.049129772,643350.5186438668,0.02577470572959125,0.3200658660457094,0.2761783673242957,0.4198413764515842
0.0,0.0,0.0,6990572.570870944,16741.507769086827,165328.52213298067,4714169.049129772,643350.5186438668,0.02577470572959125,0.3200658660457094,0.2761783673242957,0.4198413764515842,0.0,0.0,0.0,6990572.570870944,16741.507769086827,165328.52213298067,4714169.049129772,643350.5186438668,0.02577470572959125,0.3200658660457094,0.2761783673242957,0.4198413764515842,0.0,0.0,0.0,6990572.570870944,16741.507769086827,165328.52213298067,4714169.049129772,643350.5186438668,0.02577470572959125,0.3200658660457094,0.2761783673242957,0.4198413764515842,0.0,0.0,0.0,6990572.570870944,16741.507769086827,165328.52213298067,4714169.049129772,643350.5186438668,0.02577470572959125,0.3200658660457094,0.2761783673242957,0.4198413764515842,0.0,0.0,0.0,6990572.570870944,16741.507769086827,165328.52213298067,4714169.049129772,643350.5186438668,0.02577470572959125,0.3200658660457094,0.2761783673242957,0.4198413764515842,0.0,0.0,0.0,6990572.570870944,16741.507769086827,165328.52213298067,4714169.049129772,643350.5186438668,0.02577470572959125,0.3200658660457094,0.2761783673242957,0.4198413764515842
0.0,0.0,0.0,6990572.570870944,16741.507769086827,165328.52213298067,4714169.049129772,643350.5186438668,0.02577470572959125,0.3200658660457094,0.2761783673242957,0.4198413764515842,0.0,0.0,0.0,6990572.570870944,16741.507769086827,165328.52213298067,4714169.049129772,643350.5186438668,0.02577470572959125,0.3200658660457094,0.2761783673242957,0.4198413764515842,0.0,0.0,0.0,6990572.570870944,16741.507769086827,165328.52213298067,4714169.049129772,643350.5186438668,0.02577470572959125,0.3200658660457094,0.2761783673242957,0.4198413764515842,0.0,0.0,0.0,6990572.570870944,16741.507769086827,165328.52213298067,4714169.049129772,643350.5186438668,0.02577470572959125,0.3200658660457094,0.2761783673242957,0.4198413764515842,0.0,0.0,0.0,6990572.570870944,16741.507769086827,165328.52213298067,4714169.049129772,643350.5186438668,0.02577470572959125,0.3200658660457094,0.2761783673242957,0.4198413764515842,0.0,0.0,0.0,6990572.570870944,16741.507769086827,165328.52213298067,4714169.049129772,643350.5186438668,0.02577470572959125,0.3200658660457094,0.2761783673242957,0.4198413764515842
0.0,0.0,0.0,6990572.570870944,16741.507769086827,165328.52213298067,4714169.049129772,643350.5186438668,0.02577470572959125,0.3200658660457094,0.2761783673242957,0.4198413764515842,0.0,0.0,0.0,6990572.570870944,16741.507769086827,165328.52213298067,4714169.049129772,643350.5186438668,0.02577470572959125,0.3200658660457094,0.2761783673242957,0.4198413764515842,0.0,0.0,0.0,6990572.570870944,16741.507769086827,165328.52213298067,4714169.049129772,643350.5186438668,0.02577470572959125,0.3200658660457094,0.2761783673242957,0.4198413764515842,0.0,0.0,0.0,6990572.570870944,16741.507769086827,165328.52213298067,4714169.049129772,643350.5186438668,0.02577470572959125,0.3200658660457094,0.2761783673242957,0.4198413764515842,0.0,0.0,0.0,6990572.570870944,16741.507769086827,165328.52213298067,4714169.049129772,643350.5186438668,0.02577470572959125,0.3200658660457094,0.2761783673242957,0.4198413764515842,0.0,0.0,0.0,6990572.570870944,16741.507769086827,165328.52213298067,4714169.049129772,643350.5186438668,0.02577470572959125,0.3200658660457094,0.2761783673242957,0.4198413764515842
0.0,0.0,0.0,6990572.570870944,16741.507769086827,165328.52213298067,4714169.049129772,643350.5186438668,0.02577470572959125,0.3200658660457094,0.2761783673242957,0.4198413764515842,0.0,0.0,0.0,6990572.570870944,16741.507769086827,165328.52213298067,4714169.049129772,643350.5186438668,0.02577470572959125,0.3200658660457094,0.2761783673242957,0.4198413764515842,0.0,0.0,0.0,6990572.570870944,16741.507769086827,165328.52213298067,4714169.049129772,643350.5186438668,0.02577470572959125,0.3200658660457094,0.2761783673242957,0.4198413764515842,0.0,0.0,0.0,6990572.570870944,16741.507769086827,165328.52213298067,4714169.049129772,643350.5186438668,0.02577470572959125,0.3200658660457094,0.2761783673242957,0.4198413764515842,0.0,0.0,0.0,6990572.570870944,16741.507769086827,165328.52213298067,4714169.049129772,643350.5186438668,0.02577470572959125,0.3200658660457094,0.2761783673242957,0.4198413764515842,0.0,0.0,0.0,6990572.570870944,16741.507769086827,165328.52213298067,4714169.049129772,643350.5186438668,0.02577470572959125,0.3200658660457094,0.2761783673242957,0.4198413764515842
0.0,0.0,0.0,6990572.570870944,16741.507769086827,165328.52213298067,4714169.049129772,643350.5186438668,0.02577470572959125,0.3200658660457094,0.2761783673242957,0.4198413764515842,0.0,0.0,0.0,6990572.570870944,16741.507769086827,165328.52213298067,4714169.049129772,643350.5186438668,0.02577470572959125,0.3200658660457094,0.2761783673242957,0.4198413764515842,0.0,0.0,0.0,6990572.570870944,16741.507769086827,165328.52213298067,4714169.049129772,643350.5186438668,0.02577470572959125,0.3200658660457094,0.2761783673242957,0.4198413764515842,0.0,0.0,0.0,6990572.570870944,16741.507769086827,165328.52213298067,4714169.049129772,643350.5186438668,0.02577470572959125,0.3200658660457094,0.2761783673242957,0.4198413764515842,0.0,0.0,0.0,6990572.570870944,16741.507769086827,165328.52213298067,4714169.049129772,643350.5186438668,0.02577470572959125,0.3200658660457094,0.2761783673242957,0.4198413764515842,0.0,0.0,0.0,6990572.570870944,16741.507769086827,165328.52213298067,4714169.049129772,643350.5186438668,0.02577470572959125,0.3200658660457094,0.2761783673242957,0.4198413764515842
0.0,0.0,0.0,6990572.570870944,16741.507769086827,165328.52213298067,4714169.049129772,643350.5186438668,0.02577470572959125,0.3200658660457094,0.2761783673242957,0.4198413764515842,0.0,0.0,0.0,6990572.570870944,16741.507769086827,165328.52213298067,4714169.049129772,643350.5186438668,0.02577470572959125,0.3200658660457094,0.2761783673242957,0.4198413764515842,0.0,0.0,0.0,6990572.570870944,16741.507769086827,165328.52213298067,4714169.049129772,643350.5186438668,0.02577470572959125,0.3200658660457094,0.2761783673242957,0.4198413764515842,0.0,0.0,0.0,6990572.570870944,16741.507769086827,165328.52213298067,4714169.049129772,643350.5186438668,0.02577470572959125,0.3200658660457094,0.2761783673242957,0.4198413764515842,0.0,0.0,0.0,6990572.570870944,16741.507769086827,165328.52213298067,4714169.049129772,643350.5186438668,0.02577470572959125,0.3200658660457094,0.2761783673242957,0.4198413764515842,0.0,0.0,0.0,6990572.570870944,16741.507769086827,165328.52213298067,4714169.049129772,643350.5186438668,0.02577470572959125,0.3200658660457094,0.2761783673242957,0.4198413764515842
0.0,0.0,0.0,6990572.570870944,16741.507769086827,165328.52213298067,4714169.049129772,643350.5186438668,0.02577470572959125,0.3200658660457094,0.2761783673242957,0.4198413764515842,0.0,0.0,0.0,6990572.570870944,16741.507769086827,165328.52213298067,4714169.049129772,643350.5186438668,0.02577470572959125,0.3200658660457094,0.2761783673242957,0.4198413764515842,0.0,0.0,0.0,6990572.570870944,16741.507769086827,165328.52213298067,4714169.049129772,643350.5186438668,0.02577470572959125,0.3200658660457094,0.2761783673242957,0.4198413764515842,0.0,0.0,0.0,6990572.570870944,16741.507769086827,165328.52213298067,4714169.049129772,643350.5186438668,0.02577470572959125,0.3200658660457094,0.2761783673242957,0.4198413764515842,0.0,0.0,0.0,6990572.570870944,16741.507769086827,165328.52213298067,4714169.049129772,643350.5186438668,0.02577470572959125,0.3200658660457094,0.2761783673242957,0.4198413764515842,0.0,0.0,0.0,6990572.570870944,16741.507769086827,165328.52213298067,4714169.049129772,643350.5186438668,0.02577470572959125,0.3200658660457094,0.2761783673242957,0.4198413764515842
0.0,0.0,0.0,6990572.570870944,16741.507769086827,165328.52213298067,4714169.049129772,643350.5186438668,0.02577470572959125,0.3200658660457094,0.2761783673242957,0.4198413764515842,0.0,0.0,0.0,6990572.570870944,16741.507769086827,165328.52213298067,4714169.049129772,643350.5186438668,0.02577470572959125,0.3200658660457094,0.2761783673242957,0.4198413764515842,0.0,0.0,0.0,6990572.570870944,16741.507769086827,165328.52213298067,4714169.049129772,643350.5186438668,0.02577470572959125,0.3200658660457094,0.2761783673242957,0.4198413764515842,0.0,0.0,0.0,6990572.570870944,16741.507769086827,165328.52213298067,4714169.049129772,643350.5186438668,0.02577470572959125,0.3200658660457094,0.2761783673242957,0.4198413764515842,0.0,0.0,0.0,6990572.570870944,16741.507769086827,165328.52213298067,4714169.049129772,643350.5186438668,0.02577470572959125,0.3200658660457094,0.2761783673242957,0.4198413764515842,0.0,0.0,0.0,6990572.570870944,16741.507769086827,165328.52213298067,4714169.049129772,643350.5186438668,0.02577470572959125,0.3200658660457094,0.2761783673242957,0.4198413764515842
0.0,0.0,0.0,6990572.570870944,16741.507769086827,165328.52213298067,4714169.049129772,643350.5186438668,0.02577470572959125,0.3200658660457094,0.2761783673242957,0.4198413764515842,0.0,0.0,0.0,6990572.570870944,16741.507769086827,165328.52213298067,4714169.049129772,643350.5186438668,0.02577470572959125,0.3200658660457094,0.2761783673242957,0.4198413764515842,0.0,0.0,0.0,6990572.570870944,16741.507769086827,165328.52213298067,4714169.049129772,643350.5186438668,0.02577470572959125,0.3200658660457094,0.2761783673242957,0.4198413764515842,0.0,0.0,0.0,6990572.570870944,16741.507769086827,165328.52213298067,4714169.049129772,643350.5186438668,0.02577470572959125,0.3200658660457094,0.2761783673242957,0.4198413764515842,0.0,0.0,0.0,6990572.570870944,16741.507769086827,165328.52213298067,4714169.049129772,643350.5186438668,0.02577470572959125,0.3200658660457094,0.2761783673242957,0.4198413764515842,0.0,0.0,0.0,6990572.570870944,16741.507769086827,165328.52213298067,4714169.049129772,643350.5186438668,0.02577470572959125,0.3200658660457094,0.2761783673242957,0.4198413764515842
0.0,0.0,0.0,6990572.570870944,16741.507769086827,165328.52213298067,4714169.049129772,643350.5186438668,0.02577470572959125,0.3200658660457094,0.2761783673242957,0.4198413764515842,0.0,0.0,0.0,6990572.570870944,16741.507769086827,165328.52213298067,4714169.049129772,643350.5186438668,0.02577470572959125,0.3200658660457094,0.2761783673242957,0.4198413764515842,0.0,0.0,0.0,6990572.570870944,16741.507769086827,165328.52213298067,4714169.049129772,643350.5186438668,0.02577470572959125,0.3200658660457094,0.2761783673242957,0.4198413764515842,0.0,0.0,0.0,6990572.570870944,16741.507769086827,165328.52213298067,4714169.049129772,643350.5186438668,0.02577470572959125,0.3200658660457094,0.2761783673242957,0.4198413764515842,0.0,0.0,0.0,6990572.570870944,16741.507769086827,165328.52213298067,4714169.049129772,643350.5186438668,0.02577470572959125,0.3200658660457094,0.2761783673242957,0.4198413764515842,0.0,0.0,0.0,6990572.570870944,16741.507769086827,165328.52213298067,4714169.049129772,643350.5186438668,0.02577470572959125,0.3200658660457094,0.2761783673242957,0.4198413764515842
0.0,0.0,0.0,6990572.570870944,16741.507769086827,165328.52213298067,4714169.049129772,643350.5186438668,0.02577470572959125,0.3200658660457094,0.2761783673242957,0.4198413764515842,0.0,0.0,0.0,6990572.570870944,16741.507769086827,165328.52213298067,4714169.049129772,643350.5186438668,0.02577470572959125,0.3200658660457094,0.2761783673242957,0.4198413764515842,0.0,0.0,0.0,6990572.570870944,16741.507769086827,165328.52213298067,4714169.049129772,643350.5186438668,0.02577470572959125,0.3200658660457094,0.2761783673242957,0.4198413764515842,0.0,0.0,0.0,6990572.570870944,16741.507769086827,165328.52213298067,4714169.049129772,643350.5186438668,0.02577470572959125,0.3200658660457094,0.2761783673242957,0.4198413764515842,0.0,0.0,0.0,6990572.570870944,16741.507769086827,165328.52213298067,4714169.049129772,643350.5186438668,0.02577470572959125,0.3200658660457094,0.2761783673242957,0.4198413764515842,0.0,0.0,0.0,6990572.570870944,16741.507769086827,165328.52213298067,4714169.049129772,643350.5186438668,0.02577470572959125,0.3200658660457094,0.2761783673242957,0.4198413764515842
0.0,0.0,0.0,6990572.570870944,16741.507769086827,165328.52213298067,4714169.049129772,643350.5186438668,0.02577470572959125,0.3200658660457094,0.2761783673242957,0.4198413764515842,0.0,0.0,0.0,6990572.570870944,16741.507769086827,165328.52213298067,4714169.049129772,643350.5186438668,0.02577470572959125,0.3200658660457094,0.2761783673242957,0.4198413764515842,0.0,0.0,0.0,6990572.570870944,16741.507769086827,165328.52213298067,4714169.049129772,643350.5186438668,0.02577470572959125,0.3200658660457094,0.2761783673242957,0.4198413764515842,0.0,0.0,0.0,6990572.570870944,16741.507769086827,165328.52213298067,4714169.049129772,643350.5186438668,0.02577470572959125,0.3200658660457094,0.2761783673242957,0.4198413764515842,0.0,0.0,0.0,6990572.570870944,16741.507769086827,165328.52213298067,4714169.049129772,643350.5186438668,0.02577470572959125,0.3200658660457094,0.2761783673242957,0.4198413764515842,0.0,0.0,0.0,6990572.570870944,16741.507769086827,165328.52213298067,4714169.049129772,643350.5186438668,0.02577470572959125,0.3200658660457094,0.2761783673242957,0.4198413764515842
0.0,0.0,0.0,6990572.570870944,16741.507769086827,165328.52213298067,4714169.049129772,643350.5186438668,0.02577470572959125,0.3200658660457094,0.2761783673242957,0.4198413764515842,0.0,0.0,0.0,6990572.570870944,16741.507769086827,165328.52213298067,4714169.049129772,643350.5186438668,0.02577470572959125,0.3200658660457094,0.2761783673242957,0.4198413764515842,0.0,0.0,0.0,6990572.570870944,16741.507769086827,165328.52213298067,4714169.049129772,643350.5186438668,0.02577470572959125,0.3200658660457094,0.2761783673242957,0.4198413764515842,0.0,0.0,0.0,6990572.570870944,16741.507769086827,165328.52213298067,4714169.049129772,643350.5186438668,0.02577470572959125,0.3200658660457094,0.2761783673242957,0.4198413764515842,0.0,0.0,0.0,6990572.570870944,16741.507769086827,165328.52213298067,4714169.049129772,643350.5186438668,0.02577470572959125,0.3200658660457094,0.2761783673242957,0.4198413764515842,0.0,0.0,0.0,6990572.570870944,16741.507769086827,165328.52213298067,4714169.049129772,643350.5186438668,0.02577470572959125,0.3200658660457094,0.2761783673242957,0.4198413764515842
0.0,0.0,0.0,6990572.570870944,16741.507769086827,165328.52213298067,4714169.049129772,643350.5186438668,0.02577470572959125,0.3200658660457094,0.2761783673242957,0.4198413764515842,0.0,0.0,0.0,6990572.570870944,16741.507769086827,165328.52213298067,4714169.049129772,643350.5186438668,0.02577470572959125,0.3200658660457094,0.2761783673242957,0.4198413764515842,0.0,0.0,0.0,6990572.570870944,16741.507769086827,165328.52213298067,4714169.049129772,643350.5186438668,0.02577470572959125,0.3200658660457094,0.2761783673242957,0.4198413764515842,0.0,0.0,0.0,6990572.570870944,16741.507769086827,165328.52213298067,4714169.049129772,643350.5186438668,0.02577470572959125,0.3200658660457094,0.2761783673242957,0.4198413764515842,0.0,0.0,0.0,6990572.570870944,16741.507769086827,165328.52213298067,4714169.049129772,643350.5186438668,0.02577470572959125,0.3200658660457094,0.2761783673242957,0.4198413764515842,0.0,0.0,0.0,6990572.570870944,16741.507769086827,165328.52213298067,4714169.049129772,643350.5186438668,0.02577470572959125,0.3200658660457094,0.2761783673242957,0.4198413764515842
0.0,0.0,0.0,6990572.570870944,16741.507769086827,165328.52213298067,4714169.049129772,643350.5186438668,0.02577470572959125,0.3200658660457094,0.2761783673242957,0.4198413764515842,0.0,0.0,0.0,6990572.570870944,16741.507769086827,165328.52213298067,4714169.049129772,643350.5186438668,0.02577470572959125,0.3200658660457094,0.2761783673242957,0.4198413764515842,0.0,0.0,0.0,6990572.570870944,16741.507769086827,165328.52213298067,4714169.049129772,643350.5186438668,0.02577470572959125,0.3200658660457094,0.2761783673242957,0.4198413764515842,0.0,0.0,0.0,6990572.570870944,16741.507769086827,165328.52213298067,4714169.049129772,643350.5186438668,0.02577470572959125,0.3200658660457094,0.2761783673242957,0.4198413764515842,0.0,0.0,0.0,6990572.570870944,16741.507769086827,165328.52213298067,4714169.049129772,643350.5186438668,0.02577470572959125,0.3200658660457094,0.2761783673242957,0.4198413764515842,0.0,0.0,0.0,6990572.570870944,16741.507769086827,165328.52213298067,4714169.049129772,643350.5186438668,0.02577470572959125,0.3200658660457094,0.2761783673242957,0.4198413764515842
0.0,0.0,0.0,6990572.570870944,16741.507769086827,165328.52213298067,4714169.049129772,643350.5186438668,0.02577470572959125,0.3200658660457094,0.2761783673242957,0.4198413764515842,0.0,0.0,0.0,6990572.570870944,16741.507769086827,165328.52213298067,4714169.049129772,643350.5186438668,0.02577470572959125,0.3200658660457094,0.2761783673242957,0.4198413764515842,0.0,0.0,0.0,6990572.570870944,16741.507769086827,165328.52213298067,4714169.049129772,643350.5186438668,0.02577470572959125,0.3200658660457094,0.2761783673242957,0.4198413764515842,0.0,0.0,0.0,6990572.570870944,16741.507769086827,165328.52213298067,4714169.049129772,643350.5186438668,0.02577470572959125,0.3200658660457094,0.2761783673242957,0.4198413764515842,0.0,0.0,0.0,6990572.570870944,16741.507769086827,165328.52213298067,4714169.049129772,643350.5186438668,0.02577470572959125,0.3200658660457094,0.2761783673242957,0.4198413764515842,0.0,0.0,0.0,6990572.570870944,16741.507769086827,165328.52213298067,4714169.049129772,643350.5186438668,0.02577470572959125,0.3200658660457094,0.2761783673242957,0.4198413764515842
0.0,0.0,0.0,6990572.570870944,16741.507769086827,165328.52213298067,4714169.049129772,643350.5186438668,0.02577470572959125,0.3200658660457094,0.2761783673242957,0.4198413764515842,0.0,0.0,0.0,6990572.570870944,16741.507769086827,165328.52213298067,4714169.049129772,643350.5186438668,0.02577470572959125,0.3200658660457094,0.2761783673242957,0.4198413764515842,0.0,0.0,0.0,6990572.570870944,16741.507769086827,165328.52213298067,4714169.049129772,643350.5186438668,0.02577470572959125,0.3200658660457094,0.2761783673242957,0.4198413764515842,0.0,0.0,0.0,6990572.570870944,16741.507769086827,165328.52213298067,4714169.049129772,643350.5186438668,0.02577470572959125,0.3200658660457094,0.2761783673242957,0.4198413764515842,0.0,0.0,0.0,6990572.570870944,16741.507769086827,165328.52213298067,4714169.049129772,643350.5186438668,0.02577470572959125,0.3200658660457094,0.2761783673242957,0.4198413764515842,0.0,0.0,0.0,6990572.570870944,16741.507769086827,165328.52213298067,4714169.049129772,643350.5186438668,0.02577470572959125,0.3200658660457094,0.2761783673242957,0.4198413764515842
0.0,0.0,0.0,6990572.570870944,16741.507769086827,165328.52213298067,4714169.049129772,643350.5186438668,0.02577470572959125,0.3200658660457094,0.2761783673242957,0.4198413764515842,0.0,0.0,0.0,6990572.570870944,16741.507769086827,165328.52213298067,4714169.049129772,643350.5186438668,0.02577470572959125,0.3200658660457094,0.2761783673242957,0.4198413764515842,0.0,0.0,0.0,6990572.570870944,16741.507769086827,165328.52213298067,4714169.049129772,643350.5186438668,0.02577470572959125,0.3200658660457094,0.2761783673242957,0.4198413764515842,0.0,0.0,0.0,6990572.570870944,16741.507769086827,165328.52213298067,4714169.049129772,643350.5186438668,0.02577470572959125,0.3200658660457094,0.2761783673242957,0.4198413764515842,0.0,0.0,0.0,6990572.570870944,16741.507769086827,165328.52213298067,4714169.049129772,643350.5186438668,0.02577470572959125,0.3200658660457094,0.2761783673242957,0.4198413764515842,0.0,0.0,0.0,6990572.570870944,16741.507769086827,165328.52213298067,4714169.049129772,643350.5186438668,0.02577470572959125,0.3200658660457094,0.2761783673242957,0.4198413764515842
0.0,0.0,0.0,6990572.570870944,16741.507769086827,165328.52213298067,4714169.049129772,643350.5186438668,0.02577470572959125,0.3200658660457094,0.2761783673242957,0.4198413764515842,0.0,0.0,0.0,6990572.570870944,16741.507769086827,165328.52213298067,4714169.049129772,643350.5186438668,0.02577470572959125,0.3200658660457094,0.2761783673242957,0.4198413764515842,0.0,0.0,0.0,6990572.570870944,16741.507769086827,165328.52213298067,4714169.049129772,643350.5186438668,0.02577470572959125,0.3200658660457094,0.2761783673242957,0.4198413764515842,0.0,0.0,0.0,6990572.570870944,16741.507769086827,165328.52213298067,4714169.049129772,643350.5186438668,0.02577470572959125,0.3200658660457094,0.2761783673242957,0.4198413764515842,0.0,0.0,0.0,6990572.570870944,16741.507769086827,165328.52213298067,4714169.049129772,643350.5186438668,0.02577470572959125,0.3200658660457094,0.2761783673242957,0.4198413764515842,0.0,0.0,0.0,6990572.570870944,16741.507769086827,165328.52213298067,4714169.049129772,643350.5186438668,0.02577470572959125,0.3200658660457094,0.2761783673242957,0.4198413764515842
0.0,0.0,0.0,6990572.570870944,16741.507769086827,165328.52213298067,4714169.049129772,643350.5186438668,0.02577470572959125,0.3200658660457094,0.2761783673242957,0.4198413764515842,0.0,0.0,0.0,6990572.570870944,16741.507769086827,165328.52213298067,4714169.049129772,643350.5186438668,0.02577470572959125,0.3200658660457094,0.2761783673242957,0.4198413764515842,0.0,0.0,0.0,6990572.570870944,16741.507769086827,165328.52213298067,4714169.049129772,643350.5186438668,0.02577470572959125,0.3200658660457094,0.2761783673242957,0.4198413764515842,0.0,0.0,0.0,6990572.570870944,16741.507769086827,165328.52213298067,4714169.049129772,643350.5186438668,0.02577470572959125,0.3200658660457094,0.2761783673242957,0.4198413764515842,0.0,0.0,0.0,6990572.570870944,16741.507769086827,165328.52213298067,4714169.049129772,643350.5186438668,0.02577470572959125,0.3200658660457094,0.2761783673242957,0.4198413764515842,0.0,0.0,0.0,6990572.570870944,16741.507769086827,165328.52213298067,4714169.049129772,643350.5186438668,0.02577470572959125,0.3200658660457094,0.2761783673242957,0.4198413764515842
0.0,0.0,0.0,6990572.570870944,16741.507769086827,165328.52213298067,4714169.049129772,643350.5186438668,0.02577470572959125,0.3200658660457094,0.2761783673242957,0.4198413764515842,0.0,0.0,0.0,6990572.570870944,16741.507769086827,165328.52213298067,4714169.049129772,643350.5186438668,0.02577470572959125,0.3200658660457094,0.2761783673242957,0.4198413764515842,0.0,0.0,0.0,6990572.570870944,16741.507769086827,165328.52213298067,4714169.049129772,643350.5186438668,0.02577470572959125,0.3200658660457094,0.2761783673242957,0.4198413764515842,0.0,0.0,0.0,6990572.570870944,16741.507769086827,165328.52213298067,4714169.049129772,643350.5186438668,0.02577470572959125,0.3200658660457094,0.2761783673242957,0.4198413764515842,0.0,0.0,0.0,6990572.570870944,16741.507769086827,165328.52213298067,4714169.049129772,643350.5186438668,0.02577470572959125,0.3200658660457094,0.2761783673242957,0.4198413764515842,0.0,0.0,0.0,6990572.570870944,16741.507769086827,165328.52213298067,4714169.049129772,643350.5186438668,0.02577470572959125,0.3200658660457094,0.2761783673242957,0.4198413764515842
0.0,0.0,0.0,6990572.570870944,16741.507769086827,165328.52213298067,4714169.049129772,643350.5186438668,0.02577470572959125,0.3200658660457094,0.2761783673242957,0.4198413764515842,0.0,0.0,0.0,6990572.570870944,16741.507769086827,165328.52213298067,4714169.049129772,643350.5186438668,0.02577470572959125,0.3200658660457094,0.2761783673242957,0.4198413764515842,0.0,0.0,0.0,6990572.570870944,16741.507769086827,165328.52213298067,4714169.049129772,643350.5186438668,0.02577470572959125,0.3200658660457094,0.2761783673242957,0.4198413764515842,0.0,0.0,0.0,6990572.570870944,16741.507769086827,165328.52213298067,4714169.049129772,643350.5186438668,0.02577470572959125,0.3200658660457094,0.2761783673242957,0.4198413764515842,0.0,0.0,0.0,6990572.570870944,16741.507769086827,165328.52213298067,4714169.049129772,643350.5186438668,0.02577470572959125,0.3200658660457094,0.2761783673242957,0.4198413764515842,0.0,0.0,0.0,6990572.570870944,16741.507769086827,165328.52213298067,4714169.049129772,643350.5186438668,0.02577470572959125,0.3200658660457094,0.2761783673242957,0.4198413764515842
0.0,0.0,0.0,6990572.570870944,16741.507769086827,165328.52213298067,4714169.049129772,643350.5186438668,0.02577470572959125,0.3200658660457094,0.2761783673242957,0.4198413764515842,0.0,0.0,0.0,6990572.570870944,16741.507769086827,165328.52213298067,4714169.049129772,643350.5186438668,0.02577470572959125,0.3200658660457094,0.2761783673242957,0.4198413764515842,0.0,0.0,0.0,6990572.570870944,16741.507769086827,165328.52213298067,4714169.049129772,643350.5186438668,0.02577470572959125,0.3200658660457094,0.2761783673242957,0.4198413764515842,0.0,0.0,0.0,6990572.570870944,16741.507769086827,165328.52213298067,4714169.049129772,643350.5186438668,0.02577470572959125,0.3200658660457094,0.2761783673242957,0.4198413764515842,0.0,0.0,0.0,6990572.570870944,16741.507769086827,165328.52213298067,4714169.049129772,643350.5186438668,0.02577470572959125,0.3200658660457094,0.2761783673242957,0.4198413764515842,0.0,0.0,0.0,6990572.570870944,16741.507769086827,165328.52213298067,4714169.049129772,643350.5186438668,0.02577470572959125,0.3200658660457094,0.2761783673242957,0.4198413764515842
0.0,0.0,0.0,6990572.570870944,16741.507769086827,165328.52213298067,4714169.049129772,643350.5186438668,0.02577470572959125,0.3200658660457094,0.2761783673242957,0.4198413764515842,0.0,0.0,0.0,6990572.570870944,16741.507769086827,165328.52213298067,4714169.049129772,643350.5186438668,0.02577470572959125,0.3200658660457094,0.2761783673242957,0.4198413764515842,0.0,0.0,0.0,6990572.570870944,16741.507769086827,165328.52213298067,4714169.049129772,643350.5186438668,0.02577470572959125,0.3200658660457094,0.2761783673242957,0.4198413764515842,0.0,0.0,0.0,6990572.570870944,16741.507769086827,165328.52213298067,4714169.049129772,643350.5186438668,0.02577470572959125,0.3200658660457094,0.2761783673242957,0.4198413764515842,0.0,0.0,0.0,6990572.570870944,16741.507769086827,165328.52213298067,4714169.049129772,643350.5186438668,0.02577470572959125,0.3200658660457094,0.2761783673242957,0.4198413764515842,0.0,0.0,0.0,6990572.570870944,16741.507769086827,165328.52213298067,4714169.049129772,643350.5186438668,0.02577470572959125,0.3200658660457094,0.2761783673242957,0.4198413764515842
0.0,0.0,0.0,6990572.570870944,16741.507769086827,165328.52213298067,4714169.049129772,643350.5186438668,0.02577470572959125,0.3200658660457094,0.2761783673242957,0.4198413764515842,0.0,0.0,0.0,6990572.570870944,16741.507769086827,165328.52213298067,4714169.049129772,643350.5186438668,0.02577470572959125,0.3200658660457094,0.2761783673242957,0.4198413764515842,0.0,0.0,0.0,6990572.570870944,16741.507769086827,165328.52213298067,4714169.049129772,643350.5186438668,0.02577470572959125,0.3200658660457094,0.2761783673242957,0.4198413764515842,0.0,0.0,0.0,6990572.570870944,16741.507769086827,165328.52213298067,4714169.049129772,643350.5186438668,0.02577470572959125,0.3200658660457094,0.2761783673242957,0.4198413764515842,0.0,0.0,0.0,6990572.570870944,16741.507769086827,165328.52213298067,4714169.049129772,643350.5186438668,0.02577470572959125,0.3200658660457094,0.2761783673242957,0.4198413764515842,0.0,0.0,0.0,6990572.570870944,16741.507769086827,165328.52213298067,4714169.049129772,643350.5186438668,0.02577470572959125,0.3200658660457094,0.2761783673242957,0.4198413764515842
0.0,0.0,0.0,6990572.570870944,16741.507769086827,165328.52213298067,4714169.049129772,643350.5186438668,0.02577470572959125,0.3200658660457094,0.2761783673242957,0.4198413764515842,0.0,0.0,0.0,6990572.570870944,16741.507769086827,165328.52213298067,4714169.049129772,643350.5186438668,0.02577470572959125,0.3200658660457094,0.2761783673242957,0.4198413764515842,0.0,0.0,0.0,6990572.570870944,16741.507769086827,165328.52213298067,4714169.049129772,643350.5186438668,0.02577470572959125,0.3200658660457094,0.2761783673242957,0.4198413764515842,0.0,0.0,0.0,6990572.570870944,16741.507769086827,165328.52213298067,4714169.049129772,643350.5186438668,0.02577470572959125,0.3200658660457094,0.2761783673242957,0.4198413764515842,0.0,0.0,0.0,6990572.570870944,16741.507769086827,165328.52213298067,4714169.049129772,643350.5186438668,0.02577470572959125,0.3200658660457094,0.2761783673242957,0.4198413764515842,0.0,0.0,0.0,6990572.570870944,16741.507769086827,165328.52213298067,4714169.049129772,643350.5186438668,0.02577470572959125,0.3200658660457094,0.2761783673242957,0.4198413764515842
0.0,0.0,0.0,6990572.570870944,16741.507769086827,165328.52213298067,4714169.049129772,643350.5186438668,0.02577470572959125,0.3200658660457094,0.2761783673242957,0.4198413764515842,0.0,0.0,0.0,6990572.570870944,16741.507769086827,165328.52213298067,4714169.049129772,643350.5186438668,0.02577470572959125,0.3200658660457094,0.2761783673242957,0.4198413764515842,0.0,0.0,0.0,6990572.570870944,16741.507769086827,165328.52213298067,4714169.049129772,643350.5186438668,0.02577470572959125,0.3200658660457094,0.2761783673242957,0.4198413764515842,0.0,0.0,0.0,6990572.570870944,16741.507769086827,165328.52213298067,4714169.049129772,643350.5186438668,0.02577470572959125,0.3200658660457094,0.2761783673242957,0.4198413764515842,0.0,0.0,0.0,6990572.570870944,16741.507769086827,165328.52213298067,4714169.049129772,643350.5186438668,0.02577470572959125,0.3200658660457094,0.2761783673242957,0.4198413764515842,0.0,0.0,0.0,6990572.570870944,16741.507769086827,165328.52213298067,4714169.049129772,643350.5186438668,0.02577470572959125,0.3200658660457094,0.2761783673242957,0.4198413764515842
0.0,0.0,0.0,6990572.570870944,16741.507769086827,165328.52213298067,4714169.049129772,643350.5186438668,0.02577470572959125,0.3200658660457094,0.2761783673242957,0.4198413764515842,0.0,0.0,0.0,6990572.570870944,16741.507769086827,165328.52213298067,4714169.049129772,643350.5186438668,0.02577470572959125,0.3200658660457094,0.2761783673242957,0.4198413764515842,0.0,0.0,0.0,6990572.570870944,16741.507769086827,165328.52213298067,4714169.049129772,643350.5186438668,0.02577470572959125,0.3200658660457094,0.2761783673242957,0.4198413764515842,0.0,0.0,0.0,6990572.570870944,16741.507769086827,165328.52213298067,4714169.049129772,643350.5186438668,0.02577470572959125,0.3200658660457094,0.2761783673242957,0.4198413764515842,0.0,0.0,0.0,6990572.570870944,16741.507769086827,165328.52213298067,4714169.049129772,643350.5186438668,0.02577470572959125,0.3200658660457094,0.2761783673242957,0.4198413764515842,0.0,0.0,0.0,6990572.570870944,16741.507769086827,165328.52213298067,4714169.049129772,643350.5186438668,0.02577470572959125,0.3200658660457094,0.2761783673242957,0.4198413764515842
0.0,0.0,0.0,6990572.570870944,16741.507769086827,165328.52213298067,4714169.049129772,643350.5186438668,0.02577470572959125,0.3200658660457094,0.2761783673242957,0.4198413764515842,0.0,0.0,0.0,6990572.570870944,16741.507769086827,165328.52213298067,4714169.049129772,643350.5186438668,0.02577470572959125,0.3200658660457094,0.2761783673242957,0.4198413764515842,0.0,0.0,0.0,6990572.570870944,16741.507769086827,165328.52213298067,4714169.049129772,643350.5186438668,0.02577470572959125,0.3200658660457094,0.2761783673242957,0.4198413764515842,0.0,0.0,0.0,6990572.570870944,16741.507769086827,165328.52213298067,4714169.049129772,643350.5186438668,0.02577470572959125,0.3200658660457094,0.2761783673242957,0.4198413764515842,0.0,0.0,0.0,6990572.570870944,16741.507769086827,165328.52213298067,4714169.049129772,643350.5186438668,0.02577470572959125,0.3200658660457094,0.2761783673242957,0.4198413764515842,0.0,0.0,0.0,6990572.570870944,16741.507769086827,165328.52213298067,4714169.049129772,643350.5186438668,0.02577470572959125,0.3200658660457094,0.2761783673242957,0.4198413764515842
0.0,0.0,0.0,6990572.570870944,16741.507769086827,165328.52213298067,4714169.049129772,643350.5186438668,0.02577470572959125,0.3200658660457094,0.2761783673242957,0.4198413764515842,0.0,0.0,0.0,6990572.570870944,16741.507769086827,165328.52213298067,4714169.049129772,643350.5186438668,0.02577470572959125,0.3200658660457094,0.2761783673242957,0.4198413764515842,0.0,0.0,0.0,6990572.570870944,16741.507769086827,165328.52213298067,4714169.049129772,643350.5186438668,0.02577470572959125,0.3200658660457094,0.2761783673242957,0.4198413764515842,0.0,0.0,0.0,6990572.570870944,16741.507769086827,165328.52213298067,4714169.049129772,643350.5186438668,0.02577470572959125,0.3200658660457094,0.2761783673242957,0.4198413764515842,0.0,0.0,0.0,6990572.570870944,16741.507769086827,165328.52213298067,4714169.049129772,643350.5186438668,0.02577470572959125,0.3200658660457094,0.2761783673242957,0.4198413764515842,0.0,0.0,0.0,6990572.570870944,16741.507769086827,165328.52213298067,4714169.049129772,643350.5186438668,0.02577470572959125,0.3200658660457094,0.2761783673242957,0.4198413764515842
0.0,0.0,0.0,6990572.570870944,16741.507769086827,165328.52213298067,4714169.049129772,643350.5186438668,0.02577470572959125,0.3200658660457094,0.2761783673242957,0.4198413764515842,0.0,0.0,0.0,6990572.570870944,16741.507769086827,165328.52213298067,4714169.049129772,643350.5186438668,0.02577470572959125,0.3200658660457094,0.2761783673242957,0.4198413764515842,0.0,0.0,0.0,6990572.570870944,16741.507769086827,165328.52213298067,4714169.049129772,643350.5186438668,0.02577470572959125,0.3200658660457094,0.2761783673242957,0.4198413764515842,0.0,0.0,0.0,6990572.570870944,16741.507769086827,165328.52213298067,4714169.049129772,643350.5186438668,0.02577470572959125,0.3200658660457094,0.2761783673242957,0.4198413764515842,0.0,0.0,0.0,6990572.570870944,16741.507769086827,165328.52213298067,4714169.049129772,643350.5186438668,0.02577470572959125,0.3200658660457094,0.2761783673242957,0.4198413764515842,0.0,0.0,0.0,6990572.570870944,16741.507769086827,165328.52213298067,4714169.049129772,643350.5186438668,0.02577470572959125,0.3200658660457094,0.2761783673242957,0.4198413764515842
0.0,0.0,0.0,6990572.570870944,16741.507769086827,165328.52213298067,4714169.049129772,643350.5186438668,0.02577470572959125,0.3200658660457094,0.2761783673242957,0.4198413764515842,0.0,0.0,0.0,6990572.570870944,16741.507769086827,165328.52213298067,4714169.049129772,643350.5186438668,0.02577470572959125,0.3200658660457094,0.2761783673242957,0.4198413764515842,0.0,0.0,0.0,6990572.570870944,16741.507769086827,165328.52213298067,4714169.049129772,643350.5186438668,0.02577470572959125,0.3200658660457094,0.2761783673242957,0.4198413764515842,0.0,0.0,0.0,6990572.570870944,16741.507769086827,165328.52213298067,4714169.049129772,643350.5186438668,0.02577470572959125,0.3200658660457094,0.2761783673242957,0.4198413764515842,0.0,0.0,0.0,6990572.570870944,16741.507769086827,165328.52213298067,4714169.049129772,643350.5186438668,0.02577470572959125,0.3200658660457094,0.2761783673242957,0.4198413764515842,0.0,0.0,0.0,6990572.570870944,16741.507769086827,165328.52213298067,4714169.049129772,643350.5186438668,0.02577470572959125,0.3200658660457094,0.2761783673242957,0.4198413764515842
0.0,0.0,0.0,6990572.570870944,16741.507769086827,165328.52213298067,4714169.049129772,643350.5186438668,0.02577470572959125,0.3200658660457094,0.2761783673242957,0.4198413764515842,0.0,0.0,0.0,6990572.570870944,16741.507769086827,165328.52213298067,4714169.049129772,643350.5186438668,0.02577470572959125,0.3200658660457094,0.2761783673242957,0.4198413764515842,0.0,0.0,0.0,6990572.570870944,16741.507769086827,165328.52213298067,4714169.049129772,643350.5186438668,0.02577470572959125,0.3200658660457094,0.2761783673242957,0.4198413764515842,0.0,0.0,0.0,6990572.570870944,16741.507769086827,165328.52213298067,4714169.049129772,643350.5186438668,0.02577470572959125,0.3200658660457094,0.2761783673242957,0.4198413764515842,0.0,0.0,0.0,6990572.570870944,16741.507769086827,165328.52213298067,4714169.049129772,643350.5186438668,0.02577470572959125,0.3200658660457094,0.2761783673242957,0.4198413764515842,0.0,0.0,0.0,6990572.570870944,16741.507769086827,165328.52213298067,4714169.049129772,643350.5186438668,0.02577470572959125,0.3200658660457094,0.2761783673242957,0.4198413764515842
0.0,0.0,0.0,6990572.570870944,16741.507769086827,165328.52213298067,4714169.049129772,643350.5186438668,0.02577470572959125,0.3200658660457094,0.2761783673242957,0.4198413764515842,0.0,0.0,0.0,6990572.570870944,16741.507769086827,165328.52213298067,4714169.049129772,643350.5186438668,0.02577470572959125,0.3200658660457094,0.2761783673242957,0.4198413764515842,0.0,0.0,0.0,6990572.570870944,16741.507769086827,165328.52213298067,4714169.049129772,643350.5186438668,0.02577470572959125,0.3200658660457094,0.2761783673242957,0.4198413764515842,0.0,0.0,0.0,6990572.570870944,16741.507769086827,165328.52213298067,4714169.049129772,643350.5186438668,0.02577470572959125,0.3200658660457094,0.2761783673242957,0.4198413764515842,0.0,0.0,0.0,6990572.570870944,16741.507769086827,165328.52213298067,4714169.049129772,643350.5186438668,0.02577470572959125,0.3200658660457094,0.2761783673242957,0.4198413764515842,0.0,0.0,0.0,6990572.570870944,16741.507769086827,165328.52213298067,4714169.049129772,643350.5186438668,0.02577470572959125,0.3200658660457094,0.2761783673242957,0.4198413764515842
0.0,0.0,0.0,6990572.570870944,16741.507769086827,165328.52213298067,4714169.049129772,643350.5186438668,0.02577470572959125,0.3200658660457094,0.2761783673242957,0.4198413764515842,0.0,0.0,0.0,6990572.570870944,16741.507769086827,165328.52213298067,4714169.049129772,643350.5186438668,0.02577470572959125,0.3200658660457094,0.2761783673242957,0.4198413764515842,0.0,0.0,0.0,6990572.570870944,16741.507769086827,165328.52213298067,4714169.049129772,643350.5186438668,0.02577470572959125,0.3200658660457094,0.2761783673242957,0.4198413764515842,0.0,0.0,0.0,6990572.570870944,16741.507769086827,165328.52213298067,4714169.049129772,643350.5186438668,0.02577470572959125,0.3200658660457094,0.2761783673242957,0.4198413764515842,0.0,0.0,0.0,6990572.570870944,16741.507769086827,165328.52213298067,4714169.049129772,643350.5186438668,0.02577470572959125,0.3200658660457094,0.2761783673242957,0.4198413764515842,0.0,0.0,0.0,6990572.570870944,16741.507769086827,165328.52213298067,4714169.049129772,643350.5186438668,0.02577470572959125,0.3200658660457094,0.2761783673242957,0.4198413764515842
0.0,0.0,0.0,6990572.570870944,16741.507769086827,165328.52213298067,4714169.049129772,643350.5186438668,0.02577470572959125,0.3200658660457094,0.2761783673242957,0.4198413764515842,0.0,0.0,0.0,6990572.570870944,16741.507769086827,165328.52213298067,4714169.049129772,643350.5186438668,0.02577470572959125,0.3200658660457094,0.2761783673242957,0.4198413764515842,0.0,0.0,0.0,6990572.570870944,16741.507769086827,165328.52213298067,4714169.049129772,643350.5186438668,0.02577470572959125,0.3200658660457094,0.2761783673242957,0.4198413764515842,0.0,0.0,0.0,6990572.570870944,16741.507769086827,165328.52213298067,4714169.049129772,643350.5186438668,0.02577470572959125,0.3200658660457094,0.2761783673242957,0.4198413764515842,0.0,0.0,0.0,6990572.570870944,16741.507769086827,165328.52213298067,4714169.049129772,643350.5186438668,0.02577470572959125,0.3200658660457094,0.2761783673242957,0.4198413764515842,0.0,0.0,0.0,6990572.570870944,16741.507769086827,165328.52213298067,4714169.049129772,643350.5186438668,0.02577470572959125,0.3200658660457094,0.2761783673242957,0.4198413764515842
0.0,0.0,0.0,6990572.570870944,16741.507769086827,165328.52213298067,4714169.049129772,643350.5186438668,0.02577470572959125,0.3200658660457094,0.2761783673242957,0.4198413764515842,0.0,0.0,0.0,6990572.570870944,16741.507769086827,165328.52213298067,4714169.049129772,643350.5186438668,0.02577470572959125,0.3200658660457094,0.2761783673242957,0.4198413764515842,0.0,0.0,0.0,6990572.570870944,16741.507769086827,165328.52213298067,4714169.049129772,643350.5186438668,0.02577470572959125,0.3200658660457094,0.2761783673242957,0.4198413764515842,0.0,0.0,0.0,6990572.570870944,16741.507769086827,165328.52213298067,4714169.049129772,643350.5186438668,0.02577470572959125,0.3200658660457094,0.2761783673242957,0.4198413764515842,0.0,0.0,0.0,6990572.570870944,16741.507769086827,165328.52213298067,4714169.049129772,643350.5186438668,0.02577470572959125,0.3200658660457094,0.2761783673242957,0.4198413764515842,0.0,0.0,0.0,6990572.570870944,16741.507769086827,165328.52213298067,4714169.049129772,643350.5186438668,0.02577470572959125,0.3200658660457094,0.2761783673242957,0.4198413764515842
0.0,0.0,0.0,6990572.570870944,16741.507769086827,165328.52213298067,4714169.049129772,643350.5186438668,0.02577470572959125,0.3200658660457094,0.2761783673242957,0.4198413764515842,0.0,0.0,0.0,6990572.570870944,16741.507769086827,165328.52213298067,4714169.049129772,643350.5186438668,0.02577470572959125,0.3200658660457094,0.2761783673242957,0.4198413764515842,0.0,0.0,0.0,6990572.570870944,16741.507769086827,165328.52213298067,4714169.049129772,643350.5186438668,0.02577470572959125,0.3200658660457094,0.2761783673242957,0.4198413764515842,0.0,0.0,0.0,6990572.570870944,16741.507769086827,165328.52213298067,4714169.049129772,643350.5186438668,0.02577470572959125,0.3200658660457094,0.2761783673242957,0.4198413764515842,0.0,0.0,0.0,6990572.570870944,16741.507769086827,165328.52213298067,4714169.049129772,643350.5186438668,0.02577470572959125,0.3200658660457094,0.2761783673242957,0.4198413764515842,0.0,0.0,0.0,6990572.570870944,16741.507769086827,165328.52213298067,4714169.049129772,643350.5186438668,0.02577470572959125,0.3200658660457094,0.2761783673242957,0.4198413764515842
0.0,0.0,0.0,6990572.570870944,16741.507769086827,165328.52213298067,4714169.049129772,643350.5186438668,0.02577470572959125,0.3200658660457094,0.2761783673242957,0.4198413764515842,0.0,0.0,0.0,6990572.570870944,16741.507769086827,165328.52213298067,4714169.049129772,643350.5186438668,0.02577470572959125,0.3200658660457094,0.2761783673242957,0.4198413764515842,0.0,0.0,0.0,6990572.570870944,16741.507769086827,165328.52213298067,4714169.049129772,643350.5186438668,0.02577470572959125,0.3200658660457094,0.2761783673242957,0.4198413764515842,0.0,0.0,0.0,6990572.570870944,16741.507769086827,165328.52213298067,4714169.049129772,643350.5186438668,0.02577470572959125,0.3200658660457094,0.2761783673242957,0.4198413764515842,0.0,0.0,0.0,6990572.570870944,16741.507769086827,165328.52213298067,4714169.049129772,643350.5186438668,0.02577470572959125,0.3200658660457094,0.2761783673242957,0.4198413764515842,0.0,0.0,0.0,6990572.570870944,16741.507769086827,165328.52213298067,4714169.049129772,643350.5186438668,0.02577470572959125,0.3200658660457094,0.2761783673242957,0.4198413764515842
0.0,0.0,0.0,6990572.570870944,16741.507769086827,165328.52213298067,4714169.049129772,643350.5186438668,0.02577470572959125,0.3200658660457094,0.2761783673242957,0.4198413764515842,0.0,0.0,0.0,6990572.570870944,16741.507769086827,165328.52213298067,4714169.049129772,643350.5186438668,0.02577470572959125,0.3200658660457094,0.2761783673242957,0.4198413764515842,0.0,0.0,0.0,6990572.570870944,16741.507769086827,165328.52213298067,4714169.049129772,643350.5186438668,0.02577470572959125,0.3200658660457094,0.2761783673242957,0.4198413764515842,0.0,0.0,0.0,6990572.570870944,16741.507769086827,165328.52213298067,4714169.049129772,643350.5186438668,0.02577470572959125,0.3200658660457094,0.2761783673242957,0.4198413764515842,0.0,0.0,0.0,6990572.570870944,16741.507769086827,165328.52213298067,4714169.049129772,643350.5186438668,0.02577470572959125,0.3200658660457094,0.2761783673242957,0.4198413764515842,0.0,0.0,0.0,6990572.570870944,16741.507769086827,165328.52213298067,4714169.049129772,643350.5186438668,0.02577470572959125,0.3200658660457094,0.2761783673242957,0.4198413764515842
0.0,0.0,0.0,6990572.570870944,16741.507769086827,165328.52213298067,4714169.049129772,643350.5186438668,0.02577470572959125,0.3200658660457094,0.2761783673242957,0.4198413764515842,0.0,0.0,0.0,6990572.570870944,16741.507769086827,165328.52213298067,4714169.049129772,643350.5186438668,0.02577470572959125,0.3200658660457094,0.2761783673242957,0.4198413764515842,0.0,0.0,0.0,6990572.570870944,16741.507769086827,165328.52213298067,4714169.049129772,643350.5186438668,0.02577470572959125,0.3200658660457094,0.2761783673242957,0.4198413764515842,0.0,0.0,0.0,6990572.570870944,16741.507769086827,165328.52213298067,4714169.049129772,643350.5186438668,0.02577470572959125,0.3200658660457094,0.2761783673242957,0.4198413764515842,0.0,0.0,0.0,6990572.570870944,16741.507769086827,165328.52213298067,4714169.049129772,643350.5186438668,0.02577470572959125,0.3200658660457094,0.2761783673242957,0.4198413764515842,0.0,0.0,0.0,6990572.570870944,16741.507769086827,165328.52213298067,4714169.049129772,643350.5186438668,0.02577470572959125,0.3200658660457094,0.2761783673242957,0.4198413764515842
0.0,0.0,0.0,6990572.570870944,16741.507769086827,165328.52213298067,4714169.049129772,643350.5186438668,0.02577470572959125,0.3200658660457094,0.2761783673242957,0.4198413764515842,0.0,0.0,0.0,6990572.570870944,16741.507769086827,165328.52213298067,4714169.049129772,643350.5186438668,0.02577470572959125,0.3200658660457094,0.2761783673242957,0.4198413764515842,0.0,0.0,0.0,6990572.570870944,16741.507769086827,165328.52213298067,4714169.049129772,643350.5186438668,0.02577470572959125,0.3200658660457094,0.2761783673242957,0.4198413764515842,0.0,0.0,0.0,6990572.570870944,16741.507769086827,165328.52213298067,4714169.049129772,643350.5186438668,0.02577470572959125,0.3200658660457094,0.2761783673242957,0.4198413764515842,0.0,0.0,0.0,6990572.570870944,16741.507769086827,165328.52213298067,4714169.049129772,643350.5186438668,0.02577470572959125,0.3200658660457094,0.2761783673242957,0.4198413764515842,0.0,0.0,0.0,6990572.570870944,16741.507769086827,165328.52213298067,4714169.049129772,643350.5186438668,0.02577470572959125,0.3200658660457094,0.2761783673242957,0.4198413764515842
0.0,0.0,0.0,6990572.570870944,16741.507769086827,165328.52213298067,4714169.049129772,643350.5186438668,0.02577470572959125,0.3200658660457094,0.2761783673242957,0.4198413764515842,0.0,0.0,0.0,6990572.570870944,16741.507769086827,165328.52213298067,4714169.049129772,643350.5186438668,0.02577470572959125,0.3200658660457094,0.2761783673242957,0.4198413764515842,0.0,0.0,0.0,6990572.570870944,16741.507769086827,165328.52213298067,4714169.049129772,643350.5186438668,0.02577470572959125,0.3200658660457094,0.2761783673242957,0.4198413764515842,0.0,0.0,0.0,6990572.570870944,16741.507769086827,165328.52213298067,4714169.049129772,643350.5186438668,0.02577470572959125,0.3200658660457094,0.2761783673242957,0.4198413764515842,0.0,0.0,0.0,6990572.570870944,16741.507769086827,165328.52213298067,4714169.049129772,643350.5186438668,0.02577470572959125,0.3200658660457094,0.2761783673242957,0.4198413764515842,0.0,0.0,0.0,6990572.570870944,16741.507769086827,165328.52213298067,4714169.049129772,643350.5186438668,0.02577470572959125,0.3200658660457094,0.2761783673242957,0.4198413764515842
0.0,0.0,0.0,6990572.570870944,16741.507769086827,165328.52213298067,4714169.049129772,643350.5186438668,0.02577470572959125,0.3200658660457094,0.2761783673242957,0.4198413764515842,0.0,0.0,0.0,6990572.570870944,16741.507769086827,165328.52213298067,4714169.049129772,643350.5186438668,0.02577470572959125,0.3200658660457094,0.2761783673242957,0.4198413764515842,0.0,0.0,0.0,6990572.570870944,16741.507769086827,165328.52213298067,4714169.049129772,643350.5186438668,0.02577470572959125,0.3200658660457094,0.2761783673242957,0.4198413764515842,0.0,0.0,0.0,6990572.570870944,16741.507769086827,165328.52213298067,4714169.049129772,643350.5186438668,0.02577470572959125,0.3200658660457094,0.2761783673242957,0.4198413764515842,0.0,0.0,0.0,6990572.570870944,16741.507769086827,165328.52213298067,4714169.049129772,643350.5186438668,0.02577470572959125,0.3200658660457094,0.2761783673242957,0.4198413764515842,0.0,0.0,0.0,6990572.570870944,16741.507769086827,165328.52213298067,4714169.049129772,643350.5186438668,0.02577470572959125,0.3200658660457094,0.2761783673242957,0.4198413764515842
0.0,0.0,0.0,6990572.570870944,16741.507769086827,165328.52213298067,4714169.049129772,643350.5186438668,0.02577470572959125,0.3200658660457094,0.2761783673242957,0.4198413764515842,0.0,0.0,0.0,6990572.570870944,16741.507769086827,165328.52213298067,4714169.049129772,643350.5186438668,0.02577470572959125,0.3200658660457094,0.2761783673242957,0.4198413764515842,0.0,0.0,0.0,6990572.570870944,16741.507769086827,165328.52213298067,4714169.049129772,643350.5186438668,0.02577470572959125,0.3200658660457094,0.2761783673242957,0.4198413764515842,0.0,0.0,0.0,6990572.570870944,16741.507769086827,165328.52213298067,4714169.049129772,643350.5186438668,0.02577470572959125,0.3200658660457094,0.2761783673242957,0.4198413764515842,0.0,0.0,0.0,6990572.570870944,16741.507769086827,165328.52213298067,4714169.049129772,643350.5186438668,0.02577470572959125,0.3200658660457094,0.2761783673242957,0.4198413764515842,0.0,0.0,0.0,6990572.570870944,16741.507769086827,165328.52213298067,4714169.049129772,643350.5186438668,0.02577470572959125,0.3200658660457094,0.2761783673242957,0.4198413764515842
0.0,0.0,0.0,6990572.570870944,16741.507769086827,165328.52213298067,4714169.049129772,643350.5186438668,0.02577470572959125,0.3200658660457094,0.2761783673242957,0.4198413764515842,0.0,0.0,0.0,6990572.570870944,16741.507769086827,165328.52213298067,4714169.049129772,643350.5186438668,0.02577470572959125,0.3200658660457094,0.2761783673242957,0.4198413764515842,0.0,0.0,0.0,6990572.570870944,16741.507769086827,165328.52213298067,4714169.049129772,643350.5186438668,0.02577470572959125,0.3200658660457094,0.2761783673242957,0.4198413764515842,0.0,0.0,0.0,6990572.570870944,16741.507769086827,165328.52213298067,4714169.049129772,643350.5186438668,0.02577470572959125,0.3200658660457094,0.2761783673242957,0.4198413764515842,0.0,0.0,0.0,6990572.570870944,16741.507769086827,165328.52213298067,4714169.049129772,643350.5186438668,0.02577470572959125,0.3200658660457094,0.2761783673242957,0.4198413764515842,0.0,0.0,0.0,6990572.570870944,16741.507769086827,165328.52213298067,4714169.049129772,643350.5186438668,0.02577470572959125,0.3200658660457094,0.2761783673242957,0.4198413764515842
0.0,0.0,0.0,6990572.570870944,16741.507769086827,165328.52213298067,4714169.049129772,643350.5186438668,0.02577470572959125,0.3200658660457094,0.2761783673242957,0.4198413764515842,0.0,0.0,0.0,6990572.570870944,16741.507769086827,165328.52213298067,4714169.049129772,643350.5186438668,0.02577470572959125,0.3200658660457094,0.2761783673242957,0.4198413764515842,0.0,0.0,0.0,6990572.570870944,16741.507769086827,165328.52213298067,4714169.049129772,643350.5186438668,0.02577470572959125,0.3200658660457094,0.2761783673242957,0.4198413764515842,0.0,0.0,0.0,6990572.570870944,16741.507769086827,165328.52213298067,4714169.049129772,643350.5186438668,0.02577470572959125,0.3200658660457094,0.2761783673242957,0.4198413764515842,0.0,0.0,0.0,6990572.570870944,16741.507769086827,165328.52213298067,4714169.049129772,643350.5186438668,0.02577470572959125,0.3200658660457094,0.2761783673242957,0.4198413764515842,2334.0,93746.0,86515355.0,21576564.84747215,6786.078049835526,132743.56882847883,1248932.6820051945,1864387.1768219024,0.0329905741216795,0.086975149957155,0.0128534704370179,0.7806341045415596
0.0,0.0,0.0,6990572.570870944,16741.507769086827,165328.52213298067,4714169.049129772,643350.5186438668,0.02577470572959125,0.3200658660457094,0.2761783673242957,0.4198413764515842,0.0,0.0,0.0,6990572.570870944,16741.507769086827,165328.52213298067,4714169.049129772,643350.5186438668,0.02577470572959125,0.3200658660457094,0.2761783673242957,0.4198413764515842,0.0,0.0,0.0,6990572.570870944,16741.507769086827,165328.52213298067,4714169.049129772,643350.5186438668,0.02577470572959125,0.3200658660457094,0.2761783673242957,0.4198413764515842,0.0,0.0,0.0,6990572.570870944,16741.507769086827,165328.52213298067,4714169.049129772,643350.5186438668,0.02577470572959125,0.3200658660457094,0.2761783673242957,0.4198413764515842,2334.0,93746.0,86515355.0,21576564.84747215,6786.078049835526,132743.56882847883,1248932.6820051945,1864387.1768219024,0.0329905741216795,0.086975149957155,0.0128534704370179,0.7806341045415596,7240.0,130931.0,77427471.0,19827144.50662984,18239.5554575776,259429.8631226284,1350568.2214734212,1558824.523214148,0.0292817679558011,0.1470994475138121,0.067817679558011,0.7288674033149172
0.0,0.0,0.0,6990572.570870944,16741.507769086827,165328.52213298067,4714169.049129772,643350.5186438668,0.02577470572959125,0.3200658660457094,0.2761783673242957,0.4198413764515842,0.0,0.0,0.0,6990572.570870944,16741.507769086827,165328.52213298067,4714169.049129772,643350.5186438668,0.02577470572959125,0.3200658660457094,0.2761783673242957,0.4198413764515842,0.0,0.0,0.0,6990572.570870944,16741.507769086827,165328.52213298067,4714169.049129772,643350.5186438668,0.02577470572959125,0.3200658660457094,0.2761783673242957,0.4198413764515842,2334.0,93746.0,86515355.0,21576564.84747215,6786.078049835526,132743.56882847883,1248932.6820051945,1864387.1768219024,0.0329905741216795,0.086975149957155,0.0128534704370179,0.7806341045415596,7240.0,130931.0,77427471.0,19827144.50662984,18239.5554575776,259429.8631226284,1350568.2214734212,1558824.523214148,0.0292817679558011,0.1470994475138121,0.067817679558011,0.7288674033149172,1577.0,12383.0,3377920.0,6848977.918199113,47607.36576966159,163481.2193012901,2953477.4425919103,1032107.6047044782,0.0259987317691819,0.5060240963855421,0.1211160431198478,0.5497780596068484
0.0,0.0,0.0,6990572.570870944,16741.507769086827,165328.52213298067,4714169.049129772,643350.5186438668,0.02577470572959125,0.3200658660457094,0.2761783673242957,0.4198413764515842,0.0,0.0,0.0,6990572.570870944,16741.507769086827,165328.52213298067,4714169.049129772,643350.5186438668,0.02577470572959125,0.3200658660457094,0.2761783673242957,0.4198413764515842,2334.0,93746.0,86515355.0,21576564.84747215,6786.078049835526,132743.56882847883,1248932.6820051945,1864387.1768219024,0.0329905741216795,0.086975149957155,0.0128534704370179,0.7806341045415596,7240.0,130931.0,77427471.0,19827144.50662984,18239.5554575776,259429.8631226284,1350568.2214734212,1558824.523214148,0.0292817679558011,0.1470994475138121,0.067817679558011,0.7288674033149172,1577.0,12383.0,3377920.0,6848977.918199113,47607.36576966159,163481.2193012901,2953477.4425919103,1032107.6047044782,0.0259987317691819,0.5060240963855421,0.1211160431198478,0.5497780596068484,2543.0,66929.0,60736823.0,13256937.116004718,93787.93370251896,610267.9722195363,2620427.341367784,1931454.7628890816,0.1246559182068423,0.5277231616201337,0.0939834840739284,0.5395202516712544
0.0,0.0,0.0,6990572.570870944,16741.507769086827,165328.52213298067,4714169.049129772,643350.5186438668,0.02577470572959125,0.3200658660457094,0.2761783673242957,0.4198413764515842,2334.0,93746.0,86515355.0,21576564.84747215,6786.078049835526,132743.56882847883,1248932.6820051945,1864387.1768219024,0.0329905741216795,0.086975149957155,0.0128534704370179,0.7806341045415596,7240.0,130931.0,77427471.0,19827144.50662984,18239.5554575776,259429.8631226284,1350568.2214734212,1558824.523214148,0.0292817679558011,0.1470994475138121,0.067817679558011,0.7288674033149172,1577.0,12383.0,3377920.0,6848977.918199113,47607.36576966159,163481.2193012901,2953477.4425919103,1032107.6047044782,0.0259987317691819,0.5060240963855421,0.1211160431198478,0.5497780596068484,2543.0,66929.0,60736823.0,13256937.116004718,93787.93370251896,610267.9722195363,2620427.341367784,1931454.7628890816,0.1246559182068423,0.5277231616201337,0.0939834840739284,0.5395202516712544,2835.0,101880.0,105451413.0,15995793.087477954,72755.02770597281,566076.6666266558,3049740.844185729,3149213.903030312,0.0991181657848324,0.363668430335097,0.0948853615520282,1.0320987654320988
2334.0,93746.0,86515355.0,21576564.84747215,6786.078049835526,132743.56882847883,1248932.6820051945,1864387.1768219024,0.0329905741216795,0.086975149957155,0.0128534704370179,0.7806341045415596,7240.0,130931.0,77427471.0,19827144.50662984,18239.5554575776,259429.8631226284,1350568.2214734212,1558824.523214148,0.0292817679558011,0.1470994475138121,0.067817679558011,0.7288674033149172,1577.0,12383.0,3377920.0,6848977.918199113,47607.36576966159,163481.2193012901,2953477.4425919103,1032107.6047044782,0.0259987317691819,0.5060240963855421,0.1211160431198478,0.5497780596068484,2543.0,66929.0,60736823.0,13256937.116004718,93787.93370251896,610267.9722195363,2620427.341367784,1931454.7628890816,0.1246559182068423,0.5277231616201337,0.0939834840739284,0.5395202516712544,2835.0,101880.0,105451413.0,15995793.087477954,72755.02770597281,566076.6666266558,3049740.844185729,3149213.903030312,0.0991181657848324,0.363668430335097,0.0948853615520282,1.0320987654320988,1868.0,122365.0,139568767.0,14194752.32869379,15521.027237510534,149566.74315861185,2669572.194001232,1947807.86609901,0.0262312633832976,0.2119914346895074,0.1525695931477516,0.5230192719486081
7240.0,130931.0,77427471.0,19827144.50662984,18239.5554575776,259429.8631226284,1350568.2214734212,1558824.523214148,0.0292817679558011,0.1470994475138121,0.067817679558011,0.7288674033149172,1577.0,12383.0,3377920.0,6848977.918199113,47607.36576966159,163481.2193012901,2953477.4425919103,1032107.6047044782,0.0259987317691819,0.5060240963855421,0.1211160431198478,0.5497780596068484,2543.0,66929.0,60736823.0,13256937.116004718,93787.93370251896,610267.9722195363,2620427.341367784,1931454.7628890816,0.1246559182068423,0.5277231616201337,0.0939834840739284,0.5395202516712544,2835.0,101880.0,105451413.0,15995793.087477954,72755.02770597281,566076.6666266558,3049740.844185729,3149213.903030312,0.0991181657848324,0.363668430335097,0.0948853615520282,1.0320987654320988,1868.0,122365.0,139568767.0,14194752.32869379,15521.027237510534,149566.74315861185,2669572.194001232,1947807.86609901,0.0262312633832976,0.2119914346895074,0.1525695931477516,0.5230192719486081,3322.0,28922.0,15167742.0,8275397.009030704,17502.77575255777,115360.1465243664,2844424.696558488,978253.38955992,0.0138470800722456,0.5171583383503914,0.0972305839855508,0.3458759783263094
1577.0,12383.0,3377920.0,6848977.918199113,47607.36576966159,163481.2193012901,2953477.4425919103,1032107.6047044782,0.0259987317691819,0.5060240963855421,0.1211160431198478,0.5497780596068484,2543.0,66929.0,60736823.0,13256937.116004718,93787.93370251896,610267.9722195363,2620427.341367784,1931454.7628890816,0.1246559182068423,0.5277231616201337,0.0939834840739284,0.5395202516712544,2835.0,101880.0,105451413.0,15995793.087477954,72755.02770597281,566076.6666266558,3049740.844185729,3149213.903030312,0.0991181657848324,0.363668430335097,0.0948853615520282,1.0320987654320988,1868.0,122365.0,139568767.0,14194752.32869379,15521.027237510534,149566.74315861185,2669572.194001232,1947807.86609901,0.0262312633832976,0.2119914346895074,0.1525695931477516,0.5230192719486081,3322.0,28922.0,15167742.0,8275397.009030704,17502.77575255777,115360.1465243664,2844424.696558488,978253.38955992,0.0138470800722456,0.5171583383503914,0.0972305839855508,0.3458759783263094,2782.0,39673.0,17456228.0,16304972.265636234,16290.283783919773,188330.6957110913,2968193.5114187994,1036405.1231225708,0.0305535585909417,0.1876347951114306,0.0880661394680086,0.6290438533429188
2543.0,66929.0,60736823.0,13256937.116004718,93787.93370251896,610267.9722195363,2620427.341367784,1931454.7628890816,0.1246559182068423,0.5277231616201337,0.0939834840739284,0.5395202516712544,2835.0,101880.0,105451413.0,15995793.087477954,72755.02770597281,566076.6666266558,3049740.844185729,3149213.903030312,0.0991181657848324,0.363668430335097,0.0948853615520282,1.0320987654320988,1868.0,122365.0,139568767.0,14194752.32869379,15521.027237510534,149566.74315861185,2669572.194001232,1947807.86609901,0.0262312633832976,0.2119914346895074,0.1525695931477516,0.5230192719486081,3322.0,28922.0,15167742.0,8275397.009030704,17502.77575255777,115360.1465243664,2844424.696558488,978253.38955992,0.0138470800722456,0.5171583383503914,0.0972305839855508,0.3458759783263094,2782.0,39673.0,17456228.0,16304972.265636234,16290.283783919773,188330.6957110913,2968193.5114187994,1036405.1231225708,0.0305535585909417,0.1876347951114306,0.0880661394680086,0.6290438533429188,1624.0,99557.0,116324321.0,15243159.622536946,27573.05329209246,247385.058659904,3437413.905777465,1726580.1468106257,0.0387931034482758,0.2604679802955665,0.1693349753694581,0.6816502463054187
2835.0,101880.0,105451413.0,15995793.087477954,72755.02770597281,566076.6666266558,3049740.844185729,3149213.903030312,0.0991181657848324,0.363668430335097,0.0948853615520282,1.0320987654320988,1868.0,122365.0,139568767.0,14194752.32869379,15521.027237510534,149566.74315861185,2669572.194001232,1947807.86609901,0.0262312633832976,0.2119914346895074,0.1525695931477516,0.5230192719486081,3322.0,28922.0,15167742.0,8275397.009030704,17502.77575255777,115360.1465243664,2844424.696558488,978253.38955992,0.0138470800722456,0.5171583383503914,0.0972305839855508,0.3458759783263094,2782.0,39673.0,17456228.0,16304972.265636234,16290.283783919773,188330.6957110913,2968193.5114187994,1036405.1231225708,0.0305535585909417,0.1876347951114306,0.0880661394680086,0.6290438533429188,1624.0,99557.0,116324321.0,15243159.622536946,27573.05329209246,247385.058659904,3437413.905777465,1726580.1468106257,0.0387931034482758,0.2604679802955665,0.1693349753694581,0.6816502463054187,2575.0,52540.0,37182171.0,15580692.813980583,32001.402398363465,355395.400572275,2517898.531045938,1262626.5467192638,0.0442718446601941,0.2170873786407767,0.0951456310679611,0.8741747572815534
1868.0,122365.0,139568767.0,14194752.32869379,15521.027237510534,149566.74315861185,2669572.194001232,1947807.86609901,0.0262312633832976,0.2119914346895074,0.1525695931477516,0.5230192719486081,3322.0,28922.0,15167742.0,8275397.009030704,17502.77575255777,115360.1465243664,2844424.696558488,978253.38955992,0.0138470800722456,0.5171583383503914,0.0972305839855508,0.3458759783263094,2782.0,39673.0,17456228.0,16304972.265636234,16290.283783919773,188330.6957110913,2968193.5114187994,1036405.1231225708,0.0305535585909417,0.1876347951114306,0.0880661394680086,0.6290438533429188,1624.0,99557.0,116324321.0,15243159.622536946,27573.05329209246,247385.058659904,3437413.905777465,1726580.1468106257,0.0387931034482758,0.2604679802955665,0.1693349753694581,0.6816502463054187,2575.0,52540.0,37182171.0,15580692.813980583,32001.402398363465,355395.400572275,2517898.531045938,1262626.5467192638,0.0442718446601941,0.2170873786407767,0.0951456310679611,0.8741747572815534,3503.0,420468.0,479131967.0,14650633.294890096,32785.876192355456,238678.60504240368,2190395.358082946,1704669.5972107202,0.0465315443905224,0.2335141307450756,0.0790750785041393,0.6445903511276049
3322.0,28922.0,15167742.0,8275397.009030704,17502.77575255777,115360.1465243664,2844424.696558488,978253.38955992,0.0138470800722456,0.5171583383503914,0.0972305839855508,0.3458759783263094,2782.0,39673.0,17456228.0,16304972.265636234,16290.283783919773,188330.6957110913,2968193.5114187994,1036405.1231225708,0.0305535585909417,0.1876347951114306,0.0880661394680086,0.6290438533429188,1624.0,99557.0,116324321.0,15243159.622536946,27573.05329209246,247385.058659904,3437413.905777465,1726580.1468106257,0.0387931034482758,0.2604679802955665,0.1693349753694581,0.6816502463054187,2575.0,52540.0,37182171.0,15580692.813980583,32001.402398363465,355395.400572275,2517898.531045938,1262626.5467192638,0.0442718446601941,0.2170873786407767,0.0951456310679611,0.8741747572815534,3503.0,420468.0,479131967.0,14650633.294890096,32785.876192355456,238678.60504240368,2190395.358082946,1704669.5972107202,0.0465315443905224,0.2335141307450756,0.0790750785041393,0.6445903511276049,1924.0,55367.0,57782245.0,9120553.136694388,32181.25345689508,305832.452340964,2448250.2495491416,1026450.8344067824,0.0420997920997921,0.4667359667359667,0.1003118503118503,0.6034303534303534
2782.0,39673.0,17456228.0,16304972.265636234,16290.283783919773,188330.6957110913,2968193.5114187994,1036405.1231225708,0.0305535585909417,0.1876347951114306,0.0880661394680086,0.6290438533429188,1624.0,99557.0,116324321.0,15243159.622536946,27573.05329209246,247385.058659904,3437413.905777465,1726580.1468106257,0.0387931034482758,0.2604679802955665,0.1693349753694581,0.6816502463054187,2575.0,52540.0,37182171.0,15580692.813980583,32001.402398363465,355395.400572275,2517898.531045938,1262626.5467192638,0.0442718446601941,0.2170873786407767,0.0951456310679611,0.8741747572815534,3503.0,420468.0,479131967.0,14650633.294890096,32785.876192355456,238678.60504240368,2190395.358082946,1704669.5972107202,0.0465315443905224,0.2335141307450756,0.0790750785041393,0.6445903511276049,1924.0,55367.0,57782245.0,9120553.136694388,32181.25345689508,305832.452340964,2448250.2495491416,1026450.8344067824,0.0420997920997921,0.4667359667359667,0.1003118503118503,0.6034303534303534,1611.0,30012.0,18793889.0,15518926.097454997,45427.811877693326,498093.1381664219,3911813.319545548,1508988.7714080648,0.0620732464307883,0.3550589695841092,0.1185599006828057,0.5015518311607697
1624.0,99557.0,116324321.0,15243159.622536946,27573.05329209246,247385.058659904,3437413.905777465,1726580.1468106257,0.0387931034482758,0.2604679802955665,0.1693349753694581,0.6816502463054187,2575.0,52540.0,37182171.0,15580692.813980583,32001.402398363465,355395.400572275,2517898.531045938,1262626.5467192638,0.0442718446601941,0.2170873786407767,0.0951456310679611,0.8741747572815534,3503.0,420468.0,479131967.0,14650633.294890096,32785.876192355456,238678.60504240368,2190395.358082946,1704669.5972107202,0.0465315443905224,0.2335141307450756,0.0790750785041393,0.6445903511276049,1924.0,55367.0,57782245.0,9120553.136694388,32181.25345689508,305832.452340964,2448250.2495491416,1026450.8344067824,0.0420997920997921,0.4667359667359667,0.1003118503118503,0.6034303534303534,1611.0,30012.0,18793889.0,15518926.097454997,45427.811877693326,498093.1381664219,3911813.319545548,1508988.7714080648,0.0620732464307883,0.3550589695841092,0.1185599006828057,0.5015518311607697,1169.0,10509.0,1737200.0,13030590.582549186,57294.572040773535,715404.4252070854,4111548.68615852,1059494.848540209,0.0915312232677502,0.3781009409751925,0.127459366980325,0.4627887082976903
2575.0,52540.0,37182171.0,15580692.813980583,32001.402398363465,355395.400572275,2517898.531045938,1262626.5467192638,0.0442718446601941,0.2170873786407767,0.0951456310679611,0.8741747572815534,3503.0,420468.0,479131967.0,14650633.294890096,32785.876192355456,238678.60504240368,2190395.358082946,1704669.5972107202,0.0465315443905224,0.2335141307450756,0.0790750785041393,0.6445903511276049,1924.0,55367.0,57782245.0,9120553.136694388,32181.25345689508,305832.452340964,2448250.2495491416,1026450.8344067824,0.0420997920997921,0.4667359667359667,0.1003118503118503,0.6034303534303534,1611.0,30012.0,18793889.0,15518926.097454997,45427.811877693326,498093.1381664219,3911813.319545548,1508988.7714080648,0.0620732464307883,0.3550589695841092,0.1185599006828057,0.5015518311607697,1169.0,10509.0,1737200.0,13030590.582549186,57294.572040773535,715404.4252070854,4111548.68615852,1059494.848540209,0.0915312232677502,0.3781009409751925,0.127459366980325,0.4627887082976903,4554.0,84736.0,51937632.0,16792530.95652174,18049.227826123813,206172.5902716644,1357421.85105175,1295941.9363421225,0.0353535353535353,0.1352657004830917,0.0641194554238032,0.751207729468599
3503.0,420468.0,479131967.0,14650633.294890096,32785.876192355456,238678.60504240368,2190395.358082946,1704669.5972107202,0.0465315443905224,0.2335141307450756,0.0790750785041393,0.6445903511276049,1924.0,55367.0,57782245.0,9120553.136694388,32181.25345689508,305832.452340964,2448250.2495491416,1026450.8344067824,0.0420997920997921,0.4667359667359667,0.1003118503118503,0.6034303534303534,1611.0,30012.0,18793889.0,15518926.097454997,45427.811877693326,498093.1381664219,3911813.319545548,1508988.7714080648,0.0620732464307883,0.3550589695841092,0.1185599006828057,0.5015518311607697,1169.0,10509.0,1737200.0,13030590.582549186,57294.572040773535,715404.4252070854,4111548.68615852,1059494.848540209,0.0915312232677502,0.3781009409751925,0.127459366980325,0.4627887082976903,4554.0,84736.0,51937632.0,16792530.95652174,18049.227826123813,206172.5902716644,1357421.85105175,1295941.9363421225,0.0353535353535353,0.1352657004830917,0.0641194554238032,0.751207729468599,1467.0,15873.0,5119756.0,14780151.18813906,18295.145080979288,124616.58898441882,4685861.88867172,1353311.706732277,0.0218132242672119,0.321745057941377,0.1049761417859577,0.4996591683708248
1924.0,55367.0,57782245.0,9120553.136694388,32181.25345689508,305832.452340964,2448250.2495491416,1026450.8344067824,0.0420997920997921,0.4667359667359667,0.1003118503118503,0.6034303534303534,1611.0,30012.0,18793889.0,15518926.097454997,45427.811877693326,498093.1381664219,3911813.319545548,1508988.7714080648,0.0620732464307883,0.3550589695841092,0.1185599006828057,0.5015518311607697,1169.0,10509.0,1737200.0,13030590.582549186,57294.572040773535,715404.4252070854,4111548.68615852,1059494.848540209,0.0915312232677502,0.3781009409751925,0.127459366980325,0.4627887082976903,4554.0,84736.0,51937632.0,16792530.95652174,18049.227826123813,206172.5902716644,1357421.85105175,1295941.9363421225,0.0353535353535353,0.1352657004830917,0.0641194554238032,0.751207729468599,1467.0,15873.0,5119756.0,14780151.18813906,18295.145080979288,124616.58898441882,4685861.88867172,1353311.706732277,0.0218132242672119,0.321745057941377,0.1049761417859577,0.4996591683708248,1820.0,21734.0,9949126.0,10872347.754395604,33491.83617716552,299597.5579590205,3767666.341121156,1608686.0678947663,0.0395604395604395,0.4472527472527473,0.0983516483516483,0.4461538461538462
1611.0,30012.0,18793889.0,15518926.097454997,45427.811877693326,498093.1381664219,3911813.319545548,1508988.7714080648,0.0620732464307883,0.3550589695841092,0.1185599006828057,0.5015518311607697,1169.0,10509.0,1737200.0,13030590.582549186,57294.572040773535,715404.4252070854,4111548.68615852,1059494.848540209,0.0915312232677502,0.3781009409751925,0.127459366980325,0.4627887082976903,4554.0,84736.0,51937632.0,16792530.95652174,18049.227826123813,206172.5902716644,1357421.85105175,1295941.9363421225,0.0353535353535353,0.1352657004830917,0.0641194554238032,0.751207729468599,1467.0,15873.0,5119756.0,14780151.18813906,18295.145080979288,124616.58898441882,4685861.88867172,1353311.706732277,0.0218132242672119,0.321745057941377,0.1049761417859577,0.4996591683708248,1820.0,21734.0,9949126.0,10872347.754395604,33491.83617716552,299597.5579590205,3767666.341121156,1608686.0678947663,0.0395604395604395,0.4472527472527473,0.0983516483516483,0.4461538461538462,1509.0,11951.0,1926589.0,11474760.512259774,82564.74842158517,384750.87367729866,3996799.0971926297,832392.2272195346,0.1517561298873426,0.4698475811795891,0.1332007952286282,0.3817097415506958
1169.0,10509.0,1737200.0,13030590.582549186,57294.572040773535,715404.4252070854,4111548.68615852,1059494.848540209,0.0915312232677502,0.3781009409751925,0.127459366980325,0.4627887082976903,4554.0,84736.0,51937632.0,16792530.95652174,18049.227826123813,206172.5902716644,1357421.85105175,1295941.9363421225,0.0353535353535353,0.1352657004830917,0.0641194554238032,0.751207729468599,1467.0,15873.0,5119756.0,14780151.18813906,18295.145080979288,124616.58898441882,4685861.88867172,1353311.706732277,0.0218132242672119,0.321745057941377,0.1049761417859577,0.4996591683708248,1820.0,21734.0,9949126.0,10872347.754395604,33491.83617716552,299597.5579590205,3767666.341121156,1608686.0678947663,0.0395604395604395,0.4472527472527473,0.0983516483516483,0.4461538461538462,1509.0,11951.0,1926589.0,11474760.512259774,82564.74842158517,384750.87367729866,3996799.0971926297,832392.2272195346,0.1517561298873426,0.4698475811795891,0.1332007952286282,0.3817097415506958,1629.0,32442.0,21492314.0,17470527.905463476,24292.69556497181,322069.2571487183,5798978.621484291,1138882.4805930236,0.0282381829343155,0.2240638428483732,0.1841620626151013,0.569060773480663
4554.0,84736.0,51937632.0,16792530.95652174,18049.227826123813,206172.5902716644,1357421.85105175,1295941.9363421225,0.0353535353535353,0.1352657004830917,0.0641194554238032,0.751207729468599,1467.0,15873.0,5119756.0,14780151.18813906,18295.145080979288,124616.58898441882,4685861.88867172,1353311.706732277,0.0218132242672119,0.321745057941377,0.1049761417859577,0.4996591683708248,1820.0,21734.0,9949126.0,10872347.754395604,33491.83617716552,299597.5579590205,3767666.341121156,1608686.0678947663,0.0395604395604395,0.4472527472527473,0.0983516483516483,0.4461538461538462,1509.0,11951.0,1926589.0,11474760.512259774,82564.74842158517,384750.87367729866,3996799.0971926297,832392.2272195346,0.1517561298873426,0.4698475811795891,0.1332007952286282,0.3817097415506958,1629.0,32442.0,21492314.0,17470527.905463476,24292.69556497181,322069.2571487183,5798978.621484291,1138882.4805930236,0.0282381829343155,0.2240638428483732,0.1841620626151013,0.569060773480663,1507.0,18111.0,4478980.0,18369679.475116126,16581.916402305298,216797.357737507,5616806.728644204,1338906.2991995793,0.019907100199071,0.2262773722627737,0.225613802256138,0.5189117451891174
1467.0,15873.0,5119756.0,14780151.18813906,18295.145080979288,124616.58898441882,4685861.88867172,1353311.706732277,0.0218132242672119,0.321745057941377,0.1049761417859577,0.4996591683708248,1820.0,21734.0,9949126.0,10872347.754395604,33491.83617716552,299597.5579590205,3767666.341121156,1608686.0678947663,0.0395604395604395,0.4472527472527473,0.0983516483516483,0.4461538461538462,1509.0,11951.0,1926589.0,11474760.512259774,82564.74842158517,384750.87367729866,3996799.0971926297,832392.2272195346,0.1517561298873426,0.4698475811795891,0.1332007952286282,0.3817097415506958,1629.0,32442.0,21492314.0,17470527.905463476,24292.69556497181,322069.2571487183,5798978.621484291,1138882.4805930236,0.0282381829343155,0.2240638428483732,0.1841620626151013,0.569060773480663,1507.0,18111.0,4478980.0,18369679.475116126,16581.916402305298,216797.357737507,5616806.728644204,1338906.2991995793,0.019907100199071,0.2262773722627737,0.225613802256138,0.5189117451891174,1410.0,23652.0,11728863.0,15247461.571631206,18527.019884444664,264174.6797176315,4817559.543381103,1024094.2486052852,0.0333333333333333,0.2929078014184397,0.1304964539007092,0.4666666666666667
1820.0,21734.0,9949126.0,10872347.754395604,33491.83617716552,299597.5579590205,3767666.341121156,1608686.0678947663,0.0395604395604395,0.4472527472527473,0.0983516483516483,0.4461538461538462,1509.0,11951.0,1926589.0,11474760.512259774,82564.74842158517,384750.87367729866,3996799.0971926297,832392.2272195346,0.1517561298873426,0.4698475811795891,0.1332007952286282,0.3817097415506958,1629.0,32442.0,21492314.0,17470527.905463476,24292.69556497181,322069.2571487183,5798978.621484291,1138882.4805930236,0.0282381829343155,0.2240638428483732,0.1841620626151013,0.569060773480663,1507.0,18111.0,4478980.0,18369679.475116126,16581.916402305298,216797.357737507,5616806.728644204,1338906.2991995793,0.019907100199071,0.2262773722627737,0.225613802256138,0.5189117451891174,1410.0,23652.0,11728863.0,15247461.571631206,18527.019884444664,264174.6797176315,4817559.543381103,1024094.2486052852,0.0333333333333333,0.2929078014184397,0.1304964539007092,0.4666666666666667,1451.0,16178.0,5257626.0,14988887.72984149,37391.76006333219,349710.8569374568,4918011.5206437735,980314.838683963,0.0489317711922811,0.2873880082701585,0.1667815299793246,0.4900068917987595
1509.0,11951.0,1926589.0,11474760.512259774,82564.74842158517,384750.87367729866,3996799.0971926297,832392.2272195346,0.1517561298873426,0.4698475811795891,0.1332007952286282,0.3817097415506958,1629.0,32442.0,21492314.0,17470527.905463476,24292.69556497181,322069.2571487183,5798978.621484291,1138882.4805930236,0.0282381829343155,0.2240638428483732,0.1841620626151013,0.569060773480663,1507.0,18111.0,4478980.0,18369679.475116126,16581.916402305298,216797.357737507,5616806.728644204,1338906.2991995793,0.019907100199071,0.2262773722627737,0.225613802256138,0.5189117451891174,1410.0,23652.0,11728863.0,15247461.571631206,18527.019884444664,264174.6797176315,4817559.543381103,1024094.2486052852,0.0333333333333333,0.2929078014184397,0.1304964539007092,0.4666666666666667,1451.0,16178.0,5257626.0,14988887.72984149,37391.76006333219,349710.8569374568,4918011.5206437735,980314.838683963,0.0489317711922811,0.2873880082701585,0.1667815299793246,0.4900068917987595,1477.0,22927.0,12164175.0,12362503.1577522,25364.389676711304,140385.99523109914,3701222.7453961694,1190008.9333908649,0.0548408937034529,0.2748815165876777,0.2017603249830738,0.4678402166553825
1629.0,32442.0,21492314.0,17470527.905463476,24292.69556497181,322069.2571487183,5798978.621484291,1138882.4805930236,0.0282381829343155,0.2240638428483732,0.1841620626151013,0.569060773480663,1507.0,18111.0,4478980.0,18369679.475116126,16581.916402305298,216797.357737507,5616806.728644204,1338906.2991995793,0.019907100199071,0.2262773722627737,0.225613802256138,0.5189117451891174,1410.0,23652.0,11728863.0,15247461.571631206,18527.019884444664,264174.6797176315,4817559.543381103,1024094.2486052852,0.0333333333333333,0.2929078014184397,0.1304964539007092,0.4666666666666667,1451.0,16178.0,5257626.0,14988887.72984149,37391.76006333219,349710.8569374568,4918011.5206437735,980314.838683963,0.0489317711922811,0.2873880082701585,0.1667815299793246,0.4900068917987595,1477.0,22927.0,12164175.0,12362503.1577522,25364.389676711304,140385.99523109914,3701222.7453961694,1190008.9333908649,0.0548408937034529,0.2748815165876777,0.2017603249830738,0.4678402166553825,1496.0,19597.0,7904669.0,16966637.79278075,25145.43495140897,122890.26404432992,4683109.201338201,1235546.8607497348,0.0300802139037433,0.2292780748663101,0.195187165775401,0.5200534759358288
1507.0,18111.0,4478980.0,18369679.475116126,16581.916402305298,216797.357737507,5616806.728644204,1338906.2991995793,0.019907100199071,0.2262773722627737,0.225613802256138,0.5189117451891174,1410.0,23652.0,11728863.0,15247461.571631206,18527.019884444664,264174.6797176315,4817559.543381103,1024094.2486052852,0.0333333333333333,0.2929078014184397,0.1304964539007092,0.4666666666666667,1451.0,16178.0,5257626.0,14988887.72984149,37391.76006333219,349710.8569374568,4918011.5206437735,980314.838683963,0.0489317711922811,0.2873880082701585,0.1667815299793246,0.4900068917987595,1477.0,22927.0,12164175.0,12362503.1577522,25364.389676711304,140385.99523109914,3701222.7453961694,1190008.9333908649,0.0548408937034529,0.2748815165876777,0.2017603249830738,0.4678402166553825,1496.0,19597.0,7904669.0,16966637.79278075,25145.43495140897,122890.26404432992,4683109.201338201,1235546.8607497348,0.0300802139037433,0.2292780748663101,0.195187165775401,0.5200534759358288,1225.0,20198.0,10637297.0,14000962.63755102,47736.96810129514,762146.3926685964,5054407.878012981,963557.9794423856,0.0791836734693877,0.3044897959183673,0.1983673469387755,0.4604081632653061
1410.0,23652.0,11728863.0,15247461.571631206,18527.019884444664,264174.6797176315,4817559.543381103,1024094.2486052852,0.0333333333333333,0.2929078014184397,0.1304964539007092,0.4666666666666667,1451.0,16178.0,5257626.0,14988887.72984149,37391.76006333219,349710.8569374568,4918011.5206437735,980314.838683963,0.0489317711922811,0.2873880082701585,0.1667815299793246,0.4900068917987595,1477.0,22927.0,12164175.0,12362503.1577522,25364.389676711304,140385.99523109914,3701222.7453961694,1190008.9333908649,0.0548408937034529,0.2748815165876777,0.2017603249830738,0.4678402166553825,1496.0,19597.0,7904669.0,16966637.79278075,25145.43495140897,122890.26404432992,4683109.201338201,1235546.8607497348,0.0300802139037433,0.2292780748663101,0.195187165775401,0.5200534759358288,1225.0,20198.0,10637297.0,14000962.63755102,47736.96810129514,762146.3926685964,5054407.878012981,963557.9794423856,0.0791836734693877,0.3044897959183673,0.1983673469387755,0.4604081632653061,1199.0,14447.0,3665317.0,13758747.047539616,29173.669043141912,349964.8290395244,4465431.622823692,855514.8459122018,0.0458715596330275,0.2610508757297748,0.237698081734779,0.46371976647206
1451.0,16178.0,5257626.0,14988887.72984149,37391.76006333219,349710.8569374568,4918011.5206437735,980314.838683963,0.0489317711922811,0.2873880082701585,0.1667815299793246,0.4900068917987595,1477.0,22927.0,12164175.0,12362503.1577522,25364.389676711304,140385.99523109914,3701222.7453961694,1190008.9333908649,0.0548408937034529,0.2748815165876777,0.2017603249830738,0.4678402166553825,1496.0,19597.0,7904669.0,16966637.79278075,25145.43495140897,122890.26404432992,4683109.201338201,1235546.8607497348,0.0300802139037433,0.2292780748663101,0.195187165775401,0.5200534759358288,1225.0,20198.0,10637297.0,14000962.63755102,47736.96810129514,762146.3926685964,5054407.878012981,963557.9794423856,0.0791836734693877,0.3044897959183673,0.1983673469387755,0.4604081632653061,1199.0,14447.0,3665317.0,13758747.047539616,29173.669043141912,349964.8290395244,4465431.622823692,855514.8459122018,0.0458715596330275,0.2610508757297748,0.237698081734779,0.46371976647206,1416.0,25291.0,13531995.0,16225628.27683616,20096.788821560796,278112.0268292322,4917376.9002469145,1169250.754379829,0.0437853107344632,0.2372881355932203,0.1772598870056497,0.4915254237288136
1477.0,22927.0,12164175.0,12362503.1577522,25364.389676711304,140385.99523109914,3701222.7453961694,1190008.9333908649,0.0548408937034529,0.2748815165876777,0.2017603249830738,0.4678402166553825,1496.0,19597.0,7904669.0,16966637.79278075,25145.43495140897,122890.26404432992,4683109.201338201,1235546.8607497348,0.0300802139037433,0.2292780748663101,0.195187165775401,0.5200534759358288,1225.0,20198.0,10637297.0,14000962.63755102,47736.96810129514,762146.3926685964,5054407.878012981,963557.9794423856,0.0791836734693877,0.3044897959183673,0.1983673469387755,0.4604081632653061,1199.0,14447.0,3665317.0,13758747.047539616,29173.669043141912,349964.8290395244,4465431.622823692,855514.8459122018,0.0458715596330275,0.2610508757297748,0.237698081734779,0.46371976647206,1416.0,25291.0,13531995.0,16225628.27683616,20096.788821560796,278112.0268292322,4917376.9002469145,1169250.754379829,0.0437853107344632,0.2372881355932203,0.1772598870056497,0.4915254237288136,2494.0,38673.0,16944305.0,14313455.826784285,13650.58873568508,163738.13233758594,2622490.898163995,1277805.5526922413,0.0188452285485164,0.1559743384121892,0.1206896551724138,0.6263031275060145
1496.0,19597.0,7904669.0,16966637.79278075,25145.43495140897,122890.26404432992,4683109.201338201,1235546.8607497348,0.0300802139037433,0.2292780748663101,0.195187165775401,0.5200534759358288,1225.0,20198.0,10637297.0,14000962.63755102,47736.96810129514,762146.3926685964,5054407.878012981,963557.9794423856,0.0791836734693877,0.3044897959183673,0.1983673469387755,0.4604081632653061,1199.0,14447.0,3665317.0,13758747.047539616,29173.669043141912,349964.8290395244,4465431.622823692,855514.8459122018,0.0458715596330275,0.2610508757297748,0.237698081734779,0.46371976647206,1416.0,25291.0,13531995.0,16225628.27683616,20096.788821560796,278112.0268292322,4917376.9002469145,1169250.754379829,0.0437853107344632,0.2372881355932203,0.1772598870056497,0.4915254237288136,2494.0,38673.0,16944305.0,14313455.826784285,13650.58873568508,163738.13233758594,2622490.898163995,1277805.5526922413,0.0188452285485164,0.1559743384121892,0.1206896551724138,0.6263031275060145,2520.0,36029.0,17667105.0,11447693.291666666,21309.05561127367,199497.17996781677,2278020.732103104,1009325.316201384,0.0432539682539682,0.2194444444444444,0.0809523809523809,0.6309523809523809
1225.0,20198.0,10637297.0,14000962.63755102,47736.96810129514,762146.3926685964,5054407.878012981,963557.9794423856,0.0791836734693877,0.3044897959183673,0.1983673469387755,0.4604081632653061,1199.0,14447.0,3665317.0,13758747.047539616,29173.669043141912,349964.8290395244,4465431.622823692,855514.8459122018,0.0458715596330275,0.2610508757297748,0.237698081734779,0.46371976647206,1416.0,25291.0,13531995.0,16225628.27683616,20096.788821560796,278112.0268292322,4917376.9002469145,1169250.754379829,0.0437853107344632,0.2372881355932203,0.1772598870056497,0.4915254237288136,2494.0,38673.0,16944305.0,14313455.826784285,13650.58873568508,163738.13233758594,2622490.898163995,1277805.5526922413,0.0188452285485164,0.1559743384121892,0.1206896551724138,0.6263031275060145,2520.0,36029.0,17667105.0,11447693.291666666,21309.05561127367,199497.17996781677,2278020.732103104,1009325.316201384,0.0432539682539682,0.2194444444444444,0.0809523809523809,0.6309523809523809,1162.0,10680.0,1593530.0,10677892.11273666,28544.35207284095,329917.61277249595,5888910.095845236,653298.9642786521,0.0542168674698795,0.2917383820998279,0.2289156626506024,0.3932874354561101
1199.0,14447.0,3665317.0,13758747.047539616,29173.669043141912,349964.8290395244,4465431.622823692,855514.8459122018,0.0458715596330275,0.2610508757297748,0.237698081734779,0.46371976647206,1416.0,25291.0,13531995.0,16225628.27683616,20096.788821560796,278112.0268292322,4917376.9002469145,1169250.754379829,0.0437853107344632,0.2372881355932203,0.1772598870056497,0.4915254237288136,2494.0,38673.0,16944305.0,14313455.826784285,13650.58873568508,163738.13233758594,2622490.898163995,1277805.5526922413,0.0188452285485164,0.1559743384121892,0.1206896551724138,0.6263031275060145,2520.0,36029.0,17667105.0,11447693.291666666,21309.05561127367,199497.17996781677,2278020.732103104,1009325.316201384,0.0432539682539682,0.2194444444444444,0.0809523809523809,0.6309523809523809,1162.0,10680.0,1593530.0,10677892.11273666,28544.35207284095,329917.61277249595,5888910.095845236,653298.9642786521,0.0542168674698795,0.2917383820998279,0.2289156626506024,0.3932874354561101,1659.0,19590.0,6534760.0,11907098.06148282,6092.017500555798,167994.80464557814,3270092.509841781,1174732.998922187,0.0132610006027727,0.1687763713080168,0.268836648583484,0.4502712477396021
1416.0,25291.0,13531995.0,16225628.27683616,20096.788821560796,278112.0268292322,4917376.9002469145,1169250.754379829,0.0437853107344632,0.2372881355932203,0.1772598870056497,0.4915254237288136,2494.0,38673.0,16944305.0,14313455.826784285,13650.58873568508,163738.13233758594,2622490.898163995,1277805.5526922413,0.0188452285485164,0.1559743384121892,0.1206896551724138,0.6263031275060145,2520.0,36029.0,17667105.0,11447693.291666666,21309.05561127367,199497.17996781677,2278020.732103104,1009325.316201384,0.0432539682539682,0.2194444444444444,0.0809523809523809,0.6309523809523809,1162.0,10680.0,1593530.0,10677892.11273666,28544.35207284095,329917.61277249595,5888910.095845236,653298.9642786521,0.0542168674698795,0.2917383820998279,0.2289156626506024,0.3932874354561101,1659.0,19590.0,6534760.0,11907098.06148282,6092.017500555798,167994.80464557814,3270092.509841781,1174732.998922187,0.0132610006027727,0.1687763713080168,0.268836648583484,0.4502712477396021,1549.0,12034.0,1597852.0,7228561.593285991,14097.988395829754,210273.92019929976,3448617.923780307,730493.4270088696,0.0058102001291155,0.3537766300839251,0.1510652033570045,0.3847643641058748
2494.0,38673.0,16944305.0,14313455.826784285,13650.58873568508,163738.13233758594,2622490.898163995,1277805.5526922413,0.0188452285485164,0.1559743384121892,0.1206896551724138,0.6263031275060145,2520.0,36029.0,17667105.0,11447693.291666666,21309.05561127367,199497.17996781677,2278020.732103104,1009325.316201384,0.0432539682539682,0.2194444444444444,0.0809523809523809,0.6309523809523809,1162.0,10680.0,1593530.0,10677892.11273666,28544.35207284095,329917.61277249595,5888910.095845236,653298.9642786521,0.0542168674698795,0.2917383820998279,0.2289156626506024,0.3932874354561101,1659.0,19590.0,6534760.0,11907098.06148282,6092.017500555798,167994.80464557814,3270092.509841781,1174732.998922187,0.0132610006027727,0.1687763713080168,0.268836648583484,0.4502712477396021,1549.0,12034.0,1597852.0,7228561.593285991,14097.988395829754,210273.92019929976,3448617.923780307,730493.4270088696,0.0058102001291155,0.3537766300839251,0.1510652033570045,0.3847643641058748,2771.0,51862.0,31124612.0,19928439.557560448,18346.92244292103,322675.59041055624,2873677.5081496844,1505079.1268844092,0.0310357271743053,0.1753879465896788,0.122338505954529,0.6192710212919523
2520.0,36029.0,17667105.0,11447693.291666666,21309.05561127367,199497.17996781677,2278020.732103104,1009325.316201384,0.0432539682539682,0.2194444444444444,0.0809523809523809,0.6309523809523809,1162.0,10680.0,1593530.0,10677892.11273666,28544.35207284095,329917.61277249595,5888910.095845236,653298.9642786521,0.0542168674698795,0.2917383820998279,0.2289156626506024,0.3932874354561101,1659.0,19590.0,6534760.0,11907098.06148282,6092.017500555798,167994.80464557814,3270092.509841781,1174732.998922187,0.0132610006027727,0.1687763713080168,0.268836648583484,0.4502712477396021,1549.0,12034.0,1597852.0,7228561.593285991,14097.988395829754,210273.92019929976,3448617.923780307,730493.4270088696,0.0058102001291155,0.3537766300839251,0.1510652033570045,0.3847643641058748,2771.0,51862.0,31124612.0,19928439.557560448,18346.92244292103,322675.59041055624,2873677.5081496844,1505079.1268844092,0.0310357271743053,0.1753879465896788,0.122338505954529,0.6192710212919523,969.0,8006.0,1092416.0,8561613.936016511,53925.97771818573,504783.2381550302,5262708.164232875,767788.8064638262,0.066047471620227,0.3880288957688338,0.2291021671826625,0.3157894736842105
1162.0,10680.0,1593530.0,10677892.11273666,28544.35207284095,329917.61277249595,5888910.095845236,653298.9642786521,0.0542168674698795,0.2917383820998279,0.2289156626506024,0.3932874354561101,1659.0,19590.0,6534760.0,11907098.06148282,6092.017500555798,167994.80464557814,3270092.509841781,1174732.998922187,0.0132610006027727,0.1687763713080168,0.268836648583484,0.4502712477396021,1549.0,12034.0,1597852.0,7228561.593285991,14097.988395829754,210273.92019929976,3448617.923780307,730493.4270088696,0.0058102001291155,0.3537766300839251,0.1510652033570045,0.3847643641058748,2771.0,51862.0,31124612.0,19928439.557560448,18346.92244292103,322675.59041055624,2873677.5081496844,1505079.1268844092,0.0310357271743053,0.1753879465896788,0.122338505954529,0.6192710212919523,969.0,8006.0,1092416.0,8561613.936016511,53925.97771818573,504783.2381550302,5262708.164232875,767788.8064638262,0.066047471620227,0.3880288957688338,0.2291021671826625,0.3157894736842105,1526.0,13856.0,2772859.0,12248703.407601573,27745.205710445767,222417.71200381973,4042369.826441242,1321327.5169537484,0.0386631716906946,0.2837483617300131,0.2018348623853211,0.4495412844036697
1659.0,19590.0,6534760.0,11907098.06148282,6092.017500555798,167994.80464557814,3270092.509841781,1174732.998922187,0.0132610006027727,0.1687763713080168,0.268836648583484,0.4502712477396021,1549.0,12034.0,1597852.0,7228561.593285991,14097.988395829754,210273.92019929976,3448617.923780307,730493.4270088696,0.0058102001291155,0.3537766300839251,0.1510652033570045,0.3847643641058748,2771.0,51862.0,31124612.0,19928439.557560448,18346.92244292103,322675.59041055624,2873677.5081496844,1505079.1268844092,0.0310357271743053,0.1753879465896788,0.122338505954529,0.6192710212919523,969.0,8006.0,1092416.0,8561613.936016511,53925.97771818573,504783.2381550302,5262708.164232875,767788.8064638262,0.066047471620227,0.3880288957688338,0.2291021671826625,0.3157894736842105,1526.0,13856.0,2772859.0,12248703.407601573,27745.205710445767,222417.71200381973,4042369.826441242,1321327.5169537484,0.0386631716906946,0.2837483617300131,0.2018348623853211,0.4495412844036697,2097.0,30394.0,13950009.0,15108903.685741536,58216.99718305719,543530.1783675301,3334886.180749359,1038735.700004776,0.100619933237959,0.2827849308536004,0.1778731521220791,0.4840247973295183
1549.0,12034.0,1597852.0,7228561.593285991,14097.988395829754,210273.92019929976,3448617.923780307,730493.4270088696,0.0058102001291155,0.3537766300839251,0.1510652033570045,0.3847643641058748,2771.0,51862.0,31124612.0,19928439.557560448,18346.92244292103,322675.59041055624,2873677.5081496844,1505079.1268844092,0.0310357271743053,0.1753879465896788,0.122338505954529,0.6192710212919523,969.0,8006.0,1092416.0,8561613.936016511,53925.97771818573,504783.2381550302,5262708.164232875,767788.8064638262,0.066047471620227,0.3880288957688338,0.2291021671826625,0.3157894736842105,1526.0,13856.0,2772859.0,12248703.407601573,27745.205710445767,222417.71200381973,4042369.826441242,1321327.5169537484,0.0386631716906946,0.2837483617300131,0.2018348623853211,0.4495412844036697,2097.0,30394.0,13950009.0,15108903.685741536,58216.99718305719,543530.1783675301,3334886.180749359,1038735.700004776,0.100619933237959,0.2827849308536004,0.1778731521220791,0.4840247973295183,913.0,8623.0,1195805.0,10857280.03833516,20996.97955319977,47830.1951566749,5287734.043572273,670849.4217036305,0.0230010952902519,0.3066812705366922,0.2672508214676889,0.3143483023001095
