source_row_index,scenario_id,window_start,dominant_family,dominant_family_probability,top2_family,confidence_margin,family_entropy,behavioral_change_score,strongest_behavior_changes,uncertainty_level
0,CTU42,2011-08-10T09:04:00+00:00,Neris,0.5957943331374737,RBot,0.4610209662148664,1.22092746858573,0.0,"[""state_top_probability_change"", ""state_entropy_change"", ""state_packet_rate_change""]",HIGH
1,CTU42,2011-08-10T09:06:00+00:00,Neris,0.629670007011876,Murlo,0.4952330652113069,1.2364976555727072,88.64534969865296,"[""state_byte_rate_change"", ""state_ack_rate_change"", ""state_packet_rate_change""]",HIGH
2,CTU42,2011-08-10T09:07:00+00:00,Neris,0.8227340649511853,Virut,0.7704023356667759,0.7430799715259866,52.76432040015382,"[""state_byte_rate_change"", ""state_syn_rate_change"", ""state_top_probability_change""]",MEDIUM
3,CTU42,2011-08-10T09:08:00+00:00,Neris,0.7831622335850483,Virut,0.6970982807400443,0.8331856943213476,8.926077514020898,"[""state_byte_rate_change"", ""state_ack_rate_change"", ""state_top_probability_change""]",MEDIUM
4,CTU42,2011-08-10T09:09:00+00:00,Neris,0.872311797484369,Virut,0.8047074244188733,0.5500408737478328,32.0167723825209,"[""state_byte_rate_change"", ""state_syn_rate_change"", ""state_ack_rate_change""]",MEDIUM
5,CTU42,2011-08-10T09:10:00+00:00,Neris,0.958016629252504,Murlo,0.9409534521140904,0.232361949348537,45.669003008635606,"[""state_byte_rate_change"", ""state_syn_rate_change"", ""state_ack_rate_change""]",LOW
6,CTU42,2011-08-10T09:11:00+00:00,Neris,0.7940176943297051,Virut,0.6755641956243398,0.7551360524427038,37.90640941075531,"[""state_byte_rate_change"", ""state_ack_rate_change"", ""state_top_probability_change""]",MEDIUM
7,CTU42,2011-08-10T09:12:00+00:00,Neris,0.5975346236623565,RBot,0.2908785279791408,0.9983744899046932,17.35887014567151,"[""state_top_probability_change"", ""state_byte_rate_change"", ""state_rst_rate_change""]",MEDIUM
8,CTU42,2011-08-10T09:13:00+00:00,Neris,0.8327838080167138,Virut,0.7240026290009578,0.6489839318287284,97.68114810374051,"[""state_byte_rate_change"", ""state_ack_rate_change"", ""state_packet_rate_change""]",MEDIUM
9,CTU42,2011-08-10T09:14:00+00:00,Neris,0.9436160573779756,RBot,0.8986646601748483,0.2587420120241066,92.98971069306204,"[""state_byte_rate_change"", ""state_ack_rate_change"", ""state_syn_rate_change""]",LOW
10,CTU42,2011-08-10T09:15:00+00:00,Neris,0.9917254415066012,RBot,0.9882558868882813,0.0587828016283892,10.93480514744112,"[""state_syn_rate_change"", ""state_byte_rate_change"", ""state_top_probability_change""]",LOW
11,CTU42,2011-08-10T09:16:00+00:00,Neris,0.954750634896977,RBot,0.9185631707135178,0.2182476788364769,6.704534212859056,"[""state_byte_rate_change"", ""state_top_probability_change"", ""state_ack_rate_change""]",LOW
12,CTU42,2011-08-10T09:17:00+00:00,Neris,0.9883229751796684,RBot,0.98369268992473,0.0807279842394845,13.820324376337801,"[""state_syn_rate_change"", ""state_packet_rate_change"", ""state_byte_rate_change""]",LOW
13,CTU42,2011-08-10T09:18:00+00:00,Neris,0.9975542709522144,Virut,0.996488903293221,0.0204016615457956,29.777638312684697,"[""state_byte_rate_change"", ""state_rst_rate_change"", ""state_ack_rate_change""]",LOW
14,CTU42,2011-08-10T09:19:00+00:00,Neris,0.9639055411618884,RBot,0.9484080174027892,0.2018382698801464,33.94129577872513,"[""state_byte_rate_change"", ""state_ack_rate_change"", ""state_rst_rate_change""]",LOW
15,CTU42,2011-08-10T09:20:00+00:00,Neris,0.9962857702554984,Virut,0.994840255201356,0.029500980835871,11.062592252365056,"[""state_ack_rate_change"", ""state_syn_rate_change"", ""state_byte_rate_change""]",LOW
16,CTU42,2011-08-10T09:21:00+00:00,Neris,0.9958039960758984,Virut,0.9943463924102922,0.0331821640183065,4.478508618879215,"[""state_syn_rate_change"", ""state_byte_rate_change"", ""state_rst_rate_change""]",LOW
17,CTU42,2011-08-10T09:22:00+00:00,Neris,0.9910219342519848,Virut,0.9876387192795058,0.0645482794412291,14.188747713627885,"[""state_byte_rate_change"", ""state_rst_rate_change"", ""state_syn_rate_change""]",LOW
18,CTU42,2011-08-10T09:23:00+00:00,Neris,0.99334903997779,Murlo,0.9911881099229688,0.050345695697255,17.999726325233848,"[""state_byte_rate_change"", ""state_rst_rate_change"", ""state_syn_rate_change""]",LOW
19,CTU42,2011-08-10T09:24:00+00:00,Neris,0.9017771600122212,RBot,0.8526619761127097,0.4402493952895827,13.531524745004488,"[""state_top_probability_change"", ""state_syn_rate_change"", ""state_entropy_change""]",LOW
20,CTU42,2011-08-10T09:25:00+00:00,Neris,0.9877301262204622,Virut,0.9813226122209074,0.0836483851725835,141.06335900873316,"[""state_byte_rate_change"", ""state_ack_rate_change"", ""state_packet_rate_change""]",LOW
21,CTU42,2011-08-10T09:26:00+00:00,Neris,0.9594442240153416,NSIS Agent,0.9413170666813776,0.2303630040195581,46.83587552149484,"[""state_byte_rate_change"", ""state_syn_rate_change"", ""state_packet_rate_change""]",LOW
22,CTU42,2011-08-10T09:27:00+00:00,Neris,0.9845727565036908,Virut,0.9742874619409824,0.097597189707442,19.234507172035503,"[""state_byte_rate_change"", ""state_destination_diversity_change"", ""state_syn_rate_change""]",LOW
23,CTU42,2011-08-10T09:28:00+00:00,Neris,0.9977597423951609,Virut,0.996981422027728,0.0192769972391826,144.7514067241478,"[""state_byte_rate_change"", ""state_ack_rate_change"", ""state_packet_rate_change""]",LOW
24,CTU42,2011-08-10T09:29:00+00:00,Neris,0.9961907970597396,Virut,0.994785311870612,0.0308902663784034,5.475362621251826,"[""state_byte_rate_change"", ""state_ack_rate_change"", ""state_rst_rate_change""]",LOW
25,CTU42,2011-08-10T09:30:00+00:00,Neris,0.9830983160338016,Virut,0.9726690751071791,0.1070579767654748,183.53354650942603,"[""state_byte_rate_change"", ""state_ack_rate_change"", ""state_packet_rate_change""]",LOW
26,CTU42,2011-08-10T09:31:00+00:00,Neris,0.9836165459749494,Virut,0.9737758625565476,0.1046683290679312,87.5424110918126,"[""state_byte_rate_change"", ""state_ack_rate_change"", ""state_packet_rate_change""]",LOW
27,CTU42,2011-08-10T09:32:00+00:00,Neris,0.9799601193420312,Virut,0.970546923450916,0.1276998543588785,35.77739774933922,"[""state_byte_rate_change"", ""state_syn_rate_change"", ""state_ack_rate_change""]",LOW
28,CTU42,2011-08-10T09:33:00+00:00,Neris,0.9139654140165682,Virut,0.8503980489913784,0.377678780456445,97.89251524414571,"[""state_byte_rate_change"", ""state_ack_rate_change"", ""state_packet_rate_change""]",LOW
29,CTU42,2011-08-10T09:34:00+00:00,Neris,0.9934006769846184,Virut,0.9899438404339028,0.0489589204069061,133.7046795525862,"[""state_byte_rate_change"", ""state_ack_rate_change"", ""state_packet_rate_change""]",LOW
30,CTU42,2011-08-10T09:35:00+00:00,Neris,0.9918002066514476,Virut,0.9877309281557626,0.0594666291634899,8.511189188720573,"[""state_byte_rate_change"", ""state_syn_rate_change"", ""state_rst_rate_change""]",LOW
31,CTU42,2011-08-10T09:36:00+00:00,Neris,0.9976634543228604,RBot,0.9966699261202728,0.0197395460553206,98.9276984049498,"[""state_byte_rate_change"", ""state_ack_rate_change"", ""state_packet_rate_change""]",LOW
32,CTU42,2011-08-10T09:37:00+00:00,Neris,0.998636532073658,Virut,0.9979666084146672,0.0123097800923127,13.983605904868684,"[""state_syn_rate_change"", ""state_ack_rate_change"", ""state_packet_rate_change""]",LOW
33,CTU42,2011-08-10T09:38:00+00:00,Neris,0.9983517778712128,Virut,0.9977456780464368,0.0147077896701212,9.775315788098398,"[""state_ack_rate_change"", ""state_packet_rate_change"", ""state_byte_rate_change""]",LOW
34,CTU42,2011-08-10T09:39:00+00:00,Neris,0.9984246120571793,RBot,0.9976010326148158,0.0137196983136535,18.407477567310995,"[""state_syn_rate_change"", ""state_byte_rate_change"", ""state_ack_rate_change""]",LOW
35,CTU42,2011-08-10T09:40:00+00:00,Neris,0.9875703021198836,Virut,0.979612008871751,0.0818160646259269,128.13721735708123,"[""state_byte_rate_change"", ""state_ack_rate_change"", ""state_packet_rate_change""]",LOW
36,CTU42,2011-08-10T09:41:00+00:00,Neris,0.9872912270576892,Virut,0.9809942279629844,0.0869266399728877,69.24807849015396,"[""state_byte_rate_change"", ""state_ack_rate_change"", ""state_syn_rate_change""]",LOW
37,CTU42,2011-08-10T09:42:00+00:00,Neris,0.9975356314546108,RBot,0.9958491127345166,0.0197361426986126,89.16542923206443,"[""state_byte_rate_change"", ""state_ack_rate_change"", ""state_syn_rate_change""]",LOW
38,CTU42,2011-08-10T09:43:00+00:00,Neris,0.9947166914980632,RBot,0.991836086207477,0.0395962012421055,7.831023649994282,"[""state_byte_rate_change"", ""state_fin_rate_change"", ""state_ack_rate_change""]",LOW
39,CTU42,2011-08-10T09:44:00+00:00,Neris,0.980360842937757,RBot,0.9646976046736168,0.1113785530878423,22.277436920400934,"[""state_byte_rate_change"", ""state_ack_rate_change"", ""state_packet_rate_change""]",LOW
40,CTU42,2011-08-10T09:45:00+00:00,Neris,0.9973629483686614,Virut,0.9964158225789272,0.022444345548694,35.51361963620246,"[""state_byte_rate_change"", ""state_ack_rate_change"", ""state_syn_rate_change""]",LOW
41,CTU42,2011-08-10T09:46:00+00:00,Neris,0.9938486498626992,Virut,0.9903661834471988,0.0456804883585819,73.68167833679041,"[""state_byte_rate_change"", ""state_ack_rate_change"", ""state_packet_rate_change""]",LOW
42,CTU42,2011-08-10T09:47:00+00:00,Neris,0.9970869258125854,Virut,0.9956171277899444,0.02395142748626,60.280808159778616,"[""state_byte_rate_change"", ""state_ack_rate_change"", ""state_packet_rate_change""]",LOW
43,CTU42,2011-08-10T09:48:00+00:00,Neris,0.9987895602550644,RBot,0.9982679735817974,0.0110391288890121,28.542454288409317,"[""state_byte_rate_change"", ""state_ack_rate_change"", ""state_packet_rate_change""]",LOW
44,CTU42,2011-08-10T09:49:00+00:00,Neris,0.998353835349398,RBot,0.9975544852452396,0.0144048268029178,8.691774125892957,"[""state_ack_rate_change"", ""state_packet_rate_change"", ""state_byte_rate_change""]",LOW
45,CTU42,2011-08-10T09:50:00+00:00,Neris,0.995194947568224,Virut,0.9938022209322492,0.0385067130343324,12.896958913441729,"[""state_byte_rate_change"", ""state_syn_rate_change"", ""state_fin_rate_change""]",LOW
46,CTU42,2011-08-10T09:51:00+00:00,Neris,0.9968520890162418,Virut,0.9954218755932092,0.0261363018460748,7.2661264918240605,"[""state_byte_rate_change"", ""state_syn_rate_change"", ""state_rst_rate_change""]",LOW
47,CTU42,2011-08-10T09:52:00+00:00,Neris,0.9986402817793182,Virut,0.99796631347142,0.0122501065392727,9.357461926807956,"[""state_byte_rate_change"", ""state_fin_rate_change"", ""state_syn_rate_change""]",LOW
48,CTU42,2011-08-10T09:53:00+00:00,Neris,0.9983590125812358,RBot,0.9976304695287082,0.0143287835679562,8.00830964875456,"[""state_rst_rate_change"", ""state_fin_rate_change"", ""state_syn_rate_change""]",LOW
49,CTU42,2011-08-10T09:54:00+00:00,Neris,0.9693749046780312,Virut,0.9510299932526016,0.1758124560538163,158.1705387066521,"[""state_byte_rate_change"", ""state_ack_rate_change"", ""state_packet_rate_change""]",LOW
50,CTU42,2011-08-10T09:55:00+00:00,Neris,0.9927118280452304,Virut,0.9885451234980198,0.0528297180683136,81.36258123170559,"[""state_byte_rate_change"", ""state_ack_rate_change"", ""state_packet_rate_change""]",LOW
51,CTU42,2011-08-10T09:56:00+00:00,Neris,0.9972457478894792,Virut,0.9962002933722626,0.0235134884197514,85.54136823165364,"[""state_byte_rate_change"", ""state_ack_rate_change"", ""state_packet_rate_change""]",LOW
52,CTU42,2011-08-10T09:57:00+00:00,Neris,0.9982294583469196,Virut,0.9975984119501888,0.0155798640362378,14.468598248676273,"[""state_syn_rate_change"", ""state_byte_rate_change"", ""state_ack_rate_change""]",LOW
53,CTU42,2011-08-10T09:58:00+00:00,Neris,0.984520705226986,RBot,0.9709747951553724,0.0883300551887979,10.512231002438657,"[""state_byte_rate_change"", ""state_syn_rate_change"", ""state_rst_rate_change""]",LOW
54,CTU42,2011-08-10T09:59:00+00:00,Neris,0.9582817346616498,RBot,0.92079943241524,0.193243758630583,8.082748574720155,"[""state_ack_rate_change"", ""state_packet_rate_change"", ""state_port_diversity_change""]",LOW
55,CTU42,2011-08-10T10:00:00+00:00,Neris,0.99823391944319,Virut,0.9976396646249032,0.0156611369830791,15.513652785856324,"[""state_byte_rate_change"", ""state_ack_rate_change"", ""state_packet_rate_change""]",LOW
56,CTU42,2011-08-10T10:01:00+00:00,Neris,0.9931453002658605,Virut,0.9892173888596356,0.050017371958118,77.98214740019489,"[""state_byte_rate_change"", ""state_ack_rate_change"", ""state_packet_rate_change""]",LOW
57,CTU42,2011-08-10T10:02:00+00:00,Neris,0.9982902246792682,RBot,0.997610427869977,0.0149434572474196,79.70964741798535,"[""state_byte_rate_change"", ""state_ack_rate_change"", ""state_packet_rate_change""]",LOW
58,CTU42,2011-08-10T10:03:00+00:00,Neris,0.9989337064265272,RBot,0.99837958125124,0.0097561143235668,16.05833824143327,"[""state_syn_rate_change"", ""state_byte_rate_change"", ""state_ack_rate_change""]",LOW
59,CTU42,2011-08-10T10:04:00+00:00,Neris,0.9987494041243684,RBot,0.9981938337786452,0.0113497305213025,7.806593230132015,"[""state_syn_rate_change"", ""state_ack_rate_change"", ""state_byte_rate_change""]",LOW
60,CTU42,2011-08-10T10:05:00+00:00,Neris,0.9927017594890344,RBot,0.9893547843833868,0.0537794425816055,8.576038740819174,"[""state_syn_rate_change"", ""state_ack_rate_change"", ""state_fin_rate_change""]",LOW
61,CTU42,2011-08-10T10:06:00+00:00,Neris,0.994797469628222,RBot,0.9929970322203064,0.0406872031214474,6.333545422626533,"[""state_syn_rate_change"", ""state_byte_rate_change"", ""state_port_diversity_change""]",LOW
62,CTU42,2011-08-10T10:07:00+00:00,Neris,0.9946560099502876,RBot,0.9907385382103076,0.0382663577593934,13.377825746768812,"[""state_syn_rate_change"", ""state_ack_rate_change"", ""state_byte_rate_change""]",LOW
63,CTU42,2011-08-10T10:08:00+00:00,Neris,0.9875041149890408,RBot,0.9764561512409828,0.0736861470260149,7.523257156462425,"[""state_ack_rate_change"", ""state_byte_rate_change"", ""state_packet_rate_change""]",LOW
64,CTU42,2011-08-10T10:09:00+00:00,Neris,0.998489699644737,Virut,0.9977322440487464,0.0133456938233906,8.17012235780607,"[""state_byte_rate_change"", ""state_ack_rate_change"", ""state_port_diversity_change""]",LOW
65,CTU42,2011-08-10T10:10:00+00:00,Neris,0.995542123195432,Virut,0.9939228487640454,0.0360344968452615,33.15241868955991,"[""state_byte_rate_change"", ""state_ack_rate_change"", ""state_packet_rate_change""]",LOW
66,CTU42,2011-08-10T10:11:00+00:00,Neris,0.9989687752819928,RBot,0.99850885613972,0.0095262179599285,29.627421987224718,"[""state_byte_rate_change"", ""state_ack_rate_change"", ""state_packet_rate_change""]",LOW
67,CTU42,2011-08-10T10:12:00+00:00,Neris,0.9873835845145156,RBot,0.977840781311282,0.0787745958355811,13.418496298048233,"[""state_byte_rate_change"", ""state_syn_rate_change"", ""state_ack_rate_change""]",LOW
68,CTU42,2011-08-10T10:13:00+00:00,Neris,0.9955817710405576,RBot,0.992384118260293,0.0325436665639155,4.403571521923509,"[""state_syn_rate_change"", ""state_ack_rate_change"", ""state_port_diversity_change""]",LOW
69,CTU42,2011-08-10T10:14:00+00:00,Neris,0.9957611887246136,RBot,0.9924734858514704,0.0309142635014718,5.275253283031918,"[""state_syn_rate_change"", ""state_packet_rate_change"", ""state_rst_rate_change""]",LOW
70,CTU42,2011-08-10T10:15:00+00:00,Neris,0.994110479729818,Virut,0.991450989825726,0.0448682465836491,102.32043899507822,"[""state_byte_rate_change"", ""state_ack_rate_change"", ""state_packet_rate_change""]",LOW
71,CTU42,2011-08-10T10:16:00+00:00,Neris,0.99463147024221,RBot,0.9928388785801568,0.0418187724598614,104.5910576942012,"[""state_byte_rate_change"", ""state_ack_rate_change"", ""state_packet_rate_change""]",LOW
72,CTU42,2011-08-10T10:17:00+00:00,Neris,0.9968899613584046,Virut,0.9956323033741534,0.0260482737268251,15.738592262984428,"[""state_byte_rate_change"", ""state_ack_rate_change"", ""state_packet_rate_change""]",LOW
73,CTU42,2011-08-10T10:18:00+00:00,Neris,0.997400087252959,RBot,0.996632920123689,0.0223139245418551,9.61323065069937,"[""state_byte_rate_change"", ""state_ack_rate_change"", ""state_packet_rate_change""]",LOW
74,CTU42,2011-08-10T10:19:00+00:00,Neris,0.991569320992229,RBot,0.9848082821808644,0.0551296166629065,10.042899683868287,"[""state_syn_rate_change"", ""state_byte_rate_change"", ""state_fin_rate_change""]",LOW
75,CTU42,2011-08-10T10:20:00+00:00,Neris,0.9984071838519746,Virut,0.997639970488336,0.014086096977276,16.875282664557545,"[""state_byte_rate_change"", ""state_ack_rate_change"", ""state_packet_rate_change""]",LOW
76,CTU42,2011-08-10T10:21:00+00:00,Neris,0.998845856847283,RBot,0.9983551887590216,0.0105411343441993,11.51682434799367,"[""state_byte_rate_change"", ""state_ack_rate_change"", ""state_packet_rate_change""]",LOW
77,CTU42,2011-08-10T10:22:00+00:00,Neris,0.9975838352725418,RBot,0.9965342014355172,0.0200981342382476,3.407264548768693,"[""state_syn_rate_change"", ""state_packet_rate_change"", ""state_byte_rate_change""]",LOW
78,CTU42,2011-08-10T10:23:00+00:00,Neris,0.9988881110739628,RBot,0.9983228843081308,0.0101419133661421,8.08589271826973,"[""state_byte_rate_change"", ""state_ack_rate_change"", ""state_fin_rate_change""]",LOW
79,CTU42,2011-08-10T10:24:00+00:00,Neris,0.9797164719288192,Virut,0.973797968807595,0.1321829133423394,46.21540998033297,"[""state_byte_rate_change"", ""state_ack_rate_change"", ""state_syn_rate_change""]",LOW
80,CTU42,2011-08-10T10:25:00+00:00,Neris,0.998065754852054,Virut,0.9972437418551218,0.0168356412053081,39.28953787053759,"[""state_byte_rate_change"", ""state_ack_rate_change"", ""state_syn_rate_change""]",LOW
81,CTU42,2011-08-10T10:26:00+00:00,Neris,0.9978613254664864,RBot,0.9963261320779132,0.017335067995014,23.434300000291447,"[""state_byte_rate_change"", ""state_ack_rate_change"", ""state_packet_rate_change""]",LOW
82,CTU42,2011-08-10T10:27:00+00:00,Neris,0.998123369456715,Virut,0.997208947934278,0.0163115467159105,13.200746284139557,"[""state_byte_rate_change"", ""state_ack_rate_change"", ""state_packet_rate_change""]",LOW
83,CTU42,2011-08-10T10:28:00+00:00,Neris,0.9838931034813024,Virut,0.9774563685194936,0.1061649384144591,77.2691217373852,"[""state_byte_rate_change"", ""state_ack_rate_change"", ""state_packet_rate_change""]",LOW
84,CTU42,2011-08-10T10:29:00+00:00,Neris,0.9954655939301216,Virut,0.9939885910857184,0.0359559016217925,79.37898416611252,"[""state_byte_rate_change"", ""state_destination_diversity_change"", ""state_ack_rate_change""]",LOW
85,CTU42,2011-08-10T10:30:00+00:00,Neris,0.9979329086084844,Virut,0.9973372775259116,0.0180848427461093,29.18513562161529,"[""state_destination_diversity_change"", ""state_packet_rate_change"", ""state_byte_rate_change""]",LOW
86,CTU42,2011-08-10T10:31:00+00:00,Neris,0.9932090382772434,Virut,0.991068659267741,0.0511892486914571,44.032874895907476,"[""state_byte_rate_change"", ""state_packet_rate_change"", ""state_destination_diversity_change""]",LOW
87,CTU42,2011-08-10T10:32:00+00:00,Neris,0.9982113282506664,RBot,0.9973247886130596,0.0155511374451378,46.36334972458631,"[""state_byte_rate_change"", ""state_packet_rate_change"", ""state_destination_diversity_change""]",LOW
88,CTU42,2011-08-10T10:33:00+00:00,Neris,0.9980700120140278,RBot,0.9971967909679242,0.0166670821010242,11.351079860197787,"[""state_ack_rate_change"", ""state_destination_diversity_change"", ""state_packet_rate_change""]",LOW
89,CTU42,2011-08-10T10:34:00+00:00,Neris,0.9988553182845858,RBot,0.9982794669377636,0.0104348815970689,8.220869462864767,"[""state_byte_rate_change"", ""state_ack_rate_change"", ""state_packet_rate_change""]",LOW
90,CTU42,2011-08-10T10:35:00+00:00,Neris,0.9983852710105312,Virut,0.9977334631283226,0.0144639352795192,17.194787223207495,"[""state_byte_rate_change"", ""state_ack_rate_change"", ""state_syn_rate_change""]",LOW
91,CTU42,2011-08-10T10:36:00+00:00,Neris,0.9988427323513585,RBot,0.9983871218984997,0.0106868357835437,10.775984302470233,"[""state_byte_rate_change"", ""state_ack_rate_change"", ""state_packet_rate_change""]",LOW
92,CTU42,2011-08-10T10:37:00+00:00,Neris,0.9989885350166584,Virut,0.9985915466517034,0.0094105816016224,6.503845743731177,"[""state_syn_rate_change"", ""state_packet_rate_change"", ""state_fin_rate_change""]",LOW
93,CTU42,2011-08-10T10:38:00+00:00,Neris,0.9985260668879182,RBot,0.9978076615180602,0.0131278424272392,5.58688130151965,"[""state_ack_rate_change"", ""state_destination_diversity_change"", ""state_packet_rate_change""]",LOW
94,CTU42,2011-08-10T10:39:00+00:00,Neris,0.9955261998966762,RBot,0.9923041696815014,0.0329589991995298,7.449712798649432,"[""state_byte_rate_change"", ""state_destination_diversity_change"", ""state_packet_rate_change""]",LOW
95,CTU42,2011-08-10T10:40:00+00:00,Neris,0.9943268100528412,Virut,0.9927437863125476,0.0444280106060049,13.031156203110791,"[""state_byte_rate_change"", ""state_syn_rate_change"", ""state_packet_rate_change""]",LOW
96,CTU42,2011-08-10T10:41:00+00:00,Neris,0.9970548555733644,Virut,0.99624249953528,0.0250854824679206,9.390901558718294,"[""state_byte_rate_change"", ""state_syn_rate_change"", ""state_rst_rate_change""]",LOW
97,CTU42,2011-08-10T10:42:00+00:00,Neris,0.9976254034913752,Virut,0.996487895013774,0.0202333208081417,25.887628072030434,"[""state_byte_rate_change"", ""state_syn_rate_change"", ""state_ack_rate_change""]",LOW
98,CTU42,2011-08-10T10:43:00+00:00,Neris,0.9932277062579868,Virut,0.9913785988288296,0.0518165338120516,6.859496438651764,"[""state_byte_rate_change"", ""state_rst_rate_change"", ""state_fin_rate_change""]",LOW
99,CTU42,2011-08-10T10:44:00+00:00,Neris,0.9969938619808446,RBot,0.9951915510174782,0.0239529205772543,38.044504615417985,"[""state_byte_rate_change"", ""state_ack_rate_change"", ""state_packet_rate_change""]",LOW
100,CTU42,2011-08-10T10:45:00+00:00,Neris,0.998926106781581,RBot,0.9984155957898148,0.0098603761056295,6.6468712945496025,"[""state_byte_rate_change"", ""state_ack_rate_change"", ""state_packet_rate_change""]",LOW
101,CTU42,2011-08-10T10:46:00+00:00,Neris,0.9839527770959604,Virut,0.9798795450254556,0.1092691571141169,37.58130350834007,"[""state_byte_rate_change"", ""state_ack_rate_change"", ""state_packet_rate_change""]",LOW
102,CTU42,2011-08-10T10:47:00+00:00,Neris,0.9957269835930782,RBot,0.9935404112299504,0.0333061649113888,43.581137551702376,"[""state_byte_rate_change"", ""state_ack_rate_change"", ""state_syn_rate_change""]",LOW
103,CTU42,2011-08-10T10:48:00+00:00,Neris,0.9908654203477618,RBot,0.9838865911804228,0.0599495699947347,9.932141707909604,"[""state_syn_rate_change"", ""state_byte_rate_change"", ""state_ack_rate_change""]",LOW
104,CTU42,2011-08-10T10:49:00+00:00,Neris,0.9947714780865182,RBot,0.9915369537957336,0.0385527811547772,4.4874957966753035,"[""state_destination_diversity_change"", ""state_syn_rate_change"", ""state_rst_rate_change""]",LOW
105,CTU42,2011-08-10T10:50:00+00:00,Neris,0.9952504509540436,RBot,0.99245435069283,0.0358356998040809,8.167878659561973,"[""state_syn_rate_change"", ""state_byte_rate_change"", ""state_packet_rate_change""]",LOW
106,CTU42,2011-08-10T10:51:00+00:00,Neris,0.9981310906890788,RBot,0.9970440201765725,0.0159397194792501,8.682182628311395,"[""state_byte_rate_change"", ""state_destination_diversity_change"", ""state_packet_rate_change""]",LOW
107,CTU42,2011-08-10T10:52:00+00:00,Neris,0.9968904449885672,RBot,0.995201227895824,0.0250796423135366,10.431552918151942,"[""state_byte_rate_change"", ""state_destination_diversity_change"", ""state_packet_rate_change""]",LOW
108,CTU42,2011-08-10T10:53:00+00:00,Neris,0.996212701282625,RBot,0.9940555496768512,0.0293458304060529,4.065766268820468,"[""state_syn_rate_change"", ""state_destination_diversity_change"", ""state_ack_rate_change""]",LOW
109,CTU42,2011-08-10T10:54:00+00:00,Neris,0.9971253437008188,RBot,0.9956281761814404,0.0233316677561081,2.3035508191954484,"[""state_destination_diversity_change"", ""state_ack_rate_change"", ""state_packet_rate_change""]",LOW
110,CTU42,2011-08-10T10:55:00+00:00,Neris,0.9939787820475636,Virut,0.9919133178606292,0.0460592243911012,7.94327930788682,"[""state_syn_rate_change"", ""state_byte_rate_change"", ""state_destination_diversity_change""]",LOW
111,CTU42,2011-08-10T10:56:00+00:00,Neris,0.9974995802343471,RBot,0.9965852951750046,0.0213225991496202,38.97451386400018,"[""state_byte_rate_change"", ""state_packet_rate_change"", ""state_destination_diversity_change""]",LOW
112,CTU42,2011-08-10T10:57:00+00:00,Neris,0.994992167556799,RBot,0.9933536662428456,0.0390586783973105,13.392577221776351,"[""state_packet_rate_change"", ""state_byte_rate_change"", ""state_ack_rate_change""]",LOW
113,CTU42,2011-08-10T10:58:00+00:00,Neris,0.9875945461943416,RBot,0.9837969725306182,0.0860911490322192,22.9919298582617,"[""state_byte_rate_change"", ""state_packet_rate_change"", ""state_destination_diversity_change""]",LOW
114,CTU42,2011-08-10T10:59:00+00:00,Neris,0.994280532896824,Virut,0.9925941832428103,0.044101773808871,22.65867597617795,"[""state_byte_rate_change"", ""state_syn_rate_change"", ""state_destination_diversity_change""]",LOW
115,CTU42,2011-08-10T11:00:00+00:00,Neris,0.9974924126644756,RBot,0.9966085902464537,0.0212651672337451,22.068139312453983,"[""state_byte_rate_change"", ""state_packet_rate_change"", ""state_destination_diversity_change""]",LOW
116,CTU42,2011-08-10T11:01:00+00:00,Neris,0.986041282163251,Virut,0.9817213251251924,0.0954133392026498,38.95543537573884,"[""state_byte_rate_change"", ""state_packet_rate_change"", ""state_destination_diversity_change""]",LOW
117,CTU42,2011-08-10T11:02:00+00:00,Neris,0.9968173150650558,Virut,0.9958546218385654,0.0264196552862095,13.152975407635834,"[""state_ack_rate_change"", ""state_destination_diversity_change"", ""state_packet_rate_change""]",LOW
118,CTU42,2011-08-10T11:03:00+00:00,Neris,0.9974339128323826,RBot,0.9965962854940372,0.0218195461152372,17.07804024474414,"[""state_packet_rate_change"", ""state_ack_rate_change"", ""state_syn_rate_change""]",LOW
119,CTU42,2011-08-10T11:04:00+00:00,Neris,0.995952873073574,RBot,0.994780561228316,0.0327988480288485,26.693113079704293,"[""state_byte_rate_change"", ""state_packet_rate_change"", ""state_destination_diversity_change""]",LOW
120,CTU42,2011-08-10T11:05:00+00:00,Neris,0.9974827979643314,Virut,0.996622372437901,0.0214012914055792,41.03759035525679,"[""state_byte_rate_change"", ""state_packet_rate_change"", ""state_destination_diversity_change""]",LOW
121,CTU42,2011-08-10T11:06:00+00:00,Neris,0.9965635025217032,RBot,0.9954391731934844,0.0282192185521741,13.052044174859347,"[""state_byte_rate_change"", ""state_packet_rate_change"", ""state_ack_rate_change""]",LOW
122,CTU42,2011-08-10T11:07:00+00:00,Neris,0.9972590730899517,RBot,0.9960058570760626,0.0228430263482555,11.962745973729048,"[""state_byte_rate_change"", ""state_packet_rate_change"", ""state_destination_diversity_change""]",LOW
123,CTU42,2011-08-10T11:08:00+00:00,Neris,0.9972353186247171,RBot,0.9961573424422796,0.0231704538688871,16.606718933697117,"[""state_byte_rate_change"", ""state_packet_rate_change"", ""state_destination_diversity_change""]",LOW
124,CTU42,2011-08-10T11:09:00+00:00,Neris,0.9978263618471956,RBot,0.9971398073527414,0.0188626360586096,12.754105671224783,"[""state_byte_rate_change"", ""state_destination_diversity_change"", ""state_packet_rate_change""]",LOW
125,CTU42,2011-08-10T11:10:00+00:00,Neris,0.9974989094842652,Virut,0.9967194107622268,0.0213701595364904,10.583544598031404,"[""state_byte_rate_change"", ""state_packet_rate_change"", ""state_syn_rate_change""]",LOW
126,CTU42,2011-08-10T11:11:00+00:00,Neris,0.9970072295306328,RBot,0.9960316559516008,0.0248959448803175,8.952225872856031,"[""state_byte_rate_change"", ""state_syn_rate_change"", ""state_packet_rate_change""]",LOW
127,CTU42,2011-08-10T11:12:00+00:00,Neris,0.9896935018068768,Virut,0.9859683508502672,0.0738759652297472,94.55484327141615,"[""state_byte_rate_change"", ""state_ack_rate_change"", ""state_packet_rate_change""]",LOW
128,CTU42,2011-08-10T11:13:00+00:00,Neris,0.996770143377362,RBot,0.9955819940426416,0.0266040164177814,95.68263967463885,"[""state_byte_rate_change"", ""state_ack_rate_change"", ""state_packet_rate_change""]",LOW
129,CTU42,2011-08-10T11:14:00+00:00,Neris,0.996777099524628,RBot,0.99577831548941,0.0266997899742871,7.015895304140599,"[""state_syn_rate_change"", ""state_byte_rate_change"", ""state_destination_diversity_change""]",LOW
130,CTU42,2011-08-10T11:15:00+00:00,Neris,0.9853072072668514,Virut,0.9811349467172368,0.1003474033222829,123.99473195554127,"[""state_byte_rate_change"", ""state_packet_rate_change"", ""state_destination_diversity_change""]",LOW
131,CTU42,2011-08-10T11:16:00+00:00,Neris,0.9947624940676644,Virut,0.9932981035653128,0.0411339697883442,77.16560122188689,"[""state_byte_rate_change"", ""state_packet_rate_change"", ""state_destination_diversity_change""]",LOW
132,CTU42,2011-08-10T11:17:00+00:00,Neris,0.9976818742626192,RBot,0.99691013212265,0.0199986523578813,13.283974132176894,"[""state_byte_rate_change"", ""state_packet_rate_change"", ""state_syn_rate_change""]",LOW
133,CTU42,2011-08-10T11:18:00+00:00,Neris,0.9945471834082448,Virut,0.9929754627207728,0.0430325523873401,32.291897882447465,"[""state_packet_rate_change"", ""state_destination_diversity_change"", ""state_byte_rate_change""]",LOW
134,CTU42,2011-08-10T11:19:00+00:00,Neris,0.9952164276468451,RBot,0.993315319601622,0.0369312418240149,29.945721540582763,"[""state_byte_rate_change"", ""state_ack_rate_change"", ""state_packet_rate_change""]",LOW
135,CTU42,2011-08-10T11:20:00+00:00,Neris,0.9974718170896476,Virut,0.9965153258419024,0.0215478206682706,27.307722497090552,"[""state_byte_rate_change"", ""state_ack_rate_change"", ""state_packet_rate_change""]",LOW
136,CTU42,2011-08-10T11:21:00+00:00,Neris,0.9963175997360544,Virut,0.9951533674047628,0.0304521126540304,12.610193002931252,"[""state_byte_rate_change"", ""state_packet_rate_change"", ""state_syn_rate_change""]",LOW
137,CTU42,2011-08-10T11:22:00+00:00,Neris,0.9985478517836244,Virut,0.9980834573503772,0.0131525973236934,12.36488956639355,"[""state_byte_rate_change"", ""state_packet_rate_change"", ""state_ack_rate_change""]",LOW
138,CTU42,2011-08-10T11:23:00+00:00,Neris,0.9974096297379308,Virut,0.996500828205189,0.0221563416531843,13.693411051844121,"[""state_byte_rate_change"", ""state_syn_rate_change"", ""state_rst_rate_change""]",LOW
139,CTU42,2011-08-10T11:24:00+00:00,Neris,0.9968028745640736,Virut,0.9958406247491732,0.026558985581933,30.163282747894282,"[""state_destination_diversity_change"", ""state_packet_rate_change"", ""state_byte_rate_change""]",LOW
140,CTU42,2011-08-10T11:25:00+00:00,Neris,0.9972467405113608,Virut,0.996253628670018,0.0232038963750325,27.083700840232154,"[""state_byte_rate_change"", ""state_ack_rate_change"", ""state_syn_rate_change""]",LOW
141,CTU42,2011-08-10T11:26:00+00:00,Neris,0.9954048006491842,Virut,0.993835136828268,0.0364726153344667,22.825560477383835,"[""state_byte_rate_change"", ""state_packet_rate_change"", ""state_destination_diversity_change""]",LOW
142,CTU42,2011-08-10T11:27:00+00:00,Neris,0.991260190951842,RBot,0.988981721646362,0.0640960726125568,32.65346278069396,"[""state_packet_rate_change"", ""state_byte_rate_change"", ""state_destination_diversity_change""]",LOW
143,CTU42,2011-08-10T11:28:00+00:00,Neris,0.9953737747547704,Virut,0.9939897641636076,0.036882185841886,25.311757760189618,"[""state_byte_rate_change"", ""state_packet_rate_change"", ""state_syn_rate_change""]",LOW
144,CTU42,2011-08-10T11:29:00+00:00,Neris,0.99490578169191,RBot,0.9933226682863046,0.0398964833602107,32.70592661330659,"[""state_byte_rate_change"", ""state_packet_rate_change"", ""state_destination_diversity_change""]",LOW
145,CTU42,2011-08-10T11:30:00+00:00,Neris,0.9935178552072674,RBot,0.99159477830391,0.049403468274064,15.27732078216552,"[""state_packet_rate_change"", ""state_byte_rate_change"", ""state_destination_diversity_change""]",LOW
146,CTU42,2011-08-10T11:31:00+00:00,Neris,0.996033100483825,RBot,0.9947338112902192,0.0319646600354251,21.51861260749726,"[""state_byte_rate_change"", ""state_packet_rate_change"", ""state_syn_rate_change""]",LOW
147,CTU42,2011-08-10T11:32:00+00:00,Neris,0.9857500786169122,Murlo,0.9820037286722422,0.0978432758214722,105.37634973049673,"[""state_byte_rate_change"", ""state_packet_rate_change"", ""state_destination_diversity_change""]",LOW
148,CTU42,2011-08-10T11:33:00+00:00,Neris,0.9965843394003407,RBot,0.9955718625369132,0.0282269249818463,73.43988894863358,"[""state_byte_rate_change"", ""state_packet_rate_change"", ""state_destination_diversity_change""]",LOW
149,CTU42,2011-08-10T11:34:00+00:00,Neris,0.997486865176856,RBot,0.9964769945096232,0.0213597620815283,11.331620984017489,"[""state_byte_rate_change"", ""state_packet_rate_change"", ""state_destination_diversity_change""]",LOW
150,CTU42,2011-08-10T11:35:00+00:00,Neris,0.997342059844776,RBot,0.9964332431354996,0.0224967664271362,5.378582841033449,"[""state_byte_rate_change"", ""state_rst_rate_change"", ""state_destination_diversity_change""]",LOW
151,CTU42,2011-08-10T11:36:00+00:00,Neris,0.9969213012993582,RBot,0.9957996247166236,0.0255511855471935,8.836983598870715,"[""state_packet_rate_change"", ""state_byte_rate_change"", ""state_destination_diversity_change""]",LOW
152,CTU42,2011-08-10T11:37:00+00:00,Neris,0.9968927013699914,RBot,0.9958758843592564,0.0258195248923512,9.368278246334798,"[""state_packet_rate_change"", ""state_ack_rate_change"", ""state_destination_diversity_change""]",LOW
153,CTU42,2011-08-10T11:38:00+00:00,Neris,0.9966781583835352,RBot,0.9956223375405776,0.0274512001196,6.784282468834459,"[""state_byte_rate_change"", ""state_syn_rate_change"", ""state_packet_rate_change""]",LOW
154,CTU42,2011-08-10T11:39:00+00:00,Neris,0.9969633107763556,Virut,0.996076419379136,0.0254959452864433,38.35572421302532,"[""state_byte_rate_change"", ""state_packet_rate_change"", ""state_ack_rate_change""]",LOW
155,CTU42,2011-08-10T11:40:00+00:00,Neris,0.9968367579812696,RBot,0.9956567349353754,0.0261673804052455,16.73241585798275,"[""state_byte_rate_change"", ""state_packet_rate_change"", ""state_fin_rate_change""]",LOW
156,CTU42,2011-08-10T11:41:00+00:00,Neris,0.995909622535565,Virut,0.994735621547256,0.0328018207409198,39.236842255012256,"[""state_byte_rate_change"", ""state_packet_rate_change"", ""state_destination_diversity_change""]",LOW
157,CTU42,2011-08-10T11:42:00+00:00,Neris,0.9976252002380036,RBot,0.9968810792026318,0.0204122338159606,19.179691927276377,"[""state_byte_rate_change"", ""state_destination_diversity_change"", ""state_packet_rate_change""]",LOW
158,CTU42,2011-08-10T11:43:00+00:00,Neris,0.997831861791886,RBot,0.997137179730496,0.0188608615878342,34.6404989020123,"[""state_byte_rate_change"", ""state_packet_rate_change"", ""state_destination_diversity_change""]",LOW
159,CTU42,2011-08-10T11:44:00+00:00,Neris,0.9941098874961788,RBot,0.9923053881026398,0.0455047593555985,15.1976995621933,"[""state_byte_rate_change"", ""state_syn_rate_change"", ""state_packet_rate_change""]",LOW
160,CTU42,2011-08-10T11:45:00+00:00,Neris,0.9917352160322622,Murlo,0.9895026329236366,0.0611071785007465,80.09775914785936,"[""state_byte_rate_change"", ""state_packet_rate_change"", ""state_destination_diversity_change""]",LOW
161,CTU42,2011-08-10T11:46:00+00:00,Neris,0.9941451572860048,RBot,0.9918948583962456,0.0447994232622817,44.09369908295279,"[""state_byte_rate_change"", ""state_packet_rate_change"", ""state_destination_diversity_change""]",LOW
162,CTU42,2011-08-10T11:47:00+00:00,Neris,0.994416571346707,RBot,0.9925760075755194,0.0428641537533539,36.73001119796772,"[""state_byte_rate_change"", ""state_destination_diversity_change"", ""state_packet_rate_change""]",LOW
163,CTU42,2011-08-10T11:48:00+00:00,Neris,0.998465030611764,RBot,0.99769232923005,0.0135330134120913,8.041953762598181,"[""state_byte_rate_change"", ""state_syn_rate_change"", ""state_rst_rate_change""]",LOW
164,CTU42,2011-08-10T11:49:00+00:00,Neris,0.9936978073313966,RBot,0.9908086582654184,0.0471026101016738,7.24120528720357,"[""state_syn_rate_change"", ""state_port_diversity_change"", ""state_ack_rate_change""]",LOW
165,CTU42,2011-08-10T11:50:00+00:00,Neris,0.9781045436682368,Virut,0.970858194196149,0.1423377031970912,60.53746011607029,"[""state_byte_rate_change"", ""state_ack_rate_change"", ""state_packet_rate_change""]",LOW
166,CTU42,2011-08-10T11:51:00+00:00,Neris,0.9973514732205838,Virut,0.9964176883462732,0.0227857145830824,44.697680557001746,"[""state_byte_rate_change"", ""state_ack_rate_change"", ""state_packet_rate_change""]",LOW
167,CTU42,2011-08-10T11:52:00+00:00,Neris,0.9985098462835154,Virut,0.9979567432986955,0.0133273007902779,11.787515059265603,"[""state_byte_rate_change"", ""state_syn_rate_change"", ""state_ack_rate_change""]",LOW
168,CTU42,2011-08-10T11:53:00+00:00,Neris,0.9940608594559356,Virut,0.991746432104282,0.0460141694478717,14.605310847092666,"[""state_byte_rate_change"", ""state_syn_rate_change"", ""state_rst_rate_change""]",LOW
169,CTU42,2011-08-10T11:54:00+00:00,Neris,0.9976242071833104,Virut,0.9968525114859076,0.0207540941091578,11.137281533480165,"[""state_byte_rate_change"", ""state_syn_rate_change"", ""state_ack_rate_change""]",LOW
170,CTU42,2011-08-10T11:55:00+00:00,Neris,0.9947053273500496,Virut,0.9921369755860066,0.0410079330869973,50.31080117250912,"[""state_byte_rate_change"", ""state_ack_rate_change"", ""state_rst_rate_change""]",LOW
171,CTU42,2011-08-10T11:56:00+00:00,Neris,0.9677040814659984,RBot,0.9438099377928552,0.172223400422962,74.6219801256236,"[""state_byte_rate_change"", ""state_ack_rate_change"", ""state_packet_rate_change""]",LOW
172,CTU42,2011-08-10T11:57:00+00:00,Neris,0.9950214414941112,RBot,0.9929284488667794,0.0387336132665822,9.908171434509422,"[""state_syn_rate_change"", ""state_packet_rate_change"", ""state_top_probability_change""]",LOW
173,CTU42,2011-08-10T11:58:00+00:00,Neris,0.9928534908578702,RBot,0.9876025038479114,0.0490953779895583,6.071702917881886,"[""state_syn_rate_change"", ""state_packet_rate_change"", ""state_port_diversity_change""]",LOW
174,CTU42,2011-08-10T11:59:00+00:00,Neris,0.9884226458331492,RBot,0.983562332135332,0.0798612412619415,7.400925234040707,"[""state_syn_rate_change"", ""state_ack_rate_change"", ""state_byte_rate_change""]",LOW
175,CTU42,2011-08-10T12:00:00+00:00,Neris,0.9982508127007542,RBot,0.9976306491723302,0.015414463489684,18.681627708844186,"[""state_byte_rate_change"", ""state_ack_rate_change"", ""state_syn_rate_change""]",LOW
176,CTU42,2011-08-10T12:01:00+00:00,Neris,0.9813979359194523,RBot,0.9761815774612586,0.1218136621988303,21.899601976556752,"[""state_byte_rate_change"", ""state_ack_rate_change"", ""state_packet_rate_change""]",LOW
177,CTU42,2011-08-10T12:02:00+00:00,Neris,0.9961204207166154,RBot,0.9943421575194342,0.030969547781942,8.036921497299165,"[""state_ack_rate_change"", ""state_packet_rate_change"", ""state_syn_rate_change""]",LOW
178,CTU42,2011-08-10T12:03:00+00:00,Neris,0.9813812525119447,RBot,0.9659082124512328,0.105518544658126,15.022893527178411,"[""state_ack_rate_change"", ""state_syn_rate_change"", ""state_packet_rate_change""]",LOW
179,CTU42,2011-08-10T12:04:00+00:00,Neris,0.9891569999947224,RBot,0.9807644267303212,0.0690090086095731,1.918537347769287,"[""state_syn_rate_change"", ""state_rst_rate_change"", ""state_top_probability_change""]",LOW
180,CTU42,2011-08-10T12:05:00+00:00,Neris,0.9976199348006732,RBot,0.9958860441166566,0.0189866884970569,4.722317937160161,"[""state_ack_rate_change"", ""state_syn_rate_change"", ""state_packet_rate_change""]",LOW
181,CTU42,2011-08-10T12:06:00+00:00,Neris,0.986717776844942,RBot,0.9759009216173604,0.0802526105915914,6.464941322352065,"[""state_ack_rate_change"", ""state_byte_rate_change"", ""state_packet_rate_change""]",LOW
182,CTU42,2011-08-10T12:07:00+00:00,Neris,0.997574810648704,RBot,0.9958966974603928,0.019428254061358,3.768717870121271,"[""state_syn_rate_change"", ""state_rst_rate_change"", ""state_fin_rate_change""]",LOW
183,CTU42,2011-08-10T12:08:00+00:00,Neris,0.9666416713383348,DonBot,0.9558684699410868,0.2007849014851845,50.81082892264217,"[""state_byte_rate_change"", ""state_ack_rate_change"", ""state_packet_rate_change""]",LOW
184,CTU42,2011-08-10T12:09:00+00:00,Neris,0.985764857525486,RBot,0.9733347173655268,0.0826216703777016,48.72861967776276,"[""state_byte_rate_change"", ""state_ack_rate_change"", ""state_packet_rate_change""]",LOW
185,CTU42,2011-08-10T12:10:00+00:00,Neris,0.9958656826244214,RBot,0.994047477395908,0.0322702922515744,6.552409724335264,"[""state_byte_rate_change"", ""state_syn_rate_change"", ""state_ack_rate_change""]",LOW
186,CTU42,2011-08-10T12:11:00+00:00,Neris,0.9988953052811812,RBot,0.99844137781194,0.0101690602727584,5.858314482872086,"[""state_rst_rate_change"", ""state_syn_rate_change"", ""state_port_diversity_change""]",LOW
187,CTU42,2011-08-10T12:12:00+00:00,Neris,0.9625452613629416,RBot,0.9297615994024852,0.1801216278107967,13.589763621541097,"[""state_byte_rate_change"", ""state_ack_rate_change"", ""state_packet_rate_change""]",LOW
188,CTU42,2011-08-10T12:13:00+00:00,Neris,0.997984910593611,RBot,0.9967794269538128,0.0168858935921418,9.40807737674953,"[""state_syn_rate_change"", ""state_ack_rate_change"", ""state_top_probability_change""]",LOW
189,CTU42,2011-08-10T12:14:00+00:00,Neris,0.99658073907052,RBot,0.9941839569118548,0.0261935513979006,6.370468482819226,"[""state_syn_rate_change"", ""state_rst_rate_change"", ""state_packet_rate_change""]",LOW
190,CTU42,2011-08-10T12:15:00+00:00,Neris,0.998290574823641,RBot,0.9973656818356212,0.0146947146425066,4.7572942314356705,"[""state_syn_rate_change"", ""state_ack_rate_change"", ""state_byte_rate_change""]",LOW
191,CTU42,2011-08-10T12:16:00+00:00,Neris,0.9985676364895656,RBot,0.9978200302805182,0.0125973906046976,2.9080898509873,"[""state_syn_rate_change"", ""state_byte_rate_change"", ""state_rst_rate_change""]",LOW
192,CTU42,2011-08-10T12:17:00+00:00,Neris,0.9980412402219236,RBot,0.9967033688671716,0.0161367365078496,3.6799645030714334,"[""state_syn_rate_change"", ""state_byte_rate_change"", ""state_fin_rate_change""]",LOW
193,CTU42,2011-08-10T12:18:00+00:00,Neris,0.9975121875622516,RBot,0.9958621490152976,0.0200406566888728,2.8516609949582503,"[""state_byte_rate_change"", ""state_ack_rate_change"", ""state_packet_rate_change""]",LOW
194,CTU42,2011-08-10T12:19:00+00:00,Neris,0.996884997154067,RBot,0.9949843162850918,0.0246268667212715,4.753844449357339,"[""state_syn_rate_change"", ""state_ack_rate_change"", ""state_fin_rate_change""]",LOW
195,CTU42,2011-08-10T12:20:00+00:00,Neris,0.9936715731485628,RBot,0.9890261049427016,0.044328092221148,6.025571943649294,"[""state_syn_rate_change"", ""state_ack_rate_change"", ""state_port_diversity_change""]",LOW
196,CTU42,2011-08-10T12:21:00+00:00,Neris,0.9890457874737948,RBot,0.9796234699886008,0.0668027029780759,5.674759015303565,"[""state_ack_rate_change"", ""state_byte_rate_change"", ""state_syn_rate_change""]",LOW
197,CTU42,2011-08-10T12:22:00+00:00,Neris,0.924414595156282,RBot,0.8623147978365795,0.3218097087834579,8.917932541906746,"[""state_syn_rate_change"", ""state_top_probability_change"", ""state_entropy_change""]",LOW
198,CTU42,2011-08-10T12:23:00+00:00,Neris,0.9660686968488792,RBot,0.935866081453494,0.1652900843103706,7.6268296766768495,"[""state_syn_rate_change"", ""state_ack_rate_change"", ""state_top_probability_change""]",LOW
199,CTU42,2011-08-10T12:24:00+00:00,Neris,0.9976528516087172,RBot,0.9965303555901068,0.0198878305323511,17.276833523260034,"[""state_syn_rate_change"", ""state_byte_rate_change"", ""state_ack_rate_change""]",LOW
200,CTU42,2011-08-10T12:25:00+00:00,Neris,0.9942600807860096,RBot,0.9919008225966772,0.0439064538514132,14.306678332566177,"[""state_ack_rate_change"", ""state_byte_rate_change"", ""state_packet_rate_change""]",LOW
201,CTU42,2011-08-10T12:26:00+00:00,Neris,0.9955317181209546,RBot,0.9934587477113904,0.0345309664736923,12.522392344939576,"[""state_syn_rate_change"", ""state_ack_rate_change"", ""state_packet_rate_change""]",LOW
202,CTU42,2011-08-10T12:27:00+00:00,Neris,0.6399104426847642,RBot,0.3308347065901684,0.8686388078378177,25.35241310229644,"[""state_top_probability_change"", ""state_entropy_change"", ""state_byte_rate_change""]",MEDIUM
203,CTU42,2011-08-10T12:28:00+00:00,Neris,0.9535771707095878,RBot,0.9349464957946484,0.2539463386996122,15.104766977823708,"[""state_top_probability_change"", ""state_entropy_change"", ""state_syn_rate_change""]",LOW
204,CTU42,2011-08-10T12:29:00+00:00,Neris,0.9947516283780824,RBot,0.99253273495764,0.0405943476095638,21.883694286667914,"[""state_syn_rate_change"", ""state_ack_rate_change"", ""state_packet_rate_change""]",LOW
205,CTU42,2011-08-10T12:30:00+00:00,Neris,0.9905693253152992,RBot,0.9861324470338644,0.0664351934399948,7.465355146480532,"[""state_syn_rate_change"", ""state_ack_rate_change"", ""state_packet_rate_change""]",LOW
206,CTU42,2011-08-10T12:31:00+00:00,Neris,0.881748460419798,RBot,0.836141716337813,0.5225411553310291,22.78520252749993,"[""state_ack_rate_change"", ""state_packet_rate_change"", ""state_top_probability_change""]",MEDIUM
207,CTU42,2011-08-10T12:32:00+00:00,Neris,0.943112609045072,RBot,0.9175434583117508,0.2977610206962882,5.536264225409002,"[""state_top_probability_change"", ""state_entropy_change"", ""state_ack_rate_change""]",LOW
208,CTU42,2011-08-10T12:33:00+00:00,Neris,0.9810250729349174,RBot,0.964767909175852,0.1056312474138969,14.676993701803243,"[""state_ack_rate_change"", ""state_packet_rate_change"", ""state_byte_rate_change""]",LOW
209,CTU42,2011-08-10T12:34:00+00:00,Neris,0.9937456768727448,RBot,0.9891112339207252,0.0436721070320102,7.144292018716192,"[""state_ack_rate_change"", ""state_packet_rate_change"", ""state_byte_rate_change""]",LOW
210,CTU42,2011-08-10T12:35:00+00:00,Neris,0.9946165027656468,RBot,0.9913872885175296,0.0401244964504028,5.855953580141173,"[""state_syn_rate_change"", ""state_fin_rate_change"", ""state_byte_rate_change""]",LOW
211,CTU42,2011-08-10T12:36:00+00:00,Neris,0.9728077765348112,RBot,0.9484425384396544,0.137908887700812,19.369427326610253,"[""state_ack_rate_change"", ""state_syn_rate_change"", ""state_packet_rate_change""]",LOW
212,CTU42,2011-08-10T12:37:00+00:00,Neris,0.9941812286505716,RBot,0.9900770743526122,0.0415426787392999,3.773348424948781,"[""state_syn_rate_change"", ""state_byte_rate_change"", ""state_top_probability_change""]",LOW
213,CTU42,2011-08-10T12:38:00+00:00,Neris,0.8886840815731493,RBot,0.7872400508027015,0.3963205363890906,9.550318460628725,"[""state_top_probability_change"", ""state_entropy_change"", ""state_syn_rate_change""]",LOW
214,CTU42,2011-08-10T12:39:00+00:00,Neris,0.9774495204729684,RBot,0.957770036946921,0.1205173656159926,9.419305678276725,"[""state_top_probability_change"", ""state_syn_rate_change"", ""state_entropy_change""]",LOW
215,CTU42,2011-08-10T12:40:00+00:00,Neris,0.9959535928418238,RBot,0.9932456834349996,0.0306485596733154,10.138807840121197,"[""state_syn_rate_change"", ""state_byte_rate_change"", ""state_ack_rate_change""]",LOW
216,CTU42,2011-08-10T12:41:00+00:00,Neris,0.9976438729372056,RBot,0.9958897002661794,0.0187343802487863,7.7924269687406555,"[""state_syn_rate_change"", ""state_byte_rate_change"", ""state_ack_rate_change""]",LOW
217,CTU42,2011-08-10T12:42:00+00:00,Neris,0.997610418715384,RBot,0.9961843889341518,0.0195696957316082,3.5950790348580024,"[""state_byte_rate_change"", ""state_rst_rate_change"", ""state_ack_rate_change""]",LOW
218,CTU42,2011-08-10T12:43:00+00:00,Neris,0.9958457577264652,RBot,0.9927245353303816,0.0306402797087886,3.3672847829788277,"[""state_syn_rate_change"", ""state_byte_rate_change"", ""state_ack_rate_change""]",LOW
219,CTU42,2011-08-10T12:44:00+00:00,Neris,0.9942105985102184,RBot,0.9901138546461008,0.0413289132257444,3.675068488594188,"[""state_ack_rate_change"", ""state_syn_rate_change"", ""state_byte_rate_change""]",LOW
220,CTU42,2011-08-10T12:45:00+00:00,Neris,0.9975896513681134,RBot,0.9962294262126328,0.0199293527253753,7.026910542110866,"[""state_syn_rate_change"", ""state_packet_rate_change"", ""state_rst_rate_change""]",LOW
221,CTU42,2011-08-10T12:46:00+00:00,Neris,0.9806746498321868,RBot,0.963729206661286,0.1059574858679046,11.627885420917567,"[""state_syn_rate_change"", ""state_byte_rate_change"", ""state_packet_rate_change""]",LOW
222,CTU42,2011-08-10T12:47:00+00:00,Neris,0.9979863133412328,RBot,0.9966018550156124,0.0165380063744067,6.880108723292069,"[""state_syn_rate_change"", ""state_byte_rate_change"", ""state_rst_rate_change""]",LOW
223,CTU42,2011-08-10T12:48:00+00:00,Neris,0.9950144306264126,Virut,0.9929209730252994,0.0379713802126367,11.772964365091353,"[""state_byte_rate_change"", ""state_fin_rate_change"", ""state_syn_rate_change""]",LOW
224,CTU42,2011-08-10T12:49:00+00:00,Neris,0.9984489805063116,Virut,0.9977788301764232,0.0137676561140687,9.222517183914936,"[""state_ack_rate_change"", ""state_packet_rate_change"", ""state_byte_rate_change""]",LOW
225,CTU42,2011-08-10T12:50:00+00:00,Neris,0.9938081712667972,RBot,0.9891538934638292,0.0431515097706134,16.153963914049765,"[""state_byte_rate_change"", ""state_syn_rate_change"", ""state_ack_rate_change""]",LOW
226,CTU42,2011-08-10T12:51:00+00:00,Neris,0.9946352765714584,RBot,0.990963474046401,0.0389069995009893,3.575484318448512,"[""state_syn_rate_change"", ""state_fin_rate_change"", ""state_packet_rate_change""]",LOW
227,CTU42,2011-08-10T12:52:00+00:00,Neris,0.9302506721651586,RBot,0.874253032158836,0.3057309138325615,16.136024867651226,"[""state_ack_rate_change"", ""state_packet_rate_change"", ""state_top_probability_change""]",LOW
228,CTU42,2011-08-10T12:53:00+00:00,Neris,0.978836945143297,RBot,0.9678301555379432,0.130545598967775,5.584996950268594,"[""state_syn_rate_change"", ""state_top_probability_change"", ""state_entropy_change""]",LOW
229,CTU42,2011-08-10T12:54:00+00:00,Neris,0.95450130850618,DonBot,0.9364554118784176,0.2541697828525699,40.747641694019485,"[""state_byte_rate_change"", ""state_ack_rate_change"", ""state_packet_rate_change""]",LOW
230,CTU42,2011-08-10T12:55:00+00:00,Neris,0.9878877104881484,DonBot,0.984820562860878,0.0852057822370577,22.24593590931299,"[""state_byte_rate_change"", ""state_ack_rate_change"", ""state_syn_rate_change""]",LOW
231,CTU42,2011-08-10T12:56:00+00:00,Neris,0.9794526659378774,RBot,0.9664123058244632,0.123653092772327,27.74944641322763,"[""state_byte_rate_change"", ""state_syn_rate_change"", ""state_ack_rate_change""]",LOW
232,CTU42,2011-08-10T12:57:00+00:00,Neris,0.9829381655919,RBot,0.9699124911047688,0.1008486208167167,3.346428832592031,"[""state_fin_rate_change"", ""state_syn_rate_change"", ""state_ack_rate_change""]",LOW
233,CTU42,2011-08-10T12:58:00+00:00,Neris,0.9533701546389656,RBot,0.932957511050307,0.2539047086395137,5.126888590848113,"[""state_syn_rate_change"", ""state_top_probability_change"", ""state_entropy_change""]",LOW
234,CTU42,2011-08-10T12:59:00+00:00,Neris,0.9588577421706304,RBot,0.925413049045554,0.2020969890734299,6.411100899422067,"[""state_rst_rate_change"", ""state_ack_rate_change"", ""state_syn_rate_change""]",LOW
235,CTU42,2011-08-10T13:00:00+00:00,Neris,0.989445964452584,RBot,0.984195433253176,0.073184672367743,13.58282501585172,"[""state_syn_rate_change"", ""state_byte_rate_change"", ""state_packet_rate_change""]",LOW
236,CTU42,2011-08-10T13:01:00+00:00,Neris,0.7847687796475605,RBot,0.6555719682494521,0.7725956718786822,29.030753468795933,"[""state_syn_rate_change"", ""state_top_probability_change"", ""state_ack_rate_change""]",MEDIUM
237,CTU42,2011-08-10T13:02:00+00:00,Neris,0.6914272289006159,DonBot,0.5391857943403744,1.0111193496439517,16.25976264846854,"[""state_syn_rate_change"", ""state_rst_rate_change"", ""state_top_probability_change""]",MEDIUM
238,CTU42,2011-08-10T13:03:00+00:00,Neris,0.9725166652421569,RBot,0.9601220734982708,0.1644982339703531,19.59884167855881,"[""state_top_probability_change"", ""state_entropy_change"", ""state_ack_rate_change""]",LOW
239,CTU42,2011-08-10T13:04:00+00:00,Neris,0.8800811631910774,RBot,0.8274943985120097,0.5239988370616387,13.71193148586268,"[""state_top_probability_change"", ""state_syn_rate_change"", ""state_ack_rate_change""]",MEDIUM
240,CTU42,2011-08-10T13:05:00+00:00,Neris,0.9937023247181532,Virut,0.991192884180422,0.0484303613068935,44.67927122798781,"[""state_byte_rate_change"", ""state_ack_rate_change"", ""state_syn_rate_change""]",LOW
241,CTU42,2011-08-10T13:06:00+00:00,Neris,0.99160709146273,Virut,0.9885323509689102,0.0620161199543732,12.754420826448401,"[""state_byte_rate_change"", ""state_ack_rate_change"", ""state_packet_rate_change""]",LOW
242,CTU42,2011-08-10T13:07:00+00:00,Neris,0.9913367609566772,Virut,0.987187347998723,0.0617475534349491,49.65823022027434,"[""state_byte_rate_change"", ""state_ack_rate_change"", ""state_packet_rate_change""]",LOW
243,CTU42,2011-08-10T13:08:00+00:00,Neris,0.9883792856555096,Virut,0.981774014619064,0.0790536526185448,77.0677633376407,"[""state_byte_rate_change"", ""state_ack_rate_change"", ""state_packet_rate_change""]",LOW
244,CTU42,2011-08-10T13:09:00+00:00,Neris,0.994910601009737,Virut,0.9927598609441036,0.0399099671996174,99.67859743157733,"[""state_byte_rate_change"", ""state_ack_rate_change"", ""state_packet_rate_change""]",LOW
245,CTU42,2011-08-10T13:10:00+00:00,Neris,0.99309655308114,Virut,0.9904425285253156,0.0519174513635186,23.979650040554603,"[""state_ack_rate_change"", ""state_syn_rate_change"", ""state_packet_rate_change""]",LOW
246,CTU42,2011-08-10T13:11:00+00:00,Neris,0.97206727981479,Virut,0.963783268559298,0.1742898319827788,19.334349889560713,"[""state_ack_rate_change"", ""state_packet_rate_change"", ""state_byte_rate_change""]",LOW
247,CTU42,2011-08-10T13:12:00+00:00,Neris,0.9934770200190298,Virut,0.9912985549398488,0.050030866416924,23.25924515883884,"[""state_byte_rate_change"", ""state_ack_rate_change"", ""state_fin_rate_change""]",LOW
248,CTU42,2011-08-10T13:13:00+00:00,Neris,0.9890947386772894,Virut,0.9826081035374792,0.0739197681332645,77.25952624055081,"[""state_byte_rate_change"", ""state_ack_rate_change"", ""state_packet_rate_change""]",LOW
249,CTU42,2011-08-10T13:14:00+00:00,Neris,0.8682375142496278,Virut,0.7732808867744593,0.5251903946366959,83.90063962493859,"[""state_byte_rate_change"", ""state_ack_rate_change"", ""state_packet_rate_change""]",MEDIUM
250,CTU42,2011-08-10T13:15:00+00:00,Neris,0.97082564480036,Virut,0.9546616178780808,0.1722567093147015,70.83419276156194,"[""state_byte_rate_change"", ""state_ack_rate_change"", ""state_packet_rate_change""]",LOW
251,CTU42,2011-08-10T13:16:00+00:00,Neris,0.9553753762352512,Virut,0.938138036033834,0.2553144442048815,14.500883383641098,"[""state_byte_rate_change"", ""state_ack_rate_change"", ""state_rst_rate_change""]",LOW
252,CTU42,2011-08-10T13:17:00+00:00,Neris,0.9103253746513106,Virut,0.8489917804612969,0.4024087806834358,155.2994974498499,"[""state_byte_rate_change"", ""state_ack_rate_change"", ""state_rst_rate_change""]",LOW
253,CTU42,2011-08-10T13:18:00+00:00,Neris,0.9698672505346584,Virut,0.950355559094432,0.171060079230581,97.15575028812923,"[""state_byte_rate_change"", ""state_ack_rate_change"", ""state_packet_rate_change""]",LOW
254,CTU42,2011-08-10T13:19:00+00:00,Neris,0.956880845020947,Virut,0.9274937483332988,0.2252925898320034,56.02505697205101,"[""state_byte_rate_change"", ""state_ack_rate_change"", ""state_packet_rate_change""]",LOW
255,CTU42,2011-08-10T13:20:00+00:00,Neris,0.992235335617226,Virut,0.9895804859801698,0.0580012385014546,115.03196210978746,"[""state_byte_rate_change"", ""state_ack_rate_change"", ""state_packet_rate_change""]",LOW
256,CTU42,2011-08-10T13:21:00+00:00,Neris,0.9677976515926908,Virut,0.9475674996822492,0.1818278822297824,215.4023980508831,"[""state_byte_rate_change"", ""state_ack_rate_change"", ""state_packet_rate_change""]",LOW
257,CTU42,2011-08-10T13:22:00+00:00,Neris,0.9875122027704534,Virut,0.982987552345612,0.0870548680712024,141.6234701238067,"[""state_byte_rate_change"", ""state_ack_rate_change"", ""state_destination_diversity_change""]",LOW
258,CTU42,2011-08-10T13:23:00+00:00,Neris,0.9975961334332796,RBot,0.9967930215361136,0.0205379354149074,103.69491706091405,"[""state_byte_rate_change"", ""state_packet_rate_change"", ""state_destination_diversity_change""]",LOW
259,CTU42,2011-08-10T13:24:00+00:00,Neris,0.991923486925894,RBot,0.9894632675125172,0.059557926008823,40.26502430575761,"[""state_byte_rate_change"", ""state_packet_rate_change"", ""state_destination_diversity_change""]",LOW
260,CTU42,2011-08-10T13:25:00+00:00,Neris,0.9977116438786152,Virut,0.9969685595425766,0.0196923551710797,15.803678039574786,"[""state_ack_rate_change"", ""state_destination_diversity_change"", ""state_byte_rate_change""]",LOW
261,CTU42,2011-08-10T13:26:00+00:00,Neris,0.996615364919028,RBot,0.9952617758500872,0.0277104094393595,35.889621461464266,"[""state_byte_rate_change"", ""state_packet_rate_change"", ""state_destination_diversity_change""]",LOW
262,CTU42,2011-08-10T13:27:00+00:00,Neris,0.9975932428439424,RBot,0.9967994249295956,0.0206431502962741,30.32534569851781,"[""state_byte_rate_change"", ""state_packet_rate_change"", ""state_destination_diversity_change""]",LOW
263,CTU42,2011-08-10T13:28:00+00:00,Neris,0.99550993516084,RBot,0.9940700608439652,0.0358276269178274,5.292317089371408,"[""state_byte_rate_change"", ""state_packet_rate_change"", ""state_ack_rate_change""]",LOW
264,CTU42,2011-08-10T13:29:00+00:00,Neris,0.9966624930784996,RBot,0.9956208858787636,0.0274740061696184,12.174322639259913,"[""state_destination_diversity_change"", ""state_byte_rate_change"", ""state_packet_rate_change""]",LOW
265,CTU42,2011-08-10T13:30:00+00:00,Neris,0.9975633336892468,RBot,0.9967754297640028,0.0208744161821366,12.983710941317836,"[""state_byte_rate_change"", ""state_packet_rate_change"", ""state_destination_diversity_change""]",LOW
266,CTU42,2011-08-10T13:31:00+00:00,Neris,0.9914909219787674,RBot,0.9891070189012456,0.0624762910799936,24.544369208564195,"[""state_byte_rate_change"", ""state_ack_rate_change"", ""state_packet_rate_change""]",LOW
267,CTU42,2011-08-10T13:32:00+00:00,Neris,0.9963790760327708,RBot,0.994922675529938,0.0292470403494968,32.903820927641675,"[""state_byte_rate_change"", ""state_packet_rate_change"", ""state_destination_diversity_change""]",LOW
268,CTU42,2011-08-10T13:33:00+00:00,Neris,0.9958633925458008,RBot,0.9935078040872158,0.031896105538679,11.223466314708915,"[""state_ack_rate_change"", ""state_byte_rate_change"", ""state_destination_diversity_change""]",LOW
269,CTU42,2011-08-10T13:34:00+00:00,Neris,0.9962618448413,RBot,0.9950190829470384,0.0304046248623623,25.567959817857115,"[""state_byte_rate_change"", ""state_packet_rate_change"", ""state_destination_diversity_change""]",LOW
270,CTU42,2011-08-10T13:35:00+00:00,Neris,0.997330531082684,RBot,0.9962799387328344,0.0224024629527743,12.11426429192919,"[""state_byte_rate_change"", ""state_packet_rate_change"", ""state_destination_diversity_change""]",LOW
271,CTU42,2011-08-10T13:36:00+00:00,Neris,0.9977910127558908,RBot,0.9966084223014368,0.0186444773666482,14.18921497262052,"[""state_byte_rate_change"", ""state_packet_rate_change"", ""state_destination_diversity_change""]",LOW
272,CTU42,2011-08-10T13:37:00+00:00,Neris,0.9923534570652164,RBot,0.9882603354836832,0.0542697975694578,6.969490792505444,"[""state_ack_rate_change"", ""state_byte_rate_change"", ""state_syn_rate_change""]",LOW
273,CTU42,2011-08-10T13:38:00+00:00,Neris,0.9988011087056634,RBot,0.9981966441270372,0.0108848334634824,8.586147794624138,"[""state_syn_rate_change"", ""state_byte_rate_change"", ""state_rst_rate_change""]",LOW
274,CTU42,2011-08-10T13:39:00+00:00,Neris,0.9971636475783496,RBot,0.995874747549584,0.0233465313623906,7.189262542099757,"[""state_syn_rate_change"", ""state_destination_diversity_change"", ""state_ack_rate_change""]",LOW
275,CTU42,2011-08-10T13:40:00+00:00,Neris,0.9978175553191672,RBot,0.9967200856836091,0.0184971579490996,4.9086526398021,"[""state_syn_rate_change"", ""state_byte_rate_change"", ""state_rst_rate_change""]",LOW
276,CTU42,2011-08-10T13:41:00+00:00,Neris,0.9978861232294162,RBot,0.9966994635045514,0.0178280741591838,5.978190862353077,"[""state_syn_rate_change"", ""state_destination_diversity_change"", ""state_byte_rate_change""]",LOW
277,CTU42,2011-08-10T13:42:00+00:00,Neris,0.9977938290820372,RBot,0.9967526965548018,0.0188014947003481,13.80483903646671,"[""state_byte_rate_change"", ""state_destination_diversity_change"", ""state_packet_rate_change""]",LOW
278,CTU42,2011-08-10T13:43:00+00:00,Neris,0.9954089015523556,RBot,0.993705829172153,0.0358525955738029,20.649106285477927,"[""state_byte_rate_change"", ""state_destination_diversity_change"", ""state_packet_rate_change""]",LOW
279,CTU42,2011-08-10T13:44:00+00:00,Neris,0.9926032432629296,RBot,0.9875403814057292,0.0513574744191332,9.269239492908925,"[""state_ack_rate_change"", ""state_packet_rate_change"", ""state_syn_rate_change""]",LOW
280,CTU42,2011-08-10T13:45:00+00:00,Neris,0.9966487318641126,Virut,0.9958419983513024,0.0281582438284492,3.290954977047198,"[""state_byte_rate_change"", ""state_ack_rate_change"", ""state_destination_diversity_change""]",LOW
281,CTU42,2011-08-10T13:46:00+00:00,Neris,0.9957866702726482,Virut,0.994464798002222,0.0337767731089288,43.43455962547204,"[""state_byte_rate_change"", ""state_packet_rate_change"", ""state_destination_diversity_change""]",LOW
282,CTU42,2011-08-10T13:47:00+00:00,Neris,0.9932360035256262,Virut,0.991483571526786,0.051456454763656,58.260608853235254,"[""state_byte_rate_change"", ""state_packet_rate_change"", ""state_destination_diversity_change""]",LOW
283,CTU42,2011-08-10T13:48:00+00:00,Neris,0.9924458571039722,Virut,0.9902330838265267,0.0563127695563807,48.535108360597825,"[""state_byte_rate_change"", ""state_packet_rate_change"", ""state_syn_rate_change""]",LOW
284,CTU42,2011-08-10T13:49:00+00:00,RBot,0.596134494769634,Murlo,0.2126369071839811,0.7864186251993818,127.43966387253117,"[""state_byte_rate_change"", ""state_packet_rate_change"", ""state_syn_rate_change""]",MEDIUM
285,CTU44,2011-08-12T12:47:00+00:00,RBot,0.9951258193407796,Murlo,0.990751858203279,0.0332006700243438,0.0,"[""state_top_probability_change"", ""state_entropy_change"", ""state_packet_rate_change""]",LOW
286,CTU44,2011-08-12T12:48:00+00:00,RBot,0.9646109718980757,Murlo,0.93163187569042,0.1655662268931979,10.31017677441748,"[""state_iat_change"", ""state_top_probability_change"", ""state_entropy_change""]",LOW
287,CTU44,2011-08-12T12:50:00+00:00,RBot,0.9832814809037068,Murlo,0.9679815427127848,0.0920505775190452,3.7528198198193325,"[""state_iat_change"", ""state_top_probability_change"", ""state_entropy_change""]",LOW
288,CTU44,2011-08-12T12:51:00+00:00,RBot,0.9635037507986406,Murlo,0.9294637901180928,0.1694891384957809,8.334628481502705,"[""state_iat_change"", ""state_top_probability_change"", ""state_entropy_change""]",LOW
289,CTU44,2011-08-12T12:52:00+00:00,RBot,0.995999748751364,Murlo,0.9924362512555466,0.0281106498997998,9.782542087641927,"[""state_iat_change"", ""state_top_probability_change"", ""state_entropy_change""]",LOW
290,CTU44,2011-08-12T12:53:00+00:00,RBot,0.9663811292907593,Murlo,0.9359345166837532,0.1622231842786164,5.258244381688241,"[""state_iat_change"", ""state_top_probability_change"", ""state_ack_rate_change""]",LOW
291,CTU44,2011-08-12T12:54:00+00:00,RBot,0.984888759944841,Murlo,0.9708536195012312,0.0839297960958658,6.290687042614741,"[""state_iat_change"", ""state_ack_rate_change"", ""state_packet_rate_change""]",LOW
292,CTU44,2011-08-12T12:55:00+00:00,RBot,0.7624779280519101,Neris,0.5779360852378862,0.7470067597543691,377.04050908916724,"[""state_syn_rate_change"", ""state_fin_rate_change"", ""state_ack_rate_change""]",MEDIUM
293,CTU44,2011-08-12T12:56:00+00:00,RBot,0.966031581899078,Neris,0.9469903261847824,0.1939879910145306,145.94910150029838,"[""state_syn_rate_change"", ""state_fin_rate_change"", ""state_ack_rate_change""]",LOW
294,CTU44,2011-08-12T12:57:00+00:00,RBot,0.9691846226259518,Neris,0.9529582714136082,0.180560628501927,2.1019354603173235,"[""state_syn_rate_change"", ""state_fin_rate_change"", ""state_ack_rate_change""]",LOW
295,CTU44,2011-08-12T12:58:00+00:00,RBot,0.9673136934743072,Neris,0.9499713506490172,0.1893834861749048,4.966892865971623,"[""state_syn_rate_change"", ""state_destination_diversity_change"", ""state_fin_rate_change""]",LOW
296,CTU44,2011-08-12T12:59:00+00:00,RBot,0.956941312696575,Neris,0.93020929533928,0.2298118949082277,208.13040800773862,"[""state_fin_rate_change"", ""state_syn_rate_change"", ""state_ack_rate_change""]",LOW
297,CTU44,2011-08-12T13:00:00+00:00,RBot,0.8424121941254483,Murlo,0.7892458469210737,0.676135953848248,304.21391724971136,"[""state_syn_rate_change"", ""state_fin_rate_change"", ""state_ack_rate_change""]",MEDIUM
298,CTU44,2011-08-12T13:01:00+00:00,RBot,0.7565641656355374,Murlo,0.6162820479336737,0.8610716638215367,40.30281850910713,"[""state_rst_rate_change"", ""state_port_diversity_change"", ""state_syn_rate_change""]",MEDIUM
299,CTU44,2011-08-12T13:02:00+00:00,RBot,0.6647689948327967,Murlo,0.409435015252185,0.8828975164879797,35.02693565749461,"[""state_rst_rate_change"", ""state_port_diversity_change"", ""state_ack_rate_change""]",MEDIUM
300,CTU44,2011-08-12T13:03:00+00:00,RBot,0.9104907129127824,DonBot,0.8644792213277017,0.4024120453761275,20.888682543023396,"[""state_top_probability_change"", ""state_syn_rate_change"", ""state_entropy_change""]",LOW
301,CTU44,2011-08-12T13:04:00+00:00,RBot,0.9775374187566124,DonBot,0.9659234604198572,0.1309364720073039,8.88945151432369,"[""state_directionality_change"", ""state_top_probability_change"", ""state_syn_rate_change""]",LOW
302,CTU44,2011-08-12T13:05:00+00:00,RBot,0.5793763986959998,DonBot,0.245626480946614,1.0100617929182862,18.845565304938408,"[""state_top_probability_change"", ""state_entropy_change"", ""state_byte_rate_change""]",MEDIUM
303,CTU44,2011-08-12T13:06:00+00:00,RBot,0.9378118440911128,DonBot,0.9016447671279952,0.2912058149919421,17.553712180823908,"[""state_top_probability_change"", ""state_entropy_change"", ""state_byte_rate_change""]",LOW
304,CTU44,2011-08-12T13:07:00+00:00,RBot,0.8645300634611025,Murlo,0.8031778984648891,0.587472747302585,16.945590502350793,"[""state_syn_rate_change"", ""state_top_probability_change"", ""state_directionality_change""]",MEDIUM
305,CTU44,2011-08-12T13:08:00+00:00,RBot,0.9071370898112548,Neris,0.8811388577659982,0.4651590010867688,34.61492308278969,"[""state_rst_rate_change"", ""state_port_diversity_change"", ""state_ack_rate_change""]",LOW
306,CTU44,2011-08-12T13:09:00+00:00,RBot,0.9073945842819297,Neris,0.8774797010743264,0.4641984847630617,1.8000558521529675,"[""state_byte_rate_change"", ""state_rst_rate_change"", ""state_iat_change""]",LOW
307,CTU44,2011-08-12T13:11:00+00:00,RBot,0.9312104100196552,Murlo,0.8668844146976744,0.2738467237040148,48.23404188433011,"[""state_rst_rate_change"", ""state_port_diversity_change"", ""state_syn_rate_change""]",LOW
308,CTU44,2011-08-12T13:12:00+00:00,RBot,0.994916044662202,Murlo,0.9903930377008084,0.0344115573024064,12.403003737256546,"[""state_iat_change"", ""state_top_probability_change"", ""state_directionality_change""]",LOW
309,CTU44,2011-08-12T13:13:00+00:00,RBot,0.9946110550283694,Murlo,0.98957967584623,0.0354100111872867,2.930225060279113,"[""state_ack_rate_change"", ""state_byte_rate_change"", ""state_packet_rate_change""]",LOW
310,CTU44,2011-08-12T13:14:00+00:00,RBot,0.9400590419138604,Murlo,0.8836810843906131,0.2448698394619438,7.213181344454253,"[""state_iat_change"", ""state_top_probability_change"", ""state_entropy_change""]",LOW
311,CTU44,2011-08-12T13:15:00+00:00,RBot,0.9928592888972207,Murlo,0.9864034865348688,0.0456880917170705,7.234118059079236,"[""state_iat_change"", ""state_top_probability_change"", ""state_rst_rate_change""]",LOW
312,CTU44,2011-08-12T13:16:00+00:00,RBot,0.9996272045123296,Murlo,0.9993156095634944,0.0035760999291675,3.7776606395536905,"[""state_rst_rate_change"", ""state_syn_rate_change"", ""state_port_diversity_change""]",LOW
313,CTU44,2011-08-12T13:17:00+00:00,RBot,0.9078512879500406,Murlo,0.8183068805526219,0.3230309692578401,11.122357775258353,"[""state_iat_change"", ""state_top_probability_change"", ""state_entropy_change""]",LOW
314,CTU44,2011-08-12T13:18:00+00:00,RBot,0.999627124296394,Murlo,0.9993156484588588,0.0035773627046008,11.121976367213469,"[""state_iat_change"", ""state_top_probability_change"", ""state_entropy_change""]",LOW
315,CTU44,2011-08-12T13:20:00+00:00,RBot,0.9965768849044568,Murlo,0.9934103983520632,0.0241598005308555,0.37064180079996234,"[""state_entropy_change"", ""state_top_probability_change"", ""state_directionality_change""]",LOW
316,CTU44,2011-08-12T13:21:00+00:00,RBot,0.984912224808155,Murlo,0.9705766847037588,0.0823315556874948,2.774275417499663,"[""state_iat_change"", ""state_rst_rate_change"", ""state_top_probability_change""]",LOW
317,CTU44,2011-08-12T13:23:00+00:00,RBot,0.9996212269587862,Murlo,0.999306614649368,0.0036333946037821,3.036705185231821,"[""state_iat_change"", ""state_rst_rate_change"", ""state_top_probability_change""]",LOW
318,CTU44,2011-08-12T13:25:00+00:00,RBot,0.9978937338403756,Murlo,0.9960437028530852,0.0162410699254773,3.5113083689542735,"[""state_iat_change"", ""state_directionality_change"", ""state_destination_diversity_change""]",LOW
319,CTU44,2011-08-12T13:28:00+00:00,RBot,0.9996336817345104,Murlo,0.999328822868182,0.0035245400394195,3.5126543470275298,"[""state_iat_change"", ""state_directionality_change"", ""state_destination_diversity_change""]",LOW
320,CTU44,2011-08-12T13:29:00+00:00,RBot,0.9945706244640238,Murlo,0.98949736221414,0.0356174774827392,0.8799245009478726,"[""state_entropy_change"", ""state_top_probability_change"", ""state_directionality_change""]",LOW
321,CTU44,2011-08-12T13:30:00+00:00,RBot,0.99957264033556,Murlo,0.9992118192302808,0.0040295379817372,0.8755840007139928,"[""state_entropy_change"", ""state_top_probability_change"", ""state_directionality_change""]",LOW
322,CTU44,2011-08-12T13:31:00+00:00,RBot,0.985581165693375,Murlo,0.9717804239263076,0.0789714165536769,1.360358856411606,"[""state_top_probability_change"", ""state_entropy_change"", ""state_directionality_change""]",LOW
323,CTU44,2011-08-12T13:32:00+00:00,RBot,0.9996336817345104,Murlo,0.999328822868182,0.0035245400394195,1.3650039394259448,"[""state_top_probability_change"", ""state_entropy_change"", ""state_directionality_change""]",LOW
324,CTU44,2011-08-12T13:35:00+00:00,RBot,0.9996336817345104,Murlo,0.999328822868182,0.0035245400394195,0.0005944868727027037,"[""state_iat_change"", ""state_top_probability_change"", ""state_entropy_change""]",LOW
325,CTU44,2011-08-12T13:37:00+00:00,RBot,0.987431990788566,Murlo,0.9755230074804934,0.0710603983401947,5.037467130888753,"[""state_iat_change"", ""state_top_probability_change"", ""state_directionality_change""]",LOW
326,CTU44,2011-08-12T13:39:00+00:00,RBot,0.9996336817345104,Murlo,0.999328822868182,0.0035245400394195,5.038039861848565,"[""state_iat_change"", ""state_top_probability_change"", ""state_directionality_change""]",LOW
327,CTU44,2011-08-12T13:41:00+00:00,RBot,0.9919195809387058,Murlo,0.9846110265927026,0.0506210544046133,11.091200093672862,"[""state_iat_change"", ""state_directionality_change"", ""state_top_probability_change""]",LOW
328,CTU44,2011-08-12T13:44:00+00:00,RBot,0.9839708358249458,Murlo,0.9688777206925832,0.0870140442387275,11.976317602639385,"[""state_iat_change"", ""state_ack_rate_change"", ""state_byte_rate_change""]",LOW
329,CTU44,2011-08-12T13:46:00+00:00,RBot,0.9996313877406128,Murlo,0.9993239793253188,0.0035423126442525,4.577003897706303,"[""state_iat_change"", ""state_byte_rate_change"", ""state_ack_rate_change""]",LOW
330,CTU44,2011-08-12T13:48:00+00:00,RBot,0.9996313877406128,Murlo,0.9993239793253188,0.0035423126442525,6.369502207524973e-05,"[""state_iat_change"", ""state_top_probability_change"", ""state_entropy_change""]",LOW
331,CTU44,2011-08-12T13:51:00+00:00,RBot,0.9996275140797184,Murlo,0.9993182020706788,0.0035799279676038,0.0006167945792870825,"[""state_iat_change"", ""state_entropy_change"", ""state_top_probability_change""]",LOW
332,CTU44,2011-08-12T13:53:00+00:00,RBot,0.981880397766922,Murlo,0.9647159365226284,0.0957792943293739,10.94571219232798,"[""state_iat_change"", ""state_top_probability_change"", ""state_entropy_change""]",LOW
333,CTU44,2011-08-12T13:54:00+00:00,RBot,0.945784253996534,Murlo,0.8931414231179734,0.2202181583641574,12.081968247453801,"[""state_iat_change"", ""state_top_probability_change"", ""state_entropy_change""]",LOW
334,CTU44,2011-08-12T13:55:00+00:00,RBot,0.9987995039593868,Murlo,0.9978061181776016,0.0101373539049276,8.369660988456351,"[""state_iat_change"", ""state_top_probability_change"", ""state_entropy_change""]",LOW
335,CTU44,2011-08-12T13:58:00+00:00,RBot,0.9996188648162324,Murlo,0.9993016214109848,0.0036516085386115,5.2216109096424725,"[""state_iat_change"", ""state_directionality_change"", ""state_destination_diversity_change""]",LOW
336,CTU44,2011-08-12T14:00:00+00:00,RBot,0.9995262909123076,Murlo,0.9991228933857246,0.0044066574964704,0.006970874467485,"[""state_entropy_change"", ""state_top_probability_change"", ""state_iat_change""]",LOW
337,CTU44,2011-08-12T14:02:00+00:00,RBot,0.99961446727083,Murlo,0.9992921965277036,0.0036852176053095,0.006254370222927645,"[""state_entropy_change"", ""state_top_probability_change"", ""state_iat_change""]",LOW
338,CTU44,2011-08-12T14:04:00+00:00,RBot,0.9996212269587862,Murlo,0.999306614649368,0.0036333946037821,0.000887212414430983,"[""state_iat_change"", ""state_entropy_change"", ""state_top_probability_change""]",LOW
339,CTU44,2011-08-12T14:05:00+00:00,RBot,0.9687004744858152,Murlo,0.9387219090260406,0.1467344418523845,2.459917940040357,"[""state_top_probability_change"", ""state_entropy_change"", ""state_iat_change""]",LOW
340,CTU44,2011-08-12T14:07:00+00:00,RBot,0.9996247748507784,Murlo,0.9993106941436652,0.0035955282955263,2.4605008942073328,"[""state_top_probability_change"", ""state_entropy_change"", ""state_iat_change""]",LOW
341,CTU44,2011-08-12T14:09:00+00:00,RBot,0.9996313877406128,Murlo,0.9993239793253188,0.0035423126442525,0.0005430959206755903,"[""state_entropy_change"", ""state_top_probability_change"", ""state_iat_change""]",LOW
342,CTU44,2011-08-12T14:11:00+00:00,RBot,0.9996336817345104,Murlo,0.999328822868182,0.0035245400394195,0.001162509464546233,"[""state_iat_change"", ""state_entropy_change"", ""state_top_probability_change""]",LOW
343,CTU44,2011-08-12T14:14:00+00:00,RBot,0.9996313877406128,Murlo,0.9993239793253188,0.0035423126442525,0.0006314554944863532,"[""state_iat_change"", ""state_entropy_change"", ""state_top_probability_change""]",LOW
344,CTU44,2011-08-12T14:16:00+00:00,RBot,0.9961149427601568,Murlo,0.9926982799918344,0.0275031405089697,4.922857397228995,"[""state_iat_change"", ""state_byte_rate_change"", ""state_ack_rate_change""]",LOW
345,CTU44,2011-08-12T14:17:00+00:00,RBot,0.9945706244640238,Murlo,0.98949736221414,0.0356174774827392,5.02281498871259,"[""state_iat_change"", ""state_ack_rate_change"", ""state_byte_rate_change""]",LOW
346,CTU44,2011-08-12T14:18:00+00:00,RBot,0.9996313877406128,Murlo,0.9993239793253188,0.0035423126442525,0.8800503084936125,"[""state_entropy_change"", ""state_top_probability_change"", ""state_directionality_change""]",LOW
347,CTU44,2011-08-12T14:21:00+00:00,RBot,0.9995319019475573,Murlo,0.9991321666992882,0.0043563694889876,0.007107367262369514,"[""state_entropy_change"", ""state_top_probability_change"", ""state_iat_change""]",LOW
348,CTU44,2011-08-12T14:23:00+00:00,RBot,0.999529339367204,Murlo,0.9991292871911024,0.0043837735326912,0.0006871680385266255,"[""state_iat_change"", ""state_entropy_change"", ""state_top_probability_change""]",LOW
349,CTU44,2011-08-12T14:25:00+00:00,RBot,0.9994629839149825,Murlo,0.9990017784436166,0.0049154678763079,0.004743054387177736,"[""state_entropy_change"", ""state_top_probability_change"", ""state_iat_change""]",LOW
350,CTU44,2011-08-12T14:26:00+00:00,RBot,0.9868806756776468,Murlo,0.9743702904727488,0.0733026975680424,1.0324772093114223,"[""state_top_probability_change"", ""state_entropy_change"", ""state_iat_change""]",LOW
351,CTU44,2011-08-12T14:27:00+00:00,RBot,0.999627124296394,Murlo,0.9993156484588588,0.0035773627046008,1.044337989750278,"[""state_top_probability_change"", ""state_entropy_change"", ""state_iat_change""]",LOW
352,CTU44,2011-08-12T14:29:00+00:00,RBot,0.9945706244640238,Murlo,0.98949736221414,0.0356174774827392,0.8795716615352996,"[""state_entropy_change"", ""state_top_probability_change"", ""state_directionality_change""]",LOW
353,CTU44,2011-08-12T14:30:00+00:00,RBot,0.999453911110784,Murlo,0.99898572524837,0.0049924799370393,0.8667400767497351,"[""state_entropy_change"", ""state_top_probability_change"", ""state_directionality_change""]",LOW
354,CTU44,2011-08-12T14:32:00+00:00,RBot,0.99961978720809,Murlo,0.9993028258625196,0.0036422371315835,0.01213419820371704,"[""state_entropy_change"", ""state_top_probability_change"", ""state_iat_change""]",LOW
355,CTU44,2011-08-12T14:34:00+00:00,RBot,0.9996247748507784,Murlo,0.9993106941436652,0.0035955282955263,0.0008748738555978724,"[""state_iat_change"", ""state_entropy_change"", ""state_top_probability_change""]",LOW
356,CTU44,2011-08-12T14:37:00+00:00,RBot,0.9985805518366704,Murlo,0.9973538650246256,0.0115795938568999,26.278467115720556,"[""state_iat_change"", ""state_directionality_change"", ""state_destination_diversity_change""]",LOW
357,CTU44,2011-08-12T14:39:00+00:00,RBot,0.999627124296394,Murlo,0.9993156484588588,0.0035773627046008,26.279177689083795,"[""state_iat_change"", ""state_directionality_change"", ""state_destination_diversity_change""]",LOW
358,CTU44,2011-08-12T14:41:00+00:00,RBot,0.9978937338403756,Murlo,0.9960437028530852,0.0162410699254773,3.0321978934354092,"[""state_iat_change"", ""state_directionality_change"", ""state_destination_diversity_change""]",LOW
359,CTU44,2011-08-12T14:42:00+00:00,RBot,0.9828665527589922,Murlo,0.9664711226957158,0.0908299891318405,3.632585691903454,"[""state_iat_change"", ""state_top_probability_change"", ""state_directionality_change""]",LOW
360,CTU44,2011-08-12T14:44:00+00:00,RBot,0.9996247748507784,Murlo,0.9993106941436652,0.0035955282955263,2.460807202767094,"[""state_iat_change"", ""state_directionality_change"", ""state_top_probability_change""]",LOW
361,CTU44,2011-08-12T14:46:00+00:00,RBot,0.9996336817345104,Murlo,0.999328822868182,0.0035245400394195,0.0008951321002140752,"[""state_entropy_change"", ""state_iat_change"", ""state_top_probability_change""]",LOW
362,CTU44,2011-08-12T14:47:00+00:00,RBot,0.985581165693375,Murlo,0.9717804239263076,0.0789714165536769,1.3650346073995365,"[""state_top_probability_change"", ""state_entropy_change"", ""state_directionality_change""]",LOW
363,CTU44,2011-08-12T14:48:00+00:00,RBot,0.99604322307478,Murlo,0.9926634148445252,0.0282653757552544,6.520161475663154,"[""state_iat_change"", ""state_ack_rate_change"", ""state_byte_rate_change""]",LOW
364,CTU44,2011-08-12T14:50:00+00:00,RBot,0.999629533115466,Murlo,0.9993205224266908,0.0035580824793792,5.9421895092368375,"[""state_iat_change"", ""state_byte_rate_change"", ""state_ack_rate_change""]",LOW
365,CTU44,2011-08-12T14:52:00+00:00,RBot,0.9980025701621112,Murlo,0.9962070558709042,0.0153749898385148,0.32943713005512393,"[""state_iat_change"", ""state_directionality_change"", ""state_entropy_change""]",LOW
366,CTU44,2011-08-12T14:53:00+00:00,RBot,0.986055432825778,Murlo,0.9730922293426544,0.0784059355688583,18.60991197829173,"[""state_iat_change"", ""state_top_probability_change"", ""state_entropy_change""]",LOW
367,CTU44,2011-08-12T14:54:00+00:00,RBot,0.9920152615084232,Murlo,0.9843902023984435,0.0485414837883885,17.940456281321016,"[""state_iat_change"", ""state_byte_rate_change"", ""state_top_probability_change""]",LOW
368,CTU44,2011-08-12T14:55:00+00:00,RBot,0.993347372446868,Murlo,0.987584164320206,0.043854148844602,4.186666543744377,"[""state_ack_rate_change"", ""state_packet_rate_change"", ""state_byte_rate_change""]",LOW
369,CTU44,2011-08-12T14:56:00+00:00,RBot,0.9962063909971968,Murlo,0.9928871117299248,0.0270438234004418,11.05759913585237,"[""state_iat_change"", ""state_ack_rate_change"", ""state_packet_rate_change""]",LOW
370,CTU44,2011-08-12T14:57:00+00:00,RBot,0.9901386344364044,Murlo,0.9806380677767128,0.0574645295271508,9.609161405193708,"[""state_iat_change"", ""state_byte_rate_change"", ""state_ack_rate_change""]",LOW
371,CTU44,2011-08-12T14:58:00+00:00,RBot,0.9957939734078444,Murlo,0.9921333959515708,0.0296490871517482,5.361311007116451,"[""state_ack_rate_change"", ""state_iat_change"", ""state_byte_rate_change""]",LOW
372,CTU44,2011-08-12T14:59:00+00:00,RBot,0.6102019163612256,Murlo,0.2873908780666711,0.945978024350411,24.25580570855814,"[""state_top_probability_change"", ""state_entropy_change"", ""state_byte_rate_change""]",MEDIUM
373,CTU44,2011-08-12T15:01:00+00:00,RBot,0.9964549313723516,Murlo,0.993370718044738,0.0256425493453306,25.098629029976138,"[""state_top_probability_change"", ""state_entropy_change"", ""state_byte_rate_change""]",LOW
374,CTU44,2011-08-12T15:03:00+00:00,RBot,0.9996313877406128,Murlo,0.9993239793253188,0.0035423126442525,0.20584580685051398,"[""state_entropy_change"", ""state_top_probability_change"", ""state_iat_change""]",LOW
375,CTU44,2011-08-12T15:05:00+00:00,RBot,0.9972433283948544,Murlo,0.9947637446701796,0.0203067532802355,2.9804673072238903,"[""state_iat_change"", ""state_directionality_change"", ""state_destination_diversity_change""]",LOW
376,CTU44,2011-08-12T15:08:00+00:00,RBot,0.9996188648162324,Murlo,0.9993016214109848,0.0036516085386115,2.9793443341500514,"[""state_iat_change"", ""state_directionality_change"", ""state_destination_diversity_change""]",LOW
377,CTU44,2011-08-12T15:09:00+00:00,RBot,0.9830192264589872,Murlo,0.9668105770808906,0.0903604305283612,1.4509572385343255,"[""state_top_probability_change"", ""state_entropy_change"", ""state_rst_rate_change""]",LOW
378,CTU44,2011-08-12T15:10:00+00:00,RBot,0.9996313877406128,Murlo,0.9993239793253188,0.0035423126442525,1.4514786475107833,"[""state_top_probability_change"", ""state_entropy_change"", ""state_rst_rate_change""]",LOW
379,CTU44,2011-08-12T15:12:00+00:00,RBot,0.99963451617777,Murlo,0.9993301146296968,0.0035166123644198,0.00042547510307831224,"[""state_iat_change"", ""state_entropy_change"", ""state_top_probability_change""]",LOW
380,CTU44,2011-08-12T15:15:00+00:00,RBot,0.9996336817345104,Murlo,0.999328822868182,0.0035245400394195,8.75933728894634e-05,"[""state_entropy_change"", ""state_top_probability_change"", ""state_iat_change""]",LOW
381,CTU44,2011-08-12T15:16:00+00:00,RBot,0.9829052236503326,Murlo,0.966594635515154,0.0908861405036477,1.4787343742037606,"[""state_top_probability_change"", ""state_entropy_change"", ""state_rst_rate_change""]",LOW
382,CTU44,2011-08-12T15:17:00+00:00,RBot,0.9996360381484688,Murlo,0.9993335920773104,0.0035056314176816,1.478432065724781,"[""state_top_probability_change"", ""state_entropy_change"", ""state_rst_rate_change""]",LOW
383,CTU44,2011-08-12T15:18:00+00:00,RBot,0.9945706244640238,Murlo,0.98949736221414,0.0356174774827392,0.8798617696301151,"[""state_entropy_change"", ""state_top_probability_change"", ""state_directionality_change""]",LOW
384,CTU44,2011-08-12T15:19:00+00:00,RBot,0.9996212269587862,Murlo,0.999306614649368,0.0036333946037821,0.8788836298939406,"[""state_entropy_change"", ""state_top_probability_change"", ""state_directionality_change""]",LOW
385,CTU44,2011-08-12T15:20:00+00:00,RBot,0.98774812476803,Murlo,0.9763684392096844,0.0704496869520225,3.220442558290795,"[""state_byte_rate_change"", ""state_ack_rate_change"", ""state_packet_rate_change""]",LOW
386,CTU44,2011-08-12T15:21:00+00:00,RBot,0.9782794991649336,Murlo,0.9584433383049628,0.1136613214421125,8.881235343830271,"[""state_iat_change"", ""state_rst_rate_change"", ""state_port_diversity_change""]",LOW
387,CTU44,2011-08-12T15:22:00+00:00,RBot,0.9947579101215392,Murlo,0.989960573139511,0.0349229251943879,6.958926324327121,"[""state_iat_change"", ""state_rst_rate_change"", ""state_port_diversity_change""]",LOW
388,CTU44,2011-08-12T15:24:00+00:00,RBot,0.9996247748507784,Murlo,0.9993106941436652,0.0035955282955263,3.154809320785601,"[""state_iat_change"", ""state_rst_rate_change"", ""state_syn_rate_change""]",LOW
389,CTU44,2011-08-12T15:26:00+00:00,RBot,0.9996188648162324,Murlo,0.9993016214109848,0.0036516085386115,0.001455093937975234,"[""state_iat_change"", ""state_entropy_change"", ""state_top_probability_change""]",LOW
390,CTU44,2011-08-12T15:28:00+00:00,RBot,0.9996313877406128,Murlo,0.9993239793253188,0.0035423126442525,0.0010721219039505844,"[""state_entropy_change"", ""state_top_probability_change"", ""state_iat_change""]",LOW
391,CTU44,2011-08-12T15:29:00+00:00,RBot,0.9945706244640238,Murlo,0.98949736221414,0.0356174774827392,0.8798351084396051,"[""state_entropy_change"", ""state_top_probability_change"", ""state_directionality_change""]",LOW
392,CTU44,2011-08-12T15:30:00+00:00,RBot,0.9904086860197608,Murlo,0.9813315773529298,0.056884633416055,2.212903773260474,"[""state_iat_change"", ""state_rst_rate_change"", ""state_syn_rate_change""]",LOW
393,CTU44,2011-08-12T15:31:00+00:00,RBot,0.9996247748507784,Murlo,0.9993106941436652,0.0035955282955263,2.005968561585379,"[""state_rst_rate_change"", ""state_iat_change"", ""state_top_probability_change""]",LOW
394,CTU44,2011-08-12T15:33:00+00:00,RBot,0.9996313877406128,Murlo,0.9993239793253188,0.0035423126442525,0.0006322165276946306,"[""state_entropy_change"", ""state_top_probability_change"", ""state_iat_change""]",LOW
395,CTU44,2011-08-12T15:35:00+00:00,RBot,0.9996272045123296,Murlo,0.9993156095634944,0.0035760999291675,0.0006062748511714857,"[""state_iat_change"", ""state_entropy_change"", ""state_top_probability_change""]",LOW
396,CTU44,2011-08-12T15:38:00+00:00,RBot,0.9996212269587862,Murlo,0.999306614649368,0.0036333946037821,0.0015716605187361544,"[""state_iat_change"", ""state_entropy_change"", ""state_top_probability_change""]",LOW
397,CTU44,2011-08-12T15:40:00+00:00,RBot,0.999242947698384,Murlo,0.99859333647601,0.0066726412346148,0.027573358238167464,"[""state_entropy_change"", ""state_top_probability_change"", ""state_iat_change""]",LOW
398,CTU44,2011-08-12T15:41:00+00:00,RBot,0.9946110550283694,Murlo,0.98957967584623,0.0354100111872867,0.850081606520897,"[""state_entropy_change"", ""state_top_probability_change"", ""state_directionality_change""]",LOW
399,CTU44,2011-08-12T15:42:00+00:00,RBot,0.9898231504674282,Murlo,0.9802761204228015,0.0601108357393685,3.7850959053987014,"[""state_iat_change"", ""state_port_diversity_change"", ""state_directionality_change""]",LOW
400,CTU44,2011-08-12T15:44:00+00:00,RBot,0.9996231374735282,Murlo,0.9993085232254798,0.0036122547063392,3.8560920083093446,"[""state_iat_change"", ""state_directionality_change"", ""state_top_probability_change""]",LOW
401,CTU44,2011-08-12T15:47:00+00:00,RBot,0.9996188648162324,Murlo,0.9993016214109848,0.0036516085386115,0.0015334440669384768,"[""state_iat_change"", ""state_entropy_change"", ""state_top_probability_change""]",LOW
402,CTU44,2011-08-12T15:49:00+00:00,RBot,0.9986177769918032,Murlo,0.9974014738054716,0.0112382988712653,18.690534802453303,"[""state_iat_change"", ""state_directionality_change"", ""state_destination_diversity_change""]",LOW
403,CTU44,2011-08-12T15:51:00+00:00,RBot,0.9996297255994367,Murlo,0.9993218925956168,0.0035596152435349,18.693520444682598,"[""state_iat_change"", ""state_directionality_change"", ""state_destination_diversity_change""]",LOW
404,CTU44,2011-08-12T15:52:00+00:00,RBot,0.9931830103806352,Murlo,0.9870317245029364,0.0438545661039968,2.9243214556220054,"[""state_byte_rate_change"", ""state_ack_rate_change"", ""state_packet_rate_change""]",LOW
405,CTU44,2011-08-12T15:54:00+00:00,RBot,0.9918795753041452,Murlo,0.9845549959337656,0.0509064189661699,5.742751833483673,"[""state_iat_change"", ""state_ack_rate_change"", ""state_byte_rate_change""]",LOW
406,CTU44,2011-08-12T15:56:00+00:00,RBot,0.9996188648162324,Murlo,0.9993016214109848,0.0036516085386115,4.638039080887542,"[""state_iat_change"", ""state_directionality_change"", ""state_top_probability_change""]",LOW
407,CTU44,2011-08-12T15:58:00+00:00,RBot,0.999571766888378,Murlo,0.9992102655572536,0.004037087356283,0.0035261838323176193,"[""state_entropy_change"", ""state_top_probability_change"", ""state_iat_change""]",LOW
408,CTU44,2011-08-12T16:01:00+00:00,RBot,0.9996247748507784,Murlo,0.9993106941436652,0.0035955282955263,0.004079849042239138,"[""state_entropy_change"", ""state_top_probability_change"", ""state_iat_change""]",LOW
409,CTU44,2011-08-12T16:03:00+00:00,RBot,0.99961978720809,Murlo,0.9993028258625196,0.0036422371315835,0.0004418525532588768,"[""state_entropy_change"", ""state_top_probability_change"", ""state_iat_change""]",LOW
410,CTU44,2011-08-12T16:04:00+00:00,RBot,0.985581165693375,Murlo,0.9717804239263076,0.0789714165536769,1.3637843842781914,"[""state_top_probability_change"", ""state_entropy_change"", ""state_directionality_change""]",LOW
411,CTU44,2011-08-12T16:05:00+00:00,RBot,0.9978740318324152,Murlo,0.995951922256554,0.0161733589279079,1.2794338045430884,"[""state_top_probability_change"", ""state_entropy_change"", ""state_destination_diversity_change""]",LOW
412,CTU44,2011-08-12T16:07:00+00:00,RBot,0.9996188648162324,Murlo,0.9993016214109848,0.0036516085386115,0.5472252875804231,"[""state_directionality_change"", ""state_destination_diversity_change"", ""state_port_diversity_change""]",LOW
413,CTU44,2011-08-12T16:09:00+00:00,RBot,0.985581165693375,Murlo,0.9717804239263076,0.0789714165536769,1.3637858072163282,"[""state_top_probability_change"", ""state_entropy_change"", ""state_directionality_change""]",LOW
414,CTU44,2011-08-12T16:10:00+00:00,RBot,0.9996313877406128,Murlo,0.9993239793253188,0.0035423126442525,1.3652167706232474,"[""state_top_probability_change"", ""state_entropy_change"", ""state_directionality_change""]",LOW
415,CTU44,2011-08-12T16:12:00+00:00,RBot,0.9996272045123296,Murlo,0.9993156095634944,0.0035760999291675,0.0011263198050702596,"[""state_iat_change"", ""state_entropy_change"", ""state_top_probability_change""]",LOW
416,CTU44,2011-08-12T16:14:00+00:00,RBot,0.9984200097759248,Murlo,0.9970145741935708,0.0125806656030521,12.437546681645538,"[""state_iat_change"", ""state_directionality_change"", ""state_destination_diversity_change""]",LOW
417,CTU44,2011-08-12T16:17:00+00:00,RBot,0.998342647253582,Murlo,0.9968839292854412,0.0131702019433229,11.326252526298775,"[""state_iat_change"", ""state_entropy_change"", ""state_byte_rate_change""]",LOW
418,CTU44,2011-08-12T16:19:00+00:00,RBot,0.9996336817345104,Murlo,0.999328822868182,0.0035245400394195,23.76403642841646,"[""state_iat_change"", ""state_directionality_change"", ""state_destination_diversity_change""]",LOW
419,CTU44,2011-08-12T16:21:00+00:00,RBot,0.9995448934625356,Murlo,0.9991580926392176,0.0042543204178966,0.00650472206895799,"[""state_entropy_change"", ""state_top_probability_change"", ""state_iat_change""]",LOW
420,CTU44,2011-08-12T16:24:00+00:00,RBot,0.994788150371284,Murlo,0.9901567076051992,0.035158625697483,3.208012453159198,"[""state_byte_rate_change"", ""state_ack_rate_change"", ""state_packet_rate_change""]",LOW
421,CTU44,2011-08-12T16:26:00+00:00,RBot,0.999571766888378,Murlo,0.9992102655572536,0.004037087356283,3.2098926477668326,"[""state_byte_rate_change"", ""state_ack_rate_change"", ""state_packet_rate_change""]",LOW
422,CTU44,2011-08-12T16:28:00+00:00,RBot,0.999568944342621,Murlo,0.9992045592667926,0.00405924668448,0.0007517624180060018,"[""state_iat_change"", ""state_entropy_change"", ""state_top_probability_change""]",LOW
423,CTU44,2011-08-12T16:29:00+00:00,RBot,0.9945706244640238,Murlo,0.98949736221414,0.0356174774827392,0.8757382332916784,"[""state_entropy_change"", ""state_top_probability_change"", ""state_directionality_change""]",LOW
424,CTU44,2011-08-12T16:30:00+00:00,RBot,0.999568944342621,Murlo,0.9992045592667926,0.00405924668448,0.8755733601686934,"[""state_entropy_change"", ""state_top_probability_change"", ""state_directionality_change""]",LOW
425,CTU44,2011-08-12T16:33:00+00:00,RBot,0.9996313877406128,Murlo,0.9993239793253188,0.0035423126442525,0.004717311844440011,"[""state_entropy_change"", ""state_top_probability_change"", ""state_iat_change""]",LOW
426,CTU44,2011-08-12T16:35:00+00:00,RBot,0.9996336817345104,Murlo,0.999328822868182,0.0035245400394195,0.00019057060917514188,"[""state_entropy_change"", ""state_top_probability_change"", ""state_iat_change""]",LOW
427,CTU44,2011-08-12T16:37:00+00:00,RBot,0.9996313877406128,Murlo,0.9993239793253188,0.0035423126442525,0.0007116640408032249,"[""state_iat_change"", ""state_entropy_change"", ""state_top_probability_change""]",LOW
428,CTU44,2011-08-12T16:40:00+00:00,RBot,0.9996336817345104,Murlo,0.999328822868182,0.0035245400394195,0.0004167796793436974,"[""state_iat_change"", ""state_entropy_change"", ""state_top_probability_change""]",LOW
429,CTU44,2011-08-12T16:41:00+00:00,RBot,0.9943591314324226,Murlo,0.9891153945079956,0.0369012603247038,0.8930326604253905,"[""state_entropy_change"", ""state_top_probability_change"", ""state_directionality_change""]",LOW
430,CTU44,2011-08-12T16:42:00+00:00,RBot,0.999629533115466,Murlo,0.9993205224266908,0.0035580824793792,0.892220786763737,"[""state_entropy_change"", ""state_top_probability_change"", ""state_directionality_change""]",LOW
431,CTU44,2011-08-12T16:44:00+00:00,RBot,0.9996337645597568,Murlo,0.9993287891117248,0.0035232585404922,0.0003268866973859411,"[""state_entropy_change"", ""state_top_probability_change"", ""state_iat_change""]",LOW
432,CTU44,2011-08-12T16:45:00+00:00,RBot,0.985581165693375,Murlo,0.9717804239263076,0.0789714165536769,1.3645354659859181,"[""state_top_probability_change"", ""state_entropy_change"", ""state_directionality_change""]",LOW
433,CTU44,2011-08-12T16:47:00+00:00,RBot,0.9886954803094024,Murlo,0.97799450573172,0.0651721327203855,5.985459950437725,"[""state_iat_change"", ""state_port_diversity_change"", ""state_directionality_change""]",LOW
434,CTU44,2011-08-12T16:48:00+00:00,RBot,0.9728634241803988,Murlo,0.9467843896270266,0.1307782058944819,6.664730481680089,"[""state_iat_change"", ""state_top_probability_change"", ""state_entropy_change""]",LOW
435,CTU44,2011-08-12T16:49:00+00:00,RBot,0.9996336817345104,Murlo,0.999328822868182,0.0035245400394195,2.0009622966710445,"[""state_top_probability_change"", ""state_entropy_change"", ""state_directionality_change""]",LOW
436,CTU44,2011-08-12T16:50:00+00:00,RBot,0.985581165693375,Murlo,0.9717804239263076,0.0789714165536769,1.3645782574677134,"[""state_top_probability_change"", ""state_entropy_change"", ""state_directionality_change""]",LOW
437,CTU44,2011-08-12T16:51:00+00:00,RBot,0.9996188648162324,Murlo,0.9993016214109848,0.0036516085386115,1.3636421657673683,"[""state_top_probability_change"", ""state_entropy_change"", ""state_directionality_change""]",LOW
438,CTU44,2011-08-12T16:53:00+00:00,RBot,0.9996296391494612,Murlo,0.9993219238208068,0.0035609369773183,0.0009358874876305417,"[""state_entropy_change"", ""state_top_probability_change"", ""state_iat_change""]",LOW
439,CTU44,2011-08-12T16:54:00+00:00,RBot,0.9946207132510614,Murlo,0.9895968370415807,0.0353498489693037,0.8769671181303816,"[""state_entropy_change"", ""state_top_probability_change"", ""state_directionality_change""]",LOW
440,CTU44,2011-08-12T16:55:00+00:00,RBot,0.985581165693375,Murlo,0.9717804239263076,0.0789714165536769,0.49327952523787394,"[""state_top_probability_change"", ""state_entropy_change"", ""state_byte_rate_change""]",LOW
441,CTU44,2011-08-12T16:56:00+00:00,RBot,0.9957699088242824,Murlo,0.9921227619028066,0.0297919429872802,4.716316080805434,"[""state_iat_change"", ""state_ack_rate_change"", ""state_byte_rate_change""]",LOW
442,CTU44,2011-08-12T16:58:00+00:00,RBot,0.9996339789065588,Murlo,0.9993297744307352,0.0035236144773667,4.170519469845052,"[""state_iat_change"", ""state_byte_rate_change"", ""state_ack_rate_change""]",LOW
443,CTU44,2011-08-12T17:00:00+00:00,RBot,0.9996313877406128,Murlo,0.9993239793253188,0.0035423126442525,0.0005811118869557306,"[""state_iat_change"", ""state_entropy_change"", ""state_top_probability_change""]",LOW
444,CTU44,2011-08-12T17:03:00+00:00,RBot,0.9996360381484688,Murlo,0.9993335920773104,0.0035056314176816,0.0005545697273786043,"[""state_iat_change"", ""state_entropy_change"", ""state_top_probability_change""]",LOW
445,CTU44,2011-08-12T17:05:00+00:00,RBot,0.9996247748507784,Murlo,0.9993106941436652,0.0035955282955263,0.0014945144687210244,"[""state_iat_change"", ""state_entropy_change"", ""state_top_probability_change""]",LOW
446,CTU44,2011-08-12T17:06:00+00:00,RBot,0.9946110550283694,Murlo,0.98957967584623,0.0354100111872867,0.8776190549461241,"[""state_entropy_change"", ""state_top_probability_change"", ""state_directionality_change""]",LOW
447,CTU44,2011-08-12T17:07:00+00:00,RBot,0.999627124296394,Murlo,0.9993156484588588,0.0035773627046008,0.8771052684405899,"[""state_entropy_change"", ""state_top_probability_change"", ""state_directionality_change""]",LOW
448,CTU44,2011-08-12T17:10:00+00:00,RBot,0.998974177770196,Murlo,0.9980975439167256,0.0087378087601912,9.168406382753831,"[""state_iat_change"", ""state_destination_diversity_change"", ""state_packet_rate_change""]",LOW
449,CTU44,2011-08-12T17:12:00+00:00,RBot,0.9996337645597568,Murlo,0.9993287891117248,0.0035232585404922,9.168908564228564,"[""state_iat_change"", ""state_destination_diversity_change"", ""state_packet_rate_change""]",LOW
450,CTU44,2011-08-12T17:14:00+00:00,RBot,0.9996336817345104,Murlo,0.999328822868182,0.0035245400394195,0.000260742820935329,"[""state_iat_change"", ""state_entropy_change"", ""state_top_probability_change""]",LOW
451,CTU44,2011-08-12T17:16:00+00:00,RBot,0.9996313877406128,Murlo,0.9993239793253188,0.0035423126442525,0.00019686147555256204,"[""state_entropy_change"", ""state_top_probability_change"", ""state_iat_change""]",LOW
452,CTU44,2011-08-12T17:17:00+00:00,RBot,0.9945706244640238,Murlo,0.98949736221414,0.0356174774827392,0.8799239669271913,"[""state_entropy_change"", ""state_top_probability_change"", ""state_directionality_change""]",LOW
453,CTU44,2011-08-12T17:19:00+00:00,RBot,0.9996313877406128,Murlo,0.9993239793253188,0.0035423126442525,0.8799811089634567,"[""state_entropy_change"", ""state_top_probability_change"", ""state_directionality_change""]",LOW
454,CTU44,2011-08-12T17:21:00+00:00,RBot,0.9996336817345104,Murlo,0.999328822868182,0.0035245400394195,0.0004521658027189658,"[""state_iat_change"", ""state_entropy_change"", ""state_top_probability_change""]",LOW
455,CTU44,2011-08-12T17:23:00+00:00,RBot,0.9996272045123296,Murlo,0.9993156095634944,0.0035760999291675,0.0005273866838302446,"[""state_entropy_change"", ""state_top_probability_change"", ""state_iat_change""]",LOW
456,CTU44,2011-08-12T17:26:00+00:00,RBot,0.9996336817345104,Murlo,0.999328822868182,0.0035245400394195,0.0005989452888776872,"[""state_entropy_change"", ""state_top_probability_change"", ""state_iat_change""]",LOW
457,CTU44,2011-08-12T17:28:00+00:00,RBot,0.9961622987456452,Murlo,0.9928316705887206,0.0273576216654669,5.158772212351527,"[""state_iat_change"", ""state_byte_rate_change"", ""state_ack_rate_change""]",LOW
458,CTU44,2011-08-12T17:30:00+00:00,RBot,0.998331300527405,Murlo,0.9968603965749548,0.0132413564836584,21.50267808267112,"[""state_iat_change"", ""state_ack_rate_change"", ""state_byte_rate_change""]",LOW
459,CTU44,2011-08-12T17:33:00+00:00,RBot,0.9996360381484688,Murlo,0.9993335920773104,0.0035056314176816,21.583184167983195,"[""state_iat_change"", ""state_directionality_change"", ""state_destination_diversity_change""]",LOW
460,CTU44,2011-08-12T17:35:00+00:00,RBot,0.9996313877406128,Murlo,0.9993239793253188,0.0035423126442525,0.0010738283229801743,"[""state_iat_change"", ""state_entropy_change"", ""state_top_probability_change""]",LOW
461,CTU44,2011-08-12T17:37:00+00:00,RBot,0.9996336817345104,Murlo,0.999328822868182,0.0035245400394195,0.00037431633129343943,"[""state_iat_change"", ""state_entropy_change"", ""state_top_probability_change""]",LOW
462,CTU44,2011-08-12T17:39:00+00:00,RBot,0.9996313877406128,Murlo,0.9993239793253188,0.0035423126442525,0.0004500688472597037,"[""state_iat_change"", ""state_entropy_change"", ""state_top_probability_change""]",LOW
463,CTU44,2011-08-12T17:41:00+00:00,RBot,0.9788440759740934,Murlo,0.9592801330111774,0.1105959830882462,48.11728775047203,"[""state_iat_change"", ""state_top_probability_change"", ""state_entropy_change""]",LOW
464,CTU44,2011-08-12T17:42:00+00:00,RBot,0.9996247748507784,Murlo,0.9993106941436652,0.0035955282955263,48.11685789014615,"[""state_iat_change"", ""state_top_probability_change"", ""state_entropy_change""]",LOW
465,CTU44,2011-08-12T17:44:00+00:00,RBot,0.999627968392052,Murlo,0.9993169597958742,0.0035693675054204,0.00040561466139541765,"[""state_iat_change"", ""state_entropy_change"", ""state_top_probability_change""]",LOW
466,CTU44,2011-08-12T17:46:00+00:00,RBot,0.999627968392052,Murlo,0.9993169597958742,0.0035693675054204,0.00016828067560662558,"[""state_iat_change"", ""state_top_probability_change"", ""state_entropy_change""]",LOW
467,CTU44,2011-08-12T17:47:00+00:00,RBot,0.9907367260990764,Murlo,0.9820829622292442,0.0557619118509071,2.0493402359730144,"[""state_iat_change"", ""state_directionality_change"", ""state_top_probability_change""]",LOW
468,CTU44,2011-08-12T17:49:00+00:00,RBot,0.9996313877406128,Murlo,0.9993239793253188,0.0035423126442525,2.0491411558810837,"[""state_iat_change"", ""state_directionality_change"", ""state_top_probability_change""]",LOW
469,CTU44,2011-08-12T17:51:00+00:00,RBot,0.9984183690805978,Murlo,0.9970327075407928,0.0126646730693333,4.530192472459665,"[""state_iat_change"", ""state_directionality_change"", ""state_destination_diversity_change""]",LOW
470,CTU44,2011-08-12T17:53:00+00:00,RBot,0.9996313877406128,Murlo,0.9993239793253188,0.0035423126442525,4.53066874346835,"[""state_iat_change"", ""state_directionality_change"", ""state_destination_diversity_change""]",LOW
471,CTU44,2011-08-12T17:54:00+00:00,RBot,0.9946110550283694,Murlo,0.98957967584623,0.0354100111872867,0.8775189097796688,"[""state_entropy_change"", ""state_top_probability_change"", ""state_directionality_change""]",LOW
472,CTU44,2011-08-12T17:56:00+00:00,RBot,0.998618757204872,Murlo,0.9974032559745832,0.0112311441771219,15.831423755047185,"[""state_iat_change"", ""state_destination_diversity_change"", ""state_port_diversity_change""]",LOW
473,CTU44,2011-08-12T17:58:00+00:00,RBot,0.9996313877406128,Murlo,0.9993239793253188,0.0035423126442525,15.421070435489868,"[""state_iat_change"", ""state_directionality_change"", ""state_destination_diversity_change""]",LOW
474,CTU44,2011-08-12T18:00:00+00:00,RBot,0.996269784019733,Murlo,0.993055584568132,0.026768093378113,6.16367761197126,"[""state_iat_change"", ""state_byte_rate_change"", ""state_ack_rate_change""]",LOW
475,CTU44,2011-08-12T18:02:00+00:00,RBot,0.9995973228725508,Murlo,0.9992599698249012,0.0038291098504425,6.15952983225183,"[""state_iat_change"", ""state_byte_rate_change"", ""state_ack_rate_change""]",LOW
476,CTU44,2011-08-12T18:05:00+00:00,RBot,0.9983879347508549,Murlo,0.9969741788411772,0.0128725840515978,25.915766147048327,"[""state_iat_change"", ""state_directionality_change"", ""state_destination_diversity_change""]",LOW
477,CTU44,2011-08-12T18:07:00+00:00,RBot,0.9996188648162324,Murlo,0.9993016214109848,0.0036516085386115,25.91831494480466,"[""state_iat_change"", ""state_directionality_change"", ""state_destination_diversity_change""]",LOW
478,CTU44,2011-08-12T18:09:00+00:00,RBot,0.999627124296394,Murlo,0.9993156484588588,0.0035773627046008,0.0006595290426020182,"[""state_entropy_change"", ""state_top_probability_change"", ""state_iat_change""]",LOW
479,CTU44,2011-08-12T18:12:00+00:00,RBot,0.9996247748507784,Murlo,0.9993106941436652,0.0035955282955263,0.0010154182631383014,"[""state_iat_change"", ""state_entropy_change"", ""state_top_probability_change""]",LOW
480,CTU44,2011-08-12T18:14:00+00:00,RBot,0.9996313877406128,Murlo,0.9993239793253188,0.0035423126442525,0.0004935553479503198,"[""state_entropy_change"", ""state_top_probability_change"", ""state_iat_change""]",LOW
481,CTU44,2011-08-12T18:16:00+00:00,RBot,0.9996275140797184,Murlo,0.9993182020706788,0.0035799279676038,0.0005135195229180632,"[""state_iat_change"", ""state_entropy_change"", ""state_top_probability_change""]",LOW
482,CTU44,2011-08-12T18:17:00+00:00,RBot,0.9945706244640238,Murlo,0.98949736221414,0.0356174774827392,0.8792004897389168,"[""state_entropy_change"", ""state_top_probability_change"", ""state_directionality_change""]",LOW
483,CTU44,2011-08-12T18:19:00+00:00,RBot,0.999629533115466,Murlo,0.9993205224266908,0.0035580824793792,0.8794950595381045,"[""state_entropy_change"", ""state_top_probability_change"", ""state_directionality_change""]",LOW
484,CTU44,2011-08-12T18:21:00+00:00,RBot,0.9986404501758276,Murlo,0.9974468504791284,0.0110859958255707,22.004990782205443,"[""state_iat_change"", ""state_directionality_change"", ""state_destination_diversity_change""]",LOW
485,CTU44,2011-08-12T18:23:00+00:00,RBot,0.9996336817345104,Murlo,0.999328822868182,0.0035245400394195,22.004386686693227,"[""state_iat_change"", ""state_directionality_change"", ""state_destination_diversity_change""]",LOW
486,CTU44,2011-08-12T18:25:00+00:00,RBot,0.9995973228725508,Murlo,0.9992599698249012,0.0038291098504425,0.0028122909931218103,"[""state_entropy_change"", ""state_top_probability_change"", ""state_iat_change""]",LOW
487,CTU44,2011-08-12T18:27:00+00:00,RBot,0.9260689901375728,Murlo,0.8544436508990222,0.2776230694650121,3.9650797595527525,"[""state_top_probability_change"", ""state_entropy_change"", ""state_iat_change""]",LOW
488,CTU44,2011-08-12T18:28:00+00:00,RBot,0.9996247748507784,Murlo,0.9993106941436652,0.0035955282955263,3.9670288970164136,"[""state_top_probability_change"", ""state_entropy_change"", ""state_iat_change""]",LOW
489,CTU44,2011-08-12T18:29:00+00:00,RBot,0.9811163027495556,Murlo,0.9637878284360674,0.101430628908953,10.50562982639917,"[""state_iat_change"", ""state_top_probability_change"", ""state_entropy_change""]",LOW
490,CTU44,2011-08-12T18:30:00+00:00,RBot,0.999627124296394,Murlo,0.9993156484588588,0.0035773627046008,10.506184438700133,"[""state_iat_change"", ""state_top_probability_change"", ""state_entropy_change""]",LOW
491,CTU44,2011-08-12T18:32:00+00:00,RBot,0.9962200612623584,Murlo,0.9929260292662232,0.0269606940055889,7.178472372706016,"[""state_iat_change"", ""state_byte_rate_change"", ""state_ack_rate_change""]",LOW
492,CTU44,2011-08-12T18:35:00+00:00,RBot,0.9996313877406128,Murlo,0.9993239793253188,0.0035423126442525,7.177879213305214,"[""state_iat_change"", ""state_byte_rate_change"", ""state_ack_rate_change""]",LOW
493,CTU44,2011-08-12T18:37:00+00:00,RBot,0.9975568712906352,Murlo,0.9953237581450036,0.0181652914675407,10.620476172091175,"[""state_iat_change"", ""state_directionality_change"", ""state_destination_diversity_change""]",LOW
494,CTU44,2011-08-12T18:39:00+00:00,RBot,0.9995483905667576,Murlo,0.9991654785805985,0.0042280733225387,10.614169705363393,"[""state_iat_change"", ""state_directionality_change"", ""state_destination_diversity_change""]",LOW
495,CTU44,2011-08-12T18:41:00+00:00,RBot,0.9945706244640238,Murlo,0.98949736221414,0.0356174774827392,0.8752706874596119,"[""state_entropy_change"", ""state_top_probability_change"", ""state_directionality_change""]",LOW
496,CTU44,2011-08-12T18:42:00+00:00,RBot,0.9995513578074516,Murlo,0.999171476133013,0.0042049224330161,0.8738889217186686,"[""state_entropy_change"", ""state_top_probability_change"", ""state_directionality_change""]",LOW
497,CTU44,2011-08-12T18:44:00+00:00,RBot,0.9995787899049492,Murlo,0.9992235143879704,0.0039791476447214,0.002057049928953313,"[""state_entropy_change"", ""state_top_probability_change"", ""state_iat_change""]",LOW
498,CTU44,2011-08-12T18:46:00+00:00,RBot,0.99960243257645,Murlo,0.9992705251019762,0.0037892660308619,0.001717370417554174,"[""state_entropy_change"", ""state_top_probability_change"", ""state_iat_change""]",LOW
499,CTU44,2011-08-12T18:48:00+00:00,RBot,0.9994718157172752,Murlo,0.9990185523546636,0.0048449521596069,0.009297067605659987,"[""state_entropy_change"", ""state_top_probability_change"", ""state_iat_change""]",LOW
500,CTU44,2011-08-12T18:51:00+00:00,RBot,0.9996247748507784,Murlo,0.9993106941436652,0.0035955282955263,0.011354303331401779,"[""state_entropy_change"", ""state_top_probability_change"", ""state_iat_change""]",LOW
501,CTU44,2011-08-12T18:52:00+00:00,RBot,0.9874493380917596,Murlo,0.9755387542796142,0.0709246908098164,2.223159497217109,"[""state_iat_change"", ""state_directionality_change"", ""state_top_probability_change""]",LOW
502,CTU44,2011-08-12T18:53:00+00:00,RBot,0.9982513107205672,Murlo,0.9967060199060876,0.0137802965139174,12.99731839269458,"[""state_iat_change"", ""state_directionality_change"", ""state_top_probability_change""]",LOW
503,CTU44,2011-08-12T18:55:00+00:00,RBot,0.9996220944378263,Murlo,0.9993079540674016,0.0036251769960341,12.588342718406158,"[""state_iat_change"", ""state_directionality_change"", ""state_destination_diversity_change""]",LOW
504,CTU44,2011-08-12T18:57:00+00:00,RBot,0.985581165693375,Murlo,0.9717804239263076,0.0789714165536769,1.3638510042064056,"[""state_top_probability_change"", ""state_entropy_change"", ""state_directionality_change""]",LOW
505,CTU44,2011-08-12T18:58:00+00:00,RBot,0.9984524608815306,Murlo,0.9971140682826964,0.0124873021177001,12.888456379528561,"[""state_iat_change"", ""state_top_probability_change"", ""state_entropy_change""]",LOW
506,CTU44,2011-08-12T19:00:00+00:00,RBot,0.9995418706363528,Murlo,0.9991519843290332,0.0042778540203007,11.719843422057338,"[""state_iat_change"", ""state_rst_rate_change"", ""state_port_diversity_change""]",LOW
507,CTU44,2011-08-12T19:02:00+00:00,RBot,0.9996247748507784,Murlo,0.9993106941436652,0.0035955282955263,0.0062295415000850314,"[""state_entropy_change"", ""state_top_probability_change"", ""state_iat_change""]",LOW
508,CTU44,2011-08-12T19:04:00+00:00,RBot,0.9907809839807056,Murlo,0.982323408570495,0.0560385926732538,3.057750895761068,"[""state_byte_rate_change"", ""state_ack_rate_change"", ""state_packet_rate_change""]",LOW
509,CTU44,2011-08-12T19:05:00+00:00,RBot,0.998342647253582,Murlo,0.9968839292854412,0.0131702019433229,36.55077423813261,"[""state_iat_change"", ""state_ack_rate_change"", ""state_byte_rate_change""]",LOW
510,CTU44,2011-08-12T19:07:00+00:00,RBot,0.9995815501947743,Murlo,0.9992283756562168,0.0039547027088543,34.44963708244971,"[""state_iat_change"", ""state_directionality_change"", ""state_destination_diversity_change""]",LOW
511,CTU44,2011-08-12T19:09:00+00:00,RBot,0.9996313877406128,Murlo,0.9993239793253188,0.0035423126442525,0.003725096438059768,"[""state_entropy_change"", ""state_top_probability_change"", ""state_iat_change""]",LOW
512,CTU44,2011-08-12T19:11:00+00:00,RBot,0.9996336817345104,Murlo,0.999328822868182,0.0035245400394195,0.0006280479418647323,"[""state_iat_change"", ""state_entropy_change"", ""state_top_probability_change""]",LOW
513,CTU44,2011-08-12T19:12:00+00:00,RBot,0.9897837904575884,Murlo,0.9801470328536336,0.0600447990525475,12.287314257031825,"[""state_iat_change"", ""state_rst_rate_change"", ""state_top_probability_change""]",LOW
514,CTU44,2011-08-12T19:13:00+00:00,RBot,0.9812079395286094,Murlo,0.9637248369003298,0.1000974251536826,12.573380597166361,"[""state_iat_change"", ""state_rst_rate_change"", ""state_port_diversity_change""]",LOW
515,CTU44,2011-08-12T19:14:00+00:00,RBot,0.999571766888378,Murlo,0.9992102655572536,0.004037087356283,1.5788080322414313,"[""state_top_probability_change"", ""state_entropy_change"", ""state_port_diversity_change""]",LOW
516,CTU44,2011-08-12T19:16:00+00:00,RBot,0.9996247748507784,Murlo,0.9993106941436652,0.0035955282955263,0.0039005593504720794,"[""state_entropy_change"", ""state_top_probability_change"", ""state_iat_change""]",LOW
517,CTU44,2011-08-12T19:18:00+00:00,RBot,0.998376960893122,Murlo,0.9969513940745356,0.0129416822414443,24.710391136971836,"[""state_iat_change"", ""state_directionality_change"", ""state_destination_diversity_change""]",LOW
518,CTU44,2011-08-12T19:21:00+00:00,RBot,0.9995418706363528,Murlo,0.9991519843290332,0.0042778540203007,24.703956880195037,"[""state_iat_change"", ""state_directionality_change"", ""state_destination_diversity_change""]",LOW
519,CTU44,2011-08-12T19:23:00+00:00,RBot,0.9996313877406128,Murlo,0.9993239793253188,0.0035423126442525,0.006797014527974216,"[""state_entropy_change"", ""state_top_probability_change"", ""state_iat_change""]",LOW
520,CTU44,2011-08-12T19:25:00+00:00,RBot,0.9995787899049492,Murlo,0.9992235143879704,0.0039791476447214,0.0049530795681305435,"[""state_entropy_change"", ""state_top_probability_change"", ""state_iat_change""]",LOW
521,CTU44,2011-08-12T19:28:00+00:00,RBot,0.999627124296394,Murlo,0.9993156484588588,0.0035773627046008,0.004261067391833789,"[""state_entropy_change"", ""state_top_probability_change"", ""state_iat_change""]",LOW
522,CTU44,2011-08-12T19:30:00+00:00,RBot,0.9978895110236436,Murlo,0.9960224647610356,0.0162235338452573,4.758963955857301,"[""state_iat_change"", ""state_directionality_change"", ""state_destination_diversity_change""]",LOW
523,CTU44,2011-08-12T19:32:00+00:00,RBot,0.9996313877406128,Murlo,0.9993239793253188,0.0035423126442525,4.759655705914166,"[""state_iat_change"", ""state_directionality_change"", ""state_destination_diversity_change""]",LOW
524,CTU44,2011-08-12T19:34:00+00:00,RBot,0.9996313877406128,Murlo,0.9993239793253188,0.0035423126442525,4.456030350940572e-06,"[""state_iat_change"", ""state_top_probability_change"", ""state_entropy_change""]",LOW
525,CTU44,2011-08-12T19:36:00+00:00,RBot,0.9705318542126578,Murlo,0.9423996471998696,0.1403124939541706,4.09028998687864,"[""state_top_probability_change"", ""state_entropy_change"", ""state_byte_rate_change""]",LOW
526,CTU44,2011-08-12T19:37:00+00:00,RBot,0.9996313877406128,Murlo,0.9993239793253188,0.0035423126442525,4.090536117025672,"[""state_top_probability_change"", ""state_entropy_change"", ""state_byte_rate_change""]",LOW
527,CTU44,2011-08-12T19:38:00+00:00,RBot,0.98571549328452,Murlo,0.9720479215401268,0.0783919235071233,1.3579607474987412,"[""state_top_probability_change"", ""state_entropy_change"", ""state_directionality_change""]",LOW
528,CTU44,2011-08-12T19:39:00+00:00,RBot,0.9996313877406128,Murlo,0.9993239793253188,0.0035423126442525,1.357737683861761,"[""state_top_probability_change"", ""state_entropy_change"", ""state_directionality_change""]",LOW
529,CTU44,2011-08-12T19:41:00+00:00,RBot,0.9996397510121464,Murlo,0.9993400281944496,0.0034727762894419,0.0010331473151323535,"[""state_iat_change"", ""state_entropy_change"", ""state_top_probability_change""]",LOW
530,CTU44,2011-08-12T19:42:00+00:00,RBot,0.9294927606076266,Murlo,0.8642693705427631,0.2813681908934319,16.33666278456185,"[""state_iat_change"", ""state_top_probability_change"", ""state_entropy_change""]",LOW
531,CTU44,2011-08-12T19:43:00+00:00,RBot,0.9443652622749724,Murlo,0.8920716251211158,0.2326060373746366,3.6313725695948342,"[""state_iat_change"", ""state_top_probability_change"", ""state_directionality_change""]",LOW
532,CTU44,2011-08-12T19:44:00+00:00,RBot,0.9996336817345104,Murlo,0.999328822868182,0.0035245400394195,12.845073234327906,"[""state_iat_change"", ""state_top_probability_change"", ""state_entropy_change""]",LOW
533,CTU44,2011-08-12T19:46:00+00:00,RBot,0.9996313877406128,Murlo,0.9993239793253188,0.0035423126442525,0.000256362586709608,"[""state_iat_change"", ""state_entropy_change"", ""state_top_probability_change""]",LOW
534,CTU44,2011-08-12T19:48:00+00:00,RBot,0.999612035314159,Murlo,0.9992870694505912,0.003703940990117,0.0016090640643792826,"[""state_entropy_change"", ""state_top_probability_change"", ""state_iat_change""]",LOW
535,CTU44,2011-08-12T19:51:00+00:00,RBot,0.9994558084997932,Murlo,0.9989870370449856,0.0049692387931187,0.011465534398524933,"[""state_entropy_change"", ""state_top_probability_change"", ""state_iat_change""]",LOW
536,CTU44,2011-08-12T19:52:00+00:00,RBot,0.9851259529024448,Murlo,0.9709962708080964,0.0814419040421642,2.333742788948709,"[""state_iat_change"", ""state_directionality_change"", ""state_top_probability_change""]",LOW
537,CTU44,2011-08-12T19:53:00+00:00,RBot,0.9996313877406128,Murlo,0.9993239793253188,0.0035423126442525,2.3460134671124195,"[""state_iat_change"", ""state_directionality_change"", ""state_top_probability_change""]",LOW
538,CTU44,2011-08-12T19:54:00+00:00,RBot,0.9946110550283694,Murlo,0.98957967584623,0.0354100111872867,0.87784551059245,"[""state_entropy_change"", ""state_top_probability_change"", ""state_directionality_change""]",LOW
539,CTU44,2011-08-12T19:55:00+00:00,RBot,0.9996313877406128,Murlo,0.9993239793253188,0.0035423126442525,0.8775739548604746,"[""state_entropy_change"", ""state_top_probability_change"", ""state_directionality_change""]",LOW
540,CTU44,2011-08-12T19:57:00+00:00,RBot,0.9995973228725508,Murlo,0.9992599698249012,0.0038291098504425,0.002522901357929024,"[""state_entropy_change"", ""state_top_probability_change"", ""state_iat_change""]",LOW
541,CTU44,2011-08-12T20:00:00+00:00,RBot,0.9996355927956688,Murlo,0.9993319042144312,0.0035070693914248,0.003048692458368973,"[""state_entropy_change"", ""state_top_probability_change"", ""state_iat_change""]",LOW
542,CTU44,2011-08-12T20:02:00+00:00,RBot,0.999627124296394,Murlo,0.9993156484588588,0.0035773627046008,0.0009090265853592311,"[""state_entropy_change"", ""state_iat_change"", ""state_top_probability_change""]",LOW
543,CTU44,2011-08-12T20:04:00+00:00,RBot,0.9995973228725508,Murlo,0.9992599698249012,0.0038291098504425,0.0022759679778619935,"[""state_entropy_change"", ""state_top_probability_change"", ""state_iat_change""]",LOW
544,CTU44,2011-08-12T20:06:00+00:00,RBot,0.9945706244640238,Murlo,0.98949736221414,0.0356174774827392,0.8771924185010658,"[""state_entropy_change"", ""state_top_probability_change"", ""state_directionality_change""]",LOW
545,CTU44,2011-08-12T20:07:00+00:00,RBot,0.9996247748507784,Murlo,0.9993106941436652,0.0035955282955263,0.8796710372181953,"[""state_entropy_change"", ""state_top_probability_change"", ""state_directionality_change""]",LOW
546,CTU44,2011-08-12T20:08:00+00:00,RBot,0.98774812476803,Murlo,0.9763684392096844,0.0704496869520225,3.2212300554845696,"[""state_byte_rate_change"", ""state_ack_rate_change"", ""state_packet_rate_change""]",LOW
547,CTU44,2011-08-12T20:09:00+00:00,RBot,0.9996337645597568,Murlo,0.9993287891117248,0.0035232585404922,3.2213120270911397,"[""state_byte_rate_change"", ""state_ack_rate_change"", ""state_packet_rate_change""]",LOW
548,CTU44,2011-08-12T20:11:00+00:00,RBot,0.9996247748507784,Murlo,0.9993106941436652,0.0035955282955263,0.0011658354595808767,"[""state_iat_change"", ""state_entropy_change"", ""state_top_probability_change""]",LOW
549,CTU44,2011-08-12T20:14:00+00:00,RBot,0.999630720646081,Murlo,0.9993242467039072,0.0035528997899788,0.0011072247049777539,"[""state_iat_change"", ""state_entropy_change"", ""state_top_probability_change""]",LOW
550,CTU44,2011-08-12T20:16:00+00:00,RBot,0.999387471305112,Murlo,0.998871165378114,0.0055592225293099,0.017578044511391704,"[""state_entropy_change"", ""state_top_probability_change"", ""state_iat_change""]",LOW
551,CTU44,2011-08-12T20:18:00+00:00,RBot,0.9961999177786224,Murlo,0.99268513081551,0.0264083865895286,14.440684522530894,"[""state_iat_change"", ""state_directionality_change"", ""state_entropy_change""]",LOW
552,CTU44,2011-08-12T20:20:00+00:00,RBot,0.9996336817345104,Murlo,0.999328822868182,0.0035245400394195,14.45702506321794,"[""state_iat_change"", ""state_directionality_change"", ""state_entropy_change""]",LOW
553,CTU44,2011-08-12T20:23:00+00:00,RBot,0.9996336817345104,Murlo,0.999328822868182,0.0035245400394195,0.0012193795995649492,"[""state_iat_change"", ""state_top_probability_change"", ""state_entropy_change""]",LOW
554,CTU44,2011-08-12T20:25:00+00:00,RBot,0.999627124296394,Murlo,0.9993156484588588,0.0035773627046008,0.0005835045130931951,"[""state_entropy_change"", ""state_top_probability_change"", ""state_iat_change""]",LOW
555,CTU44,2011-08-12T20:27:00+00:00,RBot,0.9996313877406128,Murlo,0.9993239793253188,0.0035423126442525,0.00039424450107976885,"[""state_entropy_change"", ""state_top_probability_change"", ""state_iat_change""]",LOW
556,CTU44,2011-08-12T20:30:00+00:00,RBot,0.9978085552874886,Murlo,0.9958650002103214,0.0167458542808429,4.152454499888692,"[""state_iat_change"", ""state_directionality_change"", ""state_destination_diversity_change""]",LOW
557,CTU44,2011-08-12T20:32:00+00:00,RBot,0.999627124296394,Murlo,0.9993156484588588,0.0035773627046008,4.152198916567355,"[""state_iat_change"", ""state_directionality_change"", ""state_destination_diversity_change""]",LOW
558,CTU44,2011-08-12T20:34:00+00:00,RBot,0.9971096475613448,Murlo,0.9944596738214104,0.0209717325252134,16.46776767011203,"[""state_iat_change"", ""state_directionality_change"", ""state_entropy_change""]",LOW
559,CTU44,2011-08-12T20:37:00+00:00,RBot,0.9995674307875538,Murlo,0.9992028461165404,0.0040755253783878,16.463726307486986,"[""state_iat_change"", ""state_directionality_change"", ""state_entropy_change""]",LOW
560,CTU44,2011-08-12T20:39:00+00:00,RBot,0.9996247748507784,Murlo,0.9993106941436652,0.0035955282955263,0.004329988538129606,"[""state_entropy_change"", ""state_top_probability_change"", ""state_iat_change""]",LOW
561,CTU44,2011-08-12T20:40:00+00:00,RBot,0.9931109331041988,Murlo,0.9869369026216076,0.0443893648003217,2.9290413804645836,"[""state_byte_rate_change"", ""state_ack_rate_change"", ""state_packet_rate_change""]",LOW
562,CTU44,2011-08-12T20:41:00+00:00,RBot,0.999568944342621,Murlo,0.9992045592667926,0.00405924668448,2.9253709580899074,"[""state_byte_rate_change"", ""state_ack_rate_change"", ""state_packet_rate_change""]",LOW
563,CTU44,2011-08-12T20:42:00+00:00,RBot,0.9945706244640238,Murlo,0.98949736221414,0.0356174774827392,0.8756687716420899,"[""state_entropy_change"", ""state_top_probability_change"", ""state_directionality_change""]",LOW
564,CTU44,2011-08-12T20:43:00+00:00,RBot,0.9996336817345104,Murlo,0.999328822868182,0.0035245400394195,0.8801661750645534,"[""state_entropy_change"", ""state_top_probability_change"", ""state_directionality_change""]",LOW
565,CTU44,2011-08-12T20:46:00+00:00,RBot,0.9996313877406128,Murlo,0.9993239793253188,0.0035423126442525,0.00020472505852512109,"[""state_entropy_change"", ""state_top_probability_change"", ""state_iat_change""]",LOW
566,CTU44,2011-08-12T20:48:00+00:00,RBot,0.9995646677420136,Murlo,0.999197034204905,0.0040964854996757,0.005173872998922626,"[""state_entropy_change"", ""state_top_probability_change"", ""state_iat_change""]",LOW
567,CTU44,2011-08-12T20:50:00+00:00,RBot,0.9996336817345104,Murlo,0.999328822868182,0.0035245400394195,0.0054501566624954026,"[""state_entropy_change"", ""state_top_probability_change"", ""state_iat_change""]",LOW
568,CTU44,2011-08-12T20:52:00+00:00,RBot,0.9884061538701194,Murlo,0.9774997390488024,0.0668591390664415,2.1761010699862546,"[""state_iat_change"", ""state_directionality_change"", ""state_top_probability_change""]",LOW
569,CTU44,2011-08-12T20:53:00+00:00,RBot,0.9996333049131216,Murlo,0.9993270765681938,0.0035248090127001,2.176677517265761,"[""state_iat_change"", ""state_directionality_change"", ""state_top_probability_change""]",LOW
570,CTU44,2011-08-12T20:54:00+00:00,RBot,0.978584908836174,Murlo,0.958762231903512,0.1116089299124184,39.67489102552315,"[""state_iat_change"", ""state_top_probability_change"", ""state_entropy_change""]",LOW
571,CTU44,2011-08-12T20:55:00+00:00,RBot,0.9996313877406128,Murlo,0.9993239793253188,0.0035423126442525,39.6735006876242,"[""state_iat_change"", ""state_top_probability_change"", ""state_entropy_change""]",LOW
572,CTU44,2011-08-12T20:57:00+00:00,RBot,0.9996336817345104,Murlo,0.999328822868182,0.0035245400394195,0.0007237215346946065,"[""state_iat_change"", ""state_entropy_change"", ""state_top_probability_change""]",LOW
573,CTU44,2011-08-12T20:59:00+00:00,RBot,0.985581165693375,Murlo,0.9717804239263076,0.0789714165536769,1.3651027584519628,"[""state_top_probability_change"", ""state_entropy_change"", ""state_directionality_change""]",LOW
574,CTU44,2011-08-12T21:00:00+00:00,RBot,0.9996247748507784,Murlo,0.9993106941436652,0.0035955282955263,1.3652891311298674,"[""state_top_probability_change"", ""state_entropy_change"", ""state_directionality_change""]",LOW
575,CTU44,2011-08-12T21:01:00+00:00,RBot,0.9917026846815564,Murlo,0.9840074747395328,0.0511154722872196,19.75318588305126,"[""state_iat_change"", ""state_top_probability_change"", ""state_entropy_change""]",LOW
576,CTU44,2011-08-12T21:02:00+00:00,RBot,0.9922031534578888,Murlo,0.9851482465140772,0.0491616176004027,17.05838863438456,"[""state_iat_change"", ""state_ack_rate_change"", ""state_byte_rate_change""]",LOW
577,CTU44,2011-08-12T21:04:00+00:00,RBot,0.9995973228725508,Murlo,0.9992599698249012,0.0038291098504425,3.8241228750916156,"[""state_iat_change"", ""state_ack_rate_change"", ""state_byte_rate_change""]",LOW
578,CTU44,2011-08-12T21:05:00+00:00,RBot,0.9945706244640238,Murlo,0.98949736221414,0.0356174774827392,0.8773111586039467,"[""state_entropy_change"", ""state_top_probability_change"", ""state_directionality_change""]",LOW
579,CTU44,2011-08-12T21:06:00+00:00,RBot,0.9996188648162324,Murlo,0.9993016214109848,0.0036516085386115,0.8787726849546554,"[""state_entropy_change"", ""state_top_probability_change"", ""state_directionality_change""]",LOW
580,CTU44,2011-08-12T21:09:00+00:00,RBot,0.9996212269587862,Murlo,0.999306614649368,0.0036333946037821,0.0012907445045556882,"[""state_iat_change"", ""state_entropy_change"", ""state_top_probability_change""]",LOW
581,CTU44,2011-08-12T21:11:00+00:00,RBot,0.9996336817345104,Murlo,0.999328822868182,0.0035245400394195,0.001990529757548456,"[""state_iat_change"", ""state_entropy_change"", ""state_top_probability_change""]",LOW
582,CTU44,2011-08-12T21:12:00+00:00,RBot,0.9909925000170422,Murlo,0.9827394127878056,0.0549995313333301,3.0464562602584895,"[""state_byte_rate_change"", ""state_ack_rate_change"", ""state_packet_rate_change""]",LOW
583,CTU44,2011-08-12T21:13:00+00:00,RBot,0.9996336817345104,Murlo,0.999328822868182,0.0035245400394195,3.0463750032344428,"[""state_byte_rate_change"", ""state_ack_rate_change"", ""state_packet_rate_change""]",LOW
584,CTU44,2011-08-12T21:16:00+00:00,RBot,0.999629533115466,Murlo,0.9993205224266908,0.0035580824793792,0.00035106769947866704,"[""state_entropy_change"", ""state_top_probability_change"", ""state_iat_change""]",LOW
585,CTU44,2011-08-12T21:17:00+00:00,RBot,0.9945706244640238,Murlo,0.98949736221414,0.0356174774827392,0.8794733036252143,"[""state_entropy_change"", ""state_top_probability_change"", ""state_directionality_change""]",LOW
586,CTU44,2011-08-12T21:18:00+00:00,RBot,0.9982080595648009,Murlo,0.9966183937303325,0.0140557062677573,15.441173032009898,"[""state_iat_change"", ""state_destination_diversity_change"", ""state_port_diversity_change""]",LOW
587,CTU44,2011-08-12T21:20:00+00:00,RBot,0.9996313877406128,Murlo,0.9993239793253188,0.0035423126442525,15.0797218667337,"[""state_iat_change"", ""state_directionality_change"", ""state_destination_diversity_change""]",LOW
588,CTU44,2011-08-12T21:23:00+00:00,RBot,0.9996247748507784,Murlo,0.9993106941436652,0.0035955282955263,0.0024272104008292972,"[""state_iat_change"", ""state_entropy_change"", ""state_top_probability_change""]",LOW
589,CTU44,2011-08-12T21:25:00+00:00,RBot,0.9996313877406128,Murlo,0.9993239793253188,0.0035423126442525,0.0020581462399976024,"[""state_iat_change"", ""state_entropy_change"", ""state_top_probability_change""]",LOW
590,CTU44,2011-08-12T21:27:00+00:00,RBot,0.9996336817345104,Murlo,0.999328822868182,0.0035245400394195,0.001444812093250221,"[""state_iat_change"", ""state_entropy_change"", ""state_top_probability_change""]",LOW
591,CTU44,2011-08-12T21:29:00+00:00,RBot,0.9995973228725508,Murlo,0.9992599698249012,0.0038291098504425,0.002734441521696627,"[""state_entropy_change"", ""state_top_probability_change"", ""state_iat_change""]",LOW
592,CTU44,2011-08-12T21:30:00+00:00,RBot,0.9945706244640238,Murlo,0.98949736221414,0.0356174774827392,0.8773683006402119,"[""state_entropy_change"", ""state_top_probability_change"", ""state_directionality_change""]",LOW
593,CTU44,2011-08-12T21:32:00+00:00,RBot,0.9995319019475573,Murlo,0.9991321666992882,0.0043563694889876,0.8725987784164909,"[""state_entropy_change"", ""state_top_probability_change"", ""state_directionality_change""]",LOW
594,CTU44,2011-08-12T21:34:00+00:00,RBot,0.9996188648162324,Murlo,0.9993016214109848,0.0036516085386115,0.006431045701356125,"[""state_entropy_change"", ""state_top_probability_change"", ""state_iat_change""]",LOW
595,CTU44,2011-08-12T21:35:00+00:00,RBot,0.9856915039183776,Murlo,0.9720037203727792,0.0785120884849395,1.3581759923264156,"[""state_top_probability_change"", ""state_entropy_change"", ""state_directionality_change""]",LOW
596,CTU44,2011-08-12T21:36:00+00:00,RBot,0.99961978720809,Murlo,0.9993028258625196,0.0036422371315835,1.3583218805092923,"[""state_top_probability_change"", ""state_entropy_change"", ""state_directionality_change""]",LOW
597,CTU44,2011-08-12T21:39:00+00:00,RBot,0.9996272045123296,Murlo,0.9993156095634944,0.0035760999291675,0.0010305646511631413,"[""state_iat_change"", ""state_entropy_change"", ""state_top_probability_change""]",LOW
598,CTU44,2011-08-12T21:41:00+00:00,RBot,0.9996313877406128,Murlo,0.9993239793253188,0.0035423126442525,0.0007153165350527857,"[""state_iat_change"", ""state_entropy_change"", ""state_top_probability_change""]",LOW
599,CTU44,2011-08-12T21:42:00+00:00,RBot,0.9945706244640238,Murlo,0.98949736221414,0.0356174774827392,0.8799656439169445,"[""state_entropy_change"", ""state_top_probability_change"", ""state_directionality_change""]",LOW
600,CTU44,2011-08-12T21:43:00+00:00,RBot,0.9996231374735282,Murlo,0.9993085232254798,0.0036122547063392,0.8790547708512736,"[""state_entropy_change"", ""state_top_probability_change"", ""state_directionality_change""]",LOW
601,CTU44,2011-08-12T21:44:00+00:00,RBot,0.9937848329375424,Murlo,0.9882370276379184,0.0407629495398188,2.8903422013331483,"[""state_byte_rate_change"", ""state_ack_rate_change"", ""state_packet_rate_change""]",LOW
602,CTU44,2011-08-12T21:46:00+00:00,RBot,0.9996336817345104,Murlo,0.999328822868182,0.0035245400394195,2.891511796060423,"[""state_byte_rate_change"", ""state_ack_rate_change"", ""state_packet_rate_change""]",LOW
603,CTU44,2011-08-12T21:48:00+00:00,RBot,0.9996337645597568,Murlo,0.9993287891117248,0.0035232585404922,0.0005189304618575338,"[""state_iat_change"", ""state_entropy_change"", ""state_top_probability_change""]",LOW
604,CTU44,2011-08-12T21:50:00+00:00,RBot,0.999605577570466,Murlo,0.9992758529222822,0.0037611850937706,0.0020828619744769255,"[""state_entropy_change"", ""state_top_probability_change"", ""state_iat_change""]",LOW
605,CTU44,2011-08-12T21:52:00+00:00,RBot,0.9953409347758648,Murlo,0.991125425069213,0.0317607449259439,5.1500484952110845,"[""state_iat_change"", ""state_byte_rate_change"", ""state_packet_rate_change""]",LOW
606,CTU44,2011-08-12T21:54:00+00:00,RBot,0.9978937338403756,Murlo,0.9960437028530852,0.0162410699254773,1.8501164540504587,"[""state_iat_change"", ""state_byte_rate_change"", ""state_packet_rate_change""]",LOW
607,CTU44,2011-08-12T21:55:00+00:00,RBot,0.98571549328452,Murlo,0.9720479215401268,0.0783919235071233,4.197657658276632,"[""state_iat_change"", ""state_top_probability_change"", ""state_entropy_change""]",LOW
608,CTU44,2011-08-12T21:56:00+00:00,RBot,0.9996275140797184,Murlo,0.9993182020706788,0.0035799279676038,1.3569699084894058,"[""state_top_probability_change"", ""state_entropy_change"", ""state_directionality_change""]",LOW
609,CTU44,2011-08-12T21:59:00+00:00,RBot,0.9996336817345104,Murlo,0.999328822868182,0.0035245400394195,0.0016791744206531695,"[""state_iat_change"", ""state_entropy_change"", ""state_top_probability_change""]",LOW
610,CTU44,2011-08-12T22:01:00+00:00,RBot,0.9996337645597568,Murlo,0.9993287891117248,0.0035232585404922,0.0010851084358606113,"[""state_iat_change"", ""state_entropy_change"", ""state_top_probability_change""]",LOW
611,CTU44,2011-08-12T22:03:00+00:00,RBot,0.9996304859069962,Murlo,0.9993232321777852,0.0035528970974897,0.0005152772548528555,"[""state_iat_change"", ""state_entropy_change"", ""state_top_probability_change""]",LOW
612,CTU44,2011-08-12T22:05:00+00:00,RBot,0.9996313877406128,Murlo,0.9993239793253188,0.0035423126442525,0.00012818308568276454,"[""state_entropy_change"", ""state_iat_change"", ""state_top_probability_change""]",LOW
613,CTU44,2011-08-12T22:06:00+00:00,RBot,0.9946110550283694,Murlo,0.98957967584623,0.0354100111872867,0.8776421059129009,"[""state_entropy_change"", ""state_top_probability_change"", ""state_directionality_change""]",LOW
614,CTU44,2011-08-12T22:08:00+00:00,RBot,0.9996246980201148,Murlo,0.9993135501932888,0.0036059797910725,0.8766141622367839,"[""state_entropy_change"", ""state_top_probability_change"", ""state_directionality_change""]",LOW
615,CTU44,2011-08-12T22:10:00+00:00,RBot,0.999571766888378,Murlo,0.9992102655572536,0.004037087356283,0.003967735119682857,"[""state_entropy_change"", ""state_top_probability_change"", ""state_iat_change""]",LOW
616,CTU44,2011-08-12T22:11:00+00:00,RBot,0.993305886471724,Murlo,0.987183679986938,0.0429461168826691,7.171505821638378,"[""state_iat_change"", ""state_rst_rate_change"", ""state_syn_rate_change""]",LOW
617,CTU44,2011-08-12T22:12:00+00:00,RBot,0.998749173383143,Murlo,0.997688125250184,0.0104308717345918,24.387232416052157,"[""state_iat_change"", ""state_rst_rate_change"", ""state_syn_rate_change""]",LOW
618,CTU44,2011-08-12T22:15:00+00:00,RBot,0.9996360381484688,Murlo,0.9993335920773104,0.0035056314176816,29.769751439032024,"[""state_iat_change"", ""state_rst_rate_change"", ""state_port_diversity_change""]",LOW
619,CTU44,2011-08-12T22:16:00+00:00,RBot,0.9938513270672432,Murlo,0.9883239907348907,0.0402625582129197,2.886686361520241,"[""state_byte_rate_change"", ""state_ack_rate_change"", ""state_packet_rate_change""]",LOW
620,CTU44,2011-08-12T22:17:00+00:00,RBot,0.9994222825336792,Murlo,0.9989219917094596,0.0052319314438348,2.871823254100546,"[""state_byte_rate_change"", ""state_ack_rate_change"", ""state_packet_rate_change""]",LOW
621,CTU44,2011-08-12T22:18:00+00:00,RBot,0.9946110550283694,Murlo,0.98957967584623,0.0354100111872867,0.8627697493214727,"[""state_entropy_change"", ""state_top_probability_change"", ""state_directionality_change""]",LOW
622,CTU44,2011-08-12T22:19:00+00:00,RBot,0.999627124296394,Murlo,0.9993156484588588,0.0035773627046008,0.8781639688280887,"[""state_entropy_change"", ""state_top_probability_change"", ""state_directionality_change""]",LOW
623,CTU44,2011-08-12T22:22:00+00:00,RBot,0.9996336817345104,Murlo,0.999328822868182,0.0035245400394195,0.0014432562513934384,"[""state_iat_change"", ""state_entropy_change"", ""state_top_probability_change""]",LOW
624,CTU44,2011-08-12T22:24:00+00:00,RBot,0.9996336817345104,Murlo,0.999328822868182,0.0035245400394195,0.0003661808470748875,"[""state_iat_change"", ""state_top_probability_change"", ""state_entropy_change""]",LOW
625,CTU44,2011-08-12T22:26:00+00:00,RBot,0.9986535407620571,Murlo,0.9974736977345718,0.0110001823797094,17.470779375889492,"[""state_iat_change"", ""state_directionality_change"", ""state_destination_diversity_change""]",LOW
626,CTU44,2011-08-12T22:28:00+00:00,RBot,0.9995973228725508,Murlo,0.9992599698249012,0.0038291098504425,17.468553183947236,"[""state_iat_change"", ""state_directionality_change"", ""state_destination_diversity_change""]",LOW
627,CTU44,2011-08-12T22:30:00+00:00,RBot,0.9945706244640238,Murlo,0.98949736221414,0.0356174774827392,0.877271578569653,"[""state_entropy_change"", ""state_top_probability_change"", ""state_directionality_change""]",LOW
628,CTU44,2011-08-12T22:31:00+00:00,RBot,0.9982749478666147,Murlo,0.9967542403417692,0.0136306023546546,3.1346411005254264,"[""state_iat_change"", ""state_destination_diversity_change"", ""state_port_diversity_change""]",LOW
629,CTU44,2011-08-12T22:33:00+00:00,RBot,0.9996360381484688,Murlo,0.9993335920773104,0.0035056314176816,2.76722280714346,"[""state_iat_change"", ""state_directionality_change"", ""state_destination_diversity_change""]",LOW
630,CTU44,2011-08-12T22:35:00+00:00,RBot,0.9996213169792688,Murlo,0.9993065843560472,0.0036320289760572,0.001139037083365048,"[""state_entropy_change"", ""state_top_probability_change"", ""state_iat_change""]",LOW
631,CTU44,2011-08-12T22:38:00+00:00,RBot,0.9996313877406128,Murlo,0.9993239793253188,0.0035423126442525,0.0009307271261982858,"[""state_entropy_change"", ""state_top_probability_change"", ""state_iat_change""]",LOW
632,CTU44,2011-08-12T22:40:00+00:00,RBot,0.999629533115466,Murlo,0.9993205224266908,0.0035580824793792,0.0003025658226694544,"[""state_iat_change"", ""state_entropy_change"", ""state_top_probability_change""]",LOW
633,CTU44,2011-08-12T22:41:00+00:00,RBot,0.985581165693375,Murlo,0.9717804239263076,0.0789714165536769,1.3642096277662634,"[""state_top_probability_change"", ""state_entropy_change"", ""state_directionality_change""]",LOW
634,CTU44,2011-08-12T22:42:00+00:00,RBot,0.9982091988246372,Murlo,0.9966186373233694,0.0140412094413952,30.271458044037896,"[""state_iat_change"", ""state_top_probability_change"", ""state_entropy_change""]",LOW
635,CTU44,2011-08-12T22:45:00+00:00,RBot,0.999552365863343,Murlo,0.9991722263937228,0.0041932423773309,29.41586241981588,"[""state_iat_change"", ""state_directionality_change"", ""state_destination_diversity_change""]",LOW
636,CTU44,2011-08-12T22:47:00+00:00,RBot,0.999627124296394,Murlo,0.9993156484588588,0.0035773627046008,0.0061068516322528126,"[""state_entropy_change"", ""state_top_probability_change"", ""state_iat_change""]",LOW
637,CTU44,2011-08-12T22:48:00+00:00,RBot,0.9931109331041988,Murlo,0.9869369026216076,0.0443893648003217,2.9296817882003388,"[""state_byte_rate_change"", ""state_ack_rate_change"", ""state_packet_rate_change""]",LOW
638,CTU44,2011-08-12T22:49:00+00:00,RBot,0.9996336817345104,Murlo,0.999328822868182,0.0035245400394195,2.929880239267223,"[""state_byte_rate_change"", ""state_ack_rate_change"", ""state_packet_rate_change""]",LOW
639,CTU44,2011-08-12T22:51:00+00:00,RBot,0.9996336817345104,Murlo,0.999328822868182,0.0035245400394195,0.00018898811076641843,"[""state_iat_change"", ""state_top_probability_change"", ""state_entropy_change""]",LOW
640,CTU44,2011-08-12T22:54:00+00:00,RBot,0.9979776252504176,Murlo,0.996196858353443,0.0156614703953744,4.0383785458465296,"[""state_iat_change"", ""state_directionality_change"", ""state_destination_diversity_change""]",LOW
641,CTU44,2011-08-12T22:56:00+00:00,RBot,0.9995454774427353,Murlo,0.9991593633849558,0.0042500570666993,4.032146976053365,"[""state_iat_change"", ""state_directionality_change"", ""state_destination_diversity_change""]",LOW
642,CTU44,2011-08-12T22:57:00+00:00,RBot,0.9754822951707164,Murlo,0.9518652439017454,0.1203622511083596,2.8240613875892238,"[""state_top_probability_change"", ""state_iat_change"", ""state_entropy_change""]",LOW
643,CTU44,2011-08-12T22:58:00+00:00,RBot,0.9996255095439534,Murlo,0.9993144227160302,0.0035970423479993,2.8301241071113252,"[""state_top_probability_change"", ""state_iat_change"", ""state_entropy_change""]",LOW
644,CTU44,2011-08-12T23:01:00+00:00,RBot,0.9995973228725508,Murlo,0.9992599698249012,0.0038291098504425,0.003049987961726774,"[""state_entropy_change"", ""state_iat_change"", ""state_top_probability_change""]",LOW
645,CTU44,2011-08-12T23:03:00+00:00,RBot,0.9996247748507784,Murlo,0.9993106941436652,0.0035955282955263,0.0020749547912177597,"[""state_entropy_change"", ""state_top_probability_change"", ""state_iat_change""]",LOW
646,CTU44,2011-08-12T23:05:00+00:00,RBot,0.999627124296394,Murlo,0.9993156484588588,0.0035773627046008,0.0006990401082214035,"[""state_iat_change"", ""state_entropy_change"", ""state_top_probability_change""]",LOW
647,CTU44,2011-08-12T23:06:00+00:00,RBot,0.9946110550283694,Murlo,0.98957967584623,0.0354100111872867,0.8772557249947925,"[""state_entropy_change"", ""state_top_probability_change"", ""state_directionality_change""]",LOW
648,CTU44,2011-08-12T23:08:00+00:00,RBot,0.9996336817345104,Murlo,0.999328822868182,0.0035245400394195,0.87777658296354,"[""state_entropy_change"", ""state_top_probability_change"", ""state_directionality_change""]",LOW
649,CTU44,2011-08-12T23:10:00+00:00,RBot,0.99957264033556,Murlo,0.9992118192302808,0.0040295379817372,0.004751765623327673,"[""state_entropy_change"", ""state_top_probability_change"", ""state_iat_change""]",LOW
650,CTU44,2011-08-12T23:12:00+00:00,RBot,0.9996247748507784,Murlo,0.9993106941436652,0.0035955282955263,0.004006041599586926,"[""state_entropy_change"", ""state_top_probability_change"", ""state_iat_change""]",LOW
651,CTU44,2011-08-12T23:14:00+00:00,RBot,0.9995787899049492,Murlo,0.9992235143879704,0.0039791476447214,0.003815234655319769,"[""state_entropy_change"", ""state_top_probability_change"", ""state_iat_change""]",LOW
652,CTU44,2011-08-12T23:17:00+00:00,RBot,0.9995025020321296,Murlo,0.9990755411060318,0.0045926038299466,0.005844461769486873,"[""state_entropy_change"", ""state_top_probability_change"", ""state_iat_change""]",LOW
653,CTU44,2011-08-12T23:18:00+00:00,RBot,0.9945706244640238,Murlo,0.98949736221414,0.0356174774827392,0.8708666365013354,"[""state_entropy_change"", ""state_top_probability_change"", ""state_directionality_change""]",LOW
654,CTU44,2011-08-12T23:19:00+00:00,RBot,0.9995552341970636,Murlo,0.9991782472682754,0.0041715522637006,0.8740806586271015,"[""state_entropy_change"", ""state_top_probability_change"", ""state_directionality_change""]",LOW
655,CTU44,2011-08-12T23:20:00+00:00,RBot,0.9931830103806352,Murlo,0.9870317245029364,0.0438545661039968,2.9189492098535834,"[""state_byte_rate_change"", ""state_ack_rate_change"", ""state_packet_rate_change""]",LOW
656,CTU44,2011-08-12T23:21:00+00:00,RBot,0.9995350025701758,Murlo,0.999138430717623,0.0043323041549264,2.9176519129246916,"[""state_byte_rate_change"", ""state_ack_rate_change"", ""state_packet_rate_change""]",LOW
657,CTU44,2011-08-12T23:24:00+00:00,RBot,0.9996337645597568,Murlo,0.9993287891117248,0.0035232585404922,0.007053001106060272,"[""state_entropy_change"", ""state_top_probability_change"", ""state_iat_change""]",LOW
658,CTU44,2011-08-12T23:26:00+00:00,RBot,0.9996313877406128,Murlo,0.9993239793253188,0.0035423126442525,0.0003629791813886338,"[""state_iat_change"", ""state_entropy_change"", ""state_top_probability_change""]",LOW
659,CTU44,2011-08-12T23:28:00+00:00,RBot,0.9996247748507784,Murlo,0.9993106941436652,0.0035955282955263,0.0006893585639596777,"[""state_entropy_change"", ""state_iat_change"", ""state_top_probability_change""]",LOW
660,CTU44,2011-08-12T23:30:00+00:00,RBot,0.9946110550283694,Murlo,0.98957967584623,0.0354100111872867,0.8772628346374806,"[""state_entropy_change"", ""state_top_probability_change"", ""state_directionality_change""]",LOW
661,CTU44,2011-08-12T23:31:00+00:00,RBot,0.9995350025701758,Murlo,0.999138430717623,0.0043323041549264,0.8705444882708324,"[""state_entropy_change"", ""state_top_probability_change"", ""state_directionality_change""]",LOW
662,CTU44,2011-08-12T23:33:00+00:00,RBot,0.9996388955470612,Murlo,0.999338438632482,0.0034798673343076,0.007497258701140229,"[""state_entropy_change"", ""state_top_probability_change"", ""state_iat_change""]",LOW
663,CTU44,2011-08-12T23:35:00+00:00,RBot,0.9996333049131216,Murlo,0.9993270765681938,0.0035248090127001,0.00041190424294313446,"[""state_entropy_change"", ""state_top_probability_change"", ""state_iat_change""]",LOW
664,CTU44,2011-08-12T23:37:00+00:00,RBot,0.9996336817345104,Murlo,0.999328822868182,0.0035245400394195,0.0007847389329928164,"[""state_iat_change"", ""state_top_probability_change"", ""state_entropy_change""]",LOW
665,CTU44,2011-08-12T23:40:00+00:00,RBot,0.9996231709471832,Murlo,0.9993094824995628,0.0036151067037036,0.0016434582612367733,"[""state_iat_change"", ""state_entropy_change"", ""state_top_probability_change""]",LOW
666,CTU44,2011-08-12T23:42:00+00:00,RBot,0.9982232525218482,Murlo,0.99664961699026,0.013960729996582,13.456992710242687,"[""state_iat_change"", ""state_directionality_change"", ""state_destination_diversity_change""]",LOW
667,CTU44,2011-08-12T23:44:00+00:00,RBot,0.9995483905667576,Murlo,0.9991654785805985,0.0042280733225387,13.451332327554013,"[""state_iat_change"", ""state_directionality_change"", ""state_destination_diversity_change""]",LOW
668,CTU44,2011-08-12T23:47:00+00:00,RBot,0.9979060481362272,Murlo,0.9960131864288092,0.0159733446646648,23.05832603767801,"[""state_iat_change"", ""state_directionality_change"", ""state_destination_diversity_change""]",LOW
669,CTU44,2011-08-12T23:49:00+00:00,RBot,0.9995418706363528,Murlo,0.9991519843290332,0.0042778540203007,23.05734558865865,"[""state_iat_change"", ""state_directionality_change"", ""state_destination_diversity_change""]",LOW
670,CTU44,2011-08-12T23:51:00+00:00,RBot,0.999627124296394,Murlo,0.9993156484588588,0.0035773627046008,0.006425050178649541,"[""state_entropy_change"", ""state_top_probability_change"", ""state_iat_change""]",LOW
671,CTU44,2011-08-12T23:52:00+00:00,RBot,0.995125321469079,Murlo,0.9908186851929442,0.0332977178905774,2.8132436292415366,"[""state_byte_rate_change"", ""state_ack_rate_change"", ""state_packet_rate_change""]",LOW
672,CTU44,2011-08-12T23:54:00+00:00,RBot,0.9977147110794512,Murlo,0.9956557959464424,0.0172455030468344,3.2546656800278098,"[""state_iat_change"", ""state_ack_rate_change"", ""state_byte_rate_change""]",LOW
673,CTU44,2011-08-12T23:56:00+00:00,RBot,0.9996324343587508,Murlo,0.9993254559878968,0.0035320050351669,1.480494216512345,"[""state_iat_change"", ""state_directionality_change"", ""state_destination_diversity_change""]",LOW
674,CTU44,2011-08-12T23:57:00+00:00,RBot,0.9494169891263396,Murlo,0.9008057051372372,0.2114853468463469,9.30117546243063,"[""state_iat_change"", ""state_top_probability_change"", ""state_entropy_change""]",LOW
675,CTU44,2011-08-12T23:58:00+00:00,RBot,0.999568944342621,Murlo,0.9992045592667926,0.00405924668448,9.296328499685272,"[""state_iat_change"", ""state_top_probability_change"", ""state_entropy_change""]",LOW
676,CTU44,2011-08-13T00:00:00+00:00,RBot,0.9984976505032134,Murlo,0.9971181088100524,0.0118821987782272,0.07172380021225151,"[""state_entropy_change"", ""state_top_probability_change"", ""state_iat_change""]",LOW
677,CTU44,2011-08-13T00:03:00+00:00,RBot,0.998503252499808,Murlo,0.9971799263774936,0.012027277852172,9.902466897992474,"[""state_iat_change"", ""state_directionality_change"", ""state_destination_diversity_change""]",LOW
678,CTU44,2011-08-13T00:05:00+00:00,RBot,0.9996221493742222,Murlo,0.9993078167851795,0.0036240160125409,9.976774026030025,"[""state_iat_change"", ""state_directionality_change"", ""state_destination_diversity_change""]",LOW
679,CTU44,2011-08-13T00:06:00+00:00,RBot,0.9945706244640238,Murlo,0.98949736221414,0.0356174774827392,0.8789692667837484,"[""state_entropy_change"", ""state_top_probability_change"", ""state_directionality_change""]",LOW
680,CTU44,2011-08-13T00:07:00+00:00,RBot,0.9996313877406128,Murlo,0.9993239793253188,0.0035423126442525,0.879824099423444,"[""state_entropy_change"", ""state_top_probability_change"", ""state_directionality_change""]",LOW
681,CTU44,2011-08-13T00:10:00+00:00,RBot,0.999627124296394,Murlo,0.9993156484588588,0.0035773627046008,0.00036095533316408295,"[""state_entropy_change"", ""state_top_probability_change"", ""state_iat_change""]",LOW
682,CTU44,2011-08-13T00:12:00+00:00,RBot,0.9996247748507784,Murlo,0.9993106941436652,0.0035955282955263,0.00021280856110312142,"[""state_entropy_change"", ""state_top_probability_change"", ""state_iat_change""]",LOW
683,CTU44,2011-08-13T00:13:00+00:00,RBot,0.9856915039183776,Murlo,0.9720037203727792,0.0785120884849395,1.3586161598221047,"[""state_top_probability_change"", ""state_entropy_change"", ""state_directionality_change""]",LOW
684,CTU44,2011-08-13T00:14:00+00:00,RBot,0.9996188648162324,Murlo,0.9993016214109848,0.0036516085386115,1.358075076344938,"[""state_top_probability_change"", ""state_entropy_change"", ""state_directionality_change""]",LOW
685,CTU44,2011-08-13T00:17:00+00:00,RBot,0.9996336817345104,Murlo,0.999328822868182,0.0035245400394195,0.0016472217204689926,"[""state_entropy_change"", ""state_iat_change"", ""state_top_probability_change""]",LOW
686,CTU44,2011-08-13T00:18:00+00:00,RBot,0.9946110550283694,Murlo,0.98957967584623,0.0354100111872867,0.8783183838303286,"[""state_entropy_change"", ""state_top_probability_change"", ""state_directionality_change""]",LOW
687,CTU44,2011-08-13T00:19:00+00:00,RBot,0.999625570342659,Murlo,0.9993134460745386,0.0035928069033361,0.8769356093020787,"[""state_entropy_change"", ""state_top_probability_change"", ""state_directionality_change""]",LOW
688,CTU44,2011-08-13T00:21:00+00:00,RBot,0.9995426445728038,Murlo,0.9991529022811684,0.0042700599782621,0.006047102798214996,"[""state_entropy_change"", ""state_top_probability_change"", ""state_iat_change""]",LOW
689,CTU44,2011-08-13T00:22:00+00:00,RBot,0.8990100073266848,Murlo,0.8008408377507135,0.3446068750602179,5.115059823973469,"[""state_top_probability_change"", ""state_entropy_change"", ""state_iat_change""]",LOW
690,CTU44,2011-08-13T00:23:00+00:00,RBot,0.99865656120762,Murlo,0.997478534209588,0.0109756528176342,27.623916953748378,"[""state_iat_change"", ""state_top_probability_change"", ""state_entropy_change""]",LOW
691,CTU44,2011-08-13T00:24:00+00:00,RBot,0.9931109331041988,Murlo,0.9869369026216076,0.0443893648003217,24.769566132547567,"[""state_iat_change"", ""state_ack_rate_change"", ""state_byte_rate_change""]",LOW
692,CTU44,2011-08-13T00:26:00+00:00,RBot,0.9996337645597568,Murlo,0.9993287891117248,0.0035232585404922,2.9294454144731907,"[""state_byte_rate_change"", ""state_ack_rate_change"", ""state_packet_rate_change""]",LOW
693,CTU44,2011-08-13T00:28:00+00:00,RBot,0.999627968392052,Murlo,0.9993169597958742,0.0035693675054204,0.0006787016547065667,"[""state_iat_change"", ""state_entropy_change"", ""state_top_probability_change""]",LOW
694,CTU44,2011-08-13T00:30:00+00:00,RBot,0.998331300527405,Murlo,0.9968603965749548,0.0132413564836584,28.619533620924226,"[""state_iat_change"", ""state_directionality_change"", ""state_destination_diversity_change""]",LOW
695,CTU44,2011-08-13T00:33:00+00:00,RBot,0.9995448934625356,Murlo,0.9991580926392176,0.0042543204178966,28.613919983264537,"[""state_iat_change"", ""state_directionality_change"", ""state_destination_diversity_change""]",LOW
696,CTU44,2011-08-13T00:34:00+00:00,RBot,0.9856573764711932,Murlo,0.971996079111652,0.0789000020208938,1.3081211667194097,"[""state_top_probability_change"", ""state_entropy_change"", ""state_rst_rate_change""]",LOW
697,CTU44,2011-08-13T00:35:00+00:00,RBot,0.999627124296394,Murlo,0.9993156484588588,0.0035773627046008,1.3140785567569477,"[""state_top_probability_change"", ""state_entropy_change"", ""state_rst_rate_change""]",LOW
698,CTU44,2011-08-13T00:37:00+00:00,RBot,0.9996247748507784,Murlo,0.9993106941436652,0.0035955282955263,0.00017978151261950856,"[""state_entropy_change"", ""state_top_probability_change"", ""state_iat_change""]",LOW
699,CTU44,2011-08-13T00:40:00+00:00,RBot,0.9996333049131216,Murlo,0.9993270765681938,0.0035248090127001,0.0008021263493476521,"[""state_entropy_change"", ""state_top_probability_change"", ""state_iat_change""]",LOW
700,CTU44,2011-08-13T00:42:00+00:00,RBot,0.9978937338403756,Murlo,0.9960437028530852,0.0162410699254773,3.1878701734082733,"[""state_iat_change"", ""state_directionality_change"", ""state_destination_diversity_change""]",LOW
701,CTU44,2011-08-13T00:43:00+00:00,RBot,0.985581165693375,Murlo,0.9717804239263076,0.0789714165536769,3.996749332350522,"[""state_iat_change"", ""state_top_probability_change"", ""state_entropy_change""]",LOW
702,CTU44,2011-08-13T00:44:00+00:00,RBot,0.9996273270760182,Murlo,0.9993170383152848,0.0035788197451747,1.3646713124403123,"[""state_top_probability_change"", ""state_entropy_change"", ""state_directionality_change""]",LOW
703,CTU44,2011-08-13T00:46:00+00:00,RBot,0.9996313877406128,Murlo,0.9993239793253188,0.0035423126442525,0.0017504212137169778,"[""state_iat_change"", ""state_entropy_change"", ""state_top_probability_change""]",LOW
704,CTU44,2011-08-13T00:49:00+00:00,RBot,0.999627124296394,Murlo,0.9993156484588588,0.0035773627046008,0.00216957941678392,"[""state_iat_change"", ""state_entropy_change"", ""state_top_probability_change""]",LOW
705,CTU44,2011-08-13T00:51:00+00:00,RBot,0.9996360381484688,Murlo,0.9993335920773104,0.0035056314176816,0.0008342680364962059,"[""state_entropy_change"", ""state_top_probability_change"", ""state_iat_change""]",LOW
706,CTU44,2011-08-13T00:53:00+00:00,RBot,0.9994907280563596,Murlo,0.999054267625764,0.0046913727073378,0.015845103711005646,"[""state_entropy_change"", ""state_iat_change"", ""state_top_probability_change""]",LOW
707,CTU44,2011-08-13T00:54:00+00:00,RBot,0.9945706244640238,Murlo,0.98949736221414,0.0356174774827392,0.8751881961283651,"[""state_entropy_change"", ""state_top_probability_change"", ""state_directionality_change""]",LOW
708,CTU44,2011-08-13T00:56:00+00:00,RBot,0.9956498106613444,Murlo,0.9918343364937396,0.0303071946619956,3.837408216199558,"[""state_iat_change"", ""state_ack_rate_change"", ""state_byte_rate_change""]",LOW
709,CTU44,2011-08-13T00:57:00+00:00,RBot,0.988311434073748,Murlo,0.977252258885232,0.067037607000187,3.4125221358589832,"[""state_ack_rate_change"", ""state_byte_rate_change"", ""state_directionality_change""]",LOW
710,CTU44,2011-08-13T00:58:00+00:00,RBot,0.9996360381484688,Murlo,0.9993335920773104,0.0035056314176816,2.1798067007868545,"[""state_iat_change"", ""state_directionality_change"", ""state_top_probability_change""]",LOW
711,CTU44,2011-08-13T01:00:00+00:00,RBot,0.999627124296394,Murlo,0.9993156484588588,0.0035773627046008,0.0015983461819675385,"[""state_iat_change"", ""state_entropy_change"", ""state_top_probability_change""]",LOW
712,CTU44,2011-08-13T01:03:00+00:00,RBot,0.9996336817345104,Murlo,0.999328822868182,0.0035245400394195,0.0013399811950247505,"[""state_iat_change"", ""state_entropy_change"", ""state_top_probability_change""]",LOW
713,CTU44,2011-08-13T01:05:00+00:00,RBot,0.9996272045123296,Murlo,0.9993156095634944,0.0035760999291675,0.0005648697626644319,"[""state_entropy_change"", ""state_top_probability_change"", ""state_iat_change""]",LOW
714,CTU44,2011-08-13T01:06:00+00:00,RBot,0.8123698085812476,Murlo,0.6282634733609704,0.5051434347566924,14.49116377095337,"[""state_iat_change"", ""state_top_probability_change"", ""state_entropy_change""]",MEDIUM
715,CTU44,2011-08-13T01:07:00+00:00,RBot,0.9996275140797184,Murlo,0.9993182020706788,0.0035799279676038,14.49133018184213,"[""state_iat_change"", ""state_top_probability_change"", ""state_entropy_change""]",LOW
716,CTU44,2011-08-13T01:09:00+00:00,RBot,0.9996188648162324,Murlo,0.9993016214109848,0.0036516085386115,0.0009512572907805576,"[""state_entropy_change"", ""state_iat_change"", ""state_top_probability_change""]",LOW
717,CTU44,2011-08-13T01:12:00+00:00,RBot,0.999629533115466,Murlo,0.9993205224266908,0.0035580824793792,0.0009863288518834102,"[""state_entropy_change"", ""state_top_probability_change"", ""state_iat_change""]",LOW
718,CTU44,2011-08-13T01:14:00+00:00,RBot,0.9994200192334294,Murlo,0.9989227567705928,0.0052666574035039,0.014952930868086462,"[""state_entropy_change"", ""state_top_probability_change"", ""state_iat_change""]",LOW
719,CTU44,2011-08-13T01:16:00+00:00,RBot,0.9996247748507784,Murlo,0.9993106941436652,0.0035955282955263,0.01467072378032737,"[""state_entropy_change"", ""state_top_probability_change"", ""state_iat_change""]",LOW
720,CTU44,2011-08-13T01:18:00+00:00,RBot,0.9945706244640238,Murlo,0.98949736221414,0.0356174774827392,0.8794228101157042,"[""state_entropy_change"", ""state_top_probability_change"", ""state_directionality_change""]",LOW
721,CTU44,2011-08-13T01:19:00+00:00,RBot,0.9996247748507784,Murlo,0.9993106941436652,0.0035955282955263,0.8796217587649026,"[""state_entropy_change"", ""state_top_probability_change"", ""state_directionality_change""]",LOW
722,CTU44,2011-08-13T01:21:00+00:00,RBot,0.9995587178050293,Murlo,0.9991853783670348,0.0041445971911597,0.005374895057728381,"[""state_entropy_change"", ""state_top_probability_change"", ""state_iat_change""]",LOW
723,CTU44,2011-08-13T01:23:00+00:00,RBot,0.9995778228862884,Murlo,0.9992216772496004,0.0039869382142175,0.0014346328913510075,"[""state_entropy_change"", ""state_top_probability_change"", ""state_iat_change""]",LOW
724,CTU44,2011-08-13T01:25:00+00:00,RBot,0.9774207778053208,Murlo,0.9558609915044014,0.1136433000523632,1.7326105424497904,"[""state_top_probability_change"", ""state_entropy_change"", ""state_rst_rate_change""]",LOW
725,CTU44,2011-08-13T01:26:00+00:00,RBot,0.9996374797831212,Murlo,0.999339571250379,0.0035036995343549,1.736750916368173,"[""state_top_probability_change"", ""state_entropy_change"", ""state_rst_rate_change""]",LOW
726,CTU44,2011-08-13T01:28:00+00:00,RBot,0.9932486801613244,Murlo,0.9870992297180772,0.0433171889847194,4.943640313280085,"[""state_iat_change"", ""state_byte_rate_change"", ""state_ack_rate_change""]",LOW
727,CTU44,2011-08-13T01:30:00+00:00,RBot,0.998331300527405,Murlo,0.9968603965749548,0.0132413564836584,21.088176147760972,"[""state_iat_change"", ""state_ack_rate_change"", ""state_byte_rate_change""]",LOW
728,CTU44,2011-08-13T01:32:00+00:00,RBot,0.999568944342621,Murlo,0.9992045592667926,0.00405924668448,20.61327974809881,"[""state_iat_change"", ""state_directionality_change"", ""state_destination_diversity_change""]",LOW
729,CTU44,2011-08-13T01:35:00+00:00,RBot,0.9995787899049492,Murlo,0.9992235143879704,0.0039791476447214,0.000882958013829831,"[""state_entropy_change"", ""state_top_probability_change"", ""state_iat_change""]",LOW
730,CTU44,2011-08-13T01:37:00+00:00,RBot,0.9996247748507784,Murlo,0.9993106941436652,0.0035955282955263,0.0036351586052551705,"[""state_entropy_change"", ""state_top_probability_change"", ""state_iat_change""]",LOW
731,CTU44,2011-08-13T01:39:00+00:00,RBot,0.9981829662652733,Murlo,0.9965649611066598,0.0142042889634646,2.078302016327042,"[""state_iat_change"", ""state_directionality_change"", ""state_destination_diversity_change""]",LOW
732,CTU44,2011-08-13T01:42:00+00:00,RBot,0.9977058424986128,Murlo,0.9956289638053744,0.0172680402815742,1.6755592389012461,"[""state_iat_change"", ""state_entropy_change"", ""state_top_probability_change""]",LOW
733,CTU44,2011-08-13T01:44:00+00:00,RBot,0.9986311817861931,Murlo,0.9974276083678236,0.0111459209934787,18.227886298576372,"[""state_iat_change"", ""state_entropy_change"", ""state_top_probability_change""]",LOW
734,CTU44,2011-08-13T01:46:00+00:00,RBot,0.9993763602673162,Murlo,0.998848850308482,0.0056428837371125,18.55274322451665,"[""state_iat_change"", ""state_directionality_change"", ""state_destination_diversity_change""]",LOW
735,CTU44,2011-08-13T01:49:00+00:00,RBot,0.9996272045123296,Murlo,0.9993156095634944,0.0035760999291675,0.020756086340102158,"[""state_entropy_change"", ""state_top_probability_change"", ""state_iat_change""]",LOW
736,CTU44,2011-08-13T01:51:00+00:00,RBot,0.9995552341970636,Murlo,0.9991782472682754,0.0041715522637006,0.005373859792638119,"[""state_entropy_change"", ""state_top_probability_change"", ""state_iat_change""]",LOW
737,CTU44,2011-08-13T01:53:00+00:00,RBot,0.9996272045123296,Murlo,0.9993156095634944,0.0035760999291675,0.0052999421126986995,"[""state_entropy_change"", ""state_top_probability_change"", ""state_iat_change""]",LOW
738,CTU44,2011-08-13T01:54:00+00:00,RBot,0.9946110550283694,Murlo,0.98957967584623,0.0354100111872867,0.8770049009687061,"[""state_entropy_change"", ""state_top_probability_change"", ""state_directionality_change""]",LOW
739,CTU44,2011-08-13T01:55:00+00:00,RBot,0.9996231374735282,Murlo,0.9993085232254798,0.0036122547063392,0.8779626699406856,"[""state_entropy_change"", ""state_top_probability_change"", ""state_directionality_change""]",LOW
740,CTU44,2011-08-13T01:58:00+00:00,RBot,0.9996188648162324,Murlo,0.9993016214109848,0.0036516085386115,0.0006341122943441294,"[""state_iat_change"", ""state_entropy_change"", ""state_top_probability_change""]",LOW
741,CTU44,2011-08-13T02:00:00+00:00,RBot,0.995918815043884,Murlo,0.9923394993804192,0.0287196944311239,5.798732823717143,"[""state_iat_change"", ""state_byte_rate_change"", ""state_ack_rate_change""]",LOW
742,CTU44,2011-08-13T02:02:00+00:00,RBot,0.9886954803094024,Murlo,0.97799450573172,0.0651721327203855,4.8035683319874085,"[""state_iat_change"", ""state_ack_rate_change"", ""state_byte_rate_change""]",LOW
743,CTU44,2011-08-13T02:05:00+00:00,RBot,0.99961978720809,Murlo,0.9993028258625196,0.0036422371315835,6.555864034027413,"[""state_iat_change"", ""state_directionality_change"", ""state_top_probability_change""]",LOW
744,CTU44,2011-08-13T02:06:00+00:00,RBot,0.9945706244640238,Murlo,0.98949736221414,0.0356174774827392,0.8789872484288206,"[""state_entropy_change"", ""state_top_probability_change"", ""state_directionality_change""]",LOW
745,CTU44,2011-08-13T02:07:00+00:00,RBot,0.9996419848236424,Murlo,0.999344747830876,0.0034554212511724,0.8802575662658477,"[""state_entropy_change"", ""state_top_probability_change"", ""state_directionality_change""]",LOW
746,CTU44,2011-08-13T02:09:00+00:00,RBot,0.9996333049131216,Murlo,0.9993270765681938,0.0035248090127001,0.0006593573636857415,"[""state_entropy_change"", ""state_top_probability_change"", ""state_iat_change""]",LOW
747,CTU44,2011-08-13T02:12:00+00:00,RBot,0.9996388955470612,Murlo,0.999338438632482,0.0034798673343076,0.0004512221578045108,"[""state_entropy_change"", ""state_top_probability_change"", ""state_iat_change""]",LOW
748,CTU44,2011-08-13T02:14:00+00:00,RBot,0.9996220944378263,Murlo,0.9993079540674016,0.0036251769960341,0.001620979668654915,"[""state_entropy_change"", ""state_top_probability_change"", ""state_iat_change""]",LOW
749,CTU44,2011-08-13T02:16:00+00:00,RBot,0.9996360381484688,Murlo,0.9993335920773104,0.0035056314176816,0.001291249506437305,"[""state_entropy_change"", ""state_top_probability_change"", ""state_iat_change""]",LOW
750,CTU44,2011-08-13T02:18:00+00:00,RBot,0.9983575074884268,Murlo,0.9969131005088996,0.0130711048329503,19.012096278469322,"[""state_iat_change"", ""state_directionality_change"", ""state_destination_diversity_change""]",LOW
751,CTU44,2011-08-13T02:21:00+00:00,RBot,0.9996247748507784,Murlo,0.9993106941436652,0.0035955282955263,19.011268071597787,"[""state_iat_change"", ""state_directionality_change"", ""state_destination_diversity_change""]",LOW
752,CTU44,2011-08-13T02:23:00+00:00,RBot,0.9995778228862884,Murlo,0.9992216772496004,0.0039869382142175,0.003514842327577865,"[""state_entropy_change"", ""state_top_probability_change"", ""state_iat_change""]",LOW
753,CTU44,2011-08-13T02:25:00+00:00,RBot,0.9985414087928408,Murlo,0.9972543184420848,0.0117674062027197,8.71777561570248,"[""state_iat_change"", ""state_directionality_change"", ""state_destination_diversity_change""]",LOW
754,CTU44,2011-08-13T02:28:00+00:00,RBot,0.9995448934625356,Murlo,0.9991580926392176,0.0042543204178966,8.715426087973013,"[""state_iat_change"", ""state_directionality_change"", ""state_destination_diversity_change""]",LOW
755,CTU44,2011-08-13T02:30:00+00:00,RBot,0.9980857499234927,Murlo,0.9963899621805082,0.0148952466459326,7.148377132985765,"[""state_iat_change"", ""state_directionality_change"", ""state_destination_diversity_change""]",LOW
756,CTU44,2011-08-13T02:32:00+00:00,RBot,0.9949638625221467,Murlo,0.9904527348458751,0.0340613948863508,5.472237313608048,"[""state_iat_change"", ""state_ack_rate_change"", ""state_byte_rate_change""]",LOW
757,CTU44,2011-08-13T02:35:00+00:00,RBot,0.998618757204872,Murlo,0.9974032559745832,0.0112311441771219,29.554729651893094,"[""state_iat_change"", ""state_ack_rate_change"", ""state_byte_rate_change""]",LOW
758,CTU44,2011-08-13T02:37:00+00:00,RBot,0.9996397510121464,Murlo,0.9993400281944496,0.0034727762894419,31.16340284985188,"[""state_iat_change"", ""state_directionality_change"", ""state_destination_diversity_change""]",LOW
759,CTU44,2011-08-13T02:39:00+00:00,RBot,0.9996092738319782,Murlo,0.9992842462637068,0.0037344032908326,0.002250937014511132,"[""state_entropy_change"", ""state_top_probability_change"", ""state_iat_change""]",LOW
760,CTU44,2011-08-13T02:41:00+00:00,RBot,0.9995815501947743,Murlo,0.9992283756562168,0.0039547027088543,0.002776503395764137,"[""state_entropy_change"", ""state_iat_change"", ""state_top_probability_change""]",LOW
761,CTU44,2011-08-13T02:42:00+00:00,RBot,0.9945706244640238,Murlo,0.98949736221414,0.0356174774827392,0.8768103951249423,"[""state_entropy_change"", ""state_top_probability_change"", ""state_directionality_change""]",LOW
762,CTU44,2011-08-13T02:44:00+00:00,RBot,0.9996275140797184,Murlo,0.9993182020706788,0.0035799279676038,0.8791281447755721,"[""state_entropy_change"", ""state_top_probability_change"", ""state_directionality_change""]",LOW
763,CTU44,2011-08-13T02:46:00+00:00,RBot,0.9986443901221748,Murlo,0.9974546881833553,0.0110594228596047,21.446192288699354,"[""state_iat_change"", ""state_directionality_change"", ""state_destination_diversity_change""]",LOW
764,CTU44,2011-08-13T02:48:00+00:00,RBot,0.9996313877406128,Murlo,0.9993239793253188,0.0035423126442525,21.44590555759513,"[""state_iat_change"", ""state_directionality_change"", ""state_destination_diversity_change""]",LOW
765,CTU44,2011-08-13T02:51:00+00:00,RBot,0.9996336817345104,Murlo,0.999328822868182,0.0035245400394195,0.000498560942254685,"[""state_iat_change"", ""state_entropy_change"", ""state_top_probability_change""]",LOW
766,CTU44,2011-08-13T02:53:00+00:00,RBot,0.999571766888378,Murlo,0.9992102655572536,0.004037087356283,0.004466731563013061,"[""state_entropy_change"", ""state_top_probability_change"", ""state_iat_change""]",LOW
767,CTU44,2011-08-13T02:54:00+00:00,RBot,0.9946110550283694,Murlo,0.98957967584623,0.0354100111872867,0.8731140481845165,"[""state_entropy_change"", ""state_top_probability_change"", ""state_directionality_change""]",LOW
768,CTU44,2011-08-13T02:55:00+00:00,RBot,0.9995744832591476,Murlo,0.9992159799551272,0.0040164368376696,0.8732501602651207,"[""state_entropy_change"", ""state_top_probability_change"", ""state_directionality_change""]",LOW
769,CTU44,2011-08-13T02:58:00+00:00,RBot,0.9996231374735282,Murlo,0.9993085232254798,0.0036122547063392,0.004118022802861853,"[""state_entropy_change"", ""state_top_probability_change"", ""state_iat_change""]",LOW
770,CTU44,2011-08-13T03:00:00+00:00,RBot,0.9996212269587862,Murlo,0.999306614649368,0.0036333946037821,0.0006476740854535825,"[""state_iat_change"", ""state_entropy_change"", ""state_top_probability_change""]",LOW
771,CTU44,2011-08-13T03:02:00+00:00,RBot,0.9996247748507784,Murlo,0.9993106941436652,0.0035955282955263,0.0005732557479764593,"[""state_iat_change"", ""state_entropy_change"", ""state_top_probability_change""]",LOW
772,CTU44,2011-08-13T03:04:00+00:00,RBot,0.9961597196732676,Murlo,0.9928343669624542,0.0273944792016437,7.811193688601826,"[""state_iat_change"", ""state_byte_rate_change"", ""state_ack_rate_change""]",LOW
773,CTU44,2011-08-13T03:06:00+00:00,RBot,0.9946110550283694,Murlo,0.98957967584623,0.0354100111872867,7.912899835609316,"[""state_iat_change"", ""state_ack_rate_change"", ""state_byte_rate_change""]",LOW
774,CTU44,2011-08-13T03:07:00+00:00,RBot,0.989917108964062,Murlo,0.9804622397998014,0.0596670427048561,3.878364068390154,"[""state_iat_change"", ""state_port_diversity_change"", ""state_directionality_change""]",LOW
775,CTU44,2011-08-13T03:09:00+00:00,RBot,0.9996336817345104,Murlo,0.999328822868182,0.0035245400394195,3.950732122229892,"[""state_iat_change"", ""state_directionality_change"", ""state_top_probability_change""]",LOW
776,CTU44,2011-08-13T03:11:00+00:00,RBot,0.9996313877406128,Murlo,0.9993239793253188,0.0035423126442525,0.00027287611095158605,"[""state_iat_change"", ""state_entropy_change"", ""state_top_probability_change""]",LOW
777,CTU44,2011-08-13T03:14:00+00:00,RBot,0.9996313877406128,Murlo,0.9993239793253188,0.0035423126442525,0.00028020567324506414,"[""state_iat_change"", ""state_top_probability_change"", ""state_entropy_change""]",LOW
778,CTU44,2011-08-13T03:16:00+00:00,RBot,0.9996247748507784,Murlo,0.9993106941436652,0.0035955282955263,0.0008783466747261104,"[""state_iat_change"", ""state_entropy_change"", ""state_top_probability_change""]",LOW
779,CTU44,2011-08-13T03:18:00+00:00,RBot,0.9983314920264053,Murlo,0.9968587882631216,0.0132333995256373,22.797805587043637,"[""state_iat_change"", ""state_directionality_change"", ""state_destination_diversity_change""]",LOW
780,CTU44,2011-08-13T03:21:00+00:00,RBot,0.99960243257645,Murlo,0.9992705251019762,0.0037892660308619,22.796782674598177,"[""state_iat_change"", ""state_directionality_change"", ""state_destination_diversity_change""]",LOW
781,CTU44,2011-08-13T03:23:00+00:00,RBot,0.9995617971874362,Murlo,0.999191231005998,0.0041189736917533,0.003159845417276282,"[""state_entropy_change"", ""state_top_probability_change"", ""state_iat_change""]",LOW
782,CTU44,2011-08-13T03:25:00+00:00,RBot,0.9996266429245376,Murlo,0.999316573337134,0.0035871027676248,0.004987091114131238,"[""state_entropy_change"", ""state_top_probability_change"", ""state_iat_change""]",LOW
783,CTU44,2011-08-13T03:27:00+00:00,RBot,0.9995973228725508,Murlo,0.9992599698249012,0.0038291098504425,0.002558715976778904,"[""state_entropy_change"", ""state_top_probability_change"", ""state_iat_change""]",LOW
784,CTU44,2011-08-13T03:30:00+00:00,RBot,0.997822518146088,Murlo,0.9958883974179904,0.0166432460862252,2.645199326397831,"[""state_iat_change"", ""state_directionality_change"", ""state_destination_diversity_change""]",LOW
785,CTU44,2011-08-13T03:31:00+00:00,RBot,0.985581165693375,Murlo,0.9717804239263076,0.0789714165536769,3.4488945551496872,"[""state_iat_change"", ""state_top_probability_change"", ""state_entropy_change""]",LOW
786,CTU44,2011-08-13T03:32:00+00:00,RBot,0.9996313877406128,Murlo,0.9993239793253188,0.0035423126442525,1.364946001249569,"[""state_top_probability_change"", ""state_entropy_change"", ""state_directionality_change""]",LOW
787,CTU44,2011-08-13T03:34:00+00:00,RBot,0.9996313877406128,Murlo,0.9993239793253188,0.0035423126442525,0.00048361035279355325,"[""state_iat_change"", ""state_top_probability_change"", ""state_entropy_change""]",LOW
788,CTU44,2011-08-13T03:36:00+00:00,RBot,0.9906936934575336,Murlo,0.982204977700085,0.056658593874697,3.063519546507576,"[""state_byte_rate_change"", ""state_ack_rate_change"", ""state_packet_rate_change""]",LOW
789,CTU44,2011-08-13T03:37:00+00:00,RBot,0.9996212269587862,Murlo,0.999306614649368,0.0036333946037821,3.063336864257163,"[""state_byte_rate_change"", ""state_ack_rate_change"", ""state_packet_rate_change""]",LOW
790,CTU44,2011-08-13T03:39:00+00:00,RBot,0.9996337645597568,Murlo,0.9993287891117248,0.0035232585404922,0.001587061936759825,"[""state_iat_change"", ""state_entropy_change"", ""state_top_probability_change""]",LOW
791,CTU44,2011-08-13T03:41:00+00:00,RBot,0.999627124296394,Murlo,0.9993156484588588,0.0035773627046008,0.0006725591058006005,"[""state_entropy_change"", ""state_iat_change"", ""state_top_probability_change""]",LOW
792,CTU44,2011-08-13T03:42:00+00:00,RBot,0.9819925321231184,Murlo,0.9654425713732716,0.097505081036263,17.704335613650176,"[""state_iat_change"", ""state_top_probability_change"", ""state_entropy_change""]",LOW
793,CTU44,2011-08-13T03:44:00+00:00,RBot,0.999627124296394,Murlo,0.9993156484588588,0.0035773627046008,17.704458809783407,"[""state_iat_change"", ""state_top_probability_change"", ""state_entropy_change""]",LOW
794,CTU44,2011-08-13T03:46:00+00:00,RBot,0.9996287470073224,Murlo,0.9993196757188813,0.0035667582605044,0.00018744469833629077,"[""state_iat_change"", ""state_entropy_change"", ""state_top_probability_change""]",LOW
795,CTU44,2011-08-13T03:48:00+00:00,RBot,0.9996254862753527,Murlo,0.9993134813220738,0.0035941095534867,0.0008782734547221937,"[""state_iat_change"", ""state_entropy_change"", ""state_top_probability_change""]",LOW
796,CTU44,2011-08-13T03:50:00+00:00,RBot,0.999627124296394,Murlo,0.9993156484588588,0.0035773627046008,0.0007314572684093114,"[""state_iat_change"", ""state_entropy_change"", ""state_top_probability_change""]",LOW
797,CTU44,2011-08-13T03:53:00+00:00,RBot,0.9996337645597568,Murlo,0.9993287891117248,0.0035232585404922,0.0005318009705970503,"[""state_entropy_change"", ""state_top_probability_change"", ""state_iat_change""]",LOW
798,CTU44,2011-08-13T03:54:00+00:00,RBot,0.9945706244640238,Murlo,0.98949736221414,0.0356174774827392,0.8797419998086039,"[""state_entropy_change"", ""state_top_probability_change"", ""state_directionality_change""]",LOW
799,CTU44,2011-08-13T03:55:00+00:00,RBot,0.999627124296394,Murlo,0.9993156484588588,0.0035773627046008,0.879587388701244,"[""state_entropy_change"", ""state_top_probability_change"", ""state_directionality_change""]",LOW
800,CTU44,2011-08-13T03:57:00+00:00,RBot,0.9996188648162324,Murlo,0.9993016214109848,0.0036516085386115,0.0008566428557734121,"[""state_entropy_change"", ""state_top_probability_change"", ""state_iat_change""]",LOW
801,CTU44,2011-08-13T04:00:00+00:00,RBot,0.9996247748507784,Murlo,0.9993106941436652,0.0035955282955263,0.000460874930848899,"[""state_entropy_change"", ""state_top_probability_change"", ""state_iat_change""]",LOW
802,CTU44,2011-08-13T04:02:00+00:00,RBot,0.9996247748507784,Murlo,0.9993106941436652,0.0035955282955263,0.00076512662320098,"[""state_iat_change"", ""state_top_probability_change"", ""state_entropy_change""]",LOW
803,CTU44,2011-08-13T04:04:00+00:00,RBot,0.9995792481358914,Murlo,0.9992282114476172,0.0039869214257462,0.003843063227836656,"[""state_entropy_change"", ""state_top_probability_change"", ""state_iat_change""]",LOW
804,CTU44,2011-08-13T04:06:00+00:00,RBot,0.9940848695474376,Murlo,0.9885477359825308,0.038253129393043,0.9038953555503636,"[""state_entropy_change"", ""state_top_probability_change"", ""state_directionality_change""]",LOW
805,CTU44,2011-08-13T04:07:00+00:00,RBot,0.9996360381484688,Murlo,0.9993335920773104,0.0035056314176816,0.9076806619681969,"[""state_entropy_change"", ""state_top_probability_change"", ""state_directionality_change""]",LOW
806,CTU44,2011-08-13T04:08:00+00:00,RBot,0.993212051900253,Murlo,0.9871016509450452,0.0437454660809474,2.9233383078446598,"[""state_byte_rate_change"", ""state_ack_rate_change"", ""state_packet_rate_change""]",LOW
807,CTU44,2011-08-13T04:09:00+00:00,RBot,0.999629533115466,Murlo,0.9993205224266908,0.0035580824793792,2.9228549546052265,"[""state_byte_rate_change"", ""state_ack_rate_change"", ""state_packet_rate_change""]",LOW
808,CTU44,2011-08-13T04:11:00+00:00,RBot,0.999627124296394,Murlo,0.9993156484588588,0.0035773627046008,0.0009907483315726002,"[""state_iat_change"", ""state_entropy_change"", ""state_top_probability_change""]",LOW
809,CTU44,2011-08-13T04:12:00+00:00,RBot,0.9744094976454714,Murlo,0.949706967691222,0.1242650207636276,2.8838060017011995,"[""state_top_probability_change"", ""state_entropy_change"", ""state_iat_change""]",LOW
810,CTU44,2011-08-13T04:13:00+00:00,RBot,0.9995319019475573,Murlo,0.9991321666992882,0.0043563694889876,2.8774836990136325,"[""state_top_probability_change"", ""state_entropy_change"", ""state_iat_change""]",LOW
811,CTU44,2011-08-13T04:16:00+00:00,RBot,0.999627124296394,Murlo,0.9993156484588588,0.0035773627046008,0.00693330308451312,"[""state_entropy_change"", ""state_top_probability_change"", ""state_iat_change""]",LOW
812,CTU44,2011-08-13T04:18:00+00:00,RBot,0.9978716034880828,Murlo,0.995984126826796,0.0163272720823467,2.6126147179720296,"[""state_iat_change"", ""state_directionality_change"", ""state_destination_diversity_change""]",LOW
813,CTU44,2011-08-13T04:20:00+00:00,RBot,0.9995973228725508,Murlo,0.9992599698249012,0.0038291098504425,2.610399037463619,"[""state_iat_change"", ""state_directionality_change"", ""state_destination_diversity_change""]",LOW
814,CTU44,2011-08-13T04:23:00+00:00,RBot,0.9996313877406128,Murlo,0.9993239793253188,0.0035423126442525,0.002858152111979225,"[""state_entropy_change"", ""state_top_probability_change"", ""state_iat_change""]",LOW
815,CTU44,2011-08-13T04:25:00+00:00,RBot,0.9996313877406128,Murlo,0.9993239793253188,0.0035423126442525,0.00010144022034217375,"[""state_iat_change"", ""state_top_probability_change"", ""state_entropy_change""]",LOW
816,CTU44,2011-08-13T04:27:00+00:00,RBot,0.9996188775221124,Murlo,0.9993008151202936,0.0036491126985412,0.0012819559876515922,"[""state_entropy_change"", ""state_top_probability_change"", ""state_iat_change""]",LOW
817,CTU44,2011-08-13T04:30:00+00:00,RBot,0.9982291431637468,Murlo,0.996663186531768,0.013928737865788,14.442726616591978,"[""state_iat_change"", ""state_directionality_change"", ""state_destination_diversity_change""]",LOW
818,CTU44,2011-08-13T04:32:00+00:00,RBot,0.9996360381484688,Murlo,0.9993335920773104,0.0035056314176816,14.443842575987317,"[""state_iat_change"", ""state_directionality_change"", ""state_destination_diversity_change""]",LOW
819,CTU44,2011-08-13T04:33:00+00:00,RBot,0.985581165693375,Murlo,0.9717804239263076,0.0789714165536769,1.3647333473982872,"[""state_top_probability_change"", ""state_entropy_change"", ""state_directionality_change""]",LOW
820,CTU44,2011-08-13T04:34:00+00:00,RBot,0.9996272045123296,Murlo,0.9993156095634944,0.0035760999291675,1.364106440103555,"[""state_top_probability_change"", ""state_entropy_change"", ""state_directionality_change""]",LOW
821,CTU44,2011-08-13T04:36:00+00:00,RBot,0.9944074538899096,Murlo,0.9894604684987608,0.0376054294760645,0.32709876186575954,"[""state_entropy_change"", ""state_top_probability_change"", ""state_iat_change""]",LOW
822,CTU44,2011-08-13T04:39:00+00:00,RBot,0.9996272045123296,Murlo,0.9993156095634944,0.0035760999291675,0.3271228768535413,"[""state_entropy_change"", ""state_top_probability_change"", ""state_iat_change""]",LOW
823,CTU44,2011-08-13T04:40:00+00:00,RBot,0.9951074358506,Murlo,0.9908264792101776,0.0335338541042764,2.814659132894171,"[""state_byte_rate_change"", ""state_ack_rate_change"", ""state_packet_rate_change""]",LOW
824,CTU44,2011-08-13T04:41:00+00:00,RBot,0.9996247748507784,Murlo,0.9993106941436652,0.0035955282955263,2.8149608405081583,"[""state_byte_rate_change"", ""state_ack_rate_change"", ""state_packet_rate_change""]",LOW
825,CTU44,2011-08-13T04:42:00+00:00,RBot,0.9945706244640238,Murlo,0.98949736221414,0.0356174774827392,0.8796115361070383,"[""state_entropy_change"", ""state_top_probability_change"", ""state_directionality_change""]",LOW
826,CTU44,2011-08-13T04:43:00+00:00,RBot,0.9996313877406128,Murlo,0.9993239793253188,0.0035423126442525,0.8800337949693708,"[""state_entropy_change"", ""state_top_probability_change"", ""state_directionality_change""]",LOW
827,CTU44,2011-08-13T04:46:00+00:00,RBot,0.9964549313723516,Murlo,0.993370718044738,0.0256425493453306,0.20597896352217804,"[""state_entropy_change"", ""state_top_probability_change"", ""state_iat_change""]",LOW
828,CTU44,2011-08-13T04:48:00+00:00,RBot,0.9996247748507784,Murlo,0.9993106941436652,0.0035955282955263,0.20532918499251182,"[""state_entropy_change"", ""state_top_probability_change"", ""state_iat_change""]",LOW
829,CTU44,2011-08-13T04:50:00+00:00,RBot,0.9996231374735282,Murlo,0.9993085232254798,0.0036122547063392,0.001129758335008205,"[""state_iat_change"", ""state_entropy_change"", ""state_top_probability_change""]",LOW
830,CTU44,2011-08-13T04:53:00+00:00,RBot,0.9996336817345104,Murlo,0.999328822868182,0.0035245400394195,0.001799467723350957,"[""state_iat_change"", ""state_entropy_change"", ""state_top_probability_change""]",LOW
831,CTU44,2011-08-13T04:54:00+00:00,RBot,0.9945706244640238,Murlo,0.98949736221414,0.0356174774827392,0.8799541204437348,"[""state_entropy_change"", ""state_top_probability_change"", ""state_directionality_change""]",LOW
832,CTU44,2011-08-13T04:55:00+00:00,RBot,0.9995973228725508,Murlo,0.9992599698249012,0.0038291098504425,0.8772154850111176,"[""state_entropy_change"", ""state_top_probability_change"", ""state_directionality_change""]",LOW
833,CTU44,2011-08-13T04:57:00+00:00,RBot,0.999568944342621,Murlo,0.9992045592667926,0.00405924668448,0.0024250755870308008,"[""state_entropy_change"", ""state_top_probability_change"", ""state_iat_change""]",LOW
834,CTU44,2011-08-13T04:59:00+00:00,RBot,0.9995836511921006,Murlo,0.9992346067595592,0.003944454920719,0.0015900929869364655,"[""state_iat_change"", ""state_entropy_change"", ""state_top_probability_change""]",LOW
835,CTU44,2011-08-13T05:02:00+00:00,RBot,0.9995319019475573,Murlo,0.9991321666992882,0.0043563694889876,0.0038818536177125103,"[""state_entropy_change"", ""state_top_probability_change"", ""state_iat_change""]",LOW
836,CTU44,2011-08-13T05:04:00+00:00,RBot,0.9995025020321296,Murlo,0.9990755411060318,0.0045926038299466,0.0025973981615363627,"[""state_entropy_change"", ""state_top_probability_change"", ""state_iat_change""]",LOW
837,CTU44,2011-08-13T05:06:00+00:00,RBot,0.992573307319559,Murlo,0.9858227528316446,0.0470493326364224,17.44081918493147,"[""state_iat_change"", ""state_directionality_change"", ""state_top_probability_change""]",LOW
838,CTU44,2011-08-13T05:09:00+00:00,RBot,0.9996313877406128,Murlo,0.9993239793253188,0.0035423126442525,17.450478079454708,"[""state_iat_change"", ""state_directionality_change"", ""state_top_probability_change""]",LOW
839,CTU44,2011-08-13T05:11:00+00:00,RBot,0.9996336817345104,Murlo,0.999328822868182,0.0035245400394195,0.00027077915549234677,"[""state_iat_change"", ""state_entropy_change"", ""state_top_probability_change""]",LOW
840,CTU44,2011-08-13T05:12:00+00:00,RBot,0.9934791179577632,Murlo,0.9876015942465356,0.0422613605602093,2.9078137682989915,"[""state_byte_rate_change"", ""state_ack_rate_change"", ""state_packet_rate_change""]",LOW
841,CTU44,2011-08-13T05:13:00+00:00,RBot,0.9995911050322762,Murlo,0.9992467598914236,0.0038766516738547,2.9046205575020796,"[""state_byte_rate_change"", ""state_ack_rate_change"", ""state_packet_rate_change""]",LOW
842,CTU44,2011-08-13T05:16:00+00:00,RBot,0.9996275140797184,Murlo,0.9993182020706788,0.0035799279676038,0.0026157243506706473,"[""state_entropy_change"", ""state_top_probability_change"", ""state_iat_change""]",LOW
843,CTU44,2011-08-13T05:17:00+00:00,RBot,0.9744094976454714,Murlo,0.949706967691222,0.1242650207636276,2.8847214618616115,"[""state_top_probability_change"", ""state_entropy_change"", ""state_iat_change""]",LOW
844,CTU44,2011-08-13T05:18:00+00:00,RBot,0.9981756684166676,Murlo,0.9965584579508392,0.0142807450343395,10.90226680099277,"[""state_iat_change"", ""state_top_probability_change"", ""state_entropy_change""]",LOW
845,CTU44,2011-08-13T05:20:00+00:00,RBot,0.9995973228725508,Murlo,0.9992599698249012,0.0038291098504425,9.841247172335327,"[""state_iat_change"", ""state_directionality_change"", ""state_destination_diversity_change""]",LOW
846,CTU44,2011-08-13T05:22:00+00:00,RBot,0.9996336817345104,Murlo,0.999328822868182,0.0035245400394195,0.002957505158676286,"[""state_entropy_change"", ""state_top_probability_change"", ""state_iat_change""]",LOW
847,CTU44,2011-08-13T05:25:00+00:00,RBot,0.999626338370958,Murlo,0.9993148014502634,0.003586035054759,0.0006523270014587684,"[""state_entropy_change"", ""state_top_probability_change"", ""state_iat_change""]",LOW
848,CTU44,2011-08-13T05:27:00+00:00,RBot,0.9996247748507784,Murlo,0.9993106941436652,0.0035955282955263,0.00017046013541100404,"[""state_iat_change"", ""state_top_probability_change"", ""state_entropy_change""]",LOW
849,CTU44,2011-08-13T05:29:00+00:00,RBot,0.9996231374735282,Murlo,0.9993085232254798,0.0036122547063392,0.00022675689036046517,"[""state_iat_change"", ""state_entropy_change"", ""state_top_probability_change""]",LOW
850,CTU44,2011-08-13T05:30:00+00:00,RBot,0.9945706244640238,Murlo,0.98949736221414,0.0356174774827392,0.8792450695592025,"[""state_entropy_change"", ""state_top_probability_change"", ""state_directionality_change""]",LOW
851,CTU44,2011-08-13T05:32:00+00:00,RBot,0.9996313877406128,Murlo,0.9993239793253188,0.0035423126442525,0.8797601422819361,"[""state_entropy_change"", ""state_top_probability_change"", ""state_directionality_change""]",LOW
852,CTU44,2011-08-13T05:33:00+00:00,RBot,0.9974037659189656,Murlo,0.995027097395374,0.0191413415466864,0.41553312057413366,"[""state_iat_change"", ""state_entropy_change"", ""state_directionality_change""]",LOW
853,CTU44,2011-08-13T05:34:00+00:00,RBot,0.9996247748507784,Murlo,0.9993106941436652,0.0035955282955263,0.41496486118794657,"[""state_iat_change"", ""state_entropy_change"", ""state_directionality_change""]",LOW
854,CTU44,2011-08-13T05:35:00+00:00,RBot,0.9758177540655232,Murlo,0.9531871682262766,0.121916071813261,4.654550102732295,"[""state_iat_change"", ""state_top_probability_change"", ""state_entropy_change""]",LOW
855,CTU44,2011-08-13T05:36:00+00:00,RBot,0.9996213169792688,Murlo,0.9993065843560472,0.0036320289760572,4.654532846284764,"[""state_iat_change"", ""state_top_probability_change"", ""state_entropy_change""]",LOW
856,CTU44,2011-08-13T05:39:00+00:00,RBot,0.9984451049449588,Murlo,0.9970734480075576,0.0124455304572762,6.9752401781405995,"[""state_iat_change"", ""state_directionality_change"", ""state_destination_diversity_change""]",LOW
857,CTU44,2011-08-13T05:41:00+00:00,RBot,0.9996231709471832,Murlo,0.9993094824995628,0.0036151067037036,6.975560469470498,"[""state_iat_change"", ""state_directionality_change"", ""state_destination_diversity_change""]",LOW
858,CTU44,2011-08-13T05:42:00+00:00,RBot,0.9946110550283694,Murlo,0.98957967584623,0.0354100111872867,0.8765457006889127,"[""state_entropy_change"", ""state_top_probability_change"", ""state_directionality_change""]",LOW
859,CTU44,2011-08-13T05:43:00+00:00,RBot,0.996586653434874,Murlo,0.993630050684916,0.0248639946684123,0.6796359888350386,"[""state_directionality_change"", ""state_iat_change"", ""state_ack_rate_change""]",LOW
860,CTU44,2011-08-13T05:44:00+00:00,RBot,0.8559016466544425,Murlo,0.7151436018211295,0.4329710459570409,12.725996365680961,"[""state_top_probability_change"", ""state_iat_change"", ""state_entropy_change""]",LOW
861,CTU44,2011-08-13T05:45:00+00:00,RBot,0.9996313877406128,Murlo,0.9993239793253188,0.0035423126442525,12.923857268593267,"[""state_top_probability_change"", ""state_iat_change"", ""state_entropy_change""]",LOW
862,CTU44,2011-08-13T05:48:00+00:00,RBot,0.9995454774427353,Murlo,0.9991593633849558,0.0042500570666993,0.006275071837128154,"[""state_entropy_change"", ""state_top_probability_change"", ""state_iat_change""]",LOW
863,CTU44,2011-08-13T05:50:00+00:00,RBot,0.9996247748507784,Murlo,0.9993106941436652,0.0035955282955263,0.0058300085841736975,"[""state_entropy_change"", ""state_top_probability_change"", ""state_iat_change""]",LOW
864,CTU44,2011-08-13T05:52:00+00:00,RBot,0.9996336817345104,Murlo,0.999328822868182,0.0035245400394195,0.0008492611995428623,"[""state_entropy_change"", ""state_top_probability_change"", ""state_iat_change""]",LOW
865,CTU44,2011-08-13T05:54:00+00:00,RBot,0.9733782821902072,Murlo,0.9486615882200984,0.1324906899478672,6.014897018446501,"[""state_iat_change"", ""state_top_probability_change"", ""state_entropy_change""]",LOW
866,CTU44,2011-08-13T05:55:00+00:00,RBot,0.9996247748507784,Murlo,0.9993106941436652,0.0035955282955263,6.014088647878413,"[""state_iat_change"", ""state_top_probability_change"", ""state_entropy_change""]",LOW
867,CTU44,2011-08-13T05:57:00+00:00,RBot,0.9996266429245376,Murlo,0.999316573337134,0.0035871027676248,0.0004268812687290818,"[""state_iat_change"", ""state_top_probability_change"", ""state_entropy_change""]",LOW
868,CTU44,2011-08-13T05:59:00+00:00,RBot,0.9995973228725508,Murlo,0.9992599698249012,0.0038291098504425,0.0027353844742225414,"[""state_entropy_change"", ""state_top_probability_change"", ""state_iat_change""]",LOW
869,CTU44,2011-08-13T06:02:00+00:00,RBot,0.9995815501947743,Murlo,0.9992283756562168,0.0039547027088543,0.0013267018105250527,"[""state_entropy_change"", ""state_top_probability_change"", ""state_iat_change""]",LOW
870,CTU44,2011-08-13T06:04:00+00:00,RBot,0.9996336817345104,Murlo,0.999328822868182,0.0035245400394195,0.004374113934517594,"[""state_entropy_change"", ""state_top_probability_change"", ""state_iat_change""]",LOW
871,CTU44,2011-08-13T06:06:00+00:00,RBot,0.998272108524378,Murlo,0.9967469716947268,0.0136433615829837,11.687333164872728,"[""state_iat_change"", ""state_directionality_change"", ""state_destination_diversity_change""]",LOW
872,CTU44,2011-08-13T06:08:00+00:00,RBot,0.9996272045123296,Murlo,0.9993156095634944,0.0035760999291675,11.687045355350117,"[""state_iat_change"", ""state_directionality_change"", ""state_destination_diversity_change""]",LOW
873,CTU44,2011-08-13T06:11:00+00:00,RBot,0.9996247748507784,Murlo,0.9993106941436652,0.0035955282955263,0.003392079427515935,"[""state_iat_change"", ""state_entropy_change"", ""state_top_probability_change""]",LOW
874,CTU44,2011-08-13T06:13:00+00:00,RBot,0.9996336817345104,Murlo,0.999328822868182,0.0035245400394195,0.0036151454503190092,"[""state_iat_change"", ""state_entropy_change"", ""state_top_probability_change""]",LOW
875,CTU44,2011-08-13T06:15:00+00:00,RBot,0.9996360381484688,Murlo,0.9993335920773104,0.0035056314176816,0.00038732774768835706,"[""state_iat_change"", ""state_entropy_change"", ""state_top_probability_change""]",LOW
876,CTU44,2011-08-13T06:16:00+00:00,RBot,0.9951074358506,Murlo,0.9908264792101776,0.0335338541042764,2.8152351815298906,"[""state_byte_rate_change"", ""state_ack_rate_change"", ""state_packet_rate_change""]",LOW
877,CTU44,2011-08-13T06:17:00+00:00,RBot,0.9882259988170664,Murlo,0.97712608593312,0.067613551268204,3.4979155948336373,"[""state_iat_change"", ""state_ack_rate_change"", ""state_byte_rate_change""]",LOW
878,CTU44,2011-08-13T06:18:00+00:00,RBot,0.998331300527405,Murlo,0.9968603965749548,0.0132413564836584,15.883559299171845,"[""state_iat_change"", ""state_directionality_change"", ""state_top_probability_change""]",LOW
879,CTU44,2011-08-13T06:20:00+00:00,RBot,0.9996337645597568,Murlo,0.9993287891117248,0.0035232585404922,15.506352742063576,"[""state_iat_change"", ""state_directionality_change"", ""state_destination_diversity_change""]",LOW
880,CTU44,2011-08-13T06:22:00+00:00,RBot,0.9996313877406128,Murlo,0.9993239793253188,0.0035423126442525,0.000612779000473832,"[""state_iat_change"", ""state_entropy_change"", ""state_top_probability_change""]",LOW
881,CTU44,2011-08-13T06:25:00+00:00,RBot,0.998238507504148,Murlo,0.996657092963302,0.013775608889258,1.3054081210537738,"[""state_iat_change"", ""state_directionality_change"", ""state_destination_diversity_change""]",LOW
882,CTU44,2011-08-13T06:27:00+00:00,RBot,0.9995973228725508,Murlo,0.9992599698249012,0.0038291098504425,1.3032888836217544,"[""state_iat_change"", ""state_directionality_change"", ""state_destination_diversity_change""]",LOW
883,CTU44,2011-08-13T06:29:00+00:00,RBot,0.9996297255994367,Murlo,0.9993218925956168,0.0035596152435349,0.002372493272489659,"[""state_entropy_change"", ""state_top_probability_change"", ""state_iat_change""]",LOW
884,CTU44,2011-08-13T06:30:00+00:00,RBot,0.9946110550283694,Murlo,0.98957967584623,0.0354100111872867,0.87723351018654,"[""state_entropy_change"", ""state_top_probability_change"", ""state_directionality_change""]",LOW
885,CTU44,2011-08-13T06:31:00+00:00,RBot,0.9996313877406128,Murlo,0.9993239793253188,0.0035423126442525,0.8779257191387672,"[""state_entropy_change"", ""state_top_probability_change"", ""state_directionality_change""]",LOW
886,CTU44,2011-08-13T06:34:00+00:00,RBot,0.9996333049131216,Murlo,0.9993270765681938,0.0035248090127001,0.0008802534834806038,"[""state_iat_change"", ""state_entropy_change"", ""state_top_probability_change""]",LOW
887,CTU44,2011-08-13T06:36:00+00:00,RBot,0.9996313877406128,Murlo,0.9993239793253188,0.0035423126442525,0.0007638724554912361,"[""state_iat_change"", ""state_entropy_change"", ""state_top_probability_change""]",LOW
888,CTU44,2011-08-13T06:38:00+00:00,RBot,0.9996297728429284,Murlo,0.9993227483573882,0.0035619780215783,0.0007960094249419451,"[""state_iat_change"", ""state_entropy_change"", ""state_top_probability_change""]",LOW
889,CTU44,2011-08-13T06:41:00+00:00,RBot,0.9996212269587862,Murlo,0.999306614649368,0.0036333946037821,0.0010776052839388478,"[""state_iat_change"", ""state_entropy_change"", ""state_top_probability_change""]",LOW
890,CTU44,2011-08-13T06:42:00+00:00,RBot,0.9946110550283694,Murlo,0.98957967584623,0.0354100111872867,0.8768657231480826,"[""state_entropy_change"", ""state_top_probability_change"", ""state_directionality_change""]",LOW
891,CTU44,2011-08-13T06:43:00+00:00,RBot,0.9878313979197882,Murlo,0.9764222968829674,0.0696330175406389,9.89609763863532,"[""state_iat_change"", ""state_rst_rate_change"", ""state_port_diversity_change""]",LOW
892,CTU44,2011-08-13T06:44:00+00:00,RBot,0.9954837797300968,Murlo,0.991424985266693,0.0310387405000763,3.0871623913653594,"[""state_iat_change"", ""state_port_diversity_change"", ""state_top_probability_change""]",LOW
893,CTU44,2011-08-13T06:45:00+00:00,RBot,0.9996360381484688,Murlo,0.9993335920773104,0.0035056314176816,6.620739701396569,"[""state_iat_change"", ""state_rst_rate_change"", ""state_syn_rate_change""]",LOW
894,CTU44,2011-08-13T06:46:00+00:00,RBot,0.9923549014269152,Murlo,0.9853433213853408,0.0479590790270672,9.349774488342053,"[""state_iat_change"", ""state_rst_rate_change"", ""state_syn_rate_change""]",LOW
895,CTU44,2011-08-13T06:48:00+00:00,RBot,0.99429040919924,Murlo,0.9891579912348316,0.0377979039683406,9.72417322843424,"[""state_iat_change"", ""state_rst_rate_change"", ""state_byte_rate_change""]",LOW
896,CTU44,2011-08-13T06:50:00+00:00,RBot,0.9996360381484688,Murlo,0.9993335920773104,0.0035056314176816,3.330419000186873,"[""state_byte_rate_change"", ""state_ack_rate_change"", ""state_packet_rate_change""]",LOW
897,CTU44,2011-08-13T06:51:00+00:00,RBot,0.9969879335564916,Murlo,0.9942667595556712,0.0218861603322076,1.7015102100322326,"[""state_iat_change"", ""state_rst_rate_change"", ""state_syn_rate_change""]",LOW
898,CTU44,2011-08-13T06:52:00+00:00,RBot,0.9996336817345104,Murlo,0.999328822868182,0.0035245400394195,1.7011255034788688,"[""state_iat_change"", ""state_rst_rate_change"", ""state_syn_rate_change""]",LOW
899,CTU44,2011-08-13T06:53:00+00:00,RBot,0.9969967990106936,Murlo,0.994336646031882,0.0220158467340311,11.213656397146023,"[""state_iat_change"", ""state_rst_rate_change"", ""state_syn_rate_change""]",LOW
900,CTU44,2011-08-13T06:54:00+00:00,RBot,0.9883740295555667,Murlo,0.9775495601623142,0.067435452862818,16.031669678187242,"[""state_iat_change"", ""state_rst_rate_change"", ""state_top_probability_change""]",LOW
901,CTU44,2011-08-13T06:55:00+00:00,RBot,0.9856915039183776,Murlo,0.9720037203727792,0.0785120884849395,25.379595233148677,"[""state_iat_change"", ""state_port_diversity_change"", ""state_destination_diversity_change""]",LOW
902,CTU44,2011-08-13T06:57:00+00:00,RBot,0.999627124296394,Murlo,0.9993156484588588,0.0035773627046008,1.3586971223087063,"[""state_top_probability_change"", ""state_entropy_change"", ""state_directionality_change""]",LOW
903,CTU44,2011-08-13T06:59:00+00:00,RBot,0.9995973228725508,Murlo,0.9992599698249012,0.0038291098504425,0.0027299588347942144,"[""state_entropy_change"", ""state_top_probability_change"", ""state_iat_change""]",LOW
904,CTU44,2011-08-13T07:01:00+00:00,RBot,0.9984684300367148,Murlo,0.9971476041609566,0.0123879225115192,12.570175979645748,"[""state_iat_change"", ""state_rst_rate_change"", ""state_port_diversity_change""]",LOW
905,CTU44,2011-08-13T07:04:00+00:00,RBot,0.9996397510121464,Murlo,0.9993400281944496,0.0034727762894419,12.574208823566366,"[""state_iat_change"", ""state_rst_rate_change"", ""state_port_diversity_change""]",LOW
906,CTU44,2011-08-13T07:05:00+00:00,RBot,0.985581165693375,Murlo,0.9717804239263076,0.0789714165536769,1.3648239882260749,"[""state_top_probability_change"", ""state_entropy_change"", ""state_directionality_change""]",LOW
907,CTU44,2011-08-13T07:06:00+00:00,RBot,0.998256422479636,Murlo,0.99671617607709,0.0137471003416337,12.652442138261264,"[""state_iat_change"", ""state_top_probability_change"", ""state_entropy_change""]",LOW
908,CTU44,2011-08-13T07:08:00+00:00,RBot,0.999627124296394,Murlo,0.9993156484588588,0.0035773627046008,11.795176693291161,"[""state_iat_change"", ""state_directionality_change"", ""state_destination_diversity_change""]",LOW
909,CTU44,2011-08-13T07:11:00+00:00,RBot,0.9996275140797184,Murlo,0.9993182020706788,0.0035799279676038,0.0012577973330699691,"[""state_iat_change"", ""state_entropy_change"", ""state_top_probability_change""]",LOW
910,CTU44,2011-08-13T07:13:00+00:00,RBot,0.999627124296394,Murlo,0.9993156484588588,0.0035773627046008,0.00154245903666595,"[""state_iat_change"", ""state_entropy_change"", ""state_top_probability_change""]",LOW
911,CTU44,2011-08-13T07:15:00+00:00,RBot,0.9996337645597568,Murlo,0.9993287891117248,0.0035232585404922,0.0019147430959856352,"[""state_iat_change"", ""state_entropy_change"", ""state_top_probability_change""]",LOW
912,CTU44,2011-08-13T07:16:00+00:00,RBot,0.985581165693375,Murlo,0.9717804239263076,0.0789714165536769,1.3644814693828422,"[""state_top_probability_change"", ""state_entropy_change"", ""state_directionality_change""]",LOW
913,CTU44,2011-08-13T07:17:00+00:00,RBot,0.9913907066867044,Murlo,0.9832908515289812,0.0522067435432608,6.475039114216977,"[""state_iat_change"", ""state_port_diversity_change"", ""state_directionality_change""]",LOW
914,CTU44,2011-08-13T07:18:00+00:00,RBot,0.9946110550283694,Murlo,0.98957967584623,0.0354100111872867,6.344200208082857,"[""state_iat_change"", ""state_port_diversity_change"", ""state_directionality_change""]",LOW
915,CTU44,2011-08-13T07:20:00+00:00,RBot,0.9948780191228804,Murlo,0.9903520963145124,0.0347418434493793,4.256482132804287,"[""state_iat_change"", ""state_ack_rate_change"", ""state_byte_rate_change""]",LOW
916,CTU44,2011-08-13T07:22:00+00:00,RBot,0.9949575988545408,Murlo,0.9903115870363474,0.0336723673693693,9.23259120415631,"[""state_iat_change"", ""state_byte_rate_change"", ""state_ack_rate_change""]",LOW
917,CTU44,2011-08-13T07:24:00+00:00,RBot,0.9996212521074802,Murlo,0.99930582759001,0.0036307939462798,9.715917116858007,"[""state_iat_change"", ""state_rst_rate_change"", ""state_port_diversity_change""]",LOW
918,CTU44,2011-08-13T07:26:00+00:00,RBot,0.9856915039183776,Murlo,0.9720037203727792,0.0785120884849395,1.3579293775382153,"[""state_top_probability_change"", ""state_entropy_change"", ""state_directionality_change""]",LOW
919,CTU44,2011-08-13T07:27:00+00:00,RBot,0.9995998450249176,Murlo,0.9992652898012326,0.0038097925693574,1.3570351998870338,"[""state_top_probability_change"", ""state_entropy_change"", ""state_directionality_change""]",LOW
920,CTU44,2011-08-13T07:29:00+00:00,RBot,0.9995973228725508,Murlo,0.9992599698249012,0.0038291098504425,0.000640519618864017,"[""state_iat_change"", ""state_entropy_change"", ""state_top_probability_change""]",LOW
921,CTU44,2011-08-13T07:30:00+00:00,RBot,0.9946110550283694,Murlo,0.98957967584623,0.0354100111872867,0.8749907660330921,"[""state_entropy_change"", ""state_top_probability_change"", ""state_directionality_change""]",LOW
922,CTU44,2011-08-13T07:31:00+00:00,RBot,0.9996247748507784,Murlo,0.9993106941436652,0.0035955282955263,0.8770219468790968,"[""state_entropy_change"", ""state_top_probability_change"", ""state_directionality_change""]",LOW
923,CTU44,2011-08-13T07:34:00+00:00,RBot,0.999627124296394,Murlo,0.9993156484588588,0.0035773627046008,0.00016798613816118493,"[""state_entropy_change"", ""state_top_probability_change"", ""state_iat_change""]",LOW
924,CTU44,2011-08-13T07:36:00+00:00,RBot,0.9995645848053688,Murlo,0.9991970918020554,0.0040978430164187,0.004672472103733073,"[""state_entropy_change"", ""state_top_probability_change"", ""state_iat_change""]",LOW
925,CTU44,2011-08-13T07:38:00+00:00,RBot,0.9996419848236424,Murlo,0.999344747830876,0.0034554212511724,0.006000569443682279,"[""state_entropy_change"", ""state_top_probability_change"", ""state_iat_change""]",LOW
926,CTU44,2011-08-13T07:40:00+00:00,RBot,0.99960243257645,Murlo,0.9992705251019762,0.0037892660308619,0.0029090296389922992,"[""state_entropy_change"", ""state_top_probability_change"", ""state_iat_change""]",LOW
927,CTU44,2011-08-13T07:42:00+00:00,RBot,0.9946207132510614,Murlo,0.9895968370415807,0.0353498489693037,0.8745921415073048,"[""state_entropy_change"", ""state_top_probability_change"", ""state_directionality_change""]",LOW
928,CTU44,2011-08-13T07:43:00+00:00,RBot,0.9996336817345104,Murlo,0.999328822868182,0.0035245400394195,0.8778986326864452,"[""state_entropy_change"", ""state_top_probability_change"", ""state_directionality_change""]",LOW
929,CTU44,2011-08-13T07:44:00+00:00,RBot,0.9930113094952496,Murlo,0.9866156260592795,0.0445800752630462,6.014248235150088,"[""state_iat_change"", ""state_ack_rate_change"", ""state_entropy_change""]",LOW
930,CTU44,2011-08-13T07:47:00+00:00,RBot,0.9996247748507784,Murlo,0.9993106941436652,0.0035955282955263,6.014564619066468,"[""state_iat_change"", ""state_ack_rate_change"", ""state_entropy_change""]",LOW
931,CTU44,2011-08-13T07:49:00+00:00,RBot,0.9996336817345104,Murlo,0.999328822868182,0.0035245400394195,0.0015195005882115227,"[""state_iat_change"", ""state_entropy_change"", ""state_top_probability_change""]",LOW
932,CTU44,2011-08-13T07:51:00+00:00,RBot,0.9996083780263608,Murlo,0.999282862172282,0.0037428575224281,0.0028610822909642124,"[""state_entropy_change"", ""state_iat_change"", ""state_top_probability_change""]",LOW
933,CTU44,2011-08-13T07:52:00+00:00,RBot,0.9859321334551469,Murlo,0.9728159071701168,0.0787495386462389,3.3156398854622116,"[""state_byte_rate_change"", ""state_ack_rate_change"", ""state_top_probability_change""]",LOW
934,CTU44,2011-08-13T07:54:00+00:00,RBot,0.9983199820026284,Murlo,0.9968355572311384,0.0133077968675425,23.859097641222224,"[""state_iat_change"", ""state_ack_rate_change"", ""state_byte_rate_change""]",LOW
935,CTU44,2011-08-13T07:56:00+00:00,RBot,0.9995319019475573,Murlo,0.9991321666992882,0.0043563694889876,21.497573727664985,"[""state_iat_change"", ""state_directionality_change"", ""state_destination_diversity_change""]",LOW
936,CTU44,2011-08-13T07:58:00+00:00,RBot,0.9996212269587862,Murlo,0.999306614649368,0.0036333946037821,0.00633465416960537,"[""state_entropy_change"", ""state_top_probability_change"", ""state_iat_change""]",LOW
937,CTU44,2011-08-13T08:00:00+00:00,RBot,0.999600751887892,Murlo,0.9992666985057052,0.0038012678283904,0.0018606865187637048,"[""state_entropy_change"", ""state_top_probability_change"", ""state_iat_change""]",LOW
938,CTU44,2011-08-13T08:03:00+00:00,RBot,0.9996313877406128,Murlo,0.9993239793253188,0.0035423126442525,0.002529338196861929,"[""state_entropy_change"", ""state_top_probability_change"", ""state_iat_change""]",LOW
939,CTU44,2011-08-13T08:05:00+00:00,RBot,0.999629533115466,Murlo,0.9993205224266908,0.0035580824793792,0.0004608859598439385,"[""state_iat_change"", ""state_entropy_change"", ""state_top_probability_change""]",LOW
940,CTU44,2011-08-13T08:06:00+00:00,RBot,0.9752347618102788,Murlo,0.9523275454535288,0.1254381015037463,7.498080341124122,"[""state_iat_change"", ""state_top_probability_change"", ""state_entropy_change""]",LOW
941,CTU44,2011-08-13T08:07:00+00:00,RBot,0.9996336817345104,Murlo,0.999328822868182,0.0035245400394195,7.4981952392150015,"[""state_iat_change"", ""state_top_probability_change"", ""state_entropy_change""]",LOW
942,CTU44,2011-08-13T08:10:00+00:00,RBot,0.9996336817345104,Murlo,0.999328822868182,0.0035245400394195,4.744361726600842e-05,"[""state_iat_change"", ""state_top_probability_change"", ""state_entropy_change""]",LOW
943,CTU44,2011-08-13T08:12:00+00:00,RBot,0.9984209773257844,Murlo,0.9970147501198277,0.0125680669413178,13.684698261137534,"[""state_iat_change"", ""state_directionality_change"", ""state_destination_diversity_change""]",LOW
944,CTU44,2011-08-13T08:14:00+00:00,RBot,0.9995454774427353,Murlo,0.9991593633849558,0.0042500570666993,13.678524881858365,"[""state_iat_change"", ""state_directionality_change"", ""state_destination_diversity_change""]",LOW
945,CTU44,2011-08-13T08:15:00+00:00,RBot,0.993922038795166,Murlo,0.9882052309388716,0.0389872264200881,0.9604383325160528,"[""state_syn_rate_change"", ""state_iat_change"", ""state_entropy_change""]",LOW
946,CTU44,2011-08-13T08:17:00+00:00,RBot,0.9759991083675508,Murlo,0.9533223009941346,0.120269351318331,9.226366839169804,"[""state_iat_change"", ""state_rst_rate_change"", ""state_port_diversity_change""]",LOW
947,CTU44,2011-08-13T08:18:00+00:00,RBot,0.967915322218387,Murlo,0.9375216308840864,0.1509395519483315,1.4570666875831175,"[""state_rst_rate_change"", ""state_top_probability_change"", ""state_syn_rate_change""]",LOW
948,CTU44,2011-08-13T08:19:00+00:00,RBot,0.9996188648162324,Murlo,0.9993016214109848,0.0036516085386115,10.526786666040834,"[""state_iat_change"", ""state_rst_rate_change"", ""state_top_probability_change""]",LOW
949,CTU44,2011-08-13T08:21:00+00:00,RBot,0.9996336817345104,Murlo,0.999328822868182,0.0035245400394195,0.0014212747697325094,"[""state_entropy_change"", ""state_top_probability_change"", ""state_iat_change""]",LOW
950,CTU44,2011-08-13T08:23:00+00:00,RBot,0.9996313877406128,Murlo,0.9993239793253188,0.0035423126442525,0.0005247728854960446,"[""state_iat_change"", ""state_entropy_change"", ""state_top_probability_change""]",LOW
951,CTU44,2011-08-13T08:24:00+00:00,RBot,0.993877061449513,Murlo,0.9883864812962604,0.0401644139806855,2.8855560145133947,"[""state_byte_rate_change"", ""state_ack_rate_change"", ""state_packet_rate_change""]",LOW
952,CTU44,2011-08-13T08:26:00+00:00,RBot,0.9978970222657224,Murlo,0.9960277854918272,0.0161483704835036,26.448241557749835,"[""state_iat_change"", ""state_byte_rate_change"", ""state_ack_rate_change""]",LOW
953,CTU44,2011-08-13T08:28:00+00:00,RBot,0.9996188648162324,Murlo,0.9993016214109848,0.0036516085386115,24.451291910966756,"[""state_iat_change"", ""state_rst_rate_change"", ""state_port_diversity_change""]",LOW
954,CTU44,2011-08-13T08:29:00+00:00,RBot,0.983161291041893,Murlo,0.9670792683724184,0.0897081644836378,1.4430529327694874,"[""state_top_probability_change"", ""state_entropy_change"", ""state_rst_rate_change""]",LOW
955,CTU44,2011-08-13T08:30:00+00:00,RBot,0.9981118266103922,Murlo,0.996457250271894,0.014780266431402,6.6261448583240155,"[""state_iat_change"", ""state_top_probability_change"", ""state_entropy_change""]",LOW
956,CTU44,2011-08-13T08:33:00+00:00,RBot,0.9996355927956688,Murlo,0.9993319042144312,0.0035070693914248,5.386302373984761,"[""state_iat_change"", ""state_directionality_change"", ""state_destination_diversity_change""]",LOW
957,CTU44,2011-08-13T08:35:00+00:00,RBot,0.9996313877406128,Murlo,0.9993239793253188,0.0035423126442525,0.0009396776842138578,"[""state_iat_change"", ""state_entropy_change"", ""state_top_probability_change""]",LOW
958,CTU44,2011-08-13T08:37:00+00:00,RBot,0.9996313877406128,Murlo,0.9993239793253188,0.0035423126442525,0.00040025637328812734,"[""state_iat_change"", ""state_top_probability_change"", ""state_entropy_change""]",LOW
959,CTU44,2011-08-13T08:39:00+00:00,RBot,0.989136404660381,Murlo,0.9788011513249374,0.0628732820436351,0.9261807080098176,"[""state_top_probability_change"", ""state_entropy_change"", ""state_iat_change""]",LOW
960,CTU44,2011-08-13T08:40:00+00:00,RBot,0.9992238520486626,Murlo,0.9985378174254688,0.0067508699990297,0.9083774846664988,"[""state_top_probability_change"", ""state_entropy_change"", ""state_iat_change""]",LOW
961,CTU44,2011-08-13T08:42:00+00:00,RBot,0.9980148125091088,Murlo,0.9962427272948764,0.0153287892517002,16.934633315582687,"[""state_iat_change"", ""state_directionality_change"", ""state_destination_diversity_change""]",LOW
962,CTU44,2011-08-13T08:44:00+00:00,RBot,0.9996355927956688,Murlo,0.9993319042144312,0.0035070693914248,16.97382572624902,"[""state_iat_change"", ""state_directionality_change"", ""state_destination_diversity_change""]",LOW
963,CTU44,2011-08-13T08:46:00+00:00,RBot,0.999568944342621,Murlo,0.9992045592667926,0.00405924668448,0.005785165931101428,"[""state_entropy_change"", ""state_top_probability_change"", ""state_iat_change""]",LOW
964,CTU44,2011-08-13T08:48:00+00:00,RBot,0.9829584862037968,Murlo,0.9666581192334096,0.0904645535271946,1.4498512458746189,"[""state_top_probability_change"", ""state_entropy_change"", ""state_rst_rate_change""]",LOW
965,CTU44,2011-08-13T08:49:00+00:00,RBot,0.9996272045123296,Murlo,0.9993156095634944,0.0035760999291675,1.453060329900967,"[""state_top_probability_change"", ""state_entropy_change"", ""state_rst_rate_change""]",LOW
966,CTU44,2011-08-13T08:51:00+00:00,RBot,0.9996336817345104,Murlo,0.999328822868182,0.0035245400394195,0.0006023528414989624,"[""state_entropy_change"", ""state_top_probability_change"", ""state_iat_change""]",LOW
967,CTU44,2011-08-13T08:53:00+00:00,RBot,0.9996272045123296,Murlo,0.9993156095634944,0.0035760999291675,0.0006144103353896795,"[""state_entropy_change"", ""state_top_probability_change"", ""state_iat_change""]",LOW
968,CTU44,2011-08-13T08:54:00+00:00,RBot,0.9940848695474376,Murlo,0.9885477359825308,0.038253129393043,0.907038551746382,"[""state_entropy_change"", ""state_top_probability_change"", ""state_directionality_change""]",LOW
969,CTU44,2011-08-13T08:56:00+00:00,RBot,0.9843989864762256,Murlo,0.9697419769357456,0.0852421245949309,3.9223664048311306,"[""state_ack_rate_change"", ""state_byte_rate_change"", ""state_iat_change""]",LOW
970,CTU44,2011-08-13T08:58:00+00:00,RBot,0.9996313877406128,Murlo,0.9993239793253188,0.0035423126442525,4.02432721478142,"[""state_byte_rate_change"", ""state_ack_rate_change"", ""state_top_probability_change""]",LOW
971,CTU44,2011-08-13T09:00:00+00:00,RBot,0.9996254862753527,Murlo,0.9993134813220738,0.0035941095534867,0.000769481460845656,"[""state_iat_change"", ""state_entropy_change"", ""state_top_probability_change""]",LOW
972,CTU44,2011-08-13T09:03:00+00:00,RBot,0.9996188648162324,Murlo,0.9993016214109848,0.0036516085386115,0.0006192807174545814,"[""state_entropy_change"", ""state_top_probability_change"", ""state_iat_change""]",LOW
973,CTU44,2011-08-13T09:05:00+00:00,RBot,0.9996337645597568,Murlo,0.9993287891117248,0.0035232585404922,0.0012697037234889843,"[""state_entropy_change"", ""state_top_probability_change"", ""state_iat_change""]",LOW
974,CTU44,2011-08-13T09:06:00+00:00,RBot,0.9945706244640238,Murlo,0.98949736221414,0.0356174774827392,0.8797771238125466,"[""state_entropy_change"", ""state_top_probability_change"", ""state_directionality_change""]",LOW
975,CTU44,2011-08-13T09:07:00+00:00,RBot,0.9996333049131216,Murlo,0.9993270765681938,0.0035248090127001,0.8796081694405925,"[""state_entropy_change"", ""state_top_probability_change"", ""state_directionality_change""]",LOW
976,CTU44,2011-08-13T09:09:00+00:00,RBot,0.9996333049131216,Murlo,0.9993270765681938,0.0035248090127001,1.4416568782715961e-05,"[""state_iat_change"", ""state_top_probability_change"", ""state_entropy_change""]",LOW
977,CTU44,2011-08-13T09:12:00+00:00,RBot,0.9996247748507784,Murlo,0.9993106941436652,0.0035955282955263,0.0009250603631471881,"[""state_entropy_change"", ""state_iat_change"", ""state_top_probability_change""]",LOW
978,CTU44,2011-08-13T09:14:00+00:00,RBot,0.9996313877406128,Murlo,0.9993239793253188,0.0035423126442525,0.0005834623132662658,"[""state_entropy_change"", ""state_top_probability_change"", ""state_iat_change""]",LOW
979,CTU44,2011-08-13T09:16:00+00:00,RBot,0.9996313877406128,Murlo,0.9993239793253188,0.0035423126442525,0.0006846559574513713,"[""state_iat_change"", ""state_top_probability_change"", ""state_entropy_change""]",LOW
980,CTU44,2011-08-13T09:18:00+00:00,RBot,0.9945706244640238,Murlo,0.98949736221414,0.0356174774827392,0.8803593473044224,"[""state_entropy_change"", ""state_top_probability_change"", ""state_directionality_change""]",LOW
981,CTU44,2011-08-13T09:19:00+00:00,RBot,0.9996336817345104,Murlo,0.999328822868182,0.0035245400394195,0.8800133594354591,"[""state_entropy_change"", ""state_top_probability_change"", ""state_directionality_change""]",LOW
982,CTU44,2011-08-13T09:21:00+00:00,RBot,0.9996360381484688,Murlo,0.9993335920773104,0.0035056314176816,0.00048378769881446,"[""state_iat_change"", ""state_entropy_change"", ""state_top_probability_change""]",LOW
983,CTU44,2011-08-13T09:22:00+00:00,RBot,0.99094976411324,Murlo,0.9824699800908624,0.0545878538737742,2.0372096800927504,"[""state_iat_change"", ""state_directionality_change"", ""state_top_probability_change""]",LOW
984,CTU44,2011-08-13T09:23:00+00:00,RBot,0.9995558807287316,Murlo,0.9991794192401512,0.0041660697454995,2.031621046304617,"[""state_iat_change"", ""state_directionality_change"", ""state_top_probability_change""]",LOW
985,CTU44,2011-08-13T09:26:00+00:00,RBot,0.9996272045123296,Murlo,0.9993156095634944,0.0035760999291675,0.005274959215124709,"[""state_entropy_change"", ""state_top_probability_change"", ""state_iat_change""]",LOW
986,CTU44,2011-08-13T09:28:00+00:00,RBot,0.9953719854233845,Murlo,0.9913107340254368,0.0319540837293068,4.43715618331795,"[""state_iat_change"", ""state_byte_rate_change"", ""state_ack_rate_change""]",LOW
987,CTU44,2011-08-13T09:30:00+00:00,RBot,0.9973883494564578,Murlo,0.9950213726831688,0.0193153492044129,8.438000674661302,"[""state_iat_change"", ""state_ack_rate_change"", ""state_byte_rate_change""]",LOW
988,CTU44,2011-08-13T09:32:00+00:00,RBot,0.9996272045123296,Murlo,0.9993156095634944,0.0035760999291675,7.820524375356555,"[""state_iat_change"", ""state_directionality_change"", ""state_destination_diversity_change""]",LOW
989,CTU44,2011-08-13T09:35:00+00:00,RBot,0.9996247748507784,Murlo,0.9993106941436652,0.0035955282955263,0.00039946186770543034,"[""state_iat_change"", ""state_entropy_change"", ""state_top_probability_change""]",LOW
990,CTU44,2011-08-13T09:37:00+00:00,RBot,0.9996313877406128,Murlo,0.9993239793253188,0.0035423126442525,0.0010544909333049335,"[""state_iat_change"", ""state_entropy_change"", ""state_top_probability_change""]",LOW
991,CTU44,2011-08-13T09:39:00+00:00,RBot,0.9996336817345104,Murlo,0.999328822868182,0.0035245400394195,0.0007250321318563118,"[""state_iat_change"", ""state_entropy_change"", ""state_top_probability_change""]",LOW
992,CTU44,2011-08-13T09:42:00+00:00,RBot,0.997710249628889,Murlo,0.995642067249642,0.0172645469051494,34.95468890471027,"[""state_iat_change"", ""state_directionality_change"", ""state_destination_diversity_change""]",LOW
993,CTU44,2011-08-13T09:44:00+00:00,RBot,0.9996336817345104,Murlo,0.999328822868182,0.0035245400394195,34.954809741768614,"[""state_iat_change"", ""state_directionality_change"", ""state_destination_diversity_change""]",LOW
994,CTU44,2011-08-13T09:46:00+00:00,RBot,0.9996297255994367,Murlo,0.9993218925956168,0.0035596152435349,0.00039681013371708644,"[""state_entropy_change"", ""state_top_probability_change"", ""state_iat_change""]",LOW
995,CTU44,2011-08-13T09:48:00+00:00,RBot,0.985581165693375,Murlo,0.9717804239263076,0.0789714165536769,1.3642066107995057,"[""state_top_probability_change"", ""state_entropy_change"", ""state_directionality_change""]",LOW
996,CTU44,2011-08-13T09:49:00+00:00,RBot,0.9996231374735282,Murlo,0.9993085232254798,0.0036122547063392,1.3639308046497998,"[""state_top_probability_change"", ""state_entropy_change"", ""state_directionality_change""]",LOW
997,CTU44,2011-08-13T09:51:00+00:00,RBot,0.9996221493742222,Murlo,0.9993078167851795,0.0036240160125409,0.0001232492657930486,"[""state_entropy_change"", ""state_iat_change"", ""state_top_probability_change""]",LOW
998,CTU44,2011-08-13T09:53:00+00:00,RBot,0.9985291438091972,Murlo,0.9972287249106117,0.0118456405989679,13.923453230170663,"[""state_iat_change"", ""state_directionality_change"", ""state_destination_diversity_change""]",LOW
999,CTU44,2011-08-13T09:54:00+00:00,RBot,0.9946110550283694,Murlo,0.98957967584623,0.0354100111872867,14.322806025176275,"[""state_iat_change"", ""state_destination_diversity_change"", ""state_port_diversity_change""]",LOW
1000,CTU44,2011-08-13T09:55:00+00:00,RBot,0.9996254862753527,Murlo,0.9993134813220738,0.0035941095534867,0.8770891351032254,"[""state_entropy_change"", ""state_top_probability_change"", ""state_directionality_change""]",LOW
1001,CTU44,2011-08-13T09:58:00+00:00,RBot,0.9996336817345104,Murlo,0.999328822868182,0.0035245400394195,0.0006751282469927254,"[""state_entropy_change"", ""state_top_probability_change"", ""state_iat_change""]",LOW
1002,CTU44,2011-08-13T09:59:00+00:00,RBot,0.9856915039183776,Murlo,0.9720037203727792,0.0785120884849395,1.359003566581743,"[""state_top_probability_change"", ""state_entropy_change"", ""state_directionality_change""]",LOW
1003,CTU44,2011-08-13T10:00:00+00:00,RBot,0.9929214378625684,Murlo,0.9864625720713736,0.045042067796864,5.804138808991364,"[""state_iat_change"", ""state_ack_rate_change"", ""state_byte_rate_change""]",LOW
1004,CTU44,2011-08-13T10:02:00+00:00,RBot,0.9996231709471832,Murlo,0.9993094824995628,0.0036151067037036,5.587162499196295,"[""state_iat_change"", ""state_byte_rate_change"", ""state_ack_rate_change""]",LOW
1005,CTU44,2011-08-13T10:05:00+00:00,RBot,0.9994593747745836,Murlo,0.9989944905712028,0.0049429427873041,0.01238047556330499,"[""state_entropy_change"", ""state_top_probability_change"", ""state_iat_change""]",LOW
1006,CTU44,2011-08-13T10:06:00+00:00,RBot,0.9946110550283694,Murlo,0.98957967584623,0.0354100111872867,0.8658585166589675,"[""state_entropy_change"", ""state_top_probability_change"", ""state_directionality_change""]",LOW
1007,CTU44,2011-08-13T10:07:00+00:00,RBot,0.9996247748507784,Murlo,0.9993106941436652,0.0035955282955263,0.8774355713434377,"[""state_entropy_change"", ""state_top_probability_change"", ""state_directionality_change""]",LOW
1008,CTU44,2011-08-13T10:09:00+00:00,RBot,0.9996336817345104,Murlo,0.999328822868182,0.0035245400394195,0.0010626264175234833,"[""state_iat_change"", ""state_entropy_change"", ""state_top_probability_change""]",LOW
1009,CTU44,2011-08-13T10:12:00+00:00,RBot,0.9995645848053688,Murlo,0.9991970918020554,0.0040978430164187,0.004944578731124157,"[""state_entropy_change"", ""state_top_probability_change"", ""state_iat_change""]",LOW
1010,CTU44,2011-08-13T10:14:00+00:00,RBot,0.9995699482865196,Murlo,0.999209036503804,0.0040595606642373,0.0006874518149795609,"[""state_iat_change"", ""state_entropy_change"", ""state_top_probability_change""]",LOW
1011,CTU44,2011-08-13T10:16:00+00:00,RBot,0.9996313877406128,Murlo,0.9993239793253188,0.0035423126442525,0.0047525228615838315,"[""state_entropy_change"", ""state_top_probability_change"", ""state_iat_change""]",LOW
1012,CTU44,2011-08-13T10:18:00+00:00,RBot,0.9958945696772272,Murlo,0.9921173493534589,0.0282880326035782,6.925128576799732,"[""state_iat_change"", ""state_directionality_change"", ""state_entropy_change""]",LOW
1013,CTU44,2011-08-13T10:21:00+00:00,RBot,0.9996313877406128,Murlo,0.9993239793253188,0.0035423126442525,6.925188864269187,"[""state_iat_change"", ""state_directionality_change"", ""state_entropy_change""]",LOW
1014,CTU44,2011-08-13T10:23:00+00:00,RBot,0.9996355927956688,Murlo,0.9993319042144312,0.0035070693914248,0.0004691733030403225,"[""state_entropy_change"", ""state_iat_change"", ""state_top_probability_change""]",LOW
1015,CTU44,2011-08-13T10:25:00+00:00,RBot,0.9996171853483156,Murlo,0.99930033817645,0.0036719688820576,0.0014478243757185744,"[""state_entropy_change"", ""state_top_probability_change"", ""state_iat_change""]",LOW
1016,CTU44,2011-08-13T10:27:00+00:00,RBot,0.9747551192102912,Murlo,0.9505259370358816,0.12359097096955,2.8682740202152637,"[""state_top_probability_change"", ""state_entropy_change"", ""state_iat_change""]",LOW
1017,CTU44,2011-08-13T10:28:00+00:00,RBot,0.999568944342621,Murlo,0.9992045592667926,0.00405924668448,2.8642653764281203,"[""state_top_probability_change"", ""state_entropy_change"", ""state_iat_change""]",LOW
1018,CTU44,2011-08-13T10:30:00+00:00,RBot,0.9995787899049492,Murlo,0.9992235143879704,0.0039791476447214,0.0012863598203065086,"[""state_iat_change"", ""state_entropy_change"", ""state_top_probability_change""]",LOW
1019,CTU44,2011-08-13T10:31:00+00:00,RBot,0.9945706244640238,Murlo,0.98949736221414,0.0356174774827392,0.8756778234682696,"[""state_entropy_change"", ""state_top_probability_change"", ""state_directionality_change""]",LOW
1020,CTU44,2011-08-13T10:32:00+00:00,RBot,0.9956400095967756,Murlo,0.9918339287437644,0.0304473950337831,6.486252334322401,"[""state_iat_change"", ""state_ack_rate_change"", ""state_byte_rate_change""]",LOW
1021,CTU44,2011-08-13T10:35:00+00:00,RBot,0.9996247748507784,Murlo,0.9993106941436652,0.0035955282955263,6.444093331378379,"[""state_iat_change"", ""state_byte_rate_change"", ""state_ack_rate_change""]",LOW
1022,CTU44,2011-08-13T10:37:00+00:00,RBot,0.9996247748507784,Murlo,0.9993106941436652,0.0035955282955263,0.00017588213914642502,"[""state_iat_change"", ""state_top_probability_change"", ""state_entropy_change""]",LOW
1023,CTU44,2011-08-13T10:39:00+00:00,RBot,0.998467467262695,Murlo,0.997112923213461,0.0122794943481426,8.316495996574668,"[""state_iat_change"", ""state_directionality_change"", ""state_destination_diversity_change""]",LOW
1024,CTU44,2011-08-13T10:41:00+00:00,RBot,0.9996272045123296,Murlo,0.9993156095634944,0.0035760999291675,8.316895720561803,"[""state_iat_change"", ""state_directionality_change"", ""state_destination_diversity_change""]",LOW
1025,CTU44,2011-08-13T10:42:00+00:00,RBot,0.9945706244640238,Murlo,0.98949736221414,0.0356174774827392,0.8792846650275377,"[""state_entropy_change"", ""state_top_probability_change"", ""state_directionality_change""]",LOW
1026,CTU44,2011-08-13T10:44:00+00:00,RBot,0.9996313877406128,Murlo,0.9993239793253188,0.0035423126442525,0.8797986738385002,"[""state_entropy_change"", ""state_top_probability_change"", ""state_directionality_change""]",LOW
1027,CTU44,2011-08-13T10:46:00+00:00,RBot,0.9968947191797451,Murlo,0.99407645537689,0.0224112606951049,10.606803458424316,"[""state_iat_change"", ""state_rst_rate_change"", ""state_port_diversity_change""]",LOW
1028,CTU44,2011-08-13T10:48:00+00:00,RBot,0.9996336817345104,Murlo,0.999328822868182,0.0035245400394195,10.606834660418583,"[""state_iat_change"", ""state_rst_rate_change"", ""state_port_diversity_change""]",LOW
1029,CTU44,2011-08-13T10:51:00+00:00,RBot,0.9996272045123296,Murlo,0.9993156095634944,0.0035760999291675,0.0007790213389426135,"[""state_iat_change"", ""state_entropy_change"", ""state_top_probability_change""]",LOW
1030,CTU44,2011-08-13T10:53:00+00:00,RBot,0.9996336817345104,Murlo,0.999328822868182,0.0035245400394195,0.0005593652545838945,"[""state_entropy_change"", ""state_top_probability_change"", ""state_iat_change""]",LOW
1031,CTU44,2011-08-13T10:54:00+00:00,RBot,0.9946110550283694,Murlo,0.98957967584623,0.0354100111872867,0.8776051568547444,"[""state_entropy_change"", ""state_top_probability_change"", ""state_directionality_change""]",LOW
1032,CTU44,2011-08-13T10:55:00+00:00,RBot,0.9996313877406128,Murlo,0.9993239793253188,0.0035423126442525,0.8774520693244043,"[""state_entropy_change"", ""state_top_probability_change"", ""state_directionality_change""]",LOW
1033,CTU44,2011-08-13T10:58:00+00:00,RBot,0.9996313877406128,Murlo,0.9993239793253188,0.0035423126442525,0.000127390044150797,"[""state_iat_change"", ""state_top_probability_change"", ""state_entropy_change""]",LOW
1034,CTU44,2011-08-13T11:00:00+00:00,RBot,0.9996254862753527,Murlo,0.9993134813220738,0.0035941095534867,0.00043868673714605034,"[""state_entropy_change"", ""state_top_probability_change"", ""state_iat_change""]",LOW
1035,CTU44,2011-08-13T11:02:00+00:00,RBot,0.9996231709471832,Murlo,0.9993094824995628,0.0036151067037036,0.0006624366366237462,"[""state_iat_change"", ""state_entropy_change"", ""state_top_probability_change""]",LOW
1036,CTU44,2011-08-13T11:04:00+00:00,RBot,0.9918362298636524,Murlo,0.9843389848167836,0.0506032168408371,7.673651898900066,"[""state_iat_change"", ""state_byte_rate_change"", ""state_ack_rate_change""]",LOW
1037,CTU44,2011-08-13T11:06:00+00:00,RBot,0.9945706244640238,Murlo,0.98949736221414,0.0356174774827392,7.599189106740812,"[""state_iat_change"", ""state_ack_rate_change"", ""state_byte_rate_change""]",LOW
1038,CTU44,2011-08-13T11:07:00+00:00,RBot,0.9995999328106302,Murlo,0.9992652496473352,0.0038084257954978,0.8773354170567514,"[""state_entropy_change"", ""state_top_probability_change"", ""state_directionality_change""]",LOW
1039,CTU44,2011-08-13T11:09:00+00:00,RBot,0.9996397510121464,Murlo,0.9993400281944496,0.0034727762894419,0.0030093861914677078,"[""state_entropy_change"", ""state_top_probability_change"", ""state_iat_change""]",LOW
1040,CTU44,2011-08-13T11:11:00+00:00,RBot,0.9996360381484688,Murlo,0.9993335920773104,0.0035056314176816,0.00037320557592513895,"[""state_entropy_change"", ""state_top_probability_change"", ""state_iat_change""]",LOW
1041,CTU44,2011-08-13T11:14:00+00:00,RBot,0.9996238345552496,Murlo,0.999312219283933,0.0036141735568514,0.0010730984393321245,"[""state_entropy_change"", ""state_top_probability_change"", ""state_iat_change""]",LOW
1042,CTU44,2011-08-13T11:16:00+00:00,RBot,0.9996212521074802,Murlo,0.99930582759001,0.0036307939462798,0.0002804251457310637,"[""state_iat_change"", ""state_entropy_change"", ""state_top_probability_change""]",LOW
1043,CTU44,2011-08-13T11:18:00+00:00,RBot,0.991441389596028,Murlo,0.9836816570821426,0.0530629535614331,3.6741391921203004,"[""state_iat_change"", ""state_directionality_change"", ""state_top_probability_change""]",LOW
1044,CTU44,2011-08-13T11:20:00+00:00,RBot,0.985581165693375,Murlo,0.9717804239263076,0.0789714165536769,3.7276980518921015,"[""state_iat_change"", ""state_top_probability_change"", ""state_destination_diversity_change""]",LOW
1045,CTU44,2011-08-13T11:21:00+00:00,RBot,0.9996231374735282,Murlo,0.9993085232254798,0.0036122547063392,1.3646951449147036,"[""state_top_probability_change"", ""state_entropy_change"", ""state_directionality_change""]",LOW
1046,CTU44,2011-08-13T11:23:00+00:00,RBot,0.9996306648892592,Murlo,0.9993243783602858,0.0035540570223889,0.0015433455604232649,"[""state_iat_change"", ""state_entropy_change"", ""state_top_probability_change""]",LOW
1047,CTU44,2011-08-13T11:25:00+00:00,RBot,0.999612035314159,Murlo,0.9992870694505912,0.003703940990117,0.0013456123391584786,"[""state_entropy_change"", ""state_top_probability_change"", ""state_iat_change""]",LOW
1048,CTU44,2011-08-13T11:27:00+00:00,RBot,0.9765869118564257,Murlo,0.9539708936358602,0.1157076209564831,6.282370489077746,"[""state_iat_change"", ""state_top_probability_change"", ""state_entropy_change""]",LOW
1049,CTU44,2011-08-13T11:30:00+00:00,RBot,0.998331300527405,Murlo,0.9968603965749548,0.0132413564836584,18.426346944068726,"[""state_iat_change"", ""state_top_probability_change"", ""state_entropy_change""]",LOW
1050,CTU44,2011-08-13T11:32:00+00:00,RBot,0.9996313877406128,Murlo,0.9993239793253188,0.0035423126442525,21.213617441919734,"[""state_iat_change"", ""state_directionality_change"", ""state_destination_diversity_change""]",LOW
1051,CTU44,2011-08-13T11:34:00+00:00,RBot,0.9996336817345104,Murlo,0.999328822868182,0.0035245400394195,0.0010317118677744808,"[""state_iat_change"", ""state_entropy_change"", ""state_top_probability_change""]",LOW
1052,CTU44,2011-08-13T11:36:00+00:00,RBot,0.9521550892663012,Murlo,0.9060093654083408,0.2019835441416395,4.997447260613241,"[""state_top_probability_change"", ""state_entropy_change"", ""state_ack_rate_change""]",LOW
1053,CTU44,2011-08-13T11:37:00+00:00,RBot,0.9995716848768972,Murlo,0.9992103217350996,0.0040384280419483,4.992991860964298,"[""state_top_probability_change"", ""state_entropy_change"", ""state_ack_rate_change""]",LOW
1054,CTU44,2011-08-13T11:39:00+00:00,RBot,0.9996247748507784,Murlo,0.9993106941436652,0.0035955282955263,0.0038787426591060316,"[""state_entropy_change"", ""state_top_probability_change"", ""state_iat_change""]",LOW
1055,CTU44,2011-08-13T11:41:00+00:00,RBot,0.9996360381484688,Murlo,0.9993335920773104,0.0035056314176816,0.0008976685211263355,"[""state_entropy_change"", ""state_top_probability_change"", ""state_iat_change""]",LOW
1056,CTU44,2011-08-13T11:42:00+00:00,RBot,0.9945706244640238,Murlo,0.98949736221414,0.0356174774827392,0.879893748200869,"[""state_entropy_change"", ""state_top_probability_change"", ""state_directionality_change""]",LOW
1057,CTU44,2011-08-13T11:43:00+00:00,RBot,0.9535888397390172,Murlo,0.9113106600563368,0.2074609517370388,10.612941875986978,"[""state_ack_rate_change"", ""state_byte_rate_change"", ""state_packet_rate_change""]",LOW
1058,CTU44,2011-08-13T11:44:00+00:00,RBot,0.985974580070936,Murlo,0.9764823807040338,0.0888174773994125,70.94567973745133,"[""state_ack_rate_change"", ""state_byte_rate_change"", ""state_packet_rate_change""]",LOW
1059,CTU44,2011-08-13T11:45:00+00:00,RBot,0.9881209753187687,Murlo,0.9799662493766308,0.0769934581275978,1.1838570329453013,"[""state_ack_rate_change"", ""state_packet_rate_change"", ""state_byte_rate_change""]",LOW
1060,CTU44,2011-08-13T11:46:00+00:00,RBot,0.9854581940474408,Murlo,0.9756857429121418,0.0916860582954076,0.5073265176094705,"[""state_port_diversity_change"", ""state_destination_diversity_change"", ""state_top_probability_change""]",LOW
1061,CTU44,2011-08-13T11:47:00+00:00,RBot,0.987990351872034,Murlo,0.979679810268833,0.0774972031656765,0.7121390748739552,"[""state_port_diversity_change"", ""state_ack_rate_change"", ""state_byte_rate_change""]",LOW
1062,CTU44,2011-08-13T11:48:00+00:00,RBot,0.985302522883226,Murlo,0.9753436022815116,0.0922517677846497,0.507439248678782,"[""state_port_diversity_change"", ""state_destination_diversity_change"", ""state_top_probability_change""]",LOW
1063,CTU44,2011-08-13T11:49:00+00:00,RBot,0.9869537826908974,Murlo,0.9778233456270882,0.0829165665645129,0.7019944623275398,"[""state_ack_rate_change"", ""state_port_diversity_change"", ""state_packet_rate_change""]",LOW
1064,CTU44,2011-08-13T11:50:00+00:00,RBot,0.9768225334948908,Murlo,0.9569941916806332,0.1244100217174159,54.764243262243205,"[""state_ack_rate_change"", ""state_byte_rate_change"", ""state_packet_rate_change""]",LOW
1065,CTU44,2011-08-13T11:53:00+00:00,RBot,0.9996313877406128,Murlo,0.9993239793253188,0.0035423126442525,23.608770650513588,"[""state_ack_rate_change"", ""state_byte_rate_change"", ""state_packet_rate_change""]",LOW
1066,CTU44,2011-08-13T11:54:00+00:00,RBot,0.9945706244640238,Murlo,0.98949736221414,0.0356174774827392,0.8797929072109872,"[""state_entropy_change"", ""state_top_probability_change"", ""state_directionality_change""]",LOW
1067,CTU44,2011-08-13T11:55:00+00:00,RBot,0.9996275140797184,Murlo,0.9993182020706788,0.0035799279676038,0.8791960337085659,"[""state_entropy_change"", ""state_top_probability_change"", ""state_directionality_change""]",LOW
1068,CTU44,2011-08-13T11:57:00+00:00,RBot,0.9996208279962486,Murlo,0.9993081181860768,0.0036438271477525,0.0010234736981138597,"[""state_iat_change"", ""state_entropy_change"", ""state_top_probability_change""]",LOW
1069,CTU44,2011-08-13T12:00:00+00:00,RBot,0.9995437187231616,Murlo,0.9991580869480448,0.0042715232977478,0.006079456494002484,"[""state_entropy_change"", ""state_top_probability_change"", ""state_iat_change""]",LOW
1070,CTU44,2011-08-13T12:02:00+00:00,RBot,0.99961978720809,Murlo,0.9993028258625196,0.0036422371315835,0.0058168340451734924,"[""state_entropy_change"", ""state_top_probability_change"", ""state_iat_change""]",LOW
1071,CTU44,2011-08-13T12:04:00+00:00,RBot,0.9996313877406128,Murlo,0.9993239793253188,0.0035423126442525,0.0020247762622999433,"[""state_iat_change"", ""state_entropy_change"", ""state_top_probability_change""]",LOW
1072,CTU44,2011-08-13T12:07:00+00:00,RBot,0.9978308809948878,Murlo,0.995908489733915,0.016602657848823,2.7889945944112697,"[""state_iat_change"", ""state_directionality_change"", ""state_destination_diversity_change""]",LOW
1073,CTU44,2011-08-13T12:08:00+00:00,RBot,0.9857937639507692,Murlo,0.9725375938609584,0.0793413535663417,5.089390032451193,"[""state_iat_change"", ""state_ack_rate_change"", ""state_byte_rate_change""]",LOW
1074,CTU44,2011-08-13T12:09:00+00:00,RBot,0.996070043587284,Murlo,0.9925218619279346,0.0275250622888768,8.009869923900302,"[""state_iat_change"", ""state_byte_rate_change"", ""state_ack_rate_change""]",LOW
1075,CTU44,2011-08-13T12:11:00+00:00,RBot,0.9996284204595948,Murlo,0.9993193834634168,0.0035706929582745,5.398115586001823,"[""state_iat_change"", ""state_entropy_change"", ""state_top_probability_change""]",LOW
1076,CTU44,2011-08-13T12:13:00+00:00,RBot,0.9996336817345104,Murlo,0.999328822868182,0.0035245400394195,0.0009255433775134631,"[""state_iat_change"", ""state_entropy_change"", ""state_top_probability_change""]",LOW
1077,CTU44,2011-08-13T12:16:00+00:00,RBot,0.999568944342621,Murlo,0.9992045592667926,0.00405924668448,0.004826101190703577,"[""state_entropy_change"", ""state_top_probability_change"", ""state_iat_change""]",LOW
1078,CTU44,2011-08-13T12:18:00+00:00,RBot,0.9982232525218482,Murlo,0.99664961699026,0.013960729996582,9.384454685806197,"[""state_iat_change"", ""state_directionality_change"", ""state_destination_diversity_change""]",LOW
1079,CTU44,2011-08-13T12:20:00+00:00,RBot,0.999629533115466,Murlo,0.9993205224266908,0.0035580824793792,9.388937320760961,"[""state_iat_change"", ""state_directionality_change"", ""state_destination_diversity_change""]",LOW
1080,CTU44,2011-08-13T12:21:00+00:00,RBot,0.9856915039183776,Murlo,0.9720037203727792,0.0785120884849395,1.3586490913296434,"[""state_top_probability_change"", ""state_entropy_change"", ""state_directionality_change""]",LOW
1081,CTU44,2011-08-13T12:23:00+00:00,RBot,0.9996247748507784,Murlo,0.9993106941436652,0.0035955282955263,1.3602774727847116,"[""state_top_probability_change"", ""state_entropy_change"", ""state_directionality_change""]",LOW
1082,CTU44,2011-08-13T12:25:00+00:00,RBot,0.9996254862753527,Murlo,0.9993134813220738,0.0035941095534867,0.0015151359687529137,"[""state_iat_change"", ""state_top_probability_change"", ""state_entropy_change""]",LOW
1083,CTU44,2011-08-13T12:27:00+00:00,RBot,0.999568944342621,Murlo,0.9992045592667926,0.00405924668448,0.00428281901821215,"[""state_entropy_change"", ""state_top_probability_change"", ""state_iat_change""]",LOW
1084,CTU44,2011-08-13T12:30:00+00:00,RBot,0.998362290452432,Murlo,0.9969225990368829,0.0130397163629163,35.58695878388941,"[""state_iat_change"", ""state_directionality_change"", ""state_destination_diversity_change""]",LOW
1085,CTU44,2011-08-13T12:31:00+00:00,RBot,0.9856915039183776,Murlo,0.9720037203727792,0.0785120884849395,36.45531711239071,"[""state_iat_change"", ""state_top_probability_change"", ""state_entropy_change""]",LOW
1086,CTU44,2011-08-13T12:32:00+00:00,RBot,0.9869687167423232,Murlo,0.9746232440138648,0.0732087079611501,3.0992605073144723,"[""state_iat_change"", ""state_port_diversity_change"", ""state_directionality_change""]",LOW
1087,CTU44,2011-08-13T12:34:00+00:00,RBot,0.9996089405988268,Murlo,0.999282749438093,0.003734932023976,3.521599020342548,"[""state_iat_change"", ""state_top_probability_change"", ""state_directionality_change""]",LOW
1088,CTU44,2011-08-13T12:36:00+00:00,RBot,0.9995349282586318,Murlo,0.999138507998588,0.004333610159596,0.006208150689493576,"[""state_entropy_change"", ""state_top_probability_change"", ""state_iat_change""]",LOW
1089,CTU44,2011-08-13T12:39:00+00:00,RBot,0.9996247748507784,Murlo,0.9993106941436652,0.0035955282955263,0.006932817979909707,"[""state_entropy_change"", ""state_top_probability_change"", ""state_iat_change""]",LOW
1090,CTU44,2011-08-13T12:40:00+00:00,RBot,0.9447843283980196,Murlo,0.8915028583265532,0.2248434315719451,5.307895533668462,"[""state_top_probability_change"", ""state_entropy_change"", ""state_byte_rate_change""]",LOW
1091,CTU44,2011-08-13T12:41:00+00:00,RBot,0.9996195362368392,Murlo,0.999305316878131,0.003653859788421,5.306895105909696,"[""state_top_probability_change"", ""state_entropy_change"", ""state_byte_rate_change""]",LOW
1092,CTU44,2011-08-13T12:42:00+00:00,RBot,0.9945706244640238,Murlo,0.98949736221414,0.0356174774827392,0.8784829319458263,"[""state_entropy_change"", ""state_top_probability_change"", ""state_directionality_change""]",LOW
1093,CTU44,2011-08-13T12:43:00+00:00,RBot,0.999629533115466,Murlo,0.9993205224266908,0.0035580824793792,0.8794798566110246,"[""state_entropy_change"", ""state_top_probability_change"", ""state_directionality_change""]",LOW
1094,CTU44,2011-08-13T12:46:00+00:00,RBot,0.9996255095439534,Murlo,0.9993144227160302,0.0035970423479993,0.0005202626504374038,"[""state_iat_change"", ""state_entropy_change"", ""state_top_probability_change""]",LOW
1095,CTU44,2011-08-13T12:48:00+00:00,RBot,0.9996212521074802,Murlo,0.99930582759001,0.0036307939462798,0.0004204178225109501,"[""state_entropy_change"", ""state_top_probability_change"", ""state_iat_change""]",LOW
1096,CTU44,2011-08-13T12:50:00+00:00,RBot,0.9996213169792688,Murlo,0.9993065843560472,0.0036320289760572,2.4321630686524635e-05,"[""state_iat_change"", ""state_entropy_change"", ""state_top_probability_change""]",LOW
1097,CTU44,2011-08-13T12:52:00+00:00,RBot,0.985581165693375,Murlo,0.9717804239263076,0.0789714165536769,1.3635746513574911,"[""state_top_probability_change"", ""state_entropy_change"", ""state_directionality_change""]",LOW
1098,CTU44,2011-08-13T12:53:00+00:00,RBot,0.9996336817345104,Murlo,0.999328822868182,0.0035245400394195,1.3646852021961358,"[""state_top_probability_change"", ""state_entropy_change"", ""state_directionality_change""]",LOW
1099,CTU44,2011-08-13T12:54:00+00:00,RBot,0.9793980024764308,Murlo,0.9604542803750408,0.1086797313656348,7.237085323491416,"[""state_iat_change"", ""state_top_probability_change"", ""state_entropy_change""]",LOW
1100,CTU44,2011-08-13T12:55:00+00:00,RBot,0.9996247748507784,Murlo,0.9993106941436652,0.0035955282955263,7.236311290568975,"[""state_iat_change"", ""state_top_probability_change"", ""state_entropy_change""]",LOW
1101,CTU44,2011-08-13T12:57:00+00:00,RBot,0.9996254862753527,Murlo,0.9993134813220738,0.0035941095534867,0.00048605507711610603,"[""state_iat_change"", ""state_top_probability_change"", ""state_entropy_change""]",LOW
1102,CTU44,2011-08-13T12:59:00+00:00,RBot,0.9965431882346468,Murlo,0.9935481485170508,0.0251345470185463,0.200871107104683,"[""state_entropy_change"", ""state_top_probability_change"", ""state_iat_change""]",LOW
1103,CTU44,2011-08-13T13:02:00+00:00,RBot,0.999568944342621,Murlo,0.9992045592667926,0.00405924668448,0.19709522706874752,"[""state_entropy_change"", ""state_top_probability_change"", ""state_iat_change""]",LOW
1104,CTU44,2011-08-13T13:04:00+00:00,RBot,0.5944276416506176,Murlo,0.2291433459676488,0.8551919034324597,20.441616041724235,"[""state_top_probability_change"", ""state_entropy_change"", ""state_iat_change""]",MEDIUM
1105,CTU44,2011-08-13T13:05:00+00:00,RBot,0.8632617206941317,Murlo,0.7302652001415562,0.4216539540821885,14.308801955748242,"[""state_top_probability_change"", ""state_entropy_change"", ""state_iat_change""]",LOW
1106,CTU44,2011-08-13T13:06:00+00:00,RBot,0.999568944342621,Murlo,0.9992045592667926,0.00405924668448,6.901501870873392,"[""state_top_probability_change"", ""state_entropy_change"", ""state_rst_rate_change""]",LOW
1107,CTU44,2011-08-13T13:07:00+00:00,RBot,0.9945706244640238,Murlo,0.98949736221414,0.0356174774827392,0.8759416379712276,"[""state_entropy_change"", ""state_top_probability_change"", ""state_directionality_change""]",LOW
1108,CTU44,2011-08-13T13:09:00+00:00,RBot,0.9996360381484688,Murlo,0.9993335920773104,0.0035056314176816,0.8798620317495475,"[""state_entropy_change"", ""state_top_probability_change"", ""state_directionality_change""]",LOW
1109,CTU44,2011-08-13T13:11:00+00:00,RBot,0.9996273270760182,Murlo,0.9993170383152848,0.0035788197451747,0.0007846982331254333,"[""state_entropy_change"", ""state_top_probability_change"", ""state_iat_change""]",LOW
1110,CTU44,2011-08-13T13:12:00+00:00,RBot,0.9934791179577632,Murlo,0.9876015942465356,0.0422613605602093,2.907386051872407,"[""state_byte_rate_change"", ""state_ack_rate_change"", ""state_packet_rate_change""]",LOW
1111,CTU44,2011-08-13T13:13:00+00:00,RBot,0.999627124296394,Murlo,0.9993156484588588,0.0035773627046008,2.9101243843521356,"[""state_byte_rate_change"", ""state_ack_rate_change"", ""state_packet_rate_change""]",LOW
1112,CTU44,2011-08-13T13:16:00+00:00,RBot,0.9996337645597568,Murlo,0.9993287891117248,0.0035232585404922,0.0032955882659142853,"[""state_iat_change"", ""state_entropy_change"", ""state_top_probability_change""]",LOW
1113,CTU44,2011-08-13T13:18:00+00:00,RBot,0.998362290452432,Murlo,0.9969225990368829,0.0130397163629163,18.638090439273416,"[""state_iat_change"", ""state_directionality_change"", ""state_destination_diversity_change""]",LOW
1114,CTU44,2011-08-13T13:20:00+00:00,RBot,0.9996313877406128,Murlo,0.9993239793253188,0.0035423126442525,18.637818415535076,"[""state_iat_change"", ""state_directionality_change"", ""state_destination_diversity_change""]",LOW
1115,CTU44,2011-08-13T13:22:00+00:00,RBot,0.9996336817345104,Murlo,0.999328822868182,0.0035245400394195,0.0003135046229747008,"[""state_iat_change"", ""state_entropy_change"", ""state_top_probability_change""]",LOW
1116,CTU44,2011-08-13T13:25:00+00:00,RBot,0.9996397510121464,Murlo,0.9993400281944496,0.0034727762894419,0.000828160137174498,"[""state_iat_change"", ""state_entropy_change"", ""state_top_probability_change""]",LOW
1117,CTU44,2011-08-13T13:27:00+00:00,RBot,0.9995646677420136,Murlo,0.999197034204905,0.0040964854996757,0.005426166524909101,"[""state_entropy_change"", ""state_top_probability_change"", ""state_iat_change""]",LOW
1118,CTU44,2011-08-13T13:29:00+00:00,RBot,0.999568944342621,Murlo,0.9992045592667926,0.00405924668448,0.0004306113306741238,"[""state_entropy_change"", ""state_top_probability_change"", ""state_iat_change""]",LOW
1119,CTU44,2011-08-13T13:30:00+00:00,RBot,0.9655443428261185,Murlo,0.9322265419008826,0.1565682017707092,12.636934091592911,"[""state_iat_change"", ""state_top_probability_change"", ""state_entropy_change""]",LOW
1120,CTU44,2011-08-13T13:32:00+00:00,RBot,0.9996313877406128,Murlo,0.9993239793253188,0.0035423126442525,12.64134000555165,"[""state_iat_change"", ""state_top_probability_change"", ""state_entropy_change""]",LOW
1121,CTU44,2011-08-13T13:34:00+00:00,RBot,0.9995973228725508,Murlo,0.9992599698249012,0.0038291098504425,0.002476506218392315,"[""state_entropy_change"", ""state_top_probability_change"", ""state_iat_change""]",LOW
1122,CTU44,2011-08-13T13:36:00+00:00,RBot,0.9996324343587508,Murlo,0.9993254559878968,0.0035320050351669,0.002712053370004684,"[""state_entropy_change"", ""state_top_probability_change"", ""state_iat_change""]",LOW
1123,CTU44,2011-08-13T13:37:00+00:00,RBot,0.9881276112155638,Murlo,0.9769404671838658,0.0681013917755529,2.189344698869473,"[""state_iat_change"", ""state_directionality_change"", ""state_top_probability_change""]",LOW
1124,CTU44,2011-08-13T13:39:00+00:00,RBot,0.9996247748507784,Murlo,0.9993106941436652,0.0035955282955263,2.185441854282305,"[""state_iat_change"", ""state_directionality_change"", ""state_top_probability_change""]",LOW
1125,CTU44,2011-08-13T13:41:00+00:00,RBot,0.9996313877406128,Murlo,0.9993239793253188,0.0035423126442525,0.003434273260143257,"[""state_iat_change"", ""state_entropy_change"", ""state_top_probability_change""]",LOW
1126,CTU44,2011-08-13T13:43:00+00:00,RBot,0.9982901330687188,Murlo,0.9967798345478308,0.0135151818482585,24.12531834476866,"[""state_iat_change"", ""state_directionality_change"", ""state_destination_diversity_change""]",LOW
1127,CTU44,2011-08-13T13:44:00+00:00,RBot,0.9748444519230208,Murlo,0.9509404594855408,0.1242717482973312,27.03813468660233,"[""state_iat_change"", ""state_top_probability_change"", ""state_ack_rate_change""]",LOW
1128,CTU44,2011-08-13T13:45:00+00:00,RBot,0.9996313877406128,Murlo,0.9993239793253188,0.0035423126442525,3.879725159185907,"[""state_top_probability_change"", ""state_byte_rate_change"", ""state_entropy_change""]",LOW
1129,CTU44,2011-08-13T13:48:00+00:00,RBot,0.9995418706363528,Murlo,0.9991519843290332,0.0042778540203007,0.006517857332459121,"[""state_entropy_change"", ""state_top_probability_change"", ""state_iat_change""]",LOW
1130,CTU44,2011-08-13T13:50:00+00:00,RBot,0.9996336817345104,Murlo,0.999328822868182,0.0035245400394195,0.006699515880932291,"[""state_entropy_change"", ""state_top_probability_change"", ""state_iat_change""]",LOW
1131,CTU44,2011-08-13T13:52:00+00:00,RBot,0.9996336817345104,Murlo,0.999328822868182,0.0035245400394195,5.268600591412937e-05,"[""state_iat_change"", ""state_top_probability_change"", ""state_entropy_change""]",LOW
1132,CTU44,2011-08-13T13:54:00+00:00,RBot,0.9945706244640238,Murlo,0.98949736221414,0.0356174774827392,0.8802136186818195,"[""state_entropy_change"", ""state_top_probability_change"", ""state_directionality_change""]",LOW
1133,CTU44,2011-08-13T13:55:00+00:00,RBot,0.9989873275227384,Murlo,0.9981454401904168,0.0087153708304708,30.51032003674642,"[""state_iat_change"", ""state_destination_diversity_change"", ""state_port_diversity_change""]",LOW
1134,CTU44,2011-08-13T13:57:00+00:00,RBot,0.9996337645597568,Murlo,0.9993287891117248,0.0035232585404922,30.048564746140404,"[""state_iat_change"", ""state_directionality_change"", ""state_destination_diversity_change""]",LOW
1135,CTU44,2011-08-13T13:59:00+00:00,RBot,0.9996313877406128,Murlo,0.9993239793253188,0.0035423126442525,0.0011427844928047436,"[""state_iat_change"", ""state_entropy_change"", ""state_top_probability_change""]",LOW
1136,CTU44,2011-08-13T14:02:00+00:00,RBot,0.9995670295218916,Murlo,0.9992001628778092,0.0040725142786177,0.011302060940707114,"[""state_iat_change"", ""state_entropy_change"", ""state_top_probability_change""]",LOW
1137,CTU44,2011-08-13T14:04:00+00:00,RBot,0.999568944342621,Murlo,0.9992045592667926,0.00405924668448,0.007643973722631017,"[""state_iat_change"", ""state_entropy_change"", ""state_top_probability_change""]",LOW
1138,CTU44,2011-08-13T14:06:00+00:00,RBot,0.9996336817345104,Murlo,0.999328822868182,0.0035245400394195,0.0055959459636875375,"[""state_entropy_change"", ""state_top_probability_change"", ""state_iat_change""]",LOW
1139,CTU44,2011-08-13T14:07:00+00:00,RBot,0.9946110550283694,Murlo,0.98957967584623,0.0354100111872867,0.8786748662584043,"[""state_entropy_change"", ""state_top_probability_change"", ""state_directionality_change""]",LOW
1140,CTU44,2011-08-13T14:08:00+00:00,RBot,0.9985291438091972,Murlo,0.9972287249106117,0.0118456405989679,10.428345483761387,"[""state_iat_change"", ""state_destination_diversity_change"", ""state_port_diversity_change""]",LOW
1141,CTU44,2011-08-13T14:11:00+00:00,RBot,0.999568944342621,Murlo,0.9992045592667926,0.00405924668448,10.023882783172198,"[""state_iat_change"", ""state_directionality_change"", ""state_destination_diversity_change""]",LOW
1142,CTU44,2011-08-13T14:13:00+00:00,RBot,0.9996320560499542,Murlo,0.9993275779324712,0.0035443062987946,0.006103678706481804,"[""state_entropy_change"", ""state_top_probability_change"", ""state_iat_change""]",LOW
1143,CTU44,2011-08-13T14:15:00+00:00,RBot,0.9996247748507784,Murlo,0.9993106941436652,0.0035955282955263,0.002176117168614354,"[""state_iat_change"", ""state_entropy_change"", ""state_top_probability_change""]",LOW
1144,CTU44,2011-08-13T14:16:00+00:00,RBot,0.9909925000170422,Murlo,0.9827394127878056,0.0549995313333301,3.047201299316376,"[""state_byte_rate_change"", ""state_ack_rate_change"", ""state_packet_rate_change""]",LOW
1145,CTU44,2011-08-13T14:18:00+00:00,RBot,0.9947584975817364,Murlo,0.9900002075186342,0.035067805815065,18.152195369243355,"[""state_iat_change"", ""state_byte_rate_change"", ""state_ack_rate_change""]",LOW
1146,CTU44,2011-08-13T14:20:00+00:00,RBot,0.9996188648162324,Murlo,0.9993016214109848,0.0036516085386115,17.103918924954446,"[""state_iat_change"", ""state_syn_rate_change"", ""state_port_diversity_change""]",LOW
1147,CTU44,2011-08-13T14:22:00+00:00,RBot,0.999605577570466,Murlo,0.9992758529222822,0.0037611850937706,0.001260596122109472,"[""state_entropy_change"", ""state_top_probability_change"", ""state_iat_change""]",LOW
1148,CTU44,2011-08-13T14:23:00+00:00,RBot,0.9856915039183776,Murlo,0.9720037203727792,0.0785120884849395,1.3567911515933453,"[""state_top_probability_change"", ""state_entropy_change"", ""state_directionality_change""]",LOW
1149,CTU44,2011-08-13T14:25:00+00:00,RBot,0.9995575557848864,Murlo,0.9991838963610328,0.0041558226980626,1.358934679747664,"[""state_top_probability_change"", ""state_entropy_change"", ""state_directionality_change""]",LOW
1150,CTU44,2011-08-13T14:27:00+00:00,RBot,0.9996064845397816,Murlo,0.999277565480452,0.0037537968237826,0.009068483398822397,"[""state_iat_change"", ""state_entropy_change"", ""state_top_probability_change""]",LOW
1151,CTU44,2011-08-13T14:29:00+00:00,RBot,0.9985166667227574,Murlo,0.9972029971439954,0.0119258031443365,22.651961793601043,"[""state_iat_change"", ""state_directionality_change"", ""state_destination_diversity_change""]",LOW
1152,CTU44,2011-08-13T14:30:00+00:00,RBot,0.9946110550283694,Murlo,0.98957967584623,0.0354100111872867,23.050636003417683,"[""state_iat_change"", ""state_destination_diversity_change"", ""state_port_diversity_change""]",LOW
1153,CTU44,2011-08-13T14:31:00+00:00,RBot,0.998376960893122,Murlo,0.9969513940745356,0.0129416822414443,28.806644139048725,"[""state_iat_change"", ""state_destination_diversity_change"", ""state_port_diversity_change""]",LOW
1154,CTU44,2011-08-13T14:34:00+00:00,RBot,0.9982867628406714,Murlo,0.9967835080895036,0.0135733119720276,24.975802156586294,"[""state_iat_change"", ""state_entropy_change"", ""state_byte_rate_change""]",LOW
1155,CTU44,2011-08-13T14:36:00+00:00,RBot,0.9996336817345104,Murlo,0.999328822868182,0.0035245400394195,3.46398547900071,"[""state_iat_change"", ""state_directionality_change"", ""state_destination_diversity_change""]",LOW
1156,CTU44,2011-08-13T14:38:00+00:00,RBot,0.9996313877406128,Murlo,0.9993239793253188,0.0035423126442525,0.0002532171535207491,"[""state_iat_change"", ""state_entropy_change"", ""state_top_probability_change""]",LOW
1157,CTU44,2011-08-13T14:41:00+00:00,RBot,0.999627124296394,Murlo,0.9993156484588588,0.0035773627046008,0.002525799725428001,"[""state_iat_change"", ""state_entropy_change"", ""state_top_probability_change""]",LOW
1158,CTU44,2011-08-13T14:42:00+00:00,RBot,0.9532442791878796,Murlo,0.9085244006829756,0.2002380790874312,10.42262581061219,"[""state_iat_change"", ""state_top_probability_change"", ""state_entropy_change""]",LOW
1159,CTU44,2011-08-13T14:43:00+00:00,RBot,0.9995484702777832,Murlo,0.9991654118626578,0.0042267295998135,10.419444232822675,"[""state_iat_change"", ""state_top_probability_change"", ""state_entropy_change""]",LOW
1160,CTU44,2011-08-13T14:44:00+00:00,RBot,0.645226055344612,Murlo,0.2950499607179191,0.6822253116224085,14.695573000698465,"[""state_top_probability_change"", ""state_entropy_change"", ""state_directionality_change""]",MEDIUM
1161,CTU44,2011-08-13T14:45:00+00:00,RBot,0.996619493433044,Murlo,0.9936702676268228,0.0245818906953862,14.506798299616795,"[""state_top_probability_change"", ""state_entropy_change"", ""state_directionality_change""]",LOW
1162,CTU44,2011-08-13T14:48:00+00:00,RBot,0.9919491459343476,Murlo,0.9845585209025476,0.0499903965420486,3.1213079530018315,"[""state_byte_rate_change"", ""state_ack_rate_change"", ""state_packet_rate_change""]",LOW
1163,CTU44,2011-08-13T14:50:00+00:00,RBot,0.9996247748507784,Murlo,0.9993106941436652,0.0035955282955263,3.3167976342398937,"[""state_byte_rate_change"", ""state_ack_rate_change"", ""state_packet_rate_change""]",LOW
1164,CTU44,2011-08-13T14:52:00+00:00,RBot,0.9995483905667576,Murlo,0.9991654785805985,0.0042280733225387,0.005548170753101059,"[""state_entropy_change"", ""state_top_probability_change"", ""state_iat_change""]",LOW
1165,CTU44,2011-08-13T14:54:00+00:00,RBot,0.9965100633300829,Murlo,0.9932671322101088,0.0244823785080066,0.8237276527614584,"[""state_iat_change"", ""state_directionality_change"", ""state_entropy_change""]",LOW
1166,CTU44,2011-08-13T14:57:00+00:00,RBot,0.9996247748507784,Murlo,0.9993106941436652,0.0035955282955263,0.8293143550711245,"[""state_iat_change"", ""state_directionality_change"", ""state_entropy_change""]",LOW
1167,CTU44,2011-08-13T14:59:00+00:00,RBot,0.9996247748507784,Murlo,0.9993106941436652,0.0035955282955263,0.0008917303090542204,"[""state_iat_change"", ""state_top_probability_change"", ""state_entropy_change""]",LOW
1168,CTU44,2011-08-13T15:01:00+00:00,RBot,0.9996313877406128,Murlo,0.9993239793253188,0.0035423126442525,0.0012303730724513497,"[""state_iat_change"", ""state_entropy_change"", ""state_top_probability_change""]",LOW
1169,CTU44,2011-08-13T15:04:00+00:00,RBot,0.9983566372096436,Murlo,0.9968921709149804,0.0130114071261287,23.54552175904685,"[""state_iat_change"", ""state_directionality_change"", ""state_destination_diversity_change""]",LOW
1170,CTU44,2011-08-13T15:05:00+00:00,RBot,0.9794989116027591,Murlo,0.9604775925733756,0.1073576958334108,24.900356952114464,"[""state_iat_change"", ""state_rst_rate_change"", ""state_syn_rate_change""]",LOW
1171,CTU44,2011-08-13T15:06:00+00:00,RBot,0.9983462773534064,Murlo,0.9968898037718006,0.0131416250867795,19.285123130134597,"[""state_iat_change"", ""state_rst_rate_change"", ""state_syn_rate_change""]",LOW
1172,CTU44,2011-08-13T15:07:00+00:00,RBot,0.972845685839395,Murlo,0.9495162803031856,0.1409051963834683,39.49511337491986,"[""state_iat_change"", ""state_ack_rate_change"", ""state_byte_rate_change""]",LOW
1173,CTU44,2011-08-13T15:08:00+00:00,RBot,0.988077412297482,Murlo,0.9805075859681393,0.0779415782251892,62.935650401797126,"[""state_ack_rate_change"", ""state_byte_rate_change"", ""state_packet_rate_change""]",LOW
1174,CTU44,2011-08-13T15:09:00+00:00,RBot,0.9860128990112484,Murlo,0.977904000509828,0.0904648118927792,2.433850373185408,"[""state_byte_rate_change"", ""state_ack_rate_change"", ""state_packet_rate_change""]",LOW
1175,CTU44,2011-08-13T15:10:00+00:00,RBot,0.9902804675677068,Murlo,0.9840821166173732,0.0656127120246703,3.5897652036677083,"[""state_byte_rate_change"", ""state_ack_rate_change"", ""state_packet_rate_change""]",LOW
1176,CTU44,2011-08-13T15:11:00+00:00,RBot,0.9868437620078926,Murlo,0.97869484778284,0.0850005944462227,1.7588069572662006,"[""state_ack_rate_change"", ""state_syn_rate_change"", ""state_port_diversity_change""]",LOW
1177,CTU44,2011-08-13T15:12:00+00:00,RBot,0.9898398052344158,Murlo,0.9833845032387268,0.0682061873474008,1.4160307215120638,"[""state_byte_rate_change"", ""state_syn_rate_change"", ""state_port_diversity_change""]",LOW
1178,CTU44,2011-08-13T15:13:00+00:00,RBot,0.9871961687623402,Murlo,0.9793239113208388,0.083291042463775,4.34840280508585,"[""state_ack_rate_change"", ""state_packet_rate_change"", ""state_byte_rate_change""]",LOW
1179,CTU44,2011-08-13T15:14:00+00:00,RBot,0.9849534374265312,Murlo,0.9736101203328908,0.0913569250186339,51.155598598703996,"[""state_ack_rate_change"", ""state_byte_rate_change"", ""state_packet_rate_change""]",LOW
1180,CTU44,2011-08-13T15:15:00+00:00,RBot,0.9996188648162324,Murlo,0.9993016214109848,0.0036516085386115,37.22379882645901,"[""state_ack_rate_change"", ""state_byte_rate_change"", ""state_packet_rate_change""]",LOW
1181,CTU44,2011-08-13T15:17:00+00:00,RBot,0.9995787899049492,Murlo,0.9992235143879704,0.0039791476447214,0.003799438520700554,"[""state_entropy_change"", ""state_top_probability_change"", ""state_iat_change""]",LOW
1182,CTU44,2011-08-13T15:18:00+00:00,RBot,0.9945706244640238,Murlo,0.98949736221414,0.0356174774827392,0.875686473409539,"[""state_entropy_change"", ""state_top_probability_change"", ""state_directionality_change""]",LOW
1183,CTU44,2011-08-13T15:19:00+00:00,RBot,0.985581165693375,Murlo,0.9717804239263076,0.0789714165536769,0.49042457321173716,"[""state_top_probability_change"", ""state_entropy_change"", ""state_byte_rate_change""]",LOW
1184,CTU44,2011-08-13T15:20:00+00:00,RBot,0.9960972858223056,Murlo,0.9926850887141614,0.0276489611576982,4.321608355475175,"[""state_iat_change"", ""state_ack_rate_change"", ""state_byte_rate_change""]",LOW
1185,CTU44,2011-08-13T15:22:00+00:00,RBot,0.9996313877406128,Murlo,0.9993239793253188,0.0035423126442525,3.7339418155962965,"[""state_iat_change"", ""state_byte_rate_change"", ""state_ack_rate_change""]",LOW
1186,CTU44,2011-08-13T15:24:00+00:00,RBot,0.9996313877406128,Murlo,0.9993239793253188,0.0035423126442525,0.0003043206610265212,"[""state_iat_change"", ""state_top_probability_change"", ""state_entropy_change""]",LOW
1187,CTU44,2011-08-13T15:27:00+00:00,RBot,0.9996188648162324,Murlo,0.9993016214109848,0.0036516085386115,0.000962293861771408,"[""state_entropy_change"", ""state_top_probability_change"", ""state_iat_change""]",LOW
1188,CTU44,2011-08-13T15:29:00+00:00,RBot,0.999571766888378,Murlo,0.9992102655572536,0.004037087356283,0.0035350958930197977,"[""state_entropy_change"", ""state_top_probability_change"", ""state_iat_change""]",LOW
1189,CTU44,2011-08-13T15:30:00+00:00,RBot,0.9945706244640238,Murlo,0.98949736221414,0.0356174774827392,0.8753550185673548,"[""state_entropy_change"", ""state_top_probability_change"", ""state_directionality_change""]",LOW
1190,CTU44,2011-08-13T15:31:00+00:00,RBot,0.9996247748507784,Murlo,0.9993106941436652,0.0035955282955263,0.8794875536155091,"[""state_entropy_change"", ""state_top_probability_change"", ""state_directionality_change""]",LOW
1191,CTU44,2011-08-13T15:34:00+00:00,RBot,0.9995973228725508,Murlo,0.9992599698249012,0.0038291098504425,0.002269971648929891,"[""state_entropy_change"", ""state_top_probability_change"", ""state_iat_change""]",LOW
1192,CTU44,2011-08-13T15:36:00+00:00,RBot,0.999629533115466,Murlo,0.9993205224266908,0.0035580824793792,0.00240067370475637,"[""state_entropy_change"", ""state_top_probability_change"", ""state_iat_change""]",LOW
1193,CTU44,2011-08-13T15:38:00+00:00,RBot,0.9996313877406128,Murlo,0.9993239793253188,0.0035423126442525,0.0006519710260699517,"[""state_iat_change"", ""state_entropy_change"", ""state_top_probability_change""]",LOW
1194,CTU44,2011-08-13T15:40:00+00:00,RBot,0.9996313877406128,Murlo,0.9993239793253188,0.0035423126442525,1.2319613323110555e-05,"[""state_iat_change"", ""state_top_probability_change"", ""state_entropy_change""]",LOW
1195,CTU44,2011-08-13T15:43:00+00:00,RBot,0.9977200320075128,Murlo,0.9956887213919132,0.0172986268448744,2.234162971376726,"[""state_iat_change"", ""state_directionality_change"", ""state_destination_diversity_change""]",LOW
1196,CTU44,2011-08-13T15:45:00+00:00,RBot,0.999629533115466,Murlo,0.9993205224266908,0.0035580824793792,2.2345288101066987,"[""state_iat_change"", ""state_directionality_change"", ""state_destination_diversity_change""]",LOW
1197,CTU44,2011-08-13T15:47:00+00:00,RBot,0.9903305381723008,Murlo,0.981262909541373,0.0576264891506608,5.648010334521554,"[""state_iat_change"", ""state_directionality_change"", ""state_top_probability_change""]",LOW
1198,CTU44,2011-08-13T15:50:00+00:00,RBot,0.9995425821712404,Murlo,0.9991581227497648,0.0042872820256483,5.641806601971219,"[""state_iat_change"", ""state_directionality_change"", ""state_top_probability_change""]",LOW
1199,CTU44,2011-08-13T15:52:00+00:00,RBot,0.9937105568998328,Murlo,0.9880246724694282,0.0409587407010401,4.877442277475288,"[""state_iat_change"", ""state_byte_rate_change"", ""state_ack_rate_change""]",LOW
1200,CTU44,2011-08-13T15:54:00+00:00,RBot,0.9996064845397816,Murlo,0.999277565480452,0.0037537968237826,4.882149910057341,"[""state_iat_change"", ""state_byte_rate_change"", ""state_ack_rate_change""]",LOW
1201,CTU44,2011-08-13T15:55:00+00:00,RBot,0.9945706244640238,Murlo,0.98949736221414,0.0356174774827392,0.877640904425149,"[""state_entropy_change"", ""state_top_probability_change"", ""state_directionality_change""]",LOW
1202,CTU44,2011-08-13T15:57:00+00:00,RBot,0.999568944342621,Murlo,0.9992045592667926,0.00405924668448,0.8752685152688019,"[""state_entropy_change"", ""state_top_probability_change"", ""state_directionality_change""]",LOW
1203,CTU44,2011-08-13T15:59:00+00:00,RBot,0.9995815501947743,Murlo,0.9992283756562168,0.0039547027088543,0.0014199943200711204,"[""state_iat_change"", ""state_entropy_change"", ""state_top_probability_change""]",LOW
1204,CTU44,2011-08-13T16:01:00+00:00,RBot,0.9955053007546184,Murlo,0.9912452260551528,0.0300545396498868,0.25367380440553927,"[""state_entropy_change"", ""state_top_probability_change"", ""state_iat_change""]",LOW
1205,CTU44,2011-08-13T16:03:00+00:00,RBot,0.9996247748507784,Murlo,0.9993106941436652,0.0035955282955263,0.25640679433520613,"[""state_entropy_change"", ""state_top_probability_change"", ""state_iat_change""]",LOW
1206,CTU44,2011-08-13T16:06:00+00:00,RBot,0.9996188775221124,Murlo,0.9993008151202936,0.0036491126985412,0.0008022929696188428,"[""state_iat_change"", ""state_entropy_change"", ""state_top_probability_change""]",LOW
1207,CTU44,2011-08-13T16:07:00+00:00,RBot,0.9945706244640238,Murlo,0.98949736221414,0.0356174774827392,0.878622351982111,"[""state_entropy_change"", ""state_top_probability_change"", ""state_directionality_change""]",LOW
1208,CTU44,2011-08-13T16:08:00+00:00,RBot,0.9995973228725508,Murlo,0.9992599698249012,0.0038291098504425,0.8774440531561781,"[""state_entropy_change"", ""state_top_probability_change"", ""state_directionality_change""]",LOW
1209,CTU44,2011-08-13T16:10:00+00:00,RBot,0.9984183690805978,Murlo,0.9970327075407928,0.0126646730693333,4.6185282396531155,"[""state_iat_change"", ""state_directionality_change"", ""state_destination_diversity_change""]",LOW
1210,CTU44,2011-08-13T16:11:00+00:00,RBot,0.9443137141624256,Murlo,0.8959842685835816,0.2480096609536706,7.848189476983301,"[""state_iat_change"", ""state_top_probability_change"", ""state_entropy_change""]",LOW
1211,CTU44,2011-08-13T16:13:00+00:00,RBot,0.9995139507630156,Murlo,0.9990976631123624,0.0045014127798557,3.5014905513224073,"[""state_top_probability_change"", ""state_entropy_change"", ""state_byte_rate_change""]",LOW
1212,CTU44,2011-08-13T16:15:00+00:00,RBot,0.9996313877406128,Murlo,0.9993239793253188,0.0035423126442525,0.00856990454333822,"[""state_entropy_change"", ""state_top_probability_change"", ""state_iat_change""]",LOW
1213,CTU44,2011-08-13T16:17:00+00:00,RBot,0.9892840388274728,Murlo,0.979390274860712,0.0633074578233588,5.543197857004242,"[""state_iat_change"", ""state_rst_rate_change"", ""state_port_diversity_change""]",LOW
1214,CTU44,2011-08-13T16:18:00+00:00,RBot,0.9845077677983336,Murlo,0.9696818264029228,0.0836994865364855,5.082180411931813,"[""state_iat_change"", ""state_rst_rate_change"", ""state_port_diversity_change""]",LOW
1215,CTU44,2011-08-13T16:19:00+00:00,RBot,0.9774432390650292,Murlo,0.9557931288145276,0.1129574506084935,10.100967714707972,"[""state_iat_change"", ""state_top_probability_change"", ""state_rst_rate_change""]",LOW
1216,CTU44,2011-08-13T16:20:00+00:00,RBot,0.9996333049131216,Murlo,0.9993270765681938,0.0035248090127001,10.94196062604307,"[""state_iat_change"", ""state_top_probability_change"", ""state_entropy_change""]",LOW
1217,CTU44,2011-08-13T16:22:00+00:00,RBot,0.9996336817345104,Murlo,0.999328822868182,0.0035245400394195,0.0006801532794620937,"[""state_iat_change"", ""state_top_probability_change"", ""state_entropy_change""]",LOW
1218,CTU44,2011-08-13T16:24:00+00:00,RBot,0.996269784019733,Murlo,0.993055584568132,0.026768093378113,5.749226916635102,"[""state_iat_change"", ""state_byte_rate_change"", ""state_ack_rate_change""]",LOW
1219,CTU44,2011-08-13T16:25:00+00:00,RBot,0.9904054256736806,Murlo,0.9813353134546948,0.0569362267177932,4.786022970456633,"[""state_iat_change"", ""state_ack_rate_change"", ""state_byte_rate_change""]",LOW
1220,CTU44,2011-08-13T16:26:00+00:00,RBot,0.9986094247517554,Murlo,0.9973827479674507,0.0112876031154737,27.969501108563083,"[""state_iat_change"", ""state_rst_rate_change"", ""state_top_probability_change""]",LOW
1221,CTU44,2011-08-13T16:29:00+00:00,RBot,0.9995437187231616,Murlo,0.9991580869480448,0.0042715232977478,28.298474026102014,"[""state_iat_change"", ""state_directionality_change"", ""state_destination_diversity_change""]",LOW
1222,CTU44,2011-08-13T16:31:00+00:00,RBot,0.9925180469560324,Murlo,0.9857478197070932,0.047446474421763,14.248280834252197,"[""state_iat_change"", ""state_directionality_change"", ""state_top_probability_change""]",LOW
1223,CTU44,2011-08-13T16:33:00+00:00,RBot,0.9995973228725508,Murlo,0.9992599698249012,0.0038291098504425,14.251782793415714,"[""state_iat_change"", ""state_directionality_change"", ""state_top_probability_change""]",LOW
1224,CTU44,2011-08-13T16:36:00+00:00,RBot,0.9996247748507784,Murlo,0.9993106941436652,0.0035955282955263,0.002045597414787861,"[""state_entropy_change"", ""state_top_probability_change"", ""state_iat_change""]",LOW
1225,CTU44,2011-08-13T16:38:00+00:00,RBot,0.9996272045123296,Murlo,0.9993156095634944,0.0035760999291675,0.00029854588622808934,"[""state_iat_change"", ""state_entropy_change"", ""state_top_probability_change""]",LOW
1226,CTU44,2011-08-13T16:39:00+00:00,RBot,0.8239555818587505,Murlo,0.65562149938104,0.5085417344376623,20.444265253383104,"[""state_iat_change"", ""state_top_probability_change"", ""state_entropy_change""]",MEDIUM
1227,CTU44,2011-08-13T16:40:00+00:00,RBot,0.9863714215010886,Murlo,0.9737167894839732,0.0769128783462686,16.299141059840306,"[""state_iat_change"", ""state_top_probability_change"", ""state_entropy_change""]",LOW
1228,CTU44,2011-08-13T16:41:00+00:00,RBot,0.9520018209525118,Murlo,0.9054392532014562,0.2010308971257188,15.670811221166558,"[""state_iat_change"", ""state_top_probability_change"", ""state_rst_rate_change""]",LOW
1229,CTU44,2011-08-13T16:42:00+00:00,RBot,0.9976811222340088,Murlo,0.9956472186029326,0.0176751619416968,14.053764139153598,"[""state_iat_change"", ""state_top_probability_change"", ""state_entropy_change""]",LOW
1230,CTU44,2011-08-13T16:43:00+00:00,RBot,0.9978740318324152,Murlo,0.995951922256554,0.0161733589279079,29.470434256745154,"[""state_iat_change"", ""state_rst_rate_change"", ""state_directionality_change""]",LOW
1231,CTU44,2011-08-13T16:45:00+00:00,RBot,0.9996247748507784,Murlo,0.9993106941436652,0.0035955282955263,0.5447537799970265,"[""state_directionality_change"", ""state_destination_diversity_change"", ""state_port_diversity_change""]",LOW
1232,CTU44,2011-08-13T16:47:00+00:00,RBot,0.994286746625842,Murlo,0.9891421583815534,0.0378755966717483,11.03944347423671,"[""state_iat_change"", ""state_rst_rate_change"", ""state_port_diversity_change""]",LOW
1233,CTU44,2011-08-13T16:48:00+00:00,RBot,0.9892526520634018,Murlo,0.9791141090264964,0.0626167678339637,4.114245027346052,"[""state_iat_change"", ""state_port_diversity_change"", ""state_rst_rate_change""]",LOW
1234,CTU44,2011-08-13T16:49:00+00:00,RBot,0.9971869221275004,Murlo,0.9946439717357802,0.0206206639228139,8.403060904554327,"[""state_iat_change"", ""state_rst_rate_change"", ""state_top_probability_change""]",LOW
1235,CTU44,2011-08-13T16:50:00+00:00,RBot,0.989361711006562,Murlo,0.9794057141972112,0.0624026776770107,14.661637267075433,"[""state_iat_change"", ""state_top_probability_change"", ""state_entropy_change""]",LOW
1236,CTU44,2011-08-13T16:51:00+00:00,RBot,0.9856915039183776,Murlo,0.9720037203727792,0.0785120884849395,6.236106243510673,"[""state_iat_change"", ""state_rst_rate_change"", ""state_directionality_change""]",LOW
1237,CTU44,2011-08-13T16:52:00+00:00,RBot,0.970936315411208,Murlo,0.9427758341227428,0.136836556155203,4.692153609834,"[""state_iat_change"", ""state_top_probability_change"", ""state_entropy_change""]",LOW
1238,CTU44,2011-08-13T16:54:00+00:00,RBot,0.9993763602673162,Murlo,0.998848850308482,0.0056428837371125,5.227551106345752,"[""state_iat_change"", ""state_top_probability_change"", ""state_entropy_change""]",LOW
1239,CTU44,2011-08-13T16:55:00+00:00,RBot,0.9286914873750154,Murlo,0.8627785543874908,0.2839245053863373,14.668421400363636,"[""state_iat_change"", ""state_top_probability_change"", ""state_entropy_change""]",LOW
1240,CTU44,2011-08-13T16:56:00+00:00,RBot,0.9920228249250788,Murlo,0.9850328109653248,0.0507437325409791,12.938873717303798,"[""state_iat_change"", ""state_top_probability_change"", ""state_entropy_change""]",LOW
1241,CTU44,2011-08-13T16:59:00+00:00,RBot,0.999568944342621,Murlo,0.9992045592667926,0.00405924668448,6.825190801468928,"[""state_iat_change"", ""state_byte_rate_change"", ""state_ack_rate_change""]",LOW
1242,CTU44,2011-08-13T17:00:00+00:00,RBot,0.9833652033198028,Murlo,0.967420046099484,0.0885568056242395,1.4257457823522717,"[""state_top_probability_change"", ""state_entropy_change"", ""state_rst_rate_change""]",LOW
1243,CTU44,2011-08-13T17:01:00+00:00,RBot,0.9996313877406128,Murlo,0.9993239793253188,0.0035423126442525,1.4309962451222316,"[""state_top_probability_change"", ""state_entropy_change"", ""state_rst_rate_change""]",LOW
1244,CTU44,2011-08-13T17:03:00+00:00,RBot,0.9996360381484688,Murlo,0.9993335920773104,0.0035056314176816,0.0013375204719835948,"[""state_iat_change"", ""state_entropy_change"", ""state_top_probability_change""]",LOW
1245,CTU44,2011-08-13T17:06:00+00:00,RBot,0.9996297728429284,Murlo,0.9993227483573882,0.0035619780215783,0.0005961994258485739,"[""state_entropy_change"", ""state_top_probability_change"", ""state_iat_change""]",LOW
1246,CTU44,2011-08-13T17:07:00+00:00,RBot,0.942339076329813,Murlo,0.8865169881312722,0.2312940645730175,16.06998825640479,"[""state_iat_change"", ""state_top_probability_change"", ""state_entropy_change""]",LOW
1247,CTU44,2011-08-13T17:08:00+00:00,RBot,0.9996247748507784,Murlo,0.9993106941436652,0.0035955282955263,16.06716074233939,"[""state_iat_change"", ""state_top_probability_change"", ""state_entropy_change""]",LOW
1248,CTU44,2011-08-13T17:10:00+00:00,RBot,0.9948521132261676,Murlo,0.990325908943478,0.0351443742657554,0.3029956098304721,"[""state_entropy_change"", ""state_top_probability_change"", ""state_iat_change""]",LOW
1249,CTU44,2011-08-13T17:12:00+00:00,RBot,0.9996337645597568,Murlo,0.9993287891117248,0.0035232585404922,0.3019554481469027,"[""state_entropy_change"", ""state_top_probability_change"", ""state_iat_change""]",LOW
1250,CTU44,2011-08-13T17:13:00+00:00,RBot,0.9893340684825024,Murlo,0.9793211606640022,0.0624167026912274,3.9840696630401466,"[""state_iat_change"", ""state_rst_rate_change"", ""state_syn_rate_change""]",LOW
1251,CTU44,2011-08-13T17:15:00+00:00,RBot,0.9993315690251796,Murlo,0.9987526111074858,0.0059548678723593,3.962538070642408,"[""state_iat_change"", ""state_rst_rate_change"", ""state_syn_rate_change""]",LOW
1252,CTU44,2011-08-13T17:17:00+00:00,RBot,0.9996419848236424,Murlo,0.999344747830876,0.0034554212511724,0.022222254635830635,"[""state_entropy_change"", ""state_top_probability_change"", ""state_iat_change""]",LOW
1253,CTU44,2011-08-13T17:19:00+00:00,RBot,0.998362290452432,Murlo,0.9969225990368829,0.0130397163629163,22.296931276190936,"[""state_iat_change"", ""state_directionality_change"", ""state_destination_diversity_change""]",LOW
1254,CTU44,2011-08-13T17:21:00+00:00,RBot,0.9443137141624256,Murlo,0.8959842685835816,0.2480096609536706,25.51023060464978,"[""state_iat_change"", ""state_top_probability_change"", ""state_entropy_change""]",LOW
1255,CTU44,2011-08-13T17:22:00+00:00,RBot,0.9996188648162324,Murlo,0.9993016214109848,0.0036516085386115,3.5103217355144607,"[""state_top_probability_change"", ""state_entropy_change"", ""state_byte_rate_change""]",LOW
1256,CTU44,2011-08-13T17:24:00+00:00,RBot,0.9996273270760182,Murlo,0.9993170383152848,0.0035788197451747,0.0010564070939143762,"[""state_iat_change"", ""state_entropy_change"", ""state_top_probability_change""]",LOW
1257,CTU44,2011-08-13T17:26:00+00:00,RBot,0.9996208279962486,Murlo,0.9993081181860768,0.0036438271477525,0.0019136712013112604,"[""state_iat_change"", ""state_entropy_change"", ""state_top_probability_change""]",LOW
1258,CTU44,2011-08-13T17:27:00+00:00,RBot,0.985581165693375,Murlo,0.9717804239263076,0.0789714165536769,1.3638732215433318,"[""state_top_probability_change"", ""state_entropy_change"", ""state_directionality_change""]",LOW
1259,CTU44,2011-08-13T17:28:00+00:00,RBot,0.990906477878669,Murlo,0.9826229924580604,0.055612656374041,2.7995442340852894,"[""state_ack_rate_change"", ""state_byte_rate_change"", ""state_packet_rate_change""]",LOW
1260,CTU44,2011-08-13T17:29:00+00:00,RBot,0.9996188648162324,Murlo,0.9993016214109848,0.0036516085386115,3.051090075366726,"[""state_byte_rate_change"", ""state_ack_rate_change"", ""state_packet_rate_change""]",LOW
1261,CTU44,2011-08-13T17:31:00+00:00,RBot,0.9981129434977452,Murlo,0.9964534731908832,0.014753346089671,6.252618389063474,"[""state_iat_change"", ""state_directionality_change"", ""state_destination_diversity_change""]",LOW
1262,CTU44,2011-08-13T17:32:00+00:00,RBot,0.9856915039183776,Murlo,0.9720037203727792,0.0785120884849395,7.085326254018774,"[""state_iat_change"", ""state_top_probability_change"", ""state_entropy_change""]",LOW
1263,CTU44,2011-08-13T17:33:00+00:00,RBot,0.9996313877406128,Murlo,0.9993239793253188,0.0035423126442525,1.3618837251232367,"[""state_top_probability_change"", ""state_entropy_change"", ""state_directionality_change""]",LOW
1264,CTU44,2011-08-13T17:35:00+00:00,RBot,0.9994356255687712,Murlo,0.9989478402140476,0.0051278941388251,0.017071690921498447,"[""state_entropy_change"", ""state_top_probability_change"", ""state_iat_change""]",LOW
1265,CTU44,2011-08-13T17:37:00+00:00,RBot,0.9856915039183776,Murlo,0.9720037203727792,0.0785120884849395,1.3448120342017347,"[""state_top_probability_change"", ""state_entropy_change"", ""state_directionality_change""]",LOW
1266,CTU44,2011-08-13T17:38:00+00:00,RBot,0.99961446727083,Murlo,0.9992921965277036,0.0036852176053095,1.3574552941709388,"[""state_top_probability_change"", ""state_entropy_change"", ""state_directionality_change""]",LOW
1267,CTU44,2011-08-13T17:40:00+00:00,RBot,0.999568944342621,Murlo,0.9992045592667926,0.00405924668448,0.004138628995929717,"[""state_entropy_change"", ""state_top_probability_change"", ""state_iat_change""]",LOW
1268,CTU44,2011-08-13T17:42:00+00:00,RBot,0.9996313877406128,Murlo,0.9993239793253188,0.0035423126442525,0.004462007517273951,"[""state_entropy_change"", ""state_top_probability_change"", ""state_iat_change""]",LOW
1269,CTU44,2011-08-13T17:43:00+00:00,RBot,0.9945706244640238,Murlo,0.98949736221414,0.0356174774827392,0.8804264498791189,"[""state_entropy_change"", ""state_top_probability_change"", ""state_directionality_change""]",LOW
1270,CTU44,2011-08-13T17:44:00+00:00,RBot,0.9972827956391288,Murlo,0.9949233015415162,0.020348852324887,5.547100190927235,"[""state_iat_change"", ""state_rst_rate_change"", ""state_directionality_change""]",LOW
1271,CTU44,2011-08-13T17:45:00+00:00,RBot,0.9885330723480396,Murlo,0.9781245857814088,0.0675947431695708,5.1494461150583195,"[""state_iat_change"", ""state_rst_rate_change"", ""state_port_diversity_change""]",LOW
1272,CTU44,2011-08-13T17:47:00+00:00,RBot,0.99856959510686,Murlo,0.9973092651297264,0.0115749729395917,13.498467701167032,"[""state_iat_change"", ""state_rst_rate_change"", ""state_syn_rate_change""]",LOW
1273,CTU44,2011-08-13T17:49:00+00:00,RBot,0.9345525170469188,Murlo,0.8729034883692843,0.2619006697089407,13.81328211650114,"[""state_iat_change"", ""state_top_probability_change"", ""state_entropy_change""]",LOW
1274,CTU44,2011-08-13T17:52:00+00:00,RBot,0.9885034258758346,Murlo,0.9775782928479716,0.065898994746613,7.472943921464279,"[""state_iat_change"", ""state_top_probability_change"", ""state_entropy_change""]",LOW
1275,CTU44,2011-08-13T17:54:00+00:00,RBot,0.9996336817345104,Murlo,0.999328822868182,0.0035245400394195,7.374556227311312,"[""state_iat_change"", ""state_directionality_change"", ""state_top_probability_change""]",LOW
1276,CTU44,2011-08-13T17:55:00+00:00,RBot,0.9946110550283694,Murlo,0.98957967584623,0.0354100111872867,0.8777346438543545,"[""state_entropy_change"", ""state_top_probability_change"", ""state_directionality_change""]",LOW
1277,CTU44,2011-08-13T17:56:00+00:00,RBot,0.9996247748507784,Murlo,0.9993106941436652,0.0035955282955263,0.8772001880931346,"[""state_entropy_change"", ""state_top_probability_change"", ""state_directionality_change""]",LOW
1278,CTU44,2011-08-13T17:58:00+00:00,RBot,0.9995617971874362,Murlo,0.999191231005998,0.0041189736917533,0.0047633524055190075,"[""state_entropy_change"", ""state_top_probability_change"", ""state_iat_change""]",LOW
1279,CTU44,2011-08-13T18:00:00+00:00,RBot,0.9859321334551469,Murlo,0.9728159071701168,0.0787495386462389,3.312490636588757,"[""state_byte_rate_change"", ""state_ack_rate_change"", ""state_top_probability_change""]",LOW
1280,CTU44,2011-08-13T18:01:00+00:00,RBot,0.9996247748507784,Murlo,0.9993106941436652,0.0035955282955263,3.3173441580790257,"[""state_byte_rate_change"", ""state_ack_rate_change"", ""state_top_probability_change""]",LOW
1281,CTU44,2011-08-13T18:02:00+00:00,RBot,0.985581165693375,Murlo,0.9717804239263076,0.0789714165536769,1.3643229589020087,"[""state_top_probability_change"", ""state_entropy_change"", ""state_directionality_change""]",LOW
1282,CTU44,2011-08-13T18:03:00+00:00,RBot,0.9996247748507784,Murlo,0.9993106941436652,0.0035955282955263,1.3643129983635773,"[""state_top_probability_change"", ""state_entropy_change"", ""state_directionality_change""]",LOW
1283,CTU44,2011-08-13T18:05:00+00:00,RBot,0.999600751887892,Murlo,0.9992666985057052,0.0038012678283904,0.0020095709056708057,"[""state_entropy_change"", ""state_top_probability_change"", ""state_iat_change""]",LOW
1284,CTU44,2011-08-13T18:07:00+00:00,RBot,0.9945706244640238,Murlo,0.98949736221414,0.0356174774827392,0.8775285717602929,"[""state_entropy_change"", ""state_top_probability_change"", ""state_directionality_change""]",LOW
1285,CTU44,2011-08-13T18:08:00+00:00,RBot,0.9794880697421872,Murlo,0.9603137414092467,0.1068568043542378,10.946167140753374,"[""state_iat_change"", ""state_rst_rate_change"", ""state_port_diversity_change""]",LOW
1286,CTU44,2011-08-13T18:10:00+00:00,RBot,0.9996313877406128,Murlo,0.9993239793253188,0.0035423126442525,10.739290104048997,"[""state_iat_change"", ""state_rst_rate_change"", ""state_top_probability_change""]",LOW
1287,CTU44,2011-08-13T18:11:00+00:00,RBot,0.994528116089278,Murlo,0.98958333012191,0.0364363661308594,4.163173767123101,"[""state_iat_change"", ""state_rst_rate_change"", ""state_syn_rate_change""]",LOW
1288,CTU44,2011-08-13T18:12:00+00:00,RBot,0.9973777841791068,Murlo,0.9950275127148298,0.0194765760689519,5.890571749619585,"[""state_iat_change"", ""state_rst_rate_change"", ""state_syn_rate_change""]",LOW
1289,CTU44,2011-08-13T18:13:00+00:00,RBot,0.985581165693375,Murlo,0.9717804239263076,0.0789714165536769,8.72784196275398,"[""state_iat_change"", ""state_top_probability_change"", ""state_entropy_change""]",LOW
1290,CTU44,2011-08-13T18:15:00+00:00,RBot,0.9996272045123296,Murlo,0.9993156095634944,0.0035760999291675,1.3640529677393431,"[""state_top_probability_change"", ""state_entropy_change"", ""state_directionality_change""]",LOW
1291,CTU44,2011-08-13T18:17:00+00:00,RBot,0.9996313877406128,Murlo,0.9993239793253188,0.0035423126442525,0.000821737024611347,"[""state_iat_change"", ""state_entropy_change"", ""state_top_probability_change""]",LOW
1292,CTU44,2011-08-13T18:19:00+00:00,RBot,0.9982576012288258,Murlo,0.9967164869430352,0.013732346585805,13.791836706315452,"[""state_iat_change"", ""state_directionality_change"", ""state_destination_diversity_change""]",LOW
1293,CTU44,2011-08-13T18:21:00+00:00,RBot,0.9996254862753527,Murlo,0.9993134813220738,0.0035941095534867,13.791665381399367,"[""state_iat_change"", ""state_directionality_change"", ""state_destination_diversity_change""]",LOW
1294,CTU44,2011-08-13T18:24:00+00:00,RBot,0.9995025020321296,Murlo,0.9990755411060318,0.0045926038299466,0.008675785724975746,"[""state_entropy_change"", ""state_top_probability_change"", ""state_iat_change""]",LOW
1295,CTU44,2011-08-13T18:26:00+00:00,RBot,0.999627124296394,Murlo,0.9993156484588588,0.0035773627046008,0.008918390251941218,"[""state_entropy_change"", ""state_top_probability_change"", ""state_iat_change""]",LOW
1296,CTU44,2011-08-13T18:28:00+00:00,RBot,0.9996247748507784,Murlo,0.9993106941436652,0.0035955282955263,0.0012405788555778932,"[""state_iat_change"", ""state_entropy_change"", ""state_top_probability_change""]",LOW
1297,CTU44,2011-08-13T18:31:00+00:00,RBot,0.9980151415925838,Murlo,0.996272151097439,0.0154245192604796,4.125635486601683,"[""state_iat_change"", ""state_directionality_change"", ""state_destination_diversity_change""]",LOW
1298,CTU44,2011-08-13T18:32:00+00:00,RBot,0.9869171282121052,Murlo,0.9747271995193416,0.0742187878874527,6.389723871355398,"[""state_iat_change"", ""state_ack_rate_change"", ""state_byte_rate_change""]",LOW
1299,CTU44,2011-08-13T18:33:00+00:00,RBot,0.998437753985147,Murlo,0.9970663770234272,0.0125203062477392,8.88777586928727,"[""state_iat_change"", ""state_ack_rate_change"", ""state_byte_rate_change""]",LOW
1300,CTU44,2011-08-13T18:35:00+00:00,RBot,0.9996313877406128,Murlo,0.9993239793253188,0.0035423126442525,6.564778078325581,"[""state_iat_change"", ""state_directionality_change"", ""state_destination_diversity_change""]",LOW
1301,CTU44,2011-08-13T18:38:00+00:00,RBot,0.999627124296394,Murlo,0.9993156484588588,0.0035773627046008,0.0005853295673057926,"[""state_iat_change"", ""state_entropy_change"", ""state_top_probability_change""]",LOW
1302,CTU44,2011-08-13T18:40:00+00:00,RBot,0.999333786494186,Murlo,0.9987513027109672,0.0059189487577823,0.02086719955594563,"[""state_entropy_change"", ""state_top_probability_change"", ""state_iat_change""]",LOW
1303,CTU44,2011-08-13T18:42:00+00:00,RBot,0.999627124296394,Murlo,0.9993156484588588,0.0035773627046008,0.020762876021846975,"[""state_entropy_change"", ""state_top_probability_change"", ""state_iat_change""]",LOW
1304,CTU44,2011-08-13T18:43:00+00:00,RBot,0.9946110550283694,Murlo,0.98957967584623,0.0354100111872867,0.8773865225915646,"[""state_entropy_change"", ""state_top_probability_change"", ""state_directionality_change""]",LOW
1305,CTU44,2011-08-13T18:44:00+00:00,RBot,0.999568944342621,Murlo,0.9992045592667926,0.00405924668448,0.8734760312348154,"[""state_entropy_change"", ""state_top_probability_change"", ""state_directionality_change""]",LOW
1306,CTU44,2011-08-13T18:47:00+00:00,RBot,0.9995787899049492,Murlo,0.9992235143879704,0.0039791476447214,0.0014197786114029907,"[""state_iat_change"", ""state_entropy_change"", ""state_top_probability_change""]",LOW
1307,CTU44,2011-08-13T18:49:00+00:00,RBot,0.996619493433044,Murlo,0.9936702676268228,0.0245818906953862,0.19211873902067178,"[""state_entropy_change"", ""state_top_probability_change"", ""state_iat_change""]",LOW
1308,CTU44,2011-08-13T18:50:00+00:00,RBot,0.9837385587790008,Murlo,0.9681575919707568,0.0869708735437355,1.2154934814594573,"[""state_top_probability_change"", ""state_entropy_change"", ""state_rst_rate_change""]",LOW
1309,CTU44,2011-08-13T18:51:00+00:00,RBot,0.9996254862753527,Murlo,0.9993134813220738,0.0035941095534867,1.4104933471277796,"[""state_top_probability_change"", ""state_entropy_change"", ""state_rst_rate_change""]",LOW
1310,CTU44,2011-08-13T18:52:00+00:00,RBot,0.9851968469991788,Murlo,0.9711380675282112,0.0811413241166123,2.3412007908524535,"[""state_iat_change"", ""state_directionality_change"", ""state_top_probability_change""]",LOW
1311,CTU44,2011-08-13T18:53:00+00:00,RBot,0.9836132691436325,Murlo,0.9679039629291236,0.0874758386107355,2.0308146327144017,"[""state_iat_change"", ""state_directionality_change"", ""state_byte_rate_change""]",LOW
1312,CTU44,2011-08-13T18:54:00+00:00,RBot,0.99647884195935,Murlo,0.9934189723246168,0.0255058108011683,1.212757959025595,"[""state_top_probability_change"", ""state_entropy_change"", ""state_rst_rate_change""]",LOW
1313,CTU44,2011-08-13T18:55:00+00:00,RBot,0.9945706244640238,Murlo,0.98949736221414,0.0356174774827392,0.6752630192488646,"[""state_directionality_change"", ""state_iat_change"", ""state_ack_rate_change""]",LOW
1314,CTU44,2011-08-13T18:56:00+00:00,RBot,0.9996231374735282,Murlo,0.9993085232254798,0.0036122547063392,0.8791355036364555,"[""state_entropy_change"", ""state_top_probability_change"", ""state_directionality_change""]",LOW
1315,CTU44,2011-08-13T18:58:00+00:00,RBot,0.9995842853399473,Murlo,0.9992339058565132,0.0039331453555397,0.00289612766365792,"[""state_entropy_change"", ""state_top_probability_change"", ""state_iat_change""]",LOW
1316,CTU44,2011-08-13T19:01:00+00:00,RBot,0.9965431882346468,Murlo,0.9935481485170508,0.0251345470185463,0.1972223253198223,"[""state_entropy_change"", ""state_top_probability_change"", ""state_iat_change""]",LOW
1317,CTU44,2011-08-13T19:03:00+00:00,RBot,0.999568944342621,Murlo,0.9992045592667926,0.00405924668448,0.1962037588791257,"[""state_entropy_change"", ""state_top_probability_change"", ""state_iat_change""]",LOW
1318,CTU44,2011-08-13T19:04:00+00:00,RBot,0.971777285850408,Murlo,0.9448736344324258,0.1357932876991848,4.038768116010916,"[""state_top_probability_change"", ""state_entropy_change"", ""state_byte_rate_change""]",LOW
1319,CTU44,2011-08-13T19:05:00+00:00,RBot,0.9996247748507784,Murlo,0.9993106941436652,0.0035955282955263,4.042744956002078,"[""state_top_probability_change"", ""state_entropy_change"", ""state_byte_rate_change""]",LOW
1320,CTU44,2011-08-13T19:07:00+00:00,RBot,0.9983879347508549,Murlo,0.9969741788411772,0.0128725840515978,19.232310249441554,"[""state_iat_change"", ""state_directionality_change"", ""state_destination_diversity_change""]",LOW
1321,CTU44,2011-08-13T19:10:00+00:00,RBot,0.9996247748507784,Murlo,0.9993106941436652,0.0035955282955263,19.232128600674894,"[""state_iat_change"", ""state_directionality_change"", ""state_destination_diversity_change""]",LOW
1322,CTU44,2011-08-13T19:12:00+00:00,RBot,0.9995815501947743,Murlo,0.9992283756562168,0.0039547027088543,0.003280557423969802,"[""state_entropy_change"", ""state_top_probability_change"", ""state_iat_change""]",LOW
1323,CTU44,2011-08-13T19:13:00+00:00,RBot,0.9833652033198028,Murlo,0.967420046099484,0.0885568056242395,1.4269189912267315,"[""state_top_probability_change"", ""state_entropy_change"", ""state_rst_rate_change""]",LOW
1324,CTU44,2011-08-13T19:14:00+00:00,RBot,0.9996313877406128,Murlo,0.9993239793253188,0.0035423126442525,1.4300527462252761,"[""state_top_probability_change"", ""state_entropy_change"", ""state_rst_rate_change""]",LOW
1325,CTU44,2011-08-13T19:17:00+00:00,RBot,0.999568944342621,Murlo,0.9992045592667926,0.00405924668448,0.004540905466428799,"[""state_entropy_change"", ""state_top_probability_change"", ""state_iat_change""]",LOW
1326,CTU44,2011-08-13T19:19:00+00:00,RBot,0.9980521614504388,Murlo,0.9963265152850744,0.0151216214201142,7.240542461264312,"[""state_iat_change"", ""state_directionality_change"", ""state_destination_diversity_change""]",LOW
1327,CTU44,2011-08-13T19:20:00+00:00,RBot,0.9952022428257512,Murlo,0.990892087000299,0.0326778067949175,3.1064734597731385,"[""state_iat_change"", ""state_rst_rate_change"", ""state_syn_rate_change""]",LOW
1328,CTU44,2011-08-13T19:21:00+00:00,RBot,0.9574231254593056,Murlo,0.9180822706692022,0.1923535935365561,31.638878727241178,"[""state_iat_change"", ""state_top_probability_change"", ""state_entropy_change""]",LOW
1329,CTU44,2011-08-13T19:23:00+00:00,RBot,0.9980819003653908,Murlo,0.9963624188164372,0.0148604100445142,36.21775503472191,"[""state_iat_change"", ""state_top_probability_change"", ""state_entropy_change""]",LOW
1330,CTU44,2011-08-13T19:24:00+00:00,RBot,0.996177275113102,Murlo,0.9927267899952218,0.0268847970457794,8.445310216917099,"[""state_iat_change"", ""state_ack_rate_change"", ""state_byte_rate_change""]",LOW
1331,CTU44,2011-08-13T19:26:00+00:00,RBot,0.7413053381953776,Murlo,0.5470393891447651,0.7426127790187442,24.62753120556552,"[""state_top_probability_change"", ""state_iat_change"", ""state_entropy_change""]",MEDIUM
1332,CTU44,2011-08-13T19:27:00+00:00,RBot,0.9343559556537144,Murlo,0.8984351737576991,0.3021480127590824,43.893561964132005,"[""state_directionality_change"", ""state_syn_rate_change"", ""state_top_probability_change""]",LOW
1333,CTU44,2011-08-13T19:28:00+00:00,RBot,0.9541835808717584,DonBot,0.9285120526866808,0.2277615095513466,13.249273228936099,"[""state_directionality_change"", ""state_destination_diversity_change"", ""state_top_probability_change""]",LOW
1334,CTU44,2011-08-13T19:29:00+00:00,RBot,0.9608963364499264,DonBot,0.9366849197930748,0.2029212432090424,16.65406726799047,"[""state_directionality_change"", ""state_syn_rate_change"", ""state_top_probability_change""]",LOW
1335,CTU44,2011-08-13T19:30:00+00:00,RBot,0.9888010508740646,Murlo,0.983439148671863,0.0752513755884179,32.852582953004365,"[""state_directionality_change"", ""state_syn_rate_change"", ""state_rst_rate_change""]",LOW
1336,CTU44,2011-08-13T19:31:00+00:00,RBot,0.9791716658699312,Murlo,0.9706287032923336,0.1290394757765272,10.386840514687401,"[""state_syn_rate_change"", ""state_rst_rate_change"", ""state_packet_rate_change""]",LOW
1337,CTU44,2011-08-13T19:32:00+00:00,RBot,0.9920939600557284,Murlo,0.9874935139365149,0.0553568833565861,11.413649717828797,"[""state_syn_rate_change"", ""state_rst_rate_change"", ""state_packet_rate_change""]",LOW
1338,CTU44,2011-08-13T19:33:00+00:00,RBot,0.9895307727585556,Murlo,0.9853243248818042,0.0720340675102293,8.763911213400124,"[""state_syn_rate_change"", ""state_rst_rate_change"", ""state_packet_rate_change""]",LOW
1339,CTU44,2011-08-13T19:34:00+00:00,RBot,0.995816195836598,Neris,0.9928212937949124,0.0310680359753079,3.713976342391368,"[""state_rst_rate_change"", ""state_syn_rate_change"", ""state_destination_diversity_change""]",LOW
1340,CTU44,2011-08-13T19:35:00+00:00,RBot,0.9949791053289686,Murlo,0.99255862408352,0.0381974321273604,3.0845517847868984,"[""state_syn_rate_change"", ""state_port_diversity_change"", ""state_rst_rate_change""]",LOW
1341,CTU44,2011-08-13T19:36:00+00:00,RBot,0.9925278859967516,Murlo,0.9894552810426552,0.0539521069564654,2.6409390159801043,"[""state_syn_rate_change"", ""state_rst_rate_change"", ""state_destination_diversity_change""]",LOW
1342,CTU44,2011-08-13T19:37:00+00:00,RBot,0.9904350565212228,Neris,0.9864218825521832,0.0662477341834835,2.698170296003132,"[""state_syn_rate_change"", ""state_rst_rate_change"", ""state_port_diversity_change""]",LOW
1343,CTU44,2011-08-13T19:38:00+00:00,RBot,0.995239307025676,Neris,0.9919440214697712,0.0349370947192842,1.6437046812353453,"[""state_syn_rate_change"", ""state_rst_rate_change"", ""state_destination_diversity_change""]",LOW
1344,CTU44,2011-08-13T19:39:00+00:00,RBot,0.992701784727722,Neris,0.9872030090831848,0.0494275666558831,0.8986118226609404,"[""state_destination_diversity_change"", ""state_syn_rate_change"", ""state_port_diversity_change""]",LOW
1345,CTU44,2011-08-13T19:40:00+00:00,RBot,0.9764023515267092,Neris,0.9664399783801032,0.1406958355598985,2.2094876617755577,"[""state_top_probability_change"", ""state_entropy_change"", ""state_syn_rate_change""]",LOW
1346,CTU44,2011-08-13T19:41:00+00:00,RBot,0.9923359167350156,Neris,0.9891607618293076,0.0549266841654039,1.7893671564129285,"[""state_top_probability_change"", ""state_entropy_change"", ""state_fin_rate_change""]",LOW
1347,CTU44,2011-08-13T19:42:00+00:00,RBot,0.989086561823084,Murlo,0.9846899741812326,0.0743533986948524,1.315172124593347,"[""state_syn_rate_change"", ""state_destination_diversity_change"", ""state_port_diversity_change""]",LOW
1348,CTU44,2011-08-13T19:43:00+00:00,RBot,0.9952869701348792,Murlo,0.9928225574561412,0.035781066655196,15.821798238563028,"[""state_syn_rate_change"", ""state_directionality_change"", ""state_rst_rate_change""]",LOW
1349,CTU44,2011-08-13T19:44:00+00:00,RBot,0.9959289352837946,Murlo,0.9938244831656426,0.0314481011642028,0.7976078615536856,"[""state_syn_rate_change"", ""state_destination_diversity_change"", ""state_packet_rate_change""]",LOW
1350,CTU44,2011-08-13T19:45:00+00:00,RBot,0.9981493821541912,Neris,0.9974256718383808,0.016044933959051,4.5930862617095665,"[""state_directionality_change"", ""state_syn_rate_change"", ""state_rst_rate_change""]",LOW
1351,CTU44,2011-08-13T19:46:00+00:00,RBot,0.998389035118056,Murlo,0.997728318958016,0.0142919251634161,10.106753777469764,"[""state_directionality_change"", ""state_syn_rate_change"", ""state_rst_rate_change""]",LOW
1352,CTU44,2011-08-13T19:47:00+00:00,RBot,0.9985843264355638,Murlo,0.9980520512183222,0.0127257772707624,7.3039527231141825,"[""state_directionality_change"", ""state_syn_rate_change"", ""state_packet_rate_change""]",LOW
1353,CTU44,2011-08-13T19:48:00+00:00,RBot,0.9983252377873274,Murlo,0.997657135820803,0.0147866624298656,6.906966268354085,"[""state_directionality_change"", ""state_syn_rate_change"", ""state_rst_rate_change""]",LOW
1354,CTU44,2011-08-13T19:49:00+00:00,RBot,0.9766601144551532,Neris,0.9565239828263162,0.1239842954993609,20.286365586620047,"[""state_directionality_change"", ""state_syn_rate_change"", ""state_rst_rate_change""]",LOW
1355,CTU44,2011-08-13T19:50:00+00:00,RBot,0.9978672464821752,Murlo,0.9969222542881409,0.0182499619367737,13.043261800391827,"[""state_syn_rate_change"", ""state_rst_rate_change"", ""state_directionality_change""]",LOW
1356,CTU44,2011-08-13T19:51:00+00:00,RBot,0.9939707355971852,Neris,0.9893308355661534,0.0418135733050096,12.003987107904225,"[""state_syn_rate_change"", ""state_rst_rate_change"", ""state_directionality_change""]",LOW
1357,CTU44,2011-08-13T19:52:00+00:00,RBot,0.9849726183571356,Neris,0.9725700113082518,0.0883627481678006,7.071504744503831,"[""state_syn_rate_change"", ""state_rst_rate_change"", ""state_packet_rate_change""]",LOW
1358,CTU44,2011-08-13T19:53:00+00:00,RBot,0.9816914971876232,Murlo,0.9739136156283464,0.1150236802876805,7.585814128545516,"[""state_syn_rate_change"", ""state_rst_rate_change"", ""state_destination_diversity_change""]",LOW
1359,CTU44,2011-08-13T19:54:00+00:00,RBot,0.9954768498393692,Neris,0.9923865838685256,0.0334799517216385,2.7602555732192235,"[""state_top_probability_change"", ""state_entropy_change"", ""state_rst_rate_change""]",LOW
1360,CTU44,2011-08-13T19:55:00+00:00,RBot,0.9973624286263132,Neris,0.9962746186809636,0.0218938531363501,7.930955280330605,"[""state_syn_rate_change"", ""state_rst_rate_change"", ""state_directionality_change""]",LOW
1361,CTU44,2011-08-13T19:56:00+00:00,RBot,0.9961404475093492,Neris,0.9935207051370172,0.0292032441244354,8.350905158783853,"[""state_syn_rate_change"", ""state_rst_rate_change"", ""state_directionality_change""]",LOW
1362,CTU44,2011-08-13T19:57:00+00:00,RBot,0.9962446978059782,Neris,0.993846317185241,0.0289005933689467,2.315601546256793,"[""state_syn_rate_change"", ""state_destination_diversity_change"", ""state_rst_rate_change""]",LOW
1363,CTU44,2011-08-13T19:58:00+00:00,RBot,0.9892884439529792,Neris,0.9814672213454864,0.0687827982230142,4.184448675789114,"[""state_syn_rate_change"", ""state_rst_rate_change"", ""state_ack_rate_change""]",LOW
1364,CTU44,2011-08-13T19:59:00+00:00,RBot,0.9952976322363988,Neris,0.9919138410831436,0.0343283901144798,2.08610160381575,"[""state_syn_rate_change"", ""state_rst_rate_change"", ""state_fin_rate_change""]",LOW
1365,CTU44,2011-08-13T20:00:00+00:00,RBot,0.994546349767161,Murlo,0.99159163213756,0.0406746454865307,6.029067796565143,"[""state_syn_rate_change"", ""state_rst_rate_change"", ""state_packet_rate_change""]",LOW
1366,CTU44,2011-08-13T20:01:00+00:00,RBot,0.9960936977364828,Murlo,0.9940199724549296,0.030233347230816,5.208832678704184,"[""state_syn_rate_change"", ""state_directionality_change"", ""state_rst_rate_change""]",LOW
1367,CTU44,2011-08-13T20:02:00+00:00,RBot,0.9875144578547088,Neris,0.9772832184137352,0.0759313633313501,15.599195715294991,"[""state_syn_rate_change"", ""state_rst_rate_change"", ""state_directionality_change""]",LOW
1368,CTU44,2011-08-13T20:03:00+00:00,RBot,0.9970936882207206,Neris,0.9954337387858854,0.0233667821225539,8.38248485506663,"[""state_syn_rate_change"", ""state_rst_rate_change"", ""state_destination_diversity_change""]",LOW
1369,CTU44,2011-08-13T20:04:00+00:00,RBot,0.9906930482668792,Neris,0.9833404465016186,0.0600543186526017,8.444897397123277,"[""state_syn_rate_change"", ""state_rst_rate_change"", ""state_packet_rate_change""]",LOW
1370,CTU44,2011-08-13T20:05:00+00:00,RBot,0.9939279543349472,Murlo,0.990925117630806,0.0449095210933518,9.093467797040976,"[""state_syn_rate_change"", ""state_rst_rate_change"", ""state_packet_rate_change""]",LOW
1371,CTU44,2011-08-13T20:06:00+00:00,RBot,0.9961037708185742,Neris,0.9934999043318392,0.0295682193011901,3.2181753272013722,"[""state_syn_rate_change"", ""state_rst_rate_change"", ""state_packet_rate_change""]",LOW
1372,CTU44,2011-08-13T20:07:00+00:00,RBot,0.9217538264708098,Neris,0.8772943277692208,0.3637274605539617,16.75060429336627,"[""state_syn_rate_change"", ""state_rst_rate_change"", ""state_top_probability_change""]",LOW
1373,CTU44,2011-08-13T20:08:00+00:00,RBot,0.9978101509152234,Neris,0.9968176403938864,0.0185280715405905,24.09507629383626,"[""state_syn_rate_change"", ""state_rst_rate_change"", ""state_top_probability_change""]",LOW
1374,CTU44,2011-08-13T20:09:00+00:00,RBot,0.9942792702104504,Neris,0.9899971200756644,0.0401610855942793,8.205407109121916,"[""state_syn_rate_change"", ""state_rst_rate_change"", ""state_directionality_change""]",LOW
1375,CTU44,2011-08-13T20:10:00+00:00,RBot,0.9933388984888128,Murlo,0.9901742048247312,0.0487469150924302,2.8601159100600904,"[""state_syn_rate_change"", ""state_destination_diversity_change"", ""state_packet_rate_change""]",LOW
1376,CTU44,2011-08-13T20:11:00+00:00,RBot,0.9941423719260456,Murlo,0.991814268642211,0.0438855905071283,1.2923508181245396,"[""state_syn_rate_change"", ""state_rst_rate_change"", ""state_packet_rate_change""]",LOW
1377,CTU44,2011-08-13T20:12:00+00:00,RBot,0.994960947378063,Murlo,0.992556455608954,0.0383755489639255,3.173590635167308,"[""state_syn_rate_change"", ""state_rst_rate_change"", ""state_directionality_change""]",LOW
1378,CTU44,2011-08-13T20:13:00+00:00,RBot,0.9949442519983892,Murlo,0.992840433489012,0.0383185389299325,1.8481951504890801,"[""state_syn_rate_change"", ""state_rst_rate_change"", ""state_destination_diversity_change""]",LOW
1379,CTU44,2011-08-13T20:14:00+00:00,RBot,0.9944953899789312,Neris,0.9906068309050918,0.0393883864472167,4.7448923029154155,"[""state_syn_rate_change"", ""state_rst_rate_change"", ""state_destination_diversity_change""]",LOW
1380,CTU44,2011-08-13T20:15:00+00:00,RBot,0.995161033574202,Murlo,0.9924075679907728,0.0364964200847165,9.126663715705451,"[""state_syn_rate_change"", ""state_rst_rate_change"", ""state_directionality_change""]",LOW
1381,CTU44,2011-08-13T20:16:00+00:00,RBot,0.9938057071649072,Murlo,0.99050249211327,0.0453819232364413,3.3052054914031257,"[""state_syn_rate_change"", ""state_directionality_change"", ""state_rst_rate_change""]",LOW
1382,CTU44,2011-08-13T20:17:00+00:00,RBot,0.9916091611233412,Murlo,0.987813224835226,0.0594746810762311,4.01213356200982,"[""state_syn_rate_change"", ""state_rst_rate_change"", ""state_directionality_change""]",LOW
1383,CTU44,2011-08-13T20:18:00+00:00,RBot,0.99267460435817,Murlo,0.9899169547838564,0.0537158640505801,1.6497114996041227,"[""state_syn_rate_change"", ""state_rst_rate_change"", ""state_packet_rate_change""]",LOW
1384,CTU44,2011-08-13T20:19:00+00:00,RBot,0.9903919719445278,Murlo,0.986230217001992,0.0670210844755658,1.8302005742194876,"[""state_syn_rate_change"", ""state_destination_diversity_change"", ""state_directionality_change""]",LOW
1385,CTU44,2011-08-13T20:20:00+00:00,RBot,0.992510680082166,Murlo,0.9886889178114472,0.0535933676570643,3.467871683044715,"[""state_syn_rate_change"", ""state_rst_rate_change"", ""state_destination_diversity_change""]",LOW
1386,CTU44,2011-08-13T20:21:00+00:00,RBot,0.9954280905942008,Murlo,0.993125620612487,0.0345604938725211,6.917432461436892,"[""state_directionality_change"", ""state_syn_rate_change"", ""state_rst_rate_change""]",LOW
1387,CTU44,2011-08-13T20:22:00+00:00,RBot,0.9791862379358344,Murlo,0.9700286230635944,0.1284326530112574,11.938170362853585,"[""state_syn_rate_change"", ""state_directionality_change"", ""state_fin_rate_change""]",LOW
1388,CTU44,2011-08-13T20:23:00+00:00,RBot,0.9965273050088684,Murlo,0.9949663363209186,0.0278960393065156,19.835207769865423,"[""state_directionality_change"", ""state_syn_rate_change"", ""state_rst_rate_change""]",LOW
1389,CTU44,2011-08-13T20:24:00+00:00,RBot,0.998145218965484,Murlo,0.997369930418904,0.0161277515226643,5.382439806735447,"[""state_directionality_change"", ""state_syn_rate_change"", ""state_fin_rate_change""]",LOW
1390,CTU44,2011-08-13T20:25:00+00:00,RBot,0.9825586172531774,Murlo,0.9721289977172196,0.1058284621226579,4.870428420703556,"[""state_directionality_change"", ""state_syn_rate_change"", ""state_top_probability_change""]",LOW
1391,CTU44,2011-08-13T20:26:00+00:00,RBot,0.9961262934379848,Murlo,0.9945227148059536,0.0307341498219623,13.653830960265628,"[""state_directionality_change"", ""state_syn_rate_change"", ""state_rst_rate_change""]",LOW
1392,CTU44,2011-08-13T20:27:00+00:00,RBot,0.9872059628810532,Murlo,0.981287479322256,0.0823751600282354,14.85392889945866,"[""state_directionality_change"", ""state_syn_rate_change"", ""state_top_probability_change""]",LOW
1393,CTU44,2011-08-13T20:28:00+00:00,RBot,0.9827409942906992,Murlo,0.9738823425299916,0.1046332135636882,2.596908336902515,"[""state_directionality_change"", ""state_syn_rate_change"", ""state_fin_rate_change""]",LOW
1394,CTU44,2011-08-13T20:29:00+00:00,RBot,0.9921161975954004,Murlo,0.9875292185227232,0.0544442605041157,13.184874786515932,"[""state_directionality_change"", ""state_top_probability_change"", ""state_entropy_change""]",LOW
1395,CTU44,2011-08-13T20:30:00+00:00,RBot,0.9942510305317012,Murlo,0.9915140651828936,0.0432991828047594,12.358062068554043,"[""state_directionality_change"", ""state_syn_rate_change"", ""state_ack_rate_change""]",LOW
1396,CTU44,2011-08-13T20:31:00+00:00,RBot,0.9718204946930866,Neris,0.9507378955084,0.1522505405647843,31.044002044297844,"[""state_directionality_change"", ""state_syn_rate_change"", ""state_byte_rate_change""]",LOW
1397,CTU44,2011-08-13T20:32:00+00:00,RBot,0.9979693302473658,Murlo,0.9972552215863596,0.0175881327941748,18.590913596409777,"[""state_directionality_change"", ""state_syn_rate_change"", ""state_byte_rate_change""]",LOW
1398,CTU44,2011-08-13T20:33:00+00:00,RBot,0.9977518171054042,Neris,0.9968179439736662,0.0189503223196966,13.121844204545033,"[""state_directionality_change"", ""state_syn_rate_change"", ""state_rst_rate_change""]",LOW
1399,CTU44,2011-08-13T20:34:00+00:00,RBot,0.9820122981890956,DonBot,0.9727198666606888,0.1092551124930302,27.113423744008742,"[""state_directionality_change"", ""state_rst_rate_change"", ""state_port_diversity_change""]",LOW
1400,CTU44,2011-08-13T20:35:00+00:00,RBot,0.9981709430491944,Neris,0.9975247099779,0.0159810797769665,19.15086025781225,"[""state_directionality_change"", ""state_top_probability_change"", ""state_entropy_change""]",LOW
1401,CTU44,2011-08-13T20:36:00+00:00,RBot,0.998525328923732,Murlo,0.9979648924313994,0.0132230348202879,4.965320815184126,"[""state_directionality_change"", ""state_syn_rate_change"", ""state_rst_rate_change""]",LOW
1402,CTU44,2011-08-13T20:37:00+00:00,RBot,0.9959857388590592,Murlo,0.993973148359704,0.0308673903954281,9.54672354493094,"[""state_directionality_change"", ""state_syn_rate_change"", ""state_rst_rate_change""]",LOW
1403,CTU44,2011-08-13T20:38:00+00:00,RBot,0.9919696786962964,Murlo,0.988069227910921,0.0553933670146293,9.653466798917691,"[""state_directionality_change"", ""state_rst_rate_change"", ""state_syn_rate_change""]",LOW
1404,CTU44,2011-08-13T20:39:00+00:00,RBot,0.99396069825693,Murlo,0.9907583693024568,0.0434926949162501,9.3431929000435,"[""state_directionality_change"", ""state_rst_rate_change"", ""state_syn_rate_change""]",LOW
1405,CTU44,2011-08-13T20:40:00+00:00,RBot,0.994736535299836,Murlo,0.9920209497379248,0.0387163709296371,9.533523214022454,"[""state_directionality_change"", ""state_syn_rate_change"", ""state_rst_rate_change""]",LOW
1406,CTU44,2011-08-13T20:41:00+00:00,RBot,0.9868501510537838,Murlo,0.9797447389903448,0.0839443946953164,7.543272323246701,"[""state_directionality_change"", ""state_syn_rate_change"", ""state_fin_rate_change""]",LOW
1407,CTU44,2011-08-13T20:42:00+00:00,RBot,0.9955290197219836,Murlo,0.9932977495373042,0.034376077572646,9.988214826352658,"[""state_directionality_change"", ""state_syn_rate_change"", ""state_rst_rate_change""]",LOW
1408,CTU44,2011-08-13T20:43:00+00:00,RBot,0.980927148068554,Neris,0.9721355097962338,0.1182459661663534,11.054181765753926,"[""state_syn_rate_change"", ""state_rst_rate_change"", ""state_directionality_change""]",LOW
1409,CTU44,2011-08-13T20:44:00+00:00,RBot,0.993898452972152,Murlo,0.9904940055187986,0.0445805728163654,11.736267929741537,"[""state_syn_rate_change"", ""state_rst_rate_change"", ""state_directionality_change""]",LOW
1410,CTU44,2011-08-13T20:45:00+00:00,RBot,0.9928884858399436,Murlo,0.9895982957916218,0.0500833800746927,6.247662706671399,"[""state_directionality_change"", ""state_rst_rate_change"", ""state_syn_rate_change""]",LOW
1411,CTU44,2011-08-13T20:46:00+00:00,RBot,0.9848240714166951,Murlo,0.9775413679620006,0.0981444187398759,8.89265890393876,"[""state_directionality_change"", ""state_rst_rate_change"", ""state_ack_rate_change""]",LOW
1412,CTU44,2011-08-13T20:47:00+00:00,RBot,0.9908140189079084,DonBot,0.9865374351246328,0.0621348238274694,13.819785587050267,"[""state_directionality_change"", ""state_syn_rate_change"", ""state_rst_rate_change""]",LOW
1413,CTU44,2011-08-13T20:48:00+00:00,RBot,0.998616434654364,Murlo,0.998055395157484,0.0124859991396047,5.0410474979756,"[""state_directionality_change"", ""state_syn_rate_change"", ""state_destination_diversity_change""]",LOW
1414,CTU44,2011-08-13T20:49:00+00:00,RBot,0.9825243288566065,Murlo,0.9726748084437264,0.1063405622322145,5.262114352480148,"[""state_directionality_change"", ""state_top_probability_change"", ""state_entropy_change""]",LOW
1415,CTU44,2011-08-13T20:50:00+00:00,RBot,0.9969587962936468,Murlo,0.9954229737967172,0.0247260498140755,9.708060011146959,"[""state_directionality_change"", ""state_syn_rate_change"", ""state_top_probability_change""]",LOW
1416,CTU44,2011-08-13T20:51:00+00:00,RBot,0.9946031264957312,Murlo,0.9918741608297972,0.0399414658273115,5.716320999439655,"[""state_directionality_change"", ""state_destination_diversity_change"", ""state_rst_rate_change""]",LOW
1417,CTU44,2011-08-13T20:52:00+00:00,RBot,0.9803928727173338,DonBot,0.9712200437469876,0.118605613485042,13.400406611782186,"[""state_directionality_change"", ""state_top_probability_change"", ""state_entropy_change""]",LOW
1418,CTU44,2011-08-13T20:53:00+00:00,RBot,0.9981354849847016,Murlo,0.9974274461529076,0.0161579952665299,23.086488123451403,"[""state_directionality_change"", ""state_syn_rate_change"", ""state_top_probability_change""]",LOW
1419,CTU44,2011-08-13T20:54:00+00:00,RBot,0.9867296529461522,Murlo,0.9797155739168888,0.0867873403143521,8.273793074907273,"[""state_directionality_change"", ""state_syn_rate_change"", ""state_rst_rate_change""]",LOW
1420,CTU44,2011-08-13T20:55:00+00:00,RBot,0.996833901005193,Murlo,0.9956867901679786,0.025843484924624,9.07994473098586,"[""state_directionality_change"", ""state_syn_rate_change"", ""state_rst_rate_change""]",LOW
1421,CTU44,2011-08-13T20:56:00+00:00,RBot,0.9959607560389634,Murlo,0.9937175492300048,0.0311949558109331,4.247925757520006,"[""state_directionality_change"", ""state_syn_rate_change"", ""state_port_diversity_change""]",LOW
1422,CTU44,2011-08-13T20:57:00+00:00,RBot,0.9925290416898392,Murlo,0.9880399065703998,0.0521949159884876,4.275528771528158,"[""state_directionality_change"", ""state_syn_rate_change"", ""state_port_diversity_change""]",LOW
1423,CTU44,2011-08-13T20:58:00+00:00,RBot,0.9951870088894724,Murlo,0.9924885999159764,0.0360183884294616,20.509395930154945,"[""state_directionality_change"", ""state_syn_rate_change"", ""state_rst_rate_change""]",LOW
1424,CTU44,2011-08-13T20:59:00+00:00,RBot,0.7434683454268197,Neris,0.5644149152400937,0.8285398808005798,55.38236971574497,"[""state_directionality_change"", ""state_byte_rate_change"", ""state_top_probability_change""]",MEDIUM
1425,CTU44,2011-08-13T21:00:00+00:00,RBot,0.9958670624012208,Murlo,0.9935769165904322,0.0317363100950762,35.26951704752879,"[""state_byte_rate_change"", ""state_top_probability_change"", ""state_directionality_change""]",LOW
1426,CTU44,2011-08-13T21:01:00+00:00,RBot,0.9937245206026412,Murlo,0.9903072835688702,0.0451166392937427,5.372926177141572,"[""state_directionality_change"", ""state_syn_rate_change"", ""state_rst_rate_change""]",LOW
1427,CTU44,2011-08-13T21:02:00+00:00,RBot,0.997787957951411,Murlo,0.996875056826048,0.0188823497278345,5.066654856767896,"[""state_directionality_change"", ""state_syn_rate_change"", ""state_port_diversity_change""]",LOW
1428,CTU44,2011-08-13T21:03:00+00:00,RBot,0.956250839187004,Neris,0.9294069081947176,0.2280673134438975,12.802400312100986,"[""state_directionality_change"", ""state_syn_rate_change"", ""state_top_probability_change""]",LOW
1429,CTU44,2011-08-13T21:04:00+00:00,RBot,0.9936433429253824,Murlo,0.9904038152439532,0.0455631668591432,13.297609633427507,"[""state_directionality_change"", ""state_syn_rate_change"", ""state_top_probability_change""]",LOW
1430,CTU44,2011-08-13T21:05:00+00:00,RBot,0.995111839436214,Murlo,0.99254919435371,0.0367977218710978,3.674276590519843,"[""state_directionality_change"", ""state_syn_rate_change"", ""state_rst_rate_change""]",LOW
1431,CTU44,2011-08-13T21:06:00+00:00,RBot,0.9950645582876936,Murlo,0.9922440507611596,0.0371348918292755,2.7568285748811614,"[""state_directionality_change"", ""state_packet_rate_change"", ""state_syn_rate_change""]",LOW
1432,CTU44,2011-08-13T21:07:00+00:00,RBot,0.9949498705314404,Murlo,0.9923395280458714,0.0379890119960991,4.103468483558449,"[""state_directionality_change"", ""state_rst_rate_change"", ""state_syn_rate_change""]",LOW
1433,CTU44,2011-08-13T21:08:00+00:00,RBot,0.9856188350336096,Murlo,0.9767916138607938,0.0909502987543613,4.457486026021898,"[""state_directionality_change"", ""state_ack_rate_change"", ""state_rst_rate_change""]",LOW
1434,CTU44,2011-08-13T21:09:00+00:00,RBot,0.998119005772694,Neris,0.9972735940536728,0.0162233670527631,3.3733168958017465,"[""state_syn_rate_change"", ""state_rst_rate_change"", ""state_top_probability_change""]",LOW
1435,CTU44,2011-08-13T21:10:00+00:00,RBot,0.997779868810703,Neris,0.9965706725057024,0.0185003997376326,3.1720489179601348,"[""state_syn_rate_change"", ""state_directionality_change"", ""state_rst_rate_change""]",LOW
1436,CTU44,2011-08-13T21:11:00+00:00,RBot,0.994094563843578,Neris,0.9911042725569637,0.0435839949446047,2.7419238452743913,"[""state_syn_rate_change"", ""state_directionality_change"", ""state_rst_rate_change""]",LOW
1437,CTU44,2011-08-13T21:12:00+00:00,RBot,0.9868096733954352,Murlo,0.9796265737606862,0.0848869350911568,29.742790881596452,"[""state_directionality_change"", ""state_syn_rate_change"", ""state_rst_rate_change""]",LOW
1438,CTU44,2011-08-13T21:13:00+00:00,RBot,0.9880271233763808,Murlo,0.9818177210037328,0.0787115053694658,1.162605238998057,"[""state_directionality_change"", ""state_syn_rate_change"", ""state_destination_diversity_change""]",LOW
1439,CTU44,2011-08-13T21:14:00+00:00,RBot,0.994337846837844,Murlo,0.9910577469429612,0.0416927801289762,30.71250528163237,"[""state_directionality_change"", ""state_syn_rate_change"", ""state_rst_rate_change""]",LOW
1440,CTU44,2011-08-13T21:15:00+00:00,RBot,0.99634950852173,Neris,0.9940233289698012,0.0281158024087445,5.5821907358010305,"[""state_syn_rate_change"", ""state_rst_rate_change"", ""state_packet_rate_change""]",LOW
1441,CTU44,2011-08-13T21:16:00+00:00,RBot,0.9978884981610404,Murlo,0.9970083088911572,0.0180707029476367,11.759457327293418,"[""state_syn_rate_change"", ""state_rst_rate_change"", ""state_directionality_change""]",LOW
1442,CTU44,2011-08-13T21:17:00+00:00,RBot,0.9978516710637874,Murlo,0.9969157724600268,0.0183867313020769,7.036200646141548,"[""state_directionality_change"", ""state_rst_rate_change"", ""state_port_diversity_change""]",LOW
1443,CTU44,2011-08-13T21:18:00+00:00,RBot,0.998260905608315,Murlo,0.9974879186293716,0.0152710910413006,5.059162821948717,"[""state_directionality_change"", ""state_syn_rate_change"", ""state_rst_rate_change""]",LOW
1444,CTU44,2011-08-13T21:19:00+00:00,RBot,0.9917128557549184,Neris,0.988274460678494,0.0585649437467131,13.803476907189141,"[""state_directionality_change"", ""state_rst_rate_change"", ""state_syn_rate_change""]",LOW
1445,CTU44,2011-08-13T21:20:00+00:00,RBot,0.9980254526147824,Murlo,0.9972875579219465,0.0171630070271308,8.957461399260326,"[""state_directionality_change"", ""state_rst_rate_change"", ""state_port_diversity_change""]",LOW
1446,CTU44,2011-08-13T21:21:00+00:00,RBot,0.998336061276114,Murlo,0.9976802607690304,0.0147003745961801,7.417406374189514,"[""state_directionality_change"", ""state_syn_rate_change"", ""state_rst_rate_change""]",LOW
1447,CTU44,2011-08-13T21:22:00+00:00,RBot,0.9937969002250974,Murlo,0.9909988528848278,0.046512625872714,24.902277635508437,"[""state_directionality_change"", ""state_syn_rate_change"", ""state_rst_rate_change""]",LOW
1448,CTU44,2011-08-13T21:23:00+00:00,RBot,0.9980301074440208,Murlo,0.9972690303266352,0.0171309198066312,12.638818412620907,"[""state_directionality_change"", ""state_port_diversity_change"", ""state_entropy_change""]",LOW
1449,CTU44,2011-08-13T21:24:00+00:00,RBot,0.9917630859800608,Murlo,0.9872394100198926,0.0575634289547407,5.856032945502361,"[""state_directionality_change"", ""state_syn_rate_change"", ""state_destination_diversity_change""]",LOW
1450,CTU44,2011-08-13T21:25:00+00:00,RBot,0.9980697618220788,Murlo,0.9973194298387332,0.0168474030948087,5.604526941953434,"[""state_directionality_change"", ""state_syn_rate_change"", ""state_fin_rate_change""]",LOW
1451,CTU44,2011-08-13T21:26:00+00:00,RBot,0.9982437199816712,Murlo,0.9975103928843172,0.0153814349140806,4.6161094046546,"[""state_directionality_change"", ""state_port_diversity_change"", ""state_byte_rate_change""]",LOW
1452,CTU44,2011-08-13T21:27:00+00:00,RBot,0.9936088623869702,Murlo,0.991167985181602,0.0474961828850003,8.677191247428985,"[""state_directionality_change"", ""state_ack_rate_change"", ""state_rst_rate_change""]",LOW
1453,CTU44,2011-08-13T21:28:00+00:00,RBot,0.9977344847848564,Murlo,0.9966567834606518,0.019137569717961,8.642596467527927,"[""state_directionality_change"", ""state_ack_rate_change"", ""state_byte_rate_change""]",LOW
1454,CTU44,2011-08-13T21:29:00+00:00,RBot,0.9791879161583386,Murlo,0.96548926539225,0.1197811541224531,6.470283484064201,"[""state_directionality_change"", ""state_syn_rate_change"", ""state_top_probability_change""]",LOW
1455,CTU44,2011-08-13T21:30:00+00:00,RBot,0.9945146088196354,Murlo,0.9915950782220933,0.0402936812234788,13.734380687207894,"[""state_directionality_change"", ""state_syn_rate_change"", ""state_rst_rate_change""]",LOW
1456,CTU44,2011-08-13T21:31:00+00:00,RBot,0.9851818232783064,Murlo,0.9772915575920824,0.094099726334569,25.611920769091686,"[""state_directionality_change"", ""state_syn_rate_change"", ""state_rst_rate_change""]",LOW
1457,CTU44,2011-08-13T21:32:00+00:00,RBot,0.9931342614475492,Murlo,0.9895842286743648,0.0494471721102409,28.762089236982394,"[""state_directionality_change"", ""state_syn_rate_change"", ""state_rst_rate_change""]",LOW
1458,CTU44,2011-08-13T21:33:00+00:00,RBot,0.9930790090507732,Murlo,0.989412970520444,0.048714875043015,11.20028257255872,"[""state_directionality_change"", ""state_syn_rate_change"", ""state_rst_rate_change""]",LOW
1459,CTU44,2011-08-13T21:34:00+00:00,RBot,0.9958833219648549,Murlo,0.99357054529403,0.0314301104431581,6.702693545796343,"[""state_directionality_change"", ""state_syn_rate_change"", ""state_rst_rate_change""]",LOW
1460,CTU44,2011-08-13T21:35:00+00:00,RBot,0.9676815872710532,Murlo,0.954553251837025,0.1857610443888734,5.730755133222304,"[""state_directionality_change"", ""state_top_probability_change"", ""state_entropy_change""]",LOW
1461,CTU44,2011-08-13T21:36:00+00:00,RBot,0.9929215907956528,Murlo,0.9891264553043858,0.0497310004885986,16.58602603277173,"[""state_directionality_change"", ""state_syn_rate_change"", ""state_byte_rate_change""]",LOW
1462,CTU44,2011-08-13T21:37:00+00:00,RBot,0.9947883375139897,Murlo,0.9918284230639716,0.038360890130399,5.198856864958485,"[""state_directionality_change"", ""state_syn_rate_change"", ""state_rst_rate_change""]",LOW
1463,CTU44,2011-08-13T21:38:00+00:00,RBot,0.9966499893712536,Murlo,0.995027426185701,0.0269406306050852,5.14959089792911,"[""state_directionality_change"", ""state_syn_rate_change"", ""state_rst_rate_change""]",LOW
1464,CTU44,2011-08-13T21:39:00+00:00,RBot,0.9738483063149592,DonBot,0.9604635909169336,0.149400171598816,13.722702633878109,"[""state_directionality_change"", ""state_top_probability_change"", ""state_entropy_change""]",LOW
1465,CTU44,2011-08-13T21:40:00+00:00,RBot,0.9873704002577784,Murlo,0.9813653522673248,0.0820390095588234,2.3924759781250367,"[""state_directionality_change"", ""state_syn_rate_change"", ""state_top_probability_change""]",LOW
1466,CTU44,2011-08-13T21:41:00+00:00,RBot,0.9968534602876462,Murlo,0.9953462477560736,0.0255227034200097,13.703734961730738,"[""state_directionality_change"", ""state_syn_rate_change"", ""state_top_probability_change""]",LOW
1467,CTU44,2011-08-13T21:42:00+00:00,RBot,0.97615169658458,DonBot,0.9638277085700376,0.1387898968036646,13.673265575629777,"[""state_directionality_change"", ""state_top_probability_change"", ""state_entropy_change""]",LOW
1468,CTU44,2011-08-13T21:43:00+00:00,RBot,0.9972629334055476,Murlo,0.996146015600014,0.0227541257401806,13.848509605560835,"[""state_directionality_change"", ""state_top_probability_change"", ""state_entropy_change""]",LOW
1469,CTU44,2011-08-13T21:44:00+00:00,RBot,0.995722079306149,Murlo,0.9939625445967132,0.0337571234287294,12.946744530333989,"[""state_directionality_change"", ""state_port_diversity_change"", ""state_syn_rate_change""]",LOW
1470,CTU44,2011-08-13T21:45:00+00:00,RBot,0.9985466158671896,Murlo,0.9979402963974404,0.0130328520806455,24.031861393614466,"[""state_directionality_change"", ""state_syn_rate_change"", ""state_rst_rate_change""]",LOW
1471,CTU44,2011-08-13T21:46:00+00:00,RBot,0.9976898361648155,Neris,0.996716144396484,0.0194560741981831,3.899294929735428,"[""state_directionality_change"", ""state_syn_rate_change"", ""state_rst_rate_change""]",LOW
1472,CTU44,2011-08-13T21:47:00+00:00,RBot,0.9971563556045088,Murlo,0.9955842533259104,0.0231259770140393,2.963759297770803,"[""state_directionality_change"", ""state_syn_rate_change"", ""state_rst_rate_change""]",LOW
1473,CTU44,2011-08-13T21:48:00+00:00,RBot,0.9986637392534348,Murlo,0.9981691665047684,0.0121312556333374,4.248132200134573,"[""state_directionality_change"", ""state_syn_rate_change"", ""state_rst_rate_change""]",LOW
1474,CTU44,2011-08-13T21:49:00+00:00,RBot,0.9801500903033694,DonBot,0.9690840983941836,0.1189714440460456,22.018694672742033,"[""state_directionality_change"", ""state_top_probability_change"", ""state_entropy_change""]",LOW
1475,CTU44,2011-08-13T21:50:00+00:00,RBot,0.9907168977651152,Murlo,0.985330353975042,0.0622987559973646,13.667548274155394,"[""state_directionality_change"", ""state_syn_rate_change"", ""state_top_probability_change""]",LOW
1476,CTU44,2011-08-13T21:51:00+00:00,RBot,0.9805315434887518,DonBot,0.9699499097428852,0.11738014922373,14.11004434900988,"[""state_directionality_change"", ""state_syn_rate_change"", ""state_top_probability_change""]",LOW
1477,CTU44,2011-08-13T21:52:00+00:00,RBot,0.9954283448622676,Murlo,0.9930996897732104,0.0348053439464231,24.473398109273678,"[""state_directionality_change"", ""state_rst_rate_change"", ""state_top_probability_change""]",LOW
1478,CTU44,2011-08-13T21:53:00+00:00,RBot,0.99371487891576,Murlo,0.9903274979732644,0.0457951312480745,6.361098165836569,"[""state_syn_rate_change"", ""state_directionality_change"", ""state_rst_rate_change""]",LOW
1479,CTU44,2011-08-13T21:54:00+00:00,RBot,0.9731705789717292,Neris,0.955004006615932,0.1506037018513139,21.22378775858245,"[""state_syn_rate_change"", ""state_rst_rate_change"", ""state_port_diversity_change""]",LOW
1480,CTU44,2011-08-13T21:55:00+00:00,RBot,0.9697768894231356,Murlo,0.9496164078577868,0.1629983034294102,37.7874196133354,"[""state_directionality_change"", ""state_syn_rate_change"", ""state_rst_rate_change""]",LOW
1481,CTU44,2011-08-13T21:56:00+00:00,RBot,0.9945269597703692,Murlo,0.9917410801898408,0.0408048150775711,19.05741221403898,"[""state_directionality_change"", ""state_syn_rate_change"", ""state_rst_rate_change""]",LOW
1482,CTU44,2011-08-13T21:57:00+00:00,RBot,0.9826621674879666,Neris,0.9692288978769944,0.1015817616158519,12.914811908621763,"[""state_syn_rate_change"", ""state_rst_rate_change"", ""state_port_diversity_change""]",LOW
1483,CTU44,2011-08-13T21:58:00+00:00,RBot,0.9788113263454068,Neris,0.9616136980811671,0.117781769601566,4.409793319832778,"[""state_syn_rate_change"", ""state_rst_rate_change"", ""state_destination_diversity_change""]",LOW
1484,CTU44,2011-08-13T21:59:00+00:00,RBot,0.9691332433709112,Murlo,0.9473726369119876,0.1674781950786077,33.24016130275778,"[""state_syn_rate_change"", ""state_rst_rate_change"", ""state_packet_rate_change""]",LOW
1485,CTU44,2011-08-13T22:01:00+00:00,RBot,0.996545070878968,Murlo,0.9934399172940056,0.0247031195555828,39.01511136185453,"[""state_iat_change"", ""state_syn_rate_change"", ""state_rst_rate_change""]",LOW
1486,CTU44,2011-08-13T22:04:00+00:00,RBot,0.9995646677420136,Murlo,0.999197034204905,0.0040964854996757,28.42855450626016,"[""state_iat_change"", ""state_entropy_change"", ""state_top_probability_change""]",LOW
1487,CTU44,2011-08-13T22:06:00+00:00,RBot,0.999627124296394,Murlo,0.9993156484588588,0.0035773627046008,0.004726942491928898,"[""state_entropy_change"", ""state_top_probability_change"", ""state_iat_change""]",LOW
1488,CTU44,2011-08-13T22:07:00+00:00,RBot,0.965263539133867,Murlo,0.9331265497428392,0.1635290022823098,5.935316619205783,"[""state_top_probability_change"", ""state_byte_rate_change"", ""state_iat_change""]",LOW
1489,CTU44,2011-08-13T22:08:00+00:00,RBot,0.9996231374735282,Murlo,0.9993085232254798,0.0036122547063392,5.935136027753537,"[""state_top_probability_change"", ""state_byte_rate_change"", ""state_iat_change""]",LOW
1490,CTU44,2011-08-13T22:11:00+00:00,RBot,0.999627124296394,Murlo,0.9993156484588588,0.0035773627046008,0.0009905404983867458,"[""state_iat_change"", ""state_entropy_change"", ""state_top_probability_change""]",LOW
1491,CTU44,2011-08-13T22:13:00+00:00,RBot,0.999627124296394,Murlo,0.9993156484588588,0.0035773627046008,0.00034311433702307155,"[""state_iat_change"", ""state_top_probability_change"", ""state_entropy_change""]",LOW
1492,CTU44,2011-08-13T22:15:00+00:00,RBot,0.9996336817345104,Murlo,0.999328822868182,0.0035245400394195,0.0011045979447216157,"[""state_iat_change"", ""state_entropy_change"", ""state_top_probability_change""]",LOW
1493,CTU44,2011-08-13T22:18:00+00:00,RBot,0.9996336817345104,Murlo,0.999328822868182,0.0035245400394195,0.0010335369219873968,"[""state_iat_change"", ""state_top_probability_change"", ""state_entropy_change""]",LOW
1494,CTU44,2011-08-13T22:19:00+00:00,RBot,0.9822316964944016,Murlo,0.9658910252139014,0.0964109238514921,32.74197728282618,"[""state_iat_change"", ""state_top_probability_change"", ""state_entropy_change""]",LOW
1495,CTU44,2011-08-13T22:20:00+00:00,RBot,0.9996212521074802,Murlo,0.99930582759001,0.0036307939462798,32.74123284002861,"[""state_iat_change"", ""state_top_probability_change"", ""state_entropy_change""]",LOW
1496,CTU44,2011-08-13T22:22:00+00:00,RBot,0.999627124296394,Murlo,0.9993156484588588,0.0035773627046008,0.0006524122202307917,"[""state_entropy_change"", ""state_iat_change"", ""state_top_probability_change""]",LOW
1497,CTU44,2011-08-13T22:24:00+00:00,RBot,0.999568944342621,Murlo,0.9992045592667926,0.00405924668448,0.004367889766301681,"[""state_entropy_change"", ""state_top_probability_change"", ""state_iat_change""]",LOW
1498,CTU44,2011-08-13T22:27:00+00:00,RBot,0.998618757204872,Murlo,0.9974032559745832,0.0112311441771219,19.13053368607711,"[""state_iat_change"", ""state_directionality_change"", ""state_destination_diversity_change""]",LOW
1499,CTU44,2011-08-13T22:29:00+00:00,RBot,0.9996247748507784,Murlo,0.9993106941436652,0.0035955282955263,19.134714979225553,"[""state_iat_change"", ""state_directionality_change"", ""state_destination_diversity_change""]",LOW
1500,CTU44,2011-08-13T22:31:00+00:00,RBot,0.9981118521876192,Murlo,0.9964375516447928,0.0147119304477962,8.16662070786757,"[""state_iat_change"", ""state_directionality_change"", ""state_destination_diversity_change""]",LOW
1501,CTU44,2011-08-13T22:34:00+00:00,RBot,0.9996313877406128,Murlo,0.9993239793253188,0.0035423126442525,8.16697586415521,"[""state_iat_change"", ""state_directionality_change"", ""state_destination_diversity_change""]",LOW
1502,CTU44,2011-08-13T22:36:00+00:00,RBot,0.9996064845397816,Murlo,0.999277565480452,0.0037537968237826,0.0021755935347563984,"[""state_entropy_change"", ""state_top_probability_change"", ""state_iat_change""]",LOW
1503,CTU44,2011-08-13T22:38:00+00:00,RBot,0.9996064845397816,Murlo,0.999277565480452,0.0037537968237826,6.369502207522685e-05,"[""state_iat_change"", ""state_top_probability_change"", ""state_entropy_change""]",LOW
1504,CTU44,2011-08-13T22:39:00+00:00,RBot,0.987151624157757,Murlo,0.9752779777691464,0.0734971230599163,3.252387440346075,"[""state_byte_rate_change"", ""state_ack_rate_change"", ""state_packet_rate_change""]",LOW
1505,CTU44,2011-08-13T22:41:00+00:00,RBot,0.9996313877406128,Murlo,0.9993239793253188,0.0035423126442525,3.254795009578515,"[""state_byte_rate_change"", ""state_ack_rate_change"", ""state_packet_rate_change""]",LOW
1506,CTU44,2011-08-13T22:43:00+00:00,RBot,0.998012550521114,Murlo,0.9962740407241776,0.0154649761591964,3.77467413644201,"[""state_iat_change"", ""state_directionality_change"", ""state_destination_diversity_change""]",LOW
1507,CTU44,2011-08-13T22:45:00+00:00,RBot,0.9995999328106302,Murlo,0.9992652496473352,0.0038084257954978,3.7728486162393087,"[""state_iat_change"", ""state_directionality_change"", ""state_destination_diversity_change""]",LOW
1508,CTU44,2011-08-13T22:47:00+00:00,RBot,0.9996337645597568,Murlo,0.9993287891117248,0.0035232585404922,0.0024493082193352955,"[""state_entropy_change"", ""state_top_probability_change"", ""state_iat_change""]",LOW
1509,CTU44,2011-08-13T22:50:00+00:00,RBot,0.999571766888378,Murlo,0.9992102655572536,0.004037087356283,0.00449025629761854,"[""state_entropy_change"", ""state_top_probability_change"", ""state_iat_change""]",LOW
1510,CTU44,2011-08-13T22:52:00+00:00,RBot,0.999627124296394,Murlo,0.9993156484588588,0.0035773627046008,0.004858835577345255,"[""state_entropy_change"", ""state_top_probability_change"", ""state_iat_change""]",LOW
1511,CTU44,2011-08-13T22:53:00+00:00,RBot,0.985581165693375,Murlo,0.9717804239263076,0.0789714165536769,1.364918199714996,"[""state_top_probability_change"", ""state_entropy_change"", ""state_directionality_change""]",LOW
1512,CTU44,2011-08-13T22:54:00+00:00,RBot,0.9996333049131216,Murlo,0.9993270765681938,0.0035248090127001,1.3643696570471533,"[""state_top_probability_change"", ""state_entropy_change"", ""state_directionality_change""]",LOW
1513,CTU44,2011-08-13T22:55:00+00:00,RBot,0.9945706244640238,Murlo,0.98949736221414,0.0356174774827392,0.8795916559163509,"[""state_entropy_change"", ""state_top_probability_change"", ""state_directionality_change""]",LOW
1514,CTU44,2011-08-13T22:57:00+00:00,RBot,0.9965465480731132,Murlo,0.993549788004788,0.0250969266362029,0.6793477232759949,"[""state_directionality_change"", ""state_iat_change"", ""state_ack_rate_change""]",LOW
1515,CTU44,2011-08-13T22:59:00+00:00,RBot,0.9996336817345104,Murlo,0.999328822868182,0.0035245400394195,0.20052933405460857,"[""state_entropy_change"", ""state_top_probability_change"", ""state_iat_change""]",LOW
1516,CTU44,2011-08-13T23:01:00+00:00,RBot,0.9996188648162324,Murlo,0.9993016214109848,0.0036516085386115,0.0018896821954474464,"[""state_iat_change"", ""state_entropy_change"", ""state_top_probability_change""]",LOW
1517,CTU44,2011-08-13T23:03:00+00:00,RBot,0.985581165693375,Murlo,0.9717804239263076,0.0789714165536769,1.3643860607165443,"[""state_top_probability_change"", ""state_entropy_change"", ""state_directionality_change""]",LOW
1518,CTU44,2011-08-13T23:04:00+00:00,RBot,0.9996313877406128,Murlo,0.9993239793253188,0.0035423126442525,1.364738140539669,"[""state_top_probability_change"", ""state_entropy_change"", ""state_directionality_change""]",LOW
1519,CTU44,2011-08-13T23:06:00+00:00,RBot,0.9996247748507784,Murlo,0.9993106941436652,0.0035955282955263,0.0006946009526075011,"[""state_entropy_change"", ""state_iat_change"", ""state_top_probability_change""]",LOW
1520,CTU44,2011-08-13T23:07:00+00:00,RBot,0.9467596008568014,Murlo,0.8961008760006864,0.2220583146372023,5.485587255451089,"[""state_top_probability_change"", ""state_iat_change"", ""state_entropy_change""]",LOW
1521,CTU44,2011-08-13T23:08:00+00:00,RBot,0.99960593287227,Murlo,0.9992776947635252,0.0037616310294619,5.484395229369013,"[""state_top_probability_change"", ""state_iat_change"", ""state_entropy_change""]",LOW
1522,CTU44,2011-08-13T23:10:00+00:00,RBot,0.9996213169792688,Murlo,0.9993065843560472,0.0036320289760572,0.0011957391891395217,"[""state_entropy_change"", ""state_top_probability_change"", ""state_iat_change""]",LOW
1523,CTU44,2011-08-13T23:11:00+00:00,RBot,0.9739308403696896,Murlo,0.9492642391206628,0.1282958282503868,3.926502351099885,"[""state_top_probability_change"", ""state_byte_rate_change"", ""state_entropy_change""]",LOW
1524,CTU44,2011-08-13T23:13:00+00:00,RBot,0.999612035314159,Murlo,0.9992870694505912,0.003703940990117,3.9257650372894126,"[""state_top_probability_change"", ""state_byte_rate_change"", ""state_entropy_change""]",LOW
1525,CTU44,2011-08-13T23:15:00+00:00,RBot,0.999627124296394,Murlo,0.9993156484588588,0.0035773627046008,0.002950836564141947,"[""state_iat_change"", ""state_entropy_change"", ""state_top_probability_change""]",LOW
1526,CTU44,2011-08-13T23:17:00+00:00,RBot,0.9995999328106302,Murlo,0.9992652496473352,0.0038084257954978,0.003718529868818382,"[""state_iat_change"", ""state_entropy_change"", ""state_top_probability_change""]",LOW
1527,CTU44,2011-08-13T23:18:00+00:00,RBot,0.985581165693375,Murlo,0.9717804239263076,0.0789714165536769,1.3621388437724977,"[""state_top_probability_change"", ""state_entropy_change"", ""state_directionality_change""]",LOW
1528,CTU44,2011-08-13T23:19:00+00:00,RBot,0.9945706244640238,Murlo,0.98949736221414,0.0356174774827392,0.49042457321173716,"[""state_top_probability_change"", ""state_entropy_change"", ""state_byte_rate_change""]",LOW
1529,CTU44,2011-08-13T23:20:00+00:00,RBot,0.999571766888378,Murlo,0.9992102655572536,0.004037087356283,0.8753505625370038,"[""state_entropy_change"", ""state_top_probability_change"", ""state_directionality_change""]",LOW
1530,CTU44,2011-08-13T23:22:00+00:00,RBot,0.9996313877406128,Murlo,0.9993239793253188,0.0035423126442525,0.00507352826722507,"[""state_entropy_change"", ""state_top_probability_change"", ""state_iat_change""]",LOW
1531,CTU44,2011-08-13T23:24:00+00:00,RBot,0.9995823955472188,Murlo,0.9992305949340028,0.003950068826761,0.004468619431482316,"[""state_entropy_change"", ""state_top_probability_change"", ""state_iat_change""]",LOW
1532,CTU44,2011-08-13T23:27:00+00:00,RBot,0.9996336817345104,Murlo,0.999328822868182,0.0035245400394195,0.00391503297204973,"[""state_entropy_change"", ""state_top_probability_change"", ""state_iat_change""]",LOW
1533,CTU44,2011-08-13T23:29:00+00:00,RBot,0.9996313877406128,Murlo,0.9993239793253188,0.0035423126442525,0.00020026902817418053,"[""state_entropy_change"", ""state_top_probability_change"", ""state_iat_change""]",LOW
1534,CTU44,2011-08-13T23:31:00+00:00,RBot,0.997652370658944,Murlo,0.9955225938994792,0.0175968106860061,1.028761916076051,"[""state_iat_change"", ""state_directionality_change"", ""state_destination_diversity_change""]",LOW
1535,CTU44,2011-08-13T23:33:00+00:00,RBot,0.999568944342621,Murlo,0.9992045592667926,0.00405924668448,1.0241473550491145,"[""state_iat_change"", ""state_directionality_change"", ""state_destination_diversity_change""]",LOW
1536,CTU44,2011-08-13T23:36:00+00:00,RBot,0.9996064845397816,Murlo,0.999277565480452,0.0037537968237826,0.002997544002642028,"[""state_entropy_change"", ""state_top_probability_change"", ""state_iat_change""]",LOW
1537,CTU44,2011-08-13T23:38:00+00:00,RBot,0.999387471305112,Murlo,0.998871165378114,0.0055592225293099,0.01599164769493084,"[""state_entropy_change"", ""state_top_probability_change"", ""state_iat_change""]",LOW
1538,CTU44,2011-08-13T23:40:00+00:00,RBot,0.9996411350469384,Murlo,0.9993431700440067,0.0034624722720837,0.01845799796032616,"[""state_entropy_change"", ""state_top_probability_change"", ""state_iat_change""]",LOW
1539,CTU44,2011-08-13T23:43:00+00:00,RBot,0.9861994730426222,Murlo,0.9735263397059616,0.0782433672343168,5.591887207317575,"[""state_iat_change"", ""state_byte_rate_change"", ""state_ack_rate_change""]",LOW
1540,CTU44,2011-08-13T23:45:00+00:00,RBot,0.9996337645597568,Murlo,0.9993287891117248,0.0035232585404922,5.591307800859359,"[""state_iat_change"", ""state_byte_rate_change"", ""state_ack_rate_change""]",LOW
1541,CTU44,2011-08-13T23:47:00+00:00,RBot,0.999627124296394,Murlo,0.9993156484588588,0.0035773627046008,0.0006903832272046145,"[""state_entropy_change"", ""state_iat_change"", ""state_top_probability_change""]",LOW
1542,CTU44,2011-08-13T23:50:00+00:00,RBot,0.9996360381484688,Murlo,0.9993335920773104,0.0035056314176816,0.0007915425690138291,"[""state_entropy_change"", ""state_top_probability_change"", ""state_iat_change""]",LOW
1543,CTU44,2011-08-13T23:52:00+00:00,RBot,0.9996188648162324,Murlo,0.9993016214109848,0.0036516085386115,0.0012694228449563868,"[""state_entropy_change"", ""state_top_probability_change"", ""state_iat_change""]",LOW
1544,CTU44,2011-08-13T23:54:00+00:00,RBot,0.9995973228725508,Murlo,0.9992599698249012,0.0038291098504425,0.001894809772478531,"[""state_entropy_change"", ""state_top_probability_change"", ""state_iat_change""]",LOW
1545,CTU44,2011-08-13T23:55:00+00:00,RBot,0.9945706244640238,Murlo,0.98949736221414,0.0356174774827392,0.8775585993481406,"[""state_entropy_change"", ""state_top_probability_change"", ""state_directionality_change""]",LOW
1546,CTU44,2011-08-13T23:56:00+00:00,RBot,0.9996313877406128,Murlo,0.9993239793253188,0.0035423126442525,0.8799813710828892,"[""state_entropy_change"", ""state_top_probability_change"", ""state_directionality_change""]",LOW
1547,CTU44,2011-08-13T23:57:00+00:00,RBot,0.9840949425736268,Murlo,0.9688703550565004,0.0854908939645078,1.3946070100187524,"[""state_top_probability_change"", ""state_entropy_change"", ""state_rst_rate_change""]",LOW
1548,CTU44,2011-08-13T23:59:00+00:00,RBot,0.9995542954945308,Murlo,0.9991772825743336,0.0041815030450511,1.3886548238813043,"[""state_top_probability_change"", ""state_entropy_change"", ""state_rst_rate_change""]",LOW
1549,CTU44,2011-08-14T00:01:00+00:00,RBot,0.9996247748507784,Murlo,0.9993106941436652,0.0035955282955263,0.005365054152126583,"[""state_entropy_change"", ""state_top_probability_change"", ""state_iat_change""]",LOW
1550,CTU44,2011-08-14T00:03:00+00:00,RBot,0.9964549313723516,Murlo,0.993370718044738,0.0256425493453306,0.20611528117030534,"[""state_entropy_change"", ""state_top_probability_change"", ""state_iat_change""]",LOW
1551,CTU44,2011-08-14T00:04:00+00:00,RBot,0.985581165693375,Murlo,0.9717804239263076,0.0789714165536769,1.1596883904053765,"[""state_top_probability_change"", ""state_entropy_change"", ""state_directionality_change""]",LOW
1552,CTU44,2011-08-14T00:06:00+00:00,RBot,0.9996247748507784,Murlo,0.9993106941436652,0.0035955282955263,1.3640941286375161,"[""state_top_probability_change"", ""state_entropy_change"", ""state_directionality_change""]",LOW
1553,CTU44,2011-08-14T00:07:00+00:00,RBot,0.8841784566264984,Murlo,0.771477035977342,0.3773434763112833,15.107181989002255,"[""state_iat_change"", ""state_top_probability_change"", ""state_entropy_change""]",LOW
1554,CTU44,2011-08-14T00:08:00+00:00,RBot,0.9995350025701758,Murlo,0.999138430717623,0.0043323041549264,15.100965863468103,"[""state_iat_change"", ""state_top_probability_change"", ""state_entropy_change""]",LOW
1555,CTU44,2011-08-14T00:10:00+00:00,RBot,0.9996255095439534,Murlo,0.9993144227160302,0.0035970423479993,0.006602700578904223,"[""state_entropy_change"", ""state_top_probability_change"", ""state_iat_change""]",LOW
1556,CTU44,2011-08-14T00:13:00+00:00,RBot,0.9621598490209644,Murlo,0.9302979951013768,0.1862117130929562,16.5990133791397,"[""state_byte_rate_change"", ""state_ack_rate_change"", ""state_iat_change""]",LOW
1557,CTU44,2011-08-14T00:14:00+00:00,RBot,0.9625770186276068,Murlo,0.9317794468897376,0.1863850218019249,9.524593866560833,"[""state_byte_rate_change"", ""state_ack_rate_change"", ""state_iat_change""]",LOW
1558,CTU44,2011-08-14T00:15:00+00:00,RBot,0.995512813014899,Murlo,0.9915801041825386,0.0311263197437551,9.669305300574393,"[""state_byte_rate_change"", ""state_iat_change"", ""state_top_probability_change""]",LOW
1559,CTU44,2011-08-14T00:17:00+00:00,RBot,0.9996313877406128,Murlo,0.9993239793253188,0.0035423126442525,3.2599745307011836,"[""state_byte_rate_change"", ""state_ack_rate_change"", ""state_packet_rate_change""]",LOW
1560,CTU44,2011-08-14T00:19:00+00:00,RBot,0.9983462773534064,Murlo,0.9968898037718006,0.0131416250867795,22.287586847482256,"[""state_iat_change"", ""state_directionality_change"", ""state_destination_diversity_change""]",LOW
1561,CTU44,2011-08-14T00:22:00+00:00,RBot,0.9995716848768972,Murlo,0.9992103217350996,0.0040384280419483,22.283587021188655,"[""state_iat_change"", ""state_directionality_change"", ""state_destination_diversity_change""]",LOW
1562,CTU44,2011-08-14T00:24:00+00:00,RBot,0.9995319019475573,Murlo,0.9991321666992882,0.0043563694889876,0.003034147527691433,"[""state_entropy_change"", ""state_top_probability_change"", ""state_iat_change""]",LOW
1563,CTU44,2011-08-14T00:25:00+00:00,RBot,0.9715113021755174,Murlo,0.9475155807955764,0.1487507003172388,16.76142617544113,"[""state_byte_rate_change"", ""state_ack_rate_change"", ""state_packet_rate_change""]",LOW
1564,CTU44,2011-08-14T00:26:00+00:00,RBot,0.967034039403067,Murlo,0.9384062724558884,0.163847689944844,16.11976705765996,"[""state_byte_rate_change"", ""state_iat_change"", ""state_ack_rate_change""]",LOW
1565,CTU44,2011-08-14T00:29:00+00:00,RBot,0.9996336817345104,Murlo,0.999328822868182,0.0035245400394195,10.761252409373595,"[""state_iat_change"", ""state_byte_rate_change"", ""state_top_probability_change""]",LOW
1566,CTU44,2011-08-14T00:31:00+00:00,RBot,0.997606037945194,Murlo,0.9954557066675545,0.017978627486304,1.9965532055164008,"[""state_iat_change"", ""state_directionality_change"", ""state_destination_diversity_change""]",LOW
1567,CTU44,2011-08-14T00:33:00+00:00,RBot,0.9984314385003376,Murlo,0.9974090203403791,0.0135122118959876,58.12332327227656,"[""state_byte_rate_change"", ""state_ack_rate_change"", ""state_packet_rate_change""]",LOW
1568,CTU44,2011-08-14T00:34:00+00:00,RBot,0.9985815229930034,Murlo,0.9976531913666976,0.0123569472558379,5.827515817647117,"[""state_byte_rate_change"", ""state_ack_rate_change"", ""state_packet_rate_change""]",LOW
1569,CTU44,2011-08-14T00:35:00+00:00,RBot,0.9979401078828584,Murlo,0.9965325927978722,0.017031319409801,7.538884312472173,"[""state_byte_rate_change"", ""state_ack_rate_change"", ""state_packet_rate_change""]",LOW
1570,CTU44,2011-08-14T00:36:00+00:00,RBot,0.9986423969383535,Murlo,0.9977516408968912,0.011875840267456,3.9923847494927673,"[""state_byte_rate_change"", ""state_ack_rate_change"", ""state_packet_rate_change""]",LOW
1571,CTU44,2011-08-14T00:37:00+00:00,RBot,0.9986893712429974,Murlo,0.9978227834578598,0.0115093507525971,1.9961797150169502,"[""state_byte_rate_change"", ""state_ack_rate_change"", ""state_packet_rate_change""]",LOW
1572,CTU44,2011-08-14T00:38:00+00:00,RBot,0.9986348169232916,Murlo,0.9977247747925714,0.0119118412773349,1.2071066365854428,"[""state_ack_rate_change"", ""state_byte_rate_change"", ""state_packet_rate_change""]",LOW
1573,CTU44,2011-08-14T00:39:00+00:00,RBot,0.9986763347967896,Murlo,0.997804497829036,0.011617792249143,0.7697760146954101,"[""state_byte_rate_change"", ""state_port_diversity_change"", ""state_destination_diversity_change""]",LOW
1574,CTU44,2011-08-14T00:40:00+00:00,RBot,0.9987014120677962,Murlo,0.9978586992209502,0.0114475901842492,2.956706953222291,"[""state_byte_rate_change"", ""state_ack_rate_change"", ""state_packet_rate_change""]",LOW
1575,CTU44,2011-08-14T00:41:00+00:00,RBot,0.9986454465235902,Murlo,0.9977215228140976,0.0117870947387328,4.070138768621448,"[""state_byte_rate_change"", ""state_ack_rate_change"", ""state_packet_rate_change""]",LOW
1576,CTU44,2011-08-14T00:42:00+00:00,RBot,0.9982896846240472,Murlo,0.9971620500327936,0.0145665031403919,5.645537510538265,"[""state_byte_rate_change"", ""state_ack_rate_change"", ""state_packet_rate_change""]",LOW
1577,CTU44,2011-08-14T00:43:00+00:00,RBot,0.9985235036834872,Murlo,0.9976385958462928,0.0129516427716906,3.86013097724061,"[""state_ack_rate_change"", ""state_byte_rate_change"", ""state_packet_rate_change""]",LOW
1578,CTU44,2011-08-14T00:44:00+00:00,RBot,0.9986631058132976,Murlo,0.9977700571096249,0.0116918993882346,1.273857073274706,"[""state_byte_rate_change"", ""state_ack_rate_change"", ""state_packet_rate_change""]",LOW
1579,CTU44,2011-08-14T00:45:00+00:00,RBot,0.9985325059423904,Murlo,0.9975750653923728,0.0127417724413594,2.7644479978029115,"[""state_byte_rate_change"", ""state_rst_rate_change"", ""state_port_diversity_change""]",LOW
1580,CTU44,2011-08-14T00:46:00+00:00,RBot,0.9986916986464536,Murlo,0.9978385838445024,0.0115071757370823,2.6630951042320343,"[""state_byte_rate_change"", ""state_rst_rate_change"", ""state_port_diversity_change""]",LOW
1581,CTU44,2011-08-14T00:47:00+00:00,RBot,0.9922313219159002,Murlo,0.9874398418988194,0.0545979940869919,3.264884657592299,"[""state_byte_rate_change"", ""state_packet_rate_change"", ""state_rst_rate_change""]",LOW
1582,CTU44,2011-08-14T00:48:00+00:00,RBot,0.9983166721576916,Murlo,0.9971437685334122,0.0142113081319161,5.826136914830831,"[""state_byte_rate_change"", ""state_ack_rate_change"", ""state_packet_rate_change""]",LOW
1583,CTU44,2011-08-14T00:49:00+00:00,RBot,0.9983062499126432,Murlo,0.997164288593206,0.0143849510559885,7.805457922621369,"[""state_ack_rate_change"", ""state_byte_rate_change"", ""state_packet_rate_change""]",LOW
1584,CTU44,2011-08-14T00:50:00+00:00,RBot,0.9986197431536572,Murlo,0.9977067748012914,0.0120412765213394,4.3031892770532965,"[""state_ack_rate_change"", ""state_byte_rate_change"", ""state_packet_rate_change""]",LOW
1585,CTU44,2011-08-14T00:51:00+00:00,RBot,0.998292202134304,Murlo,0.9971014399487818,0.0144079752433932,3.7837844179464146,"[""state_ack_rate_change"", ""state_byte_rate_change"", ""state_packet_rate_change""]",LOW
1586,CTU44,2011-08-14T00:52:00+00:00,RBot,0.998434282457441,Murlo,0.9973843256779824,0.0134193077800471,1.2340327603115286,"[""state_ack_rate_change"", ""state_rst_rate_change"", ""state_port_diversity_change""]",LOW
1587,CTU44,2011-08-14T00:53:00+00:00,RBot,0.9983418783953149,Murlo,0.9971916298421294,0.0140507201087849,6.785856484562696,"[""state_ack_rate_change"", ""state_byte_rate_change"", ""state_packet_rate_change""]",LOW
1588,CTU44,2011-08-14T00:54:00+00:00,RBot,0.99863254808992,Murlo,0.9977345694221924,0.0119498823061249,3.493665402631615,"[""state_ack_rate_change"", ""state_byte_rate_change"", ""state_packet_rate_change""]",LOW
1589,CTU44,2011-08-14T00:55:00+00:00,RBot,0.9984961277978852,Murlo,0.9975659676531048,0.0131222174300441,0.9312306665104697,"[""state_byte_rate_change"", ""state_ack_rate_change"", ""state_port_diversity_change""]",LOW
1590,CTU44,2011-08-14T00:56:00+00:00,RBot,0.9983062499126432,Murlo,0.997164288593206,0.0143849510559885,3.927321580675748,"[""state_byte_rate_change"", ""state_ack_rate_change"", ""state_packet_rate_change""]",LOW
1591,CTU44,2011-08-14T00:57:00+00:00,RBot,0.9986735162722992,Murlo,0.9978127761535072,0.0116598628565603,3.4062920790022826,"[""state_ack_rate_change"", ""state_byte_rate_change"", ""state_packet_rate_change""]",LOW
1592,CTU44,2011-08-14T00:58:00+00:00,RBot,0.9986999790905764,Murlo,0.9978419255370752,0.0114309636029083,0.7981271647552789,"[""state_byte_rate_change"", ""state_ack_rate_change"", ""state_packet_rate_change""]",LOW
1593,CTU44,2011-08-14T00:59:00+00:00,RBot,0.9982847983224082,Murlo,0.9971326519142452,0.0145564738735226,4.505950313702594,"[""state_byte_rate_change"", ""state_ack_rate_change"", ""state_packet_rate_change""]",LOW
1594,CTU44,2011-08-14T01:00:00+00:00,RBot,0.9983951823350508,Murlo,0.9972959572793012,0.0136739961335418,7.199975420842198,"[""state_ack_rate_change"", ""state_byte_rate_change"", ""state_packet_rate_change""]",LOW
1595,CTU44,2011-08-14T01:01:00+00:00,RBot,0.9987171130516228,Murlo,0.997881058611828,0.0113180184542337,4.96911585184004,"[""state_byte_rate_change"", ""state_ack_rate_change"", ""state_packet_rate_change""]",LOW
1596,CTU44,2011-08-14T01:02:00+00:00,RBot,0.9986383693113884,Murlo,0.9977334885640002,0.0118859158722139,2.682754832745293,"[""state_byte_rate_change"", ""state_rst_rate_change"", ""state_ack_rate_change""]",LOW
1597,CTU44,2011-08-14T01:03:00+00:00,RBot,0.9983989028594964,Murlo,0.9973415144043738,0.0137357234617345,3.2190350361731572,"[""state_ack_rate_change"", ""state_byte_rate_change"", ""state_packet_rate_change""]",LOW
1598,CTU44,2011-08-14T01:04:00+00:00,RBot,0.9965768672827106,Murlo,0.9939852923727512,0.0259592835624292,7.148752918534254,"[""state_ack_rate_change"", ""state_packet_rate_change"", ""state_syn_rate_change""]",LOW
1599,CTU44,2011-08-14T01:05:00+00:00,RBot,0.9981444418052964,Murlo,0.9969587532162488,0.0157255488969068,9.332656655748353,"[""state_ack_rate_change"", ""state_packet_rate_change"", ""state_byte_rate_change""]",LOW
1600,CTU44,2011-08-14T01:06:00+00:00,RBot,0.9987209434384564,Murlo,0.9978852956670976,0.0112865371357216,4.591738441813921,"[""state_ack_rate_change"", ""state_byte_rate_change"", ""state_packet_rate_change""]",LOW
1601,CTU44,2011-08-14T01:07:00+00:00,RBot,0.998534252869565,Murlo,0.9976200378174964,0.0128115903535861,0.6211055565247056,"[""state_byte_rate_change"", ""state_destination_diversity_change"", ""state_port_diversity_change""]",LOW
1602,CTU44,2011-08-14T01:08:00+00:00,RBot,0.9983467505132686,Murlo,0.9972245590748774,0.0140663017080183,4.266061856450881,"[""state_byte_rate_change"", ""state_ack_rate_change"", ""state_packet_rate_change""]",LOW
1603,CTU44,2011-08-14T01:09:00+00:00,RBot,0.9986885875062408,Murlo,0.9978281507655302,0.0115239483772436,3.795549619260292,"[""state_ack_rate_change"", ""state_byte_rate_change"", ""state_packet_rate_change""]",LOW
1604,CTU44,2011-08-14T01:10:00+00:00,RBot,0.9985808102652822,Murlo,0.9977093248245528,0.0124816575941664,0.9246868870936997,"[""state_port_diversity_change"", ""state_byte_rate_change"", ""state_rst_rate_change""]",LOW
1605,CTU44,2011-08-14T01:11:00+00:00,RBot,0.9986735162722992,Murlo,0.9978127761535072,0.0116598628565603,0.8572092214973323,"[""state_port_diversity_change"", ""state_byte_rate_change"", ""state_rst_rate_change""]",LOW
1606,CTU44,2011-08-14T01:12:00+00:00,RBot,0.9978893265944758,Murlo,0.9964577228350514,0.0174127089158487,3.5844041535277253,"[""state_byte_rate_change"", ""state_ack_rate_change"", ""state_packet_rate_change""]",LOW
1607,CTU44,2011-08-14T01:13:00+00:00,RBot,0.998153241603402,Murlo,0.996896006951275,0.0154827395385479,6.444903169578237,"[""state_byte_rate_change"", ""state_ack_rate_change"", ""state_packet_rate_change""]",LOW
1608,CTU44,2011-08-14T01:14:00+00:00,RBot,0.9986916986464536,Murlo,0.9978385838445024,0.0115071757370823,3.644603482895206,"[""state_byte_rate_change"", ""state_ack_rate_change"", ""state_packet_rate_change""]",LOW
1609,CTU44,2011-08-14T01:15:00+00:00,RBot,0.998625252877176,Murlo,0.9977907191050308,0.0121534469305159,1.5257519481844828,"[""state_byte_rate_change"", ""state_port_diversity_change"", ""state_rst_rate_change""]",LOW
1610,CTU44,2011-08-14T01:16:00+00:00,RBot,0.9986971648685192,Murlo,0.997850032723269,0.0114728373535519,0.937504280383363,"[""state_port_diversity_change"", ""state_byte_rate_change"", ""state_rst_rate_change""]",LOW
1611,CTU44,2011-08-14T01:17:00+00:00,RBot,0.9981938454228289,Murlo,0.9969455322001146,0.0151392225343598,3.95898354043482,"[""state_ack_rate_change"", ""state_byte_rate_change"", ""state_rst_rate_change""]",LOW
1612,CTU44,2011-08-14T01:18:00+00:00,RBot,0.9981925897050036,Murlo,0.996919398872755,0.0150909112045265,4.50554268061956,"[""state_byte_rate_change"", ""state_rst_rate_change"", ""state_ack_rate_change""]",LOW
1613,CTU44,2011-08-14T01:19:00+00:00,RBot,0.9915841599469049,Murlo,0.9867329251676455,0.0590348206913847,5.803349766761696,"[""state_byte_rate_change"", ""state_ack_rate_change"", ""state_packet_rate_change""]",LOW
1614,CTU44,2011-08-14T01:20:00+00:00,RBot,0.9983462613890696,Murlo,0.9972046313967258,0.0140298378889169,4.587616439381361,"[""state_byte_rate_change"", ""state_ack_rate_change"", ""state_rst_rate_change""]",LOW
1615,CTU44,2011-08-14T01:21:00+00:00,RBot,0.9986735162722992,Murlo,0.9978127761535072,0.0116598628565603,3.852063091106413,"[""state_ack_rate_change"", ""state_byte_rate_change"", ""state_packet_rate_change""]",LOW
1616,CTU44,2011-08-14T01:22:00+00:00,RBot,0.9986567924172076,Murlo,0.9977460548889784,0.0117095631226574,1.3514574401463346,"[""state_byte_rate_change"", ""state_port_diversity_change"", ""state_destination_diversity_change""]",LOW
1617,CTU44,2011-08-14T01:23:00+00:00,RBot,0.9984562379591894,Murlo,0.997427768770988,0.0132891120974372,4.914604660311678,"[""state_byte_rate_change"", ""state_ack_rate_change"", ""state_packet_rate_change""]",LOW
1618,CTU44,2011-08-14T01:24:00+00:00,RBot,0.99298105015292,Murlo,0.9872090054806965,0.0467964070256224,20.50929611726798,"[""state_byte_rate_change"", ""state_ack_rate_change"", ""state_packet_rate_change""]",LOW
1619,CTU44,2011-08-14T01:25:00+00:00,RBot,0.9979545540186436,Murlo,0.996471139751992,0.0167502394316569,17.12622790002924,"[""state_byte_rate_change"", ""state_ack_rate_change"", ""state_packet_rate_change""]",LOW
1620,CTU44,2011-08-14T01:26:00+00:00,RBot,0.9985088052843072,Murlo,0.9976161681126566,0.0130710375936566,2.851611478831702,"[""state_rst_rate_change"", ""state_byte_rate_change"", ""state_ack_rate_change""]",LOW
1621,CTU44,2011-08-14T01:27:00+00:00,RBot,0.998683526250064,Murlo,0.9978146065474732,0.011555412090996,1.3780321243644311,"[""state_byte_rate_change"", ""state_port_diversity_change"", ""state_destination_diversity_change""]",LOW
1622,CTU44,2011-08-14T01:28:00+00:00,RBot,0.9983222315916036,Murlo,0.9972062782254026,0.0142996727314431,4.345891250876408,"[""state_byte_rate_change"", ""state_ack_rate_change"", ""state_packet_rate_change""]",LOW
1623,CTU44,2011-08-14T01:29:00+00:00,RBot,0.9987294402029496,Murlo,0.9979067137915753,0.0112354019543843,3.7545516004205104,"[""state_ack_rate_change"", ""state_byte_rate_change"", ""state_packet_rate_change""]",LOW
1624,CTU44,2011-08-14T01:30:00+00:00,RBot,0.9986291601438406,Murlo,0.9977075164313416,0.011940576641902,0.7492406727680433,"[""state_byte_rate_change"", ""state_ack_rate_change"", ""state_packet_rate_change""]",LOW
1625,CTU44,2011-08-14T01:31:00+00:00,RBot,0.99802839046825,Murlo,0.9968481774468,0.0167258613050013,4.864282379827663,"[""state_byte_rate_change"", ""state_ack_rate_change"", ""state_packet_rate_change""]",LOW
1626,CTU44,2011-08-14T01:32:00+00:00,RBot,0.9987209434384564,Murlo,0.9978852956670976,0.0112865371357216,4.05362626283223,"[""state_ack_rate_change"", ""state_byte_rate_change"", ""state_packet_rate_change""]",LOW
1627,CTU44,2011-08-14T01:33:00+00:00,RBot,0.9986172432083552,Murlo,0.997694408064328,0.0120443818368705,0.8643007309349965,"[""state_byte_rate_change"", ""state_port_diversity_change"", ""state_destination_diversity_change""]",LOW
1628,CTU44,2011-08-14T01:34:00+00:00,RBot,0.9982579109113568,Murlo,0.9970611741533164,0.0147037585209563,4.162187210134889,"[""state_byte_rate_change"", ""state_ack_rate_change"", ""state_packet_rate_change""]",LOW
1629,CTU44,2011-08-14T01:35:00+00:00,RBot,0.9981907695155198,Murlo,0.9969608401236096,0.015202762719875,6.415000965798736,"[""state_ack_rate_change"", ""state_byte_rate_change"", ""state_packet_rate_change""]",LOW
1630,CTU44,2011-08-14T01:36:00+00:00,RBot,0.9984044872356664,Murlo,0.997330441562808,0.0136542324732638,5.655776742338305,"[""state_ack_rate_change"", ""state_packet_rate_change"", ""state_byte_rate_change""]",LOW
1631,CTU44,2011-08-14T01:37:00+00:00,RBot,0.9987036565886236,Murlo,0.9978787953365428,0.0114582730277407,2.5700904524186985,"[""state_ack_rate_change"", ""state_packet_rate_change"", ""state_rst_rate_change""]",LOW
1632,CTU44,2011-08-14T01:38:00+00:00,RBot,0.99857860016914,Murlo,0.9976194247203112,0.01230825313934,1.9830887046735626,"[""state_byte_rate_change"", ""state_ack_rate_change"", ""state_port_diversity_change""]",LOW
1633,CTU44,2011-08-14T01:39:00+00:00,RBot,0.9982899227428405,Murlo,0.997105583676412,0.0144426585388622,4.934104122112742,"[""state_byte_rate_change"", ""state_ack_rate_change"", ""state_packet_rate_change""]",LOW
1634,CTU44,2011-08-14T01:40:00+00:00,RBot,0.9983392813424404,Murlo,0.9972171880569848,0.0141053120705274,6.769417667575724,"[""state_ack_rate_change"", ""state_byte_rate_change"", ""state_packet_rate_change""]",LOW
1635,CTU44,2011-08-14T01:41:00+00:00,RBot,0.9985937220485182,Murlo,0.9976642982476084,0.0122504462941831,4.030115022951843,"[""state_ack_rate_change"", ""state_packet_rate_change"", ""state_syn_rate_change""]",LOW
1636,CTU44,2011-08-14T01:42:00+00:00,RBot,0.9980616632104424,Murlo,0.9967506018889012,0.0161700663453101,4.399334248483646,"[""state_byte_rate_change"", ""state_ack_rate_change"", ""state_packet_rate_change""]",LOW
1637,CTU44,2011-08-14T01:43:00+00:00,RBot,0.99846725436724,Murlo,0.9975185180277938,0.0133286568940997,3.612040504315807,"[""state_byte_rate_change"", ""state_ack_rate_change"", ""state_packet_rate_change""]",LOW
1638,CTU44,2011-08-14T01:44:00+00:00,RBot,0.9986234130800434,Murlo,0.9977105156852214,0.0120128743257661,1.5919439256011427,"[""state_ack_rate_change"", ""state_packet_rate_change"", ""state_syn_rate_change""]",LOW
1639,CTU44,2011-08-14T01:45:00+00:00,RBot,0.9986118329027454,Murlo,0.9976964873334264,0.0121106952326068,2.0008767413600643,"[""state_byte_rate_change"", ""state_syn_rate_change"", ""state_rst_rate_change""]",LOW
1640,CTU44,2011-08-14T01:46:00+00:00,RBot,0.9987805273339776,Murlo,0.9980045621490546,0.0108631211373561,1.84338932070957,"[""state_byte_rate_change"", ""state_ack_rate_change"", ""state_packet_rate_change""]",LOW
1641,CTU44,2011-08-14T01:47:00+00:00,RBot,0.9986544393982848,Murlo,0.9977697933733368,0.0117901398734183,0.6651580800696945,"[""state_rst_rate_change"", ""state_port_diversity_change"", ""state_byte_rate_change""]",LOW
1642,CTU44,2011-08-14T01:48:00+00:00,RBot,0.998664834278394,Murlo,0.997790575936506,0.0117113936076032,0.6721926299075204,"[""state_byte_rate_change"", ""state_rst_rate_change"", ""state_port_diversity_change""]",LOW
1643,CTU44,2011-08-14T01:49:00+00:00,RBot,0.9986097534609648,Murlo,0.9976739858967936,0.0120847041458382,0.9789121166322765,"[""state_byte_rate_change"", ""state_port_diversity_change"", ""state_ack_rate_change""]",LOW
1644,CTU44,2011-08-14T01:50:00+00:00,RBot,0.9986980335557064,Murlo,0.9978558801259092,0.0114863215010027,2.124755172279349,"[""state_byte_rate_change"", ""state_rst_rate_change"", ""state_port_diversity_change""]",LOW
1645,CTU44,2011-08-14T01:51:00+00:00,RBot,0.9964730939223888,Murlo,0.9942470427260844,0.0276006682720198,4.1280991323343414,"[""state_byte_rate_change"", ""state_ack_rate_change"", ""state_packet_rate_change""]",LOW
1646,CTU44,2011-08-14T01:52:00+00:00,RBot,0.9983929320347992,Murlo,0.9973380448506663,0.0137972723346387,1.3497138161800901,"[""state_ack_rate_change"", ""state_rst_rate_change"", ""state_fin_rate_change""]",LOW
1647,CTU44,2011-08-14T01:53:00+00:00,RBot,0.9984052922262246,Murlo,0.9973197563135864,0.0136252630113911,5.977450019208628,"[""state_ack_rate_change"", ""state_byte_rate_change"", ""state_packet_rate_change""]",LOW
1648,CTU44,2011-08-14T01:54:00+00:00,RBot,0.9986325651313472,Murlo,0.997707198436646,0.0118992507636,4.570867364131913,"[""state_byte_rate_change"", ""state_ack_rate_change"", ""state_packet_rate_change""]",LOW
1649,CTU44,2011-08-14T01:55:00+00:00,RBot,0.9985133933921548,Murlo,0.9975899383747322,0.0129837726575795,2.350245843940146,"[""state_byte_rate_change"", ""state_rst_rate_change"", ""state_ack_rate_change""]",LOW
1650,CTU44,2011-08-14T01:56:00+00:00,RBot,0.9986063906220416,Murlo,0.9976654545469456,0.012094640107515,2.1049180620694807,"[""state_byte_rate_change"", ""state_ack_rate_change"", ""state_rst_rate_change""]",LOW
1651,CTU44,2011-08-14T01:57:00+00:00,RBot,0.998421226488682,Murlo,0.99735630599884,0.0135203237495956,2.3432525785806844,"[""state_ack_rate_change"", ""state_byte_rate_change"", ""state_packet_rate_change""]",LOW
1652,CTU44,2011-08-14T01:58:00+00:00,RBot,0.9975219959337858,Murlo,0.9958701642281144,0.0200584855110004,4.661073880807827,"[""state_ack_rate_change"", ""state_byte_rate_change"", ""state_packet_rate_change""]",LOW
1653,CTU44,2011-08-14T01:59:00+00:00,RBot,0.9986743762389632,Murlo,0.9977918102635938,0.0116104034793562,3.644982960993234,"[""state_byte_rate_change"", ""state_ack_rate_change"", ""state_rst_rate_change""]",LOW
1654,CTU44,2011-08-14T02:00:00+00:00,RBot,0.9987361496157724,Murlo,0.9979090572394472,0.0111659752363584,1.6149976119860225,"[""state_byte_rate_change"", ""state_rst_rate_change"", ""state_packet_rate_change""]",LOW
1655,CTU44,2011-08-14T02:01:00+00:00,RBot,0.9986119192544226,Murlo,0.9977948219728808,0.0123021975082911,1.1136435561631155,"[""state_byte_rate_change"", ""state_port_diversity_change"", ""state_rst_rate_change""]",LOW
1656,CTU44,2011-08-14T02:02:00+00:00,RBot,0.9985683944521504,Murlo,0.9976010085780084,0.0123887348265795,1.4828924563625323,"[""state_byte_rate_change"", ""state_ack_rate_change"", ""state_port_diversity_change""]",LOW
1657,CTU44,2011-08-14T02:03:00+00:00,RBot,0.997926942430127,Murlo,0.996519458585468,0.0171118244013824,4.027181856189428,"[""state_byte_rate_change"", ""state_ack_rate_change"", ""state_packet_rate_change""]",LOW
1658,CTU44,2011-08-14T02:04:00+00:00,RBot,0.9982899227428405,Murlo,0.997105583676412,0.0144426585388622,7.5098315635039095,"[""state_byte_rate_change"", ""state_ack_rate_change"", ""state_packet_rate_change""]",LOW
1659,CTU44,2011-08-14T02:05:00+00:00,RBot,0.998246855165254,Murlo,0.9970753785939694,0.0148240840349483,6.4848622325555425,"[""state_ack_rate_change"", ""state_byte_rate_change"", ""state_packet_rate_change""]",LOW
1660,CTU44,2011-08-14T02:06:00+00:00,RBot,0.9983459855410012,Murlo,0.997201660981386,0.0140251320975165,6.714723507190963,"[""state_ack_rate_change"", ""state_byte_rate_change"", ""state_packet_rate_change""]",LOW
1661,CTU44,2011-08-14T02:07:00+00:00,RBot,0.998351203184888,Murlo,0.997390500385634,0.0143115771089837,3.6875619926763696,"[""state_ack_rate_change"", ""state_byte_rate_change"", ""state_packet_rate_change""]",LOW
1662,CTU44,2011-08-14T02:08:00+00:00,RBot,0.9986158383423436,Murlo,0.997682905856464,0.0120255820033154,1.0659204153525106,"[""state_byte_rate_change"", ""state_port_diversity_change"", ""state_packet_rate_change""]",LOW
1663,CTU44,2011-08-14T02:09:00+00:00,RBot,0.9983754453386676,Murlo,0.997251857843519,0.0138075950550784,4.973340180954043,"[""state_byte_rate_change"", ""state_ack_rate_change"", ""state_packet_rate_change""]",LOW
1664,CTU44,2011-08-14T02:10:00+00:00,RBot,0.9986375485776426,Murlo,0.9977507229962038,0.0119280064874316,3.7874987163685545,"[""state_ack_rate_change"", ""state_byte_rate_change"", ""state_packet_rate_change""]",LOW
1665,CTU44,2011-08-14T02:11:00+00:00,RBot,0.9986291601438406,Murlo,0.9977075164313416,0.011940576641902,1.6760505442548002,"[""state_byte_rate_change"", ""state_ack_rate_change"", ""state_port_diversity_change""]",LOW
1666,CTU44,2011-08-14T02:12:00+00:00,RBot,0.9982775371434754,Murlo,0.9971683940977312,0.0146938390444761,3.0298250051224858,"[""state_byte_rate_change"", ""state_port_diversity_change"", ""state_ack_rate_change""]",LOW
1667,CTU44,2011-08-14T02:13:00+00:00,RBot,0.9986829834599834,Murlo,0.9978164702218534,0.0115592187751471,2.478468088520468,"[""state_byte_rate_change"", ""state_port_diversity_change"", ""state_rst_rate_change""]",LOW
1668,CTU44,2011-08-14T02:14:00+00:00,RBot,0.9986352282327272,Murlo,0.9977209882272556,0.0119015379274312,1.3796327802849075,"[""state_byte_rate_change"", ""state_rst_rate_change"", ""state_port_diversity_change""]",LOW
1669,CTU44,2011-08-14T02:15:00+00:00,RBot,0.9983337583136926,Murlo,0.9971953651910608,0.0141434066097815,3.7670400672935886,"[""state_ack_rate_change"", ""state_byte_rate_change"", ""state_packet_rate_change""]",LOW
1670,CTU44,2011-08-14T02:16:00+00:00,RBot,0.9983501373887724,Murlo,0.9973167814248578,0.0142150916841106,3.516537241062809,"[""state_byte_rate_change"", ""state_ack_rate_change"", ""state_rst_rate_change""]",LOW
1671,CTU44,2011-08-14T02:17:00+00:00,RBot,0.9985078098302612,Murlo,0.9975385675495928,0.0129399270902236,6.928003097120796,"[""state_ack_rate_change"", ""state_byte_rate_change"", ""state_packet_rate_change""]",LOW
1672,CTU44,2011-08-14T02:18:00+00:00,RBot,0.9985533207023972,Murlo,0.997637423448102,0.0126329334376699,3.7033194602299795,"[""state_byte_rate_change"", ""state_ack_rate_change"", ""state_syn_rate_change""]",LOW
1673,CTU44,2011-08-14T02:19:00+00:00,RBot,0.998109144333433,Murlo,0.9970026828992472,0.0161297793230304,6.193799313385682,"[""state_byte_rate_change"", ""state_ack_rate_change"", ""state_packet_rate_change""]",LOW
1674,CTU44,2011-08-14T02:20:00+00:00,RBot,0.9977558925975258,Murlo,0.9962666933285024,0.0184305521130044,4.556707118091826,"[""state_byte_rate_change"", ""state_ack_rate_change"", ""state_packet_rate_change""]",LOW
1675,CTU44,2011-08-14T02:21:00+00:00,RBot,0.9985367527828152,Murlo,0.997555404819358,0.012641023562973,3.9940459966677397,"[""state_byte_rate_change"", ""state_ack_rate_change"", ""state_packet_rate_change""]",LOW
1676,CTU44,2011-08-14T02:22:00+00:00,RBot,0.9977973364128944,Murlo,0.99629770618006,0.0180707417098099,5.845755666153949,"[""state_ack_rate_change"", ""state_byte_rate_change"", ""state_packet_rate_change""]",LOW
1677,CTU44,2011-08-14T02:23:00+00:00,RBot,0.9976613695483656,Murlo,0.996297775426712,0.0194770713337179,1.6649471437408938,"[""state_ack_rate_change"", ""state_rst_rate_change"", ""state_fin_rate_change""]",LOW
1678,CTU44,2011-08-14T02:24:00+00:00,RBot,0.9986525531474126,Murlo,0.9977626832782264,0.0117875938384835,3.2702029443407388,"[""state_byte_rate_change"", ""state_ack_rate_change"", ""state_packet_rate_change""]",LOW
1679,CTU44,2011-08-14T02:25:00+00:00,RBot,0.9982939982830455,Murlo,0.997115758819709,0.0144176178273166,3.654337858865589,"[""state_byte_rate_change"", ""state_ack_rate_change"", ""state_packet_rate_change""]",LOW
1680,CTU44,2011-08-14T02:26:00+00:00,RBot,0.99863254808992,Murlo,0.9977345694221924,0.0119498823061249,2.9765692437485463,"[""state_ack_rate_change"", ""state_byte_rate_change"", ""state_packet_rate_change""]",LOW
1681,CTU44,2011-08-14T02:27:00+00:00,RBot,0.9986763347967896,Murlo,0.997804497829036,0.011617792249143,1.106877958576441,"[""state_byte_rate_change"", ""state_port_diversity_change"", ""state_ack_rate_change""]",LOW
1682,CTU44,2011-08-14T02:28:00+00:00,RBot,0.9982877686081022,Murlo,0.9971602823431852,0.0145820650108848,5.36740638596581,"[""state_byte_rate_change"", ""state_ack_rate_change"", ""state_packet_rate_change""]",LOW
1683,CTU44,2011-08-14T02:29:00+00:00,RBot,0.9979003424313184,Murlo,0.996444513666728,0.0172658327439771,9.508078894333048,"[""state_byte_rate_change"", ""state_ack_rate_change"", ""state_packet_rate_change""]",LOW
1684,CTU44,2011-08-14T02:30:00+00:00,RBot,0.998408192161119,Murlo,0.997328828851153,0.0136106792119035,2.7822699088149765,"[""state_byte_rate_change"", ""state_ack_rate_change"", ""state_rst_rate_change""]",LOW
1685,CTU44,2011-08-14T02:31:00+00:00,RBot,0.998600713467844,Murlo,0.9977568012237692,0.0123547330008284,2.9815721299824127,"[""state_ack_rate_change"", ""state_packet_rate_change"", ""state_port_diversity_change""]",LOW
1686,CTU44,2011-08-14T02:32:00+00:00,RBot,0.9983951823350508,Murlo,0.9972959572793012,0.0136739961335418,4.182049614445524,"[""state_ack_rate_change"", ""state_byte_rate_change"", ""state_packet_rate_change""]",LOW
1687,CTU44,2011-08-14T02:33:00+00:00,RBot,0.9985727108224322,Murlo,0.9976498594905316,0.012453560563489,4.652070549850712,"[""state_ack_rate_change"", ""state_packet_rate_change"", ""state_syn_rate_change""]",LOW
1688,CTU44,2011-08-14T02:34:00+00:00,RBot,0.998153241603402,Murlo,0.996896006951275,0.0154827395385479,4.20509571969272,"[""state_byte_rate_change"", ""state_ack_rate_change"", ""state_rst_rate_change""]",LOW
1689,CTU44,2011-08-14T02:35:00+00:00,RBot,0.9986733059578148,Murlo,0.9977995658179908,0.0116271414526604,3.6004527093665275,"[""state_byte_rate_change"", ""state_ack_rate_change"", ""state_packet_rate_change""]",LOW
1690,CTU44,2011-08-14T02:36:00+00:00,RBot,0.9986234130800434,Murlo,0.9977105156852214,0.0120128743257661,1.6831232603131252,"[""state_ack_rate_change"", ""state_packet_rate_change"", ""state_syn_rate_change""]",LOW
1691,CTU44,2011-08-14T02:37:00+00:00,RBot,0.998294697898336,Murlo,0.9971740455688706,0.0145203718117419,2.957067487665862,"[""state_byte_rate_change"", ""state_syn_rate_change"", ""state_ack_rate_change""]",LOW
1692,CTU44,2011-08-14T02:38:00+00:00,RBot,0.9986555765807972,Murlo,0.9977560793472936,0.0117403227458946,4.068437254583809,"[""state_byte_rate_change"", ""state_ack_rate_change"", ""state_packet_rate_change""]",LOW
1693,CTU44,2011-08-14T02:39:00+00:00,RBot,0.9987044521315834,Murlo,0.9978459660732236,0.0113894390502582,1.5778974233691345,"[""state_byte_rate_change"", ""state_rst_rate_change"", ""state_ack_rate_change""]",LOW
1694,CTU44,2011-08-14T02:40:00+00:00,RBot,0.998289375525672,Murlo,0.997134955076338,0.0144823194307364,3.2720783332131496,"[""state_ack_rate_change"", ""state_byte_rate_change"", ""state_packet_rate_change""]",LOW
1695,CTU44,2011-08-14T02:41:00+00:00,RBot,0.998315225749936,Murlo,0.9971616440155536,0.0142840484090034,6.357223036346081,"[""state_ack_rate_change"", ""state_byte_rate_change"", ""state_packet_rate_change""]",LOW
1696,CTU44,2011-08-14T02:42:00+00:00,RBot,0.99868149398144,Murlo,0.9978170691983668,0.0115819300531521,3.4769611248683927,"[""state_ack_rate_change"", ""state_byte_rate_change"", ""state_packet_rate_change""]",LOW
1697,CTU44,2011-08-14T02:43:00+00:00,RBot,0.9986213521930224,Murlo,0.9977872574828512,0.0121813139005449,1.06466467976724,"[""state_byte_rate_change"", ""state_syn_rate_change"", ""state_rst_rate_change""]",LOW
1698,CTU44,2011-08-14T02:44:00+00:00,RBot,0.9928633314361692,Murlo,0.9878394328196284,0.0497588046750127,5.918612686552641,"[""state_byte_rate_change"", ""state_rst_rate_change"", ""state_syn_rate_change""]",LOW
1699,CTU44,2011-08-14T02:45:00+00:00,RBot,0.9972984066695386,Murlo,0.9954644357888456,0.021631912746682,9.998063729384683,"[""state_byte_rate_change"", ""state_rst_rate_change"", ""state_ack_rate_change""]",LOW
1700,CTU44,2011-08-14T02:46:00+00:00,RBot,0.998718984982708,Murlo,0.997887933857428,0.0113160000837362,4.2949873885098215,"[""state_byte_rate_change"", ""state_ack_rate_change"", ""state_packet_rate_change""]",LOW
1701,CTU44,2011-08-14T02:47:00+00:00,RBot,0.9986673297535328,Murlo,0.9977847425852616,0.0116729868405235,0.786127572163954,"[""state_byte_rate_change"", ""state_port_diversity_change"", ""state_ack_rate_change""]",LOW
1702,CTU44,2011-08-14T02:48:00+00:00,RBot,0.9986485625143848,Murlo,0.9977704955141784,0.011864757746864,2.8547640826155156,"[""state_byte_rate_change"", ""state_rst_rate_change"", ""state_port_diversity_change""]",LOW
1703,CTU44,2011-08-14T02:49:00+00:00,RBot,0.998579353616178,Murlo,0.997612911822932,0.0122884222050664,3.35940409007252,"[""state_byte_rate_change"", ""state_rst_rate_change"", ""state_port_diversity_change""]",LOW
1704,CTU44,2011-08-14T02:50:00+00:00,RBot,0.9986445884035268,Murlo,0.9977850882746884,0.0119370331050318,2.8334665403403805,"[""state_byte_rate_change"", ""state_ack_rate_change"", ""state_port_diversity_change""]",LOW
1705,CTU44,2011-08-14T02:51:00+00:00,RBot,0.998475150541696,Murlo,0.997465770814436,0.0131277631147632,5.648978282547731,"[""state_byte_rate_change"", ""state_ack_rate_change"", ""state_packet_rate_change""]",LOW
1706,CTU44,2011-08-14T02:52:00+00:00,RBot,0.9987232911779124,Murlo,0.9978898677530385,0.0112718228661651,4.88652094890981,"[""state_byte_rate_change"", ""state_ack_rate_change"", ""state_packet_rate_change""]",LOW
1707,CTU44,2011-08-14T02:53:00+00:00,RBot,0.9986816364272484,Murlo,0.997805703625828,0.0115546368070448,1.702076202303877,"[""state_byte_rate_change"", ""state_rst_rate_change"", ""state_ack_rate_change""]",LOW
1708,CTU44,2011-08-14T02:54:00+00:00,RBot,0.9975129248529696,Murlo,0.9957746788206776,0.020028137174844,4.957801209898281,"[""state_byte_rate_change"", ""state_ack_rate_change"", ""state_packet_rate_change""]",LOW
1709,CTU44,2011-08-14T02:55:00+00:00,RBot,0.992468821006233,Murlo,0.9876891612673532,0.0527730491939733,6.64408934377385,"[""state_ack_rate_change"", ""state_byte_rate_change"", ""state_packet_rate_change""]",LOW
1710,CTU44,2011-08-14T02:56:00+00:00,RBot,0.9986029584112602,Murlo,0.9976965161123428,0.0122111725935276,3.5607241802632146,"[""state_ack_rate_change"", ""state_syn_rate_change"", ""state_packet_rate_change""]",LOW
1711,CTU44,2011-08-14T02:57:00+00:00,RBot,0.9983615623092148,Murlo,0.9972533240355338,0.0139697929861058,4.430310502282817,"[""state_byte_rate_change"", ""state_ack_rate_change"", ""state_packet_rate_change""]",LOW
1712,CTU44,2011-08-14T02:58:00+00:00,RBot,0.9986492356433307,Murlo,0.9977614604857604,0.01181658299777,4.028240754239946,"[""state_byte_rate_change"", ""state_ack_rate_change"", ""state_packet_rate_change""]",LOW
1713,CTU44,2011-08-14T02:59:00+00:00,RBot,0.9985966173794948,Murlo,0.997674158923111,0.0122379453979184,1.6301553000211166,"[""state_ack_rate_change"", ""state_packet_rate_change"", ""state_syn_rate_change""]",LOW
1714,CTU44,2011-08-14T03:00:00+00:00,RBot,0.9980525574024904,Murlo,0.9967028772230052,0.0161409332778317,3.873839178756836,"[""state_ack_rate_change"", ""state_byte_rate_change"", ""state_packet_rate_change""]",LOW
1715,CTU44,2011-08-14T03:01:00+00:00,RBot,0.998640612631547,Murlo,0.9977510368635728,0.011901953266813,3.0764660333753238,"[""state_byte_rate_change"", ""state_ack_rate_change"", ""state_syn_rate_change""]",LOW
1716,CTU44,2011-08-14T03:02:00+00:00,RBot,0.9977973364128944,Murlo,0.99629770618006,0.0180707417098099,3.334372155203306,"[""state_byte_rate_change"", ""state_ack_rate_change"", ""state_packet_rate_change""]",LOW
1717,CTU44,2011-08-14T03:03:00+00:00,RBot,0.998548419902438,Murlo,0.9976003901705628,0.012610146782847,2.5421949474474714,"[""state_ack_rate_change"", ""state_byte_rate_change"", ""state_packet_rate_change""]",LOW
1718,CTU44,2011-08-14T03:04:00+00:00,RBot,0.9986934874356626,Murlo,0.9978297713384344,0.0114805851727138,1.1065370694467511,"[""state_ack_rate_change"", ""state_byte_rate_change"", ""state_rst_rate_change""]",LOW
1719,CTU44,2011-08-14T03:05:00+00:00,RBot,0.99863254808992,Murlo,0.9977345694221924,0.0119498823061249,1.0604291156981598,"[""state_byte_rate_change"", ""state_ack_rate_change"", ""state_rst_rate_change""]",LOW
1720,CTU44,2011-08-14T03:06:00+00:00,RBot,0.9974074925622212,Murlo,0.9955098051395784,0.0205651197513144,4.0022730088932255,"[""state_byte_rate_change"", ""state_ack_rate_change"", ""state_packet_rate_change""]",LOW
1721,CTU44,2011-08-14T03:07:00+00:00,RBot,0.997950959625696,Murlo,0.9966455767130532,0.0171210517072532,2.4746964632479425,"[""state_byte_rate_change"", ""state_ack_rate_change"", ""state_packet_rate_change""]",LOW
1722,CTU44,2011-08-14T03:08:00+00:00,RBot,0.9987361496157724,Murlo,0.9979090572394472,0.0111659752363584,5.236190999875768,"[""state_byte_rate_change"", ""state_ack_rate_change"", ""state_packet_rate_change""]",LOW
1723,CTU44,2011-08-14T03:09:00+00:00,RBot,0.9985864880241464,Murlo,0.9976449911322796,0.0122837466339926,4.34523508884038,"[""state_byte_rate_change"", ""state_ack_rate_change"", ""state_packet_rate_change""]",LOW
1724,CTU44,2011-08-14T03:10:00+00:00,RBot,0.9976001139650972,Murlo,0.9959760767760816,0.0195036830465981,7.095951934644945,"[""state_ack_rate_change"", ""state_byte_rate_change"", ""state_packet_rate_change""]",LOW
1725,CTU44,2011-08-14T03:11:00+00:00,RBot,0.9983951823350508,Murlo,0.9972959572793012,0.0136739961335418,6.788949089674587,"[""state_ack_rate_change"", ""state_packet_rate_change"", ""state_byte_rate_change""]",LOW
1726,CTU44,2011-08-14T03:12:00+00:00,RBot,0.9977911671920052,Murlo,0.9962833621524534,0.0181243166741285,7.82751888548195,"[""state_ack_rate_change"", ""state_byte_rate_change"", ""state_packet_rate_change""]",LOW
1727,CTU44,2011-08-14T03:13:00+00:00,RBot,0.998299251932772,Murlo,0.9971153121137436,0.0143448131360758,7.996133348768153,"[""state_ack_rate_change"", ""state_byte_rate_change"", ""state_packet_rate_change""]",LOW
1728,CTU44,2011-08-14T03:14:00+00:00,RBot,0.9983074365347908,Murlo,0.9971809186663112,0.0144091550018556,5.438631736338628,"[""state_ack_rate_change"", ""state_packet_rate_change"", ""state_syn_rate_change""]",LOW
1729,CTU44,2011-08-14T03:15:00+00:00,RBot,0.998545990418,Murlo,0.9976171125370766,0.0126679414359175,3.612581410972206,"[""state_byte_rate_change"", ""state_ack_rate_change"", ""state_rst_rate_change""]",LOW
1730,CTU44,2011-08-14T03:16:00+00:00,RBot,0.9986141116747204,Murlo,0.997692181681028,0.0120736302066544,6.016926870490963,"[""state_byte_rate_change"", ""state_ack_rate_change"", ""state_packet_rate_change""]",LOW
1731,CTU44,2011-08-14T03:17:00+00:00,RBot,0.9977367338551968,Murlo,0.9961746484936768,0.0184569544382094,6.823145270262878,"[""state_ack_rate_change"", ""state_byte_rate_change"", ""state_packet_rate_change""]",LOW
1732,CTU44,2011-08-14T03:18:00+00:00,RBot,0.998664834278394,Murlo,0.997790575936506,0.0117113936076032,3.104821835386714,"[""state_ack_rate_change"", ""state_byte_rate_change"", ""state_packet_rate_change""]",LOW
1733,CTU44,2011-08-14T03:19:00+00:00,RBot,0.9986293398064022,Murlo,0.9978226260239116,0.0121656015998694,2.003223740436534,"[""state_byte_rate_change"", ""state_port_diversity_change"", ""state_destination_diversity_change""]",LOW
1734,CTU44,2011-08-14T03:20:00+00:00,RBot,0.9986553064977528,Murlo,0.9977527236530872,0.0117466045699507,3.4393966321703,"[""state_byte_rate_change"", ""state_ack_rate_change"", ""state_port_diversity_change""]",LOW
1735,CTU44,2011-08-14T03:21:00+00:00,RBot,0.9986561207099964,Murlo,0.9977553974591364,0.0117368519647568,1.1656377793449415,"[""state_byte_rate_change"", ""state_ack_rate_change"", ""state_rst_rate_change""]",LOW
1736,CTU44,2011-08-14T03:22:00+00:00,RBot,0.9986802596042076,Murlo,0.997809932441458,0.0115888728562644,2.0295274497507614,"[""state_byte_rate_change"", ""state_ack_rate_change"", ""state_rst_rate_change""]",LOW
1737,CTU44,2011-08-14T03:23:00+00:00,RBot,0.9985663781921004,Murlo,0.99759816057004,0.0124048595284716,2.109278720700682,"[""state_byte_rate_change"", ""state_rst_rate_change"", ""state_port_diversity_change""]",LOW
1738,CTU44,2011-08-14T03:24:00+00:00,RBot,0.9982340658092872,Murlo,0.9970577767637148,0.0149564883164879,5.041888475872497,"[""state_byte_rate_change"", ""state_ack_rate_change"", ""state_packet_rate_change""]",LOW
1739,CTU44,2011-08-14T03:25:00+00:00,RBot,0.9986384525767896,Murlo,0.99775503748508,0.0119337820803948,4.1904655466056955,"[""state_ack_rate_change"", ""state_byte_rate_change"", ""state_packet_rate_change""]",LOW
1740,CTU44,2011-08-14T03:26:00+00:00,RBot,0.9986072572755096,Murlo,0.9976699299087876,0.0121043689717361,0.8585682217184871,"[""state_byte_rate_change"", ""state_port_diversity_change"", ""state_destination_diversity_change""]",LOW
1741,CTU44,2011-08-14T03:27:00+00:00,RBot,0.9917012508561468,Murlo,0.9867794308058636,0.0581884568211343,4.182640632915958,"[""state_ack_rate_change"", ""state_packet_rate_change"", ""state_byte_rate_change""]",LOW
1742,CTU44,2011-08-14T03:28:00+00:00,RBot,0.997971590136341,Murlo,0.9965876737985416,0.0168041624461759,4.219517169712858,"[""state_byte_rate_change"", ""state_packet_rate_change"", ""state_syn_rate_change""]",LOW
1743,CTU44,2011-08-14T03:29:00+00:00,RBot,0.9986141116747204,Murlo,0.997692181681028,0.0120736302066544,8.247372667974789,"[""state_byte_rate_change"", ""state_ack_rate_change"", ""state_packet_rate_change""]",LOW
1744,CTU44,2011-08-14T03:30:00+00:00,RBot,0.9976656746517858,Murlo,0.9960705592546136,0.018998001648848,7.294422660903916,"[""state_byte_rate_change"", ""state_ack_rate_change"", ""state_packet_rate_change""]",LOW
1745,CTU44,2011-08-14T03:31:00+00:00,RBot,0.9983887189587882,Murlo,0.9973766507761386,0.0139104058026707,6.289089510771926,"[""state_ack_rate_change"", ""state_byte_rate_change"", ""state_packet_rate_change""]",LOW
1746,CTU44,2011-08-14T03:32:00+00:00,RBot,0.9983501981589562,Murlo,0.9972144479668392,0.0140054719264273,6.498502682646033,"[""state_ack_rate_change"", ""state_byte_rate_change"", ""state_packet_rate_change""]",LOW
1747,CTU44,2011-08-14T03:33:00+00:00,RBot,0.9985471545420688,Murlo,0.9976774261845271,0.0127713833709778,3.2375705454342487,"[""state_ack_rate_change"", ""state_byte_rate_change"", ""state_packet_rate_change""]",LOW
1748,CTU44,2011-08-14T03:34:00+00:00,RBot,0.9986403897427,Murlo,0.997724326593089,0.0118480556337855,2.2506042818893093,"[""state_byte_rate_change"", ""state_ack_rate_change"", ""state_port_diversity_change""]",LOW
1749,CTU44,2011-08-14T03:35:00+00:00,RBot,0.9986861693879772,Murlo,0.9978158044610984,0.0115304344767775,2.95624234518851,"[""state_byte_rate_change"", ""state_ack_rate_change"", ""state_rst_rate_change""]",LOW
1750,CTU44,2011-08-14T03:36:00+00:00,RBot,0.9986829834599834,Murlo,0.9978164702218534,0.0115592187751471,2.2120678873493866,"[""state_byte_rate_change"", ""state_rst_rate_change"", ""state_port_diversity_change""]",LOW
1751,CTU44,2011-08-14T03:37:00+00:00,RBot,0.998642415868884,Murlo,0.9977312350171512,0.0118395438540781,1.4530188403122963,"[""state_byte_rate_change"", ""state_rst_rate_change"", ""state_port_diversity_change""]",LOW
1752,CTU44,2011-08-14T03:38:00+00:00,RBot,0.9984839968389452,Murlo,0.9975460966518456,0.0132035747153843,0.6730847124259394,"[""state_byte_rate_change"", ""state_rst_rate_change"", ""state_ack_rate_change""]",LOW
1753,CTU44,2011-08-14T03:39:00+00:00,RBot,0.9986531307876488,Murlo,0.997763402992972,0.0117879613769742,1.228399540738755,"[""state_byte_rate_change"", ""state_syn_rate_change"", ""state_ack_rate_change""]",LOW
1754,CTU44,2011-08-14T03:40:00+00:00,RBot,0.9977765722378952,Murlo,0.9962391578711034,0.0181667572438316,3.580535054373923,"[""state_byte_rate_change"", ""state_ack_rate_change"", ""state_packet_rate_change""]",LOW
1755,CTU44,2011-08-14T03:41:00+00:00,RBot,0.9986735162722992,Murlo,0.9978127761535072,0.0116598628565603,3.0665836135695663,"[""state_ack_rate_change"", ""state_byte_rate_change"", ""state_packet_rate_change""]",LOW
1756,CTU44,2011-08-14T03:42:00+00:00,RBot,0.9986355688807887,Murlo,0.9977671939523994,0.0119893991982148,1.3662436372890119,"[""state_byte_rate_change"", ""state_port_diversity_change"", ""state_syn_rate_change""]",LOW
1757,CTU44,2011-08-14T03:43:00+00:00,RBot,0.9974370334103692,Murlo,0.9957618283550634,0.0207759451980657,3.624867069769422,"[""state_byte_rate_change"", ""state_ack_rate_change"", ""state_packet_rate_change""]",LOW
1758,CTU44,2011-08-14T03:44:00+00:00,RBot,0.99868149398144,Murlo,0.9978170691983668,0.0115819300531521,2.845520448563597,"[""state_byte_rate_change"", ""state_ack_rate_change"", ""state_packet_rate_change""]",LOW
1759,CTU44,2011-08-14T03:45:00+00:00,RBot,0.9986243797221576,Murlo,0.9977117816056552,0.0120011996825842,1.236376213618186,"[""state_byte_rate_change"", ""state_syn_rate_change"", ""state_ack_rate_change""]",LOW
1760,CTU44,2011-08-14T03:46:00+00:00,RBot,0.997700333913194,Murlo,0.9961556923455626,0.018810367471218,4.71795483847021,"[""state_byte_rate_change"", ""state_ack_rate_change"", ""state_packet_rate_change""]",LOW
1761,CTU44,2011-08-14T03:47:00+00:00,RBot,0.99871508714036,Murlo,0.9978754599776268,0.0113219911085199,4.982853189796232,"[""state_byte_rate_change"", ""state_ack_rate_change"", ""state_packet_rate_change""]",LOW
1762,CTU44,2011-08-14T03:48:00+00:00,RBot,0.9986216921705858,Murlo,0.9977138161329104,0.0120412451098853,1.1655838560622545,"[""state_ack_rate_change"", ""state_syn_rate_change"", ""state_packet_rate_change""]",LOW
1763,CTU44,2011-08-14T03:49:00+00:00,RBot,0.99805953923652,Murlo,0.996755689885372,0.0162066254310388,3.8147639790120134,"[""state_byte_rate_change"", ""state_ack_rate_change"", ""state_packet_rate_change""]",LOW
1764,CTU44,2011-08-14T03:50:00+00:00,RBot,0.9983535139174742,Murlo,0.9972605448952172,0.0140660503610482,5.138455200519777,"[""state_ack_rate_change"", ""state_packet_rate_change"", ""state_byte_rate_change""]",LOW
1765,CTU44,2011-08-14T03:51:00+00:00,RBot,0.998503459314523,Murlo,0.997477569631158,0.0128504286834781,4.255289962869041,"[""state_byte_rate_change"", ""state_ack_rate_change"", ""state_packet_rate_change""]",LOW
1766,CTU44,2011-08-14T03:52:00+00:00,RBot,0.998665377751595,Murlo,0.9977817609318742,0.0116895846230235,1.1200025922349652,"[""state_ack_rate_change"", ""state_packet_rate_change"", ""state_port_diversity_change""]",LOW
1767,CTU44,2011-08-14T03:53:00+00:00,RBot,0.9975049907090956,Murlo,0.9958599786195907,0.0202129110156472,2.8822104985889054,"[""state_byte_rate_change"", ""state_syn_rate_change"", ""state_ack_rate_change""]",LOW
1768,CTU44,2011-08-14T03:54:00+00:00,RBot,0.998640612631547,Murlo,0.9977510368635728,0.011901953266813,3.3324428259633208,"[""state_byte_rate_change"", ""state_ack_rate_change"", ""state_packet_rate_change""]",LOW
1769,CTU44,2011-08-14T03:55:00+00:00,RBot,0.9976012000119052,Murlo,0.996053637231882,0.0196457850078675,3.5852224080238897,"[""state_byte_rate_change"", ""state_ack_rate_change"", ""state_packet_rate_change""]",LOW
1770,CTU44,2011-08-14T03:56:00+00:00,RBot,0.9982317878512642,Murlo,0.9970431483808064,0.0149240653617487,5.465459339889058,"[""state_ack_rate_change"", ""state_packet_rate_change"", ""state_byte_rate_change""]",LOW
1771,CTU44,2011-08-14T03:57:00+00:00,RBot,0.9986312028565718,Murlo,0.9977276566503404,0.0119583528723835,3.5050800851895647,"[""state_ack_rate_change"", ""state_packet_rate_change"", ""state_byte_rate_change""]",LOW
1772,CTU44,2011-08-14T03:58:00+00:00,RBot,0.997763339818127,Murlo,0.9962235690553164,0.0182763595094415,3.747474382918439,"[""state_byte_rate_change"", ""state_ack_rate_change"", ""state_packet_rate_change""]",LOW
1773,CTU44,2011-08-14T03:59:00+00:00,RBot,0.998664834278394,Murlo,0.997790575936506,0.0117113936076032,3.018984710005927,"[""state_ack_rate_change"", ""state_byte_rate_change"", ""state_packet_rate_change""]",LOW
1774,CTU44,2011-08-14T04:00:00+00:00,RBot,0.9956250343106668,Murlo,0.9931154499019244,0.0336690857015334,3.80158353732801,"[""state_byte_rate_change"", ""state_ack_rate_change"", ""state_rst_rate_change""]",LOW
1775,CTU44,2011-08-14T04:01:00+00:00,RBot,0.9986971648685192,Murlo,0.997850032723269,0.0114728373535519,3.8194126107441857,"[""state_byte_rate_change"", ""state_ack_rate_change"", ""state_packet_rate_change""]",LOW
1776,CTU44,2011-08-14T04:02:00+00:00,RBot,0.9985973164880072,Murlo,0.9976443066240452,0.0121616083587618,2.018261554848516,"[""state_byte_rate_change"", ""state_rst_rate_change"", ""state_syn_rate_change""]",LOW
1777,CTU44,2011-08-14T04:03:00+00:00,RBot,0.998352082771022,Murlo,0.997253765369828,0.0140713649442398,4.920523346547286,"[""state_byte_rate_change"", ""state_ack_rate_change"", ""state_packet_rate_change""]",LOW
1778,CTU44,2011-08-14T04:04:00+00:00,RBot,0.9986735162722992,Murlo,0.9978127761535072,0.0116598628565603,4.1694454056675445,"[""state_ack_rate_change"", ""state_byte_rate_change"", ""state_packet_rate_change""]",LOW
1779,CTU44,2011-08-14T04:05:00+00:00,RBot,0.998580536586857,Murlo,0.9976333922250562,0.0123281527705158,0.8918581019166102,"[""state_byte_rate_change"", ""state_port_diversity_change"", ""state_destination_diversity_change""]",LOW
1780,CTU44,2011-08-14T04:06:00+00:00,RBot,0.9987232911779124,Murlo,0.9978898677530385,0.0112718228661651,2.9920867731282503,"[""state_byte_rate_change"", ""state_rst_rate_change"", ""state_port_diversity_change""]",LOW
1781,CTU44,2011-08-14T04:07:00+00:00,RBot,0.9980094219197224,Murlo,0.9967539463921316,0.0167185876398444,6.6008809808973865,"[""state_byte_rate_change"", ""state_ack_rate_change"", ""state_packet_rate_change""]",LOW
1782,CTU44,2011-08-14T04:08:00+00:00,RBot,0.998315225749936,Murlo,0.9971616440155536,0.0142840484090034,8.24285571095986,"[""state_byte_rate_change"", ""state_ack_rate_change"", ""state_packet_rate_change""]",LOW
1783,CTU44,2011-08-14T04:09:00+00:00,RBot,0.9982261548102498,Murlo,0.9971054617363628,0.0151144089020751,7.2113310935106805,"[""state_ack_rate_change"", ""state_byte_rate_change"", ""state_packet_rate_change""]",LOW
1784,CTU44,2011-08-14T04:10:00+00:00,RBot,0.9983062499126432,Murlo,0.997164288593206,0.0143849510559885,7.480994001715255,"[""state_ack_rate_change"", ""state_byte_rate_change"", ""state_packet_rate_change""]",LOW
1785,CTU44,2011-08-14T04:11:00+00:00,RBot,0.9976703980102068,Murlo,0.99595122843576,0.0186799055459817,8.716725837857265,"[""state_ack_rate_change"", ""state_byte_rate_change"", ""state_packet_rate_change""]",LOW
1786,CTU44,2011-08-14T04:12:00+00:00,RBot,0.9982379177187426,Murlo,0.9970951525630088,0.0149717314500551,5.423611107872062,"[""state_ack_rate_change"", ""state_byte_rate_change"", ""state_packet_rate_change""]",LOW
1787,CTU44,2011-08-14T04:13:00+00:00,RBot,0.998613636081994,Murlo,0.9976864023330444,0.0120714741468034,1.9624266451422374,"[""state_byte_rate_change"", ""state_syn_rate_change"", ""state_rst_rate_change""]",LOW
1788,CTU44,2011-08-14T04:14:00+00:00,RBot,0.9983209279741164,Murlo,0.9971678252269376,0.0142339418721352,5.770440917728007,"[""state_byte_rate_change"", ""state_ack_rate_change"", ""state_packet_rate_change""]",LOW
1789,CTU44,2011-08-14T04:15:00+00:00,RBot,0.9980777970075868,Murlo,0.9967500639509194,0.0159870246018195,9.242165265050348,"[""state_byte_rate_change"", ""state_ack_rate_change"", ""state_packet_rate_change""]",LOW
1790,CTU44,2011-08-14T04:16:00+00:00,RBot,0.998316918824222,Murlo,0.9971767080471896,0.0142936549414786,8.277656763655552,"[""state_byte_rate_change"", ""state_ack_rate_change"", ""state_packet_rate_change""]",LOW
1791,CTU44,2011-08-14T04:17:00+00:00,RBot,0.9987209434384564,Murlo,0.9978852956670976,0.0112865371357216,2.6923985369312597,"[""state_ack_rate_change"", ""state_packet_rate_change"", ""state_syn_rate_change""]",LOW
1792,CTU44,2011-08-14T04:18:00+00:00,RBot,0.9980654390257327,Murlo,0.9966942819823836,0.0160067928550089,4.554398569379392,"[""state_byte_rate_change"", ""state_ack_rate_change"", ""state_packet_rate_change""]",LOW
1793,CTU44,2011-08-14T04:19:00+00:00,RBot,0.9985705285757428,Murlo,0.9976827753683132,0.0125290177759646,3.5171163264711924,"[""state_ack_rate_change"", ""state_packet_rate_change"", ""state_port_diversity_change""]",LOW
1794,CTU44,2011-08-14T04:20:00+00:00,RBot,0.9981063746394356,Murlo,0.996898692373596,0.0160104021819489,2.474576028806322,"[""state_ack_rate_change"", ""state_byte_rate_change"", ""state_packet_rate_change""]",LOW
1795,CTU44,2011-08-14T04:21:00+00:00,RBot,0.9979217503559512,Murlo,0.996481265161966,0.017090062317677,4.153528873611319,"[""state_ack_rate_change"", ""state_packet_rate_change"", ""state_byte_rate_change""]",LOW
1796,CTU44,2011-08-14T04:22:00+00:00,RBot,0.998711482549754,Murlo,0.9978558692210382,0.0113283393649731,2.0423927641000694,"[""state_ack_rate_change"", ""state_packet_rate_change"", ""state_syn_rate_change""]",LOW
1797,CTU44,2011-08-14T04:23:00+00:00,RBot,0.9986077841975018,Murlo,0.9976953817995532,0.0121440959720484,1.0210033523463589,"[""state_ack_rate_change"", ""state_rst_rate_change"", ""state_port_diversity_change""]",LOW
1798,CTU44,2011-08-14T04:24:00+00:00,RBot,0.9986291601438406,Murlo,0.9977075164313416,0.011940576641902,1.3181939732690362,"[""state_byte_rate_change"", ""state_ack_rate_change"", ""state_port_diversity_change""]",LOW
1799,CTU44,2011-08-14T04:25:00+00:00,RBot,0.9987232911779124,Murlo,0.9978898677530385,0.0112718228661651,1.9519932635966972,"[""state_byte_rate_change"", ""state_rst_rate_change"", ""state_ack_rate_change""]",LOW
1800,CTU44,2011-08-14T04:26:00+00:00,RBot,0.9985960197818872,Murlo,0.9976610405881864,0.0122017221841292,2.338514865652935,"[""state_byte_rate_change"", ""state_rst_rate_change"", ""state_port_diversity_change""]",LOW
1801,CTU44,2011-08-14T04:27:00+00:00,RBot,0.9983462613890696,Murlo,0.9972046313967258,0.0140298378889169,4.982902258065645,"[""state_byte_rate_change"", ""state_ack_rate_change"", ""state_packet_rate_change""]",LOW
1802,CTU44,2011-08-14T04:28:00+00:00,RBot,0.9985868902338804,Murlo,0.9976662596077748,0.0123183598802566,4.023432590288618,"[""state_byte_rate_change"", ""state_ack_rate_change"", ""state_packet_rate_change""]",LOW
1803,CTU44,2011-08-14T04:29:00+00:00,RBot,0.9984240139538676,Murlo,0.99745830288226,0.0136875482029854,3.134161219177933,"[""state_ack_rate_change"", ""state_packet_rate_change"", ""state_byte_rate_change""]",LOW
1804,CTU44,2011-08-14T04:30:00+00:00,RBot,0.9984328445107316,Murlo,0.9973814165073944,0.0134303548241685,2.7979167016057467,"[""state_byte_rate_change"", ""state_rst_rate_change"", ""state_ack_rate_change""]",LOW
1805,CTU44,2011-08-14T04:31:00+00:00,RBot,0.998220580756246,Murlo,0.9970747434836512,0.015135199788321,7.350714335841989,"[""state_ack_rate_change"", ""state_byte_rate_change"", ""state_packet_rate_change""]",LOW
1806,CTU44,2011-08-14T04:32:00+00:00,RBot,0.9886424236635876,Murlo,0.9816896538336826,0.0755235597235905,2.7532019707730218,"[""state_byte_rate_change"", ""state_rst_rate_change"", ""state_entropy_change""]",LOW
1807,CTU44,2011-08-14T04:33:00+00:00,RBot,0.9978774014231362,Murlo,0.9964217555688408,0.0174764776624226,8.759387517377759,"[""state_ack_rate_change"", ""state_byte_rate_change"", ""state_packet_rate_change""]",LOW
1808,CTU44,2011-08-14T04:34:00+00:00,RBot,0.9984964472595096,Murlo,0.9975551177321345,0.0130859944478553,3.685717980197128,"[""state_ack_rate_change"", ""state_packet_rate_change"", ""state_byte_rate_change""]",LOW
1809,CTU44,2011-08-14T04:35:00+00:00,RBot,0.9985205673990668,Murlo,0.9975168920818004,0.0127452899120918,1.0379083938684832,"[""state_byte_rate_change"", ""state_port_diversity_change"", ""state_ack_rate_change""]",LOW
1810,CTU44,2011-08-14T04:36:00+00:00,RBot,0.9982592190729782,Murlo,0.9970558637994172,0.0146748276350572,4.940156191904829,"[""state_byte_rate_change"", ""state_ack_rate_change"", ""state_packet_rate_change""]",LOW
1811,CTU44,2011-08-14T04:37:00+00:00,RBot,0.998264400290888,Murlo,0.9970825776134568,0.0146385595291917,6.979587308716975,"[""state_ack_rate_change"", ""state_byte_rate_change"", ""state_packet_rate_change""]",LOW
1812,CTU44,2011-08-14T04:38:00+00:00,RBot,0.9986234130800434,Murlo,0.9977105156852214,0.0120128743257661,3.52787441914221,"[""state_ack_rate_change"", ""state_packet_rate_change"", ""state_syn_rate_change""]",LOW
1813,CTU44,2011-08-14T04:39:00+00:00,RBot,0.998326821756344,Murlo,0.997172702656974,0.0141755204530186,4.077598098333258,"[""state_byte_rate_change"", ""state_ack_rate_change"", ""state_packet_rate_change""]",LOW
1814,CTU44,2011-08-14T04:40:00+00:00,RBot,0.9986916986464536,Murlo,0.9978385838445024,0.0115071757370823,4.152855943903007,"[""state_byte_rate_change"", ""state_ack_rate_change"", ""state_packet_rate_change""]",LOW
1815,CTU44,2011-08-14T04:41:00+00:00,RBot,0.9986679311719822,Murlo,0.9977951680195706,0.0116968187813944,1.3664075591714668,"[""state_byte_rate_change"", ""state_rst_rate_change"", ""state_ack_rate_change""]",LOW
1816,CTU44,2011-08-14T04:42:00+00:00,RBot,0.9986723456977474,Murlo,0.9977943452325292,0.0116370404309128,1.2223711713097887,"[""state_byte_rate_change"", ""state_ack_rate_change"", ""state_rst_rate_change""]",LOW
1817,CTU44,2011-08-14T04:43:00+00:00,RBot,0.9984990910887714,Murlo,0.9975637851720744,0.0130834653334152,0.6505765005857415,"[""state_byte_rate_change"", ""state_ack_rate_change"", ""state_port_diversity_change""]",LOW
1818,CTU44,2011-08-14T04:44:00+00:00,RBot,0.9981472962299204,Murlo,0.9969704935472936,0.0157168027253987,4.361698285147518,"[""state_byte_rate_change"", ""state_ack_rate_change"", ""state_packet_rate_change""]",LOW
1819,CTU44,2011-08-14T04:45:00+00:00,RBot,0.998664834278394,Murlo,0.997790575936506,0.0117113936076032,4.052182675275516,"[""state_ack_rate_change"", ""state_byte_rate_change"", ""state_packet_rate_change""]",LOW
1820,CTU44,2011-08-14T04:46:00+00:00,RBot,0.9983142060444128,Murlo,0.9971854256522013,0.0143331164331129,2.8826619476366044,"[""state_ack_rate_change"", ""state_packet_rate_change"", ""state_byte_rate_change""]",LOW
1821,CTU44,2011-08-14T04:47:00+00:00,RBot,0.9982881106342992,Murlo,0.9970883586219303,0.0144258727501665,2.31997642737409,"[""state_byte_rate_change"", ""state_ack_rate_change"", ""state_rst_rate_change""]",LOW
1822,CTU44,2011-08-14T04:48:00+00:00,RBot,0.998664834278394,Murlo,0.997790575936506,0.0117113936076032,4.039790453284739,"[""state_ack_rate_change"", ""state_packet_rate_change"", ""state_byte_rate_change""]",LOW
1823,CTU44,2011-08-14T04:49:00+00:00,RBot,0.9986352282327272,Murlo,0.9977209882272556,0.0119015379274312,0.7649812560192631,"[""state_rst_rate_change"", ""state_port_diversity_change"", ""state_byte_rate_change""]",LOW
1824,CTU44,2011-08-14T04:50:00+00:00,RBot,0.9987582134458428,Murlo,0.9979697824282256,0.0110418125274003,1.2283047389100867,"[""state_byte_rate_change"", ""state_ack_rate_change"", ""state_rst_rate_change""]",LOW
1825,CTU44,2011-08-14T04:51:00+00:00,RBot,0.9985892878238628,Murlo,0.997646584211342,0.0122476873181728,1.730384889349187,"[""state_byte_rate_change"", ""state_port_diversity_change"", ""state_ack_rate_change""]",LOW
1826,CTU44,2011-08-14T04:52:00+00:00,RBot,0.9987232911779124,Murlo,0.9978898677530385,0.0112718228661651,2.4824821364633034,"[""state_byte_rate_change"", ""state_rst_rate_change"", ""state_port_diversity_change""]",LOW
1827,CTU44,2011-08-14T04:53:00+00:00,RBot,0.9985797020506382,Murlo,0.9976289111544951,0.0123176902805622,2.203969786910492,"[""state_byte_rate_change"", ""state_rst_rate_change"", ""state_port_diversity_change""]",LOW
1828,CTU44,2011-08-14T04:54:00+00:00,RBot,0.9986234130800434,Murlo,0.9977105156852214,0.0120128743257661,1.114205068400846,"[""state_syn_rate_change"", ""state_ack_rate_change"", ""state_rst_rate_change""]",LOW
1829,CTU44,2011-08-14T04:55:00+00:00,RBot,0.9978722347987368,Murlo,0.9965238801943396,0.0177390815701299,3.9454896714904764,"[""state_byte_rate_change"", ""state_ack_rate_change"", ""state_packet_rate_change""]",LOW
1830,CTU44,2011-08-14T04:56:00+00:00,RBot,0.998668586294381,Murlo,0.9977943692304256,0.0116743630207338,3.98905579666237,"[""state_byte_rate_change"", ""state_ack_rate_change"", ""state_packet_rate_change""]",LOW
1831,CTU44,2011-08-14T04:57:00+00:00,RBot,0.998461848331162,Murlo,0.9974198046173536,0.0131935439597795,3.691750424371644,"[""state_ack_rate_change"", ""state_byte_rate_change"", ""state_packet_rate_change""]",LOW
1832,CTU44,2011-08-14T04:58:00+00:00,RBot,0.998316918824222,Murlo,0.9971767080471896,0.0142936549414786,7.365486088680529,"[""state_ack_rate_change"", ""state_byte_rate_change"", ""state_packet_rate_change""]",LOW
1833,CTU44,2011-08-14T04:59:00+00:00,RBot,0.9987209434384564,Murlo,0.9978852956670976,0.0112865371357216,3.7778826430484287,"[""state_ack_rate_change"", ""state_byte_rate_change"", ""state_packet_rate_change""]",LOW
1834,CTU44,2011-08-14T05:00:00+00:00,RBot,0.9986168876852184,Murlo,0.9976904015565377,0.0120398320884605,0.7389964405605611,"[""state_byte_rate_change"", ""state_port_diversity_change"", ""state_destination_diversity_change""]",LOW
1835,CTU44,2011-08-14T05:01:00+00:00,RBot,0.9983754453386676,Murlo,0.997251857843519,0.0138075950550784,4.037469673090157,"[""state_byte_rate_change"", ""state_ack_rate_change"", ""state_packet_rate_change""]",LOW
1836,CTU44,2011-08-14T05:02:00+00:00,RBot,0.9986456196797934,Murlo,0.9977746891285508,0.0118921441667006,2.29485451415715,"[""state_ack_rate_change"", ""state_packet_rate_change"", ""state_syn_rate_change""]",LOW
1837,CTU44,2011-08-14T05:03:00+00:00,RBot,0.9984318697611456,Murlo,0.9973484671635062,0.0133682084611005,2.7660677896544628,"[""state_byte_rate_change"", ""state_ack_rate_change"", ""state_packet_rate_change""]",LOW
1838,CTU44,2011-08-14T05:04:00+00:00,RBot,0.9935077572544526,Murlo,0.989877374435594,0.0474687256822892,4.85249804991676,"[""state_byte_rate_change"", ""state_ack_rate_change"", ""state_packet_rate_change""]",LOW
1839,CTU44,2011-08-14T05:05:00+00:00,RBot,0.9985610113809396,Murlo,0.997677946832244,0.012620922302804,4.3366383005874125,"[""state_byte_rate_change"", ""state_packet_rate_change"", ""state_rst_rate_change""]",LOW
1840,CTU44,2011-08-14T05:06:00+00:00,RBot,0.9986234130800434,Murlo,0.9977105156852214,0.0120128743257661,2.212412802858784,"[""state_ack_rate_change"", ""state_byte_rate_change"", ""state_packet_rate_change""]",LOW
1841,CTU44,2011-08-14T05:07:00+00:00,RBot,0.9985862143193298,Murlo,0.997694219636313,0.0123891142563591,4.025269221840538,"[""state_ack_rate_change"", ""state_byte_rate_change"", ""state_packet_rate_change""]",LOW
1842,CTU44,2011-08-14T05:08:00+00:00,RBot,0.9985153719394424,Murlo,0.997526623959855,0.0128268861829091,3.2491299096629493,"[""state_byte_rate_change"", ""state_ack_rate_change"", ""state_packet_rate_change""]",LOW
1843,CTU44,2011-08-14T05:09:00+00:00,RBot,0.9978127110596012,Murlo,0.9963498951095958,0.0180153549478132,6.7273135249225895,"[""state_ack_rate_change"", ""state_byte_rate_change"", ""state_packet_rate_change""]",LOW
1844,CTU44,2011-08-14T05:10:00+00:00,RBot,0.9987346708386632,Murlo,0.9979063875666786,0.0111759960054595,3.3161064889973075,"[""state_ack_rate_change"", ""state_byte_rate_change"", ""state_packet_rate_change""]",LOW
1845,CTU44,2011-08-14T05:11:00+00:00,RBot,0.9986786679151124,Murlo,0.9978081657608056,0.0115987323401287,0.7144129235371187,"[""state_ack_rate_change"", ""state_byte_rate_change"", ""state_rst_rate_change""]",LOW
1846,CTU44,2011-08-14T05:12:00+00:00,RBot,0.9986671396973964,Murlo,0.9977950296186956,0.0116968148240962,1.0113231300397223,"[""state_ack_rate_change"", ""state_rst_rate_change"", ""state_port_diversity_change""]",LOW
1847,CTU44,2011-08-14T05:13:00+00:00,RBot,0.9986743762389632,Murlo,0.9977918102635938,0.0116104034793562,1.1462838359705,"[""state_byte_rate_change"", ""state_ack_rate_change"", ""state_port_diversity_change""]",LOW
1848,CTU44,2011-08-14T05:14:00+00:00,RBot,0.99868892565123,Murlo,0.9978230444377584,0.011512838455627,1.950757320122085,"[""state_byte_rate_change"", ""state_rst_rate_change"", ""state_port_diversity_change""]",LOW
1849,CTU44,2011-08-14T05:15:00+00:00,RBot,0.998626091310552,Murlo,0.9977084072657078,0.0119643167075146,1.9579887269112783,"[""state_byte_rate_change"", ""state_syn_rate_change"", ""state_ack_rate_change""]",LOW
1850,CTU44,2011-08-14T05:16:00+00:00,RBot,0.9987144191233932,Murlo,0.9978740353669242,0.0113354104074916,2.521578574227989,"[""state_byte_rate_change"", ""state_rst_rate_change"", ""state_ack_rate_change""]",LOW
1851,CTU44,2011-08-14T05:17:00+00:00,RBot,0.998329473102469,Murlo,0.9972058638182622,0.0142029781215745,2.7404089080686185,"[""state_byte_rate_change"", ""state_rst_rate_change"", ""state_ack_rate_change""]",LOW
1852,CTU44,2011-08-14T05:18:00+00:00,RBot,0.9983637113143962,Murlo,0.9972918848572612,0.0140220407564571,2.9814394128851123,"[""state_ack_rate_change"", ""state_byte_rate_change"", ""state_packet_rate_change""]",LOW
1853,CTU44,2011-08-14T05:19:00+00:00,RBot,0.9972249268809946,Murlo,0.995346012209369,0.0221506797954642,7.233589200553458,"[""state_ack_rate_change"", ""state_packet_rate_change"", ""state_syn_rate_change""]",LOW
1854,CTU44,2011-08-14T05:20:00+00:00,RBot,0.9984641079629414,Murlo,0.9975948267711048,0.0135069090711241,6.69013314267871,"[""state_ack_rate_change"", ""state_packet_rate_change"", ""state_byte_rate_change""]",LOW
1855,CTU44,2011-08-14T05:21:00+00:00,RBot,0.9986158383423436,Murlo,0.997682905856464,0.0120255820033154,2.5583049825510265,"[""state_byte_rate_change"", ""state_rst_rate_change"", ""state_packet_rate_change""]",LOW
1856,CTU44,2011-08-14T05:22:00+00:00,RBot,0.9984380148715029,Murlo,0.997383063116552,0.0133910714521354,3.945304413154528,"[""state_byte_rate_change"", ""state_ack_rate_change"", ""state_packet_rate_change""]",LOW
1857,CTU44,2011-08-14T05:23:00+00:00,RBot,0.998642234102089,Murlo,0.997770735273572,0.0119160007465584,2.1773325501208576,"[""state_ack_rate_change"", ""state_packet_rate_change"", ""state_syn_rate_change""]",LOW
1858,CTU44,2011-08-14T05:24:00+00:00,RBot,0.9986286315719656,Murlo,0.9977139171764636,0.0119579460352446,2.241429733340018,"[""state_byte_rate_change"", ""state_ack_rate_change"", ""state_packet_rate_change""]",LOW
1859,CTU44,2011-08-14T05:25:00+00:00,RBot,0.9986365885549948,Murlo,0.997828571643441,0.0120994045365186,2.8941899561253517,"[""state_byte_rate_change"", ""state_port_diversity_change"", ""state_ack_rate_change""]",LOW
1860,CTU44,2011-08-14T05:26:00+00:00,RBot,0.998461141213624,Murlo,0.9974183807067988,0.0132000606228791,6.097013790874194,"[""state_byte_rate_change"", ""state_ack_rate_change"", ""state_packet_rate_change""]",LOW
1861,CTU44,2011-08-14T05:27:00+00:00,RBot,0.99870793128423,Murlo,0.997865887106096,0.0113934926584671,5.417783966327012,"[""state_byte_rate_change"", ""state_ack_rate_change"", ""state_packet_rate_change""]",LOW
1862,CTU44,2011-08-14T05:28:00+00:00,RBot,0.9972827246501738,Murlo,0.9952340671840182,0.0212612971988481,6.33524009539162,"[""state_byte_rate_change"", ""state_ack_rate_change"", ""state_packet_rate_change""]",LOW
1863,CTU44,2011-08-14T05:29:00+00:00,RBot,0.998664834278394,Murlo,0.997790575936506,0.0117113936076032,5.195644763550972,"[""state_byte_rate_change"", ""state_ack_rate_change"", ""state_packet_rate_change""]",LOW
1864,CTU44,2011-08-14T05:30:00+00:00,RBot,0.9986172432083552,Murlo,0.997694408064328,0.0120443818368705,0.847625832735153,"[""state_byte_rate_change"", ""state_port_diversity_change"", ""state_destination_diversity_change""]",LOW
1865,CTU44,2011-08-14T05:31:00+00:00,RBot,0.9983462613890696,Murlo,0.9972046313967258,0.0140298378889169,4.136074256495259,"[""state_byte_rate_change"", ""state_ack_rate_change"", ""state_packet_rate_change""]",LOW
1866,CTU44,2011-08-14T05:32:00+00:00,RBot,0.9985131799462572,Murlo,0.9975534434689888,0.0129045887825926,6.859360146304287,"[""state_ack_rate_change"", ""state_byte_rate_change"", ""state_packet_rate_change""]",LOW
1867,CTU44,2011-08-14T05:33:00+00:00,RBot,0.9984235226399476,Murlo,0.9973488300959038,0.0134798433616463,5.026576549608482,"[""state_ack_rate_change"", ""state_packet_rate_change"", ""state_syn_rate_change""]",LOW
1868,CTU44,2011-08-14T05:34:00+00:00,RBot,0.9986686291867808,Murlo,0.9978271665168256,0.0117554948771813,4.310417671630223,"[""state_byte_rate_change"", ""state_ack_rate_change"", ""state_rst_rate_change""]",LOW
1869,CTU44,2011-08-14T05:35:00+00:00,RBot,0.9978541296836526,Murlo,0.9963541818486396,0.0175542315439626,8.029965025668625,"[""state_byte_rate_change"", ""state_ack_rate_change"", ""state_packet_rate_change""]",LOW
1870,CTU44,2011-08-14T05:36:00+00:00,RBot,0.993546616770618,Murlo,0.9895591573034204,0.046503355034481,2.1563880530794948,"[""state_byte_rate_change"", ""state_packet_rate_change"", ""state_ack_rate_change""]",LOW
1871,CTU44,2011-08-14T05:37:00+00:00,RBot,0.9986280270957436,Murlo,0.9977359140343216,0.0120140420121786,3.554741032253563,"[""state_ack_rate_change"", ""state_packet_rate_change"", ""state_syn_rate_change""]",LOW
1872,CTU44,2011-08-14T05:38:00+00:00,RBot,0.9985531155906816,Murlo,0.9975866527070107,0.012543126766235,3.814469440242474,"[""state_byte_rate_change"", ""state_ack_rate_change"", ""state_packet_rate_change""]",LOW
1873,CTU44,2011-08-14T05:39:00+00:00,RBot,0.9986888428067324,Murlo,0.997856469379364,0.0115733676774114,2.2402190750401405,"[""state_byte_rate_change"", ""state_ack_rate_change"", ""state_packet_rate_change""]",LOW
1874,CTU44,2011-08-14T05:40:00+00:00,RBot,0.9980337195073954,Murlo,0.996871247880543,0.0166624358155188,2.5012222027989552,"[""state_byte_rate_change"", ""state_ack_rate_change"", ""state_packet_rate_change""]",LOW
1875,CTU44,2011-08-14T05:41:00+00:00,RBot,0.9986077841975018,Murlo,0.9976953817995532,0.0121440959720484,1.880868067834638,"[""state_byte_rate_change"", ""state_ack_rate_change"", ""state_rst_rate_change""]",LOW
1876,CTU44,2011-08-14T05:42:00+00:00,RBot,0.9986763347967896,Murlo,0.997804497829036,0.011617792249143,1.140403538323774,"[""state_byte_rate_change"", ""state_port_diversity_change"", ""state_ack_rate_change""]",LOW
1877,CTU44,2011-08-14T05:43:00+00:00,RBot,0.9981240575736464,Murlo,0.9968904717534628,0.0158035603226315,4.042900710130633,"[""state_byte_rate_change"", ""state_ack_rate_change"", ""state_packet_rate_change""]",LOW
1878,CTU44,2011-08-14T05:44:00+00:00,RBot,0.9986704266267392,Murlo,0.997811116702238,0.0116859188918546,2.905786339598603,"[""state_ack_rate_change"", ""state_byte_rate_change"", ""state_packet_rate_change""]",LOW
1879,CTU44,2011-08-14T05:45:00+00:00,RBot,0.9987209434384564,Murlo,0.9978852956670976,0.0112865371357216,1.129692818764574,"[""state_byte_rate_change"", ""state_port_diversity_change"", ""state_ack_rate_change""]",LOW
1880,CTU44,2011-08-14T05:46:00+00:00,RBot,0.998445072791736,Murlo,0.9973685187236108,0.013264020425946,2.2006806805893353,"[""state_byte_rate_change"", ""state_rst_rate_change"", ""state_port_diversity_change""]",LOW
1881,CTU44,2011-08-14T05:47:00+00:00,RBot,0.9986829834599834,Murlo,0.9978164702218534,0.0115592187751471,0.608621861304719,"[""state_rst_rate_change"", ""state_port_diversity_change"", ""state_ack_rate_change""]",LOW
1882,CTU44,2011-08-14T05:48:00+00:00,RBot,0.9986029584112602,Murlo,0.9976965161123428,0.0122111725935276,1.8713265278504048,"[""state_ack_rate_change"", ""state_packet_rate_change"", ""state_syn_rate_change""]",LOW
1883,CTU44,2011-08-14T05:49:00+00:00,RBot,0.9982574144360388,Murlo,0.997097547372774,0.0147677263675133,3.1941001542747665,"[""state_byte_rate_change"", ""state_ack_rate_change"", ""state_syn_rate_change""]",LOW
1884,CTU44,2011-08-14T05:50:00+00:00,RBot,0.9986829834599834,Murlo,0.9978164702218534,0.0115592187751471,3.3732841960374516,"[""state_byte_rate_change"", ""state_ack_rate_change"", ""state_packet_rate_change""]",LOW
1885,CTU44,2011-08-14T05:51:00+00:00,RBot,0.9985182256882325,Murlo,0.9975403621124884,0.0128297904447368,2.0579403900833113,"[""state_ack_rate_change"", ""state_packet_rate_change"", ""state_syn_rate_change""]",LOW
1886,CTU44,2011-08-14T05:52:00+00:00,RBot,0.9981372255448984,Murlo,0.9968220130816352,0.0154903037220205,4.370812701191858,"[""state_ack_rate_change"", ""state_byte_rate_change"", ""state_packet_rate_change""]",LOW
1887,CTU44,2011-08-14T05:53:00+00:00,RBot,0.9986259184256736,Murlo,0.9977562094089814,0.0120733521964674,3.640718974358455,"[""state_byte_rate_change"", ""state_ack_rate_change"", ""state_packet_rate_change""]",LOW
1888,CTU44,2011-08-14T05:54:00+00:00,RBot,0.9982931101751078,Murlo,0.9971228154627356,0.0144220291026304,2.795801604798616,"[""state_byte_rate_change"", ""state_syn_rate_change"", ""state_ack_rate_change""]",LOW
1889,CTU44,2011-08-14T05:55:00+00:00,RBot,0.998610545243546,Murlo,0.9977652204254436,0.012262004743706,2.5608452850023755,"[""state_byte_rate_change"", ""state_ack_rate_change"", ""state_port_diversity_change""]",LOW
1890,CTU44,2011-08-14T05:56:00+00:00,RBot,0.9981148206400116,Murlo,0.99690518608313,0.0159338182415841,3.757616591442403,"[""state_byte_rate_change"", ""state_ack_rate_change"", ""state_packet_rate_change""]",LOW
1891,CTU44,2011-08-14T05:57:00+00:00,RBot,0.9984399922439292,Murlo,0.9973649038892816,0.013327744535856,6.637373812537408,"[""state_ack_rate_change"", ""state_packet_rate_change"", ""state_byte_rate_change""]",LOW
1892,CTU44,2011-08-14T05:58:00+00:00,RBot,0.9987049588287332,Murlo,0.997853789625199,0.0113983039948713,4.2717635448112175,"[""state_ack_rate_change"", ""state_packet_rate_change"", ""state_byte_rate_change""]",LOW
1893,CTU44,2011-08-14T05:59:00+00:00,RBot,0.9986735162722992,Murlo,0.9978127761535072,0.0116598628565603,1.063974034823193,"[""state_rst_rate_change"", ""state_port_diversity_change"", ""state_byte_rate_change""]",LOW
1894,CTU44,2011-08-14T06:00:00+00:00,RBot,0.9986396323973632,Murlo,0.9977234440384312,0.0118546989299984,0.943139587226885,"[""state_byte_rate_change"", ""state_port_diversity_change"", ""state_ack_rate_change""]",LOW
1895,CTU44,2011-08-14T06:01:00+00:00,RBot,0.9983793231927294,Murlo,0.997261522638626,0.0137835379754595,3.943090545761842,"[""state_byte_rate_change"", ""state_ack_rate_change"", ""state_packet_rate_change""]",LOW
1896,CTU44,2011-08-14T06:02:00+00:00,RBot,0.9985803299266398,Murlo,0.9976583722598116,0.0123740695453974,3.2053461812476747,"[""state_ack_rate_change"", ""state_byte_rate_change"", ""state_packet_rate_change""]",LOW
1897,CTU44,2011-08-14T06:03:00+00:00,RBot,0.9986852181819332,Murlo,0.9978234656277734,0.011557738037127,1.1670304005434342,"[""state_byte_rate_change"", ""state_port_diversity_change"", ""state_ack_rate_change""]",LOW
1898,CTU44,2011-08-14T06:04:00+00:00,RBot,0.9983062499126432,Murlo,0.997164288593206,0.0143849510559885,4.151814683528524,"[""state_byte_rate_change"", ""state_ack_rate_change"", ""state_packet_rate_change""]",LOW
1899,CTU44,2011-08-14T06:05:00+00:00,RBot,0.9986735162722992,Murlo,0.9978127761535072,0.0116598628565603,3.484470125443194,"[""state_ack_rate_change"", ""state_byte_rate_change"", ""state_packet_rate_change""]",LOW
1900,CTU44,2011-08-14T06:06:00+00:00,RBot,0.9986453084869718,Murlo,0.9977627355468368,0.0118821665191047,0.6066054451459285,"[""state_byte_rate_change"", ""state_rst_rate_change"", ""state_ack_rate_change""]",LOW
1901,CTU44,2011-08-14T06:07:00+00:00,RBot,0.9985760678151352,Murlo,0.9977409989276976,0.0125826835331408,2.1199444288785316,"[""state_byte_rate_change"", ""state_ack_rate_change"", ""state_port_diversity_change""]",LOW
1902,CTU44,2011-08-14T06:08:00+00:00,RBot,0.9917647501689464,Murlo,0.9864829418764284,0.0567762410362115,6.586353096927843,"[""state_byte_rate_change"", ""state_ack_rate_change"", ""state_packet_rate_change""]",LOW
1903,CTU44,2011-08-14T06:09:00+00:00,RBot,0.9986077841975018,Murlo,0.9976953817995532,0.0121440959720484,5.101943093450015,"[""state_ack_rate_change"", ""state_byte_rate_change"", ""state_packet_rate_change""]",LOW
1904,CTU44,2011-08-14T06:10:00+00:00,RBot,0.998683669605994,Murlo,0.9978169881271188,0.0115538449490299,2.607257757688011,"[""state_byte_rate_change"", ""state_ack_rate_change"", ""state_packet_rate_change""]",LOW
1905,CTU44,2011-08-14T06:11:00+00:00,RBot,0.9982116882970872,Murlo,0.9971152080662724,0.0152822574252786,3.812182819853048,"[""state_byte_rate_change"", ""state_ack_rate_change"", ""state_packet_rate_change""]",LOW
1906,CTU44,2011-08-14T06:12:00+00:00,RBot,0.9987252078086862,Murlo,0.997916005028547,0.0113030752531631,1.5600663059604305,"[""state_byte_rate_change"", ""state_ack_rate_change"", ""state_port_diversity_change""]",LOW
1907,CTU44,2011-08-14T06:13:00+00:00,RBot,0.9986833862036264,Murlo,0.997813087223495,0.0115547490623017,2.772983998493785,"[""state_byte_rate_change"", ""state_ack_rate_change"", ""state_packet_rate_change""]",LOW
1908,CTU44,2011-08-14T06:14:00+00:00,RBot,0.9983647083148052,Murlo,0.9972705637778811,0.013945828676693,5.346755452109992,"[""state_byte_rate_change"", ""state_ack_rate_change"", ""state_packet_rate_change""]",LOW
1909,CTU44,2011-08-14T06:15:00+00:00,RBot,0.9986383693113884,Murlo,0.9977334885640002,0.0118859158722139,3.630970409076776,"[""state_byte_rate_change"", ""state_ack_rate_change"", ""state_packet_rate_change""]",LOW
1910,CTU44,2011-08-14T06:16:00+00:00,RBot,0.998303673908308,Murlo,0.9971874009757392,0.0144619277139404,2.9610981019833704,"[""state_ack_rate_change"", ""state_byte_rate_change"", ""state_packet_rate_change""]",LOW
1911,CTU44,2011-08-14T06:17:00+00:00,RBot,0.998545990418,Murlo,0.9976171125370766,0.0126679414359175,3.172014057109251,"[""state_byte_rate_change"", ""state_ack_rate_change"", ""state_packet_rate_change""]",LOW
1912,CTU44,2011-08-14T06:18:00+00:00,RBot,0.9985652448783456,Murlo,0.997611435266776,0.0124386338513545,6.055699390362624,"[""state_byte_rate_change"", ""state_ack_rate_change"", ""state_packet_rate_change""]",LOW
1913,CTU44,2011-08-14T06:19:00+00:00,RBot,0.9975164018514844,Murlo,0.9959044967556544,0.0202265732643012,6.188468334234602,"[""state_byte_rate_change"", ""state_ack_rate_change"", ""state_packet_rate_change""]",LOW
1914,CTU44,2011-08-14T06:20:00+00:00,RBot,0.9986384525767896,Murlo,0.99775503748508,0.0119337820803948,2.802650048957345,"[""state_ack_rate_change"", ""state_byte_rate_change"", ""state_packet_rate_change""]",LOW
1915,CTU44,2011-08-14T06:21:00+00:00,RBot,0.9983065120177532,Murlo,0.9972637565100544,0.0145772751046553,1.5104311588770203,"[""state_byte_rate_change"", ""state_port_diversity_change"", ""state_syn_rate_change""]",LOW
1916,CTU44,2011-08-14T06:22:00+00:00,RBot,0.9978790750676896,Murlo,0.9964683782962188,0.0175545408592509,4.671467246024473,"[""state_byte_rate_change"", ""state_ack_rate_change"", ""state_packet_rate_change""]",LOW
1917,CTU44,2011-08-14T06:23:00+00:00,RBot,0.9976804463962744,Murlo,0.9961005558654096,0.0188668303435931,8.451066172659962,"[""state_byte_rate_change"", ""state_ack_rate_change"", ""state_packet_rate_change""]",LOW
1918,CTU44,2011-08-14T06:24:00+00:00,RBot,0.9983754453386676,Murlo,0.997251857843519,0.0138075950550784,8.341756612957413,"[""state_byte_rate_change"", ""state_ack_rate_change"", ""state_packet_rate_change""]",LOW
1919,CTU44,2011-08-14T06:25:00+00:00,RBot,0.9986462946346027,Murlo,0.9977731815410342,0.0118763002067793,3.744444117073241,"[""state_ack_rate_change"", ""state_byte_rate_change"", ""state_packet_rate_change""]",LOW
1920,CTU44,2011-08-14T06:26:00+00:00,RBot,0.9986366736591572,Murlo,0.9977093994713612,0.0118622562871934,1.7758982211908763,"[""state_byte_rate_change"", ""state_ack_rate_change"", ""state_port_diversity_change""]",LOW
1921,CTU44,2011-08-14T06:27:00+00:00,RBot,0.9987014120677962,Murlo,0.9978586992209502,0.0114475901842492,3.049912962969811,"[""state_byte_rate_change"", ""state_ack_rate_change"", ""state_port_diversity_change""]",LOW
1922,CTU44,2011-08-14T06:28:00+00:00,RBot,0.998596720068478,Murlo,0.9976556616977776,0.0121851057537019,2.7504211646308363,"[""state_byte_rate_change"", ""state_ack_rate_change"", ""state_rst_rate_change""]",LOW
1923,CTU44,2011-08-14T06:29:00+00:00,RBot,0.9986934874356626,Murlo,0.9978297713384344,0.0114805851727138,1.6252720474626974,"[""state_byte_rate_change"", ""state_port_diversity_change"", ""state_destination_diversity_change""]",LOW
1924,CTU44,2011-08-14T06:30:00+00:00,RBot,0.9984428264397596,Murlo,0.997397327621924,0.0133525236416936,3.8397195548954315,"[""state_byte_rate_change"", ""state_ack_rate_change"", ""state_packet_rate_change""]",LOW
1925,CTU44,2011-08-14T06:31:00+00:00,RBot,0.998362848180989,Murlo,0.997247217920496,0.0139396909072647,7.137843572541787,"[""state_ack_rate_change"", ""state_byte_rate_change"", ""state_packet_rate_change""]",LOW
1926,CTU44,2011-08-14T06:32:00+00:00,RBot,0.9985434159130676,Murlo,0.9976784732109084,0.0128155603912652,3.6464500245401847,"[""state_ack_rate_change"", ""state_byte_rate_change"", ""state_packet_rate_change""]",LOW
1927,CTU44,2011-08-14T06:33:00+00:00,RBot,0.9986291601438406,Murlo,0.9977075164313416,0.011940576641902,1.6880649123741407,"[""state_byte_rate_change"", ""state_port_diversity_change"", ""state_ack_rate_change""]",LOW
1928,CTU44,2011-08-14T06:34:00+00:00,RBot,0.99791758422555,Murlo,0.9964281997215624,0.017058149717948,1.3352180573619072,"[""state_byte_rate_change"", ""state_rst_rate_change"", ""state_ack_rate_change""]",LOW
1929,CTU44,2011-08-14T06:35:00+00:00,RBot,0.998276866255556,Murlo,0.9970856110856892,0.0145313063075225,3.3972777209708394,"[""state_ack_rate_change"", ""state_byte_rate_change"", ""state_packet_rate_change""]",LOW
1930,CTU44,2011-08-14T06:36:00+00:00,RBot,0.998421226488682,Murlo,0.99735630599884,0.0135203237495956,5.360552502831532,"[""state_ack_rate_change"", ""state_packet_rate_change"", ""state_byte_rate_change""]",LOW
1931,CTU44,2011-08-14T06:37:00+00:00,RBot,0.998401240628492,Murlo,0.9973484318472964,0.0137028029618778,2.5510608922894913,"[""state_byte_rate_change"", ""state_ack_rate_change"", ""state_syn_rate_change""]",LOW
1932,CTU44,2011-08-14T06:38:00+00:00,RBot,0.9986288119846466,Murlo,0.9977205145449928,0.0119697414283256,2.867271575304496,"[""state_byte_rate_change"", ""state_ack_rate_change"", ""state_packet_rate_change""]",LOW
1933,CTU44,2011-08-14T06:39:00+00:00,RBot,0.9986967411493088,Murlo,0.9978607082936252,0.011504936470562,2.6943592622666714,"[""state_byte_rate_change"", ""state_ack_rate_change"", ""state_port_diversity_change""]",LOW
1934,CTU44,2011-08-14T06:40:00+00:00,RBot,0.994479418985098,Murlo,0.991262036912848,0.0409989598275951,4.542771811858223,"[""state_byte_rate_change"", ""state_ack_rate_change"", ""state_rst_rate_change""]",LOW
1935,CTU44,2011-08-14T06:41:00+00:00,RBot,0.9985314423647054,Murlo,0.997566553045426,0.0127311723846612,3.8210284918094666,"[""state_byte_rate_change"", ""state_ack_rate_change"", ""state_packet_rate_change""]",LOW
1936,CTU44,2011-08-14T06:42:00+00:00,RBot,0.998671220176025,Murlo,0.997815215018225,0.0116922802471719,1.5468374943519516,"[""state_port_diversity_change"", ""state_byte_rate_change"", ""state_fin_rate_change""]",LOW
1937,CTU44,2011-08-14T06:43:00+00:00,RBot,0.9984486062906828,Murlo,0.9974598710291483,0.0134248655670082,1.157765553674772,"[""state_byte_rate_change"", ""state_ack_rate_change"", ""state_destination_diversity_change""]",LOW
1938,CTU44,2011-08-14T06:44:00+00:00,RBot,0.9983837969188948,Murlo,0.9973157857888268,0.0138506214711439,5.394052019587925,"[""state_byte_rate_change"", ""state_ack_rate_change"", ""state_packet_rate_change""]",LOW
1939,CTU44,2011-08-14T06:45:00+00:00,RBot,0.99794004772007,Murlo,0.9965319735594182,0.0170149173003421,9.097331320190696,"[""state_byte_rate_change"", ""state_ack_rate_change"", ""state_packet_rate_change""]",LOW
1940,CTU44,2011-08-14T06:46:00+00:00,RBot,0.998316918824222,Murlo,0.9971767080471896,0.0142936549414786,8.09019168362299,"[""state_ack_rate_change"", ""state_byte_rate_change"", ""state_packet_rate_change""]",LOW
1941,CTU44,2011-08-14T06:47:00+00:00,RBot,0.997768732230638,Murlo,0.9962429351049832,0.018251457117401,6.91238700206495,"[""state_ack_rate_change"", ""state_byte_rate_change"", ""state_packet_rate_change""]",LOW
1942,CTU44,2011-08-14T06:48:00+00:00,RBot,0.998683476151478,Murlo,0.9978189898299022,0.0115649829144747,3.9136207129466993,"[""state_ack_rate_change"", ""state_byte_rate_change"", ""state_packet_rate_change""]",LOW
1943,CTU44,2011-08-14T06:49:00+00:00,RBot,0.9987268680141708,Murlo,0.9979150478603468,0.0112736502416284,0.9317949825369581,"[""state_byte_rate_change"", ""state_rst_rate_change"", ""state_port_diversity_change""]",LOW
1944,CTU44,2011-08-14T06:50:00+00:00,RBot,0.9986168876852184,Murlo,0.9976904015565377,0.0120398320884605,0.9392517958603492,"[""state_byte_rate_change"", ""state_port_diversity_change"", ""state_destination_diversity_change""]",LOW
1945,CTU44,2011-08-14T06:51:00+00:00,RBot,0.9986382191017688,Murlo,0.9977496798626896,0.0119347917282614,2.112616269755514,"[""state_byte_rate_change"", ""state_port_diversity_change"", ""state_ack_rate_change""]",LOW
1946,CTU44,2011-08-14T06:52:00+00:00,RBot,0.9987146694460218,Murlo,0.9978782796597157,0.0113431042461387,1.1041779547134765,"[""state_byte_rate_change"", ""state_rst_rate_change"", ""state_packet_rate_change""]",LOW
1947,CTU44,2011-08-14T06:53:00+00:00,RBot,0.9984072884805064,Murlo,0.9972980700897776,0.0135316524761568,1.841913038602156,"[""state_byte_rate_change"", ""state_port_diversity_change"", ""state_ack_rate_change""]",LOW
1948,CTU44,2011-08-14T06:54:00+00:00,RBot,0.9987234263665704,Murlo,0.9978995135866672,0.0112871836885475,2.1222846282190067,"[""state_byte_rate_change"", ""state_ack_rate_change"", ""state_rst_rate_change""]",LOW
1949,CTU44,2011-08-14T06:55:00+00:00,RBot,0.9958776879341964,Murlo,0.9931291753229404,0.0313683638843373,2.9948290877401713,"[""state_byte_rate_change"", ""state_rst_rate_change"", ""state_port_diversity_change""]",LOW
1950,CTU44,2011-08-14T06:56:00+00:00,RBot,0.9978248368459832,Murlo,0.9964028525095427,0.0180002897758176,4.9297017039913005,"[""state_byte_rate_change"", ""state_ack_rate_change"", ""state_packet_rate_change""]",LOW
1951,CTU44,2011-08-14T06:57:00+00:00,RBot,0.9986476007212752,Murlo,0.9977620936543848,0.0118372105677475,5.029273836120715,"[""state_byte_rate_change"", ""state_ack_rate_change"", ""state_packet_rate_change""]",LOW
1952,CTU44,2011-08-14T06:58:00+00:00,RBot,0.9985250309992288,Murlo,0.9975250515920686,0.0127118454327716,4.414538216142236,"[""state_byte_rate_change"", ""state_ack_rate_change"", ""state_packet_rate_change""]",LOW
1953,CTU44,2011-08-14T06:59:00+00:00,RBot,0.9984380148715029,Murlo,0.997383063116552,0.0133910714521354,7.403263881554831,"[""state_ack_rate_change"", ""state_byte_rate_change"", ""state_packet_rate_change""]",LOW
1954,CTU44,2011-08-14T07:00:00+00:00,RBot,0.9986135681570892,Murlo,0.9976950026992208,0.0120793089670833,3.080286064140124,"[""state_ack_rate_change"", ""state_byte_rate_change"", ""state_packet_rate_change""]",LOW
1955,CTU44,2011-08-14T07:01:00+00:00,RBot,0.9986791679665524,Murlo,0.9978116893988244,0.0116035118317704,0.9637399554306416,"[""state_ack_rate_change"", ""state_rst_rate_change"", ""state_port_diversity_change""]",LOW
1956,CTU44,2011-08-14T07:02:00+00:00,RBot,0.9981624400219016,Murlo,0.9970594917103832,0.015673371233257,3.194337112882531,"[""state_ack_rate_change"", ""state_byte_rate_change"", ""state_packet_rate_change""]",LOW
1957,CTU44,2011-08-14T07:03:00+00:00,RBot,0.998059667972181,Murlo,0.9967518494383216,0.016192488283705,3.8198613663708714,"[""state_ack_rate_change"", ""state_byte_rate_change"", ""state_packet_rate_change""]",LOW
1958,CTU44,2011-08-14T07:04:00+00:00,RBot,0.995061924320641,Murlo,0.9913874286795328,0.0357869629385018,12.208729284700757,"[""state_byte_rate_change"", ""state_ack_rate_change"", ""state_packet_rate_change""]",LOW
1959,CTU44,2011-08-14T07:05:00+00:00,RBot,0.9986743762389632,Murlo,0.9977918102635938,0.0116104034793562,11.924801450471511,"[""state_byte_rate_change"", ""state_ack_rate_change"", ""state_packet_rate_change""]",LOW
1960,CTU44,2011-08-14T07:06:00+00:00,RBot,0.9983754453386676,Murlo,0.997251857843519,0.0138075950550784,4.138441442627069,"[""state_byte_rate_change"", ""state_ack_rate_change"", ""state_packet_rate_change""]",LOW
1961,CTU44,2011-08-14T07:07:00+00:00,RBot,0.9986238929479528,Murlo,0.997799895737986,0.0121825896230807,3.6056023568213824,"[""state_ack_rate_change"", ""state_byte_rate_change"", ""state_packet_rate_change""]",LOW
1962,CTU44,2011-08-14T07:08:00+00:00,RBot,0.9986291601438406,Murlo,0.9977075164313416,0.011940576641902,1.5870446741855808,"[""state_byte_rate_change"", ""state_port_diversity_change"", ""state_ack_rate_change""]",LOW
1963,CTU44,2011-08-14T07:09:00+00:00,RBot,0.998316918824222,Murlo,0.9971767080471896,0.0142936549414786,5.286354749684149,"[""state_byte_rate_change"", ""state_ack_rate_change"", ""state_packet_rate_change""]",LOW
1964,CTU44,2011-08-14T07:10:00+00:00,RBot,0.9983745156277556,Murlo,0.9972392979627196,0.0137738563861439,7.558225824425246,"[""state_ack_rate_change"", ""state_byte_rate_change"", ""state_packet_rate_change""]",LOW
1965,CTU44,2011-08-14T07:11:00+00:00,RBot,0.9986801539945078,Murlo,0.9978046780633936,0.0115730559832145,3.8713858113149104,"[""state_ack_rate_change"", ""state_byte_rate_change"", ""state_packet_rate_change""]",LOW
1966,CTU44,2011-08-14T07:12:00+00:00,RBot,0.9910794435915043,Murlo,0.9836402362428248,0.0570407854960967,29.682367361544966,"[""state_byte_rate_change"", ""state_ack_rate_change"", ""state_packet_rate_change""]",LOW
1967,CTU44,2011-08-14T07:13:00+00:00,RBot,0.9332796272362474,Murlo,0.8685082131243979,0.2567157444459456,30.38144135681539,"[""state_byte_rate_change"", ""state_ack_rate_change"", ""state_iat_change""]",LOW
1968,CTU44,2011-08-14T07:14:00+00:00,RBot,0.9872994239361218,Murlo,0.9753769676731948,0.0720676179440017,6.227760426906215,"[""state_top_probability_change"", ""state_entropy_change"", ""state_iat_change""]",LOW
1969,CTU44,2011-08-14T07:15:00+00:00,RBot,0.99304534795263,Murlo,0.9867481515918456,0.0445819995937641,1.228308439157492,"[""state_rst_rate_change"", ""state_top_probability_change"", ""state_syn_rate_change""]",LOW
1970,CTU44,2011-08-14T07:16:00+00:00,RBot,0.9935238271446304,Murlo,0.9876936213544012,0.0421078564510252,2.3715039165466627,"[""state_iat_change"", ""state_rst_rate_change"", ""state_syn_rate_change""]",LOW
1971,CTU44,2011-08-14T07:18:00+00:00,RBot,0.99806874346397,Murlo,0.9963695173059524,0.0150554995601638,11.654186826663839,"[""state_iat_change"", ""state_rst_rate_change"", ""state_syn_rate_change""]",LOW
1972,CTU44,2011-08-14T07:19:00+00:00,RBot,0.9945706244640238,Murlo,0.98949736221414,0.0356174774827392,12.642497390811322,"[""state_iat_change"", ""state_port_diversity_change"", ""state_directionality_change""]",LOW
1973,CTU44,2011-08-14T07:20:00+00:00,RBot,0.9996336817345104,Murlo,0.999328822868182,0.0035245400394195,0.8801889794551733,"[""state_entropy_change"", ""state_top_probability_change"", ""state_directionality_change""]",LOW
1974,CTU44,2011-08-14T07:22:00+00:00,RBot,0.9753644238243444,Murlo,0.951629424891488,0.1207996355883374,2.83937218486257,"[""state_top_probability_change"", ""state_iat_change"", ""state_entropy_change""]",LOW
1975,CTU44,2011-08-14T07:23:00+00:00,RBot,0.9996313877406128,Murlo,0.9993239793253188,0.0035423126442525,2.8394222398923468,"[""state_top_probability_change"", ""state_iat_change"", ""state_entropy_change""]",LOW
1976,CTU44,2011-08-14T07:25:00+00:00,RBot,0.9996313877406128,Murlo,0.9993239793253188,0.0035423126442525,0.00017588213914608174,"[""state_iat_change"", ""state_top_probability_change"", ""state_entropy_change""]",LOW
1977,CTU44,2011-08-14T07:27:00+00:00,RBot,0.9996212521074802,Murlo,0.99930582759001,0.0036307939462798,0.0008760169708129203,"[""state_entropy_change"", ""state_top_probability_change"", ""state_iat_change""]",LOW
1978,CTU44,2011-08-14T07:28:00+00:00,RBot,0.982440965773878,Murlo,0.9661156629885024,0.0947782589664135,1.5184310317175427,"[""state_top_probability_change"", ""state_entropy_change"", ""state_port_diversity_change""]",LOW
1979,CTU44,2011-08-14T07:30:00+00:00,RBot,0.9996419550401984,Murlo,0.999344437018352,0.0034546595651436,1.5199271141175352,"[""state_top_probability_change"", ""state_entropy_change"", ""state_port_diversity_change""]",LOW
1980,CTU44,2011-08-14T07:32:00+00:00,RBot,0.998272108524378,Murlo,0.9967469716947268,0.0136433615829837,9.55744500603321,"[""state_iat_change"", ""state_directionality_change"", ""state_destination_diversity_change""]",LOW
1981,CTU44,2011-08-14T07:34:00+00:00,RBot,0.9996419848236424,Murlo,0.999344747830876,0.0034554212511724,9.557459715170527,"[""state_iat_change"", ""state_directionality_change"", ""state_destination_diversity_change""]",LOW
1982,CTU44,2011-08-14T07:36:00+00:00,RBot,0.9996336817345104,Murlo,0.999328822868182,0.0035245400394195,0.0007621548288283103,"[""state_entropy_change"", ""state_top_probability_change"", ""state_iat_change""]",LOW
1983,CTU44,2011-08-14T07:39:00+00:00,RBot,0.9972729073743988,Murlo,0.9948822949321496,0.0203745226621147,0.15507988797747113,"[""state_entropy_change"", ""state_top_probability_change"", ""state_iat_change""]",LOW
1984,CTU44,2011-08-14T07:41:00+00:00,RBot,0.9995642365967052,Murlo,0.9991943020144192,0.0040937158944782,0.1650890335875249,"[""state_entropy_change"", ""state_top_probability_change"", ""state_iat_change""]",LOW
1985,CTU44,2011-08-14T07:43:00+00:00,RBot,0.9996355927956688,Murlo,0.9993319042144312,0.0035070693914248,0.020171255574698694,"[""state_iat_change"", ""state_entropy_change"", ""state_top_probability_change""]",LOW
1986,CTU44,2011-08-14T07:44:00+00:00,RBot,0.9945706244640238,Murlo,0.98949736221414,0.0356174774827392,0.8797915761328553,"[""state_entropy_change"", ""state_top_probability_change"", ""state_directionality_change""]",LOW
1987,CTU44,2011-08-14T07:45:00+00:00,RBot,0.9931830103806352,Murlo,0.9870317245029364,0.0438545661039968,2.6022259498678966,"[""state_ack_rate_change"", ""state_byte_rate_change"", ""state_packet_rate_change""]",LOW
1988,CTU44,2011-08-14T07:46:00+00:00,RBot,0.9996397510121464,Murlo,0.9993400281944496,0.0034727762894419,2.924934197279185,"[""state_byte_rate_change"", ""state_ack_rate_change"", ""state_packet_rate_change""]",LOW
1989,CTU44,2011-08-14T07:48:00+00:00,RBot,0.9996360381484688,Murlo,0.9993335920773104,0.0035056314176816,0.00043323092594701757,"[""state_entropy_change"", ""state_iat_change"", ""state_top_probability_change""]",LOW
1990,CTU44,2011-08-14T07:50:00+00:00,RBot,0.9996388955470612,Murlo,0.999338438632482,0.0034798673343076,0.0003284195650555115,"[""state_entropy_change"", ""state_iat_change"", ""state_top_probability_change""]",LOW
1991,CTU44,2011-08-14T07:53:00+00:00,RBot,0.9604818086223984,Murlo,0.9226009570737836,0.1752275602009053,23.42032475860915,"[""state_iat_change"", ""state_top_probability_change"", ""state_entropy_change""]",LOW
1992,CTU44,2011-08-14T07:55:00+00:00,RBot,0.9996188648162324,Murlo,0.9993016214109848,0.0036516085386115,23.418674754432086,"[""state_iat_change"", ""state_top_probability_change"", ""state_entropy_change""]",LOW
1993,CTU44,2011-08-14T07:56:00+00:00,RBot,0.9945706244640238,Murlo,0.98949736221414,0.0356174774827392,0.8787836939708167,"[""state_entropy_change"", ""state_top_probability_change"", ""state_directionality_change""]",LOW
1994,CTU44,2011-08-14T07:57:00+00:00,RBot,0.999626338370958,Murlo,0.9993148014502634,0.003586035054759,0.8795138480630936,"[""state_entropy_change"", ""state_top_probability_change"", ""state_directionality_change""]",LOW
1995,CTU44,2011-08-14T07:59:00+00:00,RBot,0.9996336817345104,Murlo,0.999328822868182,0.0035245400394195,0.0006984600215627409,"[""state_entropy_change"", ""state_top_probability_change"", ""state_iat_change""]",LOW
1996,CTU44,2011-08-14T08:02:00+00:00,RBot,0.9995418706363528,Murlo,0.9991519843290332,0.0042778540203007,0.006520226189164591,"[""state_entropy_change"", ""state_top_probability_change"", ""state_iat_change""]",LOW
1997,CTU44,2011-08-14T08:04:00+00:00,RBot,0.9996336817345104,Murlo,0.999328822868182,0.0035245400394195,0.006741192870685346,"[""state_entropy_change"", ""state_top_probability_change"", ""state_iat_change""]",LOW
1998,CTU44,2011-08-14T08:06:00+00:00,RBot,0.9996313877406128,Murlo,0.9993239793253188,0.0035423126442525,0.0003465316714582908,"[""state_iat_change"", ""state_entropy_change"", ""state_top_probability_change""]",LOW
1999,CTU44,2011-08-14T08:07:00+00:00,RBot,0.9946110550283694,Murlo,0.98957967584623,0.0354100111872867,0.8775013477776973,"[""state_entropy_change"", ""state_top_probability_change"", ""state_directionality_change""]",LOW
2000,CTU44,2011-08-14T08:08:00+00:00,RBot,0.985581165693375,Murlo,0.9717804239263076,0.0789714165536769,0.49268231923824674,"[""state_top_probability_change"", ""state_entropy_change"", ""state_byte_rate_change""]",LOW
2001,CTU44,2011-08-14T08:09:00+00:00,RBot,0.9996247748507784,Murlo,0.9993106941436652,0.0035955282955263,1.3640403941538723,"[""state_top_probability_change"", ""state_entropy_change"", ""state_directionality_change""]",LOW
2002,CTU44,2011-08-14T08:11:00+00:00,RBot,0.9996213169792688,Murlo,0.9993065843560472,0.0036320289760572,0.00042852183697852404,"[""state_entropy_change"", ""state_iat_change"", ""state_top_probability_change""]",LOW
2003,CTU44,2011-08-14T08:13:00+00:00,RBot,0.9996213169792688,Murlo,0.9993065843560472,0.0036320289760572,4.089063145582862e-05,"[""state_iat_change"", ""state_top_probability_change"", ""state_entropy_change""]",LOW
2004,CTU44,2011-08-14T08:16:00+00:00,RBot,0.9996231374735282,Murlo,0.9993085232254798,0.0036122547063392,0.0008512969001262198,"[""state_iat_change"", ""state_entropy_change"", ""state_top_probability_change""]",LOW
2005,CTU44,2011-08-14T08:17:00+00:00,RBot,0.9859527445569448,Murlo,0.9729308175836328,0.0789365536151975,3.3487420822734,"[""state_byte_rate_change"", ""state_ack_rate_change"", ""state_packet_rate_change""]",LOW
2006,CTU44,2011-08-14T08:18:00+00:00,RBot,0.9996188648162324,Murlo,0.9993016214109848,0.0036516085386115,3.3479404756617455,"[""state_byte_rate_change"", ""state_ack_rate_change"", ""state_packet_rate_change""]",LOW
2007,CTU44,2011-08-14T08:19:00+00:00,RBot,0.9945706244640238,Murlo,0.98949736221414,0.0356174774827392,0.8789307429723979,"[""state_entropy_change"", ""state_top_probability_change"", ""state_directionality_change""]",LOW
2008,CTU44,2011-08-14T08:20:00+00:00,RBot,0.9996313877406128,Murlo,0.9993239793253188,0.0035423126442525,0.879683079168808,"[""state_entropy_change"", ""state_top_probability_change"", ""state_directionality_change""]",LOW
2009,CTU44,2011-08-14T08:22:00+00:00,RBot,0.9996313877406128,Murlo,0.9993239793253188,0.0035423126442525,0.001981098670144638,"[""state_iat_change"", ""state_top_probability_change"", ""state_entropy_change""]",LOW
2010,CTU44,2011-08-14T08:25:00+00:00,RBot,0.999627124296394,Murlo,0.9993156484588588,0.0035773627046008,0.0015669668416762692,"[""state_iat_change"", ""state_entropy_change"", ""state_top_probability_change""]",LOW
2011,CTU44,2011-08-14T08:27:00+00:00,RBot,0.991250566318682,Murlo,0.983031071842288,0.0529591027663599,2.206899564435215,"[""state_iat_change"", ""state_directionality_change"", ""state_top_probability_change""]",LOW
2012,CTU44,2011-08-14T08:29:00+00:00,RBot,0.9996272045123296,Murlo,0.9993156095634944,0.0035760999291675,2.2077603889219737,"[""state_iat_change"", ""state_directionality_change"", ""state_top_probability_change""]",LOW
2013,CTU44,2011-08-14T08:32:00+00:00,RBot,0.9980588383898336,Murlo,0.9963516543097142,0.0151201428916392,5.755792794482706,"[""state_iat_change"", ""state_directionality_change"", ""state_destination_diversity_change""]",LOW
2014,CTU44,2011-08-14T08:33:00+00:00,RBot,0.9856915039183776,Murlo,0.9720037203727792,0.0785120884849395,6.5806857718035445,"[""state_iat_change"", ""state_top_probability_change"", ""state_entropy_change""]",LOW
2015,CTU44,2011-08-14T08:34:00+00:00,RBot,0.999612035314159,Murlo,0.9992870694505912,0.003703940990117,1.3572930525152078,"[""state_top_probability_change"", ""state_entropy_change"", ""state_directionality_change""]",LOW
2016,CTU44,2011-08-14T08:36:00+00:00,RBot,0.9964549313723516,Murlo,0.993370718044738,0.0256425493453306,0.20450541520435325,"[""state_entropy_change"", ""state_top_probability_change"", ""state_iat_change""]",LOW
2017,CTU44,2011-08-14T08:39:00+00:00,RBot,0.9996336817345104,Murlo,0.999328822868182,0.0035245400394195,0.2059265494175093,"[""state_entropy_change"", ""state_top_probability_change"", ""state_iat_change""]",LOW
2018,CTU44,2011-08-14T08:41:00+00:00,RBot,0.99960593287227,Murlo,0.9992776947635252,0.0037616310294619,0.002162124339959661,"[""state_entropy_change"", ""state_top_probability_change"", ""state_iat_change""]",LOW
2019,CTU44,2011-08-14T08:43:00+00:00,RBot,0.999568944342621,Murlo,0.9992045592667926,0.00405924668448,0.005178488565840584,"[""state_iat_change"", ""state_entropy_change"", ""state_top_probability_change""]",LOW
2020,CTU44,2011-08-14T08:44:00+00:00,RBot,0.9945706244640238,Murlo,0.98949736221414,0.0356174774827392,0.877652229387127,"[""state_entropy_change"", ""state_top_probability_change"", ""state_directionality_change""]",LOW
2021,CTU44,2011-08-14T08:45:00+00:00,RBot,0.9996188648162324,Murlo,0.9993016214109848,0.0036516085386115,0.8787241928596599,"[""state_entropy_change"", ""state_top_probability_change"", ""state_directionality_change""]",LOW
2022,CTU44,2011-08-14T08:48:00+00:00,RBot,0.9996247748507784,Murlo,0.9993106941436652,0.0035955282955263,0.0011030675402499944,"[""state_iat_change"", ""state_entropy_change"", ""state_top_probability_change""]",LOW
2023,CTU44,2011-08-14T08:49:00+00:00,RBot,0.9931109331041988,Murlo,0.9869369026216076,0.0443893648003217,2.92952908736965,"[""state_byte_rate_change"", ""state_ack_rate_change"", ""state_packet_rate_change""]",LOW
2024,CTU44,2011-08-14T08:50:00+00:00,RBot,0.9996247748507784,Murlo,0.9993106941436652,0.0035955282955263,2.9292048456317605,"[""state_byte_rate_change"", ""state_ack_rate_change"", ""state_packet_rate_change""]",LOW
2025,CTU44,2011-08-14T08:52:00+00:00,RBot,0.9996247748507784,Murlo,0.9993106941436652,0.0035955282955263,0.0001551747039859456,"[""state_iat_change"", ""state_top_probability_change"", ""state_entropy_change""]",LOW
2026,CTU44,2011-08-14T08:54:00+00:00,RBot,0.9856915039183776,Murlo,0.9720037203727792,0.0785120884849395,1.3584940121666023,"[""state_top_probability_change"", ""state_entropy_change"", ""state_directionality_change""]",LOW
2027,CTU44,2011-08-14T08:55:00+00:00,RBot,0.999568944342621,Murlo,0.9992045592667926,0.00405924668448,1.3544642240500941,"[""state_top_probability_change"", ""state_entropy_change"", ""state_directionality_change""]",LOW
2028,CTU44,2011-08-14T08:56:00+00:00,RBot,0.9945706244640238,Murlo,0.98949736221414,0.0356174774827392,0.875321201274716,"[""state_entropy_change"", ""state_top_probability_change"", ""state_directionality_change""]",LOW
2029,CTU44,2011-08-14T08:57:00+00:00,RBot,0.9996336817345104,Murlo,0.999328822868182,0.0035245400394195,0.8800649969636436,"[""state_entropy_change"", ""state_top_probability_change"", ""state_directionality_change""]",LOW
2030,CTU44,2011-08-14T08:59:00+00:00,RBot,0.9443260104479614,Murlo,0.8903052663084354,0.2247160170516512,9.679254048926735,"[""state_iat_change"", ""state_top_probability_change"", ""state_entropy_change""]",LOW
2031,CTU44,2011-08-14T09:02:00+00:00,RBot,0.9996213169792688,Murlo,0.9993065843560472,0.0036320289760572,9.678699977643094,"[""state_iat_change"", ""state_top_probability_change"", ""state_entropy_change""]",LOW
2032,CTU44,2011-08-14T09:04:00+00:00,RBot,0.9996313877406128,Murlo,0.9993239793253188,0.0035423126442525,0.0010460596764580224,"[""state_entropy_change"", ""state_top_probability_change"", ""state_iat_change""]",LOW
2033,CTU44,2011-08-14T09:06:00+00:00,RBot,0.9996188775221124,Murlo,0.9993008151202936,0.0036491126985412,0.0012311048177639766,"[""state_entropy_change"", ""state_top_probability_change"", ""state_iat_change""]",LOW
2034,CTU44,2011-08-14T09:07:00+00:00,RBot,0.9945706244640238,Murlo,0.98949736221414,0.0356174774827392,0.878617109593463,"[""state_entropy_change"", ""state_top_probability_change"", ""state_directionality_change""]",LOW
2035,CTU44,2011-08-14T09:08:00+00:00,RBot,0.9996313877406128,Murlo,0.9993239793253188,0.0035423126442525,0.8797604044013684,"[""state_entropy_change"", ""state_top_probability_change"", ""state_directionality_change""]",LOW
2036,CTU44,2011-08-14T09:09:00+00:00,RBot,0.984294101986197,Murlo,0.969243815469542,0.0845842364979533,1.4314097064007043,"[""state_top_probability_change"", ""state_entropy_change"", ""state_directionality_change""]",LOW
2037,CTU44,2011-08-14T09:11:00+00:00,RBot,0.9996272045123296,Murlo,0.9993156095634944,0.0035760999291675,1.4309858666744895,"[""state_top_probability_change"", ""state_entropy_change"", ""state_directionality_change""]",LOW
2038,CTU44,2011-08-14T09:13:00+00:00,RBot,0.9996336817345104,Murlo,0.999328822868182,0.0035245400394195,0.0009286915348476655,"[""state_iat_change"", ""state_entropy_change"", ""state_top_probability_change""]",LOW
2039,CTU44,2011-08-14T09:14:00+00:00,RBot,0.985581165693375,Murlo,0.9717804239263076,0.0789714165536769,1.3650401119076172,"[""state_top_probability_change"", ""state_entropy_change"", ""state_directionality_change""]",LOW
2040,CTU44,2011-08-14T09:15:00+00:00,RBot,0.9996313877406128,Murlo,0.9993239793253188,0.0035423126442525,1.3644241214596435,"[""state_top_probability_change"", ""state_entropy_change"", ""state_directionality_change""]",LOW
2041,CTU44,2011-08-14T09:18:00+00:00,RBot,0.999627124296394,Murlo,0.9993156484588588,0.0035773627046008,0.001563559289055308,"[""state_iat_change"", ""state_entropy_change"", ""state_top_probability_change""]",LOW
2042,CTU44,2011-08-14T09:19:00+00:00,RBot,0.995741337746722,Murlo,0.9918561429229266,0.0293205428005656,1.9079798548297584,"[""state_rst_rate_change"", ""state_syn_rate_change"", ""state_port_diversity_change""]",LOW
2043,CTU44,2011-08-14T09:20:00+00:00,RBot,0.998133439553398,Murlo,0.9964855991105194,0.0145910396751018,8.867709360219056,"[""state_iat_change"", ""state_rst_rate_change"", ""state_syn_rate_change""]",LOW
2044,CTU44,2011-08-14T09:21:00+00:00,RBot,0.9683580563130632,Murlo,0.9381228836967822,0.1482458974891713,11.0019019282133,"[""state_iat_change"", ""state_top_probability_change"", ""state_entropy_change""]",LOW
2045,CTU44,2011-08-14T09:22:00+00:00,RBot,0.9995815501947743,Murlo,0.9992283756562168,0.0039547027088543,4.223176105434138,"[""state_top_probability_change"", ""state_entropy_change"", ""state_byte_rate_change""]",LOW
2046,CTU44,2011-08-14T09:25:00+00:00,RBot,0.9996213169792688,Murlo,0.9993065843560472,0.0036320289760572,0.0035781064147631554,"[""state_entropy_change"", ""state_top_probability_change"", ""state_iat_change""]",LOW
2047,CTU44,2011-08-14T09:27:00+00:00,RBot,0.9996336817345104,Murlo,0.999328822868182,0.0035245400394195,0.001297179874518932,"[""state_entropy_change"", ""state_iat_change"", ""state_top_probability_change""]",LOW
2048,CTU44,2011-08-14T09:29:00+00:00,RBot,0.9996337645597568,Murlo,0.9993287891117248,0.0035232585404922,0.00031238034911983874,"[""state_iat_change"", ""state_entropy_change"", ""state_top_probability_change""]",LOW
2049,CTU44,2011-08-14T09:31:00+00:00,RBot,0.999612035314159,Murlo,0.9992870694505912,0.003703940990117,0.001657499926877898,"[""state_entropy_change"", ""state_top_probability_change"", ""state_iat_change""]",LOW
2050,CTU44,2011-08-14T09:32:00+00:00,RBot,0.9382393800133536,Murlo,0.8787788427059883,0.2450162976995602,7.4393098015271235,"[""state_iat_change"", ""state_top_probability_change"", ""state_entropy_change""]",LOW
2051,CTU44,2011-08-14T09:34:00+00:00,RBot,0.9996336817345104,Murlo,0.999328822868182,0.0035245400394195,7.44006724933742,"[""state_iat_change"", ""state_top_probability_change"", ""state_entropy_change""]",LOW
2052,CTU44,2011-08-14T09:36:00+00:00,RBot,0.9996247748507784,Murlo,0.9993106941436652,0.0035955282955263,0.001236935840074798,"[""state_iat_change"", ""state_entropy_change"", ""state_top_probability_change""]",LOW
2053,CTU44,2011-08-14T09:38:00+00:00,RBot,0.9996336817345104,Murlo,0.999328822868182,0.0035245400394195,0.0013821500056292655,"[""state_iat_change"", ""state_entropy_change"", ""state_top_probability_change""]",LOW
2054,CTU44,2011-08-14T09:40:00+00:00,RBot,0.985581165693375,Murlo,0.9717804239263076,0.0789714165536769,1.3653837504835051,"[""state_top_probability_change"", ""state_entropy_change"", ""state_directionality_change""]",LOW
2055,CTU44,2011-08-14T09:41:00+00:00,RBot,0.9996336817345104,Murlo,0.999328822868182,0.0035245400394195,1.3648443086916078,"[""state_top_probability_change"", ""state_entropy_change"", ""state_directionality_change""]",LOW
2056,CTU44,2011-08-14T09:43:00+00:00,RBot,0.9996337645597568,Murlo,0.9993287891117248,0.0035232585404922,0.00029822589976983665,"[""state_iat_change"", ""state_entropy_change"", ""state_top_probability_change""]",LOW
2057,CTU44,2011-08-14T09:44:00+00:00,RBot,0.9945706244640238,Murlo,0.98949736221414,0.0356174774827392,0.8797881328287076,"[""state_entropy_change"", ""state_top_probability_change"", ""state_directionality_change""]",LOW
2058,CTU44,2011-08-14T09:45:00+00:00,RBot,0.9996298142205696,Murlo,0.999323067546416,0.0035621420213618,0.8793449181572869,"[""state_entropy_change"", ""state_top_probability_change"", ""state_directionality_change""]",LOW
2059,CTU44,2011-08-14T09:48:00+00:00,RBot,0.9996247748507784,Murlo,0.9993106941436652,0.0035955282955263,0.00046679222212919237,"[""state_entropy_change"", ""state_top_probability_change"", ""state_iat_change""]",LOW
2060,CTU44,2011-08-14T09:50:00+00:00,RBot,0.9996360381484688,Murlo,0.9993335920773104,0.0035056314176816,0.0008711944584532228,"[""state_entropy_change"", ""state_top_probability_change"", ""state_iat_change""]",LOW
2061,CTU44,2011-08-14T09:52:00+00:00,RBot,0.9996247748507784,Murlo,0.9993106941436652,0.0035955282955263,0.0008955715656670734,"[""state_entropy_change"", ""state_top_probability_change"", ""state_iat_change""]",LOW
2062,CTU44,2011-08-14T09:53:00+00:00,RBot,0.98954923314983,Murlo,0.979957442299697,0.0622021733352069,3.125230156925602,"[""state_byte_rate_change"", ""state_ack_rate_change"", ""state_packet_rate_change""]",LOW
2063,CTU44,2011-08-14T09:54:00+00:00,RBot,0.9996266429245376,Murlo,0.999316573337134,0.0035871027676248,3.1251713308860793,"[""state_byte_rate_change"", ""state_ack_rate_change"", ""state_packet_rate_change""]",LOW
2064,CTU44,2011-08-14T09:56:00+00:00,RBot,0.9945706244640238,Murlo,0.98949736221414,0.0356174774827392,0.879140920439199,"[""state_entropy_change"", ""state_top_probability_change"", ""state_directionality_change""]",LOW
2065,CTU44,2011-08-14T09:57:00+00:00,RBot,0.9996313877406128,Murlo,0.9993239793253188,0.0035423126442525,0.8798922504758702,"[""state_entropy_change"", ""state_top_probability_change"", ""state_directionality_change""]",LOW
2066,CTU44,2011-08-14T09:59:00+00:00,RBot,0.9996247748507784,Murlo,0.9993106941436652,0.0035955282955263,0.0005672109084570245,"[""state_entropy_change"", ""state_top_probability_change"", ""state_iat_change""]",LOW
2067,CTU44,2011-08-14T10:01:00+00:00,RBot,0.9996337645597568,Murlo,0.9993287891117248,0.0035232585404922,0.0010250773243776579,"[""state_iat_change"", ""state_entropy_change"", ""state_top_probability_change""]",LOW
2068,CTU44,2011-08-14T10:04:00+00:00,RBot,0.9996360381484688,Murlo,0.9993335920773104,0.0035056314176816,0.0002065313536374962,"[""state_entropy_change"", ""state_top_probability_change"", ""state_iat_change""]",LOW
2069,CTU44,2011-08-14T10:05:00+00:00,RBot,0.984294101986197,Murlo,0.969243815469542,0.0845842364979533,1.4315223427650412,"[""state_top_probability_change"", ""state_entropy_change"", ""state_directionality_change""]",LOW
2070,CTU44,2011-08-14T10:06:00+00:00,RBot,0.9996247748507784,Murlo,0.9993106941436652,0.0035955282955263,1.4317481181312186,"[""state_top_probability_change"", ""state_entropy_change"", ""state_directionality_change""]",LOW
2071,CTU44,2011-08-14T10:07:00+00:00,RBot,0.9946110550283694,Murlo,0.98957967584623,0.0354100111872867,0.877841070105374,"[""state_entropy_change"", ""state_top_probability_change"", ""state_directionality_change""]",LOW
2072,CTU44,2011-08-14T10:08:00+00:00,RBot,0.9996272045123296,Murlo,0.9993156095634944,0.0035760999291675,0.877052344585972,"[""state_entropy_change"", ""state_top_probability_change"", ""state_directionality_change""]",LOW
2073,CTU44,2011-08-14T10:11:00+00:00,RBot,0.9921983250012316,Murlo,0.9850132327405272,0.0486625425999697,12.07449939055791,"[""state_iat_change"", ""state_rst_rate_change"", ""state_port_diversity_change""]",LOW
2074,CTU44,2011-08-14T10:12:00+00:00,RBot,0.9819026371075648,Murlo,0.9645497435531322,0.0947732222634706,12.061683160989693,"[""state_iat_change"", ""state_rst_rate_change"", ""state_port_diversity_change""]",LOW
2075,CTU44,2011-08-14T10:13:00+00:00,RBot,0.9996303738600916,Murlo,0.9993218267157672,0.0035501099159534,1.5052293692959926,"[""state_top_probability_change"", ""state_entropy_change"", ""state_rst_rate_change""]",LOW
2076,CTU44,2011-08-14T10:15:00+00:00,RBot,0.999627124296394,Murlo,0.9993156484588588,0.0035773627046008,0.0013799302858165266,"[""state_iat_change"", ""state_entropy_change"", ""state_top_probability_change""]",LOW
2077,CTU44,2011-08-14T10:17:00+00:00,RBot,0.9996337645597568,Murlo,0.9993287891117248,0.0035232585404922,0.0016806704428442053,"[""state_iat_change"", ""state_entropy_change"", ""state_top_probability_change""]",LOW
2078,CTU44,2011-08-14T10:20:00+00:00,RBot,0.9979592986383252,Murlo,0.9961532737776566,0.0157541060141298,5.353611651865212,"[""state_iat_change"", ""state_directionality_change"", ""state_destination_diversity_change""]",LOW
2079,CTU44,2011-08-14T10:22:00+00:00,RBot,0.999629533115466,Murlo,0.9993205224266908,0.0035580824793792,5.353318578574605,"[""state_iat_change"", ""state_directionality_change"", ""state_destination_diversity_change""]",LOW
2080,CTU44,2011-08-14T10:24:00+00:00,RBot,0.9996313877406128,Murlo,0.9993239793253188,0.0035423126442525,0.000570714002023452,"[""state_iat_change"", ""state_entropy_change"", ""state_top_probability_change""]",LOW
2081,CTU44,2011-08-14T10:25:00+00:00,RBot,0.9609079401916928,Murlo,0.9233041061775388,0.1735305241054506,4.597366734425392,"[""state_top_probability_change"", ""state_entropy_change"", ""state_byte_rate_change""]",LOW
2082,CTU44,2011-08-14T10:27:00+00:00,RBot,0.9995670295218916,Murlo,0.9992001628778092,0.0040725142786177,4.609356868367954,"[""state_top_probability_change"", ""state_entropy_change"", ""state_byte_rate_change""]",LOW
2083,CTU44,2011-08-14T10:29:00+00:00,RBot,0.9996213169792688,Murlo,0.9993065843560472,0.0036320289760572,0.020777213161703056,"[""state_iat_change"", ""state_entropy_change"", ""state_top_probability_change""]",LOW
2084,CTU44,2011-08-14T10:31:00+00:00,RBot,0.9926275607918844,Murlo,0.9859507824294118,0.0468494629466834,24.040375845154244,"[""state_iat_change"", ""state_directionality_change"", ""state_entropy_change""]",LOW
2085,CTU44,2011-08-14T10:34:00+00:00,RBot,0.9996419848236424,Murlo,0.999344747830876,0.0034554212511724,24.041968869387336,"[""state_iat_change"", ""state_directionality_change"", ""state_entropy_change""]",LOW
2086,CTU44,2011-08-14T10:36:00+00:00,RBot,0.9945892940462724,Murlo,0.9898441106636108,0.0367139031535862,0.3202759957647499,"[""state_entropy_change"", ""state_top_probability_change"", ""state_iat_change""]",LOW
2087,CTU44,2011-08-14T10:37:00+00:00,RBot,0.9874647627216092,Murlo,0.9755832018102462,0.070915833287746,1.9038196045603604,"[""state_iat_change"", ""state_directionality_change"", ""state_top_probability_change""]",LOW
2088,CTU44,2011-08-14T10:38:00+00:00,RBot,0.9995973228725508,Murlo,0.9992599698249012,0.0038291098504425,2.2197848610175264,"[""state_iat_change"", ""state_directionality_change"", ""state_top_probability_change""]",LOW
2089,CTU44,2011-08-14T10:40:00+00:00,RBot,0.9996146815212767,Murlo,0.9992936389921214,0.0036866870236761,0.00231307571732433,"[""state_iat_change"", ""state_entropy_change"", ""state_top_probability_change""]",LOW
2090,CTU44,2011-08-14T10:41:00+00:00,RBot,0.985581165693375,Murlo,0.9717804239263076,0.0789714165536769,1.3630819398710325,"[""state_top_probability_change"", ""state_entropy_change"", ""state_directionality_change""]",LOW
2091,CTU44,2011-08-14T10:43:00+00:00,RBot,0.998362290452432,Murlo,0.9969225990368829,0.0130397163629163,28.57966709231243,"[""state_iat_change"", ""state_top_probability_change"", ""state_entropy_change""]",LOW
2092,CTU44,2011-08-14T10:45:00+00:00,RBot,0.9996336817345104,Murlo,0.999328822868182,0.0035245400394195,27.710307228863584,"[""state_iat_change"", ""state_directionality_change"", ""state_destination_diversity_change""]",LOW
2093,CTU44,2011-08-14T10:47:00+00:00,RBot,0.9995815501947743,Murlo,0.9992283756562168,0.0039547027088543,0.004858772765040446,"[""state_entropy_change"", ""state_top_probability_change"", ""state_iat_change""]",LOW
2094,CTU44,2011-08-14T10:50:00+00:00,RBot,0.9945553695089678,Murlo,0.9897820073765512,0.0369139322145749,0.31714333891353047,"[""state_entropy_change"", ""state_top_probability_change"", ""state_iat_change""]",LOW
2095,CTU44,2011-08-14T10:51:00+00:00,RBot,0.985581165693375,Murlo,0.9717804239263076,0.0789714165536769,1.0450531744254017,"[""state_top_probability_change"", ""state_entropy_change"", ""state_directionality_change""]",LOW
2096,CTU44,2011-08-14T10:52:00+00:00,RBot,0.9996337645597568,Murlo,0.9993287891117248,0.0035232585404922,1.3645760944979415,"[""state_top_probability_change"", ""state_entropy_change"", ""state_directionality_change""]",LOW
2097,CTU44,2011-08-14T10:54:00+00:00,RBot,0.9996231374735282,Murlo,0.9993085232254798,0.0036122547063392,0.0013587789431605275,"[""state_iat_change"", ""state_entropy_change"", ""state_top_probability_change""]",LOW
2098,CTU44,2011-08-14T10:55:00+00:00,RBot,0.9946110550283694,Murlo,0.98957967584623,0.0354100111872867,0.8773768330092523,"[""state_entropy_change"", ""state_top_probability_change"", ""state_directionality_change""]",LOW
2099,CTU44,2011-08-14T10:57:00+00:00,RBot,0.9910079601051088,Murlo,0.982725683646674,0.0547282170236448,3.345369291274096,"[""state_ack_rate_change"", ""state_byte_rate_change"", ""state_packet_rate_change""]",LOW
2100,CTU44,2011-08-14T10:59:00+00:00,RBot,0.9996313877406128,Murlo,0.9993239793253188,0.0035423126442525,3.417877831347789,"[""state_byte_rate_change"", ""state_ack_rate_change"", ""state_packet_rate_change""]",LOW
2101,CTU44,2011-08-14T11:01:00+00:00,RBot,0.999568944342621,Murlo,0.9992045592667926,0.00405924668448,0.004867768398642622,"[""state_entropy_change"", ""state_top_probability_change"", ""state_iat_change""]",LOW
2102,CTU44,2011-08-14T11:03:00+00:00,RBot,0.9996336817345104,Murlo,0.999328822868182,0.0035245400394195,0.0046832461000407425,"[""state_entropy_change"", ""state_top_probability_change"", ""state_iat_change""]",LOW
2103,CTU44,2011-08-14T11:06:00+00:00,RBot,0.9996188648162324,Murlo,0.9993016214109848,0.0036516085386115,0.0013793356605473846,"[""state_entropy_change"", ""state_top_probability_change"", ""state_iat_change""]",LOW
2104,CTU44,2011-08-14T11:08:00+00:00,RBot,0.9982867647495623,Murlo,0.9967751259397084,0.0135439629968372,18.845920444406357,"[""state_iat_change"", ""state_directionality_change"", ""state_destination_diversity_change""]",LOW
2105,CTU44,2011-08-14T11:10:00+00:00,RBot,0.999568944342621,Murlo,0.9992045592667926,0.00405924668448,18.842098585968422,"[""state_iat_change"", ""state_directionality_change"", ""state_destination_diversity_change""]",LOW
2106,CTU44,2011-08-14T11:13:00+00:00,RBot,0.9996336817345104,Murlo,0.999328822868182,0.0035245400394195,0.004751659271899646,"[""state_entropy_change"", ""state_top_probability_change"", ""state_iat_change""]",LOW
2107,CTU44,2011-08-14T11:15:00+00:00,RBot,0.9996298142205696,Murlo,0.999323067546416,0.0035621420213618,0.0008147039214551326,"[""state_iat_change"", ""state_entropy_change"", ""state_top_probability_change""]",LOW
2108,CTU44,2011-08-14T11:17:00+00:00,RBot,0.9993477472084412,Murlo,0.9987780598767148,0.0058107701106337,0.01974135357683324,"[""state_entropy_change"", ""state_top_probability_change"", ""state_iat_change""]",LOW
2109,CTU44,2011-08-14T11:20:00+00:00,RBot,0.9980491284765364,Murlo,0.9963294679221936,0.0151725414165419,6.121237691672025,"[""state_iat_change"", ""state_directionality_change"", ""state_destination_diversity_change""]",LOW
2110,CTU44,2011-08-14T11:22:00+00:00,RBot,0.9985565807949404,Murlo,0.9972837612822404,0.011663648960925,6.753830536631779,"[""state_iat_change"", ""state_entropy_change"", ""state_top_probability_change""]",LOW
2111,CTU44,2011-08-14T11:24:00+00:00,RBot,0.9996188648162324,Murlo,0.9993016214109848,0.0036516085386115,12.821754490333056,"[""state_iat_change"", ""state_directionality_change"", ""state_destination_diversity_change""]",LOW
2112,CTU44,2011-08-14T11:26:00+00:00,RBot,0.9996333049131216,Murlo,0.9993270765681938,0.0035248090127001,0.0021867101600042756,"[""state_iat_change"", ""state_entropy_change"", ""state_top_probability_change""]",LOW
2113,CTU44,2011-08-14T11:29:00+00:00,RBot,0.9951858610250596,Murlo,0.9910058472557182,0.0331917497591979,3.7403142722819975,"[""state_iat_change"", ""state_byte_rate_change"", ""state_ack_rate_change""]",LOW
2114,CTU44,2011-08-14T11:31:00+00:00,RBot,0.9996313877406128,Murlo,0.9993239793253188,0.0035423126442525,3.739440571784328,"[""state_iat_change"", ""state_byte_rate_change"", ""state_ack_rate_change""]",LOW
2115,CTU44,2011-08-14T11:32:00+00:00,RBot,0.9945706244640238,Murlo,0.98949736221414,0.0356174774827392,0.8801989302117884,"[""state_entropy_change"", ""state_top_probability_change"", ""state_directionality_change""]",LOW
2116,CTU44,2011-08-14T11:33:00+00:00,RBot,0.9996313877406128,Murlo,0.9993239793253188,0.0035423126442525,0.8798503113666847,"[""state_entropy_change"", ""state_top_probability_change"", ""state_directionality_change""]",LOW
2117,CTU44,2011-08-14T11:36:00+00:00,RBot,0.999627124296394,Murlo,0.9993156484588588,0.0035773627046008,0.0021279024270308773,"[""state_iat_change"", ""state_entropy_change"", ""state_top_probability_change""]",LOW
2118,CTU44,2011-08-14T11:37:00+00:00,RBot,0.9908761266313304,Murlo,0.9823735722247526,0.0551477911489522,2.040386512498722,"[""state_iat_change"", ""state_directionality_change"", ""state_top_probability_change""]",LOW
2119,CTU44,2011-08-14T11:38:00+00:00,RBot,0.9994605419706244,Murlo,0.9989963549846184,0.0049324289931049,2.030140928374135,"[""state_iat_change"", ""state_directionality_change"", ""state_top_probability_change""]",LOW
2120,CTU44,2011-08-14T11:39:00+00:00,RBot,0.9933573511024976,Murlo,0.9871572145504272,0.0422168571796748,2.1147059850681194,"[""state_rst_rate_change"", ""state_syn_rate_change"", ""state_port_diversity_change""]",LOW
2121,CTU44,2011-08-14T11:40:00+00:00,RBot,0.9996313877406128,Murlo,0.9993239793253188,0.0035423126442525,2.1270189220308517,"[""state_rst_rate_change"", ""state_syn_rate_change"", ""state_port_diversity_change""]",LOW
2122,CTU44,2011-08-14T11:42:00+00:00,RBot,0.985581165693375,Murlo,0.9717804239263076,0.0789714165536769,1.3646857166531874,"[""state_top_probability_change"", ""state_entropy_change"", ""state_directionality_change""]",LOW
2123,CTU44,2011-08-14T11:43:00+00:00,RBot,0.9974307576312048,Murlo,0.9951159041372778,0.0190985664330657,29.399757747467547,"[""state_iat_change"", ""state_top_probability_change"", ""state_entropy_change""]",LOW
2124,CTU44,2011-08-14T11:44:00+00:00,RBot,0.9945706244640238,Murlo,0.98949736221414,0.0356174774827392,28.91164442232977,"[""state_iat_change"", ""state_port_diversity_change"", ""state_directionality_change""]",LOW
2125,CTU44,2011-08-14T11:45:00+00:00,RBot,0.9996313877406128,Murlo,0.9993239793253188,0.0035423126442525,0.8801659031633048,"[""state_entropy_change"", ""state_top_probability_change"", ""state_directionality_change""]",LOW
2126,CTU44,2011-08-14T11:47:00+00:00,RBot,0.9996337645597568,Murlo,0.9993287891117248,0.0035232585404922,0.0007842051092689994,"[""state_iat_change"", ""state_entropy_change"", ""state_top_probability_change""]",LOW
2127,CTU44,2011-08-14T11:49:00+00:00,RBot,0.9996337645597568,Murlo,0.9993287891117248,0.0035232585404922,2.9619495862314783e-05,"[""state_iat_change"", ""state_top_probability_change"", ""state_entropy_change""]",LOW
2128,CTU44,2011-08-14T11:52:00+00:00,RBot,0.9996247748507784,Murlo,0.9993106941436652,0.0035955282955263,0.0007204945439184172,"[""state_entropy_change"", ""state_top_probability_change"", ""state_iat_change""]",LOW
2129,CTU44,2011-08-14T11:54:00+00:00,RBot,0.9995319019475573,Murlo,0.9991321666992882,0.0043563694889876,0.006820886266022279,"[""state_entropy_change"", ""state_top_probability_change"", ""state_iat_change""]",LOW
2130,CTU44,2011-08-14T11:56:00+00:00,RBot,0.9983021600169788,Murlo,0.9968053505807666,0.0134418578209437,18.880417160091586,"[""state_iat_change"", ""state_directionality_change"", ""state_destination_diversity_change""]",LOW
2131,CTU44,2011-08-14T11:59:00+00:00,RBot,0.9996336817345104,Murlo,0.999328822868182,0.0035245400394195,18.887238302715577,"[""state_iat_change"", ""state_directionality_change"", ""state_destination_diversity_change""]",LOW
2132,CTU44,2011-08-14T12:01:00+00:00,RBot,0.93777258963215,Murlo,0.8775602134339444,0.2448352855912954,7.459493114451184,"[""state_top_probability_change"", ""state_iat_change"", ""state_entropy_change""]",LOW
2133,CTU44,2011-08-14T12:03:00+00:00,RBot,0.9996213169792688,Murlo,0.9993065843560472,0.0036320289760572,7.459305224014618,"[""state_top_probability_change"", ""state_iat_change"", ""state_entropy_change""]",LOW
2134,CTU44,2011-08-14T12:06:00+00:00,RBot,0.9996337645597568,Murlo,0.9993287891117248,0.0035232585404922,0.0009199239969721569,"[""state_entropy_change"", ""state_top_probability_change"", ""state_iat_change""]",LOW
2135,CTU44,2011-08-14T12:07:00+00:00,RBot,0.9946110550283694,Murlo,0.98957967584623,0.0354100111872867,0.8774829431849298,"[""state_entropy_change"", ""state_top_probability_change"", ""state_directionality_change""]",LOW
2136,CTU44,2011-08-14T12:08:00+00:00,RBot,0.9996313877406128,Murlo,0.9993239793253188,0.0035423126442525,0.8778400060843694,"[""state_entropy_change"", ""state_top_probability_change"", ""state_directionality_change""]",LOW
2137,CTU44,2011-08-14T12:10:00+00:00,RBot,0.999627124296394,Murlo,0.9993156484588588,0.0035773627046008,0.0005391965472021635,"[""state_iat_change"", ""state_entropy_change"", ""state_top_probability_change""]",LOW
2138,CTU44,2011-08-14T12:12:00+00:00,RBot,0.9995842853399473,Murlo,0.9992339058565132,0.0039331453555397,0.003286414661828174,"[""state_entropy_change"", ""state_top_probability_change"", ""state_iat_change""]",LOW
2139,CTU44,2011-08-14T12:15:00+00:00,RBot,0.9996247748507784,Murlo,0.9993106941436652,0.0035955282955263,0.003014367109000986,"[""state_entropy_change"", ""state_top_probability_change"", ""state_iat_change""]",LOW
2140,CTU44,2011-08-14T12:17:00+00:00,RBot,0.9996247748507784,Murlo,0.9993106941436652,0.0035955282955263,9.226604020792202e-05,"[""state_iat_change"", ""state_top_probability_change"", ""state_entropy_change""]",LOW
2141,CTU44,2011-08-14T12:19:00+00:00,RBot,0.9996360381484688,Murlo,0.9993335920773104,0.0035056314176816,0.001060444688652378,"[""state_entropy_change"", ""state_top_probability_change"", ""state_iat_change""]",LOW
2142,CTU44,2011-08-14T12:20:00+00:00,RBot,0.9946110550283694,Murlo,0.98957967584623,0.0354100111872867,0.8776336430994648,"[""state_entropy_change"", ""state_top_probability_change"", ""state_directionality_change""]",LOW
2143,CTU44,2011-08-14T12:22:00+00:00,RBot,0.9996313877406128,Murlo,0.9993239793253188,0.0035423126442525,0.8774882418060769,"[""state_entropy_change"", ""state_top_probability_change"", ""state_directionality_change""]",LOW
2144,CTU44,2011-08-14T12:24:00+00:00,RBot,0.9996313877406128,Murlo,0.9993239793253188,0.0035423126442525,0.00010012962318013777,"[""state_iat_change"", ""state_top_probability_change"", ""state_entropy_change""]",LOW
2145,CTU44,2011-08-14T12:26:00+00:00,RBot,0.9996337645597568,Murlo,0.9993287891117248,0.0035232585404922,0.00038421085541360265,"[""state_iat_change"", ""state_entropy_change"", ""state_top_probability_change""]",LOW
2146,CTU44,2011-08-14T12:27:00+00:00,RBot,0.9973483602205744,Murlo,0.9950116745171568,0.019811651650944,2.3552117636528895,"[""state_iat_change"", ""state_rst_rate_change"", ""state_syn_rate_change""]",LOW
2147,CTU44,2011-08-14T12:28:00+00:00,RBot,0.9960987752692608,Murlo,0.992706864275752,0.0277746572505837,2.33268794257793,"[""state_iat_change"", ""state_rst_rate_change"", ""state_syn_rate_change""]",LOW
2148,CTU44,2011-08-14T12:29:00+00:00,RBot,0.9996212269587862,Murlo,0.999306614649368,0.0036333946037821,4.686807263663016,"[""state_iat_change"", ""state_rst_rate_change"", ""state_syn_rate_change""]",LOW
2149,CTU44,2011-08-14T12:31:00+00:00,RBot,0.998376960893122,Murlo,0.9969513940745356,0.0129416822414443,26.456928195837424,"[""state_iat_change"", ""state_directionality_change"", ""state_destination_diversity_change""]",LOW
2150,CTU44,2011-08-14T12:33:00+00:00,RBot,0.9791128827630232,Murlo,0.9592825403435176,0.1071554665217828,26.80971216149811,"[""state_iat_change"", ""state_ack_rate_change"", ""state_byte_rate_change""]",LOW
2151,CTU44,2011-08-14T12:35:00+00:00,RBot,0.9996313877406128,Murlo,0.9993239793253188,0.0035423126442525,6.557984321837798,"[""state_iat_change"", ""state_byte_rate_change"", ""state_ack_rate_change""]",LOW
2152,CTU44,2011-08-14T12:37:00+00:00,RBot,0.9828665527589922,Murlo,0.9664711226957158,0.0908299891318405,2.460659539092107,"[""state_iat_change"", ""state_directionality_change"", ""state_top_probability_change""]",LOW
2153,CTU44,2011-08-14T12:38:00+00:00,RBot,0.9996313877406128,Murlo,0.9993239793253188,0.0035423126442525,2.460359412341999,"[""state_iat_change"", ""state_directionality_change"", ""state_top_probability_change""]",LOW
2154,CTU44,2011-08-14T12:40:00+00:00,RBot,0.999387471305112,Murlo,0.998871165378114,0.0055592225293099,0.0175232137842613,"[""state_entropy_change"", ""state_top_probability_change"", ""state_iat_change""]",LOW
2155,CTU44,2011-08-14T12:42:00+00:00,RBot,0.9996337645597568,Murlo,0.9993287891117248,0.0035232585404922,0.018083044659386423,"[""state_entropy_change"", ""state_top_probability_change"", ""state_iat_change""]",LOW
2156,CTU44,2011-08-14T12:44:00+00:00,RBot,0.9946110550283694,Murlo,0.98957967584623,0.0354100111872867,0.8775348428325467,"[""state_entropy_change"", ""state_top_probability_change"", ""state_directionality_change""]",LOW
2157,CTU44,2011-08-14T12:45:00+00:00,RBot,0.9996188648162324,Murlo,0.9993016214109848,0.0036516085386115,0.8766467850026451,"[""state_entropy_change"", ""state_top_probability_change"", ""state_directionality_change""]",LOW
2158,CTU44,2011-08-14T12:47:00+00:00,RBot,0.99957264033556,Murlo,0.9992118192302808,0.0040295379817372,0.004279363198914439,"[""state_entropy_change"", ""state_top_probability_change"", ""state_iat_change""]",LOW
2159,CTU44,2011-08-14T12:48:00+00:00,RBot,0.9856915039183776,Murlo,0.9720037203727792,0.0785120884849395,1.3557854617574374,"[""state_top_probability_change"", ""state_entropy_change"", ""state_directionality_change""]",LOW
2160,CTU44,2011-08-14T12:49:00+00:00,RBot,0.9996272045123296,Murlo,0.9993156095634944,0.0035760999291675,1.3584056697705933,"[""state_top_probability_change"", ""state_entropy_change"", ""state_directionality_change""]",LOW
2161,CTU44,2011-08-14T12:52:00+00:00,RBot,0.9996313877406128,Murlo,0.9993239793253188,0.0035423126442525,0.0004369456978352405,"[""state_entropy_change"", ""state_iat_change"", ""state_top_probability_change""]",LOW
2162,CTU44,2011-08-14T12:54:00+00:00,RBot,0.9996231374735282,Murlo,0.9993085232254798,0.0036122547063392,0.0007997344263304661,"[""state_entropy_change"", ""state_top_probability_change"", ""state_iat_change""]",LOW
2163,CTU44,2011-08-14T12:56:00+00:00,RBot,0.998272108524378,Murlo,0.9967469716947268,0.0136433615829837,11.797665507020069,"[""state_iat_change"", ""state_directionality_change"", ""state_destination_diversity_change""]",LOW
2164,CTU44,2011-08-14T12:58:00+00:00,RBot,0.9983722920065546,Murlo,0.996942167314398,0.0129729383049375,6.21566437036054,"[""state_iat_change"", ""state_entropy_change"", ""state_top_probability_change""]",LOW
2165,CTU44,2011-08-14T13:01:00+00:00,RBot,0.9996313877406128,Murlo,0.9993239793253188,0.0035423126442525,5.582702838418137,"[""state_iat_change"", ""state_directionality_change"", ""state_destination_diversity_change""]",LOW
2166,CTU44,2011-08-14T13:03:00+00:00,RBot,0.9996231374735282,Murlo,0.9993085232254798,0.0036122547063392,0.0007480968981459565,"[""state_entropy_change"", ""state_top_probability_change"", ""state_iat_change""]",LOW
2167,CTU44,2011-08-14T13:05:00+00:00,RBot,0.9325341207027285,Murlo,0.8670973212753398,0.2590904660935554,9.480310734661009,"[""state_iat_change"", ""state_top_probability_change"", ""state_entropy_change""]",LOW
2168,CTU44,2011-08-14T13:08:00+00:00,RBot,0.998135309851389,Murlo,0.996497480102064,0.0146076009067629,8.178250746550615,"[""state_iat_change"", ""state_top_probability_change"", ""state_entropy_change""]",LOW
2169,CTU44,2011-08-14T13:09:00+00:00,RBot,0.9856915039183776,Murlo,0.9720037203727792,0.0785120884849395,6.977570888640753,"[""state_iat_change"", ""state_top_probability_change"", ""state_entropy_change""]",LOW
2170,CTU44,2011-08-14T13:10:00+00:00,RBot,0.9996064845397816,Murlo,0.999277565480452,0.0037537968237826,1.3567836650810943,"[""state_top_probability_change"", ""state_entropy_change"", ""state_directionality_change""]",LOW
2171,CTU44,2011-08-14T13:12:00+00:00,RBot,0.9996231709471832,Murlo,0.9993094824995628,0.0036151067037036,0.0012099859075423416,"[""state_entropy_change"", ""state_top_probability_change"", ""state_iat_change""]",LOW
2172,CTU44,2011-08-14T13:14:00+00:00,RBot,0.985581165693375,Murlo,0.9717804239263076,0.0789714165536769,1.3635872144737409,"[""state_top_probability_change"", ""state_entropy_change"", ""state_directionality_change""]",LOW
2173,CTU44,2011-08-14T13:15:00+00:00,RBot,0.9996337645597568,Murlo,0.9993287891117248,0.0035232585404922,1.3644916920407058,"[""state_top_probability_change"", ""state_entropy_change"", ""state_directionality_change""]",LOW
2174,CTU44,2011-08-14T13:17:00+00:00,RBot,0.9996273270760182,Murlo,0.9993170383152848,0.0035788197451747,0.0006515603205625459,"[""state_entropy_change"", ""state_top_probability_change"", ""state_iat_change""]",LOW
2175,CTU44,2011-08-14T13:19:00+00:00,RBot,0.998618757204872,Murlo,0.9974032559745832,0.0112311441771219,18.093004541061468,"[""state_iat_change"", ""state_directionality_change"", ""state_destination_diversity_change""]",LOW
2176,CTU44,2011-08-14T13:20:00+00:00,RBot,0.9945706244640238,Murlo,0.98949736221414,0.0356174774827392,18.505773390187702,"[""state_iat_change"", ""state_destination_diversity_change"", ""state_port_diversity_change""]",LOW
2177,CTU44,2011-08-14T13:21:00+00:00,RBot,0.9996313877406128,Murlo,0.9993239793253188,0.0035423126442525,0.8796812443327812,"[""state_entropy_change"", ""state_top_probability_change"", ""state_directionality_change""]",LOW
2178,CTU44,2011-08-14T13:24:00+00:00,RBot,0.9982264437014,Murlo,0.9966514086416032,0.0139225981147785,2.0415457099686276,"[""state_iat_change"", ""state_directionality_change"", ""state_destination_diversity_change""]",LOW
2179,CTU44,2011-08-14T13:26:00+00:00,RBot,0.9818238221958864,Murlo,0.9645730492514982,0.0957623014685117,6.154898993824323,"[""state_iat_change"", ""state_rst_rate_change"", ""state_syn_rate_change""]",LOW
2180,CTU44,2011-08-14T13:28:00+00:00,RBot,0.9913629688700718,Murlo,0.9834848209646057,0.0532727042422615,1.457965448780487,"[""state_iat_change"", ""state_top_probability_change"", ""state_entropy_change""]",LOW
2181,CTU44,2011-08-14T13:29:00+00:00,RBot,0.985581165693375,Murlo,0.9717804239263076,0.0789714165536769,7.82581696498353,"[""state_iat_change"", ""state_rst_rate_change"", ""state_port_diversity_change""]",LOW
2182,CTU44,2011-08-14T13:31:00+00:00,RBot,0.9996313877406128,Murlo,0.9993239793253188,0.0035423126442525,1.3645549190564157,"[""state_top_probability_change"", ""state_entropy_change"", ""state_directionality_change""]",LOW
2183,CTU44,2011-08-14T13:32:00+00:00,RBot,0.9945706244640238,Murlo,0.98949736221414,0.0356174774827392,0.8797808497170965,"[""state_entropy_change"", ""state_top_probability_change"", ""state_directionality_change""]",LOW
2184,CTU44,2011-08-14T13:33:00+00:00,RBot,0.9996336817345104,Murlo,0.999328822868182,0.0035245400394195,0.8798183425777469,"[""state_entropy_change"", ""state_top_probability_change"", ""state_directionality_change""]",LOW
2185,CTU44,2011-08-14T13:35:00+00:00,RBot,0.9971328432532934,Murlo,0.9945575849219128,0.0210208555618929,2.25408262576047,"[""state_iat_change"", ""state_rst_rate_change"", ""state_port_diversity_change""]",LOW
2186,CTU44,2011-08-14T13:37:00+00:00,RBot,0.922920671571246,Murlo,0.8495905047833904,0.2916482452152025,6.6172814427670374,"[""state_top_probability_change"", ""state_entropy_change"", ""state_byte_rate_change""]",LOW
2187,CTU44,2011-08-14T13:38:00+00:00,RBot,0.999387471305112,Murlo,0.998871165378114,0.0055592225293099,8.165127878204078,"[""state_top_probability_change"", ""state_entropy_change"", ""state_iat_change""]",LOW
2188,CTU44,2011-08-14T13:39:00+00:00,RBot,0.9962639227474808,Murlo,0.9929890210597088,0.0266698069524546,4.477032967726944,"[""state_iat_change"", ""state_rst_rate_change"", ""state_syn_rate_change""]",LOW
2189,CTU44,2011-08-14T13:40:00+00:00,RBot,0.9996316917138138,Murlo,0.9993249431596358,0.0035413335716649,4.494984414870005,"[""state_iat_change"", ""state_rst_rate_change"", ""state_syn_rate_change""]",LOW
2190,CTU44,2011-08-14T13:42:00+00:00,RBot,0.9946668332484654,Murlo,0.9898811997745836,0.035789064835454,8.017802470653683,"[""state_iat_change"", ""state_rst_rate_change"", ""state_port_diversity_change""]",LOW
2191,CTU44,2011-08-14T13:44:00+00:00,RBot,0.998362290452432,Murlo,0.9969225990368829,0.0130397163629163,24.308909693646395,"[""state_iat_change"", ""state_rst_rate_change"", ""state_syn_rate_change""]",LOW
2192,CTU44,2011-08-14T13:45:00+00:00,RBot,0.992196017139623,Murlo,0.9848634212711485,0.0481245229585129,27.11150555619801,"[""state_iat_change"", ""state_rst_rate_change"", ""state_directionality_change""]",LOW
2193,CTU44,2011-08-14T13:47:00+00:00,RBot,0.9996336817345104,Murlo,0.999328822868182,0.0035245400394195,2.3268102271962445,"[""state_iat_change"", ""state_rst_rate_change"", ""state_top_probability_change""]",LOW
2194,CTU44,2011-08-14T13:48:00+00:00,RBot,0.9830897488130772,Murlo,0.966917903503244,0.0899132903194704,1.4469804320362278,"[""state_top_probability_change"", ""state_entropy_change"", ""state_rst_rate_change""]",LOW
2195,CTU44,2011-08-14T13:49:00+00:00,RBot,0.9985291438091972,Murlo,0.9972287249106117,0.0118456405989679,10.50240724827252,"[""state_iat_change"", ""state_top_probability_change"", ""state_entropy_change""]",LOW
2196,CTU44,2011-08-14T13:51:00+00:00,RBot,0.9974970275264696,Murlo,0.9953090394696142,0.0189008813061067,6.095169482575868,"[""state_iat_change"", ""state_directionality_change"", ""state_rst_rate_change""]",LOW
2197,CTU44,2011-08-14T13:52:00+00:00,RBot,0.996447355579028,Murlo,0.993327045319985,0.0255196042147239,1.0675665204106486,"[""state_iat_change"", ""state_rst_rate_change"", ""state_syn_rate_change""]",LOW
2198,CTU44,2011-08-14T13:54:00+00:00,RBot,0.9996320560499542,Murlo,0.9993275779324712,0.0035443062987946,4.289370103707649,"[""state_iat_change"", ""state_rst_rate_change"", ""state_syn_rate_change""]",LOW
2199,CTU44,2011-08-14T13:55:00+00:00,RBot,0.9728634241803988,Murlo,0.9467843896270266,0.1307782058944819,2.0005670279691903,"[""state_top_probability_change"", ""state_entropy_change"", ""state_directionality_change""]",LOW
2200,CTU44,2011-08-14T13:56:00+00:00,RBot,0.9982392662779902,Murlo,0.9966810673490027,0.0138551979790901,14.825961749662973,"[""state_iat_change"", ""state_top_probability_change"", ""state_entropy_change""]",LOW
2201,CTU44,2011-08-14T13:58:00+00:00,RBot,0.9996336817345104,Murlo,0.999328822868182,0.0035245400394195,13.2930604359204,"[""state_iat_change"", ""state_directionality_change"", ""state_destination_diversity_change""]",LOW
2202,CTU44,2011-08-14T14:01:00+00:00,RBot,0.9996064845397816,Murlo,0.999277565480452,0.0037537968237826,0.002189233527055713,"[""state_entropy_change"", ""state_top_probability_change"", ""state_iat_change""]",LOW
2203,CTU44,2011-08-14T14:03:00+00:00,RBot,0.9996171853483156,Murlo,0.99930033817645,0.0036719688820576,0.0007657559957653898,"[""state_entropy_change"", ""state_top_probability_change"", ""state_iat_change""]",LOW
2204,CTU44,2011-08-14T14:05:00+00:00,RBot,0.9996336817345104,Murlo,0.999328822868182,0.0035245400394195,0.0025039338316786004,"[""state_iat_change"", ""state_entropy_change"", ""state_top_probability_change""]",LOW
2205,CTU44,2011-08-14T14:07:00+00:00,RBot,0.9996188648162324,Murlo,0.9993016214109848,0.0036516085386115,0.001964386233683771,"[""state_iat_change"", ""state_entropy_change"", ""state_top_probability_change""]",LOW
2206,CTU44,2011-08-14T14:08:00+00:00,RBot,0.9946110550283694,Murlo,0.98957967584623,0.0354100111872867,0.8765817793834075,"[""state_entropy_change"", ""state_top_probability_change"", ""state_directionality_change""]",LOW
2207,CTU44,2011-08-14T14:09:00+00:00,RBot,0.9501514642342525,Murlo,0.9021190319249436,0.2085555792496773,4.929271866085629,"[""state_top_probability_change"", ""state_entropy_change"", ""state_ack_rate_change""]",LOW
2208,CTU44,2011-08-14T14:10:00+00:00,RBot,0.999568944342621,Murlo,0.9992045592667926,0.00405924668448,5.087773225468685,"[""state_top_probability_change"", ""state_entropy_change"", ""state_byte_rate_change""]",LOW
2209,CTU44,2011-08-14T14:12:00+00:00,RBot,0.9996313877406128,Murlo,0.9993239793253188,0.0035423126442525,0.004867768398641962,"[""state_entropy_change"", ""state_top_probability_change"", ""state_iat_change""]",LOW
2210,CTU44,2011-08-14T14:13:00+00:00,RBot,0.9896595723518667,Murlo,0.9800154368228648,0.0610774589009802,4.464868450983917,"[""state_iat_change"", ""state_rst_rate_change"", ""state_top_probability_change""]",LOW
2211,CTU44,2011-08-14T14:14:00+00:00,RBot,0.9996336817345104,Murlo,0.999328822868182,0.0035245400394195,4.4655504955288565,"[""state_iat_change"", ""state_rst_rate_change"", ""state_top_probability_change""]",LOW
2212,CTU44,2011-08-14T14:17:00+00:00,RBot,0.9996313877406128,Murlo,0.9993239793253188,0.0035423126442525,0.0008862355827879359,"[""state_iat_change"", ""state_entropy_change"", ""state_top_probability_change""]",LOW
2213,CTU44,2011-08-14T14:19:00+00:00,RBot,0.9996336817345104,Murlo,0.999328822868182,0.0035245400394195,0.0007024898606689799,"[""state_iat_change"", ""state_entropy_change"", ""state_top_probability_change""]",LOW
2214,CTU44,2011-08-14T14:20:00+00:00,RBot,0.9696068941583944,Murlo,0.9414655296020236,0.1476099086051254,13.419716908996378,"[""state_iat_change"", ""state_top_probability_change"", ""state_entropy_change""]",LOW
2215,CTU44,2011-08-14T14:21:00+00:00,RBot,0.999627124296394,Murlo,0.9993156484588588,0.0035773627046008,13.416440127315283,"[""state_iat_change"", ""state_top_probability_change"", ""state_entropy_change""]",LOW
2216,CTU44,2011-08-14T14:24:00+00:00,RBot,0.9996313877406128,Murlo,0.9993239793253188,0.0035423126442525,0.0034018028685378014,"[""state_iat_change"", ""state_entropy_change"", ""state_top_probability_change""]",LOW
2217,CTU44,2011-08-14T14:26:00+00:00,RBot,0.999568944342621,Murlo,0.9992045592667926,0.00405924668448,0.0050664549284081175,"[""state_entropy_change"", ""state_top_probability_change"", ""state_iat_change""]",LOW
2218,CTU44,2011-08-14T14:28:00+00:00,RBot,0.9995624208657292,Murlo,0.9991918579275464,0.0041119569814435,0.006705550375602952,"[""state_iat_change"", ""state_entropy_change"", ""state_top_probability_change""]",LOW
2219,CTU44,2011-08-14T14:30:00+00:00,RBot,0.99865656120762,Murlo,0.997478534209588,0.0109756528176342,16.748202938545717,"[""state_iat_change"", ""state_directionality_change"", ""state_destination_diversity_change""]",LOW
2220,CTU44,2011-08-14T14:32:00+00:00,RBot,0.7812154915442607,Murlo,0.5665330576173024,0.5522774126485975,26.221314405794562,"[""state_iat_change"", ""state_top_probability_change"", ""state_entropy_change""]",MEDIUM
2221,CTU44,2011-08-14T14:33:00+00:00,RBot,0.9996333049131216,Murlo,0.9993270765681938,0.0035248090127001,9.923721836587834,"[""state_top_probability_change"", ""state_entropy_change"", ""state_directionality_change""]",LOW
2222,CTU44,2011-08-14T14:35:00+00:00,RBot,0.9982495951261938,Murlo,0.9967084195794202,0.0138115397504215,2.7896727921832034,"[""state_iat_change"", ""state_directionality_change"", ""state_destination_diversity_change""]",LOW
2223,CTU44,2011-08-14T14:37:00+00:00,RBot,0.99305882960662,Murlo,0.9866020720161292,0.0439014417033945,2.935979699705136,"[""state_iat_change"", ""state_directionality_change"", ""state_top_probability_change""]",LOW
2224,CTU44,2011-08-14T14:40:00+00:00,RBot,0.9986443901221748,Murlo,0.9974546881833553,0.0110594228596047,18.355622740845263,"[""state_iat_change"", ""state_directionality_change"", ""state_top_probability_change""]",LOW
2225,CTU44,2011-08-14T14:41:00+00:00,RBot,0.9898688526006464,Murlo,0.9805913895445592,0.0606842019424497,24.443812357110406,"[""state_iat_change"", ""state_ack_rate_change"", ""state_byte_rate_change""]",LOW
2226,CTU44,2011-08-14T14:42:00+00:00,RBot,0.9996337645597568,Murlo,0.9993287891117248,0.0035232585404922,3.108609340304706,"[""state_byte_rate_change"", ""state_ack_rate_change"", ""state_packet_rate_change""]",LOW
2227,CTU44,2011-08-14T14:44:00+00:00,RBot,0.9982232525218482,Murlo,0.99664961699026,0.013960729996582,11.419483220454646,"[""state_iat_change"", ""state_directionality_change"", ""state_destination_diversity_change""]",LOW
2228,CTU44,2011-08-14T14:45:00+00:00,RBot,0.9856915039183776,Murlo,0.9720037203727792,0.0785120884849395,12.265460669216674,"[""state_iat_change"", ""state_top_probability_change"", ""state_entropy_change""]",LOW
2229,CTU44,2011-08-14T14:47:00+00:00,RBot,0.9996313877406128,Murlo,0.9993239793253188,0.0035423126442525,1.3589899265894445,"[""state_top_probability_change"", ""state_entropy_change"", ""state_directionality_change""]",LOW
2230,CTU44,2011-08-14T14:49:00+00:00,RBot,0.9996188775221124,Murlo,0.9993008151202936,0.0036491126985412,0.0012190473238732594,"[""state_entropy_change"", ""state_top_probability_change"", ""state_iat_change""]",LOW
2231,CTU44,2011-08-14T14:51:00+00:00,RBot,0.999568944342621,Murlo,0.9992045592667926,0.00405924668448,0.005043720694048328,"[""state_entropy_change"", ""state_top_probability_change"", ""state_iat_change""]",LOW
2232,CTU44,2011-08-14T14:53:00+00:00,RBot,0.9996419848236424,Murlo,0.999344747830876,0.0034554212511724,0.006751542060561954,"[""state_entropy_change"", ""state_top_probability_change"", ""state_iat_change""]",LOW
2233,CTU44,2011-08-14T14:56:00+00:00,RBot,0.9980592021333,Murlo,0.9963576925917412,0.0151350995302728,4.7418066958452485,"[""state_iat_change"", ""state_directionality_change"", ""state_destination_diversity_change""]",LOW
2234,CTU44,2011-08-14T14:58:00+00:00,RBot,0.9996360381484688,Murlo,0.9993335920773104,0.0035056314176816,4.741300809047904,"[""state_iat_change"", ""state_directionality_change"", ""state_destination_diversity_change""]",LOW
2235,CTU44,2011-08-14T15:00:00+00:00,RBot,0.999627124296394,Murlo,0.9993156484588588,0.0035773627046008,0.0011299387562532612,"[""state_iat_change"", ""state_entropy_change"", ""state_top_probability_change""]",LOW
2236,CTU44,2011-08-14T15:03:00+00:00,RBot,0.9996247748507784,Murlo,0.9993106941436652,0.0035955282955263,0.00045710387210808447,"[""state_iat_change"", ""state_entropy_change"", ""state_top_probability_change""]",LOW
2237,CTU44,2011-08-14T15:05:00+00:00,RBot,0.9996188648162324,Murlo,0.9993016214109848,0.0036516085386115,0.0006834143289637402,"[""state_entropy_change"", ""state_iat_change"", ""state_top_probability_change""]",LOW
2238,CTU44,2011-08-14T15:07:00+00:00,RBot,0.9996254862753527,Murlo,0.9993134813220738,0.0035941095534867,0.0005928066547811712,"[""state_entropy_change"", ""state_top_probability_change"", ""state_iat_change""]",LOW
2239,CTU44,2011-08-14T15:08:00+00:00,RBot,0.9940848695474376,Murlo,0.9885477359825308,0.038253129393043,0.9073822841189862,"[""state_entropy_change"", ""state_top_probability_change"", ""state_directionality_change""]",LOW
2240,CTU44,2011-08-14T15:10:00+00:00,RBot,0.9996247748507784,Murlo,0.9993106941436652,0.0035955282955263,0.9073095913867801,"[""state_entropy_change"", ""state_top_probability_change"", ""state_directionality_change""]",LOW
2241,CTU44,2011-08-14T15:11:00+00:00,RBot,0.9856915039183776,Murlo,0.9720037203727792,0.0785120884849395,1.3586657003948304,"[""state_top_probability_change"", ""state_entropy_change"", ""state_directionality_change""]",LOW
2242,CTU44,2011-08-14T15:12:00+00:00,RBot,0.9996388955470612,Murlo,0.999338438632482,0.0034798673343076,1.3591924538353446,"[""state_top_probability_change"", ""state_entropy_change"", ""state_directionality_change""]",LOW
2243,CTU44,2011-08-14T15:13:00+00:00,RBot,0.9694320397594228,Murlo,0.9401708583831068,0.1440420521280873,4.170099455911063,"[""state_top_probability_change"", ""state_entropy_change"", ""state_byte_rate_change""]",LOW
2244,CTU44,2011-08-14T15:14:00+00:00,RBot,0.9996337645597568,Murlo,0.9993287891117248,0.0035232585404922,4.169813780572594,"[""state_top_probability_change"", ""state_entropy_change"", ""state_byte_rate_change""]",LOW
2245,CTU44,2011-08-14T15:16:00+00:00,RBot,0.9995973228725508,Murlo,0.9992599698249012,0.0038291098504425,0.0028407959969425447,"[""state_entropy_change"", ""state_top_probability_change"", ""state_iat_change""]",LOW
2246,CTU44,2011-08-14T15:19:00+00:00,RBot,0.9996313877406128,Murlo,0.9993239793253188,0.0035423126442525,0.003345170017395059,"[""state_entropy_change"", ""state_top_probability_change"", ""state_iat_change""]",LOW
2247,CTU44,2011-08-14T15:20:00+00:00,RBot,0.9946110550283694,Murlo,0.98957967584623,0.0354100111872867,0.8784512686007465,"[""state_entropy_change"", ""state_top_probability_change"", ""state_directionality_change""]",LOW
2248,CTU44,2011-08-14T15:21:00+00:00,RBot,0.999568944342621,Murlo,0.9992045592667926,0.00405924668448,0.8730513977543132,"[""state_entropy_change"", ""state_top_probability_change"", ""state_directionality_change""]",LOW
2249,CTU44,2011-08-14T15:23:00+00:00,RBot,0.999568944342621,Murlo,0.9992045592667926,0.00405924668448,0.0013632831679573816,"[""state_iat_change"", ""state_top_probability_change"", ""state_entropy_change""]",LOW
2250,CTU44,2011-08-14T15:26:00+00:00,RBot,0.99865656120762,Murlo,0.997478534209588,0.0109756528176342,16.178310638393604,"[""state_iat_change"", ""state_directionality_change"", ""state_destination_diversity_change""]",LOW
2251,CTU44,2011-08-14T15:28:00+00:00,RBot,0.9995842853399473,Murlo,0.9992339058565132,0.0039331453555397,16.18089589268181,"[""state_iat_change"", ""state_directionality_change"", ""state_destination_diversity_change""]",LOW
2252,CTU44,2011-08-14T15:30:00+00:00,RBot,0.9996313877406128,Murlo,0.9993239793253188,0.0035423126442525,0.003387871756908023,"[""state_entropy_change"", ""state_top_probability_change"", ""state_iat_change""]",LOW
2253,CTU44,2011-08-14T15:32:00+00:00,RBot,0.9945706244640238,Murlo,0.98949736221414,0.0356174774827392,0.8796537217923781,"[""state_entropy_change"", ""state_top_probability_change"", ""state_directionality_change""]",LOW
2254,CTU44,2011-08-14T15:33:00+00:00,RBot,0.99960243257645,Murlo,0.9992705251019762,0.0037892660308619,0.8774819554179519,"[""state_entropy_change"", ""state_top_probability_change"", ""state_directionality_change""]",LOW
2255,CTU44,2011-08-14T15:35:00+00:00,RBot,0.9996313877406128,Murlo,0.9993239793253188,0.0035423126442525,0.003050128592430728,"[""state_entropy_change"", ""state_iat_change"", ""state_top_probability_change""]",LOW
2256,CTU44,2011-08-14T15:37:00+00:00,RBot,0.9996212269587862,Murlo,0.999306614649368,0.0036333946037821,0.0011931526623479335,"[""state_entropy_change"", ""state_iat_change"", ""state_top_probability_change""]",LOW
2257,CTU44,2011-08-14T15:39:00+00:00,RBot,0.9996336817345104,Murlo,0.999328822868182,0.0035245400394195,0.002504021725637067,"[""state_iat_change"", ""state_entropy_change"", ""state_top_probability_change""]",LOW
2258,CTU44,2011-08-14T15:42:00+00:00,RBot,0.9904781664741882,Murlo,0.981509215152643,0.0567277949987579,4.2912441719267,"[""state_iat_change"", ""state_directionality_change"", ""state_top_probability_change""]",LOW
2259,CTU44,2011-08-14T15:43:00+00:00,RBot,0.9972907643663436,Murlo,0.9949382139204668,0.0202962841155931,2.854921010508104,"[""state_iat_change"", ""state_directionality_change"", ""state_rst_rate_change""]",LOW
2260,CTU44,2011-08-14T15:44:00+00:00,RBot,0.972140425262195,Murlo,0.9454077284423574,0.1335718575601772,3.819950873678779,"[""state_iat_change"", ""state_top_probability_change"", ""state_entropy_change""]",LOW
2261,CTU44,2011-08-14T15:45:00+00:00,RBot,0.9909053363705596,Murlo,0.9825637556467782,0.0554124132549408,9.102996851930373,"[""state_iat_change"", ""state_top_probability_change"", ""state_byte_rate_change""]",LOW
2262,CTU44,2011-08-14T15:46:00+00:00,RBot,0.9996313877406128,Murlo,0.9993239793253188,0.0035423126442525,3.0520281116133,"[""state_byte_rate_change"", ""state_ack_rate_change"", ""state_packet_rate_change""]",LOW
2263,CTU44,2011-08-14T15:48:00+00:00,RBot,0.9967334897950528,Murlo,0.9938279809456744,0.023622139801176,7.6291452828896835,"[""state_iat_change"", ""state_rst_rate_change"", ""state_syn_rate_change""]",LOW
2264,CTU44,2011-08-14T15:49:00+00:00,RBot,0.9996231374735282,Murlo,0.9993085232254798,0.0036122547063392,7.6284739869852345,"[""state_iat_change"", ""state_rst_rate_change"", ""state_syn_rate_change""]",LOW
2265,CTU44,2011-08-14T15:51:00+00:00,RBot,0.9996188648162324,Murlo,0.9993016214109848,0.0036516085386115,0.0014359356380820836,"[""state_iat_change"", ""state_entropy_change"", ""state_top_probability_change""]",LOW
2266,CTU44,2011-08-14T15:52:00+00:00,RBot,0.9925792157215436,Murlo,0.9857754001222008,0.0467948253881772,11.091235420441043,"[""state_iat_change"", ""state_rst_rate_change"", ""state_syn_rate_change""]",LOW
2267,CTU44,2011-08-14T15:53:00+00:00,RBot,0.9972570821824528,Murlo,0.9947831537128728,0.0201963387761068,9.825891422688564,"[""state_iat_change"", ""state_rst_rate_change"", ""state_syn_rate_change""]",LOW
2268,CTU44,2011-08-14T15:56:00+00:00,RBot,0.9981756684166676,Murlo,0.9965584579508392,0.0142807450343395,6.122675239975418,"[""state_iat_change"", ""state_rst_rate_change"", ""state_directionality_change""]",LOW
2269,CTU44,2011-08-14T15:58:00+00:00,RBot,0.9996188648162324,Murlo,0.9993016214109848,0.0036516085386115,10.821952455671587,"[""state_iat_change"", ""state_directionality_change"", ""state_destination_diversity_change""]",LOW
2270,CTU44,2011-08-14T16:00:00+00:00,RBot,0.999627124296394,Murlo,0.9993156484588588,0.0035773627046008,0.0024398442275219163,"[""state_iat_change"", ""state_entropy_change"", ""state_top_probability_change""]",LOW
2271,CTU44,2011-08-14T16:02:00+00:00,RBot,0.9996313877406128,Murlo,0.9993239793253188,0.0035423126442525,0.0018474346343537382,"[""state_iat_change"", ""state_entropy_change"", ""state_top_probability_change""]",LOW
2272,CTU44,2011-08-14T16:05:00+00:00,RBot,0.9996313877406128,Murlo,0.9993239793253188,0.0035423126442525,0.000767223578660236,"[""state_iat_change"", ""state_top_probability_change"", ""state_entropy_change""]",LOW
2273,CTU44,2011-08-14T16:07:00+00:00,RBot,0.9996313877406128,Murlo,0.9993239793253188,0.0035423126442525,0.0010718063591191485,"[""state_iat_change"", ""state_top_probability_change"", ""state_entropy_change""]",LOW
2274,CTU44,2011-08-14T16:08:00+00:00,RBot,0.9945706244640238,Murlo,0.98949736221414,0.0356174774827392,0.8796448097316762,"[""state_entropy_change"", ""state_top_probability_change"", ""state_directionality_change""]",LOW
2275,CTU44,2011-08-14T16:09:00+00:00,RBot,0.9996296391494612,Murlo,0.9993219238208068,0.0035609369773183,0.8808949249933676,"[""state_entropy_change"", ""state_top_probability_change"", ""state_directionality_change""]",LOW
2276,CTU44,2011-08-14T16:12:00+00:00,RBot,0.9984895939853006,Murlo,0.9971531549157384,0.0121196592561139,10.231293008543938,"[""state_iat_change"", ""state_directionality_change"", ""state_destination_diversity_change""]",LOW
2277,CTU44,2011-08-14T16:14:00+00:00,RBot,0.9996336817345104,Murlo,0.999328822868182,0.0035245400394195,10.232747975606522,"[""state_iat_change"", ""state_directionality_change"", ""state_destination_diversity_change""]",LOW
2278,CTU44,2011-08-14T16:16:00+00:00,RBot,0.9996336817345104,Murlo,0.999328822868182,0.0035245400394195,0.00043092434687974634,"[""state_iat_change"", ""state_top_probability_change"", ""state_entropy_change""]",LOW
2279,CTU44,2011-08-14T16:17:00+00:00,RBot,0.98774812476803,Murlo,0.9763684392096844,0.0704496869520225,3.2220353030868467,"[""state_byte_rate_change"", ""state_ack_rate_change"", ""state_packet_rate_change""]",LOW
2280,CTU44,2011-08-14T16:19:00+00:00,RBot,0.9972376467317988,Murlo,0.9947430715753972,0.0203085253303973,17.327326880452443,"[""state_iat_change"", ""state_byte_rate_change"", ""state_ack_rate_change""]",LOW
2281,CTU44,2011-08-14T16:20:00+00:00,RBot,0.9945706244640238,Murlo,0.98949736221414,0.0356174774827392,16.013063365236132,"[""state_iat_change"", ""state_rst_rate_change"", ""state_port_diversity_change""]",LOW
2282,CTU44,2011-08-14T16:21:00+00:00,RBot,0.9996336817345104,Murlo,0.999328822868182,0.0035245400394195,0.8802649940905716,"[""state_entropy_change"", ""state_top_probability_change"", ""state_directionality_change""]",LOW
2283,CTU44,2011-08-14T16:23:00+00:00,RBot,0.9996247748507784,Murlo,0.9993106941436652,0.0035955282955263,0.0014426995945156118,"[""state_iat_change"", ""state_entropy_change"", ""state_top_probability_change""]",LOW
2284,CTU44,2011-08-14T16:25:00+00:00,RBot,0.9996188648162324,Murlo,0.9993016214109848,0.0036516085386115,0.0012031971634301278,"[""state_iat_change"", ""state_entropy_change"", ""state_top_probability_change""]",LOW
2285,CTU44,2011-08-14T16:26:00+00:00,RBot,0.9833652033198028,Murlo,0.967420046099484,0.0885568056242395,1.4311542497145737,"[""state_top_probability_change"", ""state_entropy_change"", ""state_rst_rate_change""]",LOW
2286,CTU44,2011-08-14T16:27:00+00:00,RBot,0.985581165693375,Murlo,0.9717804239263076,0.0789714165536769,0.8309375090895861,"[""state_directionality_change"", ""state_rst_rate_change"", ""state_syn_rate_change""]",LOW
2287,CTU44,2011-08-14T16:28:00+00:00,RBot,0.9994558084997932,Murlo,0.9989870370449856,0.0049692387931187,1.3523901371433984,"[""state_top_probability_change"", ""state_entropy_change"", ""state_directionality_change""]",LOW
2288,CTU44,2011-08-14T16:30:00+00:00,RBot,0.9996247748507784,Murlo,0.9993106941436652,0.0035955282955263,0.011982624450765011,"[""state_entropy_change"", ""state_top_probability_change"", ""state_iat_change""]",LOW
2289,CTU44,2011-08-14T16:31:00+00:00,RBot,0.994953080933312,Murlo,0.9904028568811224,0.0340566362918228,5.415381389168463,"[""state_iat_change"", ""state_rst_rate_change"", ""state_syn_rate_change""]",LOW
2290,CTU44,2011-08-14T16:32:00+00:00,RBot,0.998376960893122,Murlo,0.9969513940745356,0.0129416822414443,17.44422830344676,"[""state_iat_change"", ""state_rst_rate_change"", ""state_syn_rate_change""]",LOW
2291,CTU44,2011-08-14T16:35:00+00:00,RBot,0.9996188648162324,Murlo,0.9993016214109848,0.0036516085386115,20.480224733202864,"[""state_iat_change"", ""state_directionality_change"", ""state_destination_diversity_change""]",LOW
2292,CTU44,2011-08-14T16:37:00+00:00,RBot,0.976893923440886,Murlo,0.9553109722633208,0.1176597973369072,9.44994516289235,"[""state_iat_change"", ""state_rst_rate_change"", ""state_top_probability_change""]",LOW
2293,CTU44,2011-08-14T16:38:00+00:00,RBot,0.9968783210837514,Murlo,0.9941003094061204,0.0227114365147275,4.729067576880301,"[""state_iat_change"", ""state_top_probability_change"", ""state_port_diversity_change""]",LOW
2294,CTU44,2011-08-14T16:39:00+00:00,RBot,0.9833081918525844,Murlo,0.9682395690844068,0.0924074866473199,7.3216192707169325,"[""state_iat_change"", ""state_rst_rate_change"", ""state_port_diversity_change""]",LOW
2295,CTU44,2011-08-14T16:41:00+00:00,RBot,0.994134914650314,Murlo,0.9888569297618576,0.0387238075650686,5.428915630315845,"[""state_iat_change"", ""state_rst_rate_change"", ""state_port_diversity_change""]",LOW
2296,CTU44,2011-08-14T16:42:00+00:00,RBot,0.9832681683456628,Murlo,0.9676817342952408,0.090875033897628,6.155304722486367,"[""state_iat_change"", ""state_top_probability_change"", ""state_entropy_change""]",LOW
2297,CTU44,2011-08-14T16:43:00+00:00,RBot,0.928594768030118,Murlo,0.8640895276749311,0.2906290824314381,11.779891302139871,"[""state_iat_change"", ""state_top_probability_change"", ""state_entropy_change""]",LOW
2298,CTU44,2011-08-14T16:44:00+00:00,RBot,0.9529738926546892,Murlo,0.908409882446771,0.2027756669093618,7.383061640108948,"[""state_iat_change"", ""state_rst_rate_change"", ""state_port_diversity_change""]",LOW
2299,CTU44,2011-08-14T16:46:00+00:00,RBot,0.9996360381484688,Murlo,0.9993335920773104,0.0035056314176816,8.39622223602931,"[""state_iat_change"", ""state_top_probability_change"", ""state_rst_rate_change""]",LOW
2300,CTU44,2011-08-14T16:48:00+00:00,RBot,0.9995956154766816,Murlo,0.9992586837885532,0.0038498420591826,0.003179867737840021,"[""state_entropy_change"", ""state_top_probability_change"", ""state_iat_change""]",LOW
2301,CTU44,2011-08-14T16:49:00+00:00,Murlo,0.5572560564003743,RBot,0.1277928364591724,0.7634745803100152,22.848207750335956,"[""state_top_probability_change"", ""state_entropy_change"", ""state_iat_change""]",MEDIUM
2302,CTU44,2011-08-14T16:50:00+00:00,RBot,0.9832370054519152,Murlo,0.9671605573413168,0.0890705765528261,21.94469040481033,"[""state_top_probability_change"", ""state_entropy_change"", ""state_iat_change""]",LOW
2303,CTU44,2011-08-14T16:51:00+00:00,RBot,0.9996313877406128,Murlo,0.9993239793253188,0.0035423126442525,1.4383428756159677,"[""state_top_probability_change"", ""state_entropy_change"", ""state_rst_rate_change""]",LOW
2304,CTU44,2011-08-14T16:52:00+00:00,RBot,0.992790788420774,Murlo,0.9861420955112592,0.0455059460259653,4.284043881988333,"[""state_iat_change"", ""state_rst_rate_change"", ""state_top_probability_change""]",LOW
2305,CTU44,2011-08-14T16:53:00+00:00,RBot,0.99775956195669,Murlo,0.9957717433614868,0.0170720677732552,8.727921633392524,"[""state_iat_change"", ""state_rst_rate_change"", ""state_top_probability_change""]",LOW
2306,CTU44,2011-08-14T16:54:00+00:00,RBot,0.994957628804986,Murlo,0.990445499445718,0.0341534165232609,9.031215984388508,"[""state_iat_change"", ""state_rst_rate_change"", ""state_syn_rate_change""]",LOW
2307,CTU44,2011-08-14T16:55:00+00:00,RBot,0.9995842853399473,Murlo,0.9992339058565132,0.0039331453555397,5.177540375690573,"[""state_iat_change"", ""state_rst_rate_change"", ""state_syn_rate_change""]",LOW
2308,CTU44,2011-08-14T16:56:00+00:00,RBot,0.9945706244640238,Murlo,0.98949736221414,0.0356174774827392,0.8762579864524982,"[""state_entropy_change"", ""state_top_probability_change"", ""state_directionality_change""]",LOW
2309,CTU44,2011-08-14T16:58:00+00:00,RBot,0.9984171437084058,Murlo,0.9970322625725604,0.0126795480052784,4.841874821483712,"[""state_iat_change"", ""state_destination_diversity_change"", ""state_port_diversity_change""]",LOW
2310,CTU44,2011-08-14T17:00:00+00:00,RBot,0.996362186570966,Murlo,0.9930355536805092,0.025582415882575,3.994774832583731,"[""state_iat_change"", ""state_rst_rate_change"", ""state_directionality_change""]",LOW
2311,CTU44,2011-08-14T17:02:00+00:00,RBot,0.9812702667568876,Murlo,0.963915287429916,0.0998932925098648,7.629325170232183,"[""state_iat_change"", ""state_rst_rate_change"", ""state_port_diversity_change""]",LOW
2312,CTU44,2011-08-14T17:03:00+00:00,RBot,0.9973618324686268,Murlo,0.9950740457194188,0.0198443595786515,5.736852741075425,"[""state_iat_change"", ""state_rst_rate_change"", ""state_port_diversity_change""]",LOW
2313,CTU44,2011-08-14T17:05:00+00:00,RBot,0.9995815501947743,Murlo,0.9992283756562168,0.0039547027088543,4.337344343463045,"[""state_iat_change"", ""state_rst_rate_change"", ""state_syn_rate_change""]",LOW
2314,CTU44,2011-08-14T17:07:00+00:00,RBot,0.9996188648162324,Murlo,0.9993016214109848,0.0036516085386115,0.0026689638194860085,"[""state_entropy_change"", ""state_top_probability_change"", ""state_iat_change""]",LOW
2315,CTU44,2011-08-14T17:08:00+00:00,RBot,0.9694299947391576,Murlo,0.9402556456229842,0.1445458571597924,3.0441114973283585,"[""state_top_probability_change"", ""state_entropy_change"", ""state_iat_change""]",LOW
2316,CTU44,2011-08-14T17:09:00+00:00,RBot,0.999571766888378,Murlo,0.9992102655572536,0.004037087356283,3.0420101947306137,"[""state_top_probability_change"", ""state_entropy_change"", ""state_iat_change""]",LOW
2317,CTU44,2011-08-14T17:11:00+00:00,RBot,0.9996188648162324,Murlo,0.9993016214109848,0.0036516085386115,0.00492039709329936,"[""state_entropy_change"", ""state_iat_change"", ""state_top_probability_change""]",LOW
2318,CTU44,2011-08-14T17:14:00+00:00,RBot,0.9996188648162324,Murlo,0.9993016214109848,0.0036516085386115,0.0014026010828187612,"[""state_iat_change"", ""state_top_probability_change"", ""state_entropy_change""]",LOW
2319,CTU44,2011-08-14T17:16:00+00:00,RBot,0.9996247748507784,Murlo,0.9993106941436652,0.0035955282955263,0.0005127745784661227,"[""state_entropy_change"", ""state_top_probability_change"", ""state_iat_change""]",LOW
2320,CTU44,2011-08-14T17:18:00+00:00,RBot,0.999627124296394,Murlo,0.9993156484588588,0.0035773627046008,0.0005129353112111142,"[""state_iat_change"", ""state_entropy_change"", ""state_top_probability_change""]",LOW
2321,CTU44,2011-08-14T17:20:00+00:00,RBot,0.9946110550283694,Murlo,0.98957967584623,0.0354100111872867,0.8775671228804943,"[""state_entropy_change"", ""state_top_probability_change"", ""state_directionality_change""]",LOW
2322,CTU44,2011-08-14T17:21:00+00:00,RBot,0.995959279314332,Murlo,0.99242657934481,0.0284841727166883,3.0646598950710753,"[""state_ack_rate_change"", ""state_byte_rate_change"", ""state_packet_rate_change""]",LOW
2323,CTU44,2011-08-14T17:22:00+00:00,RBot,0.9982245714766482,Murlo,0.9966834276195704,0.0140639757733499,3.9563616782241837,"[""state_iat_change"", ""state_ack_rate_change"", ""state_byte_rate_change""]",LOW
2324,CTU44,2011-08-14T17:23:00+00:00,RBot,0.9934694500066658,Murlo,0.9875277464781004,0.0421903819605492,4.8748680542535014,"[""state_iat_change"", ""state_rst_rate_change"", ""state_port_diversity_change""]",LOW
2325,CTU44,2011-08-14T17:24:00+00:00,RBot,0.9953471097002136,Murlo,0.9911739969133448,0.0318582336126018,1.9200976108059693,"[""state_iat_change"", ""state_rst_rate_change"", ""state_port_diversity_change""]",LOW
2326,CTU44,2011-08-14T17:25:00+00:00,RBot,0.9996313877406128,Murlo,0.9993239793253188,0.0035423126442525,5.613780984279473,"[""state_iat_change"", ""state_rst_rate_change"", ""state_syn_rate_change""]",LOW
2327,CTU44,2011-08-14T17:28:00+00:00,RBot,0.9996336817345104,Murlo,0.999328822868182,0.0035245400394195,0.0002243840159559809,"[""state_entropy_change"", ""state_top_probability_change"", ""state_iat_change""]",LOW
2328,CTU44,2011-08-14T17:30:00+00:00,RBot,0.9995673688556116,Murlo,0.9992019003403004,0.0040732541211733,0.020493426720497424,"[""state_iat_change"", ""state_entropy_change"", ""state_top_probability_change""]",LOW
2329,CTU44,2011-08-14T17:32:00+00:00,RBot,0.997705519453518,Murlo,0.9956242496624852,0.0172535491637427,0.6112442462048805,"[""state_directionality_change"", ""state_iat_change"", ""state_destination_diversity_change""]",LOW
2330,CTU44,2011-08-14T17:34:00+00:00,RBot,0.9996336817345104,Murlo,0.999328822868182,0.0035245400394195,0.6319122444673625,"[""state_directionality_change"", ""state_iat_change"", ""state_destination_diversity_change""]",LOW
2331,CTU44,2011-08-14T17:37:00+00:00,RBot,0.99961978720809,Murlo,0.9993028258625196,0.0036422371315835,0.002047066195868041,"[""state_iat_change"", ""state_entropy_change"", ""state_top_probability_change""]",LOW
2332,CTU44,2011-08-14T17:39:00+00:00,RBot,0.9996273270760182,Murlo,0.9993170383152848,0.0035788197451747,0.0013438023328097915,"[""state_iat_change"", ""state_entropy_change"", ""state_top_probability_change""]",LOW
2333,CTU44,2011-08-14T17:41:00+00:00,RBot,0.9996313877406128,Murlo,0.9993239793253188,0.0035423126442525,0.0008316926031245067,"[""state_iat_change"", ""state_entropy_change"", ""state_top_probability_change""]",LOW
2334,CTU44,2011-08-14T17:42:00+00:00,RBot,0.9778324518015656,Murlo,0.9565077636408718,0.1112241591246275,2.7136117141059084,"[""state_top_probability_change"", ""state_iat_change"", ""state_directionality_change""]",LOW
2335,CTU44,2011-08-14T17:44:00+00:00,RBot,0.9978372247621708,Murlo,0.9959359823159823,0.016613207804434,3.868651123825701,"[""state_iat_change"", ""state_top_probability_change"", ""state_entropy_change""]",LOW
2336,CTU44,2011-08-14T17:46:00+00:00,RBot,0.9996212269587862,Murlo,0.999306614649368,0.0036333946037821,3.019233503890005,"[""state_iat_change"", ""state_directionality_change"", ""state_destination_diversity_change""]",LOW
2337,CTU44,2011-08-14T17:48:00+00:00,RBot,0.9996313877406128,Murlo,0.9993239793253188,0.0035423126442525,0.0008193703517329113,"[""state_entropy_change"", ""state_top_probability_change"", ""state_iat_change""]",LOW
2338,CTU44,2011-08-14T17:49:00+00:00,RBot,0.996957469945554,Murlo,0.9942536448392432,0.02222814304135,10.235271139601492,"[""state_iat_change"", ""state_rst_rate_change"", ""state_syn_rate_change""]",LOW
2339,CTU44,2011-08-14T17:51:00+00:00,RBot,0.9996336817345104,Murlo,0.999328822868182,0.0035245400394195,10.234419523347407,"[""state_iat_change"", ""state_rst_rate_change"", ""state_syn_rate_change""]",LOW
2340,CTU44,2011-08-14T17:52:00+00:00,RBot,0.9951347658630144,Murlo,0.9907517722699656,0.0330392248522404,5.693025540170987,"[""state_iat_change"", ""state_rst_rate_change"", ""state_syn_rate_change""]",LOW
2341,CTU44,2011-08-14T17:53:00+00:00,RBot,0.9953938787319738,Murlo,0.9913285582786078,0.0317463212667059,5.572621189846675,"[""state_iat_change"", ""state_rst_rate_change"", ""state_byte_rate_change""]",LOW
2342,CTU44,2011-08-14T17:55:00+00:00,RBot,0.9996272045123296,Murlo,0.9993156095634944,0.0035760999291675,4.030512475946739,"[""state_iat_change"", ""state_byte_rate_change"", ""state_ack_rate_change""]",LOW
2343,CTU44,2011-08-14T17:56:00+00:00,RBot,0.8449012714840555,Murlo,0.692948404322451,0.4514459305277395,13.641314764884406,"[""state_iat_change"", ""state_top_probability_change"", ""state_entropy_change""]",LOW
2344,CTU44,2011-08-14T17:57:00+00:00,RBot,0.9995418706363528,Murlo,0.9991519843290332,0.0042778540203007,13.63518378843819,"[""state_iat_change"", ""state_top_probability_change"", ""state_entropy_change""]",LOW
2345,CTU44,2011-08-14T18:00:00+00:00,RBot,0.9996313877406128,Murlo,0.9993239793253188,0.0035423126442525,0.006608288536640197,"[""state_entropy_change"", ""state_top_probability_change"", ""state_iat_change""]",LOW
2346,CTU44,2011-08-14T18:02:00+00:00,RBot,0.9996247748507784,Murlo,0.9993106941436652,0.0035955282955263,0.0006345756025859658,"[""state_entropy_change"", ""state_top_probability_change"", ""state_iat_change""]",LOW
2347,CTU44,2011-08-14T18:04:00+00:00,RBot,0.9951933019272337,Murlo,0.9908403879781345,0.0326032330738942,3.5989085872573763,"[""state_iat_change"", ""state_rst_rate_change"", ""state_port_diversity_change""]",LOW
2348,CTU44,2011-08-14T18:07:00+00:00,RBot,0.9996336817345104,Murlo,0.999328822868182,0.0035245400394195,3.5988320426216514,"[""state_iat_change"", ""state_rst_rate_change"", ""state_port_diversity_change""]",LOW
2349,CTU44,2011-08-14T18:08:00+00:00,RBot,0.9945706244640238,Murlo,0.98949736221414,0.0356174774827392,0.8806377279234568,"[""state_entropy_change"", ""state_top_probability_change"", ""state_directionality_change""]",LOW
2350,CTU44,2011-08-14T18:09:00+00:00,RBot,0.9983879960848364,Murlo,0.9969743503927184,0.0128727631092713,5.566350212589726,"[""state_iat_change"", ""state_destination_diversity_change"", ""state_port_diversity_change""]",LOW
2351,CTU44,2011-08-14T18:11:00+00:00,RBot,0.9996313877406128,Murlo,0.9993239793253188,0.0035423126442525,5.183644228776583,"[""state_iat_change"", ""state_directionality_change"", ""state_destination_diversity_change""]",LOW
2352,CTU44,2011-08-14T18:14:00+00:00,RBot,0.9996313877406128,Murlo,0.9993239793253188,0.0035423126442525,0.0005829536176767958,"[""state_iat_change"", ""state_top_probability_change"", ""state_entropy_change""]",LOW
2353,CTU44,2011-08-14T18:16:00+00:00,RBot,0.9996313877406128,Murlo,0.9993239793253188,0.0035423126442525,0.0028159490623665393,"[""state_iat_change"", ""state_top_probability_change"", ""state_entropy_change""]",LOW
2354,CTU44,2011-08-14T18:18:00+00:00,RBot,0.9996313877406128,Murlo,0.9993239793253188,0.0035423126442525,0.0026872484210540433,"[""state_iat_change"", ""state_top_probability_change"", ""state_entropy_change""]",LOW
2355,CTU44,2011-08-14T18:20:00+00:00,RBot,0.9983879347508549,Murlo,0.9969741788411772,0.0128725840515978,17.787140745560507,"[""state_iat_change"", ""state_directionality_change"", ""state_destination_diversity_change""]",LOW
2356,CTU44,2011-08-14T18:23:00+00:00,RBot,0.9995973228725508,Murlo,0.9992599698249012,0.0038291098504425,17.784278137418177,"[""state_iat_change"", ""state_directionality_change"", ""state_destination_diversity_change""]",LOW
2357,CTU44,2011-08-14T18:24:00+00:00,RBot,0.9856915039183776,Murlo,0.9720037203727792,0.0785120884849395,1.3568751451877734,"[""state_top_probability_change"", ""state_entropy_change"", ""state_directionality_change""]",LOW
2358,CTU44,2011-08-14T18:25:00+00:00,RBot,0.9956458964106708,Murlo,0.9917952980861032,0.0302525461502348,5.557769078807481,"[""state_iat_change"", ""state_ack_rate_change"", ""state_byte_rate_change""]",LOW
2359,CTU44,2011-08-14T18:26:00+00:00,RBot,0.9309786695113628,Murlo,0.8672887970406529,0.2782884127005708,58.880017005591604,"[""state_iat_change"", ""state_top_probability_change"", ""state_entropy_change""]",LOW
2360,CTU44,2011-08-14T18:27:00+00:00,RBot,0.9985684476851184,Murlo,0.9973790836418386,0.0118305767574348,51.31886566072169,"[""state_iat_change"", ""state_top_probability_change"", ""state_entropy_change""]",LOW
2361,CTU44,2011-08-14T18:29:00+00:00,RBot,0.805422730492105,Murlo,0.6159044687089982,0.5235021940860506,16.530155782718065,"[""state_iat_change"", ""state_top_probability_change"", ""state_entropy_change""]",MEDIUM
2362,CTU44,2011-08-14T18:30:00+00:00,RBot,0.9996313877406128,Murlo,0.9993239793253188,0.0035423126442525,8.985166405873981,"[""state_top_probability_change"", ""state_entropy_change"", ""state_iat_change""]",LOW
2363,CTU44,2011-08-14T18:32:00+00:00,RBot,0.9982045099818764,Murlo,0.996616427867364,0.0140960458572597,9.332356087444891,"[""state_iat_change"", ""state_directionality_change"", ""state_destination_diversity_change""]",LOW
2364,CTU44,2011-08-14T18:34:00+00:00,RBot,0.9995842853399473,Murlo,0.9992339058565132,0.0039331453555397,9.329227451806632,"[""state_iat_change"", ""state_directionality_change"", ""state_destination_diversity_change""]",LOW
2365,CTU44,2011-08-14T18:37:00+00:00,RBot,0.9996188648162324,Murlo,0.9993016214109848,0.0036516085386115,0.002908139770201207,"[""state_entropy_change"", ""state_top_probability_change"", ""state_iat_change""]",LOW
2366,CTU44,2011-08-14T18:39:00+00:00,RBot,0.9996231374735282,Murlo,0.9993085232254798,0.0036122547063392,0.0006760514035292435,"[""state_iat_change"", ""state_entropy_change"", ""state_top_probability_change""]",LOW
2367,CTU44,2011-08-14T18:41:00+00:00,RBot,0.9996273270760182,Murlo,0.9993170383152848,0.0035788197451747,0.0010851948441318428,"[""state_iat_change"", ""state_entropy_change"", ""state_top_probability_change""]",LOW
2368,CTU44,2011-08-14T18:43:00+00:00,RBot,0.999627124296394,Murlo,0.9993156484588588,0.0035773627046008,0.00036984604362424236,"[""state_iat_change"", ""state_entropy_change"", ""state_top_probability_change""]",LOW
2369,CTU44,2011-08-14T18:44:00+00:00,RBot,0.9946110550283694,Murlo,0.98957967584623,0.0354100111872867,0.8790436416432524,"[""state_entropy_change"", ""state_top_probability_change"", ""state_directionality_change""]",LOW
2370,CTU44,2011-08-14T18:46:00+00:00,RBot,0.9996273270760182,Murlo,0.9993170383152848,0.0035788197451747,0.877245007328709,"[""state_entropy_change"", ""state_top_probability_change"", ""state_directionality_change""]",LOW
2371,CTU44,2011-08-14T18:47:00+00:00,RBot,0.9907367260990764,Murlo,0.9820829622292442,0.0557619118509071,2.0495294981761045,"[""state_iat_change"", ""state_directionality_change"", ""state_top_probability_change""]",LOW
2372,CTU44,2011-08-14T18:48:00+00:00,RBot,0.9996247748507784,Murlo,0.9993106941436652,0.0035955282955263,2.049445361025669,"[""state_iat_change"", ""state_directionality_change"", ""state_top_probability_change""]",LOW
2373,CTU44,2011-08-14T18:49:00+00:00,RBot,0.9967334897950528,Murlo,0.9938279809456744,0.023622139801176,9.270971015666024,"[""state_iat_change"", ""state_rst_rate_change"", ""state_syn_rate_change""]",LOW
2374,CTU44,2011-08-14T18:50:00+00:00,RBot,0.9996360381484688,Murlo,0.9993335920773104,0.0035056314176816,9.271885197711391,"[""state_iat_change"", ""state_rst_rate_change"", ""state_syn_rate_change""]",LOW
2375,CTU44,2011-08-14T18:53:00+00:00,RBot,0.9996272045123296,Murlo,0.9993156095634944,0.0035760999291675,0.0006421102218133369,"[""state_entropy_change"", ""state_top_probability_change"", ""state_iat_change""]",LOW
2376,CTU44,2011-08-14T18:54:00+00:00,RBot,0.8991702451627388,Murlo,0.8011304374011461,0.344094271878757,5.113851851319555,"[""state_top_probability_change"", ""state_entropy_change"", ""state_iat_change""]",LOW
2377,CTU44,2011-08-14T18:55:00+00:00,RBot,0.9981241641480068,Murlo,0.9964462026673632,0.0145746086327371,6.429326532597563,"[""state_top_probability_change"", ""state_entropy_change"", ""state_iat_change""]",LOW
2378,CTU44,2011-08-14T18:56:00+00:00,RBot,0.9945706244640238,Murlo,0.98949736221414,0.0356174774827392,1.9842431208126354,"[""state_iat_change"", ""state_destination_diversity_change"", ""state_port_diversity_change""]",LOW
2379,CTU44,2011-08-14T18:57:00+00:00,RBot,0.986381950349539,Murlo,0.9742264021591084,0.0785449019246209,7.977007093087888,"[""state_iat_change"", ""state_ack_rate_change"", ""state_byte_rate_change""]",LOW
2380,CTU44,2011-08-14T19:00:00+00:00,RBot,0.999572030701012,Murlo,0.9992099545353652,0.0040322578599318,7.956184092818167,"[""state_iat_change"", ""state_ack_rate_change"", ""state_byte_rate_change""]",LOW
2381,CTU44,2011-08-14T19:02:00+00:00,RBot,0.9996247748507784,Murlo,0.9993106941436652,0.0035955282955263,0.011831881139445957,"[""state_iat_change"", ""state_entropy_change"", ""state_top_probability_change""]",LOW
2382,CTU44,2011-08-14T19:03:00+00:00,RBot,0.9904649164850812,Murlo,0.9815814499130358,0.0571464002053541,4.075221844891947,"[""state_iat_change"", ""state_rst_rate_change"", ""state_top_probability_change""]",LOW
2383,CTU44,2011-08-14T19:04:00+00:00,RBot,0.9995973228725508,Murlo,0.9992599698249012,0.0038291098504425,4.073348722063681,"[""state_iat_change"", ""state_rst_rate_change"", ""state_top_probability_change""]",LOW
2384,CTU44,2011-08-14T19:05:00+00:00,RBot,0.96609945776315,Murlo,0.9336930834944944,0.1562704535935242,10.444041029392837,"[""state_iat_change"", ""state_top_probability_change"", ""state_entropy_change""]",LOW
2385,CTU44,2011-08-14T19:06:00+00:00,RBot,0.999366665159596,Murlo,0.9988324698306646,0.0057257536950391,10.428277216653743,"[""state_iat_change"", ""state_top_probability_change"", ""state_entropy_change""]",LOW
2386,CTU44,2011-08-14T19:07:00+00:00,RBot,0.9820420588257184,Murlo,0.9648258401597236,0.0941971699108214,1.4792475297960974,"[""state_top_probability_change"", ""state_entropy_change"", ""state_rst_rate_change""]",LOW
2387,CTU44,2011-08-14T19:08:00+00:00,RBot,0.9940848695474376,Murlo,0.9885477359825308,0.038253129393043,1.3616240237132944,"[""state_top_probability_change"", ""state_entropy_change"", ""state_directionality_change""]",LOW
2388,CTU44,2011-08-14T19:09:00+00:00,RBot,0.9970886844987168,Murlo,0.9944541778970653,0.0212317495521913,21.707680073866452,"[""state_iat_change"", ""state_port_diversity_change"", ""state_directionality_change""]",LOW
2389,CTU44,2011-08-14T19:10:00+00:00,RBot,0.984294101986197,Murlo,0.969243815469542,0.0845842364979533,22.23487778610543,"[""state_iat_change"", ""state_top_probability_change"", ""state_entropy_change""]",LOW
2390,CTU44,2011-08-14T19:11:00+00:00,RBot,0.9996247748507784,Murlo,0.9993106941436652,0.0035955282955263,1.4309919035687197,"[""state_top_probability_change"", ""state_entropy_change"", ""state_directionality_change""]",LOW
2391,CTU44,2011-08-14T19:13:00+00:00,RBot,0.999627124296394,Murlo,0.9993156484588588,0.0035773627046008,0.00017322852680935164,"[""state_entropy_change"", ""state_top_probability_change"", ""state_iat_change""]",LOW
2392,CTU44,2011-08-14T19:16:00+00:00,RBot,0.9996313877406128,Murlo,0.9993239793253188,0.0035423126442525,0.00043146546048190593,"[""state_entropy_change"", ""state_top_probability_change"", ""state_iat_change""]",LOW
2393,CTU44,2011-08-14T19:18:00+00:00,RBot,0.9940895440931448,Murlo,0.9886880453169324,0.0387170471537101,3.5805372199376673,"[""state_iat_change"", ""state_ack_rate_change"", ""state_entropy_change""]",LOW
2394,CTU44,2011-08-14T19:20:00+00:00,RBot,0.9922756929302567,Murlo,0.9852726503563932,0.0486867054006745,10.661911920627785,"[""state_iat_change"", ""state_directionality_change"", ""state_ack_rate_change""]",LOW
2395,CTU44,2011-08-14T19:23:00+00:00,RBot,0.9996212269587862,Murlo,0.999306614649368,0.0036333946037821,13.51422064650506,"[""state_iat_change"", ""state_directionality_change"", ""state_top_probability_change""]",LOW
2396,CTU44,2011-08-14T19:24:00+00:00,RBot,0.9962912672689028,Murlo,0.9927914687861216,0.0255902422108334,0.24130427059713289,"[""state_entropy_change"", ""state_top_probability_change"", ""state_byte_rate_change""]",LOW
2397,CTU44,2011-08-14T19:25:00+00:00,RBot,0.9962100950724962,Murlo,0.9926311283256304,0.0260564971287881,0.006830401991093326,"[""state_top_probability_change"", ""state_entropy_change"", ""state_iat_change""]",LOW
2398,CTU44,2011-08-14T19:27:00+00:00,RBot,0.9996336817345104,Murlo,0.999328822868182,0.0035245400394195,0.24483720491636227,"[""state_entropy_change"", ""state_top_probability_change"", ""state_byte_rate_change""]",LOW
2399,CTU44,2011-08-14T19:29:00+00:00,RBot,0.9881562876441928,Murlo,0.9774625196936966,0.0696082206723562,7.750980850454456,"[""state_iat_change"", ""state_ack_rate_change"", ""state_byte_rate_change""]",LOW
2400,CTU44,2011-08-14T19:32:00+00:00,RBot,0.9972597524973772,Murlo,0.9947647875562964,0.0200951592204979,9.674623134003982,"[""state_iat_change"", ""state_ack_rate_change"", ""state_byte_rate_change""]",LOW
2401,CTU44,2011-08-14T19:34:00+00:00,RBot,0.9996337645597568,Murlo,0.9993287891117248,0.0035232585404922,10.396382718254669,"[""state_iat_change"", ""state_directionality_change"", ""state_destination_diversity_change""]",LOW
2402,CTU44,2011-08-14T19:36:00+00:00,RBot,0.9986094247517554,Murlo,0.9973827479674507,0.0112876031154737,26.74950198138447,"[""state_iat_change"", ""state_directionality_change"", ""state_destination_diversity_change""]",LOW
2403,CTU44,2011-08-14T19:39:00+00:00,RBot,0.9996313877406128,Murlo,0.9993239793253188,0.0035423126442525,26.74840899958382,"[""state_iat_change"", ""state_directionality_change"", ""state_destination_diversity_change""]",LOW
2404,CTU44,2011-08-14T19:41:00+00:00,RBot,0.9621720443430866,Neris,0.9383705525455228,0.2016862826079428,33.82452265730952,"[""state_syn_rate_change"", ""state_rst_rate_change"", ""state_packet_rate_change""]",LOW
2405,CTU44,2011-08-14T19:42:00+00:00,RBot,0.9751498374542964,Murlo,0.9615356216956144,0.1453959001173756,8.669533746992725,"[""state_syn_rate_change"", ""state_rst_rate_change"", ""state_destination_diversity_change""]",LOW
2406,CTU44,2011-08-14T19:43:00+00:00,Neris,0.4878225186221315,RBot,0.0064947558563762,0.8486534252175928,39.343755900475784,"[""state_top_probability_change"", ""state_rst_rate_change"", ""state_entropy_change""]",MEDIUM
2407,CTU44,2011-08-14T19:44:00+00:00,RBot,0.9657455449071832,Murlo,0.949241038679793,0.191374031466685,43.15224674167232,"[""state_top_probability_change"", ""state_syn_rate_change"", ""state_rst_rate_change""]",LOW
2408,CTU44,2011-08-14T19:45:00+00:00,RBot,0.8558717130331309,Neris,0.7590972785860136,0.5542466902213838,19.077975954318863,"[""state_syn_rate_change"", ""state_top_probability_change"", ""state_rst_rate_change""]",MEDIUM
2409,CTU44,2011-08-14T19:46:00+00:00,RBot,0.919878790588188,Neris,0.8566486504128246,0.3431511982045057,38.77392619500987,"[""state_syn_rate_change"", ""state_rst_rate_change"", ""state_port_diversity_change""]",LOW
2410,CTU44,2011-08-14T19:47:00+00:00,RBot,0.7341213492171913,Neris,0.516581901310183,0.7666278404724701,43.45073271477482,"[""state_syn_rate_change"", ""state_rst_rate_change"", ""state_top_probability_change""]",MEDIUM
2411,CTU44,2011-08-14T19:48:00+00:00,Neris,0.5184433861844369,RBot,0.1046495681888574,0.9738908920966888,18.42767679115524,"[""state_top_probability_change"", ""state_ack_rate_change"", ""state_fin_rate_change""]",MEDIUM
2412,CTU44,2011-08-14T19:49:00+00:00,RBot,0.7661816243219003,Neris,0.6057765394618543,0.7731242516717924,17.943563842363965,"[""state_top_probability_change"", ""state_ack_rate_change"", ""state_fin_rate_change""]",MEDIUM
2413,CTU44,2011-08-14T19:50:00+00:00,RBot,0.7947138633942535,Neris,0.6767272395839558,0.7418331939812631,9.755611369594444,"[""state_syn_rate_change"", ""state_rst_rate_change"", ""state_fin_rate_change""]",MEDIUM
2414,CTU44,2011-08-14T19:51:00+00:00,RBot,0.992345064405084,Murlo,0.9883799844524372,0.0540647168421662,33.8518612025982,"[""state_syn_rate_change"", ""state_top_probability_change"", ""state_rst_rate_change""]",LOW
2415,CTU44,2011-08-14T19:52:00+00:00,RBot,0.7776272309917407,Neris,0.6429040683518729,0.770695070875972,24.787113566079057,"[""state_top_probability_change"", ""state_entropy_change"", ""state_syn_rate_change""]",MEDIUM
2416,CTU44,2011-08-14T19:53:00+00:00,Neris,0.5816225691380343,RBot,0.2422073313797243,0.9840704098944278,56.5229359214982,"[""state_syn_rate_change"", ""state_rst_rate_change"", ""state_ack_rate_change""]",MEDIUM
2417,CTU44,2011-08-14T19:54:00+00:00,RBot,0.7774015045198458,Neris,0.6366944090108987,0.7679852726729179,51.907791040515825,"[""state_syn_rate_change"", ""state_rst_rate_change"", ""state_ack_rate_change""]",MEDIUM
2418,CTU44,2011-08-14T19:55:00+00:00,RBot,0.6772498170801188,Neris,0.4532547887670599,0.9426407066653232,8.919368148499307,"[""state_top_probability_change"", ""state_syn_rate_change"", ""state_fin_rate_change""]",MEDIUM
2419,CTU44,2011-08-14T19:56:00+00:00,RBot,0.6228255634683886,Neris,0.3205112995464861,0.9409377777085948,11.123820655386012,"[""state_syn_rate_change"", ""state_rst_rate_change"", ""state_top_probability_change""]",MEDIUM
2420,CTU44,2011-08-14T19:57:00+00:00,RBot,0.5340420121636724,Neris,0.1262485966418999,0.9410494522829108,16.360903835917803,"[""state_syn_rate_change"", ""state_rst_rate_change"", ""state_top_probability_change""]",MEDIUM
2421,CTU44,2011-08-14T19:58:00+00:00,Neris,0.5175975748675767,RBot,0.0990157922519835,0.9640940784742438,11.170431654551871,"[""state_fin_rate_change"", ""state_ack_rate_change"", ""state_rst_rate_change""]",MEDIUM
2422,CTU44,2011-08-14T19:59:00+00:00,RBot,0.9703534515390512,Murlo,0.9548313215306656,0.1698717456057215,44.51655182220244,"[""state_top_probability_change"", ""state_rst_rate_change"", ""state_syn_rate_change""]",LOW
2423,CTU44,2011-08-14T20:00:00+00:00,RBot,0.953266172875419,Murlo,0.932049509639313,0.2485809746791419,2.8590681595481278,"[""state_top_probability_change"", ""state_destination_diversity_change"", ""state_entropy_change""]",LOW
2424,CTU44,2011-08-14T20:01:00+00:00,RBot,0.9690231598776216,Murlo,0.9547651314160724,0.1768490306190402,4.106076753192519,"[""state_syn_rate_change"", ""state_rst_rate_change"", ""state_destination_diversity_change""]",LOW
2425,CTU44,2011-08-14T20:02:00+00:00,RBot,0.971156338400377,Murlo,0.957796944301364,0.1666485779888228,2.7057069587623146,"[""state_syn_rate_change"", ""state_rst_rate_change"", ""state_packet_rate_change""]",LOW
2426,CTU44,2011-08-14T20:03:00+00:00,RBot,0.9852425427353654,DonBot,0.9783629310811678,0.0934953774177788,38.55721191896153,"[""state_directionality_change"", ""state_syn_rate_change"", ""state_rst_rate_change""]",LOW
2427,CTU44,2011-08-14T20:04:00+00:00,RBot,0.8030404179541607,Neris,0.6747131483999057,0.7006949401650783,54.530719192811056,"[""state_directionality_change"", ""state_syn_rate_change"", ""state_top_probability_change""]",MEDIUM
2428,CTU44,2011-08-14T20:05:00+00:00,RBot,0.9801462001767076,Murlo,0.9716010940802804,0.1236449008214063,16.021510521742705,"[""state_top_probability_change"", ""state_entropy_change"", ""state_fin_rate_change""]",LOW
2429,CTU44,2011-08-14T20:06:00+00:00,RBot,0.9789852260678238,Neris,0.9624547063219387,0.1185127018757005,3.254466443979419,"[""state_rst_rate_change"", ""state_port_diversity_change"", ""state_ack_rate_change""]",LOW
2430,CTU44,2011-08-14T20:07:00+00:00,RBot,0.694583740605785,Neris,0.457303461631266,0.8700263799007121,56.66919660058365,"[""state_syn_rate_change"", ""state_rst_rate_change"", ""state_top_probability_change""]",MEDIUM
2431,CTU44,2011-08-14T20:08:00+00:00,RBot,0.984676894589588,Neris,0.9735841332527726,0.093239315376059,60.54807285990258,"[""state_syn_rate_change"", ""state_rst_rate_change"", ""state_top_probability_change""]",LOW
2432,CTU44,2011-08-14T20:09:00+00:00,RBot,0.9924518962924018,Murlo,0.9888202407071368,0.054263285483597,6.0683164807721495,"[""state_syn_rate_change"", ""state_rst_rate_change"", ""state_destination_diversity_change""]",LOW
2433,CTU44,2011-08-14T20:10:00+00:00,Neris,0.5321942608344143,RBot,0.1360739965336417,0.9851589906728468,52.39920885311804,"[""state_top_probability_change"", ""state_rst_rate_change"", ""state_syn_rate_change""]",MEDIUM
2434,CTU44,2011-08-14T20:11:00+00:00,RBot,0.6462621711704774,Neris,0.3599354457240513,0.9034696644218306,24.63321052615809,"[""state_syn_rate_change"", ""state_rst_rate_change"", ""state_top_probability_change""]",MEDIUM
2435,CTU44,2011-08-14T20:12:00+00:00,Neris,0.5390583566985202,RBot,0.1470898604754369,0.9740321994631956,25.992424548283058,"[""state_syn_rate_change"", ""state_rst_rate_change"", ""state_top_probability_change""]",MEDIUM
2436,CTU44,2011-08-14T20:13:00+00:00,Neris,0.6919962489365791,RBot,0.4342186995432787,0.8202953843094952,17.646144302864162,"[""state_syn_rate_change"", ""state_top_probability_change"", ""state_fin_rate_change""]",MEDIUM
2437,CTU44,2011-08-14T20:14:00+00:00,RBot,0.9709452112209728,DonBot,0.95279589340403,0.1608046723114411,78.09987372345701,"[""state_directionality_change"", ""state_rst_rate_change"", ""state_top_probability_change""]",LOW
2438,CTU44,2011-08-14T20:15:00+00:00,RBot,0.994493804445328,Murlo,0.9915659710953284,0.0410470235837399,30.13584087080603,"[""state_directionality_change"", ""state_syn_rate_change"", ""state_rst_rate_change""]",LOW
2439,CTU44,2011-08-14T20:16:00+00:00,RBot,0.9542152033058356,Neris,0.9321093696356606,0.244280494820039,25.829313059167088,"[""state_syn_rate_change"", ""state_rst_rate_change"", ""state_packet_rate_change""]",LOW
2440,CTU44,2011-08-14T20:17:00+00:00,Neris,0.4956181540906217,RBot,0.0682286566720767,1.0054718925134112,33.98131935500902,"[""state_top_probability_change"", ""state_fin_rate_change"", ""state_entropy_change""]",MEDIUM
2441,CTU44,2011-08-14T20:18:00+00:00,RBot,0.978044819229073,Murlo,0.9653337638737176,0.1298259539308801,54.707644128284706,"[""state_top_probability_change"", ""state_syn_rate_change"", ""state_rst_rate_change""]",LOW
2442,CTU44,2011-08-14T20:19:00+00:00,RBot,0.9364494321253392,Neris,0.9106816212979704,0.3189267533000445,12.294244182245974,"[""state_syn_rate_change"", ""state_rst_rate_change"", ""state_top_probability_change""]",LOW
2443,CTU44,2011-08-14T20:20:00+00:00,RBot,0.9883087341196148,Murlo,0.9822499270580498,0.0772398021385824,15.590447350228382,"[""state_syn_rate_change"", ""state_rst_rate_change"", ""state_top_probability_change""]",LOW
2444,CTU44,2011-08-14T20:21:00+00:00,RBot,0.99162497758812,Murlo,0.9873972133160964,0.0578104643479484,1.6057812958615159,"[""state_syn_rate_change"", ""state_rst_rate_change"", ""state_directionality_change""]",LOW
2445,CTU44,2011-08-14T20:22:00+00:00,RBot,0.6347562600161669,Neris,0.335532691845234,0.902268700035884,34.4049984348701,"[""state_top_probability_change"", ""state_entropy_change"", ""state_rst_rate_change""]",MEDIUM
2446,CTU44,2011-08-14T20:23:00+00:00,RBot,0.9270091249624324,Neris,0.8870869435619598,0.3476484881304414,19.98054258045712,"[""state_top_probability_change"", ""state_syn_rate_change"", ""state_entropy_change""]",LOW
2447,CTU44,2011-08-14T20:24:00+00:00,RBot,0.977570711817724,Murlo,0.9650875948114488,0.1325340468289895,16.478868146413756,"[""state_syn_rate_change"", ""state_rst_rate_change"", ""state_top_probability_change""]",LOW
2448,CTU44,2011-08-14T20:25:00+00:00,Neris,0.5985352995396676,RBot,0.2727487503122425,0.9662691635678295,44.73403159617442,"[""state_top_probability_change"", ""state_rst_rate_change"", ""state_fin_rate_change""]",MEDIUM
2449,CTU44,2011-08-14T20:26:00+00:00,RBot,0.946068595788558,Neris,0.9221700616246812,0.2795679260438254,39.08108391201136,"[""state_top_probability_change"", ""state_rst_rate_change"", ""state_fin_rate_change""]",LOW
2450,CTU44,2011-08-14T20:27:00+00:00,RBot,0.988765734446651,Neris,0.982640492857022,0.0750269597994958,7.1237190169660565,"[""state_top_probability_change"", ""state_syn_rate_change"", ""state_entropy_change""]",LOW
2451,CTU44,2011-08-14T20:28:00+00:00,RBot,0.9750524665157434,Murlo,0.96126504306142,0.1461055384762234,2.1529706526144667,"[""state_top_probability_change"", ""state_entropy_change"", ""state_syn_rate_change""]",LOW
2452,CTU44,2011-08-14T20:29:00+00:00,RBot,0.986201527667114,DonBot,0.9796178535238044,0.0883468293701644,31.003166326381606,"[""state_directionality_change"", ""state_syn_rate_change"", ""state_packet_rate_change""]",LOW
2453,CTU44,2011-08-14T20:30:00+00:00,RBot,0.99482023073314,Murlo,0.9924207561605384,0.0382568360347054,13.31364996129893,"[""state_directionality_change"", ""state_destination_diversity_change"", ""state_top_probability_change""]",LOW
2454,CTU44,2011-08-14T20:31:00+00:00,RBot,0.9736850346101604,Murlo,0.9624968473532062,0.1562779355830894,23.24305091967399,"[""state_directionality_change"", ""state_syn_rate_change"", ""state_rst_rate_change""]",LOW
2455,CTU44,2011-08-14T20:32:00+00:00,RBot,0.7976294005705445,Neris,0.6626300646048506,0.705245517941392,16.786458823218794,"[""state_top_probability_change"", ""state_entropy_change"", ""state_syn_rate_change""]",MEDIUM
2456,CTU44,2011-08-14T20:33:00+00:00,RBot,0.9954867392197042,Murlo,0.9932320561059912,0.0342206851619414,35.615072961323484,"[""state_directionality_change"", ""state_top_probability_change"", ""state_syn_rate_change""]",LOW
2457,CTU44,2011-08-14T20:34:00+00:00,RBot,0.9891686610125938,Murlo,0.9832853483076522,0.0717781321761386,9.394964281495461,"[""state_directionality_change"", ""state_syn_rate_change"", ""state_rst_rate_change""]",LOW
2458,CTU44,2011-08-14T20:35:00+00:00,RBot,0.9858912519817632,Murlo,0.9774878760319448,0.0895410245069729,1.5823114326290186,"[""state_syn_rate_change"", ""state_ack_rate_change"", ""state_top_probability_change""]",LOW
2459,CTU44,2011-08-14T20:36:00+00:00,RBot,0.9842944968357126,Murlo,0.9745801890822892,0.0978821394550808,1.1585143916377436,"[""state_destination_diversity_change"", ""state_directionality_change"", ""state_packet_rate_change""]",LOW
2460,CTU44,2011-08-14T20:37:00+00:00,RBot,0.8819090346424622,Murlo,0.81166094836869,0.4915971708757867,7.2692027189415995,"[""state_top_probability_change"", ""state_entropy_change"", ""state_rst_rate_change""]",LOW
2461,CTU44,2011-08-14T20:38:00+00:00,RBot,0.983073522345042,Murlo,0.973256476394518,0.1035275042094949,7.522160938420725,"[""state_top_probability_change"", ""state_entropy_change"", ""state_destination_diversity_change""]",LOW
2462,CTU44,2011-08-14T20:39:00+00:00,RBot,0.9802137680273248,DonBot,0.9697892406043408,0.1195899090007291,24.370818308466056,"[""state_directionality_change"", ""state_port_diversity_change"", ""state_rst_rate_change""]",LOW
2463,CTU44,2011-08-14T20:40:00+00:00,RBot,0.9940940074704412,Murlo,0.9910210347616571,0.042780087416386,14.031632175575004,"[""state_directionality_change"", ""state_top_probability_change"", ""state_entropy_change""]",LOW
2464,CTU44,2011-08-14T20:41:00+00:00,RBot,0.9868149359119882,Murlo,0.9810649687675604,0.0860135322100799,13.29457304940977,"[""state_directionality_change"", ""state_top_probability_change"", ""state_entropy_change""]",LOW
2465,CTU44,2011-08-14T20:42:00+00:00,RBot,0.9889453324030372,Murlo,0.98300730807155,0.0724264596542398,13.306401471344378,"[""state_directionality_change"", ""state_syn_rate_change"", ""state_destination_diversity_change""]",LOW
2466,CTU44,2011-08-14T20:43:00+00:00,RBot,0.9824861575734496,DonBot,0.9739014517407356,0.1083943225782773,13.421250426364276,"[""state_directionality_change"", ""state_syn_rate_change"", ""state_top_probability_change""]",LOW
2467,CTU44,2011-08-14T20:44:00+00:00,RBot,0.9616196442306132,Murlo,0.944734271982083,0.2069079179201667,2.4337624273533973,"[""state_top_probability_change"", ""state_directionality_change"", ""state_syn_rate_change""]",LOW
2468,CTU44,2011-08-14T20:45:00+00:00,RBot,0.985261342650707,Murlo,0.976989280283211,0.0917654281942531,13.930931201105679,"[""state_directionality_change"", ""state_top_probability_change"", ""state_entropy_change""]",LOW
2469,CTU44,2011-08-14T20:46:00+00:00,RBot,0.9802137680273248,DonBot,0.9697892406043408,0.1195899090007291,14.529367795994547,"[""state_directionality_change"", ""state_syn_rate_change"", ""state_port_diversity_change""]",LOW
2470,CTU44,2011-08-14T20:47:00+00:00,RBot,0.9923866977172292,Murlo,0.9888036699179856,0.0531495673491349,13.903101876947147,"[""state_directionality_change"", ""state_top_probability_change"", ""state_syn_rate_change""]",LOW
2471,CTU44,2011-08-14T20:48:00+00:00,RBot,0.9847993711932718,DonBot,0.978312911716056,0.0966875505909357,13.418162456909911,"[""state_directionality_change"", ""state_destination_diversity_change"", ""state_top_probability_change""]",LOW
2472,CTU44,2011-08-14T20:49:00+00:00,RBot,0.9808315484677108,Murlo,0.97025756525723,0.1152036834037645,24.128192604741987,"[""state_directionality_change"", ""state_rst_rate_change"", ""state_destination_diversity_change""]",LOW
2473,CTU44,2011-08-14T20:50:00+00:00,RBot,0.9815917267090792,DonBot,0.9724271107344984,0.1128588280218113,23.706540318449672,"[""state_directionality_change"", ""state_rst_rate_change"", ""state_ack_rate_change""]",LOW
2474,CTU44,2011-08-14T20:51:00+00:00,RBot,0.9950466972831816,Murlo,0.992304911448444,0.0368260376961911,14.16581628950437,"[""state_directionality_change"", ""state_top_probability_change"", ""state_entropy_change""]",LOW
2475,CTU44,2011-08-14T20:52:00+00:00,RBot,0.9940782150620944,Murlo,0.9910286805182338,0.0440076644177597,5.050061391476806,"[""state_directionality_change"", ""state_byte_rate_change"", ""state_rst_rate_change""]",LOW
2476,CTU44,2011-08-14T20:53:00+00:00,RBot,0.9915014267121984,Murlo,0.9876465824750228,0.058219813593421,5.732085568815058,"[""state_directionality_change"", ""state_syn_rate_change"", ""state_byte_rate_change""]",LOW
2477,CTU44,2011-08-14T20:54:00+00:00,RBot,0.9448194405322582,DonBot,0.9190898662845186,0.2749269580813051,14.66496563532688,"[""state_directionality_change"", ""state_top_probability_change"", ""state_entropy_change""]",LOW
2478,CTU44,2011-08-14T20:55:00+00:00,RBot,0.99465078903349,Murlo,0.9919658499608252,0.039569128462494,6.818371465628907,"[""state_directionality_change"", ""state_top_probability_change"", ""state_entropy_change""]",LOW
2479,CTU44,2011-08-14T20:56:00+00:00,RBot,0.9929101919262884,Murlo,0.989726007610002,0.0508948732158436,1.911692832572263,"[""state_directionality_change"", ""state_rst_rate_change"", ""state_syn_rate_change""]",LOW
2480,CTU44,2011-08-14T20:57:00+00:00,RBot,0.9895148205827228,Murlo,0.9843060844876996,0.0706982300305894,23.11592188188548,"[""state_directionality_change"", ""state_rst_rate_change"", ""state_port_diversity_change""]",LOW
2481,CTU44,2011-08-14T20:58:00+00:00,RBot,0.99561217597737,Murlo,0.9933476309438064,0.0333829878570035,12.916298205789182,"[""state_directionality_change"", ""state_top_probability_change"", ""state_entropy_change""]",LOW
2482,CTU44,2011-08-14T20:59:00+00:00,RBot,0.9773994395442842,DonBot,0.9654818142021704,0.1334630631559867,13.79356517368312,"[""state_directionality_change"", ""state_top_probability_change"", ""state_syn_rate_change""]",LOW
2483,CTU44,2011-08-14T21:00:00+00:00,RBot,0.9920475675408482,Murlo,0.9882733186989328,0.0553314960285611,13.257129479292653,"[""state_directionality_change"", ""state_syn_rate_change"", ""state_top_probability_change""]",LOW
2484,CTU44,2011-08-14T21:01:00+00:00,RBot,0.9881356987098194,Murlo,0.9827306686080586,0.0784572216560894,12.729982959793864,"[""state_directionality_change"", ""state_syn_rate_change"", ""state_port_diversity_change""]",LOW
2485,CTU44,2011-08-14T21:02:00+00:00,RBot,0.9933314774486484,Murlo,0.9904227635377868,0.0476801613982817,21.993035221813724,"[""state_directionality_change"", ""state_port_diversity_change"", ""state_syn_rate_change""]",LOW
2486,CTU44,2011-08-14T21:03:00+00:00,RBot,0.9832803417757314,Murlo,0.9748866075401504,0.1021130045282833,9.65381667932921,"[""state_directionality_change"", ""state_syn_rate_change"", ""state_top_probability_change""]",LOW
2487,CTU44,2011-08-14T21:04:00+00:00,RBot,0.9873685466838006,Murlo,0.980701412818438,0.0808674542080084,0.6219350102844561,"[""state_rst_rate_change"", ""state_top_probability_change"", ""state_entropy_change""]",LOW
2488,CTU44,2011-08-14T21:05:00+00:00,RBot,0.9895542832959195,Murlo,0.9837519401961866,0.0692033217002198,12.769992378941387,"[""state_directionality_change"", ""state_syn_rate_change"", ""state_port_diversity_change""]",LOW
2489,CTU44,2011-08-14T21:06:00+00:00,RBot,0.977068195920972,DonBot,0.965071232225718,0.1351306865703347,2.827191012292895,"[""state_directionality_change"", ""state_syn_rate_change"", ""state_top_probability_change""]",LOW
2490,CTU44,2011-08-14T21:07:00+00:00,RBot,0.9920475675408482,Murlo,0.9882733186989328,0.0553314960285611,13.277498691502489,"[""state_directionality_change"", ""state_syn_rate_change"", ""state_top_probability_change""]",LOW
2491,CTU44,2011-08-14T21:08:00+00:00,RBot,0.9686452941583628,DonBot,0.953882071207116,0.1755912267897545,13.956160989019958,"[""state_directionality_change"", ""state_top_probability_change"", ""state_entropy_change""]",LOW
2492,CTU44,2011-08-14T21:09:00+00:00,RBot,0.998225022302726,Murlo,0.9975210873827632,0.0155804014485997,14.465961730747793,"[""state_directionality_change"", ""state_top_probability_change"", ""state_entropy_change""]",LOW
2493,CTU44,2011-08-14T21:10:00+00:00,RBot,0.9791096655822608,DonBot,0.968108413224118,0.1251153706933335,13.728482567423812,"[""state_directionality_change"", ""state_top_probability_change"", ""state_entropy_change""]",LOW
2494,CTU44,2011-08-14T21:11:00+00:00,RBot,0.9926634184438736,Murlo,0.9882369550815788,0.0511152833440404,13.257995302795145,"[""state_directionality_change"", ""state_top_probability_change"", ""state_entropy_change""]",LOW
2495,CTU44,2011-08-14T21:12:00+00:00,RBot,0.9952693520617923,Murlo,0.9928899928467892,0.0358550720017546,5.54782408781987,"[""state_directionality_change"", ""state_syn_rate_change"", ""state_packet_rate_change""]",LOW
2496,CTU44,2011-08-14T21:13:00+00:00,RBot,0.9945969325103452,Murlo,0.9916249062651984,0.039680803624647,1.9093377425074272,"[""state_syn_rate_change"", ""state_directionality_change"", ""state_destination_diversity_change""]",LOW
2497,CTU44,2011-08-14T21:14:00+00:00,RBot,0.9864079397109048,Murlo,0.977889845846568,0.0865427908681666,7.092476248191789,"[""state_directionality_change"", ""state_syn_rate_change"", ""state_packet_rate_change""]",LOW
2498,CTU44,2011-08-14T21:15:00+00:00,RBot,0.9881356987098194,Murlo,0.9827306686080586,0.0784572216560894,22.93231570721842,"[""state_directionality_change"", ""state_syn_rate_change"", ""state_packet_rate_change""]",LOW
2499,CTU44,2011-08-14T21:16:00+00:00,RBot,0.984826867375774,Murlo,0.9765981574869604,0.0967951984668713,28.550881575180373,"[""state_directionality_change"", ""state_syn_rate_change"", ""state_ack_rate_change""]",LOW
2500,CTU44,2011-08-14T21:17:00+00:00,RBot,0.9791096655822608,DonBot,0.968108413224118,0.1251153706933335,28.657146979746358,"[""state_directionality_change"", ""state_syn_rate_change"", ""state_ack_rate_change""]",LOW
2501,CTU44,2011-08-14T21:18:00+00:00,RBot,0.9956583018316264,Neris,0.9929542624519792,0.0327798604736008,32.4376056833101,"[""state_directionality_change"", ""state_syn_rate_change"", ""state_rst_rate_change""]",LOW
2502,CTU44,2011-08-14T21:19:00+00:00,RBot,0.9943463433467268,Murlo,0.991377290310968,0.0411464904242928,14.51306983930347,"[""state_directionality_change"", ""state_syn_rate_change"", ""state_rst_rate_change""]",LOW
2503,CTU44,2011-08-14T21:20:00+00:00,RBot,0.9700116698001384,Murlo,0.95466303807828,0.1646660468424874,5.955105247706993,"[""state_directionality_change"", ""state_top_probability_change"", ""state_entropy_change""]",LOW
2504,CTU44,2011-08-14T21:21:00+00:00,RBot,0.9891230264545516,Murlo,0.9834598104852508,0.0717048313027612,9.810825873523376,"[""state_directionality_change"", ""state_syn_rate_change"", ""state_top_probability_change""]",LOW
2505,CTU44,2011-08-14T21:22:00+00:00,RBot,0.9944213804036092,DonBot,0.9918652319911646,0.0409776825727868,4.65996673578151,"[""state_directionality_change"", ""state_destination_diversity_change"", ""state_fin_rate_change""]",LOW
2506,CTU44,2011-08-14T21:23:00+00:00,RBot,0.9861443373484304,Murlo,0.978560086021538,0.0893180736997609,9.660532482996713,"[""state_directionality_change"", ""state_syn_rate_change"", ""state_packet_rate_change""]",LOW
2507,CTU44,2011-08-14T21:24:00+00:00,RBot,0.9950909182402212,Murlo,0.9926295613312504,0.036616747687244,2.8165295721150834,"[""state_packet_rate_change"", ""state_directionality_change"", ""state_byte_rate_change""]",LOW
2508,CTU44,2011-08-14T21:25:00+00:00,RBot,0.9828560718674568,DonBot,0.9728281588370322,0.103360283031945,4.422022090129173,"[""state_directionality_change"", ""state_syn_rate_change"", ""state_rst_rate_change""]",LOW
2509,CTU44,2011-08-14T21:26:00+00:00,RBot,0.9927797942253156,Murlo,0.9889791573100898,0.0520771213122158,11.30964681745123,"[""state_directionality_change"", ""state_syn_rate_change"", ""state_rst_rate_change""]",LOW
2510,CTU44,2011-08-14T21:27:00+00:00,RBot,0.9802292180338076,Murlo,0.969306411582428,0.116937834644071,19.936366555130594,"[""state_directionality_change"", ""state_syn_rate_change"", ""state_rst_rate_change""]",LOW
2511,CTU44,2011-08-14T21:28:00+00:00,RBot,0.9952404959316012,Murlo,0.9924818087934386,0.0358857604689425,13.880429763958924,"[""state_directionality_change"", ""state_syn_rate_change"", ""state_rst_rate_change""]",LOW
2512,CTU44,2011-08-14T21:29:00+00:00,RBot,0.9936103374316632,DonBot,0.9907370067370018,0.0460014765928794,2.3883441138548887,"[""state_directionality_change"", ""state_packet_rate_change"", ""state_byte_rate_change""]",LOW
2513,CTU44,2011-08-14T21:30:00+00:00,RBot,0.9854653554882072,Murlo,0.977955203117308,0.0939991554254005,4.415911974249099,"[""state_directionality_change"", ""state_rst_rate_change"", ""state_packet_rate_change""]",LOW
2514,CTU44,2011-08-14T21:31:00+00:00,RBot,0.99074063914462,Murlo,0.9863367838660718,0.0636610239556426,24.221094245730466,"[""state_directionality_change"", ""state_packet_rate_change"", ""state_syn_rate_change""]",LOW
2515,CTU44,2011-08-14T21:32:00+00:00,RBot,0.9814684354782508,Murlo,0.970067428109858,0.1125251286307885,28.437131420106798,"[""state_directionality_change"", ""state_syn_rate_change"", ""state_rst_rate_change""]",LOW
2516,CTU44,2011-08-14T21:33:00+00:00,RBot,0.9916784798812396,Murlo,0.9877141582819738,0.0574981322230289,4.852797683012779,"[""state_syn_rate_change"", ""state_directionality_change"", ""state_packet_rate_change""]",LOW
2517,CTU44,2011-08-14T21:34:00+00:00,RBot,0.9869565008668026,Murlo,0.9800148225903156,0.0837984084151965,3.8724330612289997,"[""state_directionality_change"", ""state_rst_rate_change"", ""state_fin_rate_change""]",LOW
2518,CTU44,2011-08-14T21:35:00+00:00,RBot,0.9868936150397052,Murlo,0.9799671724635428,0.0839068547363401,2.006717686613378,"[""state_syn_rate_change"", ""state_rst_rate_change"", ""state_fin_rate_change""]",LOW
2519,CTU44,2011-08-14T21:36:00+00:00,RBot,0.9947176438136736,Murlo,0.9920702002393752,0.0393979273224669,11.470747688002069,"[""state_directionality_change"", ""state_syn_rate_change"", ""state_ack_rate_change""]",LOW
2520,CTU44,2011-08-14T21:37:00+00:00,RBot,0.9859678733816316,Murlo,0.9773125467274412,0.0888916468715626,8.890719088948025,"[""state_directionality_change"", ""state_rst_rate_change"", ""state_top_probability_change""]",LOW
2521,CTU44,2011-08-14T21:38:00+00:00,RBot,0.9881423845773504,Murlo,0.9815471492378632,0.0776090836167049,1.7539302222405997,"[""state_directionality_change"", ""state_destination_diversity_change"", ""state_syn_rate_change""]",LOW
2522,CTU44,2011-08-14T21:39:00+00:00,RBot,0.995910744341586,Murlo,0.994189791249467,0.0324858171982282,22.32666331672834,"[""state_directionality_change"", ""state_syn_rate_change"", ""state_port_diversity_change""]",LOW
2523,CTU44,2011-08-14T21:40:00+00:00,RBot,0.9983230652172828,Murlo,0.9976706852904716,0.0147793830321365,12.792104707817634,"[""state_directionality_change"", ""state_syn_rate_change"", ""state_port_diversity_change""]",LOW
2524,CTU44,2011-08-14T21:41:00+00:00,RBot,0.9942221357961328,Murlo,0.9918719640315076,0.04392713756079,12.58836698591942,"[""state_directionality_change"", ""state_destination_diversity_change"", ""state_port_diversity_change""]",LOW
2525,CTU44,2011-08-14T21:42:00+00:00,RBot,0.9985554555558454,Murlo,0.9979850960720772,0.0130042645736574,12.690822093403447,"[""state_directionality_change"", ""state_syn_rate_change"", ""state_destination_diversity_change""]",LOW
2526,CTU44,2011-08-14T21:43:00+00:00,RBot,0.995396870820864,Murlo,0.9936402344743126,0.035491227576609,8.901465812202902,"[""state_directionality_change"", ""state_rst_rate_change"", ""state_fin_rate_change""]",LOW
2527,CTU44,2011-08-14T21:44:00+00:00,RBot,0.9940128959282356,Murlo,0.9909372347408132,0.0438248291395636,4.580765622767221,"[""state_directionality_change"", ""state_fin_rate_change"", ""state_ack_rate_change""]",LOW
2528,CTU44,2011-08-14T21:45:00+00:00,RBot,0.9952898989811008,Murlo,0.9927794430952708,0.035255050243067,4.7508225715662595,"[""state_directionality_change"", ""state_syn_rate_change"", ""state_rst_rate_change""]",LOW
2529,CTU44,2011-08-14T21:46:00+00:00,RBot,0.9950062824215896,Murlo,0.9923030524971328,0.0370576378550591,4.887321882715552,"[""state_directionality_change"", ""state_syn_rate_change"", ""state_rst_rate_change""]",LOW
2530,CTU44,2011-08-14T21:47:00+00:00,RBot,0.9879248201728956,Murlo,0.981274098613838,0.078535046017187,7.131797724689093,"[""state_directionality_change"", ""state_rst_rate_change"", ""state_ack_rate_change""]",LOW
2531,CTU44,2011-08-14T21:48:00+00:00,RBot,0.986116271770644,Murlo,0.9791797194343228,0.0894291059382453,3.3963028541877143,"[""state_directionality_change"", ""state_fin_rate_change"", ""state_ack_rate_change""]",LOW
2532,CTU44,2011-08-14T21:49:00+00:00,RBot,0.9887971231147072,Murlo,0.983430162305247,0.0742726117925828,27.157863769928934,"[""state_directionality_change"", ""state_ack_rate_change"", ""state_fin_rate_change""]",LOW
2533,CTU44,2011-08-14T21:50:00+00:00,RBot,0.9947547868199466,Murlo,0.9921091834422796,0.0386998285059559,20.949658629231656,"[""state_directionality_change"", ""state_rst_rate_change"", ""state_port_diversity_change""]",LOW
2534,CTU44,2011-08-14T21:51:00+00:00,RBot,0.986350230066482,Murlo,0.9782433999381496,0.0870685016274215,4.085550321236575,"[""state_directionality_change"", ""state_rst_rate_change"", ""state_top_probability_change""]",LOW
2535,CTU44,2011-08-14T21:52:00+00:00,RBot,0.9911278682710036,Murlo,0.9869988741035822,0.0614648387581937,24.260297093105304,"[""state_directionality_change"", ""state_rst_rate_change"", ""state_ack_rate_change""]",LOW
2536,CTU44,2011-08-14T21:53:00+00:00,RBot,0.9937762462776828,Murlo,0.9903349764250244,0.0445889246451014,14.003494308915998,"[""state_directionality_change"", ""state_syn_rate_change"", ""state_port_diversity_change""]",LOW
2537,CTU44,2011-08-14T21:54:00+00:00,RBot,0.9893411070464732,Murlo,0.9842709533671612,0.0714886412043524,13.345746425871125,"[""state_directionality_change"", ""state_syn_rate_change"", ""state_destination_diversity_change""]",LOW
2538,CTU44,2011-08-14T21:55:00+00:00,RBot,0.9866006289297374,Murlo,0.979096272774544,0.0863874306865856,24.9078492573082,"[""state_directionality_change"", ""state_rst_rate_change"", ""state_ack_rate_change""]",LOW
2539,CTU44,2011-08-14T21:56:00+00:00,RBot,0.9882222452654852,Murlo,0.9822999495466668,0.0784581019276138,25.34392766272693,"[""state_directionality_change"", ""state_rst_rate_change"", ""state_ack_rate_change""]",LOW
2540,CTU44,2011-08-14T21:57:00+00:00,RBot,0.9949370306024118,Murlo,0.9922207804009028,0.0383003289990851,26.358453889032134,"[""state_directionality_change"", ""state_syn_rate_change"", ""state_rst_rate_change""]",LOW
2541,CTU44,2011-08-14T21:58:00+00:00,RBot,0.9821841376043252,Murlo,0.9726104405476936,0.1112848837910593,3.5650594459380875,"[""state_directionality_change"", ""state_fin_rate_change"", ""state_ack_rate_change""]",LOW
2542,CTU44,2011-08-14T21:59:00+00:00,RBot,0.9983356462970524,Murlo,0.997748188977678,0.0147061838203535,11.447201848859144,"[""state_directionality_change"", ""state_rst_rate_change"", ""state_port_diversity_change""]",LOW
2543,CTU44,2011-08-14T22:00:00+00:00,RBot,0.9976183240111592,Murlo,0.9965874215760716,0.0200077718352134,5.367608059802174,"[""state_directionality_change"", ""state_syn_rate_change"", ""state_rst_rate_change""]",LOW
2544,CTU44,2011-08-14T22:01:00+00:00,RBot,0.9979444609875744,Murlo,0.997091940512608,0.0177311591412988,5.295623694227724,"[""state_directionality_change"", ""state_syn_rate_change"", ""state_rst_rate_change""]",LOW
2545,CTU44,2011-08-14T22:02:00+00:00,RBot,0.9983866890162468,Murlo,0.9977220024613116,0.0143215461499496,5.161961432765289,"[""state_directionality_change"", ""state_rst_rate_change"", ""state_syn_rate_change""]",LOW
2546,CTU44,2011-08-14T22:03:00+00:00,RBot,0.9953772534118736,Murlo,0.9936122256918444,0.0361914112848673,12.849727413915124,"[""state_directionality_change"", ""state_syn_rate_change"", ""state_entropy_change""]",LOW
2547,CTU44,2011-08-14T22:04:00+00:00,RBot,0.9977872317389002,Murlo,0.9969794742204142,0.0189258765686893,17.258293848834253,"[""state_directionality_change"", ""state_syn_rate_change"", ""state_rst_rate_change""]",LOW
2548,CTU44,2011-08-14T22:05:00+00:00,RBot,0.9983235261979856,Murlo,0.99760579548705,0.0147947195592811,5.035239024276522,"[""state_directionality_change"", ""state_syn_rate_change"", ""state_rst_rate_change""]",LOW
2549,CTU44,2011-08-14T22:06:00+00:00,RBot,0.9955291620174386,Murlo,0.9936901235914092,0.0351035998202805,13.544068563318561,"[""state_directionality_change"", ""state_syn_rate_change"", ""state_destination_diversity_change""]",LOW
2550,CTU44,2011-08-14T22:07:00+00:00,RBot,0.9983839491255436,Murlo,0.9976829135827556,0.0142898080956126,21.09333583921973,"[""state_directionality_change"", ""state_syn_rate_change"", ""state_rst_rate_change""]",LOW
2551,CTU44,2011-08-14T22:08:00+00:00,RBot,0.9961491771273958,Neris,0.9944743850882282,0.0305747727799313,4.450782257711755,"[""state_directionality_change"", ""state_byte_rate_change"", ""state_syn_rate_change""]",LOW
2552,CTU44,2011-08-14T22:09:00+00:00,RBot,0.9899521386838211,Murlo,0.984204468153154,0.0675639177516273,6.700487664142044,"[""state_directionality_change"", ""state_ack_rate_change"", ""state_syn_rate_change""]",LOW
2553,CTU44,2011-08-14T22:10:00+00:00,RBot,0.9952033457149136,Murlo,0.9929694802493464,0.0359787455200291,2.514624242946218,"[""state_directionality_change"", ""state_fin_rate_change"", ""state_packet_rate_change""]",LOW
2554,CTU44,2011-08-14T22:11:00+00:00,RBot,0.9982245966386236,Murlo,0.9975898171618518,0.0155465836656308,0.9470667363605877,"[""state_syn_rate_change"", ""state_port_diversity_change"", ""state_entropy_change""]",LOW
2555,CTU44,2011-08-14T22:12:00+00:00,RBot,0.998300735536591,Murlo,0.9976257945370144,0.0149681771923813,9.464847197717583,"[""state_directionality_change"", ""state_syn_rate_change"", ""state_rst_rate_change""]",LOW
2556,CTU44,2011-08-14T22:13:00+00:00,RBot,0.9822078383508752,Murlo,0.9708460813641016,0.1083422271315157,13.795566263043428,"[""state_directionality_change"", ""state_syn_rate_change"", ""state_rst_rate_change""]",LOW
2557,CTU44,2011-08-14T22:14:00+00:00,RBot,0.9951767162536976,Murlo,0.9931936602693762,0.036784870601582,2.2480094565883615,"[""state_directionality_change"", ""state_top_probability_change"", ""state_entropy_change""]",LOW
2558,CTU44,2011-08-14T22:15:00+00:00,RBot,0.9891849136191588,Murlo,0.9824805465710906,0.0711087302542687,2.4486000765135665,"[""state_directionality_change"", ""state_fin_rate_change"", ""state_rst_rate_change""]",LOW
2559,CTU44,2011-08-14T22:16:00+00:00,RBot,0.9983697395341724,Murlo,0.9977625020635316,0.0143830468325877,3.515141876294397,"[""state_directionality_change"", ""state_rst_rate_change"", ""state_entropy_change""]",LOW
2560,CTU44,2011-08-14T22:17:00+00:00,RBot,0.995263738643839,Murlo,0.9934597206545404,0.0370790451407437,23.193327571191272,"[""state_directionality_change"", ""state_syn_rate_change"", ""state_rst_rate_change""]",LOW
2561,CTU44,2011-08-14T22:18:00+00:00,RBot,0.9973194574484572,Neris,0.995936316418642,0.02186743791917,26.891828433658905,"[""state_directionality_change"", ""state_syn_rate_change"", ""state_rst_rate_change""]",LOW
2562,CTU44,2011-08-14T22:19:00+00:00,RBot,0.9899479452080364,Murlo,0.985165810228734,0.0684775365735229,27.279504998961272,"[""state_directionality_change"", ""state_rst_rate_change"", ""state_syn_rate_change""]",LOW
2563,CTU44,2011-08-14T22:20:00+00:00,RBot,0.9972046982341628,Neris,0.9960092454542075,0.0229998078603093,24.48297867724881,"[""state_directionality_change"", ""state_syn_rate_change"", ""state_rst_rate_change""]",LOW
2564,CTU44,2011-08-14T22:21:00+00:00,RBot,0.9981865868519748,Murlo,0.9975262249286404,0.0158344290659601,6.894538061573594,"[""state_directionality_change"", ""state_syn_rate_change"", ""state_port_diversity_change""]",LOW
2565,CTU44,2011-08-14T22:22:00+00:00,RBot,0.9783082254986646,DonBot,0.9667003039264584,0.1290005309913208,18.38541805620954,"[""state_directionality_change"", ""state_top_probability_change"", ""state_entropy_change""]",LOW
2566,CTU44,2011-08-14T22:23:00+00:00,RBot,0.9980558506241698,Murlo,0.9973091747998096,0.0167810481600462,22.598499157601438,"[""state_directionality_change"", ""state_syn_rate_change"", ""state_top_probability_change""]",LOW
2567,CTU44,2011-08-14T22:24:00+00:00,RBot,0.99833095998724,Murlo,0.9976784527754528,0.0147136679860278,1.68669953640157,"[""state_directionality_change"", ""state_syn_rate_change"", ""state_rst_rate_change""]",LOW
2568,CTU44,2011-08-14T22:25:00+00:00,RBot,0.998448902039966,Murlo,0.9978600039780884,0.0138101855335799,1.6221976186797278,"[""state_directionality_change"", ""state_syn_rate_change"", ""state_rst_rate_change""]",LOW
2569,CTU44,2011-08-14T22:26:00+00:00,RBot,0.986829896305206,Murlo,0.9796719276593738,0.0843416399596566,4.375723746889101,"[""state_directionality_change"", ""state_fin_rate_change"", ""state_ack_rate_change""]",LOW
2570,CTU44,2011-08-14T22:27:00+00:00,RBot,0.9946245320391164,Murlo,0.9922920127043732,0.0410679739642873,24.528810352380777,"[""state_directionality_change"", ""state_syn_rate_change"", ""state_ack_rate_change""]",LOW
2571,CTU44,2011-08-14T22:28:00+00:00,RBot,0.9985419911154806,Murlo,0.997987200324645,0.0131082213850288,12.680981399706935,"[""state_directionality_change"", ""state_syn_rate_change"", ""state_port_diversity_change""]",LOW
2572,CTU44,2011-08-14T22:29:00+00:00,RBot,0.997814499724158,Neris,0.9967748091141176,0.0184322707147259,14.444255900561984,"[""state_directionality_change"", ""state_syn_rate_change"", ""state_rst_rate_change""]",LOW
2573,CTU44,2011-08-14T22:30:00+00:00,RBot,0.9950905753709164,Murlo,0.993100732541798,0.0375087724941252,6.257603253719991,"[""state_directionality_change"", ""state_syn_rate_change"", ""state_rst_rate_change""]",LOW
2574,CTU44,2011-08-14T22:31:00+00:00,RBot,0.99564434812338,Murlo,0.9938703878708246,0.0343452513085102,21.647606368487814,"[""state_directionality_change"", ""state_packet_rate_change"", ""state_byte_rate_change""]",LOW
2575,CTU44,2011-08-14T22:32:00+00:00,RBot,0.9962175595889656,Murlo,0.9945485387830728,0.0300054085766701,13.751009503861011,"[""state_directionality_change"", ""state_syn_rate_change"", ""state_port_diversity_change""]",LOW
2576,CTU44,2011-08-14T22:33:00+00:00,RBot,0.977925980346836,Neris,0.9633973182577796,0.1283694264971935,15.872001962055387,"[""state_directionality_change"", ""state_syn_rate_change"", ""state_byte_rate_change""]",LOW
2577,CTU44,2011-08-14T22:34:00+00:00,RBot,0.9955626347510882,Murlo,0.993158901221124,0.0336022817435581,7.543648110742162,"[""state_directionality_change"", ""state_byte_rate_change"", ""state_syn_rate_change""]",LOW
2578,CTU44,2011-08-14T22:35:00+00:00,RBot,0.9877216638664956,Murlo,0.9809726813868994,0.0799628301627885,1.851988666996344,"[""state_directionality_change"", ""state_syn_rate_change"", ""state_fin_rate_change""]",LOW
2579,CTU44,2011-08-14T22:36:00+00:00,RBot,0.9942117261228453,Murlo,0.9912405940102282,0.0420190674288127,4.9412348245141535,"[""state_directionality_change"", ""state_syn_rate_change"", ""state_fin_rate_change""]",LOW
2580,CTU44,2011-08-14T22:37:00+00:00,RBot,0.9961172805011632,Murlo,0.9942602197099996,0.0301355156847159,4.059682635808662,"[""state_directionality_change"", ""state_syn_rate_change"", ""state_port_diversity_change""]",LOW
2581,CTU44,2011-08-14T22:38:00+00:00,RBot,0.9958633729512812,Murlo,0.9938505751228276,0.0317072567170291,1.4802352284438758,"[""state_directionality_change"", ""state_rst_rate_change"", ""state_destination_diversity_change""]",LOW
2582,CTU44,2011-08-14T22:39:00+00:00,RBot,0.9928353769788582,Murlo,0.989457167836458,0.0503715041488009,1.7970487915537865,"[""state_directionality_change"", ""state_rst_rate_change"", ""state_syn_rate_change""]",LOW
2583,CTU44,2011-08-14T22:40:00+00:00,RBot,0.9927052436142094,Murlo,0.9892002977433524,0.0511686897096167,3.98771356081441,"[""state_directionality_change"", ""state_syn_rate_change"", ""state_destination_diversity_change""]",LOW
2584,CTU44,2011-08-14T22:41:00+00:00,RBot,0.9941664842694498,Murlo,0.9912756619967468,0.0425194201080964,4.987035689783674,"[""state_directionality_change"", ""state_syn_rate_change"", ""state_rst_rate_change""]",LOW
2585,CTU44,2011-08-14T22:42:00+00:00,RBot,0.99338191589632,Murlo,0.9902070766696612,0.0473891727232661,5.623975930072393,"[""state_directionality_change"", ""state_syn_rate_change"", ""state_rst_rate_change""]",LOW
2586,CTU44,2011-08-14T22:43:00+00:00,RBot,0.9932069841145308,Murlo,0.9897615767609204,0.0479931788101731,1.7248857678891343,"[""state_syn_rate_change"", ""state_directionality_change"", ""state_packet_rate_change""]",LOW
2587,CTU44,2011-08-14T22:44:00+00:00,RBot,0.99242425389949,Murlo,0.9881418809579624,0.0533361696233322,9.111553813505115,"[""state_directionality_change"", ""state_syn_rate_change"", ""state_rst_rate_change""]",LOW
2588,CTU44,2011-08-14T22:45:00+00:00,RBot,0.9961538634024908,Murlo,0.9941208150342284,0.0298268445377565,4.081138273903839,"[""state_directionality_change"", ""state_syn_rate_change"", ""state_port_diversity_change""]",LOW
2589,CTU44,2011-08-14T22:46:00+00:00,RBot,0.9962291382611456,Murlo,0.9943909427465696,0.0293628077443234,1.6825132998331422,"[""state_directionality_change"", ""state_syn_rate_change"", ""state_rst_rate_change""]",LOW
2590,CTU44,2011-08-14T22:47:00+00:00,RBot,0.99771200803994,Neris,0.9968303682972472,0.0193467386198451,4.637628560273156,"[""state_directionality_change"", ""state_syn_rate_change"", ""state_destination_diversity_change""]",LOW
2591,CTU44,2011-08-14T22:48:00+00:00,RBot,0.9978063576398034,Murlo,0.9969112378766292,0.0187500869148877,1.5994652619141256,"[""state_syn_rate_change"", ""state_directionality_change"", ""state_packet_rate_change""]",LOW
2592,CTU44,2011-08-14T22:49:00+00:00,RBot,0.9952188594724116,Murlo,0.9935235724148064,0.0372958055178984,17.971668033692016,"[""state_directionality_change"", ""state_syn_rate_change"", ""state_port_diversity_change""]",LOW
2593,CTU44,2011-08-14T22:50:00+00:00,RBot,0.9944205153568292,Murlo,0.9920839331874188,0.0425191504709968,3.1245614885582422,"[""state_directionality_change"", ""state_syn_rate_change"", ""state_packet_rate_change""]",LOW
2594,CTU44,2011-08-14T22:51:00+00:00,RBot,0.9983862584212848,Murlo,0.9977113071531976,0.0142962221772913,12.650415470129792,"[""state_directionality_change"", ""state_syn_rate_change"", ""state_destination_diversity_change""]",LOW
2595,CTU44,2011-08-14T22:52:00+00:00,RBot,0.9978441644682262,Murlo,0.9969120216264432,0.0184479559857513,4.743209357493803,"[""state_directionality_change"", ""state_rst_rate_change"", ""state_packet_rate_change""]",LOW
2596,CTU44,2011-08-14T22:53:00+00:00,RBot,0.9984328067260594,Murlo,0.997856598113002,0.0139462200365127,4.129707362042336,"[""state_directionality_change"", ""state_destination_diversity_change"", ""state_syn_rate_change""]",LOW
2597,CTU44,2011-08-14T22:54:00+00:00,RBot,0.9945064940588548,Murlo,0.9916030563509108,0.0407268863822172,6.838797533801191,"[""state_directionality_change"", ""state_syn_rate_change"", ""state_rst_rate_change""]",LOW
2598,CTU44,2011-08-14T22:55:00+00:00,RBot,0.994714225750382,Murlo,0.9921776049258196,0.0392743177852435,1.803183045920738,"[""state_syn_rate_change"", ""state_rst_rate_change"", ""state_packet_rate_change""]",LOW
2599,CTU44,2011-08-14T22:56:00+00:00,RBot,0.9922337130200404,Murlo,0.988387105968968,0.0543883362618895,8.409109561179797,"[""state_directionality_change"", ""state_syn_rate_change"", ""state_rst_rate_change""]",LOW
2600,CTU44,2011-08-14T22:57:00+00:00,RBot,0.9887012649303988,Murlo,0.9823448962520864,0.0731448098333466,2.1753364316212407,"[""state_syn_rate_change"", ""state_directionality_change"", ""state_packet_rate_change""]",LOW
2601,CTU44,2011-08-14T22:58:00+00:00,RBot,0.9980622121185329,Neris,0.9972810604791312,0.0166558274674185,10.495475650330308,"[""state_directionality_change"", ""state_syn_rate_change"", ""state_packet_rate_change""]",LOW
2602,CTU44,2011-08-14T22:59:00+00:00,RBot,0.9984406005407368,Neris,0.9978718383802216,0.0138663455874087,1.2931133815629456,"[""state_directionality_change"", ""state_destination_diversity_change"", ""state_port_diversity_change""]",LOW
2603,CTU44,2011-08-14T23:00:00+00:00,RBot,0.9952442953356452,Murlo,0.9929891676616284,0.0359507019038179,13.229567986708076,"[""state_directionality_change"", ""state_syn_rate_change"", ""state_rst_rate_change""]",LOW
2604,CTU44,2011-08-14T23:01:00+00:00,RBot,0.995476584891992,Murlo,0.993883142689478,0.0356474572875494,12.5921089439331,"[""state_directionality_change"", ""state_destination_diversity_change"", ""state_port_diversity_change""]",LOW
2605,CTU44,2011-08-14T23:02:00+00:00,RBot,0.9967899730801432,Murlo,0.9951631538928472,0.0258664304188687,13.056097301753809,"[""state_directionality_change"", ""state_syn_rate_change"", ""state_destination_diversity_change""]",LOW
2606,CTU44,2011-08-14T23:03:00+00:00,RBot,0.9982752848261018,Murlo,0.9975428714303416,0.0151493561972219,6.32626307863352,"[""state_directionality_change"", ""state_syn_rate_change"", ""state_rst_rate_change""]",LOW
2607,CTU44,2011-08-14T23:04:00+00:00,RBot,0.9948779739283744,Murlo,0.9922283038804964,0.0379258485683064,6.424370310730464,"[""state_directionality_change"", ""state_rst_rate_change"", ""state_destination_diversity_change""]",LOW
2608,CTU44,2011-08-14T23:05:00+00:00,RBot,0.9965012642210568,Murlo,0.9947717129495576,0.0277799294821063,2.1058560602416523,"[""state_directionality_change"", ""state_syn_rate_change"", ""state_ack_rate_change""]",LOW
2609,CTU44,2011-08-14T23:06:00+00:00,RBot,0.9983209765277388,Murlo,0.997682054901906,0.0148095286043136,5.277412864059502,"[""state_directionality_change"", ""state_syn_rate_change"", ""state_rst_rate_change""]",LOW
2610,CTU44,2011-08-14T23:07:00+00:00,RBot,0.9982484386585432,Neris,0.9975839652315274,0.0153854613869578,5.066228969009913,"[""state_directionality_change"", ""state_syn_rate_change"", ""state_rst_rate_change""]",LOW
2611,CTU44,2011-08-14T23:08:00+00:00,RBot,0.9972260249295356,Neris,0.9961439218358268,0.0229402617604076,10.182351540055864,"[""state_directionality_change"", ""state_syn_rate_change"", ""state_rst_rate_change""]",LOW
2612,CTU44,2011-08-14T23:09:00+00:00,RBot,0.9971236524527104,Neris,0.9956042159455388,0.0232364670731087,10.051429679959263,"[""state_directionality_change"", ""state_syn_rate_change"", ""state_rst_rate_change""]",LOW
2613,CTU44,2011-08-14T23:10:00+00:00,RBot,0.9982315932530422,Murlo,0.9974998529735182,0.0154788280752568,8.980033312145773,"[""state_syn_rate_change"", ""state_directionality_change"", ""state_rst_rate_change""]",LOW
2614,CTU44,2011-08-14T23:11:00+00:00,RBot,0.9944221101505256,Murlo,0.9912770800573978,0.0407566819340842,6.985384744733037,"[""state_directionality_change"", ""state_syn_rate_change"", ""state_rst_rate_change""]",LOW
2615,CTU44,2011-08-14T23:12:00+00:00,RBot,0.982685280409562,Murlo,0.9742763345244564,0.1062644073420508,17.763649977042224,"[""state_directionality_change"", ""state_syn_rate_change"", ""state_destination_diversity_change""]",LOW
2616,CTU44,2011-08-14T23:13:00+00:00,RBot,0.9883077814439752,Murlo,0.982725825295942,0.0776741048374954,1.71838318179511,"[""state_directionality_change"", ""state_syn_rate_change"", ""state_destination_diversity_change""]",LOW
2617,CTU44,2011-08-14T23:14:00+00:00,RBot,0.9949414030534834,Murlo,0.9920689145405316,0.0377150816201216,26.022721028883296,"[""state_directionality_change"", ""state_syn_rate_change"", ""state_rst_rate_change""]",LOW
2618,CTU44,2011-08-14T23:15:00+00:00,RBot,0.9939591384371366,Murlo,0.9909320930863426,0.0440462960736537,7.8286494257907835,"[""state_directionality_change"", ""state_syn_rate_change"", ""state_rst_rate_change""]",LOW
2619,CTU44,2011-08-14T23:16:00+00:00,RBot,0.9891370066890176,Murlo,0.9826650798484704,0.0710652610687828,5.930187180349353,"[""state_directionality_change"", ""state_syn_rate_change"", ""state_rst_rate_change""]",LOW
2620,CTU44,2011-08-14T23:17:00+00:00,RBot,0.9934551646684034,Murlo,0.9899359813514964,0.0470319899515496,5.365869039135095,"[""state_directionality_change"", ""state_syn_rate_change"", ""state_rst_rate_change""]",LOW
2621,CTU44,2011-08-14T23:18:00+00:00,RBot,0.9951248139772196,Murlo,0.9924641638663796,0.0367264133166609,4.019959318414231,"[""state_directionality_change"", ""state_syn_rate_change"", ""state_destination_diversity_change""]",LOW
2622,CTU44,2011-08-14T23:19:00+00:00,RBot,0.9937691492775298,Murlo,0.9903553698595504,0.0453226238184056,2.1112096374097247,"[""state_directionality_change"", ""state_syn_rate_change"", ""state_rst_rate_change""]",LOW
2623,CTU44,2011-08-14T23:20:00+00:00,RBot,0.9924513217391464,Murlo,0.9887946880135756,0.0530902429419004,0.7667478025748634,"[""state_packet_rate_change"", ""state_syn_rate_change"", ""state_byte_rate_change""]",LOW
2624,CTU44,2011-08-14T23:21:00+00:00,RBot,0.9948464252579976,Murlo,0.9919940330104924,0.0383476988765834,2.8909046697076044,"[""state_syn_rate_change"", ""state_directionality_change"", ""state_destination_diversity_change""]",LOW
2625,CTU44,2011-08-14T23:22:00+00:00,RBot,0.9977666521993432,Murlo,0.9968562953826088,0.0190000624654571,5.414647073927138,"[""state_directionality_change"", ""state_syn_rate_change"", ""state_packet_rate_change""]",LOW
2626,CTU44,2011-08-14T23:23:00+00:00,RBot,0.984431779614278,Murlo,0.976601380065422,0.0999008966193498,11.883705741966613,"[""state_directionality_change"", ""state_syn_rate_change"", ""state_rst_rate_change""]",LOW
2627,CTU44,2011-08-14T23:24:00+00:00,RBot,0.9974225399548826,Murlo,0.996499598404111,0.0217067663743489,30.851191513781497,"[""state_directionality_change"", ""state_syn_rate_change"", ""state_rst_rate_change""]",LOW
2628,CTU44,2011-08-14T23:25:00+00:00,RBot,0.998405599464997,Murlo,0.997761965340674,0.0141177129564448,23.346736924806304,"[""state_directionality_change"", ""state_syn_rate_change"", ""state_rst_rate_change""]",LOW
2629,CTU44,2011-08-14T23:26:00+00:00,RBot,0.9955216335592229,Murlo,0.9939306195102156,0.0352923712261886,23.968206877632582,"[""state_directionality_change"", ""state_syn_rate_change"", ""state_rst_rate_change""]",LOW
2630,CTU44,2011-08-14T23:27:00+00:00,RBot,0.9982072084911164,Murlo,0.9975434299297182,0.0156881768849038,23.695424127287044,"[""state_directionality_change"", ""state_syn_rate_change"", ""state_rst_rate_change""]",LOW
2631,CTU44,2011-08-14T23:28:00+00:00,RBot,0.99518691267799,Murlo,0.9933735440297192,0.0374190687643216,23.48704374876837,"[""state_directionality_change"", ""state_rst_rate_change"", ""state_syn_rate_change""]",LOW
2632,CTU44,2011-08-14T23:29:00+00:00,RBot,0.9823285783071802,Murlo,0.9726428026027656,0.1067988453071747,21.659921139039458,"[""state_directionality_change"", ""state_syn_rate_change"", ""state_top_probability_change""]",LOW
2633,CTU44,2011-08-14T23:30:00+00:00,RBot,0.9812946293660592,Murlo,0.9718526997315302,0.1155908495258577,9.34369209730665,"[""state_directionality_change"", ""state_syn_rate_change"", ""state_rst_rate_change""]",LOW
2634,CTU44,2011-08-14T23:31:00+00:00,RBot,0.9946458972204584,Murlo,0.9917846243026968,0.0399259584809744,3.982572373427199,"[""state_syn_rate_change"", ""state_fin_rate_change"", ""state_ack_rate_change""]",LOW
2635,CTU44,2011-08-14T23:32:00+00:00,RBot,0.9913556087637702,Murlo,0.9869374107004568,0.059476577373362,15.474342321294557,"[""state_directionality_change"", ""state_syn_rate_change"", ""state_rst_rate_change""]",LOW
2636,CTU44,2011-08-14T23:33:00+00:00,RBot,0.9863959168619786,Murlo,0.9803068231221976,0.0874398749061456,12.779375866712106,"[""state_directionality_change"", ""state_port_diversity_change"", ""state_syn_rate_change""]",LOW
2637,CTU44,2011-08-14T23:34:00+00:00,RBot,0.980525299568732,Murlo,0.9704931321760732,0.1157866241482261,21.180346356052922,"[""state_directionality_change"", ""state_rst_rate_change"", ""state_ack_rate_change""]",LOW
2638,CTU44,2011-08-14T23:35:00+00:00,RBot,0.9980945342524415,Murlo,0.9973657386575808,0.0165076076787475,5.902002017827013,"[""state_directionality_change"", ""state_syn_rate_change"", ""state_top_probability_change""]",LOW
2639,CTU44,2011-08-14T23:36:00+00:00,RBot,0.9687563068663494,DonBot,0.9518276612123836,0.1715317097706322,26.6910717187702,"[""state_directionality_change"", ""state_syn_rate_change"", ""state_top_probability_change""]",LOW
2640,CTU44,2011-08-14T23:37:00+00:00,RBot,0.994046418952507,Murlo,0.9910096461355064,0.0429389106132664,13.852315489009067,"[""state_directionality_change"", ""state_top_probability_change"", ""state_entropy_change""]",LOW
2641,CTU44,2011-08-14T23:38:00+00:00,RBot,0.9977041298274733,Murlo,0.9968373916642084,0.0195510219083801,5.17132925814414,"[""state_directionality_change"", ""state_rst_rate_change"", ""state_syn_rate_change""]",LOW
2642,CTU44,2011-08-14T23:39:00+00:00,RBot,0.9979328681914414,Murlo,0.9971393822443424,0.0177847316642776,5.0707592876622405,"[""state_directionality_change"", ""state_rst_rate_change"", ""state_syn_rate_change""]",LOW
2643,CTU44,2011-08-14T23:40:00+00:00,RBot,0.9980976747712744,Murlo,0.9973530410702068,0.0165423085656893,9.342570092402683,"[""state_directionality_change"", ""state_rst_rate_change"", ""state_syn_rate_change""]",LOW
2644,CTU44,2011-08-14T23:41:00+00:00,RBot,0.9984059538320336,Murlo,0.9977247990399069,0.0141584313658563,9.336494851413592,"[""state_directionality_change"", ""state_syn_rate_change"", ""state_rst_rate_change""]",LOW
2645,CTU44,2011-08-14T23:42:00+00:00,RBot,0.9945367350649968,Murlo,0.9921489900659044,0.0415973360231203,12.581939326556338,"[""state_directionality_change"", ""state_syn_rate_change"", ""state_port_diversity_change""]",LOW
2646,CTU44,2011-08-14T23:43:00+00:00,RBot,0.995194941168572,Murlo,0.9930765780333468,0.0368112657328534,19.308545132110456,"[""state_directionality_change"", ""state_packet_rate_change"", ""state_syn_rate_change""]",LOW
2647,CTU44,2011-08-14T23:44:00+00:00,RBot,0.9845027801271244,Murlo,0.975767587194722,0.0974788079204308,1.775840996346183,"[""state_rst_rate_change"", ""state_top_probability_change"", ""state_entropy_change""]",LOW
2648,CTU44,2011-08-14T23:45:00+00:00,RBot,0.9985733901173276,Murlo,0.9980245820537552,0.012847335466179,4.748443123168553,"[""state_directionality_change"", ""state_top_probability_change"", ""state_entropy_change""]",LOW
2649,CTU44,2011-08-14T23:46:00+00:00,RBot,0.9984102651780564,Murlo,0.9977547690611152,0.0140970532686392,2.0310300111602415,"[""state_directionality_change"", ""state_syn_rate_change"", ""state_port_diversity_change""]",LOW
2650,CTU44,2011-08-14T23:47:00+00:00,RBot,0.9975026686135112,Murlo,0.9965496063261692,0.0210489461904142,7.154300353671739,"[""state_directionality_change"", ""state_syn_rate_change"", ""state_rst_rate_change""]",LOW
2651,CTU44,2011-08-14T23:48:00+00:00,RBot,0.9986133628780748,Murlo,0.9980592958155138,0.0125075786938148,4.541243072445431,"[""state_directionality_change"", ""state_syn_rate_change"", ""state_destination_diversity_change""]",LOW
2652,CTU44,2011-08-14T23:49:00+00:00,RBot,0.997650456507101,Murlo,0.9966243842942168,0.0198669008045129,4.563252189754067,"[""state_directionality_change"", ""state_syn_rate_change"", ""state_packet_rate_change""]",LOW
2653,CTU44,2011-08-14T23:50:00+00:00,RBot,0.9977547250225578,Murlo,0.9967874523204008,0.0191241206037551,5.141519823984225,"[""state_directionality_change"", ""state_rst_rate_change"", ""state_syn_rate_change""]",LOW
2654,CTU44,2011-08-14T23:51:00+00:00,RBot,0.981233947438558,Murlo,0.9714637114316272,0.1162739263249778,18.32916041774176,"[""state_directionality_change"", ""state_rst_rate_change"", ""state_syn_rate_change""]",LOW
2655,CTU44,2011-08-14T23:52:00+00:00,RBot,0.9950420274279228,Murlo,0.9929822191502464,0.0383868310294183,30.86033580052595,"[""state_directionality_change"", ""state_rst_rate_change"", ""state_syn_rate_change""]",LOW
2656,CTU44,2011-08-14T23:53:00+00:00,RBot,0.9950679394510574,Murlo,0.993197292894086,0.0383852249606637,1.0187889326710369,"[""state_directionality_change"", ""state_syn_rate_change"", ""state_destination_diversity_change""]",LOW
2657,CTU44,2011-08-14T23:54:00+00:00,RBot,0.9959721982302812,Murlo,0.9936970224404004,0.0310153711490206,25.455280825596997,"[""state_directionality_change"", ""state_syn_rate_change"", ""state_rst_rate_change""]",LOW
2658,CTU44,2011-08-14T23:55:00+00:00,RBot,0.9895036187650628,Murlo,0.9831840657232368,0.0700752969759069,1.5778593088501183,"[""state_rst_rate_change"", ""state_fin_rate_change"", ""state_directionality_change""]",LOW
2659,CTU44,2011-08-14T23:56:00+00:00,RBot,0.9921619367384,Murlo,0.9881466782169956,0.0549299601528438,14.146422549377759,"[""state_directionality_change"", ""state_syn_rate_change"", ""state_rst_rate_change""]",LOW
2660,CTU44,2011-08-14T23:57:00+00:00,RBot,0.9983335668860934,Murlo,0.9977142674971284,0.0146801316444702,9.81702672729096,"[""state_directionality_change"", ""state_syn_rate_change"", ""state_rst_rate_change""]",LOW
2661,CTU44,2011-08-14T23:58:00+00:00,RBot,0.9949764224537876,Murlo,0.992378419044534,0.037233825864769,9.5423015714697,"[""state_directionality_change"", ""state_syn_rate_change"", ""state_rst_rate_change""]",LOW
2662,CTU44,2011-08-14T23:59:00+00:00,RBot,0.9895036877035972,Murlo,0.9845360565138996,0.0705601654690018,12.993530481546538,"[""state_directionality_change"", ""state_syn_rate_change"", ""state_port_diversity_change""]",LOW
2663,CTU44,2011-08-15T00:00:00+00:00,RBot,0.995850249110304,Murlo,0.99358193313081,0.0319936891351846,25.730321200590634,"[""state_directionality_change"", ""state_syn_rate_change"", ""state_rst_rate_change""]",LOW
2664,CTU44,2011-08-15T00:01:00+00:00,RBot,0.9945745973530252,Murlo,0.9916651401417106,0.0398159999609672,8.435392374876596,"[""state_directionality_change"", ""state_syn_rate_change"", ""state_rst_rate_change""]",LOW
2665,CTU44,2011-08-15T00:02:00+00:00,RBot,0.9910041089655818,Murlo,0.9865909585154778,0.0633321959375441,18.26913723399079,"[""state_directionality_change"", ""state_syn_rate_change"", ""state_rst_rate_change""]",LOW
2666,CTU44,2011-08-15T00:03:00+00:00,RBot,0.9953135642143788,Murlo,0.9927342023795296,0.0354800577186413,13.407033241211417,"[""state_directionality_change"", ""state_byte_rate_change"", ""state_packet_rate_change""]",LOW
2667,CTU44,2011-08-15T00:04:00+00:00,RBot,0.9896015178371788,Murlo,0.9843358280134796,0.0701667676970572,12.827627527423319,"[""state_directionality_change"", ""state_top_probability_change"", ""state_entropy_change""]",LOW
2668,CTU44,2011-08-15T00:05:00+00:00,RBot,0.995603983604261,Murlo,0.9933307646584,0.0333810462835742,21.12644602241593,"[""state_directionality_change"", ""state_syn_rate_change"", ""state_rst_rate_change""]",LOW
2669,CTU44,2011-08-15T00:06:00+00:00,RBot,0.9762162483302452,DonBot,0.963513476914515,0.1390959782221134,21.97950157207705,"[""state_directionality_change"", ""state_syn_rate_change"", ""state_top_probability_change""]",LOW
2670,CTU44,2011-08-15T00:07:00+00:00,RBot,0.991819017942156,Murlo,0.98701195755633,0.0560311487251254,13.2591534084518,"[""state_directionality_change"", ""state_top_probability_change"", ""state_entropy_change""]",LOW
2671,CTU44,2011-08-15T00:08:00+00:00,RBot,0.9942303177481558,Murlo,0.9911337310840244,0.0425564549588295,10.210607178052292,"[""state_directionality_change"", ""state_syn_rate_change"", ""state_rst_rate_change""]",LOW
2672,CTU44,2011-08-15T00:09:00+00:00,RBot,0.9950173861836492,Murlo,0.9924472755582352,0.0373104260356013,5.29665154499624,"[""state_directionality_change"", ""state_rst_rate_change"", ""state_destination_diversity_change""]",LOW
2673,CTU44,2011-08-15T00:10:00+00:00,RBot,0.9982992741865342,Neris,0.9976748700571836,0.0149490533816999,4.173102405496153,"[""state_directionality_change"", ""state_syn_rate_change"", ""state_port_diversity_change""]",LOW
2674,CTU44,2011-08-15T00:11:00+00:00,RBot,0.9531220729146154,Murlo,0.9335592122393784,0.2483642381606646,11.603854229509887,"[""state_directionality_change"", ""state_syn_rate_change"", ""state_top_probability_change""]",LOW
2675,CTU44,2011-08-15T00:12:00+00:00,RBot,0.99391831157536,Murlo,0.990634426454708,0.0439877168256669,6.745282117663063,"[""state_directionality_change"", ""state_top_probability_change"", ""state_entropy_change""]",LOW
2676,CTU44,2011-08-15T00:13:00+00:00,RBot,0.9957103774813209,Murlo,0.993754118456502,0.033379351819856,8.828545202630677,"[""state_directionality_change"", ""state_syn_rate_change"", ""state_packet_rate_change""]",LOW
2677,CTU44,2011-08-15T00:14:00+00:00,RBot,0.9984360023284864,Murlo,0.9978576122674728,0.0139410391961547,5.404297643969365,"[""state_packet_rate_change"", ""state_directionality_change"", ""state_byte_rate_change""]",LOW
2678,CTU44,2011-08-15T00:15:00+00:00,RBot,0.9908073156651036,Murlo,0.9864352373562038,0.0618037774152833,1.5912214090362384,"[""state_syn_rate_change"", ""state_entropy_change"", ""state_top_probability_change""]",LOW
2679,CTU44,2011-08-15T00:16:00+00:00,RBot,0.9979690211501612,Murlo,0.9972511792459252,0.0176025983740204,4.7094757527389355,"[""state_directionality_change"", ""state_destination_diversity_change"", ""state_entropy_change""]",LOW
2680,CTU44,2011-08-15T00:17:00+00:00,RBot,0.9811894516807866,Murlo,0.9705872913241324,0.1145623758784049,9.100912535673753,"[""state_directionality_change"", ""state_rst_rate_change"", ""state_top_probability_change""]",LOW
2681,CTU44,2011-08-15T00:18:00+00:00,RBot,0.9950033579784414,Murlo,0.993106260897392,0.0387404837562544,26.02051393821951,"[""state_directionality_change"", ""state_rst_rate_change"", ""state_ack_rate_change""]",LOW
2682,CTU44,2011-08-15T00:19:00+00:00,RBot,0.99842924571839,Murlo,0.99782760559913,0.0139852990525469,21.16818313866789,"[""state_directionality_change"", ""state_rst_rate_change"", ""state_destination_diversity_change""]",LOW
2683,CTU44,2011-08-15T00:20:00+00:00,RBot,0.9767565978761832,Murlo,0.9651097082125616,0.1393101245323116,10.742975153771328,"[""state_directionality_change"", ""state_rst_rate_change"", ""state_syn_rate_change""]",LOW
2684,CTU44,2011-08-15T00:21:00+00:00,RBot,0.9826491437451624,Murlo,0.9719026204283772,0.1055179495329041,8.909401686855857,"[""state_directionality_change"", ""state_rst_rate_change"", ""state_syn_rate_change""]",LOW
2685,CTU44,2011-08-15T00:22:00+00:00,RBot,0.9823031496848732,Murlo,0.9720503815198318,0.1084652298213257,4.914856988491935,"[""state_directionality_change"", ""state_fin_rate_change"", ""state_ack_rate_change""]",LOW
2686,CTU44,2011-08-15T00:23:00+00:00,RBot,0.9819909526159868,Murlo,0.9721482667570251,0.1107816681112316,1.6723433379085149,"[""state_rst_rate_change"", ""state_destination_diversity_change"", ""state_syn_rate_change""]",LOW
2687,CTU44,2011-08-15T00:24:00+00:00,RBot,0.9914361450821396,Murlo,0.9884564458228366,0.0618464109474014,26.917236217994418,"[""state_directionality_change"", ""state_syn_rate_change"", ""state_rst_rate_change""]",LOW
2688,CTU44,2011-08-15T00:25:00+00:00,RBot,0.9980455793242112,Murlo,0.997304343678483,0.0168940723963742,22.256255049194422,"[""state_directionality_change"", ""state_syn_rate_change"", ""state_destination_diversity_change""]",LOW
2689,CTU44,2011-08-15T00:26:00+00:00,RBot,0.9944787233387286,Murlo,0.992113914033912,0.0413859254415907,4.432662607779443,"[""state_directionality_change"", ""state_syn_rate_change"", ""state_rst_rate_change""]",LOW
2690,CTU44,2011-08-15T00:27:00+00:00,RBot,0.9983536820577176,Murlo,0.9977607110081356,0.0146105124241773,3.3972833174032737,"[""state_directionality_change"", ""state_destination_diversity_change"", ""state_syn_rate_change""]",LOW
2691,CTU44,2011-08-15T00:28:00+00:00,RBot,0.983273710113224,Murlo,0.9737204145323346,0.103958231307223,8.06095548791894,"[""state_directionality_change"", ""state_syn_rate_change"", ""state_rst_rate_change""]",LOW
2692,CTU44,2011-08-15T00:29:00+00:00,RBot,0.985490953550294,Murlo,0.9770193200721408,0.0911901635504513,4.899975660850569,"[""state_directionality_change"", ""state_syn_rate_change"", ""state_rst_rate_change""]",LOW
2693,CTU44,2011-08-15T00:30:00+00:00,RBot,0.9800718465162348,Murlo,0.9678169760546532,0.1184377919737236,3.2712426139236044,"[""state_directionality_change"", ""state_syn_rate_change"", ""state_destination_diversity_change""]",LOW
2694,CTU44,2011-08-15T00:31:00+00:00,RBot,0.9975075082724496,Murlo,0.9966374348433557,0.0210111083047871,5.187367533766861,"[""state_directionality_change"", ""state_top_probability_change"", ""state_entropy_change""]",LOW
2695,CTU44,2011-08-15T00:32:00+00:00,RBot,0.9925382432276274,Murlo,0.98843246010822,0.0529520149477847,8.123965812004373,"[""state_directionality_change"", ""state_syn_rate_change"", ""state_destination_diversity_change""]",LOW
2696,CTU44,2011-08-15T00:33:00+00:00,RBot,0.9852112607861224,Murlo,0.977017862407586,0.0924465539366101,5.383394304367527,"[""state_syn_rate_change"", ""state_directionality_change"", ""state_packet_rate_change""]",LOW
2697,CTU44,2011-08-15T00:34:00+00:00,RBot,0.9842228954888445,Murlo,0.976140298865462,0.0982152331488086,20.667740879285773,"[""state_directionality_change"", ""state_rst_rate_change"", ""state_ack_rate_change""]",LOW
2698,CTU44,2011-08-15T00:35:00+00:00,RBot,0.9803423143598448,Murlo,0.9686106923240104,0.1171178228011748,26.27370765089873,"[""state_directionality_change"", ""state_syn_rate_change"", ""state_rst_rate_change""]",LOW
2699,CTU44,2011-08-15T00:36:00+00:00,RBot,0.9809548931260575,Murlo,0.9709630953185556,0.116099299516661,25.66768878272381,"[""state_directionality_change"", ""state_syn_rate_change"", ""state_rst_rate_change""]",LOW
2700,CTU44,2011-08-15T00:37:00+00:00,RBot,0.9926306875893736,Murlo,0.9892881013896804,0.0515404863315355,13.191407346146853,"[""state_directionality_change"", ""state_top_probability_change"", ""state_entropy_change""]",LOW
2701,CTU44,2011-08-15T00:38:00+00:00,RBot,0.972352768460216,DonBot,0.9551866578439238,0.1540627421402179,13.64711047312126,"[""state_directionality_change"", ""state_top_probability_change"", ""state_entropy_change""]",LOW
2702,CTU44,2011-08-15T00:39:00+00:00,RBot,0.9768909700925912,Murlo,0.9649524708763944,0.1328846954554804,24.242417482690854,"[""state_directionality_change"", ""state_syn_rate_change"", ""state_destination_diversity_change""]",LOW
2703,CTU44,2011-08-15T00:40:00+00:00,RBot,0.984322142094347,Murlo,0.9748985291128376,0.0956018285504985,7.633708876286796,"[""state_directionality_change"", ""state_syn_rate_change"", ""state_packet_rate_change""]",LOW
2704,CTU44,2011-08-15T00:41:00+00:00,RBot,0.9793514800619229,Murlo,0.9681052538342232,0.1214059634906832,3.7276663349323105,"[""state_directionality_change"", ""state_syn_rate_change"", ""state_rst_rate_change""]",LOW
2705,CTU44,2011-08-15T00:42:00+00:00,RBot,0.9731829393446496,DonBot,0.9585504304079608,0.1514790607016328,19.667957294891856,"[""state_directionality_change"", ""state_port_diversity_change"", ""state_ack_rate_change""]",LOW
2706,CTU44,2011-08-15T00:43:00+00:00,RBot,0.984185313815195,Murlo,0.974879639173455,0.097429792670022,13.470859130100635,"[""state_directionality_change"", ""state_top_probability_change"", ""state_syn_rate_change""]",LOW
2707,CTU44,2011-08-15T00:44:00+00:00,RBot,0.9542385380371082,DonBot,0.929196203439504,0.2337392716639287,15.300777102188398,"[""state_directionality_change"", ""state_top_probability_change"", ""state_entropy_change""]",LOW
2708,CTU44,2011-08-15T00:45:00+00:00,RBot,0.9890017195024466,DonBot,0.9836811421634104,0.0720414232943814,14.663550128249506,"[""state_directionality_change"", ""state_top_probability_change"", ""state_entropy_change""]",LOW
2709,CTU44,2011-08-15T00:46:00+00:00,RBot,0.9780705838660402,DonBot,0.9658787108189372,0.1287677115974661,13.965236449542926,"[""state_directionality_change"", ""state_syn_rate_change"", ""state_top_probability_change""]",LOW
2710,CTU44,2011-08-15T00:47:00+00:00,RBot,0.9650437435730302,DonBot,0.9452566683147744,0.1871190971766474,4.28653757522406,"[""state_directionality_change"", ""state_syn_rate_change"", ""state_top_probability_change""]",LOW
2711,CTU44,2011-08-15T00:48:00+00:00,RBot,0.9864083544590152,Murlo,0.979227585071843,0.0855224110040614,13.386209848436174,"[""state_directionality_change"", ""state_top_probability_change"", ""state_entropy_change""]",LOW
2712,CTU44,2011-08-15T00:49:00+00:00,RBot,0.9745325585768252,DonBot,0.96058327338777,0.145257986620249,13.213551931167004,"[""state_directionality_change"", ""state_top_probability_change"", ""state_entropy_change""]",LOW
2713,CTU44,2011-08-15T00:50:00+00:00,RBot,0.9774758239230624,Murlo,0.9644186918575446,0.1286701207134753,13.16127844008057,"[""state_directionality_change"", ""state_syn_rate_change"", ""state_destination_diversity_change""]",LOW
2714,CTU44,2011-08-15T00:51:00+00:00,RBot,0.9707405081783718,DonBot,0.9523994164005064,0.1609596041552209,13.995640024767718,"[""state_directionality_change"", ""state_syn_rate_change"", ""state_destination_diversity_change""]",LOW
2715,CTU44,2011-08-15T00:52:00+00:00,RBot,0.989612062534682,DonBot,0.984738193475583,0.0687437542063731,13.774810781321856,"[""state_directionality_change"", ""state_top_probability_change"", ""state_entropy_change""]",LOW
2716,CTU44,2011-08-15T00:53:00+00:00,RBot,0.9780705838660402,DonBot,0.9658787108189372,0.1287677115974661,13.604370776715504,"[""state_directionality_change"", ""state_top_probability_change"", ""state_entropy_change""]",LOW
2717,CTU44,2011-08-15T00:54:00+00:00,RBot,0.977978322264139,Murlo,0.965026706068678,0.1262911534190246,14.299520030283261,"[""state_directionality_change"", ""state_syn_rate_change"", ""state_port_diversity_change""]",LOW
2718,CTU44,2011-08-15T00:55:00+00:00,RBot,0.9713259265981194,DonBot,0.9557813687098448,0.1599344204822484,13.146222360800232,"[""state_directionality_change"", ""state_syn_rate_change"", ""state_top_probability_change""]",LOW
2719,CTU44,2011-08-15T00:56:00+00:00,RBot,0.9741653407155209,DonBot,0.9601237244869384,0.1470350439138203,0.8294407713624915,"[""state_directionality_change"", ""state_syn_rate_change"", ""state_destination_diversity_change""]",LOW
2720,CTU44,2011-08-15T00:57:00+00:00,RBot,0.980142245908262,DonBot,0.9711767966119622,0.119822406343274,13.218467032408439,"[""state_directionality_change"", ""state_syn_rate_change"", ""state_port_diversity_change""]",LOW
2721,CTU44,2011-08-15T00:58:00+00:00,RBot,0.9714870808582882,DonBot,0.9536602983214229,0.1576852996459823,13.685884683523554,"[""state_directionality_change"", ""state_destination_diversity_change"", ""state_syn_rate_change""]",LOW
2722,CTU44,2011-08-15T00:59:00+00:00,RBot,0.9901882340753466,Murlo,0.9857212327666396,0.0654083890095879,13.841181599355403,"[""state_directionality_change"", ""state_top_probability_change"", ""state_entropy_change""]",LOW
2723,CTU44,2011-08-15T01:00:00+00:00,RBot,0.9780705838660402,DonBot,0.9658787108189372,0.1287677115974661,13.282739517542913,"[""state_directionality_change"", ""state_top_probability_change"", ""state_entropy_change""]",LOW
2724,CTU44,2011-08-15T01:01:00+00:00,RBot,0.9756852227091538,Murlo,0.961807253393356,0.1370200744958301,14.659745084581756,"[""state_directionality_change"", ""state_syn_rate_change"", ""state_port_diversity_change""]",LOW
2725,CTU44,2011-08-15T01:02:00+00:00,RBot,0.985167335972914,Murlo,0.9781008309966176,0.0953537355350482,15.178925765729874,"[""state_directionality_change"", ""state_syn_rate_change"", ""state_top_probability_change""]",LOW
2726,CTU44,2011-08-15T01:03:00+00:00,RBot,0.9745325585768252,DonBot,0.96058327338777,0.145257986620249,1.881673657210591,"[""state_directionality_change"", ""state_top_probability_change"", ""state_entropy_change""]",LOW
2727,CTU44,2011-08-15T01:04:00+00:00,RBot,0.9785707747155004,Murlo,0.9659044299483196,0.1234751173939298,13.22028489920217,"[""state_directionality_change"", ""state_syn_rate_change"", ""state_destination_diversity_change""]",LOW
2728,CTU44,2011-08-15T01:05:00+00:00,RBot,0.980734810689646,DonBot,0.9710444295233704,0.1159748272839892,13.259385115794394,"[""state_directionality_change"", ""state_syn_rate_change"", ""state_destination_diversity_change""]",LOW
2729,CTU44,2011-08-15T01:06:00+00:00,RBot,0.9907172451462888,Murlo,0.9863864730238404,0.0624708052671872,13.386237573009005,"[""state_directionality_change"", ""state_syn_rate_change"", ""state_destination_diversity_change""]",LOW
2730,CTU44,2011-08-15T01:07:00+00:00,RBot,0.9677670404174368,DonBot,0.9509761325747098,0.1769489305267667,14.09483818076283,"[""state_directionality_change"", ""state_top_probability_change"", ""state_entropy_change""]",LOW
2731,CTU44,2011-08-15T01:08:00+00:00,RBot,0.9792104831057468,Murlo,0.9665981226620428,0.1203450965739644,23.456321098197098,"[""state_directionality_change"", ""state_syn_rate_change"", ""state_top_probability_change""]",LOW
2732,CTU44,2011-08-15T01:09:00+00:00,RBot,0.9666972756846736,Murlo,0.950216310024636,0.1787015129521285,10.26746455901165,"[""state_directionality_change"", ""state_syn_rate_change"", ""state_top_probability_change""]",LOW
2733,CTU44,2011-08-15T01:10:00+00:00,RBot,0.9745325585768252,DonBot,0.96058327338777,0.145257986620249,13.067556730306478,"[""state_directionality_change"", ""state_port_diversity_change"", ""state_top_probability_change""]",LOW
2734,CTU44,2011-08-15T01:11:00+00:00,RBot,0.9785707747155004,Murlo,0.9659044299483196,0.1234751173939298,13.220270855118898,"[""state_directionality_change"", ""state_syn_rate_change"", ""state_destination_diversity_change""]",LOW
2735,CTU44,2011-08-15T01:12:00+00:00,RBot,0.9577323133215104,DonBot,0.932585687878638,0.21771033648821,14.452388493613952,"[""state_directionality_change"", ""state_top_probability_change"", ""state_entropy_change""]",LOW
2736,CTU44,2011-08-15T01:13:00+00:00,RBot,0.990258745461156,DonBot,0.9857998177747966,0.064976800128444,14.578373701476968,"[""state_directionality_change"", ""state_top_probability_change"", ""state_entropy_change""]",LOW
2737,CTU44,2011-08-15T01:14:00+00:00,RBot,0.976868006584036,DonBot,0.9637164625446536,0.1341549965935906,13.352072040804307,"[""state_directionality_change"", ""state_top_probability_change"", ""state_entropy_change""]",LOW
2738,CTU44,2011-08-15T01:15:00+00:00,RBot,0.9766791665863492,Murlo,0.963014531210186,0.1323970498519079,14.560810262864257,"[""state_directionality_change"", ""state_syn_rate_change"", ""state_port_diversity_change""]",LOW
2739,CTU44,2011-08-15T01:16:00+00:00,RBot,0.975439309482358,DonBot,0.9616015441680528,0.1408989949624249,13.59814995846331,"[""state_directionality_change"", ""state_syn_rate_change"", ""state_port_diversity_change""]",LOW
2740,CTU44,2011-08-15T01:17:00+00:00,RBot,0.9849993855130544,Murlo,0.9768702145749726,0.0926892733931105,13.193601585700952,"[""state_directionality_change"", ""state_destination_diversity_change"", ""state_top_probability_change""]",LOW
2741,CTU44,2011-08-15T01:18:00+00:00,RBot,0.9648162216877232,DonBot,0.9447675432417036,0.1881177920824811,13.769034317572775,"[""state_directionality_change"", ""state_top_probability_change"", ""state_destination_diversity_change""]",LOW
2742,CTU44,2011-08-15T01:19:00+00:00,RBot,0.972705786118636,DonBot,0.9558159333252922,0.1525322851700473,1.5846867223751655,"[""state_directionality_change"", ""state_syn_rate_change"", ""state_top_probability_change""]",LOW
2743,CTU44,2011-08-15T01:20:00+00:00,RBot,0.987635380179589,Murlo,0.9819909258878624,0.0802088203799652,13.749843666874355,"[""state_directionality_change"", ""state_top_probability_change"", ""state_destination_diversity_change""]",LOW
2744,CTU44,2011-08-15T01:21:00+00:00,RBot,0.976868006584036,DonBot,0.9637164625446536,0.1341549965935906,13.247543697534054,"[""state_directionality_change"", ""state_top_probability_change"", ""state_entropy_change""]",LOW
2745,CTU44,2011-08-15T01:22:00+00:00,RBot,0.975044420542602,Murlo,0.9602438147445116,0.1404532538855415,13.865724842778159,"[""state_directionality_change"", ""state_syn_rate_change"", ""state_port_diversity_change""]",LOW
2746,CTU44,2011-08-15T01:23:00+00:00,RBot,0.9698048546673308,DonBot,0.9535018948426894,0.1667524921441719,13.174401350675586,"[""state_directionality_change"", ""state_syn_rate_change"", ""state_port_diversity_change""]",LOW
2747,CTU44,2011-08-15T01:24:00+00:00,RBot,0.9841542235151852,Murlo,0.975597278582375,0.0969855079157746,13.428955371538196,"[""state_directionality_change"", ""state_top_probability_change"", ""state_entropy_change""]",LOW
2748,CTU44,2011-08-15T01:25:00+00:00,RBot,0.9648162216877232,DonBot,0.9447675432417036,0.1881177920824811,13.778113760072282,"[""state_directionality_change"", ""state_top_probability_change"", ""state_syn_rate_change""]",LOW
2749,CTU44,2011-08-15T01:26:00+00:00,RBot,0.9712883904764072,DonBot,0.9535725698665628,0.1589331553385009,1.5118365552102484,"[""state_directionality_change"", ""state_syn_rate_change"", ""state_top_probability_change""]",LOW
2750,CTU44,2011-08-15T01:27:00+00:00,RBot,0.9875651672294844,DonBot,0.9812548896126444,0.0793432127246287,13.698970340814526,"[""state_directionality_change"", ""state_top_probability_change"", ""state_entropy_change""]",LOW
2751,CTU44,2011-08-15T01:28:00+00:00,RBot,0.9820325565092352,DonBot,0.9723814891847689,0.1096147708109568,12.934573741529185,"[""state_directionality_change"", ""state_top_probability_change"", ""state_syn_rate_change""]",LOW
2752,CTU44,2011-08-15T01:29:00+00:00,RBot,0.9723544957912136,Murlo,0.95719603089999,0.1519857048736547,14.363337633434831,"[""state_directionality_change"", ""state_syn_rate_change"", ""state_top_probability_change""]",LOW
2753,CTU44,2011-08-15T01:30:00+00:00,RBot,0.9698048546673308,DonBot,0.9535018948426894,0.1667524921441719,12.916519232295087,"[""state_directionality_change"", ""state_syn_rate_change"", ""state_port_diversity_change""]",LOW
2754,CTU44,2011-08-15T01:31:00+00:00,RBot,0.9800819011074016,Murlo,0.9698788891402214,0.1168996792692247,13.206682914390933,"[""state_directionality_change"", ""state_syn_rate_change"", ""state_destination_diversity_change""]",LOW
2755,CTU44,2011-08-15T01:32:00+00:00,RBot,0.9436834130892674,DonBot,0.9163779511755236,0.2758688599428621,14.644902650018759,"[""state_directionality_change"", ""state_top_probability_change"", ""state_entropy_change""]",LOW
2756,CTU44,2011-08-15T01:33:00+00:00,RBot,0.9712883904764072,DonBot,0.9535725698665628,0.1589331553385009,2.432911443377153,"[""state_top_probability_change"", ""state_entropy_change"", ""state_syn_rate_change""]",LOW
2757,CTU44,2011-08-15T01:34:00+00:00,RBot,0.9875651672294844,DonBot,0.9812548896126444,0.0793432127246287,13.698999223868592,"[""state_directionality_change"", ""state_top_probability_change"", ""state_entropy_change""]",LOW
2758,CTU44,2011-08-15T01:35:00+00:00,RBot,0.976868006584036,DonBot,0.9637164625446536,0.1341549965935906,13.123789289230892,"[""state_directionality_change"", ""state_top_probability_change"", ""state_entropy_change""]",LOW
2759,CTU44,2011-08-15T01:36:00+00:00,RBot,0.97382830840788,Murlo,0.9595806644611792,0.1454532244258614,13.930326468512177,"[""state_directionality_change"", ""state_syn_rate_change"", ""state_port_diversity_change""]",LOW
2760,CTU44,2011-08-15T01:37:00+00:00,RBot,0.9698048546673308,DonBot,0.9535018948426894,0.1667524921441719,12.993528364730395,"[""state_directionality_change"", ""state_syn_rate_change"", ""state_port_diversity_change""]",LOW
2761,CTU44,2011-08-15T01:38:00+00:00,RBot,0.9800819011074016,Murlo,0.9698788891402214,0.1168996792692247,13.206754082485084,"[""state_directionality_change"", ""state_syn_rate_change"", ""state_destination_diversity_change""]",LOW
2762,CTU44,2011-08-15T01:39:00+00:00,RBot,0.96611930721248,DonBot,0.9471083517678413,0.1826068993834353,13.4870310227272,"[""state_directionality_change"", ""state_syn_rate_change"", ""state_destination_diversity_change""]",LOW
2763,CTU44,2011-08-15T01:40:00+00:00,RBot,0.9773200417617596,DonBot,0.9655828291893382,0.1301448249208278,12.775677265542145,"[""state_directionality_change"", ""state_top_probability_change"", ""state_syn_rate_change""]",LOW
2764,CTU44,2011-08-15T01:41:00+00:00,RBot,0.9752027143352032,DonBot,0.9602033081167182,0.1414265285806361,13.34340481063114,"[""state_directionality_change"", ""state_syn_rate_change"", ""state_port_diversity_change""]",LOW
2765,CTU44,2011-08-15T01:42:00+00:00,RBot,0.9880321008491064,Murlo,0.982627169942032,0.0784848343439172,1.5054781524082277,"[""state_top_probability_change"", ""state_entropy_change"", ""state_directionality_change""]",LOW
2766,CTU44,2011-08-15T01:43:00+00:00,RBot,0.9850224704775898,Murlo,0.9755188068040884,0.0916929057762278,13.959655950746786,"[""state_directionality_change"", ""state_syn_rate_change"", ""state_port_diversity_change""]",LOW
2767,CTU44,2011-08-15T01:44:00+00:00,RBot,0.982162725239754,Murlo,0.9735127177156933,0.110275553757513,13.311678465067594,"[""state_directionality_change"", ""state_syn_rate_change"", ""state_entropy_change""]",LOW
2768,CTU44,2011-08-15T01:45:00+00:00,RBot,0.9950344380293712,Murlo,0.9927456270140316,0.0369135947966855,13.263583164896636,"[""state_directionality_change"", ""state_top_probability_change"", ""state_entropy_change""]",LOW
2769,CTU44,2011-08-15T01:46:00+00:00,RBot,0.9836516214632716,Murlo,0.9760017708734644,0.1014728825745085,13.352410627983183,"[""state_directionality_change"", ""state_top_probability_change"", ""state_destination_diversity_change""]",LOW
2770,CTU44,2011-08-15T01:47:00+00:00,RBot,0.9936520969668547,DonBot,0.9905654430475036,0.0455362866927887,13.003691223221637,"[""state_directionality_change"", ""state_top_probability_change"", ""state_entropy_change""]",LOW
2771,CTU44,2011-08-15T01:48:00+00:00,RBot,0.9876991726708682,Murlo,0.982163172378266,0.0808479695120098,13.86212369144217,"[""state_directionality_change"", ""state_syn_rate_change"", ""state_top_probability_change""]",LOW
2772,CTU44,2011-08-15T01:49:00+00:00,RBot,0.9854916786574875,DonBot,0.9787738154073056,0.0917030262220423,1.2442366306177661,"[""state_directionality_change"", ""state_syn_rate_change"", ""state_byte_rate_change""]",LOW
2773,CTU44,2011-08-15T01:50:00+00:00,RBot,0.9902835417019114,Murlo,0.9846880137868448,0.0644208666255335,13.885025815400425,"[""state_directionality_change"", ""state_syn_rate_change"", ""state_port_diversity_change""]",LOW
2774,CTU44,2011-08-15T01:51:00+00:00,RBot,0.9848305142932656,Murlo,0.9772881210280256,0.0953548417789906,13.096036257085336,"[""state_directionality_change"", ""state_syn_rate_change"", ""state_port_diversity_change""]",LOW
2775,CTU44,2011-08-15T01:52:00+00:00,RBot,0.9454349055837094,DonBot,0.9151455021587288,0.266017336275856,27.0753675954838,"[""state_directionality_change"", ""state_top_probability_change"", ""state_entropy_change""]",LOW
2776,CTU44,2011-08-15T01:53:00+00:00,RBot,0.9867176122464002,Murlo,0.9805480112787724,0.0860186773151558,27.36515134062976,"[""state_directionality_change"", ""state_top_probability_change"", ""state_entropy_change""]",LOW
2777,CTU44,2011-08-15T01:54:00+00:00,RBot,0.9933091236767078,DonBot,0.9900536336389254,0.0475489018402704,12.909643938042201,"[""state_directionality_change"", ""state_top_probability_change"", ""state_entropy_change""]",LOW
2778,CTU44,2011-08-15T01:55:00+00:00,RBot,0.9877798216661974,DonBot,0.9821959590155024,0.0801818904933364,13.647529651231933,"[""state_directionality_change"", ""state_syn_rate_change"", ""state_top_probability_change""]",LOW
2779,CTU44,2011-08-15T01:56:00+00:00,RBot,0.980264862782461,Murlo,0.9710409064893508,0.1194902599430085,1.1452240678508745,"[""state_destination_diversity_change"", ""state_top_probability_change"", ""state_entropy_change""]",LOW
2780,CTU44,2011-08-15T01:57:00+00:00,RBot,0.9850224704775898,Murlo,0.9755188068040884,0.0916929057762278,14.35456428535006,"[""state_directionality_change"", ""state_syn_rate_change"", ""state_top_probability_change""]",LOW
2781,CTU44,2011-08-15T01:58:00+00:00,RBot,0.9864806694437565,Murlo,0.9801225135574294,0.0873222985855625,13.327489924042132,"[""state_directionality_change"", ""state_syn_rate_change"", ""state_byte_rate_change""]",LOW
2782,CTU44,2011-08-15T01:59:00+00:00,RBot,0.9951281278430212,Murlo,0.99289233242753,0.0363181411331689,12.973513664165827,"[""state_directionality_change"", ""state_top_probability_change"", ""state_entropy_change""]",LOW
2783,CTU44,2011-08-15T02:00:00+00:00,RBot,0.9827194730877996,Murlo,0.974417022976282,0.1061551258219434,13.326416772070347,"[""state_directionality_change"", ""state_top_probability_change"", ""state_entropy_change""]",LOW
2784,CTU44,2011-08-15T02:01:00+00:00,RBot,0.9936520969668547,DonBot,0.9905654430475036,0.0455362866927887,12.947199657532275,"[""state_directionality_change"", ""state_top_probability_change"", ""state_entropy_change""]",LOW
2785,CTU44,2011-08-15T02:02:00+00:00,RBot,0.986207224585908,Murlo,0.978904542997687,0.0872017777483788,9.584203769365,"[""state_directionality_change"", ""state_syn_rate_change"", ""state_rst_rate_change""]",LOW
2786,CTU44,2011-08-15T02:03:00+00:00,RBot,0.9868032439314024,Murlo,0.9806626719743576,0.0849301699969164,21.39355785652044,"[""state_directionality_change"", ""state_syn_rate_change"", ""state_rst_rate_change""]",LOW
2787,CTU44,2011-08-15T02:04:00+00:00,RBot,0.9975651339960684,Murlo,0.9965759743398388,0.0204788906558013,21.308824865910587,"[""state_directionality_change"", ""state_rst_rate_change"", ""state_top_probability_change""]",LOW
2788,CTU44,2011-08-15T02:05:00+00:00,RBot,0.9863308893721858,Murlo,0.97853424333632,0.0880129069412522,7.476789699228406,"[""state_directionality_change"", ""state_syn_rate_change"", ""state_rst_rate_change""]",LOW
2789,CTU44,2011-08-15T02:06:00+00:00,RBot,0.9849187974997384,Murlo,0.9768791918833932,0.0966975302990412,2.9223118502195717,"[""state_syn_rate_change"", ""state_rst_rate_change"", ""state_packet_rate_change""]",LOW
2790,CTU44,2011-08-15T02:07:00+00:00,RBot,0.995642557484672,Murlo,0.9936939686511148,0.0336597979743504,30.55507256451227,"[""state_directionality_change"", ""state_syn_rate_change"", ""state_rst_rate_change""]",LOW
2791,CTU44,2011-08-15T02:08:00+00:00,RBot,0.9802005959036382,Murlo,0.9689611680727406,0.1213501767069257,27.118024111139633,"[""state_directionality_change"", ""state_syn_rate_change"", ""state_rst_rate_change""]",LOW
2792,CTU44,2011-08-15T02:09:00+00:00,RBot,0.9951472579067956,Murlo,0.9925854901541508,0.03664596308609,5.0694329929173705,"[""state_directionality_change"", ""state_port_diversity_change"", ""state_top_probability_change""]",LOW
2793,CTU44,2011-08-15T02:10:00+00:00,RBot,0.9929117310444696,Murlo,0.9885438090034931,0.0500608519540261,10.45676075326709,"[""state_directionality_change"", ""state_syn_rate_change"", ""state_rst_rate_change""]",LOW
2794,CTU44,2011-08-15T02:11:00+00:00,RBot,0.9850988926390952,Murlo,0.9768110427291532,0.0947316750197361,15.216739688012197,"[""state_directionality_change"", ""state_syn_rate_change"", ""state_rst_rate_change""]",LOW
2795,CTU44,2011-08-15T02:12:00+00:00,RBot,0.9900117972552214,Murlo,0.985065953384144,0.0678863957468909,27.497943617608666,"[""state_directionality_change"", ""state_syn_rate_change"", ""state_rst_rate_change""]",LOW
2796,CTU44,2011-08-15T02:13:00+00:00,RBot,0.99528354364245,Murlo,0.992936547132898,0.0353767722766777,17.12626460331798,"[""state_directionality_change"", ""state_syn_rate_change"", ""state_rst_rate_change""]",LOW
2797,CTU44,2011-08-15T02:14:00+00:00,RBot,0.9944024911022415,Murlo,0.9919555094223824,0.0411958451707075,4.99539037715171,"[""state_directionality_change"", ""state_syn_rate_change"", ""state_rst_rate_change""]",LOW
2798,CTU44,2011-08-15T02:15:00+00:00,RBot,0.9938836760930416,DonBot,0.9912035932789632,0.0443925304773473,4.926037860433044,"[""state_directionality_change"", ""state_syn_rate_change"", ""state_rst_rate_change""]",LOW
2799,CTU44,2011-08-15T02:16:00+00:00,RBot,0.9956234085273458,Murlo,0.9935061273793344,0.033235811572891,4.1315936434862275,"[""state_directionality_change"", ""state_destination_diversity_change"", ""state_syn_rate_change""]",LOW
2800,CTU44,2011-08-15T02:17:00+00:00,RBot,0.9857620229196709,Murlo,0.9779112269829056,0.0915253178912022,7.945075976030693,"[""state_directionality_change"", ""state_rst_rate_change"", ""state_syn_rate_change""]",LOW
2801,CTU44,2011-08-15T02:18:00+00:00,RBot,0.9980918783367012,Murlo,0.9973710839077868,0.0165854955474819,11.710511604548623,"[""state_directionality_change"", ""state_syn_rate_change"", ""state_rst_rate_change""]",LOW
2802,CTU44,2011-08-15T02:19:00+00:00,RBot,0.9982171266334692,Murlo,0.9975281054444808,0.015541761071573,7.6254117750158334,"[""state_directionality_change"", ""state_syn_rate_change"", ""state_rst_rate_change""]",LOW
2803,CTU44,2011-08-15T02:20:00+00:00,RBot,0.9772570948992428,Murlo,0.9628463509406204,0.1328855614816429,4.150130011047199,"[""state_directionality_change"", ""state_top_probability_change"", ""state_entropy_change""]",LOW
2804,CTU44,2011-08-15T02:21:00+00:00,RBot,0.9837546711277784,Murlo,0.9757718620975732,0.101430597401714,3.5625998417993245,"[""state_directionality_change"", ""state_syn_rate_change"", ""state_destination_diversity_change""]",LOW
2805,CTU44,2011-08-15T02:22:00+00:00,RBot,0.982109841060682,Murlo,0.9714558104668248,0.1105946987619855,4.24165269935374,"[""state_directionality_change"", ""state_syn_rate_change"", ""state_rst_rate_change""]",LOW
2806,CTU44,2011-08-15T02:23:00+00:00,RBot,0.9881112151775376,Murlo,0.9816229345002556,0.078676626383425,1.7687497812715984,"[""state_syn_rate_change"", ""state_port_diversity_change"", ""state_directionality_change""]",LOW
2807,CTU44,2011-08-15T02:24:00+00:00,RBot,0.9935516980000016,Murlo,0.990903971889018,0.0481787773103297,21.65506487115066,"[""state_directionality_change"", ""state_syn_rate_change"", ""state_rst_rate_change""]",LOW
2808,CTU44,2011-08-15T02:25:00+00:00,RBot,0.9846092432509648,Murlo,0.976294307260368,0.096401498431571,24.53782174294257,"[""state_directionality_change"", ""state_ack_rate_change"", ""state_fin_rate_change""]",LOW
2809,CTU44,2011-08-15T02:26:00+00:00,RBot,0.9825921518860216,Murlo,0.9723769652910756,0.1067055201318327,2.434784740915514,"[""state_directionality_change"", ""state_syn_rate_change"", ""state_destination_diversity_change""]",LOW
2810,CTU44,2011-08-15T02:27:00+00:00,RBot,0.9947872593872706,Murlo,0.9919191389278602,0.0384928466961165,8.62443940480262,"[""state_directionality_change"", ""state_fin_rate_change"", ""state_ack_rate_change""]",LOW
2811,CTU44,2011-08-15T02:28:00+00:00,RBot,0.9979040428700864,Murlo,0.9971182982947,0.0179771131408576,4.246225957951464,"[""state_directionality_change"", ""state_port_diversity_change"", ""state_byte_rate_change""]",LOW
2812,CTU44,2011-08-15T02:29:00+00:00,RBot,0.993827079159643,Murlo,0.9908198502155424,0.044454868056699,2.381930701909796,"[""state_directionality_change"", ""state_syn_rate_change"", ""state_rst_rate_change""]",LOW
2813,CTU44,2011-08-15T02:30:00+00:00,RBot,0.98780458020746,Murlo,0.9810664215379136,0.0792562047445772,2.8853572191863726,"[""state_directionality_change"", ""state_syn_rate_change"", ""state_fin_rate_change""]",LOW
2814,CTU44,2011-08-15T02:31:00+00:00,RBot,0.9833416688165172,Murlo,0.9731333894036664,0.1029577390651173,1.79199028833267,"[""state_directionality_change"", ""state_rst_rate_change"", ""state_syn_rate_change""]",LOW
2815,CTU44,2011-08-15T02:32:00+00:00,RBot,0.9948722678660432,Murlo,0.9920583189287248,0.0384252748720788,5.211225950322653,"[""state_directionality_change"", ""state_syn_rate_change"", ""state_rst_rate_change""]",LOW
2816,CTU44,2011-08-15T02:33:00+00:00,RBot,0.9851049657619484,Murlo,0.9770352823658204,0.0930434969184437,1.6866767924425676,"[""state_rst_rate_change"", ""state_top_probability_change"", ""state_entropy_change""]",LOW
2817,CTU44,2011-08-15T02:34:00+00:00,RBot,0.994607481543792,Murlo,0.9919310737114074,0.0399986072596551,9.203289648940569,"[""state_directionality_change"", ""state_syn_rate_change"", ""state_destination_diversity_change""]",LOW
2818,CTU44,2011-08-15T02:35:00+00:00,RBot,0.9852822516967306,Murlo,0.9777397555216852,0.0950973040859314,17.542485741680405,"[""state_directionality_change"", ""state_syn_rate_change"", ""state_rst_rate_change""]",LOW
2819,CTU44,2011-08-15T02:36:00+00:00,RBot,0.9859326938310782,Murlo,0.9795188847717978,0.0899490551363858,29.939193857900403,"[""state_directionality_change"", ""state_syn_rate_change"", ""state_rst_rate_change""]",LOW
2820,CTU44,2011-08-15T02:37:00+00:00,RBot,0.9878975614659008,Murlo,0.9807230636550722,0.0784633620841593,21.581619645700854,"[""state_directionality_change"", ""state_rst_rate_change"", ""state_ack_rate_change""]",LOW
2821,CTU44,2011-08-15T02:38:00+00:00,RBot,0.9981396203648264,Murlo,0.9974192053427956,0.0162130796723362,4.865025749646695,"[""state_directionality_change"", ""state_top_probability_change"", ""state_entropy_change""]",LOW
2822,CTU44,2011-08-15T02:39:00+00:00,RBot,0.9853852618634968,Murlo,0.97632750758443,0.0920896773097585,8.171637778340006,"[""state_directionality_change"", ""state_syn_rate_change"", ""state_top_probability_change""]",LOW
2823,CTU44,2011-08-15T02:40:00+00:00,RBot,0.998252216616472,Murlo,0.9975520157656412,0.0153663074798156,7.707399522569655,"[""state_directionality_change"", ""state_syn_rate_change"", ""state_top_probability_change""]",LOW
2824,CTU44,2011-08-15T02:41:00+00:00,RBot,0.9977280034173498,Murlo,0.9966301374708424,0.0192217964231042,5.145433679352032,"[""state_directionality_change"", ""state_syn_rate_change"", ""state_rst_rate_change""]",LOW
2825,CTU44,2011-08-15T02:42:00+00:00,RBot,0.9948880617112276,Murlo,0.9929166711707056,0.0395677973512426,12.962521850992871,"[""state_directionality_change"", ""state_syn_rate_change"", ""state_destination_diversity_change""]",LOW
2826,CTU44,2011-08-15T02:43:00+00:00,RBot,0.9983577153580322,Murlo,0.9977722149469808,0.0145701799596008,12.985211951646619,"[""state_directionality_change"", ""state_syn_rate_change"", ""state_packet_rate_change""]",LOW
2827,CTU44,2011-08-15T02:44:00+00:00,RBot,0.9972655010932294,Neris,0.9961066419254286,0.0226089681172238,10.335148267667696,"[""state_directionality_change"", ""state_syn_rate_change"", ""state_rst_rate_change""]",LOW
2828,CTU44,2011-08-15T02:45:00+00:00,RBot,0.9975725469698624,Murlo,0.996505968647812,0.0204270559399183,6.346139512432171,"[""state_directionality_change"", ""state_syn_rate_change"", ""state_packet_rate_change""]",LOW
2829,CTU44,2011-08-15T02:46:00+00:00,RBot,0.9984936199075662,Murlo,0.997903649858222,0.0134664907557584,4.948746026227641,"[""state_directionality_change"", ""state_syn_rate_change"", ""state_destination_diversity_change""]",LOW
2830,CTU44,2011-08-15T02:47:00+00:00,RBot,0.9935567870481138,Murlo,0.9903874629844864,0.0476832396699387,21.396880527406392,"[""state_directionality_change"", ""state_syn_rate_change"", ""state_packet_rate_change""]",LOW
2831,CTU44,2011-08-15T02:48:00+00:00,RBot,0.9903714064916032,Murlo,0.9853237407522196,0.0644978798908274,12.42044590503808,"[""state_directionality_change"", ""state_syn_rate_change"", ""state_destination_diversity_change""]",LOW
2832,CTU44,2011-08-15T02:49:00+00:00,RBot,0.9945489925734944,Murlo,0.9919878178544976,0.0404770241072505,5.643325372867854,"[""state_directionality_change"", ""state_syn_rate_change"", ""state_rst_rate_change""]",LOW
2833,CTU44,2011-08-15T02:50:00+00:00,RBot,0.9913340922603268,Murlo,0.9873836481336696,0.0590444308423912,5.462580172949205,"[""state_directionality_change"", ""state_syn_rate_change"", ""state_rst_rate_change""]",LOW
2834,CTU44,2011-08-15T02:51:00+00:00,RBot,0.9892215164510268,Murlo,0.9840753376539204,0.072774954679527,12.854757023481136,"[""state_directionality_change"", ""state_syn_rate_change"", ""state_port_diversity_change""]",LOW
2835,CTU44,2011-08-15T02:52:00+00:00,RBot,0.992410503870772,Murlo,0.9878364629531188,0.0530106477869061,17.57959467398989,"[""state_directionality_change"", ""state_syn_rate_change"", ""state_rst_rate_change""]",LOW
2836,CTU44,2011-08-15T02:53:00+00:00,RBot,0.9953114684634684,Murlo,0.9927094356376004,0.0355906294567165,5.225140866984419,"[""state_directionality_change"", ""state_syn_rate_change"", ""state_destination_diversity_change""]",LOW
2837,CTU44,2011-08-15T02:54:00+00:00,RBot,0.9903958171341396,Murlo,0.9849369481963204,0.0645049154785429,5.550517720080315,"[""state_directionality_change"", ""state_syn_rate_change"", ""state_packet_rate_change""]",LOW
2838,CTU44,2011-08-15T02:55:00+00:00,RBot,0.9875051894381276,Murlo,0.9799160064763012,0.0811429610603206,9.956496708940568,"[""state_directionality_change"", ""state_syn_rate_change"", ""state_rst_rate_change""]",LOW
2839,CTU44,2011-08-15T02:56:00+00:00,RBot,0.98359603135816,Murlo,0.975990936066846,0.1043339248843633,27.136806577439046,"[""state_directionality_change"", ""state_syn_rate_change"", ""state_rst_rate_change""]",LOW
2840,CTU44,2011-08-15T02:57:00+00:00,RBot,0.99506592627867,Neris,0.9933919804089584,0.0383547308948988,1.7855419504257173,"[""state_packet_rate_change"", ""state_top_probability_change"", ""state_entropy_change""]",LOW
2841,CTU44,2011-08-15T02:58:00+00:00,RBot,0.987064619220648,Murlo,0.9801637460947143,0.0837794666473346,25.368981552707083,"[""state_directionality_change"", ""state_rst_rate_change"", ""state_syn_rate_change""]",LOW
2842,CTU44,2011-08-15T02:59:00+00:00,RBot,0.9820962876548428,Murlo,0.9731899654806636,0.1123899790299687,5.392776023207856,"[""state_directionality_change"", ""state_rst_rate_change"", ""state_packet_rate_change""]",LOW
2843,CTU44,2011-08-15T03:00:00+00:00,RBot,0.9962652410484116,Murlo,0.9943633429043398,0.0290575320968966,8.422223973804316,"[""state_directionality_change"", ""state_rst_rate_change"", ""state_ack_rate_change""]",LOW
2844,CTU44,2011-08-15T03:01:00+00:00,RBot,0.9952999227478324,Murlo,0.992736455709685,0.0354510549630294,2.9266908160099994,"[""state_directionality_change"", ""state_rst_rate_change"", ""state_port_diversity_change""]",LOW
2845,CTU44,2011-08-15T03:02:00+00:00,RBot,0.9937799967976966,Murlo,0.990970537195896,0.0448617586280789,8.394573141022127,"[""state_directionality_change"", ""state_rst_rate_change"", ""state_syn_rate_change""]",LOW
2846,CTU44,2011-08-15T03:03:00+00:00,RBot,0.9855217065890236,Murlo,0.9770761843200908,0.0921003430351689,8.94680774780725,"[""state_directionality_change"", ""state_packet_rate_change"", ""state_ack_rate_change""]",LOW
2847,CTU44,2011-08-15T03:04:00+00:00,RBot,0.9946478781270502,Neris,0.9925252498531648,0.0402393037259052,1.6876589294311473,"[""state_directionality_change"", ""state_top_probability_change"", ""state_entropy_change""]",LOW
2848,CTU44,2011-08-15T03:05:00+00:00,RBot,0.9946278089008532,Murlo,0.9918076712798184,0.0394978156976272,2.60367837201321,"[""state_directionality_change"", ""state_packet_rate_change"", ""state_byte_rate_change""]",LOW
2849,CTU44,2011-08-15T03:06:00+00:00,RBot,0.9905713970112786,Murlo,0.9860396429174874,0.0631902676837879,1.8986788603847948,"[""state_directionality_change"", ""state_syn_rate_change"", ""state_rst_rate_change""]",LOW
2850,CTU44,2011-08-15T03:07:00+00:00,RBot,0.9946522391825554,Murlo,0.991846612016348,0.0402949410763861,3.207793287172535,"[""state_syn_rate_change"", ""state_directionality_change"", ""state_packet_rate_change""]",LOW
2851,CTU44,2011-08-15T03:08:00+00:00,RBot,0.9968690617357068,Murlo,0.9955389799307822,0.0255367766331227,11.196635237743813,"[""state_directionality_change"", ""state_syn_rate_change"", ""state_packet_rate_change""]",LOW
2852,CTU44,2011-08-15T03:09:00+00:00,RBot,0.994702012561734,Neris,0.9927870579135788,0.0407168729163855,13.886243371434865,"[""state_directionality_change"", ""state_syn_rate_change"", ""state_destination_diversity_change""]",LOW
2853,CTU44,2011-08-15T03:10:00+00:00,RBot,0.9980528187498682,Murlo,0.9973272908640238,0.0169161324282482,17.48635455700172,"[""state_directionality_change"", ""state_syn_rate_change"", ""state_rst_rate_change""]",LOW
2854,CTU44,2011-08-15T03:11:00+00:00,RBot,0.988116408640018,Murlo,0.9811630513527724,0.0774832386469558,7.019556987249884,"[""state_directionality_change"", ""state_top_probability_change"", ""state_entropy_change""]",LOW
2855,CTU44,2011-08-15T03:12:00+00:00,RBot,0.9984192857850784,Murlo,0.9977928976245224,0.0140373556969841,3.3288557575829256,"[""state_directionality_change"", ""state_rst_rate_change"", ""state_syn_rate_change""]",LOW
2856,CTU44,2011-08-15T03:13:00+00:00,RBot,0.9979277359156152,Murlo,0.9970325942838676,0.0177977962803247,1.2296963019483382,"[""state_directionality_change"", ""state_rst_rate_change"", ""state_syn_rate_change""]",LOW
2857,CTU44,2011-08-15T03:14:00+00:00,RBot,0.9924058358253413,Murlo,0.9884640069420428,0.0532352881142296,6.746656137118204,"[""state_directionality_change"", ""state_syn_rate_change"", ""state_entropy_change""]",LOW
2858,CTU44,2011-08-15T03:15:00+00:00,RBot,0.9977429099918226,Murlo,0.996716757827628,0.0191658594575452,5.13808728846342,"[""state_directionality_change"", ""state_syn_rate_change"", ""state_rst_rate_change""]",LOW
2859,CTU44,2011-08-15T03:16:00+00:00,RBot,0.998349814273348,Murlo,0.9976401361567776,0.0145760494675359,5.014965784724552,"[""state_directionality_change"", ""state_syn_rate_change"", ""state_rst_rate_change""]",LOW
2860,CTU44,2011-08-15T03:17:00+00:00,RBot,0.9981650642654256,Murlo,0.9974999042667348,0.0160022490454607,4.211271254979658,"[""state_directionality_change"", ""state_syn_rate_change"", ""state_packet_rate_change""]",LOW
2861,CTU44,2011-08-15T03:18:00+00:00,RBot,0.9957368509802388,Murlo,0.9941592351263232,0.0338168141562983,21.30869569383263,"[""state_directionality_change"", ""state_syn_rate_change"", ""state_rst_rate_change""]",LOW
2862,CTU44,2011-08-15T03:19:00+00:00,RBot,0.9985518196498656,Murlo,0.9979743152997352,0.0130183630712288,17.643108254631247,"[""state_directionality_change"", ""state_syn_rate_change"", ""state_rst_rate_change""]",LOW
2863,CTU44,2011-08-15T03:20:00+00:00,RBot,0.9973332474557168,Murlo,0.9962401066225116,0.0221933788192848,5.468505499561771,"[""state_directionality_change"", ""state_syn_rate_change"", ""state_rst_rate_change""]",LOW
2864,CTU44,2011-08-15T03:21:00+00:00,RBot,0.6719953068123805,Murlo,0.5093950218909506,1.013575222496036,39.026465339980895,"[""state_directionality_change"", ""state_top_probability_change"", ""state_entropy_change""]",MEDIUM
2865,CTU44,2011-08-15T03:22:00+00:00,RBot,0.9949523716023287,Murlo,0.9923813095766788,0.0375614735682895,29.50134105560218,"[""state_top_probability_change"", ""state_entropy_change"", ""state_directionality_change""]",LOW
2866,CTU44,2011-08-15T03:23:00+00:00,RBot,0.9911768111316348,Murlo,0.9869181428659836,0.0605499963840776,5.60203621637105,"[""state_directionality_change"", ""state_destination_diversity_change"", ""state_syn_rate_change""]",LOW
2867,CTU44,2011-08-15T03:24:00+00:00,RBot,0.986310890916731,Murlo,0.9794171009552362,0.089058574093248,12.559225660242566,"[""state_directionality_change"", ""state_syn_rate_change"", ""state_rst_rate_change""]",LOW
2868,CTU44,2011-08-15T03:25:00+00:00,RBot,0.9970610848762832,Neris,0.995475077163778,0.0236278230021481,3.3411426399279835,"[""state_syn_rate_change"", ""state_fin_rate_change"", ""state_top_probability_change""]",LOW
2869,CTU44,2011-08-15T03:26:00+00:00,RBot,0.997465215138214,Murlo,0.9964195726907834,0.0211819257121625,16.881297594559758,"[""state_directionality_change"", ""state_syn_rate_change"", ""state_rst_rate_change""]",LOW
2870,CTU44,2011-08-15T03:27:00+00:00,RBot,0.9979206584586924,Neris,0.9969883767271532,0.0176720479945598,13.506507579914649,"[""state_directionality_change"", ""state_syn_rate_change"", ""state_rst_rate_change""]",LOW
2871,CTU44,2011-08-15T03:28:00+00:00,RBot,0.9956990181865129,Murlo,0.9934497347354032,0.0330122731500644,2.246409559433553,"[""state_directionality_change"", ""state_rst_rate_change"", ""state_syn_rate_change""]",LOW
2872,CTU44,2011-08-15T03:29:00+00:00,RBot,0.941992644621994,Neris,0.9120577599907213,0.2908406277493311,13.960571075892469,"[""state_syn_rate_change"", ""state_directionality_change"", ""state_top_probability_change""]",LOW
2873,CTU44,2011-08-15T03:30:00+00:00,RBot,0.9949291360270908,Murlo,0.9924900173811648,0.038380648223492,9.800137550461338,"[""state_syn_rate_change"", ""state_top_probability_change"", ""state_entropy_change""]",LOW
2874,CTU44,2011-08-15T03:31:00+00:00,RBot,0.9938042940857732,Murlo,0.9904803691536164,0.045253678146367,0.9769434942980838,"[""state_syn_rate_change"", ""state_destination_diversity_change"", ""state_directionality_change""]",LOW
2875,CTU44,2011-08-15T03:32:00+00:00,RBot,0.9941694769568132,Murlo,0.9910765754470916,0.0427583863032424,4.989453288683488,"[""state_syn_rate_change"", ""state_directionality_change"", ""state_rst_rate_change""]",LOW
2876,CTU44,2011-08-15T03:33:00+00:00,RBot,0.99599621868103,Murlo,0.9938399992809216,0.0308814177288306,2.5560469721097068,"[""state_syn_rate_change"", ""state_directionality_change"", ""state_rst_rate_change""]",LOW
2877,CTU44,2011-08-15T03:34:00+00:00,RBot,0.9938716450242848,Murlo,0.9914937364097416,0.045559305276253,9.48996006420802,"[""state_syn_rate_change"", ""state_directionality_change"", ""state_rst_rate_change""]",LOW
2878,CTU44,2011-08-15T03:35:00+00:00,RBot,0.9859987145966898,Murlo,0.9782615367567687,0.0893108413193657,16.523129751571844,"[""state_directionality_change"", ""state_syn_rate_change"", ""state_rst_rate_change""]",LOW
2879,CTU44,2011-08-15T03:36:00+00:00,RBot,0.9954966904779032,Murlo,0.9932250236871214,0.0340318271627776,4.734559771374317,"[""state_directionality_change"", ""state_syn_rate_change"", ""state_top_probability_change""]",LOW
2880,CTU44,2011-08-15T03:37:00+00:00,RBot,0.9963191279658156,Murlo,0.9944276524376636,0.028715824278691,4.613287073744222,"[""state_directionality_change"", ""state_syn_rate_change"", ""state_destination_diversity_change""]",LOW
2881,CTU44,2011-08-15T03:38:00+00:00,RBot,0.9855426194829122,Murlo,0.9763564196902352,0.0893143730417675,5.094374029447141,"[""state_directionality_change"", ""state_syn_rate_change"", ""state_top_probability_change""]",LOW
2882,CTU44,2011-08-15T03:39:00+00:00,RBot,0.994256499160932,Murlo,0.9914782553449808,0.0418088504587989,4.174219655646493,"[""state_directionality_change"", ""state_top_probability_change"", ""state_entropy_change""]",LOW
2883,CTU44,2011-08-15T03:40:00+00:00,RBot,0.995758782903729,Murlo,0.9935737092843792,0.0325942578453374,2.217204715894588,"[""state_syn_rate_change"", ""state_directionality_change"", ""state_rst_rate_change""]",LOW
2884,CTU44,2011-08-15T03:41:00+00:00,RBot,0.9931303303773956,Murlo,0.9900734454560384,0.0486564220086775,1.458279013662799,"[""state_directionality_change"", ""state_rst_rate_change"", ""state_port_diversity_change""]",LOW
2885,CTU44,2011-08-15T03:42:00+00:00,RBot,0.9981015980528076,Murlo,0.9974076928110674,0.0165387383215358,1.8947931303649306,"[""state_directionality_change"", ""state_rst_rate_change"", ""state_syn_rate_change""]",LOW
2886,CTU44,2011-08-15T03:43:00+00:00,RBot,0.9827338399707064,Murlo,0.973394687767138,0.1081252897668653,12.043906380345376,"[""state_directionality_change"", ""state_syn_rate_change"", ""state_rst_rate_change""]",LOW
2887,CTU44,2011-08-15T03:44:00+00:00,RBot,0.9934937124000508,Murlo,0.990196233830692,0.0470886748460972,16.05877811885504,"[""state_directionality_change"", ""state_syn_rate_change"", ""state_rst_rate_change""]",LOW
2888,CTU44,2011-08-15T03:45:00+00:00,RBot,0.994603224856826,Murlo,0.9921512313910252,0.0399146795766244,5.146971365095242,"[""state_directionality_change"", ""state_syn_rate_change"", ""state_rst_rate_change""]",LOW
2889,CTU44,2011-08-15T03:46:00+00:00,RBot,0.9843561892630726,Murlo,0.9760496506020704,0.097109915681969,13.538290394824715,"[""state_directionality_change"", ""state_syn_rate_change"", ""state_rst_rate_change""]",LOW
2890,CTU44,2011-08-15T03:47:00+00:00,RBot,0.9926737385672416,Murlo,0.9889628901095476,0.0511924998905513,9.003525891913476,"[""state_directionality_change"", ""state_rst_rate_change"", ""state_syn_rate_change""]",LOW
2891,CTU44,2011-08-15T03:48:00+00:00,RBot,0.9907637702832408,Murlo,0.9863838483853128,0.0621665234301995,4.978769950602798,"[""state_directionality_change"", ""state_syn_rate_change"", ""state_rst_rate_change""]",LOW
2892,CTU44,2011-08-15T03:49:00+00:00,RBot,0.9941687199253568,Murlo,0.991224585618978,0.0423030839521355,5.221877429580409,"[""state_directionality_change"", ""state_rst_rate_change"", ""state_syn_rate_change""]",LOW
2893,CTU44,2011-08-15T03:50:00+00:00,RBot,0.9948871626519498,Murlo,0.9923512855336414,0.0378923395492089,4.418631147092754,"[""state_directionality_change"", ""state_port_diversity_change"", ""state_ack_rate_change""]",LOW
2894,CTU44,2011-08-15T03:51:00+00:00,RBot,0.9959585047493013,Murlo,0.9938478000975796,0.0310555827199003,2.3522887358485938,"[""state_syn_rate_change"", ""state_directionality_change"", ""state_rst_rate_change""]",LOW
2895,CTU44,2011-08-15T03:52:00+00:00,RBot,0.9963921159133744,Murlo,0.9944606244527066,0.0282329797292407,1.9243710857821865,"[""state_syn_rate_change"", ""state_directionality_change"", ""state_packet_rate_change""]",LOW
2896,CTU44,2011-08-15T03:53:00+00:00,RBot,0.9952638798718492,Murlo,0.992770782222262,0.035469346306964,9.239649534254868,"[""state_directionality_change"", ""state_rst_rate_change"", ""state_syn_rate_change""]",LOW
2897,CTU44,2011-08-15T03:54:00+00:00,RBot,0.9962166416869354,Neris,0.9940024907395558,0.0292862830532465,22.254532265169292,"[""state_directionality_change"", ""state_syn_rate_change"", ""state_rst_rate_change""]",LOW
2898,CTU44,2011-08-15T03:55:00+00:00,RBot,0.9964751557805036,Neris,0.9940958751818108,0.0270412874977585,0.8662765126877168,"[""state_syn_rate_change"", ""state_port_diversity_change"", ""state_ack_rate_change""]",LOW
2899,CTU44,2011-08-15T03:56:00+00:00,RBot,0.996630794946182,Neris,0.995047273321752,0.0269100253817218,6.71846340193245,"[""state_syn_rate_change"", ""state_rst_rate_change"", ""state_directionality_change""]",LOW
2900,CTU44,2011-08-15T03:57:00+00:00,RBot,0.9981045917389636,Murlo,0.9974201731048188,0.0165763768901254,15.795724291207028,"[""state_directionality_change"", ""state_syn_rate_change"", ""state_rst_rate_change""]",LOW
2901,CTU44,2011-08-15T03:58:00+00:00,RBot,0.9931924766554696,Murlo,0.9908554766104376,0.0507124734522014,13.341273172898887,"[""state_directionality_change"", ""state_packet_rate_change"", ""state_entropy_change""]",LOW
2902,CTU44,2011-08-15T03:59:00+00:00,RBot,0.9978220165114132,Murlo,0.9969770679616218,0.0186868020716471,17.980590071599845,"[""state_directionality_change"", ""state_rst_rate_change"", ""state_packet_rate_change""]",LOW
2903,CTU44,2011-08-15T04:00:00+00:00,RBot,0.9920550309375744,Murlo,0.9878814362227628,0.0549182395289813,4.06597228915908,"[""state_directionality_change"", ""state_destination_diversity_change"", ""state_entropy_change""]",LOW
2904,CTU44,2011-08-15T04:01:00+00:00,RBot,0.994501759985496,Murlo,0.9918128107101584,0.0407513783976565,4.586422118373316,"[""state_directionality_change"", ""state_syn_rate_change"", ""state_destination_diversity_change""]",LOW
2905,CTU44,2011-08-15T04:02:00+00:00,RBot,0.9799902728540733,Murlo,0.9676487588889016,0.1166639851124161,5.782039933124367,"[""state_directionality_change"", ""state_syn_rate_change"", ""state_top_probability_change""]",LOW
2906,CTU44,2011-08-15T04:03:00+00:00,RBot,0.9982962865083412,Murlo,0.9976200066976072,0.0149937314887816,12.594136167417048,"[""state_directionality_change"", ""state_rst_rate_change"", ""state_top_probability_change""]",LOW
2907,CTU44,2011-08-15T04:04:00+00:00,RBot,0.9899832712693356,DonBot,0.9853011917728955,0.0667344123234738,11.881449603381421,"[""state_directionality_change"", ""state_rst_rate_change"", ""state_entropy_change""]",LOW
2908,CTU44,2011-08-15T04:05:00+00:00,RBot,0.966673925188253,DonBot,0.9477544065220784,0.1817654868548233,14.80119424443564,"[""state_directionality_change"", ""state_top_probability_change"", ""state_entropy_change""]",LOW
2909,CTU44,2011-08-15T04:06:00+00:00,RBot,0.9956364135640352,Murlo,0.9933032239275816,0.0332465002297513,28.18391952643275,"[""state_directionality_change"", ""state_syn_rate_change"", ""state_rst_rate_change""]",LOW
2910,CTU44,2011-08-15T04:07:00+00:00,RBot,0.9949334038449938,Murlo,0.9922261630943228,0.0381750727064509,3.1867938232619015,"[""state_directionality_change"", ""state_syn_rate_change"", ""state_rst_rate_change""]",LOW
2911,CTU44,2011-08-15T04:08:00+00:00,RBot,0.9749880172800198,DonBot,0.9613951217681028,0.1432593351478267,24.971289894806727,"[""state_directionality_change"", ""state_syn_rate_change"", ""state_top_probability_change""]",LOW
2912,CTU44,2011-08-15T04:09:00+00:00,RBot,0.9883170826386805,Murlo,0.982906037819562,0.0764662104764582,21.141440587801117,"[""state_directionality_change"", ""state_top_probability_change"", ""state_port_diversity_change""]",LOW
2913,CTU44,2011-08-15T04:10:00+00:00,RBot,0.9910440949923464,Murlo,0.9870958383895274,0.0633188434921343,21.05620429930218,"[""state_directionality_change"", ""state_destination_diversity_change"", ""state_port_diversity_change""]",LOW
2914,CTU44,2011-08-15T04:11:00+00:00,RBot,0.9942423548452324,Murlo,0.991220324962654,0.0424920402371332,27.59717709908485,"[""state_directionality_change"", ""state_syn_rate_change"", ""state_rst_rate_change""]",LOW
2915,CTU44,2011-08-15T04:12:00+00:00,RBot,0.9940305849275504,Murlo,0.9911848907832672,0.0430935026123674,10.168069850072735,"[""state_directionality_change"", ""state_syn_rate_change"", ""state_rst_rate_change""]",LOW
2916,CTU44,2011-08-15T04:13:00+00:00,RBot,0.978692640014997,Murlo,0.966233114903857,0.1230018783672679,6.188223335077072,"[""state_directionality_change"", ""state_syn_rate_change"", ""state_top_probability_change""]",LOW
2917,CTU44,2011-08-15T04:14:00+00:00,RBot,0.9854492817479548,Murlo,0.9772317011060294,0.0915056024021855,11.664495219330737,"[""state_directionality_change"", ""state_syn_rate_change"", ""state_rst_rate_change""]",LOW
2918,CTU44,2011-08-15T04:15:00+00:00,RBot,0.9893739932076128,Murlo,0.9841133321266928,0.0714408635710809,23.471086803379034,"[""state_directionality_change"", ""state_rst_rate_change"", ""state_ack_rate_change""]",LOW
2919,CTU44,2011-08-15T04:16:00+00:00,RBot,0.9842957712563744,Murlo,0.9755225526368152,0.0976262069899842,25.22920416210434,"[""state_directionality_change"", ""state_syn_rate_change"", ""state_rst_rate_change""]",LOW
2920,CTU44,2011-08-15T04:17:00+00:00,RBot,0.9943569220678928,Murlo,0.9917536111849824,0.0416881339914374,3.6552489050019807,"[""state_directionality_change"", ""state_destination_diversity_change"", ""state_top_probability_change""]",LOW
2921,CTU44,2011-08-15T04:18:00+00:00,RBot,0.9981060026704244,Murlo,0.997404859301436,0.0164484664792024,2.038129546038187,"[""state_directionality_change"", ""state_syn_rate_change"", ""state_rst_rate_change""]",LOW
2922,CTU44,2011-08-15T04:19:00+00:00,RBot,0.998468040901351,Murlo,0.9978623276264136,0.013684017396844,2.22028868614991,"[""state_directionality_change"", ""state_syn_rate_change"", ""state_destination_diversity_change""]",LOW
2923,CTU44,2011-08-15T04:20:00+00:00,RBot,0.9922097501965168,Murlo,0.9874785427372362,0.054612815856781,8.003093268045765,"[""state_directionality_change"", ""state_rst_rate_change"", ""state_syn_rate_change""]",LOW
2924,CTU44,2011-08-15T04:21:00+00:00,RBot,0.9852255730115066,Murlo,0.9776508004116912,0.0921935016253724,27.606416743349154,"[""state_directionality_change"", ""state_syn_rate_change"", ""state_rst_rate_change""]",LOW
2925,CTU44,2011-08-15T04:22:00+00:00,RBot,0.983117650899064,Murlo,0.973810680844674,0.10580549275191,31.432317456003062,"[""state_directionality_change"", ""state_syn_rate_change"", ""state_rst_rate_change""]",LOW
2926,CTU44,2011-08-15T04:23:00+00:00,RBot,0.9949121398546892,Murlo,0.9928781297292308,0.0387392245175239,8.318523551477657,"[""state_directionality_change"", ""state_syn_rate_change"", ""state_rst_rate_change""]",LOW
2927,CTU44,2011-08-15T04:24:00+00:00,RBot,0.9952632454127808,Murlo,0.9929919577832942,0.035508603075871,3.2242606268315632,"[""state_directionality_change"", ""state_syn_rate_change"", ""state_fin_rate_change""]",LOW
2928,CTU44,2011-08-15T04:25:00+00:00,RBot,0.9930243835931516,Murlo,0.989642109070427,0.0492947767481284,2.4414381996700736,"[""state_directionality_change"", ""state_ack_rate_change"", ""state_rst_rate_change""]",LOW
2929,CTU44,2011-08-15T04:26:00+00:00,RBot,0.99067595230215,Murlo,0.9857609436775168,0.0626587927353673,7.359082981865787,"[""state_directionality_change"", ""state_syn_rate_change"", ""state_rst_rate_change""]",LOW
2930,CTU44,2011-08-15T04:27:00+00:00,RBot,0.9899435365594744,Murlo,0.9852381870449124,0.0667272472845416,5.520873727976293,"[""state_directionality_change"", ""state_syn_rate_change"", ""state_destination_diversity_change""]",LOW
2931,CTU44,2011-08-15T04:28:00+00:00,RBot,0.9918600184617424,Murlo,0.9872591054275786,0.0557284514838476,7.2647358001091265,"[""state_directionality_change"", ""state_syn_rate_change"", ""state_rst_rate_change""]",LOW
2932,CTU44,2011-08-15T04:29:00+00:00,RBot,0.9749913712853632,DonBot,0.9630275954510816,0.1414421626517175,7.73143698848554,"[""state_directionality_change"", ""state_top_probability_change"", ""state_entropy_change""]",LOW
2933,CTU44,2011-08-15T04:30:00+00:00,RBot,0.9960715951297354,Murlo,0.9940561141770278,0.0304048723932711,9.7428525496125,"[""state_directionality_change"", ""state_syn_rate_change"", ""state_top_probability_change""]",LOW
2934,CTU44,2011-08-15T04:31:00+00:00,RBot,0.9936340295252076,Murlo,0.9905689099894128,0.0458819449970842,4.308895861749388,"[""state_directionality_change"", ""state_syn_rate_change"", ""state_port_diversity_change""]",LOW
2935,CTU44,2011-08-15T04:32:00+00:00,RBot,0.9896071312159576,Murlo,0.9840050686045644,0.0688029176162174,5.445864373442201,"[""state_directionality_change"", ""state_syn_rate_change"", ""state_rst_rate_change""]",LOW
2936,CTU44,2011-08-15T04:33:00+00:00,RBot,0.9960272593281618,Murlo,0.994461520947378,0.0315631284307831,5.012446546735444,"[""state_directionality_change"", ""state_rst_rate_change"", ""state_top_probability_change""]",LOW
2937,CTU44,2011-08-15T04:34:00+00:00,RBot,0.9931610201035764,Murlo,0.9897954732871086,0.0485396449641458,4.792931956057388,"[""state_directionality_change"", ""state_rst_rate_change"", ""state_syn_rate_change""]",LOW
2938,CTU44,2011-08-15T04:35:00+00:00,RBot,0.972817278920004,DonBot,0.9582327407968304,0.1536173483506666,13.5773915842783,"[""state_directionality_change"", ""state_top_probability_change"", ""state_entropy_change""]",LOW
2939,CTU44,2011-08-15T04:36:00+00:00,RBot,0.9895501749879656,Murlo,0.9834543889186742,0.068724548318575,13.110270709097257,"[""state_directionality_change"", ""state_top_probability_change"", ""state_entropy_change""]",LOW
2940,CTU44,2011-08-15T04:37:00+00:00,RBot,0.995118303465988,Murlo,0.9930946069266,0.0373436120217035,10.102746158904669,"[""state_directionality_change"", ""state_syn_rate_change"", ""state_fin_rate_change""]",LOW
2941,CTU44,2011-08-15T04:38:00+00:00,RBot,0.9884984666205352,Murlo,0.9820652620018888,0.0756879871208655,4.450856151247574,"[""state_directionality_change"", ""state_port_diversity_change"", ""state_top_probability_change""]",LOW
2942,CTU44,2011-08-15T04:39:00+00:00,RBot,0.9910356882951002,Murlo,0.9858014364356612,0.0615248519780695,9.110504035827963,"[""state_directionality_change"", ""state_syn_rate_change"", ""state_rst_rate_change""]",LOW
2943,CTU44,2011-08-15T04:40:00+00:00,RBot,0.9742643196387156,Murlo,0.9617826499123304,0.1449326577998053,7.218139292467207,"[""state_directionality_change"", ""state_syn_rate_change"", ""state_rst_rate_change""]",LOW
2944,CTU44,2011-08-15T04:41:00+00:00,RBot,0.9821461139982088,Murlo,0.9729009249438904,0.1115903589121712,14.568771261383828,"[""state_directionality_change"", ""state_syn_rate_change"", ""state_rst_rate_change""]",LOW
2945,CTU44,2011-08-15T04:42:00+00:00,RBot,0.9647196071338564,Murlo,0.9425043224862018,0.1843774431013712,35.54193025278668,"[""state_directionality_change"", ""state_syn_rate_change"", ""state_rst_rate_change""]",LOW
2946,CTU44,2011-08-15T04:43:00+00:00,RBot,0.9905284513804744,Murlo,0.9861861117994009,0.0634933288358082,22.014952118001332,"[""state_directionality_change"", ""state_top_probability_change"", ""state_syn_rate_change""]",LOW
2947,CTU44,2011-08-15T04:44:00+00:00,RBot,0.9942897378739338,Murlo,0.9916219955076432,0.0416080769517777,4.634614361026285,"[""state_directionality_change"", ""state_syn_rate_change"", ""state_port_diversity_change""]",LOW
2948,CTU44,2011-08-15T04:45:00+00:00,RBot,0.9876798491963008,DonBot,0.9817380448190574,0.0799478153502875,5.578859220421574,"[""state_directionality_change"", ""state_syn_rate_change"", ""state_rst_rate_change""]",LOW
2949,CTU44,2011-08-15T04:46:00+00:00,RBot,0.9560329917604652,DonBot,0.9302113904704564,0.2264106383481776,14.332724547789743,"[""state_directionality_change"", ""state_top_probability_change"", ""state_entropy_change""]",LOW
2950,CTU44,2011-08-15T04:47:00+00:00,RBot,0.9936326892866412,Murlo,0.9907528281619852,0.0456241187770073,19.758231074384252,"[""state_directionality_change"", ""state_syn_rate_change"", ""state_top_probability_change""]",LOW
2951,CTU44,2011-08-15T04:48:00+00:00,RBot,0.9873634423897856,Murlo,0.9807125558555628,0.0805448861815434,6.074729793343052,"[""state_directionality_change"", ""state_syn_rate_change"", ""state_top_probability_change""]",LOW
2952,CTU44,2011-08-15T04:49:00+00:00,RBot,0.9721831069737188,DonBot,0.9571727989773,0.1570553778838232,21.05782649779007,"[""state_directionality_change"", ""state_destination_diversity_change"", ""state_top_probability_change""]",LOW
2953,CTU44,2011-08-15T04:50:00+00:00,RBot,0.9871941843857605,Murlo,0.9810878310580128,0.0816500091867537,13.124826133377427,"[""state_directionality_change"", ""state_syn_rate_change"", ""state_top_probability_change""]",LOW
2954,CTU44,2011-08-15T04:51:00+00:00,RBot,0.9802642250156628,DonBot,0.969094651627278,0.1185065296342896,13.591838344053478,"[""state_directionality_change"", ""state_syn_rate_change"", ""state_top_probability_change""]",LOW
2955,CTU44,2011-08-15T04:52:00+00:00,RBot,0.9901380568112864,DonBot,0.9851204763608316,0.0655317406760993,21.627107518339457,"[""state_directionality_change"", ""state_syn_rate_change"", ""state_top_probability_change""]",LOW
2956,CTU44,2011-08-15T04:53:00+00:00,RBot,0.9933601157160676,DonBot,0.990209087462814,0.047345498828269,1.9037876348904674,"[""state_directionality_change"", ""state_rst_rate_change"", ""state_syn_rate_change""]",LOW
2957,CTU44,2011-08-15T04:54:00+00:00,RBot,0.9961770648945693,Murlo,0.9942870283606544,0.0296403295842768,9.643334525921526,"[""state_directionality_change"", ""state_rst_rate_change"", ""state_syn_rate_change""]",LOW
2958,CTU44,2011-08-15T04:55:00+00:00,RBot,0.9941319300417693,Murlo,0.9915014503055298,0.0425405156999911,9.528986638396077,"[""state_directionality_change"", ""state_syn_rate_change"", ""state_rst_rate_change""]",LOW
2959,CTU44,2011-08-15T04:56:00+00:00,RBot,0.99510514010674,Murlo,0.9925052996803998,0.0367562803082303,2.7073025120074496,"[""state_directionality_change"", ""state_destination_diversity_change"", ""state_rst_rate_change""]",LOW
2960,CTU44,2011-08-15T04:57:00+00:00,RBot,0.9936498102912754,Murlo,0.9899982006262736,0.0461404343190267,2.1547283468075915,"[""state_syn_rate_change"", ""state_directionality_change"", ""state_destination_diversity_change""]",LOW
2961,CTU44,2011-08-15T04:58:00+00:00,RBot,0.9942405466092324,Murlo,0.9914402359037452,0.0421135610564178,9.224023366686998,"[""state_directionality_change"", ""state_syn_rate_change"", ""state_rst_rate_change""]",LOW
2962,CTU44,2011-08-15T04:59:00+00:00,RBot,0.9954432876079796,Murlo,0.9930295737695456,0.0346441994998376,8.289672017752332,"[""state_directionality_change"", ""state_syn_rate_change"", ""state_rst_rate_change""]",LOW
2963,CTU44,2011-08-15T05:00:00+00:00,RBot,0.9984878197064598,Murlo,0.99792054917001,0.0134512950553428,1.8643966595322423,"[""state_syn_rate_change"", ""state_rst_rate_change"", ""state_destination_diversity_change""]",LOW
2964,CTU44,2011-08-15T05:01:00+00:00,RBot,0.9914544662913228,Murlo,0.9864526439985182,0.0580079096916577,14.684942722546333,"[""state_directionality_change"", ""state_syn_rate_change"", ""state_rst_rate_change""]",LOW
2965,CTU44,2011-08-15T05:02:00+00:00,RBot,0.9891537057437,Murlo,0.9831715575074688,0.0711218159743332,5.064488759485303,"[""state_directionality_change"", ""state_destination_diversity_change"", ""state_rst_rate_change""]",LOW
2966,CTU44,2011-08-15T05:03:00+00:00,RBot,0.997876089664722,Murlo,0.9970163656919694,0.018255839496285,1.9108181404359665,"[""state_syn_rate_change"", ""state_directionality_change"", ""state_top_probability_change""]",LOW
2967,CTU44,2011-08-15T05:04:00+00:00,RBot,0.9982481833326966,Murlo,0.997469454358328,0.0153519126697476,5.035919008985389,"[""state_directionality_change"", ""state_rst_rate_change"", ""state_syn_rate_change""]",LOW
2968,CTU44,2011-08-15T05:05:00+00:00,RBot,0.9829304893840232,Murlo,0.9738368633647247,0.1072564574866065,20.319861767289616,"[""state_directionality_change"", ""state_syn_rate_change"", ""state_rst_rate_change""]",LOW
2969,CTU44,2011-08-15T05:06:00+00:00,RBot,0.9833928791799932,Murlo,0.9729614652307392,0.1018344658703021,7.910243510542618,"[""state_directionality_change"", ""state_syn_rate_change"", ""state_rst_rate_change""]",LOW
2970,CTU44,2011-08-15T05:07:00+00:00,RBot,0.9525923106939692,Murlo,0.9309257172463472,0.2497066976719449,6.477732679332597,"[""state_directionality_change"", ""state_top_probability_change"", ""state_syn_rate_change""]",LOW
2971,CTU44,2011-08-15T05:08:00+00:00,RBot,0.9945869461957952,Murlo,0.9918459840850689,0.0397943931121268,7.178336735487807,"[""state_top_probability_change"", ""state_entropy_change"", ""state_ack_rate_change""]",LOW
2972,CTU44,2011-08-15T05:09:00+00:00,RBot,0.9938947642951288,Murlo,0.9907692964162051,0.0447347178528207,3.416858508920599,"[""state_syn_rate_change"", ""state_packet_rate_change"", ""state_directionality_change""]",LOW
2973,CTU44,2011-08-15T05:10:00+00:00,RBot,0.9961420254861136,Murlo,0.9941187276589764,0.0300835149957664,4.835546788352682,"[""state_syn_rate_change"", ""state_directionality_change"", ""state_rst_rate_change""]",LOW
2974,CTU44,2011-08-15T05:11:00+00:00,RBot,0.993578555565244,Murlo,0.9906005640027908,0.0470764113034991,3.8188133095488612,"[""state_directionality_change"", ""state_rst_rate_change"", ""state_port_diversity_change""]",LOW
2975,CTU44,2011-08-15T05:12:00+00:00,RBot,0.993997033263318,Murlo,0.9906851394541067,0.0442331611597902,2.550918644072588,"[""state_directionality_change"", ""state_rst_rate_change"", ""state_syn_rate_change""]",LOW
2976,CTU44,2011-08-15T05:13:00+00:00,RBot,0.9873177216444776,Murlo,0.9805810631984868,0.0823254712427959,25.69666905352023,"[""state_directionality_change"", ""state_syn_rate_change"", ""state_rst_rate_change""]",LOW
2977,CTU44,2011-08-15T05:14:00+00:00,RBot,0.9978725425019488,Neris,0.9970473629856886,0.0181268582898489,25.571848923183214,"[""state_directionality_change"", ""state_syn_rate_change"", ""state_rst_rate_change""]",LOW
2978,CTU44,2011-08-15T05:15:00+00:00,RBot,0.9941472887505458,Murlo,0.991024697457279,0.0432823446993393,3.435556173593357,"[""state_syn_rate_change"", ""state_rst_rate_change"", ""state_directionality_change""]",LOW
2979,CTU44,2011-08-15T05:16:00+00:00,Neris,0.7499322109468302,RBot,0.5301054384115204,0.6949021763352873,25.332945892437937,"[""state_top_probability_change"", ""state_ack_rate_change"", ""state_byte_rate_change""]",MEDIUM
2980,CTU44,2011-08-15T05:17:00+00:00,RBot,0.5166380845352256,Neris,0.0770045925814797,0.8932944204909984,14.224900565407799,"[""state_top_probability_change"", ""state_syn_rate_change"", ""state_rst_rate_change""]",MEDIUM
2981,CTU44,2011-08-15T05:18:00+00:00,Neris,0.695385975843795,RBot,0.437788958850289,0.8088980124357039,13.962700894588842,"[""state_top_probability_change"", ""state_ack_rate_change"", ""state_byte_rate_change""]",MEDIUM
2982,CTU44,2011-08-15T05:19:00+00:00,Neris,0.8572079148017756,RBot,0.7339858076296493,0.4932879688064399,9.508760366396634,"[""state_top_probability_change"", ""state_entropy_change"", ""state_ack_rate_change""]",LOW
2983,CTU44,2011-08-15T05:20:00+00:00,Neris,0.8064643515668218,RBot,0.6361681002311778,0.5933790388315798,3.796831273893805,"[""state_top_probability_change"", ""state_rst_rate_change"", ""state_entropy_change""]",MEDIUM
2984,CTU44,2011-08-15T05:21:00+00:00,Neris,0.9530592838644714,RBot,0.9179903313035442,0.2323430937530191,16.651720082341928,"[""state_top_probability_change"", ""state_ack_rate_change"", ""state_byte_rate_change""]",LOW
2985,CTU44,2011-08-15T05:22:00+00:00,RBot,0.7977700883087055,Neris,0.6365087991117173,0.6466350881303358,26.109964150488523,"[""state_ack_rate_change"", ""state_byte_rate_change"", ""state_top_probability_change""]",MEDIUM
2986,CTU44,2011-08-15T05:23:00+00:00,Neris,0.7899942469733205,RBot,0.613894586725453,0.6492684824791493,17.862351282442955,"[""state_ack_rate_change"", ""state_byte_rate_change"", ""state_packet_rate_change""]",MEDIUM
2987,CTU44,2011-08-15T05:24:00+00:00,RBot,0.5506239794039646,Neris,0.2939875875877293,1.199667508138079,27.41446879015125,"[""state_top_probability_change"", ""state_ack_rate_change"", ""state_byte_rate_change""]",MEDIUM
2988,CTU44,2011-08-15T05:25:00+00:00,RBot,0.5676902492389613,Neris,0.3073860536916957,1.1273684692933463,6.496676546736508,"[""state_syn_rate_change"", ""state_rst_rate_change"", ""state_top_probability_change""]",MEDIUM
2989,CTU44,2011-08-15T05:26:00+00:00,RBot,0.8534564145071697,Murlo,0.7915883604941327,0.600319240580762,18.397154807108702,"[""state_top_probability_change"", ""state_entropy_change"", ""state_syn_rate_change""]",MEDIUM
2990,CTU44,2011-08-15T05:27:00+00:00,RBot,0.9944471405856018,Murlo,0.9920695389617455,0.0411547354968005,13.92838901110729,"[""state_top_probability_change"", ""state_directionality_change"", ""state_entropy_change""]",LOW
2991,CTU44,2011-08-15T05:28:00+00:00,DonBot,0.5237743338973458,RBot,0.1903759956623406,1.1264702242038158,28.03868986313809,"[""state_top_probability_change"", ""state_entropy_change"", ""state_directionality_change""]",MEDIUM
2992,CTU44,2011-08-15T05:29:00+00:00,DonBot,0.4970625578473441,RBot,0.1656987301387356,1.1756709343473983,3.778656601566371,"[""state_top_probability_change"", ""state_syn_rate_change"", ""state_ack_rate_change""]",MEDIUM
2993,CTU44,2011-08-15T05:30:00+00:00,Neris,0.624354146502142,RBot,0.3075560177365099,0.898703960455476,12.482357444170665,"[""state_top_probability_change"", ""state_ack_rate_change"", ""state_packet_rate_change""]",MEDIUM
2994,CTU44,2011-08-15T05:31:00+00:00,Neris,0.8387695022902616,RBot,0.7146324534946946,0.5793684159565904,35.88211049271451,"[""state_ack_rate_change"", ""state_byte_rate_change"", ""state_top_probability_change""]",MEDIUM
2995,CTU44,2011-08-15T05:32:00+00:00,Neris,0.8045528439239896,RBot,0.6524971517045242,0.6558484507122776,11.556242524557861,"[""state_ack_rate_change"", ""state_syn_rate_change"", ""state_packet_rate_change""]",MEDIUM
2996,CTU44,2011-08-15T05:33:00+00:00,Neris,0.7608704884466643,RBot,0.5725708572523576,0.7423839544865349,10.4058995594218,"[""state_ack_rate_change"", ""state_syn_rate_change"", ""state_packet_rate_change""]",MEDIUM
2997,CTU44,2011-08-15T05:34:00+00:00,Neris,0.7614670898086806,RBot,0.5649521229880441,0.7139598006572979,21.174333183790942,"[""state_ack_rate_change"", ""state_byte_rate_change"", ""state_packet_rate_change""]",MEDIUM
2998,CTU44,2011-08-15T05:35:00+00:00,Neris,0.737407973723701,RBot,0.5254666483321788,0.772643742044562,18.068647249715145,"[""state_ack_rate_change"", ""state_byte_rate_change"", ""state_packet_rate_change""]",MEDIUM
2999,CTU44,2011-08-15T05:36:00+00:00,Neris,0.6934822493570101,RBot,0.4546013857533146,0.8682326085173088,4.701418990699332,"[""state_top_probability_change"", ""state_ack_rate_change"", ""state_packet_rate_change""]",MEDIUM
3000,CTU44,2011-08-15T05:37:00+00:00,Neris,0.8363220836091831,RBot,0.7163028250149364,0.5997879303578233,23.570907773899474,"[""state_ack_rate_change"", ""state_byte_rate_change"", ""state_top_probability_change""]",MEDIUM
3001,CTU44,2011-08-15T05:38:00+00:00,Neris,0.5784245470837193,RBot,0.2605114556409071,1.0575600654967543,31.374771175813922,"[""state_ack_rate_change"", ""state_top_probability_change"", ""state_byte_rate_change""]",MEDIUM
3002,CTU44,2011-08-15T05:39:00+00:00,Neris,0.8830100588730408,RBot,0.7906728662233029,0.4540829046818144,62.843893848300155,"[""state_ack_rate_change"", ""state_byte_rate_change"", ""state_packet_rate_change""]",LOW
3003,CTU44,2011-08-15T05:40:00+00:00,RBot,0.9943946698235268,Murlo,0.991573515737714,0.0410749485479171,33.59353015613638,"[""state_ack_rate_change"", ""state_byte_rate_change"", ""state_packet_rate_change""]",LOW
3004,CTU44,2011-08-15T05:41:00+00:00,RBot,0.9947299563454274,Murlo,0.9921601414327006,0.0395345156531531,3.939168168457774,"[""state_directionality_change"", ""state_rst_rate_change"", ""state_syn_rate_change""]",LOW
3005,CTU44,2011-08-15T05:42:00+00:00,RBot,0.9887831081383728,Murlo,0.982555008915281,0.0745858057220539,3.6941096577213757,"[""state_syn_rate_change"", ""state_directionality_change"", ""state_rst_rate_change""]",LOW
3006,CTU44,2011-08-15T05:43:00+00:00,RBot,0.99822590471865,Neris,0.997534619538764,0.0154438989955738,2.9517598397623726,"[""state_syn_rate_change"", ""state_directionality_change"", ""state_entropy_change""]",LOW
3007,CTU44,2011-08-15T05:44:00+00:00,RBot,0.9968211908811004,Neris,0.9949180600955376,0.0250324568542272,5.179531735656407,"[""state_directionality_change"", ""state_syn_rate_change"", ""state_rst_rate_change""]",LOW
3008,CTU44,2011-08-15T05:45:00+00:00,RBot,0.9975958602149512,Murlo,0.996719005073578,0.0202978230582608,5.83677382066806,"[""state_directionality_change"", ""state_syn_rate_change"", ""state_rst_rate_change""]",LOW
3009,CTU44,2011-08-15T05:46:00+00:00,RBot,0.997573900454239,Murlo,0.9966621080990524,0.0205121125991132,2.821387019912302,"[""state_directionality_change"", ""state_syn_rate_change"", ""state_destination_diversity_change""]",LOW
3010,CTU44,2011-08-15T05:47:00+00:00,RBot,0.997676336999704,Murlo,0.9968041174059854,0.0197172653206557,2.3768853707613182,"[""state_directionality_change"", ""state_destination_diversity_change"", ""state_syn_rate_change""]",LOW
3011,CTU44,2011-08-15T05:48:00+00:00,RBot,0.9985522352889056,Murlo,0.9979438099291692,0.0129915351160558,1.7076065671996077,"[""state_directionality_change"", ""state_port_diversity_change"", ""state_byte_rate_change""]",LOW
3012,CTU44,2011-08-15T05:49:00+00:00,RBot,0.9960285169330426,Murlo,0.9938900732718254,0.0306095065290171,2.218506089830546,"[""state_syn_rate_change"", ""state_directionality_change"", ""state_rst_rate_change""]",LOW
3013,CTU44,2011-08-15T05:50:00+00:00,RBot,0.9876669657393332,Murlo,0.9809008421351124,0.0797371375764024,2.845026555819826,"[""state_directionality_change"", ""state_syn_rate_change"", ""state_top_probability_change""]",LOW
3014,CTU44,2011-08-15T05:51:00+00:00,RBot,0.9980514445337976,Murlo,0.9971818392283316,0.0168669150803088,6.481447113671301,"[""state_directionality_change"", ""state_top_probability_change"", ""state_entropy_change""]",LOW
3015,CTU44,2011-08-15T05:52:00+00:00,RBot,0.9980659742832164,Neris,0.9973394588191432,0.0166849357642586,8.94476837232643,"[""state_directionality_change"", ""state_syn_rate_change"", ""state_rst_rate_change""]",LOW
3016,CTU44,2011-08-15T05:53:00+00:00,RBot,0.9864877908618386,Murlo,0.9792439730141088,0.0861279359529335,3.254047074274018,"[""state_syn_rate_change"", ""state_directionality_change"", ""state_top_probability_change""]",LOW
3017,CTU44,2011-08-15T05:54:00+00:00,RBot,0.9849926507700096,Murlo,0.977134641502334,0.0965474132262948,9.535704750909334,"[""state_syn_rate_change"", ""state_directionality_change"", ""state_rst_rate_change""]",LOW
3018,CTU44,2011-08-15T05:55:00+00:00,RBot,0.9848360120577846,Murlo,0.97725543221822,0.0974673390737533,1.4627910383684697,"[""state_syn_rate_change"", ""state_port_diversity_change"", ""state_ack_rate_change""]",LOW
3019,CTU44,2011-08-15T05:56:00+00:00,RBot,0.9968322942080728,Murlo,0.995623492956515,0.0258064038040345,10.262482863516146,"[""state_directionality_change"", ""state_syn_rate_change"", ""state_rst_rate_change""]",LOW
3020,CTU44,2011-08-15T05:57:00+00:00,RBot,0.9976245203898364,Neris,0.9967122920230538,0.0201099145040336,2.539767496409102,"[""state_syn_rate_change"", ""state_directionality_change"", ""state_rst_rate_change""]",LOW
3021,CTU44,2011-08-15T05:58:00+00:00,RBot,0.9943878293604986,Murlo,0.9915676228568808,0.0409706298286644,5.247498099838018,"[""state_directionality_change"", ""state_syn_rate_change"", ""state_rst_rate_change""]",LOW
3022,CTU44,2011-08-15T05:59:00+00:00,RBot,0.9749789231891952,Murlo,0.9613227880158952,0.1469951855947849,7.994731167479093,"[""state_directionality_change"", ""state_rst_rate_change"", ""state_syn_rate_change""]",LOW
3023,CTU44,2011-08-15T06:00:00+00:00,RBot,0.9936420102763196,Murlo,0.9904021222157848,0.0454985755497408,16.82233182311543,"[""state_directionality_change"", ""state_syn_rate_change"", ""state_rst_rate_change""]",LOW
3024,CTU44,2011-08-15T06:01:00+00:00,RBot,0.9963513013413734,Murlo,0.9944737712062796,0.0286608132243833,9.302141350799674,"[""state_directionality_change"", ""state_syn_rate_change"", ""state_rst_rate_change""]",LOW
3025,CTU44,2011-08-15T06:02:00+00:00,RBot,0.9869882407995508,Murlo,0.9824798213970142,0.0873290404785029,6.286251232294691,"[""state_rst_rate_change"", ""state_directionality_change"", ""state_port_diversity_change""]",LOW
3026,CTU44,2011-08-15T06:03:00+00:00,RBot,0.9936721679451468,Murlo,0.9905606355742566,0.0465949418539374,4.2333566342705415,"[""state_syn_rate_change"", ""state_rst_rate_change"", ""state_destination_diversity_change""]",LOW
3027,CTU44,2011-08-15T06:04:00+00:00,RBot,0.9930540319977834,Murlo,0.9891261410469088,0.0493452383293201,4.252278861286316,"[""state_syn_rate_change"", ""state_directionality_change"", ""state_rst_rate_change""]",LOW
3028,CTU44,2011-08-15T06:05:00+00:00,RBot,0.9797854025953604,Murlo,0.970143052910094,0.1208243178600808,26.83848927220663,"[""state_directionality_change"", ""state_syn_rate_change"", ""state_rst_rate_change""]",LOW
3029,CTU44,2011-08-15T06:06:00+00:00,RBot,0.9923276535918416,Murlo,0.9885677940920984,0.0531301432873843,13.153260215158971,"[""state_directionality_change"", ""state_syn_rate_change"", ""state_top_probability_change""]",LOW
3030,CTU44,2011-08-15T06:07:00+00:00,RBot,0.9940609228239464,Murlo,0.991187595506872,0.0432048782184193,4.902703759273538,"[""state_directionality_change"", ""state_rst_rate_change"", ""state_byte_rate_change""]",LOW
3031,CTU44,2011-08-15T06:08:00+00:00,RBot,0.9945337252693488,Murlo,0.9916501243362492,0.0404756909423366,8.633788986063912,"[""state_directionality_change"", ""state_syn_rate_change"", ""state_rst_rate_change""]",LOW
3032,CTU44,2011-08-15T06:09:00+00:00,RBot,0.993461722615049,Murlo,0.9900714109095832,0.0478639643271149,3.851153869698514,"[""state_syn_rate_change"", ""state_directionality_change"", ""state_rst_rate_change""]",LOW
3033,CTU44,2011-08-15T06:10:00+00:00,RBot,0.9946237032308748,Murlo,0.9917150710998024,0.0402192621666398,1.367109812973761,"[""state_syn_rate_change"", ""state_destination_diversity_change"", ""state_rst_rate_change""]",LOW
3034,CTU44,2011-08-15T06:11:00+00:00,RBot,0.9944695065534694,Murlo,0.9913431905444128,0.0408908000409029,4.051791947760294,"[""state_syn_rate_change"", ""state_destination_diversity_change"", ""state_directionality_change""]",LOW
3035,CTU44,2011-08-15T06:12:00+00:00,RBot,0.9922487573372104,Murlo,0.9886767427173822,0.0551433889394966,4.202481951225759,"[""state_directionality_change"", ""state_syn_rate_change"", ""state_rst_rate_change""]",LOW
3036,CTU44,2011-08-15T06:13:00+00:00,RBot,0.9947492578517584,Murlo,0.992239639150286,0.039173429588211,3.6717561543356076,"[""state_directionality_change"", ""state_syn_rate_change"", ""state_rst_rate_change""]",LOW
3037,CTU44,2011-08-15T06:14:00+00:00,RBot,0.993111921022058,Murlo,0.9899605160897256,0.050299427660057,8.258941458764953,"[""state_syn_rate_change"", ""state_rst_rate_change"", ""state_directionality_change""]",LOW
3038,CTU44,2011-08-15T06:15:00+00:00,RBot,0.99190144361934,Murlo,0.9878078119744912,0.0573173623282898,2.5128439269419895,"[""state_syn_rate_change"", ""state_rst_rate_change"", ""state_destination_diversity_change""]",LOW
3039,CTU44,2011-08-15T06:16:00+00:00,RBot,0.9890533870764188,Murlo,0.9828289778136182,0.0734290216303443,1.8104044535559727,"[""state_syn_rate_change"", ""state_rst_rate_change"", ""state_directionality_change""]",LOW
3040,CTU44,2011-08-15T06:17:00+00:00,RBot,0.9957377516632644,Murlo,0.9939938209038668,0.0331665184764366,9.104366002135405,"[""state_syn_rate_change"", ""state_directionality_change"", ""state_rst_rate_change""]",LOW
3041,CTU44,2011-08-15T06:18:00+00:00,RBot,0.993512966401345,Murlo,0.9905248030039636,0.0465093389020199,6.5627543755933,"[""state_directionality_change"", ""state_destination_diversity_change"", ""state_ack_rate_change""]",LOW
3042,CTU44,2011-08-15T06:19:00+00:00,RBot,0.9979494735259352,Neris,0.9969766189569348,0.0174487279984305,11.344060309299257,"[""state_directionality_change"", ""state_syn_rate_change"", ""state_rst_rate_change""]",LOW
3043,CTU44,2011-08-15T06:20:00+00:00,RBot,0.9955368381635188,Murlo,0.9932046901788282,0.0339088310954291,1.0966164610790765,"[""state_syn_rate_change"", ""state_packet_rate_change"", ""state_byte_rate_change""]",LOW
3044,CTU44,2011-08-15T06:21:00+00:00,RBot,0.980402231588672,Murlo,0.969654899145146,0.1201715931430662,4.060994905000891,"[""state_syn_rate_change"", ""state_directionality_change"", ""state_top_probability_change""]",LOW
3045,CTU44,2011-08-15T06:22:00+00:00,RBot,0.9982539273988577,Murlo,0.9975966702557092,0.0153784464283032,7.614961117847727,"[""state_directionality_change"", ""state_rst_rate_change"", ""state_syn_rate_change""]",LOW
3046,CTU44,2011-08-15T06:23:00+00:00,RBot,0.993424233973607,Murlo,0.9900618367096036,0.0478925968120705,10.909524506349404,"[""state_directionality_change"", ""state_syn_rate_change"", ""state_rst_rate_change""]",LOW
3047,CTU44,2011-08-15T06:24:00+00:00,RBot,0.99579572578086,Murlo,0.9936514100155928,0.0321383416048737,7.904387586815918,"[""state_syn_rate_change"", ""state_directionality_change"", ""state_rst_rate_change""]",LOW
3048,CTU44,2011-08-15T06:25:00+00:00,RBot,0.9855341609837116,Murlo,0.978145359539005,0.0922272275133038,4.799149533701754,"[""state_fin_rate_change"", ""state_directionality_change"", ""state_syn_rate_change""]",LOW
3049,CTU44,2011-08-15T06:26:00+00:00,RBot,0.9950459480729904,Murlo,0.9926021503017812,0.0370511533214784,4.835349584476197,"[""state_fin_rate_change"", ""state_directionality_change"", ""state_syn_rate_change""]",LOW
3050,CTU44,2011-08-15T06:27:00+00:00,RBot,0.9944601125439182,Murlo,0.9919230562515255,0.0416129565914752,4.023853917610272,"[""state_directionality_change"", ""state_syn_rate_change"", ""state_rst_rate_change""]",LOW
3051,CTU44,2011-08-15T06:28:00+00:00,RBot,0.9972573535972288,Neris,0.9958319602426288,0.0223816769330822,1.097541264815763,"[""state_rst_rate_change"", ""state_byte_rate_change"", ""state_destination_diversity_change""]",LOW
3052,CTU44,2011-08-15T06:29:00+00:00,RBot,0.9950383024786906,Murlo,0.9923700148121696,0.0370175367743414,3.089081821764491,"[""state_directionality_change"", ""state_syn_rate_change"", ""state_rst_rate_change""]",LOW
3053,CTU44,2011-08-15T06:30:00+00:00,RBot,0.9825525453972762,Murlo,0.9731357625477962,0.1090017017405905,4.5283594407059,"[""state_directionality_change"", ""state_rst_rate_change"", ""state_syn_rate_change""]",LOW
3054,CTU44,2011-08-15T06:31:00+00:00,RBot,0.992091560870944,Murlo,0.9884247927721224,0.0555923523027689,3.9594035549144757,"[""state_syn_rate_change"", ""state_destination_diversity_change"", ""state_packet_rate_change""]",LOW
3055,CTU44,2011-08-15T06:32:00+00:00,RBot,0.9875410677264668,Murlo,0.9794243829456972,0.0787999500405112,15.335454104307876,"[""state_directionality_change"", ""state_rst_rate_change"", ""state_syn_rate_change""]",LOW
3056,CTU44,2011-08-15T06:33:00+00:00,RBot,0.9943912677235331,Murlo,0.9917308798844932,0.0415731880561408,15.818361257997188,"[""state_directionality_change"", ""state_syn_rate_change"", ""state_rst_rate_change""]",LOW
3057,CTU44,2011-08-15T06:34:00+00:00,RBot,0.994007799211243,Murlo,0.9909938327305826,0.0433924531841745,25.36612611500254,"[""state_directionality_change"", ""state_syn_rate_change"", ""state_rst_rate_change""]",LOW
3058,CTU44,2011-08-15T06:35:00+00:00,RBot,0.9926397408926132,Murlo,0.9887578888471764,0.0527524183156303,5.321247534611241,"[""state_syn_rate_change"", ""state_directionality_change"", ""state_rst_rate_change""]",LOW
3059,CTU44,2011-08-15T06:36:00+00:00,RBot,0.9952620295249048,Murlo,0.9928873615984112,0.0356720312069164,7.039689543406484,"[""state_syn_rate_change"", ""state_directionality_change"", ""state_rst_rate_change""]",LOW
3060,CTU44,2011-08-15T06:37:00+00:00,RBot,0.9945635072918652,Murlo,0.9913825451184054,0.0400040990222945,2.585324050925672,"[""state_directionality_change"", ""state_syn_rate_change"", ""state_destination_diversity_change""]",LOW
3061,CTU44,2011-08-15T06:38:00+00:00,RBot,0.9979550717468636,Neris,0.9971656749216198,0.0175124514862591,2.134889812620123,"[""state_syn_rate_change"", ""state_destination_diversity_change"", ""state_directionality_change""]",LOW
3062,CTU44,2011-08-15T06:39:00+00:00,RBot,0.9828689124201968,Murlo,0.9728764616688592,0.1065405710488471,4.27867255964462,"[""state_syn_rate_change"", ""state_directionality_change"", ""state_rst_rate_change""]",LOW
3063,CTU44,2011-08-15T06:40:00+00:00,RBot,0.9982465328096906,Murlo,0.9975225302891776,0.0153892042811238,12.408631516703688,"[""state_directionality_change"", ""state_syn_rate_change"", ""state_rst_rate_change""]",LOW
3064,CTU44,2011-08-15T06:41:00+00:00,RBot,0.9640907008001592,Murlo,0.9476779698549254,0.1989370326769409,11.424235114690314,"[""state_directionality_change"", ""state_top_probability_change"", ""state_entropy_change""]",LOW
3065,CTU44,2011-08-15T06:42:00+00:00,RBot,0.9791096655822608,DonBot,0.968108413224118,0.1251153706933335,27.614179881302974,"[""state_directionality_change"", ""state_ack_rate_change"", ""state_byte_rate_change""]",LOW
3066,CTU44,2011-08-15T06:43:00+00:00,RBot,0.9931355095563632,Murlo,0.9897969717694104,0.0487056760103885,13.234814755855572,"[""state_directionality_change"", ""state_top_probability_change"", ""state_entropy_change""]",LOW
3067,CTU44,2011-08-15T06:44:00+00:00,RBot,0.9971636426806332,Neris,0.9957660233202114,0.0230328865574713,15.608857007042987,"[""state_directionality_change"", ""state_rst_rate_change"", ""state_syn_rate_change""]",LOW
3068,CTU44,2011-08-15T06:45:00+00:00,RBot,0.96903528240222,Murlo,0.955222124519623,0.1791657068748526,5.80908456564174,"[""state_rst_rate_change"", ""state_syn_rate_change"", ""state_top_probability_change""]",LOW
3069,CTU44,2011-08-15T06:46:00+00:00,RBot,0.9946111357840064,Neris,0.9922647338797764,0.0403263723287567,8.351539115442892,"[""state_rst_rate_change"", ""state_directionality_change"", ""state_syn_rate_change""]",LOW
3070,CTU44,2011-08-15T06:47:00+00:00,RBot,0.9923022736289454,Murlo,0.9888586348842604,0.0538343961153008,4.513250612835329,"[""state_directionality_change"", ""state_packet_rate_change"", ""state_byte_rate_change""]",LOW
3071,CTU44,2011-08-15T06:48:00+00:00,RBot,0.9935726142766288,Murlo,0.9905627588362867,0.0464601395711404,9.496764677730047,"[""state_directionality_change"", ""state_rst_rate_change"", ""state_destination_diversity_change""]",LOW
3072,CTU44,2011-08-15T06:49:00+00:00,RBot,0.9791096655822608,DonBot,0.968108413224118,0.1251153706933335,13.441566658609991,"[""state_directionality_change"", ""state_top_probability_change"", ""state_entropy_change""]",LOW
3073,CTU44,2011-08-15T06:50:00+00:00,RBot,0.9931355095563632,Murlo,0.9897969717694104,0.0487056760103885,13.213507049398421,"[""state_directionality_change"", ""state_top_probability_change"", ""state_entropy_change""]",LOW
3074,CTU44,2011-08-15T06:51:00+00:00,RBot,0.9788022188850524,DonBot,0.9677274528670547,0.1266900123982973,13.244263908246117,"[""state_directionality_change"", ""state_top_probability_change"", ""state_entropy_change""]",LOW
3075,CTU44,2011-08-15T06:52:00+00:00,RBot,0.9889379680851752,Murlo,0.9835188581066076,0.0739465199083432,1.2137805370681634,"[""state_top_probability_change"", ""state_directionality_change"", ""state_entropy_change""]",LOW
3076,CTU44,2011-08-15T06:53:00+00:00,RBot,0.998520163224738,Murlo,0.9979440559674984,0.013259452795817,13.187668466060186,"[""state_directionality_change"", ""state_entropy_change"", ""state_top_probability_change""]",LOW
3077,CTU44,2011-08-15T06:54:00+00:00,RBot,0.995129109854008,Murlo,0.9932972571981484,0.0379799498055729,12.69085946995343,"[""state_directionality_change"", ""state_syn_rate_change"", ""state_destination_diversity_change""]",LOW
3078,CTU44,2011-08-15T06:55:00+00:00,RBot,0.9985315839851509,Murlo,0.9979304973531636,0.0131692079944235,12.731892451084333,"[""state_directionality_change"", ""state_syn_rate_change"", ""state_destination_diversity_change""]",LOW
3079,CTU44,2011-08-15T06:56:00+00:00,RBot,0.9954703893496936,Murlo,0.9936420616573052,0.0355230831202908,12.580403188772848,"[""state_directionality_change"", ""state_syn_rate_change"", ""state_port_diversity_change""]",LOW
3080,CTU44,2011-08-15T06:57:00+00:00,RBot,0.9974469741866112,Murlo,0.9964712888213768,0.0214265642780175,12.679742734830109,"[""state_directionality_change"", ""state_port_diversity_change"", ""state_syn_rate_change""]",LOW
3081,CTU44,2011-08-15T06:58:00+00:00,RBot,0.9954692751509026,Murlo,0.9936649186180928,0.0355096254049985,12.65629708234936,"[""state_directionality_change"", ""state_syn_rate_change"", ""state_port_diversity_change""]",LOW
3082,CTU44,2011-08-15T06:59:00+00:00,RBot,0.9986213953651272,Murlo,0.9980756219696688,0.012463959102553,12.614933726557297,"[""state_directionality_change"", ""state_syn_rate_change"", ""state_entropy_change""]",LOW
3083,CTU44,2011-08-15T07:00:00+00:00,RBot,0.9953337813274994,Murlo,0.9935162634519604,0.0364388485883876,12.728235422488046,"[""state_directionality_change"", ""state_port_diversity_change"", ""state_entropy_change""]",LOW
3084,CTU44,2011-08-15T07:01:00+00:00,RBot,0.9952075357952688,Murlo,0.993377276726641,0.0374004042175287,0.6712619943790475,"[""state_directionality_change"", ""state_syn_rate_change"", ""state_destination_diversity_change""]",LOW
3085,CTU44,2011-08-15T07:02:00+00:00,RBot,0.9983951052538352,Murlo,0.9977845790932698,0.0142665260482502,13.031864854245216,"[""state_directionality_change"", ""state_syn_rate_change"", ""state_packet_rate_change""]",LOW
3086,CTU44,2011-08-15T07:03:00+00:00,RBot,0.9953451506913988,Murlo,0.9934733760131048,0.0363723079292157,12.73387794112554,"[""state_directionality_change"", ""state_syn_rate_change"", ""state_port_diversity_change""]",LOW
3087,CTU44,2011-08-15T07:04:00+00:00,RBot,0.9984763012738038,Murlo,0.9979005359952956,0.0135793673752677,20.586597173743936,"[""state_directionality_change"", ""state_syn_rate_change"", ""state_rst_rate_change""]",LOW
3088,CTU44,2011-08-15T07:05:00+00:00,RBot,0.9814527806710412,DonBot,0.972941283364896,0.1124077671938296,21.783482118255375,"[""state_directionality_change"", ""state_top_probability_change"", ""state_syn_rate_change""]",LOW
3089,CTU44,2011-08-15T07:06:00+00:00,RBot,0.9923592300341648,Murlo,0.9886632433272304,0.0531016934095243,13.073289148558025,"[""state_directionality_change"", ""state_syn_rate_change"", ""state_top_probability_change""]",LOW
3090,CTU44,2011-08-15T07:07:00+00:00,RBot,0.9788916891599044,DonBot,0.9668255673737214,0.124926134405798,13.331114640186414,"[""state_directionality_change"", ""state_top_probability_change"", ""state_entropy_change""]",LOW
3091,CTU44,2011-08-15T07:08:00+00:00,RBot,0.9753985056881156,DonBot,0.9620480300847872,0.141830325114195,0.7722783470677567,"[""state_directionality_change"", ""state_syn_rate_change"", ""state_top_probability_change""]",LOW
3092,CTU44,2011-08-15T07:09:00+00:00,RBot,0.992757687672214,Murlo,0.9888916302181592,0.0515034349479967,13.747473124523163,"[""state_directionality_change"", ""state_top_probability_change"", ""state_entropy_change""]",LOW
3093,CTU44,2011-08-15T07:10:00+00:00,RBot,0.993507437710796,Neris,0.9907190824939688,0.0474874881599376,15.738991277727555,"[""state_directionality_change"", ""state_fin_rate_change"", ""state_syn_rate_change""]",LOW
3094,CTU44,2011-08-15T07:11:00+00:00,RBot,0.9961233831568364,Murlo,0.9943247010245176,0.0306426138854193,8.65556920313715,"[""state_directionality_change"", ""state_fin_rate_change"", ""state_syn_rate_change""]",LOW
3095,CTU44,2011-08-15T07:12:00+00:00,RBot,0.984982927365868,Neris,0.9782009065431188,0.0972984919403472,14.656464836685629,"[""state_directionality_change"", ""state_rst_rate_change"", ""state_syn_rate_change""]",LOW
3096,CTU44,2011-08-15T07:13:00+00:00,RBot,0.97037056541843,Neris,0.9592600642207938,0.1730876278705947,3.217016876763029,"[""state_rst_rate_change"", ""state_top_probability_change"", ""state_port_diversity_change""]",LOW
3097,CTU44,2011-08-15T07:14:00+00:00,RBot,0.967173503726645,Neris,0.949408710819788,0.1836564888764546,5.445475971771415,"[""state_syn_rate_change"", ""state_rst_rate_change"", ""state_packet_rate_change""]",LOW
3098,CTU44,2011-08-15T07:15:00+00:00,RBot,0.9895235322649236,Murlo,0.9850308332118236,0.0721557716939477,10.756014214187871,"[""state_syn_rate_change"", ""state_rst_rate_change"", ""state_port_diversity_change""]",LOW
3099,CTU44,2011-08-15T07:16:00+00:00,RBot,0.9942651557370534,Murlo,0.9908697480884324,0.0420752133273145,5.037020651080454,"[""state_rst_rate_change"", ""state_syn_rate_change"", ""state_directionality_change""]",LOW
3100,CTU44,2011-08-15T07:17:00+00:00,RBot,0.9896612519098528,Neris,0.9851399517913988,0.0714166506395235,5.378607656730218,"[""state_rst_rate_change"", ""state_syn_rate_change"", ""state_directionality_change""]",LOW
3101,CTU44,2011-08-15T07:18:00+00:00,RBot,0.994040093433616,Murlo,0.9913426239080588,0.0432676535988758,8.080884411605771,"[""state_directionality_change"", ""state_rst_rate_change"", ""state_port_diversity_change""]",LOW
3102,CTU44,2011-08-15T07:19:00+00:00,RBot,0.9756476745716752,Murlo,0.9659113549942177,0.146460775899927,10.379761607126591,"[""state_directionality_change"", ""state_rst_rate_change"", ""state_syn_rate_change""]",LOW
3103,CTU44,2011-08-15T07:20:00+00:00,RBot,0.9959602994867186,Murlo,0.994452390836785,0.0321754071222592,33.83060073563459,"[""state_directionality_change"", ""state_rst_rate_change"", ""state_syn_rate_change""]",LOW
3104,CTU44,2011-08-15T07:21:00+00:00,RBot,0.9695822601067908,Murlo,0.9555918134745665,0.1764986465659985,33.48230688668144,"[""state_directionality_change"", ""state_rst_rate_change"", ""state_port_diversity_change""]",LOW
3105,CTU44,2011-08-15T07:22:00+00:00,RBot,0.9739668720102728,Murlo,0.962402291488042,0.1547300852382827,1.5850769786998786,"[""state_syn_rate_change"", ""state_destination_diversity_change"", ""state_rst_rate_change""]",LOW
3106,CTU44,2011-08-15T07:23:00+00:00,RBot,0.9786327874838516,Murlo,0.9653752378007552,0.1266514798647158,6.383255709848225,"[""state_syn_rate_change"", ""state_rst_rate_change"", ""state_port_diversity_change""]",LOW
3107,CTU44,2011-08-15T07:24:00+00:00,RBot,0.9888249378486303,Murlo,0.982864861196298,0.0740121536565198,32.23655848272796,"[""state_directionality_change"", ""state_syn_rate_change"", ""state_rst_rate_change""]",LOW
3108,CTU44,2011-08-15T07:25:00+00:00,RBot,0.8846791885034733,Neris,0.8341099155514142,0.4987174889274863,37.85491245401317,"[""state_directionality_change"", ""state_syn_rate_change"", ""state_top_probability_change""]",LOW
3109,CTU44,2011-08-15T07:27:00+00:00,RBot,0.9946188861586842,Murlo,0.9895274060039176,0.0350420165459083,20.65272789060013,"[""state_syn_rate_change"", ""state_top_probability_change"", ""state_entropy_change""]",LOW
3110,CTU44,2011-08-15T07:28:00+00:00,RBot,0.9776075569066708,Murlo,0.9561998183477004,0.112701574264765,1.416631001781531,"[""state_top_probability_change"", ""state_entropy_change"", ""state_rst_rate_change""]",LOW
3111,CTU44,2011-08-15T07:29:00+00:00,RBot,0.9108751138441148,Murlo,0.8246703182855761,0.3174165097421107,20.715203136741458,"[""state_iat_change"", ""state_top_probability_change"", ""state_entropy_change""]",LOW
3112,CTU44,2011-08-15T07:32:00+00:00,RBot,0.9947927059517097,Murlo,0.9898468760845428,0.0340028209848944,21.109879927018884,"[""state_iat_change"", ""state_top_probability_change"", ""state_entropy_change""]",LOW
3113,CTU44,2011-08-15T07:33:00+00:00,RBot,0.9943591314324226,Murlo,0.9891153945079956,0.0369012603247038,0.5960670231991206,"[""state_directionality_change"", ""state_iat_change"", ""state_ack_rate_change""]",LOW
3114,CTU44,2011-08-15T07:34:00+00:00,RBot,0.953488541165788,Murlo,0.909076608480915,0.1993074380142152,15.173337957411428,"[""state_iat_change"", ""state_top_probability_change"", ""state_entropy_change""]",LOW
3115,CTU44,2011-08-15T07:35:00+00:00,RBot,0.9426460111908148,Murlo,0.8877871692466519,0.2329301701813273,6.269170985925913,"[""state_iat_change"", ""state_rst_rate_change"", ""state_syn_rate_change""]",LOW
3116,CTU44,2011-08-15T07:36:00+00:00,RBot,0.954603851981189,Murlo,0.9111467596974108,0.1952065792796772,5.629739517334468,"[""state_iat_change"", ""state_rst_rate_change"", ""state_top_probability_change""]",LOW
3117,CTU44,2011-08-15T07:39:00+00:00,RBot,0.9943088704606016,Murlo,0.988919498862551,0.0367190550605487,13.904570289870568,"[""state_iat_change"", ""state_top_probability_change"", ""state_entropy_change""]",LOW
3118,CTU44,2011-08-15T07:41:00+00:00,RBot,0.8989875132510842,Murlo,0.8016286429320829,0.347866703428943,23.466250346052316,"[""state_iat_change"", ""state_top_probability_change"", ""state_entropy_change""]",LOW
3119,CTU44,2011-08-15T07:43:00+00:00,RBot,0.9953018215926372,Murlo,0.9908408368334556,0.0311706550205851,23.525480336761124,"[""state_iat_change"", ""state_top_probability_change"", ""state_entropy_change""]",LOW
3120,CTU44,2011-08-15T07:45:00+00:00,RBot,0.9704820919953324,Murlo,0.9420206771478709,0.1391368005287667,31.610143689125792,"[""state_iat_change"", ""state_top_probability_change"", ""state_entropy_change""]",LOW
3121,CTU44,2011-08-15T07:48:00+00:00,RBot,0.9945429368129026,Murlo,0.9893806002351888,0.0354644759647788,31.565721273870547,"[""state_iat_change"", ""state_top_probability_change"", ""state_entropy_change""]",LOW
3122,CTU44,2011-08-15T07:50:00+00:00,RBot,0.9950305124219722,Murlo,0.9903174720336808,0.032715168733936,0.028788609398923498,"[""state_top_probability_change"", ""state_entropy_change"", ""state_iat_change""]",LOW
3123,CTU44,2011-08-15T07:52:00+00:00,RBot,0.9948332922523234,Murlo,0.989947649920828,0.0338708599386241,0.011711238643699233,"[""state_top_probability_change"", ""state_entropy_change"", ""state_iat_change""]",LOW
3124,CTU44,2011-08-15T07:54:00+00:00,RBot,0.9746915509850784,Murlo,0.9503837085153756,0.1238309479275991,1.6112318941021588,"[""state_top_probability_change"", ""state_entropy_change"", ""state_directionality_change""]",LOW
3125,CTU44,2011-08-15T07:55:00+00:00,RBot,0.9211538562375884,Murlo,0.850516483828495,0.3151118851034294,23.335787221442427,"[""state_iat_change"", ""state_top_probability_change"", ""state_entropy_change""]",LOW
3126,CTU44,2011-08-15T07:56:00+00:00,RBot,0.9716730982874376,Murlo,0.9449623515622988,0.1374576772379106,23.324907016519177,"[""state_iat_change"", ""state_top_probability_change"", ""state_directionality_change""]",LOW
3127,CTU46,2011-08-15T14:52:00+00:00,Virut,0.640284628734084,Murlo,0.5000266545561007,1.1296599799551623,0.0,"[""state_top_probability_change"", ""state_entropy_change"", ""state_packet_rate_change""]",MEDIUM
3128,CTU46,2011-08-15T14:53:00+00:00,Virut,0.7550122148595881,Murlo,0.6346616024469034,0.9076523846811908,51.338566068635565,"[""state_byte_rate_change"", ""state_ack_rate_change"", ""state_packet_rate_change""]",MEDIUM
3129,CTU46,2011-08-15T14:54:00+00:00,Virut,0.736728718042645,Murlo,0.5997571852007908,0.930576416576868,9.442221173532621,"[""state_byte_rate_change"", ""state_syn_rate_change"", ""state_fin_rate_change""]",MEDIUM
3130,CTU46,2011-08-15T14:55:00+00:00,Virut,0.5618231007855427,Neris,0.3424816888360766,1.2552509454052827,32.79323830674354,"[""state_byte_rate_change"", ""state_syn_rate_change"", ""state_top_probability_change""]",HIGH
3131,CTU46,2011-08-15T14:56:00+00:00,Virut,0.5464976117984944,Neris,0.3756174992546031,1.2835257923457322,33.951864487411676,"[""state_byte_rate_change"", ""state_syn_rate_change"", ""state_ack_rate_change""]",HIGH
3132,CTU46,2011-08-15T14:57:00+00:00,Virut,0.592684117713309,Murlo,0.3903681317483947,1.1625862276364105,14.85687078683573,"[""state_byte_rate_change"", ""state_syn_rate_change"", ""state_top_probability_change""]",MEDIUM
3133,CTU46,2011-08-15T14:58:00+00:00,Virut,0.938477805264865,Neris,0.9091314053580304,0.3237395197649236,699.0306883902517,"[""state_byte_rate_change"", ""state_ack_rate_change"", ""state_packet_rate_change""]",LOW
3134,CTU46,2011-08-15T14:59:00+00:00,Virut,0.8915021630190408,Murlo,0.8619354484355367,0.5285291650092467,371.8988633568469,"[""state_byte_rate_change"", ""state_ack_rate_change"", ""state_packet_rate_change""]",MEDIUM
3135,CTU46,2011-08-15T15:00:00+00:00,Virut,0.8278917766956706,Neris,0.7174629700307806,0.6652741047157364,151.78002554479156,"[""state_byte_rate_change"", ""state_ack_rate_change"", ""state_packet_rate_change""]",MEDIUM
3136,CTU46,2011-08-15T15:01:00+00:00,Virut,0.9262778872865612,Neris,0.8890235858484937,0.3700820795839426,229.97900439326676,"[""state_byte_rate_change"", ""state_ack_rate_change"", ""state_packet_rate_change""]",LOW
3137,CTU46,2011-08-15T15:02:00+00:00,Virut,0.8646428589432884,Neris,0.7683157389900782,0.5361880110901505,188.35857638346832,"[""state_byte_rate_change"", ""state_ack_rate_change"", ""state_packet_rate_change""]",MEDIUM
3138,CTU46,2011-08-15T15:03:00+00:00,Virut,0.9474356557953708,Neris,0.9286491891297396,0.2920440353418915,163.96976569222417,"[""state_byte_rate_change"", ""state_syn_rate_change"", ""state_ack_rate_change""]",LOW
3139,CTU46,2011-08-15T15:04:00+00:00,Virut,0.932815334601828,Neris,0.90207910808137,0.3503023931665953,590.6398222178433,"[""state_byte_rate_change"", ""state_ack_rate_change"", ""state_packet_rate_change""]",LOW
3140,CTU46,2011-08-15T15:05:00+00:00,Virut,0.953767704617283,Neris,0.93870813642955,0.2634766415702161,121.6173020994218,"[""state_byte_rate_change"", ""state_ack_rate_change"", ""state_syn_rate_change""]",LOW
3141,CTU46,2011-08-15T15:06:00+00:00,Virut,0.95869169352528,Neris,0.9476383745899972,0.2438509230333315,82.93311933080547,"[""state_byte_rate_change"", ""state_ack_rate_change"", ""state_packet_rate_change""]",LOW
3142,CTU46,2011-08-15T15:07:00+00:00,Neris,0.8470445095647973,Virut,0.7724082051492146,0.6320844372338573,893.0716317003138,"[""state_byte_rate_change"", ""state_ack_rate_change"", ""state_packet_rate_change""]",MEDIUM
3143,CTU46,2011-08-15T15:08:00+00:00,RBot,0.4192484832982937,Neris,0.0167390681077009,1.2031085655895752,95.90783346012084,"[""state_byte_rate_change"", ""state_ack_rate_change"", ""state_top_probability_change""]",HIGH
3144,CTU46,2011-08-15T15:09:00+00:00,RBot,0.889166773224314,Neris,0.8011521884125284,0.4335247889386646,22.530351156245185,"[""state_top_probability_change"", ""state_entropy_change"", ""state_syn_rate_change""]",LOW
3145,CTU46,2011-08-15T15:10:00+00:00,RBot,0.9273040875368662,Neris,0.8839960310692923,0.3449167706521303,3.103898682354633,"[""state_top_probability_change"", ""state_entropy_change"", ""state_port_diversity_change""]",LOW
3146,CTU46,2011-08-15T15:11:00+00:00,RBot,0.6660148737531385,Neris,0.3805206378862852,0.8327251352638526,15.00368373404607,"[""state_top_probability_change"", ""state_entropy_change"", ""state_ack_rate_change""]",MEDIUM
3147,CTU46,2011-08-15T15:12:00+00:00,Neris,0.441286627002212,RBot,0.1068533498318761,1.2320670432869854,13.865786884153875,"[""state_top_probability_change"", ""state_syn_rate_change"", ""state_entropy_change""]",HIGH
3148,CTU47,2011-08-16T08:09:00+00:00,DonBot,0.7294640337052553,Sogou,0.655173861169283,1.0321843035899931,0.0,"[""state_top_probability_change"", ""state_entropy_change"", ""state_packet_rate_change""]",MEDIUM
3149,CTU47,2011-08-16T08:10:00+00:00,DonBot,0.9853432709316846,Murlo,0.9785354315026442,0.0934328964142615,242.87189171711637,"[""state_byte_rate_change"", ""state_ack_rate_change"", ""state_packet_rate_change""]",LOW
3150,CTU47,2011-08-16T08:11:00+00:00,DonBot,0.984341437650952,Murlo,0.9737080157184564,0.0963830926819298,6.664741397606185,"[""state_syn_rate_change"", ""state_destination_diversity_change"", ""state_directionality_change""]",LOW
3151,CTU47,2011-08-16T08:12:00+00:00,DonBot,0.935033827879699,Murlo,0.8780627576188383,0.2727020447544391,7.951519710076616,"[""state_syn_rate_change"", ""state_top_probability_change"", ""state_byte_rate_change""]",LOW
3152,CTU47,2011-08-16T08:13:00+00:00,DonBot,0.9881061622108142,Murlo,0.9814578951331696,0.0782446213691595,14.169159992914976,"[""state_syn_rate_change"", ""state_destination_diversity_change"", ""state_top_probability_change""]",LOW
3153,CTU47,2011-08-16T08:14:00+00:00,DonBot,0.9669017917647008,Murlo,0.943889342125714,0.177573281384093,11.070026731496718,"[""state_syn_rate_change"", ""state_destination_diversity_change"", ""state_packet_rate_change""]",LOW
3154,CTU47,2011-08-16T08:15:00+00:00,DonBot,0.920078362316062,Murlo,0.8614303489063767,0.3425395966836678,7.979434835225825,"[""state_syn_rate_change"", ""state_top_probability_change"", ""state_byte_rate_change""]",LOW
3155,CTU47,2011-08-16T08:16:00+00:00,DonBot,0.6599861992995136,Murlo,0.4602301777927058,0.9079960652390592,24.553770948556508,"[""state_top_probability_change"", ""state_directionality_change"", ""state_syn_rate_change""]",MEDIUM
3156,CTU47,2011-08-16T08:17:00+00:00,DonBot,0.6884898313655351,Murlo,0.52449898098814,0.8718640580441152,12.413748434987248,"[""state_directionality_change"", ""state_syn_rate_change"", ""state_iat_change""]",MEDIUM
3157,CTU47,2011-08-16T08:18:00+00:00,DonBot,0.8171508007423283,Murlo,0.7286342762662389,0.6330511364620122,13.466848209107093,"[""state_directionality_change"", ""state_top_probability_change"", ""state_entropy_change""]",MEDIUM
3158,CTU47,2011-08-16T08:19:00+00:00,DonBot,0.9768840610853714,Murlo,0.9602417469470788,0.1303756874219629,22.20116837869639,"[""state_directionality_change"", ""state_top_probability_change"", ""state_entropy_change""]",LOW
3159,CTU47,2011-08-16T08:20:00+00:00,DonBot,0.9791820343360956,Murlo,0.9691598746833704,0.124729002482056,7.229896684812243,"[""state_syn_rate_change"", ""state_directionality_change"", ""state_destination_diversity_change""]",LOW
3160,CTU47,2011-08-16T08:21:00+00:00,DonBot,0.9231220509279048,Murlo,0.8743874884477809,0.3460341396542911,16.167084115733417,"[""state_syn_rate_change"", ""state_top_probability_change"", ""state_destination_diversity_change""]",LOW
3161,CTU47,2011-08-16T08:22:00+00:00,DonBot,0.9859552521700384,Murlo,0.9763259090467186,0.0877793409565604,12.34001762978066,"[""state_syn_rate_change"", ""state_top_probability_change"", ""state_destination_diversity_change""]",LOW
3162,CTU47,2011-08-16T08:23:00+00:00,DonBot,0.9859546445367792,Murlo,0.978362248607808,0.0880071109857492,8.228071600551397,"[""state_syn_rate_change"", ""state_directionality_change"", ""state_packet_rate_change""]",LOW
3163,CTU47,2011-08-16T08:24:00+00:00,DonBot,0.9826078772152328,Murlo,0.974483914157136,0.1057125205201516,1.235331376756036,"[""state_syn_rate_change"", ""state_destination_diversity_change"", ""state_directionality_change""]",LOW
3164,CTU47,2011-08-16T08:25:00+00:00,DonBot,0.9876447170266632,RBot,0.9811900867298048,0.0816677494414399,5.643058612858247,"[""state_syn_rate_change"", ""state_destination_diversity_change"", ""state_directionality_change""]",LOW
3165,CTU47,2011-08-16T08:26:00+00:00,DonBot,0.9458841506091475,Murlo,0.9143710193361636,0.2718050036490509,8.364291981949458,"[""state_syn_rate_change"", ""state_destination_diversity_change"", ""state_top_probability_change""]",LOW
3166,CTU47,2011-08-16T08:27:00+00:00,DonBot,0.8377978914773937,Murlo,0.7411927074370763,0.5774592459137121,25.980959396387416,"[""state_syn_rate_change"", ""state_top_probability_change"", ""state_iat_change""]",MEDIUM
3167,CTU47,2011-08-16T08:28:00+00:00,DonBot,0.969854101000196,Murlo,0.94514537760945,0.1547543225499792,18.38310163647176,"[""state_top_probability_change"", ""state_syn_rate_change"", ""state_directionality_change""]",LOW
3168,CTU47,2011-08-16T08:29:00+00:00,DonBot,0.9902625078473932,Murlo,0.9841618758329578,0.0649670972807863,10.47408225195779,"[""state_syn_rate_change"", ""state_destination_diversity_change"", ""state_byte_rate_change""]",LOW
3169,CTU47,2011-08-16T08:30:00+00:00,DonBot,0.9869602458282706,Murlo,0.9805044820046792,0.0862100145504357,2.5901317132193444,"[""state_destination_diversity_change"", ""state_syn_rate_change"", ""state_directionality_change""]",LOW
3170,CTU47,2011-08-16T08:31:00+00:00,DonBot,0.7934934290269106,Neris,0.6818098674960352,0.7829881470421608,93.7110785506156,"[""state_byte_rate_change"", ""state_ack_rate_change"", ""state_packet_rate_change""]",MEDIUM
3171,CTU47,2011-08-16T08:32:00+00:00,DonBot,0.8349825455699574,Murlo,0.7639566771312792,0.7036928992703366,71.28686232512392,"[""state_byte_rate_change"", ""state_ack_rate_change"", ""state_packet_rate_change""]",MEDIUM
3172,CTU47,2011-08-16T08:33:00+00:00,DonBot,0.8822294761584877,Murlo,0.836294004464209,0.5459454742662833,38.694369844139324,"[""state_byte_rate_change"", ""state_ack_rate_change"", ""state_packet_rate_change""]",MEDIUM
3173,CTU47,2011-08-16T08:34:00+00:00,DonBot,0.965660467135711,Murlo,0.9504608763918564,0.1974297423236971,113.86245847843539,"[""state_byte_rate_change"", ""state_ack_rate_change"", ""state_packet_rate_change""]",LOW
3174,CTU47,2011-08-16T08:35:00+00:00,DonBot,0.9845096926210531,Murlo,0.9776581839354188,0.1004300459792193,8.042040287300091,"[""state_byte_rate_change"", ""state_ack_rate_change"", ""state_destination_diversity_change""]",LOW
3175,CTU47,2011-08-16T08:36:00+00:00,DonBot,0.9898016043373632,RBot,0.9850244577195516,0.0699162043682352,6.059002687356504,"[""state_syn_rate_change"", ""state_rst_rate_change"", ""state_destination_diversity_change""]",LOW
3176,CTU47,2011-08-16T08:37:00+00:00,DonBot,0.988397634910366,RBot,0.9826431311591314,0.0761649362515685,5.183396163942454,"[""state_directionality_change"", ""state_byte_rate_change"", ""state_destination_diversity_change""]",LOW
3177,CTU47,2011-08-16T08:38:00+00:00,DonBot,0.9865113235883846,RBot,0.9806487254987832,0.0882611649887577,5.063501003012526,"[""state_directionality_change"", ""state_byte_rate_change"", ""state_ack_rate_change""]",LOW
3178,CTU47,2011-08-16T08:39:00+00:00,DonBot,0.9634737360699004,Murlo,0.936524582051798,0.1884099190202489,8.671331821449924,"[""state_syn_rate_change"", ""state_packet_rate_change"", ""state_top_probability_change""]",LOW
3179,CTU47,2011-08-16T08:40:00+00:00,DonBot,0.9589256890847044,Murlo,0.9235710542424872,0.1930028220660997,4.456411779065559,"[""state_directionality_change"", ""state_destination_diversity_change"", ""state_byte_rate_change""]",LOW
3180,CTU47,2011-08-16T08:41:00+00:00,DonBot,0.980681170525161,Murlo,0.9684020694429644,0.1159254245479965,7.015870844946314,"[""state_syn_rate_change"", ""state_destination_diversity_change"", ""state_byte_rate_change""]",LOW
3181,CTU47,2011-08-16T08:42:00+00:00,DonBot,0.9923261569131372,Murlo,0.9880607012997406,0.0540274829780394,3.1327979535579704,"[""state_destination_diversity_change"", ""state_syn_rate_change"", ""state_iat_change""]",LOW
3182,CTU47,2011-08-16T08:43:00+00:00,DonBot,0.9887139538115822,RBot,0.9824030022912078,0.0744109874834071,7.150303020700819,"[""state_syn_rate_change"", ""state_packet_rate_change"", ""state_directionality_change""]",LOW
3183,CTU47,2011-08-16T08:44:00+00:00,DonBot,0.9901589267163808,Murlo,0.9846254657124888,0.0663107293411211,6.872835768676158,"[""state_syn_rate_change"", ""state_destination_diversity_change"", ""state_packet_rate_change""]",LOW
3184,CTU47,2011-08-16T08:45:00+00:00,DonBot,0.9883524247380828,RBot,0.9826837284463866,0.0759076671249609,5.309184567950196,"[""state_directionality_change"", ""state_syn_rate_change"", ""state_byte_rate_change""]",LOW
3185,CTU47,2011-08-16T08:46:00+00:00,DonBot,0.9335931596805732,Murlo,0.8843199279177357,0.2991961271135084,10.701660251567615,"[""state_syn_rate_change"", ""state_top_probability_change"", ""state_directionality_change""]",LOW
3186,CTU47,2011-08-16T08:47:00+00:00,DonBot,0.9700348013173196,Murlo,0.9528279792490908,0.1672544716104223,5.3772350408598575,"[""state_syn_rate_change"", ""state_top_probability_change"", ""state_directionality_change""]",LOW
3187,CTU47,2011-08-16T08:48:00+00:00,DonBot,0.9885982125499164,RBot,0.9823626536141736,0.0746960400834302,7.875986506785028,"[""state_syn_rate_change"", ""state_directionality_change"", ""state_packet_rate_change""]",LOW
3188,CTU47,2011-08-16T08:49:00+00:00,DonBot,0.9943137214433672,RBot,0.9919983555168108,0.0424235589802898,7.144105341809772,"[""state_directionality_change"", ""state_syn_rate_change"", ""state_destination_diversity_change""]",LOW
3189,CTU47,2011-08-16T08:50:00+00:00,DonBot,0.9802292791633012,Murlo,0.9668530374065022,0.115783772495589,3.8763262477882736,"[""state_syn_rate_change"", ""state_destination_diversity_change"", ""state_top_probability_change""]",LOW
3190,CTU47,2011-08-16T08:51:00+00:00,DonBot,0.968909217024707,RBot,0.950411363935926,0.1687240508527594,10.502380224839259,"[""state_syn_rate_change"", ""state_directionality_change"", ""state_destination_diversity_change""]",LOW
3191,CTU47,2011-08-16T08:52:00+00:00,DonBot,0.9909210153538032,RBot,0.9860573175562806,0.0629072517587532,6.970121745171139,"[""state_directionality_change"", ""state_syn_rate_change"", ""state_destination_diversity_change""]",LOW
3192,CTU47,2011-08-16T08:53:00+00:00,DonBot,0.9797708477055794,RBot,0.9671107396525112,0.1195680387455474,10.430920754932021,"[""state_syn_rate_change"", ""state_directionality_change"", ""state_destination_diversity_change""]",LOW
3193,CTU47,2011-08-16T08:54:00+00:00,DonBot,0.9851334432539622,Murlo,0.9781747553562968,0.0930047790897016,9.982360788528313,"[""state_syn_rate_change"", ""state_directionality_change"", ""state_destination_diversity_change""]",LOW
3194,CTU47,2011-08-16T08:55:00+00:00,DonBot,0.9902980130524888,RBot,0.9860125895153212,0.0660590316394702,7.424305650144948,"[""state_syn_rate_change"", ""state_directionality_change"", ""state_byte_rate_change""]",LOW
3195,CTU47,2011-08-16T08:56:00+00:00,DonBot,0.9779269073513432,Murlo,0.967016681499694,0.1285076876589986,8.240048527216773,"[""state_syn_rate_change"", ""state_directionality_change"", ""state_destination_diversity_change""]",LOW
3196,CTU47,2011-08-16T08:57:00+00:00,DonBot,0.9891342663875016,RBot,0.98397217420912,0.0737717951788362,9.543442528178419,"[""state_syn_rate_change"", ""state_directionality_change"", ""state_destination_diversity_change""]",LOW
3197,CTU47,2011-08-16T08:58:00+00:00,DonBot,0.9900254939265896,RBot,0.984764910380418,0.0675967970602322,2.3011247115945697,"[""state_syn_rate_change"", ""state_destination_diversity_change"", ""state_directionality_change""]",LOW
3198,CTU47,2011-08-16T08:59:00+00:00,DonBot,0.9814219143418068,Murlo,0.971680779491962,0.1113431686775089,6.706672665917744,"[""state_syn_rate_change"", ""state_byte_rate_change"", ""state_destination_diversity_change""]",LOW
3199,CTU47,2011-08-16T09:00:00+00:00,DonBot,0.9938195574726943,RBot,0.9908722018096776,0.0454793283969491,5.289282051279149,"[""state_syn_rate_change"", ""state_directionality_change"", ""state_byte_rate_change""]",LOW
3200,CTU47,2011-08-16T09:01:00+00:00,DonBot,0.9934633056289972,RBot,0.9904756903883706,0.0472077147915611,2.5634570286739815,"[""state_destination_diversity_change"", ""state_syn_rate_change"", ""state_packet_rate_change""]",LOW
3201,CTU47,2011-08-16T09:02:00+00:00,DonBot,0.9807883724544076,RBot,0.9717410608489792,0.1193796187211615,2.466327407950237,"[""state_top_probability_change"", ""state_entropy_change"", ""state_syn_rate_change""]",LOW
3202,CTU47,2011-08-16T09:03:00+00:00,DonBot,0.9729387884835036,Murlo,0.9563884432971456,0.1540728390542033,10.963603449017945,"[""state_syn_rate_change"", ""state_directionality_change"", ""state_packet_rate_change""]",LOW
3203,CTU47,2011-08-16T09:04:00+00:00,DonBot,0.9629240471550484,RBot,0.9428149753342182,0.1956942418360363,19.73845067251293,"[""state_syn_rate_change"", ""state_directionality_change"", ""state_packet_rate_change""]",LOW
3204,CTU47,2011-08-16T09:05:00+00:00,DonBot,0.9930647640378544,Murlo,0.9900394741523864,0.049714437910348,15.228391275240853,"[""state_syn_rate_change"", ""state_directionality_change"", ""state_destination_diversity_change""]",LOW
3205,CTU47,2011-08-16T09:06:00+00:00,DonBot,0.9934104932796344,RBot,0.9902479306690972,0.0475463170290008,2.417633555150353,"[""state_syn_rate_change"", ""state_destination_diversity_change"", ""state_packet_rate_change""]",LOW
3206,CTU47,2011-08-16T09:07:00+00:00,DonBot,0.991000114213985,Murlo,0.9867039403138046,0.0611326204988321,4.973886477598323,"[""state_directionality_change"", ""state_byte_rate_change"", ""state_destination_diversity_change""]",LOW
3207,CTU47,2011-08-16T09:08:00+00:00,DonBot,0.9679055854168064,Murlo,0.9460046524316972,0.1736170131064844,8.815910468840103,"[""state_syn_rate_change"", ""state_directionality_change"", ""state_top_probability_change""]",LOW
3208,CTU47,2011-08-16T09:09:00+00:00,DonBot,0.9872848377764356,RBot,0.9805864758476576,0.0830034148722535,8.74398595704812,"[""state_syn_rate_change"", ""state_packet_rate_change"", ""state_directionality_change""]",LOW
3209,CTU47,2011-08-16T09:10:00+00:00,DonBot,0.9786734443544352,Murlo,0.9621416240218152,0.1194052651548751,11.573006223602214,"[""state_syn_rate_change"", ""state_byte_rate_change"", ""state_packet_rate_change""]",LOW
3210,CTU47,2011-08-16T09:11:00+00:00,DonBot,0.9930114734327876,RBot,0.9896852335366036,0.0501441604319887,9.527985614931977,"[""state_syn_rate_change"", ""state_byte_rate_change"", ""state_packet_rate_change""]",LOW
3211,CTU47,2011-08-16T09:12:00+00:00,DonBot,0.989346836103004,RBot,0.9831163431269532,0.0711843391262932,4.26732396651566,"[""state_syn_rate_change"", ""state_destination_diversity_change"", ""state_packet_rate_change""]",LOW
3212,CTU47,2011-08-16T09:13:00+00:00,DonBot,0.9797484078661732,Murlo,0.9691654462769176,0.120312845015087,6.71455991241287,"[""state_syn_rate_change"", ""state_byte_rate_change"", ""state_directionality_change""]",LOW
3213,CTU47,2011-08-16T09:14:00+00:00,DonBot,0.9902913573269848,RBot,0.9854334044892016,0.0654826588839396,3.3351729619593544,"[""state_destination_diversity_change"", ""state_directionality_change"", ""state_top_probability_change""]",LOW
3214,CTU47,2011-08-16T09:15:00+00:00,DonBot,0.989384149127336,Murlo,0.984090788832523,0.0712971932931058,7.515291592144099,"[""state_directionality_change"", ""state_destination_diversity_change"", ""state_syn_rate_change""]",LOW
3215,CTU47,2011-08-16T09:16:00+00:00,DonBot,0.9946068908716456,RBot,0.99180679277137,0.0399449069406035,7.61731667651383,"[""state_syn_rate_change"", ""state_destination_diversity_change"", ""state_packet_rate_change""]",LOW
3216,CTU47,2011-08-16T09:17:00+00:00,DonBot,0.9941556016115066,RBot,0.9915356889091144,0.0428900298836777,4.750694575967662,"[""state_syn_rate_change"", ""state_destination_diversity_change"", ""state_packet_rate_change""]",LOW
3217,CTU47,2011-08-16T09:18:00+00:00,DonBot,0.9804866171560622,RBot,0.968677267331026,0.1159108883010776,8.553951331822782,"[""state_syn_rate_change"", ""state_directionality_change"", ""state_top_probability_change""]",LOW
3218,CTU47,2011-08-16T09:19:00+00:00,DonBot,0.9919957181882582,Murlo,0.988793259233328,0.0570579021241694,9.171317878219941,"[""state_syn_rate_change"", ""state_directionality_change"", ""state_ack_rate_change""]",LOW
3219,CTU47,2011-08-16T09:20:00+00:00,DonBot,0.9801819490032132,RBot,0.9690908353147032,0.1178105374479575,9.188268192391845,"[""state_syn_rate_change"", ""state_directionality_change"", ""state_ack_rate_change""]",LOW
3220,CTU47,2011-08-16T09:21:00+00:00,DonBot,0.9536643302235186,Murlo,0.913308727010713,0.2111954872714889,16.375017897679882,"[""state_syn_rate_change"", ""state_directionality_change"", ""state_packet_rate_change""]",LOW
3221,CTU47,2011-08-16T09:22:00+00:00,DonBot,0.99156806599082,RBot,0.9874866151163836,0.0589889176777702,12.810505281166337,"[""state_syn_rate_change"", ""state_byte_rate_change"", ""state_destination_diversity_change""]",LOW
3222,CTU47,2011-08-16T09:23:00+00:00,DonBot,0.97551584634454,Murlo,0.9576959275746856,0.1342724053932462,7.197671196897424,"[""state_syn_rate_change"", ""state_byte_rate_change"", ""state_destination_diversity_change""]",LOW
3223,CTU47,2011-08-16T09:24:00+00:00,DonBot,0.9918219713659768,RBot,0.987405269677194,0.0574557559035511,8.619243124929843,"[""state_syn_rate_change"", ""state_byte_rate_change"", ""state_packet_rate_change""]",LOW
3224,CTU47,2011-08-16T09:25:00+00:00,DonBot,0.958306591882456,Murlo,0.9231845502190312,0.1967774466515786,10.772424068762723,"[""state_syn_rate_change"", ""state_byte_rate_change"", ""state_top_probability_change""]",LOW
3225,CTU47,2011-08-16T09:26:00+00:00,DonBot,0.9945852176188976,RBot,0.9919030998661748,0.040258601840595,8.627343494288448,"[""state_syn_rate_change"", ""state_top_probability_change"", ""state_byte_rate_change""]",LOW
3226,CTU47,2011-08-16T09:27:00+00:00,DonBot,0.9921429694994648,RBot,0.9880057981565534,0.0554822525371099,1.3698701781770224,"[""state_syn_rate_change"", ""state_rst_rate_change"", ""state_destination_diversity_change""]",LOW
3227,CTU47,2011-08-16T09:28:00+00:00,DonBot,0.9543111421414214,Murlo,0.9183608877385776,0.2166423732860471,8.028866953464606,"[""state_syn_rate_change"", ""state_top_probability_change"", ""state_directionality_change""]",LOW
3228,CTU47,2011-08-16T09:29:00+00:00,DonBot,0.9948164038322144,RBot,0.9923013799772412,0.0386571578339853,8.044503245124323,"[""state_syn_rate_change"", ""state_top_probability_change"", ""state_byte_rate_change""]",LOW
3229,CTU47,2011-08-16T09:30:00+00:00,DonBot,0.9823504923891886,RBot,0.9734138299791144,0.1087202775425395,5.934289012856297,"[""state_syn_rate_change"", ""state_directionality_change"", ""state_byte_rate_change""]",LOW
3230,CTU47,2011-08-16T09:31:00+00:00,DonBot,0.9912421318889244,RBot,0.9868320385539848,0.0600581291789024,5.2426774291675615,"[""state_syn_rate_change"", ""state_destination_diversity_change"", ""state_packet_rate_change""]",LOW
3231,CTU47,2011-08-16T09:32:00+00:00,DonBot,0.9943491646660751,Murlo,0.9919119051595944,0.0416018211259065,5.989452528095849,"[""state_directionality_change"", ""state_destination_diversity_change"", ""state_syn_rate_change""]",LOW
3232,CTU47,2011-08-16T09:33:00+00:00,DonBot,0.9899486810671664,Murlo,0.9841753833753272,0.066499733444421,5.557729522598049,"[""state_directionality_change"", ""state_destination_diversity_change"", ""state_syn_rate_change""]",LOW
3233,CTU47,2011-08-16T09:34:00+00:00,DonBot,0.9928970086343664,Murlo,0.9899694333204716,0.051152256195292,5.836657402965369,"[""state_directionality_change"", ""state_syn_rate_change"", ""state_destination_diversity_change""]",LOW
3234,CTU47,2011-08-16T09:35:00+00:00,DonBot,0.9807894924400344,Murlo,0.9694310635294128,0.1160700949030789,4.275811123621888,"[""state_syn_rate_change"", ""state_directionality_change"", ""state_top_probability_change""]",LOW
3235,CTU47,2011-08-16T09:36:00+00:00,DonBot,0.9922732700989264,RBot,0.988843413124524,0.0553498671353874,4.3699079212303005,"[""state_syn_rate_change"", ""state_directionality_change"", ""state_top_probability_change""]",LOW
3236,CTU47,2011-08-16T09:37:00+00:00,DonBot,0.9928126730162504,Murlo,0.9885451298913174,0.0503480749506324,1.8592650219474258,"[""state_syn_rate_change"", ""state_packet_rate_change"", ""state_destination_diversity_change""]",LOW
3237,CTU47,2011-08-16T09:38:00+00:00,DonBot,0.986418233341147,Murlo,0.9778212328225624,0.0848988401712012,3.6787879790795515,"[""state_directionality_change"", ""state_syn_rate_change"", ""state_byte_rate_change""]",LOW
3238,CTU47,2011-08-16T09:39:00+00:00,DonBot,0.9939812248752844,RBot,0.9911360026663028,0.0438575273903497,4.651770054611794,"[""state_directionality_change"", ""state_syn_rate_change"", ""state_byte_rate_change""]",LOW
3239,CTU47,2011-08-16T09:40:00+00:00,DonBot,0.9832741882854202,Murlo,0.972438602145586,0.1013521428243182,3.347041984652803,"[""state_syn_rate_change"", ""state_directionality_change"", ""state_top_probability_change""]",LOW
3240,CTU47,2011-08-16T09:41:00+00:00,DonBot,0.9676164019265792,Murlo,0.9424599474524344,0.1672947523799953,7.535586305629065,"[""state_syn_rate_change"", ""state_byte_rate_change"", ""state_packet_rate_change""]",LOW
3241,CTU47,2011-08-16T09:42:00+00:00,DonBot,0.9568680687083364,Murlo,0.9192533180689544,0.1995334672602872,2.6384270243800665,"[""state_destination_diversity_change"", ""state_iat_change"", ""state_syn_rate_change""]",LOW
3242,CTU47,2011-08-16T09:43:00+00:00,DonBot,0.9696220630665005,Murlo,0.9447524503758348,0.1556451113329604,1.552651736440237,"[""state_syn_rate_change"", ""state_top_probability_change"", ""state_entropy_change""]",LOW
3243,CTU47,2011-08-16T09:44:00+00:00,DonBot,0.9956481003314588,RBot,0.9938884046009606,0.0335674338312669,11.117623601082661,"[""state_syn_rate_change"", ""state_byte_rate_change"", ""state_packet_rate_change""]",LOW
3244,CTU47,2011-08-16T09:45:00+00:00,DonBot,0.970728620812234,Murlo,0.9478833983777228,0.1531986620869478,9.090945023614369,"[""state_syn_rate_change"", ""state_destination_diversity_change"", ""state_byte_rate_change""]",LOW
3245,CTU47,2011-08-16T09:46:00+00:00,DonBot,0.617786084316277,Murlo,0.4130997622630931,0.9857140065903516,29.7533847831069,"[""state_top_probability_change"", ""state_directionality_change"", ""state_entropy_change""]",MEDIUM
3246,CTU47,2011-08-16T09:47:00+00:00,DonBot,0.7695815085215792,RBot,0.6544558449694532,0.7351352474698122,6.472011334164158,"[""state_top_probability_change"", ""state_entropy_change"", ""state_directionality_change""]",MEDIUM
3247,CTU47,2011-08-16T09:48:00+00:00,DonBot,0.928201962951777,Murlo,0.8723072720127567,0.3134354322035603,20.35246972238574,"[""state_directionality_change"", ""state_top_probability_change"", ""state_entropy_change""]",LOW
3248,CTU47,2011-08-16T09:49:00+00:00,DonBot,0.9769705003097198,Murlo,0.9598719918597056,0.1289911507935999,9.01826799194693,"[""state_syn_rate_change"", ""state_top_probability_change"", ""state_destination_diversity_change""]",LOW
3249,CTU47,2011-08-16T09:50:00+00:00,DonBot,0.9948263083109704,RBot,0.992382380659278,0.038494590191623,7.332582058615394,"[""state_syn_rate_change"", ""state_directionality_change"", ""state_packet_rate_change""]",LOW
3250,CTU47,2011-08-16T09:51:00+00:00,DonBot,0.9796025543779464,RBot,0.9688752493077394,0.1210695438250077,4.72678842813289,"[""state_syn_rate_change"", ""state_directionality_change"", ""state_top_probability_change""]",LOW
3251,CTU47,2011-08-16T09:52:00+00:00,DonBot,0.9807157842079066,Murlo,0.9671848059095128,0.112708874451558,8.418151096905788,"[""state_syn_rate_change"", ""state_directionality_change"", ""state_destination_diversity_change""]",LOW
3252,CTU47,2011-08-16T09:53:00+00:00,DonBot,0.9468855888611624,Murlo,0.9103596705081152,0.2602976212848091,8.595605707283623,"[""state_syn_rate_change"", ""state_destination_diversity_change"", ""state_top_probability_change""]",LOW
3253,CTU47,2011-08-16T09:54:00+00:00,DonBot,0.9722256584850842,RBot,0.9566233701212284,0.1568564225024622,14.38490000024227,"[""state_syn_rate_change"", ""state_directionality_change"", ""state_rst_rate_change""]",LOW
3254,CTU47,2011-08-16T09:55:00+00:00,DonBot,0.991810128838186,Murlo,0.9879866357862614,0.0573611195755913,8.534179773486562,"[""state_syn_rate_change"", ""state_directionality_change"", ""state_top_probability_change""]",LOW
3255,CTU47,2011-08-16T09:56:00+00:00,DonBot,0.9932960506038824,RBot,0.9901171028680336,0.048148788246585,2.7761332150777673,"[""state_syn_rate_change"", ""state_destination_diversity_change"", ""state_directionality_change""]",LOW
3256,CTU47,2011-08-16T09:57:00+00:00,DonBot,0.9864061960045416,Murlo,0.9767483985693736,0.0843404955227585,5.781937294875391,"[""state_syn_rate_change"", ""state_packet_rate_change"", ""state_directionality_change""]",LOW
3257,CTU47,2011-08-16T09:58:00+00:00,DonBot,0.9595935434700996,Murlo,0.9278318201831296,0.1988705796796135,4.570774396009545,"[""state_directionality_change"", ""state_top_probability_change"", ""state_byte_rate_change""]",LOW
3258,CTU47,2011-08-16T09:59:00+00:00,DonBot,0.9906557393273996,RBot,0.9851133928783288,0.0638769157057944,12.435613036508672,"[""state_syn_rate_change"", ""state_byte_rate_change"", ""state_packet_rate_change""]",LOW
3259,CTU47,2011-08-16T10:00:00+00:00,DonBot,0.6104480862021402,RBot,0.4070463948084956,0.9866269448787248,42.645235331249964,"[""state_top_probability_change"", ""state_syn_rate_change"", ""state_entropy_change""]",MEDIUM
3260,CTU47,2011-08-16T10:01:00+00:00,DonBot,0.9875367497315616,Murlo,0.979459688225338,0.0801300424812414,36.537265846694105,"[""state_top_probability_change"", ""state_syn_rate_change"", ""state_directionality_change""]",LOW
3261,CTU47,2011-08-16T10:02:00+00:00,DonBot,0.9522427677019466,Murlo,0.9261472572504804,0.2400032184013248,8.14461209650107,"[""state_syn_rate_change"", ""state_directionality_change"", ""state_top_probability_change""]",LOW
3262,CTU47,2011-08-16T10:03:00+00:00,DonBot,0.983259523293726,Murlo,0.9723207209370504,0.1025132295999005,9.076179831489894,"[""state_directionality_change"", ""state_syn_rate_change"", ""state_top_probability_change""]",LOW
3263,CTU47,2011-08-16T10:04:00+00:00,DonBot,0.9832396246788764,Murlo,0.9743446887353456,0.1054526456273859,3.5566738896639833,"[""state_syn_rate_change"", ""state_rst_rate_change"", ""state_directionality_change""]",LOW
3264,CTU47,2011-08-16T10:05:00+00:00,DonBot,0.9918209070547906,Murlo,0.9870644378123402,0.0563435724001609,1.3844043732970537,"[""state_directionality_change"", ""state_top_probability_change"", ""state_port_diversity_change""]",LOW
3265,CTU47,2011-08-16T10:06:00+00:00,DonBot,0.9748276070378764,Murlo,0.9567797787792824,0.1386562707745932,4.489605662872392,"[""state_destination_diversity_change"", ""state_byte_rate_change"", ""state_top_probability_change""]",LOW
3266,CTU47,2011-08-16T10:07:00+00:00,DonBot,0.9639227156059298,RBot,0.9488400942569823,0.205802624816644,12.9424918551645,"[""state_syn_rate_change"", ""state_byte_rate_change"", ""state_packet_rate_change""]",LOW
3267,CTU47,2011-08-16T10:08:00+00:00,DonBot,0.9819706728987788,Murlo,0.9710197907562674,0.1095270813365135,10.64578067840956,"[""state_syn_rate_change"", ""state_packet_rate_change"", ""state_byte_rate_change""]",LOW
3268,CTU47,2011-08-16T10:09:00+00:00,DonBot,0.9724360207078416,Murlo,0.9505711972003696,0.1450435517884881,7.161884385634032,"[""state_directionality_change"", ""state_byte_rate_change"", ""state_syn_rate_change""]",LOW
3269,CTU47,2011-08-16T10:10:00+00:00,DonBot,0.7668101349266672,Murlo,0.5988076966585026,0.7491590823006785,20.955873954427606,"[""state_top_probability_change"", ""state_syn_rate_change"", ""state_entropy_change""]",MEDIUM
3270,CTU48,2011-08-16T11:56:00+00:00,Sogou,0.4819216519648558,Neris,0.2724725154569405,1.462613368520536,0.0,"[""state_top_probability_change"", ""state_entropy_change"", ""state_packet_rate_change""]",HIGH
3271,CTU48,2011-08-16T11:57:00+00:00,Sogou,0.9264578394870394,Murlo,0.9044137650462172,0.3892702220550409,710.5737193160367,"[""state_byte_rate_change"", ""state_ack_rate_change"", ""state_packet_rate_change""]",LOW
3272,CTU48,2011-08-16T11:58:00+00:00,Sogou,0.9260543596304934,Murlo,0.8836866862518943,0.364421232702292,620.6847255972037,"[""state_byte_rate_change"", ""state_ack_rate_change"", ""state_packet_rate_change""]",LOW
3273,CTU48,2011-08-16T11:59:00+00:00,Sogou,0.913674800237274,Murlo,0.8648681523870052,0.4132213479393549,1044.1728054442858,"[""state_byte_rate_change"", ""state_ack_rate_change"", ""state_packet_rate_change""]",LOW
3274,CTU48,2011-08-16T12:00:00+00:00,Sogou,0.8468403276272378,Murlo,0.7437860536571371,0.6047452758970521,245.83421529025816,"[""state_byte_rate_change"", ""state_ack_rate_change"", ""state_packet_rate_change""]",MEDIUM
3275,CTU48,2011-08-16T12:06:00+00:00,RBot,0.7785980349464005,Murlo,0.5635585003346486,0.5672962650728751,199.37972928479493,"[""state_byte_rate_change"", ""state_ack_rate_change"", ""state_iat_change""]",MEDIUM
3276,CTU48,2011-08-16T12:07:00+00:00,RBot,0.99094976411324,Murlo,0.9824699800908624,0.0545878538737742,29.670889971545986,"[""state_iat_change"", ""state_top_probability_change"", ""state_entropy_change""]",LOW
3277,CTU48,2011-08-16T12:10:00+00:00,RBot,0.7068913142265908,Murlo,0.4228005701155531,0.6592974690847117,34.01665248444831,"[""state_iat_change"", ""state_top_probability_change"", ""state_entropy_change""]",MEDIUM
3278,CTU49,2011-08-16T12:24:00+00:00,Murlo,0.8332389427049676,Virut,0.7790514719453449,0.7282555812647317,0.0,"[""state_top_probability_change"", ""state_entropy_change"", ""state_packet_rate_change""]",MEDIUM
3279,CTU49,2011-08-16T12:25:00+00:00,Murlo,0.9596227024449168,RBot,0.9406677220150684,0.2298069144022886,12.882576980655374,"[""state_top_probability_change"", ""state_entropy_change"", ""state_rst_rate_change""]",LOW
3280,CTU49,2011-08-16T12:26:00+00:00,Murlo,0.9435729022868036,RBot,0.9193612326622782,0.301431939029438,2.016155876494549,"[""state_top_probability_change"", ""state_byte_rate_change"", ""state_entropy_change""]",LOW
3281,CTU49,2011-08-16T12:27:00+00:00,Murlo,0.959803068666218,RBot,0.9372966141259196,0.2233976495817558,1.9263798628616622,"[""state_top_probability_change"", ""state_entropy_change"", ""state_byte_rate_change""]",LOW
3282,CTU49,2011-08-16T12:28:00+00:00,Murlo,0.8134147755112519,Virut,0.746703281062855,0.7644318183985818,19.465379299174305,"[""state_top_probability_change"", ""state_syn_rate_change"", ""state_entropy_change""]",MEDIUM
3283,CTU49,2011-08-16T12:29:00+00:00,Murlo,0.9538434286796752,RBot,0.9292351668535752,0.2517334543254753,17.291996298876857,"[""state_top_probability_change"", ""state_entropy_change"", ""state_syn_rate_change""]",LOW
3284,CTU49,2011-08-16T12:30:00+00:00,Murlo,0.9594845444942948,RBot,0.934082618300306,0.2193222735574223,4.670876822821138,"[""state_byte_rate_change"", ""state_syn_rate_change"", ""state_ack_rate_change""]",LOW
3285,CTU49,2011-08-16T12:31:00+00:00,Murlo,0.9620246949255588,RBot,0.9416723292139748,0.2147128705258332,0.8886724723175247,"[""state_byte_rate_change"", ""state_iat_change"", ""state_ack_rate_change""]",LOW
3286,CTU49,2011-08-16T12:32:00+00:00,Murlo,0.9011016904030388,Virut,0.8631575133405633,0.4715111821318841,14.4451104575478,"[""state_byte_rate_change"", ""state_top_probability_change"", ""state_syn_rate_change""]",LOW
3287,CTU49,2011-08-16T12:33:00+00:00,Murlo,0.9413849580221116,RBot,0.9060400634676492,0.297154223829461,13.249855154798441,"[""state_byte_rate_change"", ""state_ack_rate_change"", ""state_packet_rate_change""]",LOW
3288,CTU49,2011-08-16T12:34:00+00:00,Murlo,0.994368600276184,RBot,0.9902492552037356,0.0398786745313753,16.54372561635827,"[""state_byte_rate_change"", ""state_iat_change"", ""state_top_probability_change""]",LOW
3289,CTU49,2011-08-16T12:35:00+00:00,Murlo,0.9990255101647658,RBot,0.9982646277349828,0.0085335797996479,7.674608504340729,"[""state_iat_change"", ""state_rst_rate_change"", ""state_destination_diversity_change""]",LOW
3290,CTU49,2011-08-16T12:36:00+00:00,Murlo,0.998290667639872,RBot,0.9970152202357796,0.0142317223945525,0.06393945611842754,"[""state_entropy_change"", ""state_top_probability_change"", ""state_iat_change""]",LOW
3291,CTU49,2011-08-16T12:37:00+00:00,Murlo,0.9917044362518642,RBot,0.9840431823837048,0.0511577423020558,0.39174992531788333,"[""state_top_probability_change"", ""state_entropy_change"", ""state_iat_change""]",LOW
3292,CTU49,2011-08-16T12:38:00+00:00,Murlo,0.9215675519006974,RBot,0.8776515140274992,0.3714301053082371,19.871458614687317,"[""state_byte_rate_change"", ""state_ack_rate_change"", ""state_top_probability_change""]",LOW
3293,CTU49,2011-08-16T12:39:00+00:00,Murlo,0.8660723656311279,RBot,0.7657738166686943,0.51941612138471,47.584847065352335,"[""state_byte_rate_change"", ""state_ack_rate_change"", ""state_packet_rate_change""]",MEDIUM
3294,CTU49,2011-08-16T12:40:00+00:00,Murlo,0.9043531208522372,RBot,0.8377675358760898,0.4171380319056734,4.955212522920909,"[""state_byte_rate_change"", ""state_top_probability_change"", ""state_entropy_change""]",LOW
3295,CTU49,2011-08-16T12:41:00+00:00,Murlo,0.9005864804984882,Sogou,0.8626341440401945,0.4858236918456189,41.059326623188106,"[""state_byte_rate_change"", ""state_ack_rate_change"", ""state_packet_rate_change""]",LOW
3296,CTU49,2011-08-16T12:42:00+00:00,Murlo,0.9484207160377932,RBot,0.9206077316357036,0.2735897199670742,50.15508628287034,"[""state_byte_rate_change"", ""state_ack_rate_change"", ""state_packet_rate_change""]",LOW
3297,CTU49,2011-08-16T12:43:00+00:00,Murlo,0.9178457520340308,Sogou,0.8953873510054868,0.4214869988640887,5.673038430775397,"[""state_byte_rate_change"", ""state_top_probability_change"", ""state_entropy_change""]",LOW
3298,CTU49,2011-08-16T12:44:00+00:00,Murlo,0.8275964647867114,RBot,0.7027267730870604,0.6223805996812967,43.757776078098345,"[""state_byte_rate_change"", ""state_ack_rate_change"", ""state_top_probability_change""]",MEDIUM
3299,CTU49,2011-08-16T12:45:00+00:00,Murlo,0.993068931348552,RBot,0.9901618595695768,0.051453963841519,11.201254831709173,"[""state_top_probability_change"", ""state_entropy_change"", ""state_ack_rate_change""]",LOW
3300,CTU49,2011-08-16T12:46:00+00:00,Murlo,0.9936818697322968,RBot,0.9912880035857656,0.0476755641470412,2.223890878193682,"[""state_byte_rate_change"", ""state_packet_rate_change"", ""state_directionality_change""]",LOW
3301,CTU49,2011-08-16T12:47:00+00:00,Murlo,0.8894797960640451,Neris,0.832669321197769,0.4870065824018623,15.080451618413475,"[""state_syn_rate_change"", ""state_top_probability_change"", ""state_entropy_change""]",LOW
3302,CTU49,2011-08-16T12:48:00+00:00,Murlo,0.9229686185374733,Neris,0.882750991957906,0.3756400225654744,10.138308994377498,"[""state_syn_rate_change"", ""state_destination_diversity_change"", ""state_top_probability_change""]",LOW
3303,CTU49,2011-08-16T12:49:00+00:00,Murlo,0.9050538288684652,Neris,0.8636517371084248,0.4520650846200063,5.115315664585986,"[""state_byte_rate_change"", ""state_syn_rate_change"", ""state_top_probability_change""]",LOW
3304,CTU49,2011-08-16T12:50:00+00:00,Murlo,0.8903156029613212,Neris,0.8285400812611121,0.4824436617208588,4.048345077359913,"[""state_port_diversity_change"", ""state_rst_rate_change"", ""state_fin_rate_change""]",LOW
3305,CTU49,2011-08-16T12:51:00+00:00,Murlo,0.9189695572157988,Neris,0.8847575684408998,0.3948633230534372,6.155332316665707,"[""state_byte_rate_change"", ""state_port_diversity_change"", ""state_top_probability_change""]",LOW
3306,CTU49,2011-08-16T12:52:00+00:00,Murlo,0.933824387006732,RBot,0.8792182812874898,0.2897121517257418,16.235976928115566,"[""state_syn_rate_change"", ""state_destination_diversity_change"", ""state_packet_rate_change""]",LOW
3307,CTU49,2011-08-16T12:53:00+00:00,Murlo,0.991967891486104,RBot,0.9888359644065134,0.058667831618008,6.221837483047296,"[""state_top_probability_change"", ""state_entropy_change"", ""state_byte_rate_change""]",LOW
3308,CTU49,2011-08-16T12:54:00+00:00,Murlo,0.7201240267333462,Neris,0.5202629894682189,0.8682144164666163,92.52368990258653,"[""state_byte_rate_change"", ""state_ack_rate_change"", ""state_packet_rate_change""]",MEDIUM
3309,CTU49,2011-08-16T12:55:00+00:00,Murlo,0.991820270945467,RBot,0.9869360573055737,0.0575030772005159,95.69011878179874,"[""state_byte_rate_change"", ""state_ack_rate_change"", ""state_packet_rate_change""]",LOW
3310,CTU49,2011-08-16T12:56:00+00:00,Murlo,0.987470487094082,RBot,0.9775921474292332,0.0776158394452779,2.2300880136034085,"[""state_byte_rate_change"", ""state_syn_rate_change"", ""state_destination_diversity_change""]",LOW
3311,CTU49,2011-08-16T12:57:00+00:00,Murlo,0.993907311763587,RBot,0.990853166469579,0.0454961019576584,2.7477692152818762,"[""state_byte_rate_change"", ""state_destination_diversity_change"", ""state_port_diversity_change""]",LOW
3312,CTU49,2011-08-16T12:58:00+00:00,Murlo,0.9947993332344736,RBot,0.9926822313045645,0.0402016922800119,2.9539798368064574,"[""state_byte_rate_change"", ""state_packet_rate_change"", ""state_directionality_change""]",LOW
3313,CTU49,2011-08-16T12:59:00+00:00,Murlo,0.9942194899968174,RBot,0.9916129445977886,0.0437067089308522,2.0931238702412376,"[""state_byte_rate_change"", ""state_packet_rate_change"", ""state_syn_rate_change""]",LOW
3314,CTU49,2011-08-16T13:00:00+00:00,Murlo,0.9876907691686884,RBot,0.9790053302515492,0.0788832566883304,2.5231069976940934,"[""state_byte_rate_change"", ""state_port_diversity_change"", ""state_destination_diversity_change""]",LOW
3315,CTU49,2011-08-16T13:01:00+00:00,Murlo,0.9750892214462794,Neris,0.9630575024118402,0.1513309214463952,9.2530087343925,"[""state_byte_rate_change"", ""state_packet_rate_change"", ""state_port_diversity_change""]",LOW
3316,CTU49,2011-08-16T13:02:00+00:00,Murlo,0.9928701834251096,RBot,0.9895796170210472,0.052182467282289,11.284281550124453,"[""state_byte_rate_change"", ""state_packet_rate_change"", ""state_top_probability_change""]",LOW
3317,CTU49,2011-08-16T13:03:00+00:00,Murlo,0.95666828489319,RBot,0.917356424761694,0.1974743722028952,14.540483394841731,"[""state_byte_rate_change"", ""state_packet_rate_change"", ""state_iat_change""]",LOW
3318,CTU49,2011-08-16T13:04:00+00:00,Murlo,0.9855305331618716,RBot,0.9769589243474852,0.0927106172398606,4.815515383989265,"[""state_iat_change"", ""state_top_probability_change"", ""state_port_diversity_change""]",LOW
3319,CTU49,2011-08-16T13:05:00+00:00,Murlo,0.9925800403458328,RBot,0.9892239981873954,0.0544263956361735,19.49942295358544,"[""state_byte_rate_change"", ""state_packet_rate_change"", ""state_iat_change""]",LOW
3320,CTU49,2011-08-16T13:06:00+00:00,Murlo,0.9922937681314644,RBot,0.9887658211945792,0.0561371888582598,0.5265075902106474,"[""state_byte_rate_change"", ""state_port_diversity_change"", ""state_directionality_change""]",LOW
3321,CTU49,2011-08-16T13:07:00+00:00,Murlo,0.9853793940753816,RBot,0.9744657980780658,0.0897329851914385,8.583154502994303,"[""state_byte_rate_change"", ""state_packet_rate_change"", ""state_destination_diversity_change""]",LOW
3322,CTU49,2011-08-16T13:08:00+00:00,Murlo,0.9944138886747914,RBot,0.9920567688522184,0.0426633945453721,1.7898497251658305,"[""state_destination_diversity_change"", ""state_port_diversity_change"", ""state_top_probability_change""]",LOW
3323,CTU49,2011-08-16T13:09:00+00:00,Murlo,0.992429358183112,RBot,0.9883970673850316,0.0545662743182661,5.018934645051615,"[""state_byte_rate_change"", ""state_packet_rate_change"", ""state_destination_diversity_change""]",LOW
3324,CTU49,2011-08-16T13:10:00+00:00,Murlo,0.9888141303517222,RBot,0.9819314117958864,0.0746363651445913,5.4803677037965635,"[""state_byte_rate_change"", ""state_packet_rate_change"", ""state_iat_change""]",LOW
3325,CTU49,2011-08-16T13:11:00+00:00,Murlo,0.9915746134728104,RBot,0.987769002184368,0.0602023579431947,2.8515947849366676,"[""state_rst_rate_change"", ""state_port_diversity_change"", ""state_syn_rate_change""]",LOW
3326,CTU49,2011-08-16T13:12:00+00:00,Murlo,0.9867367175336544,RBot,0.9796868170535958,0.0882160887289656,5.292103379971651,"[""state_byte_rate_change"", ""state_rst_rate_change"", ""state_syn_rate_change""]",LOW
3327,CTU49,2011-08-16T13:13:00+00:00,Murlo,0.9823077835961538,RBot,0.972315105904204,0.110336594031687,8.952163224654617,"[""state_byte_rate_change"", ""state_packet_rate_change"", ""state_rst_rate_change""]",LOW
3328,CTU49,2011-08-16T13:14:00+00:00,Murlo,0.9896704415277376,RBot,0.9860275362929646,0.0725806678191717,4.9203815634070205,"[""state_byte_rate_change"", ""state_rst_rate_change"", ""state_destination_diversity_change""]",LOW
3329,CTU49,2011-08-16T13:15:00+00:00,Murlo,0.9910015571462772,RBot,0.9858148612376976,0.0625802669586304,3.7978195955651057,"[""state_byte_rate_change"", ""state_port_diversity_change"", ""state_destination_diversity_change""]",LOW
3330,CTU49,2011-08-16T13:16:00+00:00,Murlo,0.991209684342974,RBot,0.9852414517479376,0.0598003470193352,3.7062130792889767,"[""state_byte_rate_change"", ""state_packet_rate_change"", ""state_destination_diversity_change""]",LOW
3331,CTU49,2011-08-16T13:17:00+00:00,Murlo,0.9920740609388892,RBot,0.9889469845590492,0.0578860882728488,3.3847875180024207,"[""state_byte_rate_change"", ""state_destination_diversity_change"", ""state_port_diversity_change""]",LOW
3332,CTU49,2011-08-16T13:18:00+00:00,Murlo,0.9937079718064608,RBot,0.9906990139446352,0.0469068374866366,7.2888594815813255,"[""state_byte_rate_change"", ""state_packet_rate_change"", ""state_iat_change""]",LOW
3333,CTU49,2011-08-16T13:19:00+00:00,Murlo,0.9946494826107068,RBot,0.9920598031226328,0.0408043879151536,1.1297245013838404,"[""state_byte_rate_change"", ""state_packet_rate_change"", ""state_destination_diversity_change""]",LOW
3334,CTU49,2011-08-16T13:20:00+00:00,Murlo,0.9936028488894306,RBot,0.9909821101998668,0.048078385452031,1.2579119287949143,"[""state_byte_rate_change"", ""state_destination_diversity_change"", ""state_port_diversity_change""]",LOW
3335,CTU49,2011-08-16T13:21:00+00:00,Murlo,0.9932303702364622,RBot,0.9906052816745056,0.0506540091130429,0.8534659373378887,"[""state_byte_rate_change"", ""state_packet_rate_change"", ""state_port_diversity_change""]",LOW
3336,CTU49,2011-08-16T13:22:00+00:00,Murlo,0.9939502580662846,RBot,0.990752985130874,0.0449630517397512,1.5266304435307925,"[""state_byte_rate_change"", ""state_port_diversity_change"", ""state_destination_diversity_change""]",LOW
3337,CTU49,2011-08-16T13:23:00+00:00,Murlo,0.9911078998638062,RBot,0.9863113152731384,0.0625600975214576,3.784872782009739,"[""state_byte_rate_change"", ""state_packet_rate_change"", ""state_syn_rate_change""]",LOW
3338,CTU49,2011-08-16T13:24:00+00:00,Murlo,0.976174750312412,RBot,0.96332471026285,0.1433672720395348,4.296434954188993,"[""state_byte_rate_change"", ""state_ack_rate_change"", ""state_top_probability_change""]",LOW
3339,CTU49,2011-08-16T13:25:00+00:00,Murlo,0.9915976721866996,RBot,0.9838409984877594,0.0517204200035609,23.56729018676845,"[""state_byte_rate_change"", ""state_packet_rate_change"", ""state_port_diversity_change""]",LOW
3340,CTU49,2011-08-16T13:26:00+00:00,Murlo,0.9990895539197812,RBot,0.9984164741035962,0.00813774650283,0.44951072922078605,"[""state_top_probability_change"", ""state_entropy_change"", ""state_iat_change""]",LOW
3341,CTU49,2011-08-16T13:27:00+00:00,Murlo,0.9774426592368158,DonBot,0.963357187417446,0.1305419207748391,21.093143943732763,"[""state_syn_rate_change"", ""state_destination_diversity_change"", ""state_packet_rate_change""]",LOW
3342,CTU49,2011-08-16T13:28:00+00:00,Murlo,0.9861128135931152,DonBot,0.977189899560614,0.0863336237477304,1.4835296209541566,"[""state_syn_rate_change"", ""state_top_probability_change"", ""state_entropy_change""]",LOW
3343,CTU49,2011-08-16T13:29:00+00:00,Murlo,0.983671465784353,DonBot,0.97494096374122,0.1038166533998502,2.47685823378318,"[""state_rst_rate_change"", ""state_port_diversity_change"", ""state_directionality_change""]",LOW
3344,CTU49,2011-08-16T13:30:00+00:00,Murlo,0.99234878992733,DonBot,0.9871656529167993,0.0514951981044857,7.018227218288867,"[""state_directionality_change"", ""state_rst_rate_change"", ""state_port_diversity_change""]",LOW
3345,CTU49,2011-08-16T13:31:00+00:00,Murlo,0.9829104187455684,DonBot,0.9691418372684448,0.0974997597181509,12.330456190362328,"[""state_syn_rate_change"", ""state_destination_diversity_change"", ""state_iat_change""]",LOW
3346,CTU49,2011-08-16T13:32:00+00:00,Murlo,0.9103846811712436,RBot,0.8231887606514438,0.3161305795920655,11.664520074155973,"[""state_syn_rate_change"", ""state_top_probability_change"", ""state_destination_diversity_change""]",LOW
3347,CTU49,2011-08-16T13:33:00+00:00,Murlo,0.9544191650302702,RBot,0.927371399778292,0.2400543792524798,56.7834855750993,"[""state_byte_rate_change"", ""state_ack_rate_change"", ""state_packet_rate_change""]",LOW
3348,CTU49,2011-08-16T13:34:00+00:00,Murlo,0.7149874865697523,RBot,0.4370096285436361,0.6403793563221856,72.11295262050358,"[""state_byte_rate_change"", ""state_ack_rate_change"", ""state_iat_change""]",MEDIUM
3349,CTU49,2011-08-16T13:35:00+00:00,Murlo,0.9980160004640202,RBot,0.99631345603689,0.0155372117284669,22.237891394381716,"[""state_iat_change"", ""state_top_probability_change"", ""state_entropy_change""]",LOW
3350,CTU49,2011-08-16T13:36:00+00:00,Murlo,0.999198503869059,RBot,0.9986184788418984,0.007267698891638,0.08379590143085326,"[""state_entropy_change"", ""state_top_probability_change"", ""state_iat_change""]",LOW
3351,CTU49,2011-08-16T13:37:00+00:00,Murlo,0.99860157229511,RBot,0.9975868652981396,0.0119895446437401,0.04798672369581111,"[""state_entropy_change"", ""state_top_probability_change"", ""state_iat_change""]",LOW
3352,CTU49,2011-08-16T13:38:00+00:00,Murlo,0.998997963707908,RBot,0.998255406539632,0.008830459080028,0.03203986292234681,"[""state_entropy_change"", ""state_top_probability_change"", ""state_iat_change""]",LOW
3353,CTU49,2011-08-16T13:39:00+00:00,Murlo,0.9921121546136435,RBot,0.9854769995495788,0.0512094721824796,2.2990170956335443,"[""state_port_diversity_change"", ""state_syn_rate_change"", ""state_ack_rate_change""]",LOW
3354,CTU49,2011-08-16T13:40:00+00:00,Murlo,0.9915250931322236,RBot,0.9837041045507312,0.0521042351781673,1.915719037520227,"[""state_port_diversity_change"", ""state_syn_rate_change"", ""state_ack_rate_change""]",LOW
3355,CTU49,2011-08-16T13:41:00+00:00,Murlo,0.9991947391939092,RBot,0.9986177489807226,0.0073078418050988,0.4612230712697998,"[""state_top_probability_change"", ""state_entropy_change"", ""state_iat_change""]",LOW
3356,CTU49,2011-08-16T13:42:00+00:00,Murlo,0.9909887160741172,RBot,0.98264578888348,0.054735203129254,0.4902791038786363,"[""state_top_probability_change"", ""state_entropy_change"", ""state_iat_change""]",LOW
3357,CTU49,2011-08-16T13:43:00+00:00,Murlo,0.9991226179550166,RBot,0.9984615799247454,0.0078294136434133,0.49698937597558207,"[""state_top_probability_change"", ""state_entropy_change"", ""state_iat_change""]",LOW
3358,CTU49,2011-08-16T13:44:00+00:00,Murlo,0.9990386488058502,RBot,0.9982873505263112,0.0084294955796073,0.010339215857832958,"[""state_iat_change"", ""state_entropy_change"", ""state_top_probability_change""]",LOW
3359,CTU49,2011-08-16T13:45:00+00:00,Murlo,0.9991750013133144,RBot,0.9985745739245332,0.0074513126991514,0.015598856428025437,"[""state_iat_change"", ""state_entropy_change"", ""state_top_probability_change""]",LOW
3360,CTU49,2011-08-16T13:46:00+00:00,Murlo,0.9685934522667649,RBot,0.9396712895036378,0.1516030968626943,9.304556996616002,"[""state_iat_change"", ""state_top_probability_change"", ""state_entropy_change""]",LOW
3361,CTU49,2011-08-16T13:47:00+00:00,Murlo,0.9989052515826332,RBot,0.9980240953480888,0.0093939520550212,9.300398590975968,"[""state_iat_change"", ""state_top_probability_change"", ""state_entropy_change""]",LOW
3362,CTU49,2011-08-16T13:48:00+00:00,Murlo,0.999190026809658,RBot,0.9986030494581792,0.0073342384447357,0.023542313966287063,"[""state_entropy_change"", ""state_top_probability_change"", ""state_iat_change""]",LOW
3363,CTU49,2011-08-16T13:49:00+00:00,Murlo,0.997219208586565,RBot,0.9947694907347118,0.0206313272377541,0.13003970660730507,"[""state_entropy_change"", ""state_top_probability_change"", ""state_iat_change""]",LOW
3364,CTU49,2011-08-16T13:50:00+00:00,Murlo,0.9991474478236324,RBot,0.998521393050445,0.0076580932444201,0.12941448089502333,"[""state_entropy_change"", ""state_top_probability_change"", ""state_iat_change""]",LOW
3365,CTU49,2011-08-16T13:51:00+00:00,Murlo,0.9989896542090948,RBot,0.998203521224942,0.0088175708188164,0.02616303551385547,"[""state_iat_change"", ""state_entropy_change"", ""state_top_probability_change""]",LOW
3366,CTU49,2011-08-16T13:52:00+00:00,Murlo,0.998246209084444,RBot,0.996759887095751,0.0140094072232866,0.052902271508208115,"[""state_entropy_change"", ""state_top_probability_change"", ""state_iat_change""]",LOW
3367,CTU49,2011-08-16T13:53:00+00:00,Murlo,0.9990515412688942,RBot,0.9983143775481844,0.0083399232963405,0.05901396479013007,"[""state_entropy_change"", ""state_top_probability_change"", ""state_iat_change""]",LOW
3368,CTU49,2011-08-16T13:54:00+00:00,Murlo,0.999061128122344,RBot,0.9983428226961504,0.0082875897977048,0.007092918620643576,"[""state_iat_change"", ""state_top_probability_change"", ""state_entropy_change""]",LOW
3369,CTU49,2011-08-16T13:55:00+00:00,Murlo,0.9976167711494291,RBot,0.995974542732986,0.0191556672414376,7.9573515888109325,"[""state_iat_change"", ""state_destination_diversity_change"", ""state_port_diversity_change""]",LOW
3370,CTU49,2011-08-16T13:56:00+00:00,Murlo,0.9991957261122524,RBot,0.9986153765568132,0.0072936974000098,7.975004326020731,"[""state_iat_change"", ""state_destination_diversity_change"", ""state_port_diversity_change""]",LOW
3371,CTU49,2011-08-16T13:57:00+00:00,Murlo,0.9970544988647873,RBot,0.9945966648276954,0.0220435659623508,1.5360033283356795,"[""state_iat_change"", ""state_rst_rate_change"", ""state_port_diversity_change""]",LOW
3372,CTU49,2011-08-16T13:58:00+00:00,Murlo,0.9938725332505328,RBot,0.9882794706715132,0.0399009301397069,1.57428456324834,"[""state_iat_change"", ""state_rst_rate_change"", ""state_port_diversity_change""]",LOW
3373,CTU49,2011-08-16T13:59:00+00:00,Murlo,0.9977741004087168,RBot,0.9960616328701416,0.017677418901853,4.049008064373292,"[""state_iat_change"", ""state_top_probability_change"", ""state_entropy_change""]",LOW
3374,CTU49,2011-08-16T14:00:00+00:00,Murlo,0.9990127860567392,RBot,0.9982458773091047,0.008641867034862,3.911624859259668,"[""state_iat_change"", ""state_destination_diversity_change"", ""state_port_diversity_change""]",LOW
3375,CTU49,2011-08-16T14:01:00+00:00,Murlo,0.9990596462704224,RBot,0.998331524623543,0.0082820715337493,0.007503108552751925,"[""state_iat_change"", ""state_entropy_change"", ""state_top_probability_change""]",LOW
3376,CTU49,2011-08-16T14:02:00+00:00,Murlo,0.9991629354539692,RBot,0.9985566289539116,0.0075482047290028,0.011229536103695488,"[""state_iat_change"", ""state_entropy_change"", ""state_top_probability_change""]",LOW
3377,CTU49,2011-08-16T14:03:00+00:00,Murlo,0.9969109602092544,RBot,0.9943859392717666,0.0231651701404678,4.8668704010790185,"[""state_iat_change"", ""state_destination_diversity_change"", ""state_port_diversity_change""]",LOW
3378,CTU49,2011-08-16T14:04:00+00:00,Murlo,0.9128599529934832,RBot,0.8297326422820248,0.317633616731758,10.18945697457089,"[""state_iat_change"", ""state_top_probability_change"", ""state_entropy_change""]",LOW
3379,CTU49,2011-08-16T14:05:00+00:00,Murlo,0.9917297064353152,RBot,0.9841083149580596,0.0510893299059011,7.674867337903627,"[""state_top_probability_change"", ""state_entropy_change"", ""state_iat_change""]",LOW
3380,CTU49,2011-08-16T14:06:00+00:00,Murlo,0.984865245924535,DonBot,0.9768140727605618,0.095864638617528,12.122057845327733,"[""state_syn_rate_change"", ""state_destination_diversity_change"", ""state_rst_rate_change""]",LOW
3381,CTU49,2011-08-16T14:07:00+00:00,Murlo,0.9921792797213748,DonBot,0.9878208282878744,0.0540726464494207,9.21759215792644,"[""state_syn_rate_change"", ""state_directionality_change"", ""state_destination_diversity_change""]",LOW
3382,CTU49,2011-08-16T14:08:00+00:00,Murlo,0.990188728596016,DonBot,0.9835290969500354,0.0637162013552042,3.1467738280681004,"[""state_syn_rate_change"", ""state_directionality_change"", ""state_destination_diversity_change""]",LOW
3383,CTU49,2011-08-16T14:09:00+00:00,Murlo,0.9933110974254096,DonBot,0.9888549797800488,0.0461712352217281,1.8797237752304434,"[""state_syn_rate_change"", ""state_directionality_change"", ""state_fin_rate_change""]",LOW
3384,CTU49,2011-08-16T14:10:00+00:00,Murlo,0.9918936786948568,DonBot,0.9860394153737192,0.0536565270600588,2.953055267791893,"[""state_directionality_change"", ""state_rst_rate_change"", ""state_port_diversity_change""]",LOW
3385,CTU49,2011-08-16T14:11:00+00:00,Murlo,0.9974814264062116,RBot,0.99546501582693,0.0195136989443205,26.35553839827507,"[""state_syn_rate_change"", ""state_iat_change"", ""state_destination_diversity_change""]",LOW
3386,CTU49,2011-08-16T14:12:00+00:00,Murlo,0.9939666210549568,RBot,0.9884680590594966,0.0394188618825815,9.99686441346999,"[""state_iat_change"", ""state_top_probability_change"", ""state_entropy_change""]",LOW
3387,CTU49,2011-08-16T14:13:00+00:00,Murlo,0.971852660963134,RBot,0.9526067334288244,0.1566023094841289,29.215989240922724,"[""state_byte_rate_change"", ""state_ack_rate_change"", ""state_packet_rate_change""]",LOW
3388,CTU49,2011-08-16T14:14:00+00:00,Murlo,0.9982307408449016,RBot,0.9967413212599704,0.0141459905153562,29.481419199093068,"[""state_byte_rate_change"", ""state_ack_rate_change"", ""state_packet_rate_change""]",LOW
3389,CTU49,2011-08-16T14:15:00+00:00,Murlo,0.999058964344292,RBot,0.9983266046636374,0.0082798532279083,0.05830837160783933,"[""state_entropy_change"", ""state_top_probability_change"", ""state_iat_change""]",LOW
3390,CTU49,2011-08-16T14:16:00+00:00,Murlo,0.9979332177683756,RBot,0.9961599962124312,0.0160979450680267,0.07975347662216327,"[""state_entropy_change"", ""state_top_probability_change"", ""state_iat_change""]",LOW
3391,CTU49,2011-08-16T14:17:00+00:00,Murlo,0.9989564843017994,RBot,0.9982726218441934,0.0092960889991251,0.06897185628861195,"[""state_entropy_change"", ""state_top_probability_change"", ""state_iat_change""]",LOW
3392,CTU49,2011-08-16T14:18:00+00:00,Murlo,0.9992384577949652,RBot,0.9987033775860186,0.0069733374489895,0.03756051210178266,"[""state_iat_change"", ""state_entropy_change"", ""state_top_probability_change""]",LOW
3393,CTU49,2011-08-16T14:19:00+00:00,Murlo,0.9842686667146088,RBot,0.9695278095599555,0.0857663182718629,1.1596651092628136,"[""state_top_probability_change"", ""state_entropy_change"", ""state_iat_change""]",LOW
3394,CTU49,2011-08-16T14:20:00+00:00,Murlo,0.8849981030109297,RBot,0.7723923852262746,0.3722113670808064,5.85617464851731,"[""state_top_probability_change"", ""state_entropy_change"", ""state_directionality_change""]",LOW
3395,CTU49,2011-08-16T14:21:00+00:00,Murlo,0.9980204005318092,RBot,0.99632395472389,0.0155144434266995,6.642156069582623,"[""state_top_probability_change"", ""state_entropy_change"", ""state_directionality_change""]",LOW
3396,CTU49,2011-08-16T14:22:00+00:00,Murlo,0.9925258060174118,RBot,0.9859122774526377,0.0478986320018434,9.794471280411122,"[""state_iat_change"", ""state_top_probability_change"", ""state_entropy_change""]",LOW
3397,CTU49,2011-08-16T14:23:00+00:00,Murlo,0.9982053236213184,RBot,0.9969434536880396,0.0148601704532283,5.343790739630278,"[""state_iat_change"", ""state_top_probability_change"", ""state_entropy_change""]",LOW
3398,CTU49,2011-08-16T14:24:00+00:00,Murlo,0.9990756016813538,RBot,0.9983681677712762,0.0081791727162018,4.523667694861893,"[""state_iat_change"", ""state_destination_diversity_change"", ""state_port_diversity_change""]",LOW
3399,CTU49,2011-08-16T14:25:00+00:00,Murlo,0.9991785146830492,RBot,0.998630270379842,0.0075047430285878,0.013435200638317444,"[""state_iat_change"", ""state_entropy_change"", ""state_top_probability_change""]",LOW
3400,CTU49,2011-08-16T14:26:00+00:00,Murlo,0.9991429230241125,RBot,0.9985343937856398,0.0077351595687927,0.01765213636576102,"[""state_iat_change"", ""state_entropy_change"", ""state_top_probability_change""]",LOW
3401,CTU49,2011-08-16T14:27:00+00:00,Murlo,0.9982619501149996,RBot,0.9967879353543028,0.013896269261471,0.06384596818288765,"[""state_entropy_change"", ""state_top_probability_change"", ""state_iat_change""]",LOW
3402,CTU49,2011-08-16T14:28:00+00:00,Murlo,0.9991835757441906,RBot,0.9985846581335006,0.0073744352430987,0.06641427516641457,"[""state_entropy_change"", ""state_top_probability_change"", ""state_iat_change""]",LOW
3403,CTU49,2011-08-16T14:29:00+00:00,Murlo,0.997004247980202,RBot,0.9943575324184456,0.0219728941708167,0.145276987447612,"[""state_entropy_change"", ""state_top_probability_change"", ""state_iat_change""]",LOW
3404,CTU49,2011-08-16T14:30:00+00:00,Murlo,0.9991226179550166,RBot,0.9984615799247454,0.0078294136434133,0.1517924686788329,"[""state_entropy_change"", ""state_top_probability_change"", ""state_iat_change""]",LOW
3405,CTU49,2011-08-16T14:31:00+00:00,Murlo,0.996425220839752,RBot,0.9932365906464404,0.0254849531917726,0.173634225870923,"[""state_entropy_change"", ""state_top_probability_change"", ""state_iat_change""]",LOW
3406,CTU49,2011-08-16T14:32:00+00:00,Murlo,0.9991957261122524,RBot,0.9986153765568132,0.0072936974000098,0.17837981507964276,"[""state_entropy_change"", ""state_top_probability_change"", ""state_iat_change""]",LOW
3407,CTU49,2011-08-16T14:33:00+00:00,Murlo,0.9991829231345768,RBot,0.9985874721477505,0.0073860708992423,0.007504290577398604,"[""state_iat_change"", ""state_entropy_change"", ""state_top_probability_change""]",LOW
3408,CTU49,2011-08-16T14:34:00+00:00,Murlo,0.997678474765616,RBot,0.9958710127801672,0.0183023230685483,8.931481460398413,"[""state_iat_change"", ""state_destination_diversity_change"", ""state_port_diversity_change""]",LOW
3409,CTU49,2011-08-16T14:35:00+00:00,Murlo,0.9991776337418936,RBot,0.9985718764286228,0.0074165823475517,8.94215141488196,"[""state_iat_change"", ""state_destination_diversity_change"", ""state_port_diversity_change""]",LOW
3410,CTU49,2011-08-16T14:36:00+00:00,Murlo,0.999042601642313,RBot,0.998299277932494,0.0084114288030337,0.013066584074715658,"[""state_entropy_change"", ""state_top_probability_change"", ""state_iat_change""]",LOW
3411,CTU49,2011-08-16T14:37:00+00:00,Murlo,0.9790108173517724,RBot,0.9613816064703176,0.1152631440319018,4.24129999227093,"[""state_iat_change"", ""state_top_probability_change"", ""state_entropy_change""]",LOW
3412,CTU49,2011-08-16T14:38:00+00:00,Murlo,0.9991748988472297,RBot,0.9985688025823112,0.0074422315277736,4.26084067741395,"[""state_iat_change"", ""state_top_probability_change"", ""state_entropy_change""]",LOW
3413,CTU49,2011-08-16T14:39:00+00:00,Murlo,0.9911347299129712,RBot,0.9838241293438122,0.0569112460180986,2.9625837641611112,"[""state_iat_change"", ""state_port_diversity_change"", ""state_byte_rate_change""]",LOW
3414,CTU49,2011-08-16T14:40:00+00:00,Murlo,0.99901332283163,RBot,0.9983820900951884,0.0089896532534629,2.939289701629894,"[""state_iat_change"", ""state_port_diversity_change"", ""state_byte_rate_change""]",LOW
3415,CTU49,2011-08-16T14:41:00+00:00,Murlo,0.9989940718239356,RBot,0.9982011624156452,0.0087559435128853,0.008784294517709382,"[""state_iat_change"", ""state_entropy_change"", ""state_top_probability_change""]",LOW
3416,CTU49,2011-08-16T14:42:00+00:00,Murlo,0.999223370524872,RBot,0.9986755567644048,0.0070875713068973,0.01969043822356765,"[""state_entropy_change"", ""state_top_probability_change"", ""state_iat_change""]",LOW
3417,CTU49,2011-08-16T14:43:00+00:00,Murlo,0.9989180965239328,RBot,0.9980447301755416,0.0092896110237518,0.04007972455825438,"[""state_iat_change"", ""state_entropy_change"", ""state_top_probability_change""]",LOW
3418,CTU49,2011-08-16T14:44:00+00:00,Murlo,0.999043984502933,RBot,0.9982984035000912,0.0083922730054419,0.012365232478718804,"[""state_entropy_change"", ""state_iat_change"", ""state_top_probability_change""]",LOW
3419,CTU49,2011-08-16T14:45:00+00:00,Murlo,0.999198503869059,RBot,0.9986184788418984,0.007267698891638,0.017070994088463617,"[""state_iat_change"", ""state_entropy_change"", ""state_top_probability_change""]",LOW
3420,CTU49,2011-08-16T14:46:00+00:00,Murlo,0.9861252850489012,DonBot,0.9776585386139331,0.0873170430841973,19.942942314571848,"[""state_syn_rate_change"", ""state_destination_diversity_change"", ""state_packet_rate_change""]",LOW
3421,CTU49,2011-08-16T14:47:00+00:00,Murlo,0.9894059895531716,DonBot,0.9816049051196548,0.0669067898200258,3.7438989753851524,"[""state_directionality_change"", ""state_rst_rate_change"", ""state_syn_rate_change""]",LOW
3422,CTU49,2011-08-16T14:48:00+00:00,Murlo,0.9912612284778222,DonBot,0.9860084943942607,0.0592832568811293,1.911277239409067,"[""state_directionality_change"", ""state_port_diversity_change"", ""state_rst_rate_change""]",LOW
3423,CTU49,2011-08-16T14:49:00+00:00,Murlo,0.9773196333548492,RBot,0.9657411396463944,0.128371004228073,7.444949308594793,"[""state_directionality_change"", ""state_port_diversity_change"", ""state_syn_rate_change""]",LOW
3424,CTU49,2011-08-16T14:50:00+00:00,Murlo,0.9539910351278515,DonBot,0.9189676084289252,0.2182294170044975,12.518169559949682,"[""state_syn_rate_change"", ""state_destination_diversity_change"", ""state_directionality_change""]",LOW
3425,CTU49,2011-08-16T14:51:00+00:00,Murlo,0.9992355098911893,RBot,0.9987137942189306,0.0070213874063905,11.652496887574769,"[""state_syn_rate_change"", ""state_directionality_change"", ""state_destination_diversity_change""]",LOW
3426,CTU49,2011-08-16T14:52:00+00:00,Murlo,0.9820311350620756,RBot,0.9730572941922736,0.1149672444211254,55.309829328680024,"[""state_byte_rate_change"", ""state_ack_rate_change"", ""state_packet_rate_change""]",LOW
3427,CTU49,2011-08-16T14:53:00+00:00,Murlo,0.995547077512618,RBot,0.9925405402715258,0.0326288589383766,57.2270069383294,"[""state_byte_rate_change"", ""state_ack_rate_change"", ""state_packet_rate_change""]",LOW
3428,CTU49,2011-08-16T14:54:00+00:00,Murlo,0.9992209127448644,RBot,0.9986837963519748,0.0071335893860661,3.2335012114579644,"[""state_iat_change"", ""state_rst_rate_change"", ""state_destination_diversity_change""]",LOW
3429,CTU49,2011-08-16T14:55:00+00:00,Murlo,0.99920330629123,RBot,0.9986775780308048,0.0073107986365244,0.005654048743544648,"[""state_iat_change"", ""state_entropy_change"", ""state_top_probability_change""]",LOW
3430,CTU49,2011-08-16T14:56:00+00:00,Murlo,0.999178430400988,RBot,0.9985869625230532,0.0074280686087383,0.005894596202593621,"[""state_iat_change"", ""state_top_probability_change"", ""state_entropy_change""]",LOW
3431,CTU49,2011-08-16T14:57:00+00:00,Murlo,0.999043984502933,RBot,0.9982984035000912,0.0083922730054419,0.026733791872956113,"[""state_iat_change"", ""state_entropy_change"", ""state_top_probability_change""]",LOW
3432,CTU49,2011-08-16T14:58:00+00:00,Murlo,0.9977162056874408,RBot,0.9959348521100906,0.0180326075214731,6.032205978872965,"[""state_iat_change"", ""state_destination_diversity_change"", ""state_port_diversity_change""]",LOW
3433,CTU49,2011-08-16T14:59:00+00:00,Murlo,0.99920330629123,RBot,0.9986775780308048,0.0073107986365244,6.03114793082085,"[""state_iat_change"", ""state_destination_diversity_change"", ""state_port_diversity_change""]",LOW
3434,CTU49,2011-08-16T15:00:00+00:00,Murlo,0.9992128104126184,RBot,0.9986692558050304,0.0071979304619634,0.016178724026866802,"[""state_iat_change"", ""state_entropy_change"", ""state_top_probability_change""]",LOW
3435,CTU49,2011-08-16T15:01:00+00:00,Murlo,0.9990369078350444,RBot,0.9982942239145874,0.0084665971610726,0.01815482987792884,"[""state_iat_change"", ""state_entropy_change"", ""state_top_probability_change""]",LOW
3436,CTU49,2011-08-16T15:02:00+00:00,Murlo,0.999100649311369,RBot,0.9984134774368094,0.0079833690374464,0.011010029278225994,"[""state_iat_change"", ""state_entropy_change"", ""state_top_probability_change""]",LOW
3437,CTU49,2011-08-16T15:03:00+00:00,Murlo,0.9989770896113356,RBot,0.9982794461895196,0.0090932435832719,0.015863699650929687,"[""state_iat_change"", ""state_entropy_change"", ""state_top_probability_change""]",LOW
3438,CTU49,2011-08-16T15:04:00+00:00,Murlo,0.9990136996921416,RBot,0.9982361403638096,0.0086075412465588,0.021300688994912918,"[""state_iat_change"", ""state_entropy_change"", ""state_top_probability_change""]",LOW
3439,CTU49,2011-08-16T15:05:00+00:00,Murlo,0.9989395070688034,RBot,0.9980889636349624,0.0091413399862799,0.009268728558482014,"[""state_iat_change"", ""state_entropy_change"", ""state_top_probability_change""]",LOW
3440,CTU49,2011-08-16T15:06:00+00:00,Murlo,0.999024339299672,RBot,0.9982559879376544,0.0085274605242312,0.012334895414498457,"[""state_iat_change"", ""state_entropy_change"", ""state_top_probability_change""]",LOW
3441,CTU49,2011-08-16T15:07:00+00:00,Murlo,0.982731055158319,RBot,0.9666918877627636,0.0933930694242992,1.953392126531644,"[""state_top_probability_change"", ""state_entropy_change"", ""state_iat_change""]",LOW
3442,CTU49,2011-08-16T15:08:00+00:00,Murlo,0.9989699679461684,RBot,0.9981514993675762,0.0089266210944989,1.9607728291871316,"[""state_top_probability_change"", ""state_entropy_change"", ""state_iat_change""]",LOW
3443,CTU49,2011-08-16T15:09:00+00:00,Murlo,0.997885803317125,RBot,0.99636080644444,0.01710906948182,2.027879646161408,"[""state_iat_change"", ""state_destination_diversity_change"", ""state_port_diversity_change""]",LOW
3444,CTU49,2011-08-16T15:10:00+00:00,Murlo,0.9989612757038532,RBot,0.9981364759801836,0.0089901635625748,2.0407547763168634,"[""state_iat_change"", ""state_destination_diversity_change"", ""state_port_diversity_change""]",LOW
3445,CTU49,2011-08-16T15:11:00+00:00,Murlo,0.9980159114187078,RBot,0.9965791446615674,0.0161478973334835,5.01722945886354,"[""state_iat_change"", ""state_destination_diversity_change"", ""state_port_diversity_change""]",LOW
3446,CTU49,2011-08-16T15:12:00+00:00,Murlo,0.9979641119092096,RBot,0.9965183536637738,0.0165577899126758,0.6854066244835865,"[""state_iat_change"", ""state_entropy_change"", ""state_top_probability_change""]",LOW
3447,CTU49,2011-08-16T15:13:00+00:00,Murlo,0.9992213119191934,RBot,0.9987099577524556,0.0071688681543583,4.340878177862,"[""state_iat_change"", ""state_destination_diversity_change"", ""state_port_diversity_change""]",LOW
3448,CTU49,2011-08-16T15:14:00+00:00,Murlo,0.9990967677351558,RBot,0.9984038929936552,0.008008945873866,0.01513393677555111,"[""state_iat_change"", ""state_entropy_change"", ""state_top_probability_change""]",LOW
3449,CTU49,2011-08-16T15:15:00+00:00,Murlo,0.9990476637502824,RBot,0.998318022093352,0.0083925467742562,0.007760510185434023,"[""state_iat_change"", ""state_entropy_change"", ""state_top_probability_change""]",LOW
3450,CTU49,2011-08-16T15:16:00+00:00,Murlo,0.9991536685451332,RBot,0.99857589642261,0.0076848185596762,0.02210035236304057,"[""state_iat_change"", ""state_entropy_change"", ""state_top_probability_change""]",LOW
3451,CTU49,2011-08-16T15:17:00+00:00,Murlo,0.9991258692331464,RBot,0.9984645520093328,0.0077989924728761,0.005657529157557957,"[""state_iat_change"", ""state_top_probability_change"", ""state_entropy_change""]",LOW
3452,CTU49,2011-08-16T15:18:00+00:00,Murlo,0.9989294448917826,RBot,0.998073194027807,0.0092245322611238,0.017647815762853986,"[""state_entropy_change"", ""state_top_probability_change"", ""state_iat_change""]",LOW
3453,CTU49,2011-08-16T15:19:00+00:00,Murlo,0.9979567270302478,RBot,0.9964696457719504,0.016584129692675,1.5533856242831463,"[""state_iat_change"", ""state_destination_diversity_change"", ""state_port_diversity_change""]",LOW
3454,CTU49,2011-08-16T15:20:00+00:00,Murlo,0.9985764398467576,RBot,0.9974921614038202,0.0119612388187702,1.0968479905821817,"[""state_iat_change"", ""state_syn_rate_change"", ""state_destination_diversity_change""]",LOW
3455,CTU49,2011-08-16T15:21:00+00:00,Murlo,0.999176763465023,RBot,0.998596844946276,0.0074691985997263,0.8039936660595725,"[""state_iat_change"", ""state_syn_rate_change"", ""state_directionality_change""]",LOW
3456,CTU49,2011-08-16T15:22:00+00:00,Murlo,0.999186290267104,RBot,0.9985877076057084,0.0073489536747404,0.003187858504562439,"[""state_iat_change"", ""state_entropy_change"", ""state_top_probability_change""]",LOW
3457,CTU49,2011-08-16T15:23:00+00:00,Murlo,0.9990214665226372,RBot,0.9982552085368296,0.0085557503149901,0.017384068664384605,"[""state_iat_change"", ""state_entropy_change"", ""state_top_probability_change""]",LOW
3458,CTU49,2011-08-16T15:24:00+00:00,Murlo,0.9979869047759634,RBot,0.9965041942975108,0.0163122400644255,6.497829142044164,"[""state_iat_change"", ""state_destination_diversity_change"", ""state_port_diversity_change""]",LOW
3459,CTU49,2011-08-16T15:25:00+00:00,Murlo,0.9815591834081048,DonBot,0.9701989053887934,0.1107969566647227,15.433326874688952,"[""state_iat_change"", ""state_syn_rate_change"", ""state_destination_diversity_change""]",LOW
3460,CTU49,2011-08-16T15:26:00+00:00,Murlo,0.9720317065078276,RBot,0.9543723635391594,0.1502585653643408,12.190583575884844,"[""state_directionality_change"", ""state_syn_rate_change"", ""state_destination_diversity_change""]",LOW
3461,CTU49,2011-08-16T15:27:00+00:00,Murlo,0.9909300213022816,DonBot,0.9847732186903212,0.0594036089058148,6.764864264592937,"[""state_directionality_change"", ""state_syn_rate_change"", ""state_top_probability_change""]",LOW
3462,CTU49,2011-08-16T15:28:00+00:00,Murlo,0.9934137823171832,DonBot,0.989008976629376,0.0455415856445666,1.225622458433919,"[""state_syn_rate_change"", ""state_port_diversity_change"", ""state_directionality_change""]",LOW
3463,CTU49,2011-08-16T15:29:00+00:00,Murlo,0.9909798860786324,DonBot,0.98475114634554,0.0593702054571034,3.0068622814841444,"[""state_directionality_change"", ""state_rst_rate_change"", ""state_port_diversity_change""]",LOW
3464,CTU49,2011-08-16T15:30:00+00:00,Murlo,0.9991486336429088,RBot,0.998538697352184,0.0076805264613009,20.071363882065558,"[""state_syn_rate_change"", ""state_destination_diversity_change"", ""state_directionality_change""]",LOW
3465,CTU49,2011-08-16T15:31:00+00:00,Murlo,0.9992373898997426,RBot,0.9987378056951152,0.0070382774822568,0.018891094137330453,"[""state_iat_change"", ""state_entropy_change"", ""state_top_probability_change""]",LOW
3466,CTU49,2011-08-16T15:32:00+00:00,Murlo,0.9905460849303228,RBot,0.9857066362969994,0.0661090234024497,28.241320173554644,"[""state_byte_rate_change"", ""state_ack_rate_change"", ""state_packet_rate_change""]",LOW
3467,CTU49,2011-08-16T15:33:00+00:00,Murlo,0.999024339299672,RBot,0.9982559879376544,0.0085274605242312,28.2164663631492,"[""state_byte_rate_change"", ""state_ack_rate_change"", ""state_packet_rate_change""]",LOW
3468,CTU49,2011-08-16T15:34:00+00:00,Murlo,0.999194693267052,RBot,0.99866649997087,0.0073823245178276,0.017366173164237168,"[""state_iat_change"", ""state_entropy_change"", ""state_top_probability_change""]",LOW
3469,CTU49,2011-08-16T15:35:00+00:00,Murlo,0.999190026809658,RBot,0.9986030494581792,0.0073342384447357,0.015556926707138473,"[""state_iat_change"", ""state_entropy_change"", ""state_top_probability_change""]",LOW
3470,CTU49,2011-08-16T15:36:00+00:00,Murlo,0.9979104445119203,RBot,0.9965305021992428,0.0170991075517936,2.253953225385711,"[""state_iat_change"", ""state_destination_diversity_change"", ""state_port_diversity_change""]",LOW
3471,CTU49,2011-08-16T15:37:00+00:00,Murlo,0.9989565826339784,RBot,0.9981445671770764,0.0090682959933926,2.225167604556402,"[""state_iat_change"", ""state_destination_diversity_change"", ""state_port_diversity_change""]",LOW
3472,CTU49,2011-08-16T15:38:00+00:00,Murlo,0.9990127215626252,RBot,0.9982425918160708,0.0086308014922621,0.008086092968418253,"[""state_iat_change"", ""state_entropy_change"", ""state_top_probability_change""]",LOW
3473,CTU49,2011-08-16T15:39:00+00:00,Murlo,0.9960372735931609,RBot,0.9929392872395304,0.0291410594332754,3.0406693724316085,"[""state_iat_change"", ""state_ack_rate_change"", ""state_syn_rate_change""]",LOW
3474,CTU49,2011-08-16T15:40:00+00:00,Murlo,0.999177881303306,RBot,0.9985752809540532,0.0074215678850274,3.062442343734565,"[""state_iat_change"", ""state_ack_rate_change"", ""state_syn_rate_change""]",LOW
3475,CTU49,2011-08-16T15:41:00+00:00,Murlo,0.9990571320380248,RBot,0.9983328654494208,0.0083136462492395,0.014674149028585484,"[""state_iat_change"", ""state_entropy_change"", ""state_top_probability_change""]",LOW
3476,CTU49,2011-08-16T15:42:00+00:00,Murlo,0.9990127215626252,RBot,0.9982425918160708,0.0086308014922621,0.007028888809801309,"[""state_iat_change"", ""state_entropy_change"", ""state_top_probability_change""]",LOW
3477,CTU49,2011-08-16T15:43:00+00:00,Murlo,0.999043984502933,RBot,0.9982984035000912,0.0083922730054419,0.019366315006744832,"[""state_iat_change"", ""state_entropy_change"", ""state_top_probability_change""]",LOW
3478,CTU49,2011-08-16T15:44:00+00:00,Murlo,0.9942301867614434,RBot,0.9889746098086556,0.0379676640079153,0.2967211418299391,"[""state_top_probability_change"", ""state_entropy_change"", ""state_iat_change""]",LOW
3479,CTU49,2011-08-16T15:45:00+00:00,Murlo,0.9992053230216186,RBot,0.9986886084204528,0.0073068730994744,0.30952803328607437,"[""state_top_probability_change"", ""state_entropy_change"", ""state_iat_change""]",LOW
3480,CTU49,2011-08-16T15:46:00+00:00,Murlo,0.9989395070688034,RBot,0.9980889636349624,0.0091413399862799,0.02855903566034294,"[""state_iat_change"", ""state_entropy_change"", ""state_top_probability_change""]",LOW
3481,CTU49,2011-08-16T15:47:00+00:00,Murlo,0.9989395070688034,RBot,0.9980889636349624,0.0091413399862799,0.004664834690805021,"[""state_iat_change"", ""state_top_probability_change"", ""state_entropy_change""]",LOW
3482,CTU49,2011-08-16T15:48:00+00:00,Murlo,0.9978435212514568,RBot,0.9962506102456276,0.0173194601904385,4.631972174697473,"[""state_iat_change"", ""state_destination_diversity_change"", ""state_port_diversity_change""]",LOW
3483,CTU49,2011-08-16T15:49:00+00:00,Murlo,0.9991119143020613,RBot,0.9984706305378684,0.0079614473049174,4.634223306591391,"[""state_iat_change"", ""state_destination_diversity_change"", ""state_port_diversity_change""]",LOW
3484,CTU49,2011-08-16T15:50:00+00:00,Murlo,0.9981079981322434,RBot,0.9967196564933178,0.0154685465954502,6.308363596071992,"[""state_iat_change"", ""state_destination_diversity_change"", ""state_port_diversity_change""]",LOW
3485,CTU49,2011-08-16T15:51:00+00:00,Murlo,0.999154246821613,RBot,0.9985418097987904,0.0076240525909872,6.324351728981803,"[""state_iat_change"", ""state_destination_diversity_change"", ""state_port_diversity_change""]",LOW
3486,CTU49,2011-08-16T15:52:00+00:00,Murlo,0.9990136996921416,RBot,0.9982361403638096,0.0086075412465588,0.01327333157600702,"[""state_entropy_change"", ""state_top_probability_change"", ""state_iat_change""]",LOW
3487,CTU49,2011-08-16T15:53:00+00:00,Murlo,0.999173566720344,RBot,0.9985905405495892,0.0074942312271833,0.017050150973901276,"[""state_iat_change"", ""state_entropy_change"", ""state_top_probability_change""]",LOW
3488,CTU49,2011-08-16T15:54:00+00:00,Murlo,0.999061128122344,RBot,0.9983428226961504,0.0082875897977048,0.013806396917462466,"[""state_iat_change"", ""state_entropy_change"", ""state_top_probability_change""]",LOW
3489,CTU49,2011-08-16T15:55:00+00:00,Murlo,0.99791654862847,RBot,0.9963092810860148,0.0166906925170332,6.10109617876866,"[""state_iat_change"", ""state_destination_diversity_change"", ""state_port_diversity_change""]",LOW
3490,CTU49,2011-08-16T15:56:00+00:00,Murlo,0.999186290267104,RBot,0.9985877076057084,0.0073489536747404,6.120479278283207,"[""state_iat_change"", ""state_destination_diversity_change"", ""state_port_diversity_change""]",LOW
3491,CTU49,2011-08-16T15:57:00+00:00,Murlo,0.9989815251525168,RBot,0.998178364906792,0.0088514414020548,0.02035122629173497,"[""state_entropy_change"", ""state_iat_change"", ""state_top_probability_change""]",LOW
3492,CTU49,2011-08-16T15:58:00+00:00,Murlo,0.9989452472991012,RBot,0.9981177545443678,0.0091413185862834,0.018143010383856798,"[""state_iat_change"", ""state_entropy_change"", ""state_top_probability_change""]",LOW
3493,CTU49,2011-08-16T15:59:00+00:00,Murlo,0.9991776337418936,RBot,0.9985718764286228,0.0074165823475517,0.020192102288268524,"[""state_entropy_change"", ""state_top_probability_change"", ""state_iat_change""]",LOW
3494,CTU49,2011-08-16T16:00:00+00:00,Murlo,0.9962590542960832,RBot,0.9936262580660032,0.0281863433412298,6.579877093892283,"[""state_iat_change"", ""state_directionality_change"", ""state_byte_rate_change""]",LOW
3495,CTU49,2011-08-16T16:01:00+00:00,Murlo,0.999097152749514,RBot,0.9984082877542808,0.008013150380231,6.565689025969921,"[""state_iat_change"", ""state_directionality_change"", ""state_byte_rate_change""]",LOW
3496,CTU49,2011-08-16T16:02:00+00:00,Murlo,0.9992373898997426,RBot,0.9987378056951152,0.0070382774822568,0.02472055166217645,"[""state_iat_change"", ""state_entropy_change"", ""state_top_probability_change""]",LOW
3497,CTU49,2011-08-16T16:03:00+00:00,Murlo,0.9991630960039628,RBot,0.9985579126313686,0.0075549550008511,0.016109671366566356,"[""state_iat_change"", ""state_entropy_change"", ""state_top_probability_change""]",LOW
3498,CTU49,2011-08-16T16:04:00+00:00,Murlo,0.9990192336281678,RBot,0.9982500596900596,0.0085697051019758,0.01823929401769994,"[""state_iat_change"", ""state_entropy_change"", ""state_top_probability_change""]",LOW
3499,CTU49,2011-08-16T16:05:00+00:00,Murlo,0.9856147302650088,DonBot,0.976633578149583,0.0904307331123374,21.062812289666898,"[""state_syn_rate_change"", ""state_destination_diversity_change"", ""state_packet_rate_change""]",LOW
3500,CTU49,2011-08-16T16:06:00+00:00,Murlo,0.9814648306104584,RBot,0.9714682034078498,0.108648087659131,9.446285117567546,"[""state_directionality_change"", ""state_syn_rate_change"", ""state_rst_rate_change""]",LOW
3501,CTU49,2011-08-16T16:07:00+00:00,Murlo,0.99261832726036,DonBot,0.987950559774884,0.050551974440296,5.794071465261614,"[""state_directionality_change"", ""state_syn_rate_change"", ""state_top_probability_change""]",LOW
3502,CTU49,2011-08-16T16:08:00+00:00,Murlo,0.9933864602126862,DonBot,0.9886441641120955,0.0451675848229869,2.5935109447417948,"[""state_directionality_change"", ""state_syn_rate_change"", ""state_rst_rate_change""]",LOW
3503,CTU49,2011-08-16T16:09:00+00:00,Murlo,0.9734537056661854,DonBot,0.9524270318706988,0.1398695392264536,11.902995568166473,"[""state_syn_rate_change"", ""state_destination_diversity_change"", ""state_directionality_change""]",LOW
3504,CTU49,2011-08-16T16:10:00+00:00,Murlo,0.9990549483516652,RBot,0.998322460335582,0.0083166391588315,9.278475258080414,"[""state_syn_rate_change"", ""state_destination_diversity_change"", ""state_directionality_change""]",LOW
3505,CTU49,2011-08-16T16:11:00+00:00,Murlo,0.9905689427238118,RBot,0.9859559362896754,0.0662490676761721,28.310423687768303,"[""state_byte_rate_change"", ""state_ack_rate_change"", ""state_packet_rate_change""]",LOW
3506,CTU49,2011-08-16T16:12:00+00:00,Murlo,0.9741926279177776,RBot,0.9517344555165562,0.1342819737756654,29.5848409693043,"[""state_byte_rate_change"", ""state_ack_rate_change"", ""state_packet_rate_change""]",LOW
3507,CTU49,2011-08-16T16:13:00+00:00,Murlo,0.998052983317356,RBot,0.9964721744112036,0.0155251778422249,4.07977720219136,"[""state_iat_change"", ""state_top_probability_change"", ""state_entropy_change""]",LOW
3508,CTU49,2011-08-16T16:14:00+00:00,Murlo,0.9414646823163538,RBot,0.8891853955219429,0.2484935807905142,6.833267995302698,"[""state_iat_change"", ""state_top_probability_change"", ""state_directionality_change""]",LOW
3509,CTU49,2011-08-16T16:15:00+00:00,Murlo,0.7464060255001878,RBot,0.5020685415894135,0.6176688683415279,9.573516527874236,"[""state_top_probability_change"", ""state_entropy_change"", ""state_iat_change""]",MEDIUM
3510,CTU49,2011-08-16T16:17:00+00:00,Murlo,0.9806960100214368,RBot,0.9624390013813572,0.1009113093383908,14.053131047631885,"[""state_top_probability_change"", ""state_iat_change"", ""state_entropy_change""]",LOW
3511,CTU49,2011-08-16T16:18:00+00:00,Murlo,0.9372578415622248,RBot,0.8774533069441719,0.249825728246911,4.958525203820863,"[""state_iat_change"", ""state_top_probability_change"", ""state_entropy_change""]",LOW
3512,CTU49,2011-08-16T16:19:00+00:00,Murlo,0.9804269539523532,RBot,0.9619732567171518,0.1022824590569319,4.943678901348938,"[""state_iat_change"", ""state_top_probability_change"", ""state_entropy_change""]",LOW
3513,CTU49,2011-08-16T16:20:00+00:00,Murlo,0.9979033604114556,RBot,0.9962392104302984,0.0166529316918684,2.403112999212567,"[""state_top_probability_change"", ""state_entropy_change"", ""state_fin_rate_change""]",LOW
3514,CTU49,2011-08-16T16:21:00+00:00,Murlo,0.9984117138361164,RBot,0.9971209519085004,0.012987775158835,0.7145799596067449,"[""state_directionality_change"", ""state_syn_rate_change"", ""state_fin_rate_change""]",LOW
3515,CTU49,2011-08-16T16:22:00+00:00,Murlo,0.996999436746319,RBot,0.994553733598471,0.0226048650978138,4.101153353604516,"[""state_iat_change"", ""state_directionality_change"", ""state_fin_rate_change""]",LOW
3516,CTU49,2011-08-16T16:23:00+00:00,Murlo,0.9980935804622773,RBot,0.9966028174633036,0.0153400965464921,5.842193335767457,"[""state_iat_change"", ""state_directionality_change"", ""state_fin_rate_change""]",LOW
3517,CTU49,2011-08-16T16:24:00+00:00,Murlo,0.9444082193353728,RBot,0.8910329651839353,0.2271613220449315,3.844420439392026,"[""state_top_probability_change"", ""state_entropy_change"", ""state_iat_change""]",LOW
3518,CTU49,2011-08-16T16:30:00+00:00,Murlo,0.7199005453226444,RBot,0.4438948631072321,0.6209281549061776,20.206988808985137,"[""state_iat_change"", ""state_top_probability_change"", ""state_entropy_change""]",MEDIUM
3519,CTU49,2011-08-16T16:35:00+00:00,RBot,0.985581165693375,Murlo,0.9717804239263076,0.0789714165536769,10.761672848739549,"[""state_top_probability_change"", ""state_entropy_change"", ""state_iat_change""]",LOW
3520,CTU49,2011-08-16T16:36:00+00:00,Murlo,0.5817879275169122,RBot,0.1675267541832046,0.7083523986052986,15.399846268570998,"[""state_top_probability_change"", ""state_entropy_change"", ""state_byte_rate_change""]",MEDIUM
3521,CTU49,2011-08-16T16:39:00+00:00,Murlo,0.9384814489239818,RBot,0.8789435185445951,0.2427246674882379,15.466625741099937,"[""state_top_probability_change"", ""state_entropy_change"", ""state_iat_change""]",LOW
3522,CTU49,2011-08-16T16:44:00+00:00,Murlo,0.7806306693587552,RBot,0.5944565483442116,0.6407860491988324,15.752570615953836,"[""state_top_probability_change"", ""state_syn_rate_change"", ""state_entropy_change""]",MEDIUM
3523,CTU49,2011-08-16T16:45:00+00:00,Murlo,0.9633324680244072,RBot,0.9383391950446648,0.1851979169737199,19.57906704870337,"[""state_top_probability_change"", ""state_directionality_change"", ""state_syn_rate_change""]",LOW
3524,CTU49,2011-08-16T16:46:00+00:00,Murlo,0.9664954019273913,RBot,0.945106643511081,0.174740139654782,6.379818626733819,"[""state_directionality_change"", ""state_syn_rate_change"", ""state_destination_diversity_change""]",LOW
3525,CTU49,2011-08-16T16:47:00+00:00,Murlo,0.9417403533828372,RBot,0.9036768739753016,0.269307415588154,5.2877328127964525,"[""state_directionality_change"", ""state_top_probability_change"", ""state_syn_rate_change""]",LOW
3526,CTU49,2011-08-16T16:48:00+00:00,Murlo,0.8681610350134875,RBot,0.7937235643796035,0.5119567570373772,15.015895572211534,"[""state_directionality_change"", ""state_top_probability_change"", ""state_entropy_change""]",MEDIUM
3527,CTU49,2011-08-16T16:51:00+00:00,Murlo,0.9608632717107553,RBot,0.939449854498238,0.2179472013972398,96.59113693282545,"[""state_byte_rate_change"", ""state_ack_rate_change"", ""state_directionality_change""]",LOW
3528,CTU49,2011-08-16T17:00:00+00:00,Murlo,0.6465228997948856,RBot,0.2976693727630385,0.6815811157026224,95.72244470512612,"[""state_byte_rate_change"", ""state_ack_rate_change"", ""state_packet_rate_change""]",MEDIUM
3529,CTU49,2011-08-16T17:12:00+00:00,RBot,0.6666005117801096,Murlo,0.3382939366415839,0.6701876852448991,5.851102334835882,"[""state_iat_change"", ""state_directionality_change"", ""state_top_probability_change""]",MEDIUM
3530,CTU49,2011-08-16T17:15:00+00:00,Murlo,0.825509514884849,RBot,0.6551716809030323,0.4888638092374323,8.748268030654812,"[""state_top_probability_change"", ""state_iat_change"", ""state_entropy_change""]",LOW
3531,CTU49,2011-08-16T17:16:00+00:00,Murlo,0.5162276560346857,RBot,0.0406090634151422,0.7462514600288129,21.364600814027813,"[""state_iat_change"", ""state_top_probability_change"", ""state_entropy_change""]",MEDIUM
3532,CTU49,2011-08-16T17:17:00+00:00,Murlo,0.626027119628576,RBot,0.2564647816088554,0.6919933057396055,15.603317190904606,"[""state_iat_change"", ""state_top_probability_change"", ""state_entropy_change""]",MEDIUM
3533,CTU49,2011-08-16T17:24:00+00:00,Murlo,0.9735519548756584,RBot,0.9562740554893884,0.1469559297156525,33.83598334415417,"[""state_top_probability_change"", ""state_syn_rate_change"", ""state_destination_diversity_change""]",LOW
3534,CTU49,2011-08-16T17:25:00+00:00,Murlo,0.9855495261634928,DonBot,0.9758126583652916,0.0879163976310405,6.906925070726839,"[""state_directionality_change"", ""state_rst_rate_change"", ""state_port_diversity_change""]",LOW
3535,CTU49,2011-08-16T17:26:00+00:00,Murlo,0.9917354700956132,DonBot,0.9870939748573474,0.0567163410156146,7.208807606131114,"[""state_directionality_change"", ""state_port_diversity_change"", ""state_fin_rate_change""]",LOW
3536,CTU49,2011-08-16T17:27:00+00:00,Murlo,0.981657805836982,RBot,0.971949449200744,0.1078506273881225,7.528060684149189,"[""state_directionality_change"", ""state_syn_rate_change"", ""state_port_diversity_change""]",LOW
3537,CTU49,2011-08-16T17:28:00+00:00,Murlo,0.9611646905509352,DonBot,0.9320990527660682,0.1918080239843968,11.967718471769674,"[""state_syn_rate_change"", ""state_destination_diversity_change"", ""state_directionality_change""]",LOW
3538,CTU49,2011-08-16T17:29:00+00:00,Murlo,0.982867001880412,RBot,0.9676969186873894,0.0949478919017199,14.344404908225355,"[""state_directionality_change"", ""state_iat_change"", ""state_syn_rate_change""]",LOW
3539,CTU49,2011-08-16T17:30:00+00:00,Murlo,0.989578110022289,RBot,0.9843895975440556,0.0720857230205046,30.371148926089194,"[""state_byte_rate_change"", ""state_ack_rate_change"", ""state_packet_rate_change""]",LOW
3540,CTU49,2011-08-16T17:31:00+00:00,Murlo,0.9885268987749808,RBot,0.9791533307343568,0.0701318914400169,30.16043624067126,"[""state_byte_rate_change"", ""state_ack_rate_change"", ""state_packet_rate_change""]",LOW
3541,CTU49,2011-08-16T17:32:00+00:00,Murlo,0.998479964332352,RBot,0.9972650654873474,0.0125478636919169,6.0010295529305715,"[""state_iat_change"", ""state_rst_rate_change"", ""state_port_diversity_change""]",LOW
3542,CTU49,2011-08-16T17:33:00+00:00,Murlo,0.9992086066634088,RBot,0.9986531124717252,0.0072119151276751,0.7661448420418001,"[""state_iat_change"", ""state_directionality_change"", ""state_ack_rate_change""]",LOW
3543,CTU49,2011-08-16T17:34:00+00:00,Murlo,0.9991451552309818,RBot,0.9985244123650276,0.0076860440368062,0.008684291667885135,"[""state_iat_change"", ""state_entropy_change"", ""state_top_probability_change""]",LOW
3544,CTU49,2011-08-16T17:35:00+00:00,Murlo,0.998959438448088,RBot,0.9981371582286876,0.0090156752827234,0.023378816252157392,"[""state_iat_change"", ""state_entropy_change"", ""state_top_probability_change""]",LOW
3545,CTU49,2011-08-16T17:36:00+00:00,Murlo,0.997759480767846,RBot,0.996041282879116,0.0177799350894759,4.2853350969850235,"[""state_iat_change"", ""state_destination_diversity_change"", ""state_port_diversity_change""]",LOW
3546,CTU49,2011-08-16T17:37:00+00:00,Murlo,0.9990524311827964,RBot,0.9983105987457008,0.0083194385535438,4.3864853304935485,"[""state_iat_change"", ""state_destination_diversity_change"", ""state_port_diversity_change""]",LOW
3547,CTU49,2011-08-16T17:38:00+00:00,Murlo,0.9939782823869772,RBot,0.988898983379372,0.0404561616262209,4.9220193204743214,"[""state_iat_change"", ""state_rst_rate_change"", ""state_port_diversity_change""]",LOW
3548,CTU49,2011-08-16T17:39:00+00:00,Murlo,0.9964141792851452,RBot,0.9938020963017772,0.027067415837912,2.397232803075244,"[""state_iat_change"", ""state_rst_rate_change"", ""state_fin_rate_change""]",LOW
3549,CTU49,2011-08-16T17:40:00+00:00,Murlo,0.9992213119191934,RBot,0.9987099577524556,0.0071688681543583,4.603012571668986,"[""state_iat_change"", ""state_port_diversity_change"", ""state_byte_rate_change""]",LOW
3550,CTU49,2011-08-16T17:41:00+00:00,Murlo,0.9933852572216506,RBot,0.9875927987520458,0.0432441556688869,4.774545717167688,"[""state_iat_change"", ""state_rst_rate_change"", ""state_port_diversity_change""]",LOW
3551,CTU49,2011-08-16T17:42:00+00:00,Murlo,0.9990672159713492,RBot,0.9983641402935424,0.0082667511256459,4.773300906138496,"[""state_iat_change"", ""state_rst_rate_change"", ""state_port_diversity_change""]",LOW
3552,CTU49,2011-08-16T17:43:00+00:00,Murlo,0.9991835757441906,RBot,0.9985846581335006,0.0073744352430987,0.018888074019271218,"[""state_iat_change"", ""state_entropy_change"", ""state_top_probability_change""]",LOW
3553,CTU49,2011-08-16T17:44:00+00:00,Murlo,0.9937604061234532,RBot,0.9883344291308136,0.0412783739686502,4.3767643142682795,"[""state_iat_change"", ""state_rst_rate_change"", ""state_port_diversity_change""]",LOW
3554,CTU49,2011-08-16T17:45:00+00:00,Murlo,0.9935145997425504,RBot,0.987890521296492,0.0426779588233529,0.6012461421095051,"[""state_iat_change"", ""state_top_probability_change"", ""state_entropy_change""]",LOW
3555,CTU49,2011-08-16T17:46:00+00:00,Murlo,0.9780337785932528,RBot,0.9585210228156582,0.116026542766673,3.680979420007977,"[""state_rst_rate_change"", ""state_syn_rate_change"", ""state_port_diversity_change""]",LOW
3556,CTU49,2011-08-16T17:47:00+00:00,Murlo,0.99118881646808,RBot,0.9845574992301768,0.0576626584487367,4.951117776106625,"[""state_iat_change"", ""state_rst_rate_change"", ""state_syn_rate_change""]",LOW
3557,CTU49,2011-08-16T17:48:00+00:00,Murlo,0.999205086953578,RBot,0.9986324754159784,0.0072169451164339,7.078286675152159,"[""state_iat_change"", ""state_rst_rate_change"", ""state_port_diversity_change""]",LOW
3558,CTU49,2011-08-16T17:49:00+00:00,Murlo,0.999024339299672,RBot,0.9982559879376544,0.0085274605242312,0.02510377896913632,"[""state_iat_change"", ""state_entropy_change"", ""state_top_probability_change""]",LOW
3559,CTU49,2011-08-16T17:50:00+00:00,Murlo,0.9989395070688034,RBot,0.9980889636349624,0.0091413399862799,0.014161448467295003,"[""state_iat_change"", ""state_entropy_change"", ""state_top_probability_change""]",LOW
3560,CTU49,2011-08-16T17:51:00+00:00,Murlo,0.9989412143320054,RBot,0.9981170991325166,0.0091869403268811,0.013453042402232886,"[""state_iat_change"", ""state_entropy_change"", ""state_top_probability_change""]",LOW
3561,CTU49,2011-08-16T17:52:00+00:00,Murlo,0.999043984502933,RBot,0.9982984035000912,0.0083922730054419,0.018067495386099423,"[""state_iat_change"", ""state_entropy_change"", ""state_top_probability_change""]",LOW
3562,CTU49,2011-08-16T17:53:00+00:00,Murlo,0.9990909496215304,RBot,0.9983955419854535,0.0080576532727607,0.012039748087875302,"[""state_iat_change"", ""state_entropy_change"", ""state_top_probability_change""]",LOW
3563,CTU49,2011-08-16T17:54:00+00:00,Murlo,0.999241742394252,RBot,0.9987178873690362,0.0069607879047802,0.02130325596960744,"[""state_iat_change"", ""state_entropy_change"", ""state_top_probability_change""]",LOW
3564,CTU49,2011-08-16T17:55:00+00:00,Murlo,0.9990476019525512,RBot,0.9983025297379744,0.0083580384965288,0.026062402639312848,"[""state_iat_change"", ""state_entropy_change"", ""state_top_probability_change""]",LOW
3565,CTU49,2011-08-16T17:56:00+00:00,Murlo,0.9991078557851896,RBot,0.9984768433560228,0.0080321326614414,0.01867153605753868,"[""state_iat_change"", ""state_top_probability_change"", ""state_entropy_change""]",LOW
3566,CTU49,2011-08-16T17:57:00+00:00,Murlo,0.9990602881133248,RBot,0.998325704478198,0.0082612893196197,0.013655013709771069,"[""state_iat_change"", ""state_top_probability_change"", ""state_entropy_change""]",LOW
3567,CTU49,2011-08-16T17:58:00+00:00,Murlo,0.9991776337418936,RBot,0.9985718764286228,0.0074165823475517,0.016731464383303175,"[""state_iat_change"", ""state_entropy_change"", ""state_top_probability_change""]",LOW
3568,CTU49,2011-08-16T17:59:00+00:00,Murlo,0.9980825857403486,RBot,0.996767826966476,0.015778135375351,3.241801948213697,"[""state_iat_change"", ""state_destination_diversity_change"", ""state_port_diversity_change""]",LOW
3569,CTU49,2011-08-16T18:00:00+00:00,Murlo,0.9989699679461684,RBot,0.9981514993675762,0.0089266210944989,3.2320771440164044,"[""state_iat_change"", ""state_destination_diversity_change"", ""state_port_diversity_change""]",LOW
3570,CTU49,2011-08-16T18:01:00+00:00,Murlo,0.9990136996921416,RBot,0.9982361403638096,0.0086075412465588,0.009965943406755383,"[""state_iat_change"", ""state_entropy_change"", ""state_top_probability_change""]",LOW
3571,CTU49,2011-08-16T18:02:00+00:00,Murlo,0.999100649311369,RBot,0.9984134774368094,0.0079833690374464,0.021146272284838563,"[""state_iat_change"", ""state_entropy_change"", ""state_top_probability_change""]",LOW
3572,CTU49,2011-08-16T18:03:00+00:00,Murlo,0.986970994028366,DonBot,0.9792925146803574,0.0834976143710101,13.10799269842191,"[""state_syn_rate_change"", ""state_destination_diversity_change"", ""state_rst_rate_change""]",LOW
3573,CTU49,2011-08-16T18:04:00+00:00,Murlo,0.9699582953903372,RBot,0.950878020221704,0.1589149277985735,10.857140152631821,"[""state_directionality_change"", ""state_syn_rate_change"", ""state_destination_diversity_change""]",LOW
3574,CTU49,2011-08-16T18:05:00+00:00,Murlo,0.989757121103512,DonBot,0.983523259956102,0.0673107599460258,9.43567195430474,"[""state_directionality_change"", ""state_syn_rate_change"", ""state_top_probability_change""]",LOW
3575,CTU49,2011-08-16T18:06:00+00:00,Murlo,0.9936095893569532,DonBot,0.989340816554904,0.0443980277699287,3.096585810844822,"[""state_directionality_change"", ""state_syn_rate_change"", ""state_ack_rate_change""]",LOW
3576,CTU49,2011-08-16T18:07:00+00:00,Murlo,0.9926002747878564,DonBot,0.9870541825534924,0.0493503462764781,4.087876668891881,"[""state_directionality_change"", ""state_syn_rate_change"", ""state_destination_diversity_change""]",LOW
3577,CTU49,2011-08-16T18:08:00+00:00,Murlo,0.999153477967026,RBot,0.9985248052406032,0.0075995848418016,18.004218973990387,"[""state_syn_rate_change"", ""state_destination_diversity_change"", ""state_directionality_change""]",LOW
3578,CTU49,2011-08-16T18:09:00+00:00,Murlo,0.9990412482938142,RBot,0.9982952501022012,0.0084179152151271,0.029531610571385675,"[""state_iat_change"", ""state_entropy_change"", ""state_top_probability_change""]",LOW
3579,CTU49,2011-08-16T18:10:00+00:00,Murlo,0.9847391410226976,RBot,0.9767755351830588,0.1001222273892459,55.86772788632735,"[""state_byte_rate_change"", ""state_ack_rate_change"", ""state_packet_rate_change""]",LOW
3580,CTU49,2011-08-16T18:11:00+00:00,Murlo,0.997587264785374,RBot,0.9959441880091936,0.0193368182061861,61.43867195466868,"[""state_byte_rate_change"", ""state_ack_rate_change"", ""state_packet_rate_change""]",LOW
3581,CTU49,2011-08-16T18:12:00+00:00,Murlo,0.9992213119191934,RBot,0.9987099577524556,0.0071688681543583,6.295644337823794,"[""state_iat_change"", ""state_destination_diversity_change"", ""state_port_diversity_change""]",LOW
3582,CTU49,2011-08-16T18:13:00+00:00,Murlo,0.9990356756785288,RBot,0.9982834237183346,0.0084579043299921,0.012059202292340655,"[""state_entropy_change"", ""state_top_probability_change"", ""state_iat_change""]",LOW
3583,CTU49,2011-08-16T18:14:00+00:00,Murlo,0.9989276259416014,RBot,0.9982055821852434,0.0094937020078435,0.012436828810230978,"[""state_entropy_change"", ""state_iat_change"", ""state_top_probability_change""]",LOW
3584,CTU49,2011-08-16T18:15:00+00:00,Murlo,0.9991625379035346,RBot,0.9985707686733512,0.0075809918208188,0.040540688262860156,"[""state_iat_change"", ""state_entropy_change"", ""state_top_probability_change""]",LOW
3585,CTU49,2011-08-16T18:16:00+00:00,Murlo,0.9989566550864144,RBot,0.998122463901726,0.0090174531550719,0.02220921529225899,"[""state_iat_change"", ""state_entropy_change"", ""state_top_probability_change""]",LOW
3586,CTU49,2011-08-16T18:17:00+00:00,Murlo,0.9874891450912764,RBot,0.9767531570881356,0.0747505603183097,4.286794532019351,"[""state_iat_change"", ""state_top_probability_change"", ""state_entropy_change""]",LOW
3587,CTU49,2011-08-16T18:18:00+00:00,Murlo,0.9990064669555012,RBot,0.9982183789609416,0.0086510935866267,4.283622080306372,"[""state_iat_change"", ""state_top_probability_change"", ""state_entropy_change""]",LOW
3588,CTU49,2011-08-16T18:19:00+00:00,Murlo,0.9990136996921416,RBot,0.9982361403638096,0.0086075412465588,0.009284469766625184,"[""state_iat_change"", ""state_top_probability_change"", ""state_entropy_change""]",LOW
3589,CTU49,2011-08-16T18:20:00+00:00,Murlo,0.9989315256075916,RBot,0.9980734941380804,0.0091983861235112,0.02087836239134293,"[""state_iat_change"", ""state_entropy_change"", ""state_top_probability_change""]",LOW
3590,CTU49,2011-08-16T18:21:00+00:00,Murlo,0.9991025115167448,RBot,0.9984339019033432,0.0080055941564823,0.024302150101883427,"[""state_iat_change"", ""state_entropy_change"", ""state_top_probability_change""]",LOW
3591,CTU49,2011-08-16T18:22:00+00:00,Murlo,0.999165150790819,RBot,0.9985991944318257,0.0076018337142214,0.010365963440206162,"[""state_iat_change"", ""state_entropy_change"", ""state_top_probability_change""]",LOW
3592,CTU49,2011-08-16T18:23:00+00:00,Murlo,0.9977741004087168,RBot,0.9960616328701416,0.017677418901853,3.9935290843402114,"[""state_iat_change"", ""state_destination_diversity_change"", ""state_port_diversity_change""]",LOW
3593,CTU49,2011-08-16T18:24:00+00:00,Murlo,0.9990502793190812,RBot,0.9983056238193082,0.0083329090995234,3.9928653206071125,"[""state_iat_change"", ""state_destination_diversity_change"", ""state_port_diversity_change""]",LOW
3594,CTU49,2011-08-16T18:25:00+00:00,Murlo,0.999043984502933,RBot,0.9982984035000912,0.0083922730054419,0.006959212046270729,"[""state_iat_change"", ""state_entropy_change"", ""state_top_probability_change""]",LOW
3595,CTU49,2011-08-16T18:26:00+00:00,Murlo,0.999043984502933,RBot,0.9982984035000912,0.0083922730054419,0.00886252012917079,"[""state_iat_change"", ""state_top_probability_change"", ""state_entropy_change""]",LOW
3596,CTU49,2011-08-16T18:27:00+00:00,Murlo,0.9991346402032724,RBot,0.9984817964614304,0.0077320837383715,0.017178819568899217,"[""state_iat_change"", ""state_entropy_change"", ""state_top_probability_change""]",LOW
3597,CTU49,2011-08-16T18:28:00+00:00,Murlo,0.998959137896504,RBot,0.9981293503415718,0.0090027928875948,0.04240663836278694,"[""state_iat_change"", ""state_entropy_change"", ""state_top_probability_change""]",LOW
3598,CTU49,2011-08-16T18:29:00+00:00,Murlo,0.9990401218676266,RBot,0.9982940610705842,0.0084286339812581,0.009674541370673027,"[""state_iat_change"", ""state_entropy_change"", ""state_top_probability_change""]",LOW
3599,CTU49,2011-08-16T18:30:00+00:00,Murlo,0.999176763465023,RBot,0.998596844946276,0.0074691985997263,0.03515274567328722,"[""state_iat_change"", ""state_entropy_change"", ""state_top_probability_change""]",LOW
3600,CTU49,2011-08-16T18:31:00+00:00,Murlo,0.999154246821613,RBot,0.9985418097987904,0.0076240525909872,0.012435350618087133,"[""state_iat_change"", ""state_entropy_change"", ""state_top_probability_change""]",LOW
3601,CTU49,2011-08-16T18:32:00+00:00,Murlo,0.9990692442828496,RBot,0.9983779828072434,0.0082670438826637,0.014395401830588581,"[""state_iat_change"", ""state_entropy_change"", ""state_top_probability_change""]",LOW
3602,CTU49,2011-08-16T18:33:00+00:00,Murlo,0.99887013931755,RBot,0.9979581080101032,0.0096502685622504,0.02845492060377412,"[""state_iat_change"", ""state_entropy_change"", ""state_top_probability_change""]",LOW
3603,CTU49,2011-08-16T18:34:00+00:00,Murlo,0.9991737635797469,RBot,0.9986170495301664,0.0075346639648432,0.021800793772445894,"[""state_entropy_change"", ""state_top_probability_change"", ""state_iat_change""]",LOW
3604,CTU49,2011-08-16T18:35:00+00:00,Murlo,0.9977335670066846,RBot,0.996057363357222,0.0181047970837699,2.0762076648687136,"[""state_iat_change"", ""state_destination_diversity_change"", ""state_port_diversity_change""]",LOW
3605,CTU49,2011-08-16T18:36:00+00:00,Murlo,0.9988359487642856,RBot,0.9978881795262498,0.009887732531681,2.0564991950488056,"[""state_iat_change"", ""state_destination_diversity_change"", ""state_port_diversity_change""]",LOW
3606,CTU49,2011-08-16T18:37:00+00:00,Murlo,0.99891861383656,RBot,0.998052164177377,0.0093021702573754,0.007573217883355347,"[""state_entropy_change"", ""state_top_probability_change"", ""state_iat_change""]",LOW
3607,CTU49,2011-08-16T18:38:00+00:00,Murlo,0.9991625379035346,RBot,0.9985707686733512,0.0075809918208188,0.018104630854283047,"[""state_entropy_change"", ""state_top_probability_change"", ""state_iat_change""]",LOW
3608,CTU49,2011-08-16T18:39:00+00:00,Murlo,0.9990052995598908,RBot,0.9982303858229328,0.0086939910818272,0.012517083669197846,"[""state_entropy_change"", ""state_top_probability_change"", ""state_iat_change""]",LOW
3609,CTU49,2011-08-16T18:40:00+00:00,Murlo,0.994825399964706,RBot,0.9908793250128384,0.0369503762796302,6.123192469939063,"[""state_iat_change"", ""state_port_diversity_change"", ""state_byte_rate_change""]",LOW
3610,CTU49,2011-08-16T18:41:00+00:00,Murlo,0.9990006833533652,RBot,0.9982193391510952,0.0087241847651937,6.133863199066167,"[""state_iat_change"", ""state_port_diversity_change"", ""state_byte_rate_change""]",LOW
3611,CTU49,2011-08-16T18:42:00+00:00,Murlo,0.99887013931755,RBot,0.9979581080101032,0.0096502685622504,0.008701522961103129,"[""state_entropy_change"", ""state_top_probability_change"", ""state_iat_change""]",LOW
3612,CTU49,2011-08-16T18:43:00+00:00,Murlo,0.9630287108371988,RBot,0.9367561132493276,0.187558546403012,17.876080747907636,"[""state_syn_rate_change"", ""state_destination_diversity_change"", ""state_packet_rate_change""]",LOW
3613,CTU49,2011-08-16T18:44:00+00:00,Murlo,0.9881611434308888,DonBot,0.980257220908298,0.0744080020033026,11.432239863133114,"[""state_directionality_change"", ""state_top_probability_change"", ""state_rst_rate_change""]",LOW
3614,CTU49,2011-08-16T18:45:00+00:00,Murlo,0.9802211319331442,DonBot,0.9692146187349496,0.1191017402477372,12.66183473066051,"[""state_directionality_change"", ""state_syn_rate_change"", ""state_port_diversity_change""]",LOW
3615,CTU49,2011-08-16T18:46:00+00:00,Murlo,0.9919562882754296,DonBot,0.986237766187334,0.0533797695756241,6.4682213679200515,"[""state_directionality_change"", ""state_syn_rate_change"", ""state_rst_rate_change""]",LOW
3616,CTU49,2011-08-16T18:47:00+00:00,Murlo,0.9819238474974656,DonBot,0.9685981142363156,0.1045514063782014,7.581650248628983,"[""state_syn_rate_change"", ""state_destination_diversity_change"", ""state_iat_change""]",LOW
3617,CTU49,2011-08-16T18:48:00+00:00,Murlo,0.999043984502933,RBot,0.9982984035000912,0.0083922730054419,14.408249409539025,"[""state_syn_rate_change"", ""state_destination_diversity_change"", ""state_iat_change""]",LOW
3618,CTU49,2011-08-16T18:49:00+00:00,Murlo,0.9991167052958032,RBot,0.9984554976851217,0.0078814172982329,0.02227857476719253,"[""state_iat_change"", ""state_entropy_change"", ""state_top_probability_change""]",LOW
3619,CTU49,2011-08-16T18:50:00+00:00,Murlo,0.959454974052622,RBot,0.9433207783254756,0.2314483871426543,85.8012902389242,"[""state_byte_rate_change"", ""state_ack_rate_change"", ""state_packet_rate_change""]",LOW
3620,CTU49,2011-08-16T18:51:00+00:00,Murlo,0.9988364594398936,RBot,0.9980318687243618,0.0101703610916444,85.7770815687167,"[""state_byte_rate_change"", ""state_ack_rate_change"", ""state_packet_rate_change""]",LOW
3621,CTU49,2011-08-16T18:52:00+00:00,Murlo,0.9989099521702351,RBot,0.9980318748122512,0.0093546553860719,0.012923030862357939,"[""state_iat_change"", ""state_entropy_change"", ""state_top_probability_change""]",LOW
3622,CTU49,2011-08-16T18:53:00+00:00,Murlo,0.9979567270302478,RBot,0.9964696457719504,0.016584129692675,1.6405564157847292,"[""state_iat_change"", ""state_destination_diversity_change"", ""state_port_diversity_change""]",LOW
3623,CTU49,2011-08-16T18:54:00+00:00,Murlo,0.999043984502933,RBot,0.9982984035000912,0.0083922730054419,1.638535356719049,"[""state_iat_change"", ""state_destination_diversity_change"", ""state_port_diversity_change""]",LOW
3624,CTU49,2011-08-16T18:55:00+00:00,Murlo,0.9991337844380074,RBot,0.9984956969340438,0.0077615511618008,0.032208161336577286,"[""state_iat_change"", ""state_entropy_change"", ""state_top_probability_change""]",LOW
3625,CTU49,2011-08-16T18:56:00+00:00,Murlo,0.9991284774595098,RBot,0.9985117150998334,0.0078745212580328,0.0161042133249998,"[""state_iat_change"", ""state_entropy_change"", ""state_top_probability_change""]",LOW
3626,CTU49,2011-08-16T18:57:00+00:00,Murlo,0.9989525912007792,RBot,0.9981217725454544,0.0090641585699648,0.022083004560370628,"[""state_iat_change"", ""state_entropy_change"", ""state_top_probability_change""]",LOW
3627,CTU49,2011-08-16T18:58:00+00:00,Murlo,0.9991099994014656,RBot,0.9984529484280412,0.007952561381785,0.02122797386700147,"[""state_iat_change"", ""state_entropy_change"", ""state_top_probability_change""]",LOW
3628,CTU49,2011-08-16T18:59:00+00:00,Murlo,0.9459268654867315,RBot,0.8965339449850614,0.2303024362945148,9.24811602422207,"[""state_iat_change"", ""state_top_probability_change"", ""state_entropy_change""]",LOW
3629,CTU49,2011-08-16T19:00:00+00:00,Murlo,0.9672513164935242,RBot,0.9359416236354202,0.1521196135304667,7.410096976139748,"[""state_iat_change"", ""state_top_probability_change"", ""state_entropy_change""]",LOW
3630,CTU49,2011-08-16T19:01:00+00:00,Murlo,0.999102491678884,RBot,0.9984274709004308,0.0079859611812464,2.536800827447066,"[""state_top_probability_change"", ""state_entropy_change"", ""state_fin_rate_change""]",LOW
3631,CTU49,2011-08-16T19:02:00+00:00,Murlo,0.9991914446391392,RBot,0.9986217125692848,0.0073516364850871,0.01890436508725732,"[""state_iat_change"", ""state_entropy_change"", ""state_top_probability_change""]",LOW
3632,CTU49,2011-08-16T19:03:00+00:00,Murlo,0.998940751864186,RBot,0.998139676262708,0.0092451637143707,0.028064928529212024,"[""state_iat_change"", ""state_entropy_change"", ""state_top_probability_change""]",LOW
3633,CTU49,2011-08-16T19:04:00+00:00,Murlo,0.9812125132000342,RBot,0.9632410562339582,0.0976602016032351,1.2876523966058337,"[""state_top_probability_change"", ""state_entropy_change"", ""state_iat_change""]",LOW
3634,CTU49,2011-08-16T19:05:00+00:00,Murlo,0.9459325822020196,RBot,0.8943754639562622,0.2244168335815645,3.1451382887592643,"[""state_top_probability_change"", ""state_entropy_change"", ""state_directionality_change""]",LOW
3635,CTU49,2011-08-16T19:06:00+00:00,Murlo,0.999173948196177,RBot,0.9985907943427494,0.0074912226630511,4.15650523669065,"[""state_top_probability_change"", ""state_entropy_change"", ""state_directionality_change""]",LOW
3636,CTU49,2011-08-16T19:07:00+00:00,Murlo,0.9989146864809084,RBot,0.9980547653103824,0.0093562325560633,0.021452512433003598,"[""state_entropy_change"", ""state_top_probability_change"", ""state_iat_change""]",LOW
3637,CTU49,2011-08-16T19:08:00+00:00,Murlo,0.9991444195949608,RBot,0.9985387098057088,0.0077247992802535,0.037163134617470936,"[""state_iat_change"", ""state_entropy_change"", ""state_top_probability_change""]",LOW
3638,CTU49,2011-08-16T19:09:00+00:00,Murlo,0.9989525912007792,RBot,0.9981217725454544,0.0090641585699648,0.021025526466946626,"[""state_iat_change"", ""state_entropy_change"", ""state_top_probability_change""]",LOW
3639,CTU49,2011-08-16T19:10:00+00:00,Murlo,0.9990242276309416,RBot,0.9982625822957828,0.0085434878721939,0.024426249071565282,"[""state_iat_change"", ""state_entropy_change"", ""state_top_probability_change""]",LOW
3640,CTU49,2011-08-16T19:11:00+00:00,Murlo,0.997701368845553,RBot,0.995905931573318,0.0181299017714165,10.652355547692416,"[""state_iat_change"", ""state_destination_diversity_change"", ""state_port_diversity_change""]",LOW
3641,CTU49,2011-08-16T19:12:00+00:00,Murlo,0.9991562208519456,RBot,0.9985863917246974,0.0076751170063835,10.671777693249924,"[""state_iat_change"", ""state_destination_diversity_change"", ""state_port_diversity_change""]",LOW
3642,CTU49,2011-08-16T19:13:00+00:00,Murlo,0.999024339299672,RBot,0.9982559879376544,0.0085274605242312,0.04597936349228877,"[""state_iat_change"", ""state_entropy_change"", ""state_top_probability_change""]",LOW
3643,CTU49,2011-08-16T19:14:00+00:00,Murlo,0.99887013931755,RBot,0.9979581080101032,0.0096502685622504,0.0609259493190439,"[""state_iat_change"", ""state_entropy_change"", ""state_top_probability_change""]",LOW
3644,CTU49,2011-08-16T19:15:00+00:00,Murlo,0.9991681387882572,RBot,0.9985812693086408,0.0075369604794298,0.06568236362751144,"[""state_iat_change"", ""state_entropy_change"", ""state_top_probability_change""]",LOW
3645,CTU49,2011-08-16T19:16:00+00:00,Murlo,0.9992213119191934,RBot,0.9987099577524556,0.0071688681543583,0.008077175558412128,"[""state_iat_change"", ""state_entropy_change"", ""state_top_probability_change""]",LOW
3646,CTU49,2011-08-16T19:17:00+00:00,Murlo,0.999264506062845,RBot,0.9987463649279672,0.0067574619458755,0.0035717638036564703,"[""state_entropy_change"", ""state_top_probability_change"", ""state_iat_change""]",LOW
3647,CTU49,2011-08-16T19:18:00+00:00,Murlo,0.9990109649198718,RBot,0.9982329705082884,0.0086331519558462,0.02140911025502533,"[""state_entropy_change"", ""state_top_probability_change"", ""state_iat_change""]",LOW
3648,CTU49,2011-08-16T19:19:00+00:00,Murlo,0.9990818907226818,RBot,0.9983818159653336,0.0081346113312417,0.013553004670008239,"[""state_iat_change"", ""state_entropy_change"", ""state_top_probability_change""]",LOW
3649,CTU49,2011-08-16T19:20:00+00:00,Murlo,0.9990779796649648,RBot,0.9983955161757696,0.0082015109543702,0.027140229686811467,"[""state_iat_change"", ""state_entropy_change"", ""state_top_probability_change""]",LOW
3650,CTU49,2011-08-16T19:21:00+00:00,Murlo,0.999154246821613,RBot,0.9985418097987904,0.0076240525909872,0.01630459054272687,"[""state_iat_change"", ""state_entropy_change"", ""state_top_probability_change""]",LOW
3651,CTU49,2011-08-16T19:22:00+00:00,Murlo,0.9826689584510386,DonBot,0.9735463725475206,0.1085263883221543,12.777344241325435,"[""state_syn_rate_change"", ""state_destination_diversity_change"", ""state_iat_change""]",LOW
3652,CTU49,2011-08-16T19:23:00+00:00,Murlo,0.991546087811128,DonBot,0.9859608369064348,0.056467070678664,8.606309077799715,"[""state_syn_rate_change"", ""state_destination_diversity_change"", ""state_directionality_change""]",LOW
3653,CTU49,2011-08-16T19:24:00+00:00,Murlo,0.9897709239691234,DonBot,0.9831424417449248,0.066626008177416,3.804536377395166,"[""state_syn_rate_change"", ""state_directionality_change"", ""state_destination_diversity_change""]",LOW
3654,CTU49,2011-08-16T19:25:00+00:00,Murlo,0.9936095893569532,DonBot,0.989340816554904,0.0443980277699287,3.380071444760309,"[""state_syn_rate_change"", ""state_directionality_change"", ""state_fin_rate_change""]",LOW
3655,CTU49,2011-08-16T19:26:00+00:00,Murlo,0.9925820570117334,DonBot,0.9870794678432182,0.0495490300079895,2.9089730871030217,"[""state_directionality_change"", ""state_rst_rate_change"", ""state_port_diversity_change""]",LOW
3656,CTU49,2011-08-16T19:27:00+00:00,Murlo,0.9989525912007792,RBot,0.9981217725454544,0.0090641585699648,19.693675695501437,"[""state_syn_rate_change"", ""state_destination_diversity_change"", ""state_directionality_change""]",LOW
3657,CTU49,2011-08-16T19:28:00+00:00,Murlo,0.9989896542090948,RBot,0.998203521224942,0.0088175708188164,0.019912380741540465,"[""state_iat_change"", ""state_entropy_change"", ""state_top_probability_change""]",LOW
3658,CTU49,2011-08-16T19:29:00+00:00,Murlo,0.9493044539493902,RBot,0.9346990902359044,0.2795269291598052,86.70160355667254,"[""state_byte_rate_change"", ""state_ack_rate_change"", ""state_packet_rate_change""]",LOW
3659,CTU49,2011-08-16T19:30:00+00:00,Murlo,0.9828934249228948,RBot,0.966594660191256,0.0907577934505415,86.31677429255261,"[""state_byte_rate_change"", ""state_ack_rate_change"", ""state_packet_rate_change""]",LOW
3660,CTU49,2011-08-16T19:31:00+00:00,Murlo,0.6915547124785835,RBot,0.3860082189472202,0.6385651984576624,13.001282827257327,"[""state_top_probability_change"", ""state_entropy_change"", ""state_directionality_change""]",MEDIUM
3661,CTU49,2011-08-16T19:32:00+00:00,Murlo,0.9981341110803998,RBot,0.9967051546166914,0.0151502807575336,14.881881127711912,"[""state_top_probability_change"", ""state_entropy_change"", ""state_iat_change""]",LOW
3662,CTU49,2011-08-16T19:33:00+00:00,Murlo,0.9991486336429088,RBot,0.998538697352184,0.0076805264613009,1.623160230674962,"[""state_iat_change"", ""state_directionality_change"", ""state_fin_rate_change""]",LOW
3663,CTU49,2011-08-16T19:34:00+00:00,Murlo,0.9982553803377324,RBot,0.9970624957084556,0.0145855358649305,1.0469114964378354,"[""state_iat_change"", ""state_destination_diversity_change"", ""state_port_diversity_change""]",LOW
3664,CTU49,2011-08-16T19:35:00+00:00,Murlo,0.9974102653454536,RBot,0.9954231086661528,0.0201787154323039,7.702123091149375,"[""state_iat_change"", ""state_ack_rate_change"", ""state_byte_rate_change""]",LOW
3665,CTU49,2011-08-16T19:36:00+00:00,Murlo,0.9991629354539692,RBot,0.9985566289539116,0.0075482047290028,8.661105085143431,"[""state_iat_change"", ""state_byte_rate_change"", ""state_destination_diversity_change""]",LOW
3666,CTU49,2011-08-16T19:37:00+00:00,Murlo,0.9986203924719492,RBot,0.9976888985721024,0.0118389902753507,0.7200984069280888,"[""state_iat_change"", ""state_ack_rate_change"", ""state_byte_rate_change""]",LOW
3667,CTU49,2011-08-16T19:38:00+00:00,Murlo,0.9991714551084744,RBot,0.998615439980371,0.0075581211126662,0.7226564824329899,"[""state_iat_change"", ""state_ack_rate_change"", ""state_byte_rate_change""]",LOW
3668,CTU49,2011-08-16T19:39:00+00:00,Murlo,0.9990136996921416,RBot,0.9982361403638096,0.0086075412465588,0.027430647877438995,"[""state_iat_change"", ""state_entropy_change"", ""state_top_probability_change""]",LOW
3669,CTU49,2011-08-16T19:40:00+00:00,Murlo,0.9963517872720988,RBot,0.9935805590631224,0.027311939120557,2.555008038976292,"[""state_iat_change"", ""state_port_diversity_change"", ""state_syn_rate_change""]",LOW
3670,CTU49,2011-08-16T19:41:00+00:00,Murlo,0.9980575860893482,RBot,0.9965839651712124,0.0157319816668506,2.2347235975542916,"[""state_iat_change"", ""state_port_diversity_change"", ""state_ack_rate_change""]",LOW
3671,CTU49,2011-08-16T19:42:00+00:00,Murlo,0.9990542566749762,RBot,0.9983175052178486,0.0083144509510016,1.4852250317681657,"[""state_iat_change"", ""state_syn_rate_change"", ""state_directionality_change""]",LOW
3672,CTU49,2011-08-16T19:43:00+00:00,Murlo,0.9992355098911893,RBot,0.9987137942189306,0.0070213874063905,0.016164744306304404,"[""state_entropy_change"", ""state_top_probability_change"", ""state_iat_change""]",LOW
3673,CTU49,2011-08-16T19:44:00+00:00,Murlo,0.9986874504435268,RBot,0.9976875240712924,0.011136881157027,0.5699467760353539,"[""state_iat_change"", ""state_entropy_change"", ""state_top_probability_change""]",LOW
3674,CTU49,2011-08-16T19:45:00+00:00,Murlo,0.9989811107876112,RBot,0.9981723342206004,0.0088434034742928,0.5554940634694127,"[""state_iat_change"", ""state_entropy_change"", ""state_top_probability_change""]",LOW
3675,CTU49,2011-08-16T19:46:00+00:00,Murlo,0.9984138740956372,RBot,0.9971846953807364,0.0131144663507812,0.7073724426924524,"[""state_iat_change"", ""state_ack_rate_change"", ""state_byte_rate_change""]",LOW
3676,CTU49,2011-08-16T19:47:00+00:00,Murlo,0.9978063099324472,RBot,0.9962475537688008,0.0176805060089842,4.092173355836662,"[""state_iat_change"", ""state_directionality_change"", ""state_destination_diversity_change""]",LOW
3677,CTU49,2011-08-16T19:48:00+00:00,Murlo,0.9992014153634072,RBot,0.9986783465554554,0.0073325381127061,4.7133353226926795,"[""state_iat_change"", ""state_directionality_change"", ""state_byte_rate_change""]",LOW
3678,CTU49,2011-08-16T19:49:00+00:00,Murlo,0.9981274812198888,RBot,0.9968451326635112,0.0154757752805632,2.651487252189289,"[""state_iat_change"", ""state_destination_diversity_change"", ""state_port_diversity_change""]",LOW
3679,CTU49,2011-08-16T19:50:00+00:00,Murlo,0.9991748988472297,RBot,0.9985688025823112,0.0074422315277736,2.659048124949815,"[""state_iat_change"", ""state_destination_diversity_change"", ""state_port_diversity_change""]",LOW
3680,CTU49,2011-08-16T19:51:00+00:00,Murlo,0.9990542566749762,RBot,0.9983175052178486,0.0083144509510016,0.014572400895380344,"[""state_iat_change"", ""state_entropy_change"", ""state_top_probability_change""]",LOW
3681,CTU49,2011-08-16T19:52:00+00:00,Murlo,0.9989822685853936,RBot,0.9981781718798584,0.008842628411668,0.007072313814027741,"[""state_entropy_change"", ""state_iat_change"", ""state_top_probability_change""]",LOW
3682,CTU49,2011-08-16T19:53:00+00:00,Murlo,0.9990214665226372,RBot,0.9982552085368296,0.0085557503149901,0.006755550005927813,"[""state_iat_change"", ""state_entropy_change"", ""state_top_probability_change""]",LOW
3683,CTU49,2011-08-16T19:54:00+00:00,Murlo,0.9967259612631344,RBot,0.9938507374855552,0.0237700631796125,0.6505178978537697,"[""state_iat_change"", ""state_entropy_change"", ""state_top_probability_change""]",LOW
3684,CTU49,2011-08-16T19:55:00+00:00,Murlo,0.9990109649198718,RBot,0.9982329705082884,0.0086331519558462,0.6607718206026095,"[""state_iat_change"", ""state_entropy_change"", ""state_top_probability_change""]",LOW
3685,CTU49,2011-08-16T19:56:00+00:00,Murlo,0.999186290267104,RBot,0.9985877076057084,0.0073489536747404,0.01629829730290155,"[""state_entropy_change"", ""state_top_probability_change"", ""state_iat_change""]",LOW
3686,CTU49,2011-08-16T19:57:00+00:00,Murlo,0.9990971429958728,RBot,0.998414049732436,0.0080220742389319,0.012457611088260385,"[""state_iat_change"", ""state_entropy_change"", ""state_top_probability_change""]",LOW
3687,CTU49,2011-08-16T19:58:00+00:00,Murlo,0.9990909496215304,RBot,0.9983955419854535,0.0080576532727607,0.015554359146328104,"[""state_iat_change"", ""state_top_probability_change"", ""state_entropy_change""]",LOW
3688,CTU49,2011-08-16T19:59:00+00:00,Murlo,0.9973430155714196,RBot,0.9954309009144654,0.0208652720779547,2.236464010302683,"[""state_iat_change"", ""state_fin_rate_change"", ""state_directionality_change""]",LOW
3689,CTU49,2011-08-16T20:00:00+00:00,Murlo,0.998722914767164,RBot,0.9977006301041428,0.0107632520652509,1.5205635307271457,"[""state_iat_change"", ""state_directionality_change"", ""state_destination_diversity_change""]",LOW
3690,CTU49,2011-08-16T20:01:00+00:00,Murlo,0.9989363335688444,RBot,0.9980909183842284,0.0091797124109237,0.8780989075943625,"[""state_iat_change"", ""state_directionality_change"", ""state_fin_rate_change""]",LOW
3691,CTU49,2011-08-16T20:02:00+00:00,Murlo,0.9816213207356428,DonBot,0.9701763453649506,0.1107821150888184,19.016197520694725,"[""state_syn_rate_change"", ""state_destination_diversity_change"", ""state_packet_rate_change""]",LOW
3692,CTU49,2011-08-16T20:03:00+00:00,Murlo,0.9800710947177564,RBot,0.9694564348561846,0.115321800395012,9.052976048159541,"[""state_directionality_change"", ""state_rst_rate_change"", ""state_iat_change""]",LOW
3693,CTU49,2011-08-16T20:04:00+00:00,Murlo,0.990003740804868,DonBot,0.9838049389276968,0.0659033406307866,8.227009006968482,"[""state_directionality_change"", ""state_syn_rate_change"", ""state_port_diversity_change""]",LOW
3694,CTU49,2011-08-16T20:05:00+00:00,Murlo,0.993505097036144,DonBot,0.9889008436998072,0.0445433293134993,5.025899451832255,"[""state_directionality_change"", ""state_syn_rate_change"", ""state_port_diversity_change""]",LOW
3695,CTU49,2011-08-16T20:06:00+00:00,Murlo,0.9838334755507856,DonBot,0.9718961850974908,0.0945817862893796,7.444576594353619,"[""state_syn_rate_change"", ""state_destination_diversity_change"", ""state_directionality_change""]",LOW
3696,CTU49,2011-08-16T20:07:00+00:00,Murlo,0.999198503869059,RBot,0.9986184788418984,0.007267698891638,12.659434505951348,"[""state_syn_rate_change"", ""state_destination_diversity_change"", ""state_directionality_change""]",LOW
3697,CTU49,2011-08-16T20:08:00+00:00,Murlo,0.9876608976727,RBot,0.9801113178115332,0.0810094715365739,28.91231312718271,"[""state_byte_rate_change"", ""state_ack_rate_change"", ""state_packet_rate_change""]",LOW
3698,CTU49,2011-08-16T20:09:00+00:00,Murlo,0.9726167896362092,RBot,0.9599670539842906,0.1640895184351475,28.66256199144151,"[""state_byte_rate_change"", ""state_ack_rate_change"", ""state_fin_rate_change""]",LOW
3699,CTU49,2011-08-16T20:10:00+00:00,Murlo,0.9780134968104782,RBot,0.9581756242416928,0.1158338672205562,61.080928286409964,"[""state_byte_rate_change"", ""state_ack_rate_change"", ""state_packet_rate_change""]",LOW
3700,CTU49,2011-08-16T20:11:00+00:00,Murlo,0.9953857272551804,RBot,0.9917331494254034,0.0329618573639122,3.477347075824468,"[""state_iat_change"", ""state_top_probability_change"", ""state_entropy_change""]",LOW
3701,CTU49,2011-08-16T20:12:00+00:00,Murlo,0.9992694486846968,RBot,0.998757158476747,0.0067217752203963,8.282781185619319,"[""state_iat_change"", ""state_port_diversity_change"", ""state_destination_diversity_change""]",LOW
3702,CTU49,2011-08-16T20:13:00+00:00,Murlo,0.9988130700771234,RBot,0.9978932467077632,0.0101589401929529,0.5417204601498736,"[""state_iat_change"", ""state_entropy_change"", ""state_top_probability_change""]",LOW
3703,CTU49,2011-08-16T20:14:00+00:00,Murlo,0.9989261371044744,RBot,0.998075049016427,0.0092640611801337,0.5099520817717319,"[""state_iat_change"", ""state_entropy_change"", ""state_top_probability_change""]",LOW
3704,CTU49,2011-08-16T20:15:00+00:00,Murlo,0.9990136996921416,RBot,0.9982361403638096,0.0086075412465588,0.021172609707100703,"[""state_iat_change"", ""state_entropy_change"", ""state_top_probability_change""]",LOW
3705,CTU49,2011-08-16T20:16:00+00:00,Murlo,0.9990703939682786,RBot,0.9983445097634605,0.0081845925966882,0.010490984631728378,"[""state_iat_change"", ""state_entropy_change"", ""state_top_probability_change""]",LOW
3706,CTU49,2011-08-16T20:17:00+00:00,Murlo,0.9991009082557218,RBot,0.998417713210488,0.0079885344054202,0.006166389261880796,"[""state_iat_change"", ""state_entropy_change"", ""state_top_probability_change""]",LOW
3707,CTU49,2011-08-16T20:18:00+00:00,Murlo,0.9984655029902074,RBot,0.9972214036545572,0.0126094344032311,0.8030812134735724,"[""state_iat_change"", ""state_fin_rate_change"", ""state_directionality_change""]",LOW
3708,CTU49,2011-08-16T20:19:00+00:00,Murlo,0.999140660781405,RBot,0.9985198202172768,0.0077359100024633,0.8142697828045741,"[""state_iat_change"", ""state_fin_rate_change"", ""state_directionality_change""]",LOW
3709,CTU49,2011-08-16T20:20:00+00:00,Murlo,0.999024339299672,RBot,0.9982559879376544,0.0085274605242312,0.01406999575146703,"[""state_iat_change"", ""state_entropy_change"", ""state_top_probability_change""]",LOW
3710,CTU49,2011-08-16T20:21:00+00:00,Murlo,0.9991829231345768,RBot,0.9985874721477505,0.0073860708992423,0.014633966704456944,"[""state_entropy_change"", ""state_top_probability_change"", ""state_iat_change""]",LOW
3711,CTU49,2011-08-16T20:22:00+00:00,Murlo,0.981264438208736,RBot,0.9637742353811528,0.0994122208293806,5.045001757875797,"[""state_iat_change"", ""state_top_probability_change"", ""state_entropy_change""]",LOW
3712,CTU49,2011-08-16T20:23:00+00:00,Murlo,0.9984931092682764,RBot,0.9972696547847838,0.0124069683776446,4.242998446092418,"[""state_iat_change"", ""state_top_probability_change"", ""state_entropy_change""]",LOW
3713,CTU49,2011-08-16T20:24:00+00:00,Murlo,0.986284558636293,RBot,0.9744644112052498,0.080228114549554,8.191437700822991,"[""state_iat_change"", ""state_rst_rate_change"", ""state_port_diversity_change""]",LOW
3714,CTU49,2011-08-16T20:25:00+00:00,Murlo,0.9967315122205604,RBot,0.9939968296370636,0.0240847713293014,4.398236785886396,"[""state_iat_change"", ""state_rst_rate_change"", ""state_port_diversity_change""]",LOW
3715,CTU49,2011-08-16T20:26:00+00:00,Murlo,0.999005016653416,RBot,0.9982159629335252,0.0086605592448318,8.479774783722663,"[""state_iat_change"", ""state_directionality_change"", ""state_rst_rate_change""]",LOW
3716,CTU49,2011-08-16T20:27:00+00:00,Murlo,0.998301540397972,RBot,0.996940503601315,0.0138214350488778,0.8863389033990284,"[""state_iat_change"", ""state_directionality_change"", ""state_ack_rate_change""]",LOW
3717,CTU49,2011-08-16T20:28:00+00:00,Murlo,0.9990392486832448,RBot,0.9983862375226668,0.0086127234181911,0.7060249467152367,"[""state_iat_change"", ""state_ack_rate_change"", ""state_byte_rate_change""]",LOW
3718,CTU49,2011-08-16T20:29:00+00:00,Murlo,0.9990412482938142,RBot,0.9982952501022012,0.0084179152151271,0.012010728717587424,"[""state_iat_change"", ""state_entropy_change"", ""state_top_probability_change""]",LOW
3719,CTU49,2011-08-16T20:30:00+00:00,Murlo,0.9963238187505562,RBot,0.993486978922322,0.0273043059491887,7.619605951727792,"[""state_iat_change"", ""state_port_diversity_change"", ""state_rst_rate_change""]",LOW
3720,CTU49,2011-08-16T20:31:00+00:00,Murlo,0.991244543127354,RBot,0.983665164146319,0.0550010021674243,2.382714835056668,"[""state_iat_change"", ""state_rst_rate_change"", ""state_syn_rate_change""]",LOW
3721,CTU49,2011-08-16T20:32:00+00:00,Murlo,0.9843788961204668,RBot,0.9696301336412854,0.084865421604299,9.93830938048755,"[""state_iat_change"", ""state_rst_rate_change"", ""state_port_diversity_change""]",LOW
3722,CTU49,2011-08-16T20:33:00+00:00,Murlo,0.9242252234581644,RBot,0.8511720809797517,0.2842828437404656,4.058513816940205,"[""state_top_probability_change"", ""state_entropy_change"", ""state_iat_change""]",LOW
3723,CTU49,2011-08-16T20:34:00+00:00,Murlo,0.9985483527589234,RBot,0.9974392070206978,0.0121594591556285,5.3678869376671114,"[""state_top_probability_change"", ""state_entropy_change"", ""state_syn_rate_change""]",LOW
3724,CTU49,2011-08-16T20:35:00+00:00,Murlo,0.9985248161982884,RBot,0.9974422417951856,0.0124201913451231,0.44538668655950975,"[""state_syn_rate_change"", ""state_directionality_change"", ""state_iat_change""]",LOW
3725,CTU49,2011-08-16T20:36:00+00:00,Murlo,0.9977162631848678,RBot,0.9960354581011872,0.0182263894092556,1.4481168505308915,"[""state_iat_change"", ""state_directionality_change"", ""state_destination_diversity_change""]",LOW
3726,CTU49,2011-08-16T20:37:00+00:00,Murlo,0.9709048578771752,RBot,0.9557574826507456,0.1672585487872853,4.06985348471598,"[""state_top_probability_change"", ""state_entropy_change"", ""state_byte_rate_change""]",LOW
3727,CTU49,2011-08-16T20:38:00+00:00,Murlo,0.9950439039454292,RBot,0.9908250753194232,0.0342505607224474,8.010311176478107,"[""state_iat_change"", ""state_top_probability_change"", ""state_byte_rate_change""]",LOW
3728,CTU49,2011-08-16T20:39:00+00:00,Murlo,0.997519701596781,RBot,0.9955336784471132,0.0192365571243606,5.888266630169067,"[""state_iat_change"", ""state_syn_rate_change"", ""state_rst_rate_change""]",LOW
3729,CTU49,2011-08-16T20:40:00+00:00,Murlo,0.989401381096911,RBot,0.9808652881882824,0.0667501687683512,4.660799082430988,"[""state_port_diversity_change"", ""state_rst_rate_change"", ""state_syn_rate_change""]",LOW
3730,CTU49,2011-08-16T20:41:00+00:00,Murlo,0.988075283246994,DonBot,0.9802078379967308,0.0764883872994976,8.914701644331783,"[""state_syn_rate_change"", ""state_destination_diversity_change"", ""state_iat_change""]",LOW
3731,CTU49,2011-08-16T20:42:00+00:00,Murlo,0.9929727752435592,DonBot,0.9879085777234936,0.0475434410632173,8.424865726253058,"[""state_syn_rate_change"", ""state_destination_diversity_change"", ""state_directionality_change""]",LOW
3732,CTU49,2011-08-16T20:43:00+00:00,Murlo,0.9905489184904744,DonBot,0.9842069528019662,0.0618072927465424,3.9282018836037316,"[""state_syn_rate_change"", ""state_directionality_change"", ""state_destination_diversity_change""]",LOW
3733,CTU49,2011-08-16T20:44:00+00:00,Murlo,0.9919949027513932,DonBot,0.9867815775709362,0.0541331211913324,1.557682909127478,"[""state_syn_rate_change"", ""state_rst_rate_change"", ""state_fin_rate_change""]",LOW
3734,CTU49,2011-08-16T20:45:00+00:00,Murlo,0.987556075548837,DonBot,0.9799083670643792,0.0794598040642961,1.9740785218671064,"[""state_directionality_change"", ""state_destination_diversity_change"", ""state_port_diversity_change""]",LOW
3735,CTU49,2011-08-16T20:46:00+00:00,Murlo,0.9982705128422124,RBot,0.996915215538751,0.0141154657728406,18.59250559248064,"[""state_syn_rate_change"", ""state_destination_diversity_change"", ""state_packet_rate_change""]",LOW
3736,CTU49,2011-08-16T20:47:00+00:00,Murlo,0.9973611840801088,RBot,0.9952438339008818,0.0202037606766553,10.034809980488344,"[""state_iat_change"", ""state_directionality_change"", ""state_syn_rate_change""]",LOW
3737,CTU49,2011-08-16T20:48:00+00:00,Murlo,0.9815701143027432,DonBot,0.9749996518342592,0.1179371109899901,37.71492993270512,"[""state_iat_change"", ""state_byte_rate_change"", ""state_ack_rate_change""]",LOW
3738,CTU49,2011-08-16T20:49:00+00:00,Murlo,0.942101597203307,RBot,0.8858551228813514,0.231054608273813,30.38683719711425,"[""state_byte_rate_change"", ""state_ack_rate_change"", ""state_fin_rate_change""]",LOW
3739,CTU49,2011-08-16T20:50:00+00:00,Murlo,0.9991507175881604,RBot,0.998521693103851,0.0076254432436175,3.674943209904347,"[""state_top_probability_change"", ""state_entropy_change"", ""state_directionality_change""]",LOW
3740,CTU49,2011-08-16T20:51:00+00:00,Murlo,0.9989510191251184,RBot,0.9981105472108732,0.0090558793703503,0.024244731507105027,"[""state_iat_change"", ""state_entropy_change"", ""state_top_probability_change""]",LOW
3741,CTU49,2011-08-16T20:52:00+00:00,Murlo,0.9991253501052512,RBot,0.9984646817538329,0.0078037658176606,0.024919925631449263,"[""state_iat_change"", ""state_entropy_change"", ""state_top_probability_change""]",LOW
3742,CTU49,2011-08-16T20:53:00+00:00,Murlo,0.9990041677410813,RBot,0.9982213903142576,0.0086873324339338,0.019128034810306255,"[""state_iat_change"", ""state_entropy_change"", ""state_top_probability_change""]",LOW
3743,CTU49,2011-08-16T20:54:00+00:00,Murlo,0.999223370524872,RBot,0.9986755567644048,0.0070875713068973,0.02347353208646856,"[""state_iat_change"", ""state_entropy_change"", ""state_top_probability_change""]",LOW
3744,CTU49,2011-08-16T20:55:00+00:00,Murlo,0.9991776337418936,RBot,0.9985718764286228,0.0074165823475517,0.016313068792571387,"[""state_iat_change"", ""state_entropy_change"", ""state_top_probability_change""]",LOW
3745,CTU49,2011-08-16T20:56:00+00:00,Murlo,0.9975473873487836,RBot,0.9957015870553584,0.0193410709224273,2.7047355440105743,"[""state_iat_change"", ""state_directionality_change"", ""state_syn_rate_change""]",LOW
3746,CTU49,2011-08-16T20:57:00+00:00,Murlo,0.999043984502933,RBot,0.9982984035000912,0.0083922730054419,2.6937258844272893,"[""state_iat_change"", ""state_directionality_change"", ""state_syn_rate_change""]",LOW
3747,CTU49,2011-08-16T20:58:00+00:00,Murlo,0.9991662085671904,RBot,0.9985727588495414,0.0075454506761515,0.01864743330650479,"[""state_iat_change"", ""state_entropy_change"", ""state_top_probability_change""]",LOW
3748,CTU49,2011-08-16T20:59:00+00:00,Murlo,0.9984655029902074,RBot,0.9972214036545572,0.0126094344032311,0.7958086715748433,"[""state_iat_change"", ""state_fin_rate_change"", ""state_directionality_change""]",LOW
3749,CTU49,2011-08-16T21:00:00+00:00,Murlo,0.9946481152885188,RBot,0.9900353930231498,0.0365095672890337,4.267074446839159,"[""state_iat_change"", ""state_fin_rate_change"", ""state_entropy_change""]",LOW
3750,CTU49,2011-08-16T21:01:00+00:00,Murlo,0.999024339299672,RBot,0.9982559879376544,0.0085274605242312,4.618560505323232,"[""state_iat_change"", ""state_entropy_change"", ""state_top_probability_change""]",LOW
3751,CTU49,2011-08-16T21:02:00+00:00,Murlo,0.9989699679461684,RBot,0.9981514993675762,0.0089266210944989,0.014637853905707661,"[""state_iat_change"", ""state_entropy_change"", ""state_top_probability_change""]",LOW
3752,CTU49,2011-08-16T21:03:00+00:00,Murlo,0.9984606499726284,RBot,0.997273909160177,0.0127784876880601,0.8766940133211252,"[""state_iat_change"", ""state_syn_rate_change"", ""state_directionality_change""]",LOW
3753,CTU49,2011-08-16T21:04:00+00:00,Murlo,0.9990870117525896,RBot,0.9983858329401905,0.0080835657834511,0.8802855488738984,"[""state_iat_change"", ""state_syn_rate_change"", ""state_directionality_change""]",LOW
3754,CTU49,2011-08-16T21:05:00+00:00,Murlo,0.9990549483516652,RBot,0.998322460335582,0.0083166391588315,0.013305965082137836,"[""state_iat_change"", ""state_entropy_change"", ""state_top_probability_change""]",LOW
3755,CTU49,2011-08-16T21:06:00+00:00,Murlo,0.996904589835813,RBot,0.9943773775604612,0.0232205747098035,2.0883270194457495,"[""state_iat_change"", ""state_fin_rate_change"", ""state_directionality_change""]",LOW
3756,CTU49,2011-08-16T21:07:00+00:00,Murlo,0.9990258396747352,RBot,0.9982582047488422,0.0085147226005188,2.1040585299378987,"[""state_iat_change"", ""state_fin_rate_change"", ""state_directionality_change""]",LOW
3757,CTU49,2011-08-16T21:08:00+00:00,Murlo,0.998509770622629,RBot,0.997312570962866,0.0123148981155616,0.7793144012617859,"[""state_iat_change"", ""state_fin_rate_change"", ""state_directionality_change""]",LOW
3758,CTU49,2011-08-16T21:09:00+00:00,Murlo,0.9984606499726284,RBot,0.997273909160177,0.0127784876880601,0.4870799309626033,"[""state_syn_rate_change"", ""state_fin_rate_change"", ""state_iat_change""]",LOW
3759,CTU49,2011-08-16T21:10:00+00:00,Murlo,0.9971671821577844,RBot,0.9950215304989114,0.0218808007676207,1.8253343168110154,"[""state_iat_change"", ""state_syn_rate_change"", ""state_byte_rate_change""]",LOW
3760,CTU49,2011-08-16T21:11:00+00:00,Murlo,0.99906128952221,RBot,0.9983297107227432,0.0082568828836115,2.242085823081939,"[""state_iat_change"", ""state_byte_rate_change"", ""state_destination_diversity_change""]",LOW
3761,CTU49,2011-08-16T21:12:00+00:00,Murlo,0.9972677025762144,RBot,0.9952125110044896,0.0212295890256049,9.416348690696216,"[""state_iat_change"", ""state_syn_rate_change"", ""state_directionality_change""]",LOW
3762,CTU49,2011-08-16T21:13:00+00:00,Murlo,0.9878997087166118,RBot,0.9771720204624994,0.0713206316957641,8.190815128123406,"[""state_iat_change"", ""state_rst_rate_change"", ""state_directionality_change""]",LOW
3763,CTU49,2011-08-16T21:14:00+00:00,Murlo,0.9982917716401252,RBot,0.9969021530159292,0.013835716191744,5.555649172695767,"[""state_iat_change"", ""state_rst_rate_change"", ""state_port_diversity_change""]",LOW
3764,CTU49,2011-08-16T21:15:00+00:00,Murlo,0.9991776337418936,RBot,0.9985718764286228,0.0074165823475517,0.5764728040820623,"[""state_iat_change"", ""state_entropy_change"", ""state_top_probability_change""]",LOW
3765,CTU49,2011-08-16T21:16:00+00:00,Murlo,0.9983321688879092,RBot,0.9970020100288064,0.0136204979516569,0.7310498308181285,"[""state_iat_change"", ""state_ack_rate_change"", ""state_byte_rate_change""]",LOW
3766,CTU49,2011-08-16T21:17:00+00:00,Murlo,0.9256777580918448,RBot,0.8560121028372172,0.2891420180200502,5.570099860176495,"[""state_top_probability_change"", ""state_entropy_change"", ""state_iat_change""]",LOW
3767,CTU49,2011-08-16T21:18:00+00:00,Murlo,0.9959628879406976,RBot,0.9924822290340644,0.0285988116815286,5.385420082917725,"[""state_top_probability_change"", ""state_entropy_change"", ""state_iat_change""]",LOW
3768,CTU49,2011-08-16T21:19:00+00:00,Murlo,0.9984844589756792,RBot,0.9972752082229002,0.0125187814524702,0.7369663394695446,"[""state_fin_rate_change"", ""state_directionality_change"", ""state_iat_change""]",LOW
3769,CTU49,2011-08-16T21:20:00+00:00,Murlo,0.9990136996921416,RBot,0.9982361403638096,0.0086075412465588,0.7599283473193074,"[""state_iat_change"", ""state_directionality_change"", ""state_ack_rate_change""]",LOW
3770,CTU49,2011-08-16T21:21:00+00:00,Murlo,0.9901368974690782,DonBot,0.983833994771354,0.0649646023057402,18.78687415906592,"[""state_syn_rate_change"", ""state_destination_diversity_change"", ""state_packet_rate_change""]",LOW
3771,CTU49,2011-08-16T21:22:00+00:00,Murlo,0.9923921511186428,DonBot,0.986634929122925,0.0504239466528175,6.8375054186149145,"[""state_directionality_change"", ""state_syn_rate_change"", ""state_rst_rate_change""]",LOW
3772,CTU49,2011-08-16T21:23:00+00:00,Murlo,0.9794766793313594,DonBot,0.9668230067949152,0.1216010617688153,9.73778802495156,"[""state_directionality_change"", ""state_syn_rate_change"", ""state_destination_diversity_change""]",LOW
3773,CTU49,2011-08-16T21:24:00+00:00,Murlo,0.9867317916413448,DonBot,0.976585650829764,0.0799154830821449,6.050053851027055,"[""state_directionality_change"", ""state_syn_rate_change"", ""state_port_diversity_change""]",LOW
3774,CTU49,2011-08-16T21:25:00+00:00,Murlo,0.987343551443852,DonBot,0.9777575928526968,0.0769306280179903,7.0239891699006565,"[""state_syn_rate_change"", ""state_destination_diversity_change"", ""state_iat_change""]",LOW
3775,CTU49,2011-08-16T21:26:00+00:00,Murlo,0.9981024139517328,RBot,0.9965564226214136,0.0151644658082336,12.999760259616876,"[""state_syn_rate_change"", ""state_destination_diversity_change"", ""state_directionality_change""]",LOW
3776,CTU49,2011-08-16T21:27:00+00:00,Murlo,0.9800948422256912,RBot,0.9697617515056872,0.1232460482953405,30.29528323017772,"[""state_byte_rate_change"", ""state_ack_rate_change"", ""state_packet_rate_change""]",LOW
3777,CTU49,2011-08-16T21:28:00+00:00,Murlo,0.9727827840775732,RBot,0.960417641504183,0.164422552798595,27.737084063475706,"[""state_byte_rate_change"", ""state_ack_rate_change"", ""state_fin_rate_change""]",LOW
3778,CTU49,2011-08-16T21:29:00+00:00,Murlo,0.999187228308527,RBot,0.9985999225511,0.0073604073295541,57.87728799191231,"[""state_byte_rate_change"", ""state_ack_rate_change"", ""state_packet_rate_change""]",LOW
3779,CTU49,2011-08-16T21:30:00+00:00,Murlo,0.9986610511438896,RBot,0.9976413442397868,0.0113297995872239,0.7545675872767653,"[""state_iat_change"", ""state_directionality_change"", ""state_ack_rate_change""]",LOW
3780,CTU49,2011-08-16T21:31:00+00:00,Murlo,0.956796092283955,RBot,0.9151896144519588,0.1869304036927634,10.033697968221267,"[""state_iat_change"", ""state_top_probability_change"", ""state_entropy_change""]",LOW
3781,CTU49,2011-08-16T21:32:00+00:00,Murlo,0.8583722902800421,RBot,0.7190104218619027,0.422967644679195,13.939331115803183,"[""state_iat_change"", ""state_top_probability_change"", ""state_entropy_change""]",LOW
3782,CTU49,2011-08-16T21:33:00+00:00,Murlo,0.999100649311369,RBot,0.9984134774368094,0.0079833690374464,7.687632391380834,"[""state_top_probability_change"", ""state_entropy_change"", ""state_directionality_change""]",LOW
3783,CTU49,2011-08-16T21:34:00+00:00,Murlo,0.999140660781405,RBot,0.9985198202172768,0.0077359100024633,0.013688194398880997,"[""state_iat_change"", ""state_entropy_change"", ""state_top_probability_change""]",LOW
3784,CTU49,2011-08-16T21:35:00+00:00,Murlo,0.9974897658575927,RBot,0.9955374624264972,0.0195303935621911,7.021276985705732,"[""state_iat_change"", ""state_syn_rate_change"", ""state_rst_rate_change""]",LOW
3785,CTU49,2011-08-16T21:36:00+00:00,Murlo,0.9961374043491832,RBot,0.993112865062194,0.0284775015251583,2.9342516103769882,"[""state_iat_change"", ""state_syn_rate_change"", ""state_directionality_change""]",LOW
3786,CTU49,2011-08-16T21:37:00+00:00,Murlo,0.9990882045391823,RBot,0.998392407794859,0.0080834083367486,4.69678740531412,"[""state_iat_change"", ""state_directionality_change"", ""state_byte_rate_change""]",LOW
3787,CTU49,2011-08-16T21:38:00+00:00,Murlo,0.99906128952221,RBot,0.9983297107227432,0.0082568828836115,0.012333954765307858,"[""state_iat_change"", ""state_entropy_change"", ""state_top_probability_change""]",LOW
3788,CTU49,2011-08-16T21:39:00+00:00,Murlo,0.9991813900727032,RBot,0.9986024645045334,0.0074271830688067,0.02074134824605725,"[""state_iat_change"", ""state_entropy_change"", ""state_top_probability_change""]",LOW
3789,CTU49,2011-08-16T21:40:00+00:00,Murlo,0.9991346402032724,RBot,0.9984817964614304,0.0077320837383715,0.011976001261616668,"[""state_iat_change"", ""state_entropy_change"", ""state_top_probability_change""]",LOW
3790,CTU49,2011-08-16T21:41:00+00:00,Murlo,0.986676830820856,RBot,0.9754549754516356,0.0789615120095103,7.766232173515579,"[""state_iat_change"", ""state_rst_rate_change"", ""state_port_diversity_change""]",LOW
3791,CTU49,2011-08-16T21:42:00+00:00,Murlo,0.999261806258044,RBot,0.9987433751788436,0.0067827936240274,7.783939886991944,"[""state_iat_change"", ""state_rst_rate_change"", ""state_port_diversity_change""]",LOW
3792,CTU49,2011-08-16T21:43:00+00:00,Murlo,0.992241318362162,RBot,0.9856938108721912,0.0502390480836272,2.745195145279054,"[""state_iat_change"", ""state_rst_rate_change"", ""state_port_diversity_change""]",LOW
3793,CTU49,2011-08-16T21:44:00+00:00,Murlo,0.9991258692331464,RBot,0.9984645520093328,0.0077989924728761,2.74028300707692,"[""state_iat_change"", ""state_rst_rate_change"", ""state_port_diversity_change""]",LOW
3794,CTU49,2011-08-16T21:45:00+00:00,Murlo,0.9991644172417972,RBot,0.998604342325168,0.0076208913453677,0.010795933928149544,"[""state_iat_change"", ""state_top_probability_change"", ""state_entropy_change""]",LOW
3795,CTU49,2011-08-16T21:46:00+00:00,Murlo,0.9971411415589312,RBot,0.994950732306352,0.0219810191214911,3.8798728940970553,"[""state_iat_change"", ""state_fin_rate_change"", ""state_directionality_change""]",LOW
3796,CTU49,2011-08-16T21:47:00+00:00,Murlo,0.9976156626167392,RBot,0.9957406946610086,0.0186830885072586,5.171086587916492,"[""state_iat_change"", ""state_fin_rate_change"", ""state_directionality_change""]",LOW
3797,CTU49,2011-08-16T21:48:00+00:00,Murlo,0.9991835757441906,RBot,0.9985846581335006,0.0073744352430987,8.354699068468141,"[""state_iat_change"", ""state_destination_diversity_change"", ""state_port_diversity_change""]",LOW
3798,CTU49,2011-08-16T21:49:00+00:00,Murlo,0.9991748988472297,RBot,0.9985688025823112,0.0074422315277736,0.013608446035495589,"[""state_iat_change"", ""state_entropy_change"", ""state_top_probability_change""]",LOW
3799,CTU49,2011-08-16T21:50:00+00:00,Murlo,0.9980772194365444,RBot,0.9964716711968872,0.0152374471189629,0.8150896820979634,"[""state_iat_change"", ""state_fin_rate_change"", ""state_directionality_change""]",LOW
3800,CTU49,2011-08-16T21:51:00+00:00,Murlo,0.9846273654290062,RBot,0.9705821486356856,0.0856359382399552,6.063698113978135,"[""state_iat_change"", ""state_rst_rate_change"", ""state_top_probability_change""]",LOW
3801,CTU49,2011-08-16T21:52:00+00:00,Murlo,0.980695119449994,RBot,0.9637876504969451,0.1051084993435435,3.704561121420627,"[""state_iat_change"", ""state_rst_rate_change"", ""state_syn_rate_change""]",LOW
3802,CTU49,2011-08-16T21:53:00+00:00,Murlo,0.997356069827163,RBot,0.9952911153351915,0.0204809695658513,7.9935154225385014,"[""state_iat_change"", ""state_rst_rate_change"", ""state_top_probability_change""]",LOW
3803,CTU49,2011-08-16T21:54:00+00:00,Murlo,0.9957744673428476,RBot,0.9924534594532572,0.0307357542227452,5.815364527360568,"[""state_iat_change"", ""state_ack_rate_change"", ""state_byte_rate_change""]",LOW
3804,CTU49,2011-08-16T21:55:00+00:00,Murlo,0.998696522346938,RBot,0.9976612521612802,0.0109767722227271,3.6802798262921113,"[""state_iat_change"", ""state_port_diversity_change"", ""state_byte_rate_change""]",LOW
3805,CTU49,2011-08-16T21:56:00+00:00,Murlo,0.9991549228311326,RBot,0.9985769270021184,0.0076817513199789,0.5308649012902258,"[""state_iat_change"", ""state_entropy_change"", ""state_top_probability_change""]",LOW
3806,CTU49,2011-08-16T21:57:00+00:00,Murlo,0.9985606173286518,RBot,0.9974327092788144,0.0120134264518984,0.7758327856092532,"[""state_iat_change"", ""state_directionality_change"", ""state_ack_rate_change""]",LOW
3807,CTU49,2011-08-16T21:58:00+00:00,Murlo,0.9986677702280234,RBot,0.9976316402979724,0.0112373534702002,0.2127384026636665,"[""state_directionality_change"", ""state_ack_rate_change"", ""state_iat_change""]",LOW
3808,CTU49,2011-08-16T21:59:00+00:00,Murlo,0.9990136996921416,RBot,0.9982361403638096,0.0086075412465588,0.556338428964955,"[""state_iat_change"", ""state_entropy_change"", ""state_top_probability_change""]",LOW
3809,CTU49,2011-08-16T22:00:00+00:00,Murlo,0.9786898292430564,DonBot,0.966695717780418,0.1269896821837625,10.633783258032304,"[""state_syn_rate_change"", ""state_iat_change"", ""state_destination_diversity_change""]",LOW
3810,CTU49,2011-08-16T22:01:00+00:00,Murlo,0.9894588488932076,DonBot,0.9827201868840671,0.0692428250772637,10.961884963170311,"[""state_syn_rate_change"", ""state_destination_diversity_change"", ""state_iat_change""]",LOW
3811,CTU49,2011-08-16T22:02:00+00:00,Murlo,0.9768085531491414,RBot,0.962608722632191,0.1303678955511351,3.9924572666097653,"[""state_directionality_change"", ""state_syn_rate_change"", ""state_rst_rate_change""]",LOW
3812,CTU49,2011-08-16T22:03:00+00:00,Murlo,0.9908558472648816,DonBot,0.9855259399763188,0.060738890714154,2.7717206510709764,"[""state_directionality_change"", ""state_fin_rate_change"", ""state_top_probability_change""]",LOW
3813,CTU49,2011-08-16T22:04:00+00:00,Murlo,0.9912656307031036,DonBot,0.9849811911558504,0.0572269031863064,1.4364010713243258,"[""state_directionality_change"", ""state_fin_rate_change"", ""state_syn_rate_change""]",LOW
3814,CTU49,2011-08-16T22:05:00+00:00,Murlo,0.9682789844168138,DonBot,0.9460243088363732,0.1667146219228242,14.779729388397678,"[""state_syn_rate_change"", ""state_destination_diversity_change"", ""state_packet_rate_change""]",LOW
3815,CTU49,2011-08-16T22:06:00+00:00,Murlo,0.998106725792662,RBot,0.9967542413502886,0.0155454611936449,10.302917265304592,"[""state_iat_change"", ""state_syn_rate_change"", ""state_top_probability_change""]",LOW
3816,CTU49,2011-08-16T22:07:00+00:00,Murlo,0.9791872475649556,RBot,0.9645561092738072,0.1218101361523028,34.062620543056916,"[""state_byte_rate_change"", ""state_iat_change"", ""state_ack_rate_change""]",LOW
3817,CTU49,2011-08-16T22:08:00+00:00,Murlo,0.9977689831004524,RBot,0.9963282965943876,0.0180218215676679,30.039968889694507,"[""state_byte_rate_change"", ""state_ack_rate_change"", ""state_packet_rate_change""]",LOW
3818,CTU49,2011-08-16T22:09:00+00:00,Murlo,0.9975067229942244,RBot,0.9955340551977818,0.0194057559129754,1.0769156131652442,"[""state_iat_change"", ""state_rst_rate_change"", ""state_directionality_change""]",LOW
3819,CTU49,2011-08-16T22:10:00+00:00,Murlo,0.9991979597194788,RBot,0.9986680165211804,0.007344649283826,2.0564213187047806,"[""state_iat_change"", ""state_directionality_change"", ""state_ack_rate_change""]",LOW
3820,CTU49,2011-08-16T22:11:00+00:00,Murlo,0.9987876893311805,RBot,0.9978422544028964,0.0103377726184786,0.6873617970971416,"[""state_iat_change"", ""state_directionality_change"", ""state_ack_rate_change""]",LOW
3821,CTU49,2011-08-16T22:12:00+00:00,Murlo,0.9966768248377108,RBot,0.9939710765114514,0.0247103489948009,4.887307541526373,"[""state_iat_change"", ""state_fin_rate_change"", ""state_byte_rate_change""]",LOW
3822,CTU49,2011-08-16T22:13:00+00:00,Murlo,0.9985965268589396,RBot,0.997537169319224,0.0118244318083731,4.836642860803813,"[""state_iat_change"", ""state_syn_rate_change"", ""state_fin_rate_change""]",LOW
3823,CTU49,2011-08-16T22:14:00+00:00,Murlo,0.9985653537340856,RBot,0.9974945683138474,0.0120844294107681,0.4668548621065754,"[""state_syn_rate_change"", ""state_iat_change"", ""state_directionality_change""]",LOW
3824,CTU49,2011-08-16T22:15:00+00:00,Murlo,0.999100649311369,RBot,0.9984134774368094,0.0079833690374464,0.6984099037289998,"[""state_iat_change"", ""state_ack_rate_change"", ""state_byte_rate_change""]",LOW
3825,CTU49,2011-08-16T22:16:00+00:00,Murlo,0.9978912433156848,RBot,0.9962918519183374,0.0169199430720982,3.2584005908002673,"[""state_iat_change"", ""state_destination_diversity_change"", ""state_port_diversity_change""]",LOW
3826,CTU49,2011-08-16T22:17:00+00:00,Murlo,0.9992433724007436,RBot,0.998709090200078,0.0069292152863447,3.2698144689148223,"[""state_iat_change"", ""state_destination_diversity_change"", ""state_port_diversity_change""]",LOW
3827,CTU49,2011-08-16T22:18:00+00:00,Murlo,0.9983981338699924,RBot,0.9971403743644291,0.0131856247714475,0.8783002562731553,"[""state_iat_change"", ""state_syn_rate_change"", ""state_directionality_change""]",LOW
3828,CTU49,2011-08-16T22:19:00+00:00,Murlo,0.999043984502933,RBot,0.9982984035000912,0.0083922730054419,0.8720571553398999,"[""state_iat_change"", ""state_syn_rate_change"", ""state_directionality_change""]",LOW
3829,CTU49,2011-08-16T22:20:00+00:00,Murlo,0.9992213119191934,RBot,0.9987099577524556,0.0071688681543583,0.019768852907924846,"[""state_iat_change"", ""state_entropy_change"", ""state_top_probability_change""]",LOW
3830,CTU49,2011-08-16T22:21:00+00:00,Murlo,0.9989180965239328,RBot,0.9980447301755416,0.0092896110237518,0.030652533930783373,"[""state_iat_change"", ""state_entropy_change"", ""state_top_probability_change""]",LOW
3831,CTU49,2011-08-16T22:22:00+00:00,Murlo,0.9991344018874262,RBot,0.9984918360440672,0.0077441488810696,0.22022530223521905,"[""state_directionality_change"", ""state_iat_change"", ""state_ack_rate_change""]",LOW
3832,CTU49,2011-08-16T22:23:00+00:00,Murlo,0.8995922658785656,RBot,0.8016720188702964,0.3405888172114126,5.999711494042625,"[""state_top_probability_change"", ""state_entropy_change"", ""state_iat_change""]",LOW
3833,CTU49,2011-08-16T22:24:00+00:00,Murlo,0.9913953101491616,RBot,0.9838260456836676,0.0540767152784535,5.595839827647542,"[""state_top_probability_change"", ""state_entropy_change"", ""state_iat_change""]",LOW
3834,CTU49,2011-08-16T22:25:00+00:00,Murlo,0.998509770622629,RBot,0.997312570962866,0.0123148981155616,1.5218134664602554,"[""state_fin_rate_change"", ""state_top_probability_change"", ""state_directionality_change""]",LOW
3835,CTU49,2011-08-16T22:26:00+00:00,Murlo,0.9990136996921416,RBot,0.9982361403638096,0.0086075412465588,0.8278888349539063,"[""state_iat_change"", ""state_fin_rate_change"", ""state_directionality_change""]",LOW
3836,CTU49,2011-08-16T22:27:00+00:00,Murlo,0.9990542566749762,RBot,0.9983175052178486,0.0083144509510016,0.011503578659546118,"[""state_iat_change"", ""state_entropy_change"", ""state_top_probability_change""]",LOW
3837,CTU49,2011-08-16T22:28:00+00:00,Murlo,0.9990136996921416,RBot,0.9982361403638096,0.0086075412465588,0.013734057757684819,"[""state_iat_change"", ""state_entropy_change"", ""state_top_probability_change""]",LOW
3838,CTU49,2011-08-16T22:29:00+00:00,Murlo,0.99770101160197,RBot,0.995918388755574,0.0181637443063646,2.2024017475015967,"[""state_iat_change"", ""state_syn_rate_change"", ""state_directionality_change""]",LOW
3839,CTU49,2011-08-16T22:30:00+00:00,Murlo,0.9990024660871674,RBot,0.998341370430437,0.0089240604335259,2.1894579630022375,"[""state_iat_change"", ""state_syn_rate_change"", ""state_directionality_change""]",LOW
3840,CTU49,2011-08-16T22:31:00+00:00,Murlo,0.999140660781405,RBot,0.9985198202172768,0.0077359100024633,0.02119598560809823,"[""state_iat_change"", ""state_entropy_change"", ""state_top_probability_change""]",LOW
3841,CTU49,2011-08-16T22:32:00+00:00,Murlo,0.9871295098930252,RBot,0.9753861184094512,0.0742254654854865,1.8192368670654504,"[""state_top_probability_change"", ""state_entropy_change"", ""state_iat_change""]",LOW
3842,CTU49,2011-08-16T22:33:00+00:00,Murlo,0.9990909496215304,RBot,0.9983955419854535,0.0080576532727607,1.815951536884998,"[""state_top_probability_change"", ""state_iat_change"", ""state_entropy_change""]",LOW
3843,CTU49,2011-08-16T22:34:00+00:00,Murlo,0.9989436383845476,RBot,0.998133617791538,0.009186269537977,0.5053257595058854,"[""state_iat_change"", ""state_entropy_change"", ""state_top_probability_change""]",LOW
3844,CTU49,2011-08-16T22:35:00+00:00,Murlo,0.9986040010717356,RBot,0.9974983871954246,0.0116663173677023,0.05129460054263189,"[""state_iat_change"", ""state_entropy_change"", ""state_top_probability_change""]",LOW
3845,CTU49,2011-08-16T22:36:00+00:00,Murlo,0.9979801971405412,RBot,0.9964966629215608,0.0163687176141865,4.357124979337596,"[""state_iat_change"", ""state_destination_diversity_change"", ""state_port_diversity_change""]",LOW
3846,CTU49,2011-08-16T22:37:00+00:00,Murlo,0.9990909496215304,RBot,0.9983955419854535,0.0080576532727607,4.90704331246663,"[""state_iat_change"", ""state_destination_diversity_change"", ""state_port_diversity_change""]",LOW
3847,CTU49,2011-08-16T22:38:00+00:00,Murlo,0.9991856833068788,RBot,0.9985905653034208,0.0073602169523881,0.0151658726701131,"[""state_iat_change"", ""state_entropy_change"", ""state_top_probability_change""]",LOW
3848,CTU49,2011-08-16T22:39:00+00:00,Murlo,0.9990882045391823,RBot,0.998392407794859,0.0080834083367486,0.020023555545899324,"[""state_iat_change"", ""state_entropy_change"", ""state_top_probability_change""]",LOW
3849,CTU49,2011-08-16T22:40:00+00:00,Murlo,0.990551866845339,DonBot,0.9839985452887298,0.0618782298037476,16.215185949469994,"[""state_syn_rate_change"", ""state_destination_diversity_change"", ""state_packet_rate_change""]",LOW
3850,CTU49,2011-08-16T22:41:00+00:00,Murlo,0.993598379440608,DonBot,0.9890097258556678,0.0439188102239262,6.216560192385063,"[""state_directionality_change"", ""state_destination_diversity_change"", ""state_rst_rate_change""]",LOW
3851,CTU49,2011-08-16T22:42:00+00:00,Murlo,0.9888234590181328,DonBot,0.9825550030695528,0.0739681907853366,6.877123601732236,"[""state_directionality_change"", ""state_syn_rate_change"", ""state_port_diversity_change""]",LOW
3852,CTU49,2011-08-16T22:43:00+00:00,Murlo,0.9814988303719124,RBot,0.9715978595421626,0.1085265290930799,8.735283294995877,"[""state_directionality_change"", ""state_syn_rate_change"", ""state_port_diversity_change""]",LOW
3853,CTU49,2011-08-16T22:44:00+00:00,Murlo,0.9834027579182544,DonBot,0.9725210663666356,0.0982583834929303,6.409463516183467,"[""state_syn_rate_change"", ""state_destination_diversity_change"", ""state_packet_rate_change""]",LOW
3854,CTU49,2011-08-16T22:45:00+00:00,Murlo,0.9976572088215336,RBot,0.995826793396076,0.0184334519447819,14.132350435773889,"[""state_syn_rate_change"", ""state_directionality_change"", ""state_destination_diversity_change""]",LOW
3855,CTU49,2011-08-16T22:46:00+00:00,Murlo,0.998509770622629,RBot,0.997312570962866,0.0123148981155616,1.7675862210279218,"[""state_iat_change"", ""state_syn_rate_change"", ""state_fin_rate_change""]",LOW
3856,CTU49,2011-08-16T22:47:00+00:00,Murlo,0.9583905412023006,RBot,0.9414820382384216,0.2320451790474202,58.026685272593404,"[""state_byte_rate_change"", ""state_ack_rate_change"", ""state_packet_rate_change""]",LOW
3857,CTU49,2011-08-16T22:48:00+00:00,Murlo,0.9989367201875384,RBot,0.9980857008767626,0.0091673304499633,57.863462932971146,"[""state_byte_rate_change"", ""state_ack_rate_change"", ""state_packet_rate_change""]",LOW
3858,CTU49,2011-08-16T22:49:00+00:00,Murlo,0.9990136996921416,RBot,0.9982361403638096,0.0086075412465588,0.013743425140488616,"[""state_iat_change"", ""state_entropy_change"", ""state_top_probability_change""]",LOW
3859,CTU49,2011-08-16T22:50:00+00:00,Murlo,0.9982820475970248,RBot,0.9971277176442308,0.0143652755828106,0.7241991810645297,"[""state_iat_change"", ""state_ack_rate_change"", ""state_byte_rate_change""]",LOW
3860,CTU49,2011-08-16T22:51:00+00:00,Murlo,0.9983321688879092,RBot,0.9970020100288064,0.0136204979516569,0.027248713784293527,"[""state_iat_change"", ""state_entropy_change"", ""state_top_probability_change""]",LOW
3861,CTU49,2011-08-16T22:52:00+00:00,Murlo,0.9974134059163384,RBot,0.995454622093999,0.0202248526835224,1.3805522629335625,"[""state_iat_change"", ""state_destination_diversity_change"", ""state_port_diversity_change""]",LOW
3862,CTU49,2011-08-16T22:53:00+00:00,Murlo,0.998484923321837,RBot,0.9972643474064504,0.0124893221674418,1.3850569230993084,"[""state_iat_change"", ""state_destination_diversity_change"", ""state_port_diversity_change""]",LOW
3863,CTU49,2011-08-16T22:54:00+00:00,Murlo,0.9992550690156828,RBot,0.9987340363130198,0.0068401223244897,0.7739188169374698,"[""state_iat_change"", ""state_directionality_change"", ""state_ack_rate_change""]",LOW
3864,CTU49,2011-08-16T22:55:00+00:00,Murlo,0.9989699679461684,RBot,0.9981514993675762,0.0089266210944989,0.03222155896198799,"[""state_iat_change"", ""state_entropy_change"", ""state_top_probability_change""]",LOW
3865,CTU49,2011-08-16T22:56:00+00:00,Murlo,0.9985603723109104,RBot,0.9974780977595546,0.012103505942184,0.8723765400144986,"[""state_iat_change"", ""state_syn_rate_change"", ""state_directionality_change""]",LOW
3866,CTU49,2011-08-16T22:57:00+00:00,Murlo,0.995216286794287,RBot,0.9910725531185798,0.0331028161664446,0.7087991782683064,"[""state_syn_rate_change"", ""state_iat_change"", ""state_entropy_change""]",LOW
3867,CTU49,2011-08-16T22:58:00+00:00,Murlo,0.9992265348889902,RBot,0.9987241633894588,0.0071323823411438,0.9964522617600245,"[""state_iat_change"", ""state_entropy_change"", ""state_top_probability_change""]",LOW
3868,CTU49,2011-08-16T22:59:00+00:00,Murlo,0.997556530408943,RBot,0.995766883939516,0.0193274759376527,2.9445451201580646,"[""state_iat_change"", ""state_byte_rate_change"", ""state_destination_diversity_change""]",LOW
3869,CTU49,2011-08-16T23:00:00+00:00,Murlo,0.9977311357282131,RBot,0.9959700812724808,0.0179256682338816,1.9344857529513069,"[""state_iat_change"", ""state_fin_rate_change"", ""state_byte_rate_change""]",LOW
3870,CTU49,2011-08-16T23:01:00+00:00,Murlo,0.997078139219128,RBot,0.994667328486314,0.0219503423767874,1.6528840333501893,"[""state_iat_change"", ""state_directionality_change"", ""state_rst_rate_change""]",LOW
3871,CTU49,2011-08-16T23:02:00+00:00,Murlo,0.9990711287545806,RBot,0.9983494450729452,0.0081862988520484,1.409391259159566,"[""state_iat_change"", ""state_rst_rate_change"", ""state_port_diversity_change""]",LOW
3872,CTU49,2011-08-16T23:03:00+00:00,Murlo,0.9989896542090948,RBot,0.998203521224942,0.0088175708188164,0.018774486931636997,"[""state_iat_change"", ""state_entropy_change"", ""state_top_probability_change""]",LOW
3873,CTU49,2011-08-16T23:04:00+00:00,Murlo,0.9986998241927232,RBot,0.9977172716866932,0.0110557440573495,0.7187271442823017,"[""state_iat_change"", ""state_directionality_change"", ""state_ack_rate_change""]",LOW
3874,CTU49,2011-08-16T23:05:00+00:00,Murlo,0.999024339299672,RBot,0.9982559879376544,0.0085274605242312,0.7123493101315646,"[""state_iat_change"", ""state_directionality_change"", ""state_ack_rate_change""]",LOW
3875,CTU49,2011-08-16T23:06:00+00:00,Murlo,0.999023134724154,RBot,0.9982550702452554,0.0085400869311939,0.01114060798794224,"[""state_iat_change"", ""state_entropy_change"", ""state_top_probability_change""]",LOW
3876,CTU49,2011-08-16T23:07:00+00:00,Murlo,0.999024339299672,RBot,0.9982559879376544,0.0085274605242312,0.008971936651965572,"[""state_iat_change"", ""state_entropy_change"", ""state_top_probability_change""]",LOW
3877,CTU49,2011-08-16T23:08:00+00:00,Murlo,0.837997510973804,RBot,0.6811135691614725,0.4726333171161639,8.527152276560143,"[""state_top_probability_change"", ""state_entropy_change"", ""state_ack_rate_change""]",LOW
3878,CTU49,2011-08-16T23:09:00+00:00,Murlo,0.9958013257262468,RBot,0.9921519005913568,0.0295004622013377,8.916319465917123,"[""state_top_probability_change"", ""state_entropy_change"", ""state_iat_change""]",LOW
3879,CTU49,2011-08-16T23:10:00+00:00,Murlo,0.9990267810142284,RBot,0.998273914255362,0.008538945377037,1.1255285257196082,"[""state_iat_change"", ""state_fin_rate_change"", ""state_entropy_change""]",LOW
3880,CTU49,2011-08-16T23:11:00+00:00,Murlo,0.9992093598390118,RBot,0.9986467828638348,0.007188560266253,0.2185504428528434,"[""state_directionality_change"", ""state_iat_change"", ""state_ack_rate_change""]",LOW
3881,CTU49,2011-08-16T23:12:00+00:00,Murlo,0.9979036954214114,RBot,0.9962931919606348,0.0167946944225922,1.0899912356639312,"[""state_iat_change"", ""state_destination_diversity_change"", ""state_port_diversity_change""]",LOW
3882,CTU49,2011-08-16T23:13:00+00:00,Murlo,0.9991531732808832,RBot,0.9985191501934124,0.0075929690404301,1.0643202092947839,"[""state_iat_change"", ""state_destination_diversity_change"", ""state_port_diversity_change""]",LOW
3883,CTU49,2011-08-16T23:14:00+00:00,Murlo,0.9990369078350444,RBot,0.9982942239145874,0.0084665971610726,0.02119497684782519,"[""state_iat_change"", ""state_entropy_change"", ""state_top_probability_change""]",LOW
3884,CTU49,2011-08-16T23:15:00+00:00,Murlo,0.9984275427466728,RBot,0.9971574322652538,0.0128960266749896,0.8074752768244554,"[""state_iat_change"", ""state_fin_rate_change"", ""state_directionality_change""]",LOW
3885,CTU49,2011-08-16T23:16:00+00:00,Murlo,0.9984844589756792,RBot,0.9972752082229002,0.0125187814524702,0.2791076176378528,"[""state_fin_rate_change"", ""state_iat_change"", ""state_byte_rate_change""]",LOW
3886,CTU49,2011-08-16T23:17:00+00:00,Murlo,0.9990571320380248,RBot,0.9983328654494208,0.0083136462492395,0.7296721185124545,"[""state_iat_change"", ""state_directionality_change"", ""state_ack_rate_change""]",LOW
3887,CTU49,2011-08-16T23:18:00+00:00,Murlo,0.989456184000384,RBot,0.98019268000911,0.0641651434996223,3.3909528648657274,"[""state_iat_change"", ""state_fin_rate_change"", ""state_top_probability_change""]",LOW
3888,CTU49,2011-08-16T23:19:00+00:00,Murlo,0.9874379710706316,DonBot,0.9791132063858576,0.0800822588053946,8.15617169737798,"[""state_syn_rate_change"", ""state_destination_diversity_change"", ""state_rst_rate_change""]",LOW
3889,CTU49,2011-08-16T23:20:00+00:00,Murlo,0.9933793255263228,DonBot,0.9891169826432226,0.0458660117319014,9.134070150216727,"[""state_syn_rate_change"", ""state_destination_diversity_change"", ""state_directionality_change""]",LOW
3890,CTU49,2011-08-16T23:21:00+00:00,Murlo,0.9898639037414512,DonBot,0.9825459411945976,0.064795012314558,2.897590528292356,"[""state_syn_rate_change"", ""state_destination_diversity_change"", ""state_fin_rate_change""]",LOW
3891,CTU49,2011-08-16T23:22:00+00:00,Murlo,0.992157993723794,DonBot,0.9866490598628788,0.0525168889642288,1.2136695044444028,"[""state_fin_rate_change"", ""state_rst_rate_change"", ""state_ack_rate_change""]",LOW
3892,CTU49,2011-08-16T23:23:00+00:00,Murlo,0.9721916912056136,DonBot,0.9515136683717051,0.148854078791614,4.077330118395987,"[""state_directionality_change"", ""state_top_probability_change"", ""state_entropy_change""]",LOW
3893,CTU49,2011-08-16T23:24:00+00:00,Murlo,0.9689000521794144,DonBot,0.947739578385868,0.1650384218882327,19.70764802699766,"[""state_syn_rate_change"", ""state_iat_change"", ""state_destination_diversity_change""]",LOW
3894,CTU49,2011-08-16T23:25:00+00:00,Murlo,0.999256412919234,RBot,0.9987323464819582,0.0068236477868282,9.906502801736407,"[""state_iat_change"", ""state_syn_rate_change"", ""state_top_probability_change""]",LOW
3895,CTU49,2011-08-16T23:26:00+00:00,Murlo,0.9898720950359544,RBot,0.9845730018631828,0.0699885485485874,28.301617927436983,"[""state_byte_rate_change"", ""state_ack_rate_change"", ""state_packet_rate_change""]",LOW
3896,CTU49,2011-08-16T23:27:00+00:00,Murlo,0.9977605362081694,RBot,0.9960710465421446,0.0177957759775117,36.23537408769557,"[""state_iat_change"", ""state_byte_rate_change"", ""state_ack_rate_change""]",LOW
3897,CTU49,2011-08-16T23:28:00+00:00,Murlo,0.9783744316768962,RBot,0.9577049016511824,0.1094413388351805,9.633027622061968,"[""state_iat_change"", ""state_top_probability_change"", ""state_entropy_change""]",LOW
3898,CTU49,2011-08-16T23:29:00+00:00,Murlo,0.6774732959314123,RBot,0.358328341463394,0.6523657179620574,18.425951086917944,"[""state_top_probability_change"", ""state_iat_change"", ""state_entropy_change""]",MEDIUM
3899,CTU49,2011-08-16T23:30:00+00:00,Murlo,0.9915466080362212,RBot,0.9841742934811804,0.053494862725666,18.304046343712667,"[""state_top_probability_change"", ""state_iat_change"", ""state_entropy_change""]",LOW
3900,CTU49,2011-08-16T23:31:00+00:00,Murlo,0.9970466208062876,RBot,0.9946267639509854,0.0222808185400663,1.8450757813389356,"[""state_iat_change"", ""state_fin_rate_change"", ""state_ack_rate_change""]",LOW
3901,CTU49,2011-08-16T23:32:00+00:00,Murlo,0.9967340667860342,RBot,0.994224970524342,0.0247056069633775,2.214592547709344,"[""state_iat_change"", ""state_directionality_change"", ""state_syn_rate_change""]",LOW
3902,CTU49,2011-08-16T23:33:00+00:00,Murlo,0.9938739026938264,RBot,0.9888644206941924,0.0417368976110818,6.506142292784472,"[""state_iat_change"", ""state_directionality_change"", ""state_port_diversity_change""]",LOW
3903,CTU49,2011-08-16T23:34:00+00:00,Murlo,0.99738541364584,RBot,0.995282146977566,0.0200282064881998,2.779375328307927,"[""state_iat_change"", ""state_directionality_change"", ""state_syn_rate_change""]",LOW
3904,CTU49,2011-08-16T23:35:00+00:00,Murlo,0.9980526606930954,RBot,0.9967645480982964,0.0160884428798516,8.440296939898237,"[""state_iat_change"", ""state_directionality_change"", ""state_fin_rate_change""]",LOW
3905,CTU49,2011-08-16T23:36:00+00:00,Murlo,0.999186290267104,RBot,0.9985877076057084,0.0073489536747404,1.3903233564439537,"[""state_iat_change"", ""state_destination_diversity_change"", ""state_port_diversity_change""]",LOW
3906,CTU49,2011-08-16T23:37:00+00:00,Murlo,0.9886527347718708,RBot,0.9782655631497728,0.0667154623944127,5.505407274858403,"[""state_iat_change"", ""state_directionality_change"", ""state_top_probability_change""]",LOW
3907,CTU49,2011-08-16T23:38:00+00:00,Murlo,0.9984987945189764,RBot,0.9973451695105664,0.0125086038803603,5.037025263830337,"[""state_iat_change"", ""state_directionality_change"", ""state_top_probability_change""]",LOW
3908,CTU49,2011-08-16T23:39:00+00:00,Murlo,0.9715044901683628,RBot,0.9439996432932046,0.1351327964183401,2.004189065110386,"[""state_top_probability_change"", ""state_entropy_change"", ""state_syn_rate_change""]",LOW
3909,CTU49,2011-08-16T23:40:00+00:00,Murlo,0.8658755651368211,RBot,0.7340471209867655,0.4092566887780594,6.852998235373405,"[""state_top_probability_change"", ""state_entropy_change"", ""state_iat_change""]",LOW
3910,CTU49,2011-08-16T23:41:00+00:00,Murlo,0.9992355098911893,RBot,0.9987137942189306,0.0070213874063905,7.435733883587493,"[""state_top_probability_change"", ""state_entropy_change"", ""state_directionality_change""]",LOW
3911,CTU49,2011-08-16T23:42:00+00:00,Murlo,0.99923611198723,RBot,0.9987417197520466,0.0070604300796398,0.015551933958665857,"[""state_iat_change"", ""state_entropy_change"", ""state_top_probability_change""]",LOW
3912,CTU49,2011-08-16T23:43:00+00:00,Murlo,0.9990542566749762,RBot,0.9983175052178486,0.0083144509510016,0.022751059413134045,"[""state_iat_change"", ""state_entropy_change"", ""state_top_probability_change""]",LOW
3913,CTU49,2011-08-16T23:44:00+00:00,Murlo,0.9990832284535752,RBot,0.9984313405345284,0.0082208996099996,0.007495204363968884,"[""state_iat_change"", ""state_top_probability_change"", ""state_entropy_change""]",LOW
3914,CTU49,2011-08-16T23:45:00+00:00,Murlo,0.9989049905335812,RBot,0.9980264452635575,0.0093994374115912,0.013775936261078205,"[""state_entropy_change"", ""state_top_probability_change"", ""state_iat_change""]",LOW
3915,CTU49,2011-08-16T23:46:00+00:00,Murlo,0.9991815451918904,RBot,0.9985906280903636,0.0074075765640508,0.035855206272543495,"[""state_iat_change"", ""state_entropy_change"", ""state_top_probability_change""]",LOW
3916,CTU49,2011-08-16T23:47:00+00:00,Murlo,0.9978265372540134,RBot,0.9962109357215164,0.0174338122458489,10.016132313397575,"[""state_iat_change"", ""state_destination_diversity_change"", ""state_port_diversity_change""]",LOW
3917,CTU49,2011-08-16T23:48:00+00:00,Murlo,0.9990010418009422,RBot,0.9983468167306004,0.0089507096422332,9.994203857778068,"[""state_iat_change"", ""state_destination_diversity_change"", ""state_port_diversity_change""]",LOW
3918,CTU49,2011-08-16T23:49:00+00:00,Murlo,0.9991947391939092,RBot,0.9986177489807226,0.0073078418050988,0.018558516374916834,"[""state_entropy_change"", ""state_top_probability_change"", ""state_iat_change""]",LOW
3919,CTU49,2011-08-16T23:50:00+00:00,Murlo,0.998569057160392,RBot,0.997494095059928,0.012040885655773,0.8986078294842619,"[""state_iat_change"", ""state_syn_rate_change"", ""state_directionality_change""]",LOW
3920,CTU49,2011-08-16T23:51:00+00:00,Murlo,0.998169161320714,RBot,0.9966752078380224,0.0146945602970124,0.4341670934160174,"[""state_syn_rate_change"", ""state_directionality_change"", ""state_ack_rate_change""]",LOW
3921,CTU49,2011-08-16T23:52:00+00:00,Murlo,0.9989815251525168,RBot,0.998178364906792,0.0088514414020548,0.7523520477620967,"[""state_iat_change"", ""state_ack_rate_change"", ""state_byte_rate_change""]",LOW
3922,CTU49,2011-08-16T23:53:00+00:00,Murlo,0.9990602881133248,RBot,0.998325704478198,0.0082612893196197,0.022853235089807467,"[""state_iat_change"", ""state_entropy_change"", ""state_top_probability_change""]",LOW
3923,CTU49,2011-08-16T23:54:00+00:00,Murlo,0.9931866167744982,RBot,0.9871216029911952,0.0441887749727532,1.615241031466781,"[""state_iat_change"", ""state_top_probability_change"", ""state_entropy_change""]",LOW
3924,CTU49,2011-08-16T23:55:00+00:00,Murlo,0.999256412919234,RBot,0.9987323464819582,0.0068236477868282,1.6194107944689435,"[""state_iat_change"", ""state_top_probability_change"", ""state_entropy_change""]",LOW
3925,CTU49,2011-08-16T23:56:00+00:00,Murlo,0.998957914195209,RBot,0.9982668698993148,0.0092690014269199,0.02758134034502425,"[""state_entropy_change"", ""state_top_probability_change"", ""state_iat_change""]",LOW
3926,CTU49,2011-08-16T23:57:00+00:00,Murlo,0.9990346420445654,RBot,0.998284057402988,0.0084709178615226,0.021589708139361546,"[""state_iat_change"", ""state_entropy_change"", ""state_top_probability_change""]",LOW
3927,CTU49,2011-08-16T23:58:00+00:00,Murlo,0.9989395070688034,RBot,0.9980889636349624,0.0091413399862799,0.010641253076758617,"[""state_iat_change"", ""state_entropy_change"", ""state_top_probability_change""]",LOW
3928,CTU49,2011-08-16T23:59:00+00:00,Murlo,0.9869214200385928,DonBot,0.9782869497234596,0.0818946449866865,16.178426160593382,"[""state_syn_rate_change"", ""state_destination_diversity_change"", ""state_packet_rate_change""]",LOW
3929,CTU49,2011-08-17T00:00:00+00:00,Murlo,0.9938027692632716,DonBot,0.9892785652675344,0.0426160419483707,5.878601571431358,"[""state_directionality_change"", ""state_syn_rate_change"", ""state_destination_diversity_change""]",LOW
3930,CTU49,2011-08-17T00:01:00+00:00,Murlo,0.9931171988276316,DonBot,0.9888091725795364,0.0480987521402114,4.421139664951255,"[""state_directionality_change"", ""state_port_diversity_change"", ""state_syn_rate_change""]",LOW
3931,CTU49,2011-08-17T00:02:00+00:00,Murlo,0.9821387984332676,RBot,0.9725112501827337,0.1054384978545721,7.374322325958725,"[""state_directionality_change"", ""state_port_diversity_change"", ""state_syn_rate_change""]",LOW
3932,CTU49,2011-08-17T00:03:00+00:00,Murlo,0.9704137312009145,DonBot,0.950625403844018,0.1583389488780705,7.212325087174377,"[""state_syn_rate_change"", ""state_destination_diversity_change"", ""state_iat_change""]",LOW
3933,CTU49,2011-08-17T00:04:00+00:00,Murlo,0.999100649311369,RBot,0.9984134774368094,0.0079833690374464,17.568157458440197,"[""state_syn_rate_change"", ""state_directionality_change"", ""state_destination_diversity_change""]",LOW
3934,CTU49,2011-08-17T00:05:00+00:00,Murlo,0.9991367960342052,RBot,0.998552203486964,0.0078267441340574,0.008220601459930591,"[""state_iat_change"", ""state_top_probability_change"", ""state_entropy_change""]",LOW
3935,CTU49,2011-08-17T00:06:00+00:00,Murlo,0.9912217188979192,RBot,0.9859943081939512,0.0607949578247828,27.802947502473618,"[""state_byte_rate_change"", ""state_ack_rate_change"", ""state_packet_rate_change""]",LOW
3936,CTU49,2011-08-17T00:07:00+00:00,Murlo,0.9991776337418936,RBot,0.9985718764286228,0.0074165823475517,27.81923345670096,"[""state_byte_rate_change"", ""state_ack_rate_change"", ""state_packet_rate_change""]",LOW
3937,CTU49,2011-08-17T00:08:00+00:00,Murlo,0.9992209127448644,RBot,0.9986837963519748,0.0071335893860661,0.009199065708476326,"[""state_iat_change"", ""state_entropy_change"", ""state_top_probability_change""]",LOW
3938,CTU49,2011-08-17T00:09:00+00:00,Murlo,0.9990485916202524,RBot,0.998392280262493,0.0085193080357013,0.016382737973482234,"[""state_entropy_change"", ""state_top_probability_change"", ""state_iat_change""]",LOW
3939,CTU49,2011-08-17T00:10:00+00:00,Murlo,0.998427699115767,RBot,0.9971497897527308,0.0128726004011391,0.8276374647416214,"[""state_iat_change"", ""state_fin_rate_change"", ""state_directionality_change""]",LOW
3940,CTU49,2011-08-17T00:11:00+00:00,Murlo,0.9972827001863735,RBot,0.9952387792472152,0.0211226665914573,7.42610221005375,"[""state_iat_change"", ""state_syn_rate_change"", ""state_fin_rate_change""]",LOW
3941,CTU49,2011-08-17T00:12:00+00:00,Murlo,0.999024339299672,RBot,0.9982559879376544,0.0085274605242312,7.84050269864565,"[""state_iat_change"", ""state_syn_rate_change"", ""state_directionality_change""]",LOW
3942,CTU49,2011-08-17T00:13:00+00:00,Murlo,0.999247813820951,RBot,0.9987331606214632,0.0069180379622714,0.016909056541196964,"[""state_entropy_change"", ""state_top_probability_change"", ""state_iat_change""]",LOW
3943,CTU49,2011-08-17T00:14:00+00:00,Murlo,0.9991502806530312,RBot,0.9985245759316562,0.007631665185577,0.008880603260865995,"[""state_entropy_change"", ""state_top_probability_change"", ""state_iat_change""]",LOW
3944,CTU49,2011-08-17T00:15:00+00:00,Murlo,0.9990136996921416,RBot,0.9982361403638096,0.0086075412465588,0.026523913557878465,"[""state_iat_change"", ""state_entropy_change"", ""state_top_probability_change""]",LOW
3945,CTU49,2011-08-17T00:16:00+00:00,Murlo,0.9990423715405876,RBot,0.9983406946453902,0.0085034060434495,0.007914978906001261,"[""state_iat_change"", ""state_top_probability_change"", ""state_entropy_change""]",LOW
3946,CTU49,2011-08-17T00:17:00+00:00,Murlo,0.9992451023247172,RBot,0.9987514357134332,0.0069763188074749,0.019963282069881443,"[""state_entropy_change"", ""state_iat_change"", ""state_top_probability_change""]",LOW
3947,CTU49,2011-08-17T00:18:00+00:00,Murlo,0.9975081310467172,RBot,0.9956153062475692,0.0195396505939016,1.8832318995449018,"[""state_iat_change"", ""state_ack_rate_change"", ""state_entropy_change""]",LOW
3948,CTU49,2011-08-17T00:19:00+00:00,Murlo,0.9981779599230628,RBot,0.9970346133372254,0.0152407122940031,1.793781874079432,"[""state_iat_change"", ""state_directionality_change"", ""state_destination_diversity_change""]",LOW
3949,CTU49,2011-08-17T00:20:00+00:00,Murlo,0.9984342349484588,RBot,0.9971567649073916,0.0128139789537013,3.02141226634501,"[""state_iat_change"", ""state_fin_rate_change"", ""state_destination_diversity_change""]",LOW
3950,CTU49,2011-08-17T00:21:00+00:00,Murlo,0.9984342349484588,RBot,0.9971567649073916,0.0128139789537013,0.03159527504973137,"[""state_iat_change"", ""state_top_probability_change"", ""state_entropy_change""]",LOW
3951,CTU49,2011-08-17T00:22:00+00:00,Murlo,0.9988828118521574,RBot,0.9979805977558428,0.0095495815353048,0.8113304628399488,"[""state_iat_change"", ""state_fin_rate_change"", ""state_directionality_change""]",LOW
3952,CTU49,2011-08-17T00:23:00+00:00,Murlo,0.8668912869041218,RBot,0.7652853981678133,0.5066676974337925,91.61611847963121,"[""state_byte_rate_change"", ""state_ack_rate_change"", ""state_packet_rate_change""]",MEDIUM
3953,CTU49,2011-08-17T00:24:00+00:00,Murlo,0.9427691586799036,RBot,0.9086525682944832,0.2909406781009039,57.19884288830607,"[""state_byte_rate_change"", ""state_ack_rate_change"", ""state_packet_rate_change""]",LOW
3954,CTU49,2011-08-17T00:25:00+00:00,Murlo,0.9547564679200956,RBot,0.9307774458258882,0.2446215187386802,9.476638365515333,"[""state_byte_rate_change"", ""state_syn_rate_change"", ""state_top_probability_change""]",LOW
3955,CTU49,2011-08-17T00:26:00+00:00,Murlo,0.9469770511202704,RBot,0.9110364176280544,0.2646432046089328,18.92814099385604,"[""state_byte_rate_change"", ""state_ack_rate_change"", ""state_packet_rate_change""]",LOW
3956,CTU49,2011-08-17T00:27:00+00:00,Murlo,0.9537675471439656,RBot,0.9339329008036032,0.2548239577293552,54.457681574040386,"[""state_byte_rate_change"", ""state_ack_rate_change"", ""state_packet_rate_change""]",LOW
3957,CTU49,2011-08-17T00:28:00+00:00,Murlo,0.9458737785620336,RBot,0.9181622407839792,0.2846088045746009,16.153045214207882,"[""state_byte_rate_change"", ""state_ack_rate_change"", ""state_packet_rate_change""]",LOW
3958,CTU49,2011-08-17T00:29:00+00:00,Murlo,0.9469706135272972,RBot,0.923947026410962,0.286133142354929,30.794151785561567,"[""state_byte_rate_change"", ""state_ack_rate_change"", ""state_packet_rate_change""]",LOW
3959,CTU49,2011-08-17T00:30:00+00:00,Murlo,0.964233872208471,RBot,0.9471384864303876,0.2053036836178571,43.36140349393452,"[""state_byte_rate_change"", ""state_ack_rate_change"", ""state_packet_rate_change""]",LOW
3960,CTU49,2011-08-17T00:31:00+00:00,Murlo,0.9502201793601008,RBot,0.9234931154797772,0.2641598872644164,5.701646159575826,"[""state_byte_rate_change"", ""state_ack_rate_change"", ""state_syn_rate_change""]",LOW
3961,CTU49,2011-08-17T00:32:00+00:00,Murlo,0.9527731911088794,RBot,0.9204172017178548,0.2406377286289767,28.99982672486477,"[""state_byte_rate_change"", ""state_ack_rate_change"", ""state_packet_rate_change""]",LOW
3962,CTU49,2011-08-17T00:33:00+00:00,Murlo,0.9211413497748552,RBot,0.862876539418735,0.3492310990977398,14.946321272255744,"[""state_byte_rate_change"", ""state_ack_rate_change"", ""state_packet_rate_change""]",LOW
3963,CTU49,2011-08-17T00:34:00+00:00,Murlo,0.8217919220033142,RBot,0.6503093186184723,0.507632397268323,112.70812452681679,"[""state_byte_rate_change"", ""state_ack_rate_change"", ""state_iat_change""]",MEDIUM
3964,CTU49,2011-08-17T00:35:00+00:00,Murlo,0.9978503117742604,RBot,0.9962189242222704,0.0171953891391364,13.184449288751352,"[""state_top_probability_change"", ""state_iat_change"", ""state_entropy_change""]",LOW
3965,CTU49,2011-08-17T00:36:00+00:00,Murlo,0.9992398041751456,RBot,0.9987045993855622,0.0069554866833933,10.408510905531944,"[""state_iat_change"", ""state_destination_diversity_change"", ""state_port_diversity_change""]",LOW
3966,CTU49,2011-08-17T00:37:00+00:00,Murlo,0.9890491503793772,RBot,0.979031200360288,0.0648193529003806,2.9235263205836475,"[""state_iat_change"", ""state_top_probability_change"", ""state_entropy_change""]",LOW
3967,CTU49,2011-08-17T00:38:00+00:00,Murlo,0.988496715205228,DonBot,0.980896429134834,0.0742446130943544,9.67272447977829,"[""state_syn_rate_change"", ""state_destination_diversity_change"", ""state_rst_rate_change""]",LOW
3968,CTU49,2011-08-17T00:39:00+00:00,Murlo,0.992792179186324,DonBot,0.9875079416955568,0.0483765497060999,8.88147952892358,"[""state_syn_rate_change"", ""state_directionality_change"", ""state_destination_diversity_change""]",LOW
3969,CTU49,2011-08-17T00:40:00+00:00,Murlo,0.9818748945244138,DonBot,0.9705870053222468,0.1073608391287971,7.59094628069203,"[""state_syn_rate_change"", ""state_directionality_change"", ""state_destination_diversity_change""]",LOW
3970,CTU49,2011-08-17T00:41:00+00:00,Murlo,0.9718646347644464,DonBot,0.956210086937276,0.1594902573342627,1.9442070538675276,"[""state_top_probability_change"", ""state_entropy_change"", ""state_syn_rate_change""]",LOW
3971,CTU49,2011-08-17T00:42:00+00:00,Murlo,0.9871758231928648,DonBot,0.977281321696964,0.0776432552754583,6.390900865185601,"[""state_directionality_change"", ""state_port_diversity_change"", ""state_top_probability_change""]",LOW
3972,CTU49,2011-08-17T00:43:00+00:00,Murlo,0.999264506062845,RBot,0.9987463649279672,0.0067574619458755,20.18890885960663,"[""state_syn_rate_change"", ""state_destination_diversity_change"", ""state_directionality_change""]",LOW
3973,CTU49,2011-08-17T00:44:00+00:00,Murlo,0.9990524656425168,RBot,0.9983397435585144,0.0083860619546182,0.014520402315480567,"[""state_entropy_change"", ""state_top_probability_change"", ""state_iat_change""]",LOW
3974,CTU49,2011-08-17T00:45:00+00:00,Murlo,0.9779426644271338,RBot,0.9659941700848534,0.1346696968963687,55.95825029346033,"[""state_byte_rate_change"", ""state_ack_rate_change"", ""state_packet_rate_change""]",LOW
3975,CTU49,2011-08-17T00:46:00+00:00,Murlo,0.9957857183769164,RBot,0.9934445471181648,0.0315003074645677,64.5551977195713,"[""state_byte_rate_change"", ""state_ack_rate_change"", ""state_iat_change""]",LOW
3976,CTU49,2011-08-17T00:47:00+00:00,Murlo,0.9977273081483444,RBot,0.996037664847075,0.018151790775793,8.403902298923656,"[""state_iat_change"", ""state_rst_rate_change"", ""state_ack_rate_change""]",LOW
3977,CTU49,2011-08-17T00:48:00+00:00,Murlo,0.9989363335688444,RBot,0.9980909183842284,0.0091797124109237,1.4863227511131425,"[""state_iat_change"", ""state_destination_diversity_change"", ""state_port_diversity_change""]",LOW
3978,CTU49,2011-08-17T00:49:00+00:00,Murlo,0.9990909496215304,RBot,0.9983955419854535,0.0080576532727607,0.03003732711325803,"[""state_iat_change"", ""state_entropy_change"", ""state_top_probability_change""]",LOW
3979,CTU49,2011-08-17T00:50:00+00:00,Murlo,0.9982160463178958,RBot,0.9966904286703572,0.0141691772614975,0.7559661952673551,"[""state_directionality_change"", ""state_iat_change"", ""state_ack_rate_change""]",LOW
3980,CTU49,2011-08-17T00:51:00+00:00,Murlo,0.9974433447185737,RBot,0.9954563571889384,0.0198361338491896,10.276494222584196,"[""state_iat_change"", ""state_fin_rate_change"", ""state_directionality_change""]",LOW
3981,CTU49,2011-08-17T00:52:00+00:00,Murlo,0.9851508399665098,RBot,0.97126503881516,0.0819138746261641,10.698377338357659,"[""state_iat_change"", ""state_top_probability_change"", ""state_entropy_change""]",LOW
3982,CTU49,2011-08-17T00:53:00+00:00,Murlo,0.8494505577595646,RBot,0.7013771209740216,0.4400834378487777,7.340016801207567,"[""state_top_probability_change"", ""state_entropy_change"", ""state_directionality_change""]",LOW
3983,CTU49,2011-08-17T00:54:00+00:00,Murlo,0.9978114064479408,RBot,0.9961062804903458,0.0173827066436189,18.824809903521334,"[""state_iat_change"", ""state_top_probability_change"", ""state_entropy_change""]",LOW
3984,CTU49,2011-08-17T00:55:00+00:00,Murlo,0.9989363335688444,RBot,0.9980909183842284,0.0091797124109237,10.873226798273832,"[""state_iat_change"", ""state_destination_diversity_change"", ""state_port_diversity_change""]",LOW
3985,CTU49,2011-08-17T00:56:00+00:00,Murlo,0.998961973423674,RBot,0.998136212047012,0.0089816879134907,0.1872808181486332,"[""state_directionality_change"", ""state_ack_rate_change"", ""state_packet_rate_change""]",LOW
3986,CTU49,2011-08-17T00:57:00+00:00,Murlo,0.998714537247772,RBot,0.997701063441494,0.0108628502413117,0.6722349893504204,"[""state_iat_change"", ""state_directionality_change"", ""state_ack_rate_change""]",LOW
3987,CTU49,2011-08-17T00:58:00+00:00,Murlo,0.9975787764488008,RBot,0.995663676859845,0.0188927140420958,1.4869145857446737,"[""state_iat_change"", ""state_fin_rate_change"", ""state_directionality_change""]",LOW
3988,CTU49,2011-08-17T00:59:00+00:00,Murlo,0.9972911476881618,RBot,0.9951207308567808,0.0207847031607879,6.579252445543399,"[""state_iat_change"", ""state_fin_rate_change"", ""state_byte_rate_change""]",LOW
3989,CTU49,2011-08-17T01:00:00+00:00,Murlo,0.9979168839816732,RBot,0.9963984359109406,0.0168654641761618,6.416014843688049,"[""state_iat_change"", ""state_ack_rate_change"", ""state_byte_rate_change""]",LOW
3990,CTU49,2011-08-17T01:01:00+00:00,Murlo,0.999043984502933,RBot,0.9982984035000912,0.0083922730054419,1.8220679764711525,"[""state_iat_change"", ""state_destination_diversity_change"", ""state_port_diversity_change""]",LOW
3991,CTU49,2011-08-17T01:02:00+00:00,Murlo,0.9992373091223836,RBot,0.9987125554997622,0.0070012944875407,0.01486737692089156,"[""state_entropy_change"", ""state_top_probability_change"", ""state_iat_change""]",LOW
3992,CTU49,2011-08-17T01:03:00+00:00,Murlo,0.9992721286217514,RBot,0.9987601249338932,0.0066966077341249,0.00470706004803776,"[""state_iat_change"", ""state_entropy_change"", ""state_top_probability_change""]",LOW
3993,CTU49,2011-08-17T01:04:00+00:00,Murlo,0.9982511991590224,RBot,0.9968368530699052,0.0141499085423835,0.7202249834512426,"[""state_iat_change"", ""state_ack_rate_change"", ""state_byte_rate_change""]",LOW
3994,CTU49,2011-08-17T01:05:00+00:00,Murlo,0.9989699679461684,RBot,0.9981514993675762,0.0089266210944989,0.7065869208919432,"[""state_iat_change"", ""state_ack_rate_change"", ""state_byte_rate_change""]",LOW
3995,CTU49,2011-08-17T01:06:00+00:00,Murlo,0.997995495756612,RBot,0.9963288313211764,0.0158415574342338,1.0313791493089617,"[""state_iat_change"", ""state_fin_rate_change"", ""state_directionality_change""]",LOW
3996,CTU49,2011-08-17T01:07:00+00:00,Murlo,0.999043984502933,RBot,0.9982984035000912,0.0083922730054419,1.0387622165855206,"[""state_iat_change"", ""state_fin_rate_change"", ""state_directionality_change""]",LOW
3997,CTU49,2011-08-17T01:08:00+00:00,Murlo,0.9991776337418936,RBot,0.9985718764286228,0.0074165823475517,0.013733814420421374,"[""state_iat_change"", ""state_entropy_change"", ""state_top_probability_change""]",LOW
3998,CTU49,2011-08-17T01:09:00+00:00,Murlo,0.9990395632042584,RBot,0.9983992164977836,0.0086164149325737,0.21634331221108735,"[""state_directionality_change"", ""state_iat_change"", ""state_ack_rate_change""]",LOW
3999,CTU49,2011-08-17T01:10:00+00:00,Murlo,0.9983351794693266,RBot,0.9972020307599132,0.0139630235399799,2.4073285599191214,"[""state_iat_change"", ""state_destination_diversity_change"", ""state_port_diversity_change""]",LOW
4000,CTU49,2011-08-17T01:11:00+00:00,Murlo,0.9977227078609696,RBot,0.995957239396957,0.0180049634705167,3.2063541923188925,"[""state_iat_change"", ""state_entropy_change"", ""state_top_probability_change""]",LOW
4001,CTU49,2011-08-17T01:12:00+00:00,Murlo,0.9986644633049562,RBot,0.9977698106944256,0.0115141345807898,5.093482119881002,"[""state_iat_change"", ""state_directionality_change"", ""state_destination_diversity_change""]",LOW
4002,CTU49,2011-08-17T01:13:00+00:00,Murlo,0.999061128122344,RBot,0.9983428226961504,0.0082875897977048,0.6968121147698624,"[""state_iat_change"", ""state_ack_rate_change"", ""state_byte_rate_change""]",LOW
4003,CTU49,2011-08-17T01:14:00+00:00,Murlo,0.9990870117525896,RBot,0.9983858329401905,0.0080835657834511,0.021811373480317045,"[""state_iat_change"", ""state_entropy_change"", ""state_top_probability_change""]",LOW
4004,CTU49,2011-08-17T01:15:00+00:00,Murlo,0.9982575932399934,RBot,0.9968574948534266,0.0141241095813586,0.7401342298343523,"[""state_iat_change"", ""state_ack_rate_change"", ""state_byte_rate_change""]",LOW
4005,CTU49,2011-08-17T01:16:00+00:00,Murlo,0.9989811107876112,RBot,0.9981723342206004,0.0088434034742928,0.7241965802195666,"[""state_iat_change"", ""state_ack_rate_change"", ""state_byte_rate_change""]",LOW
4006,CTU49,2011-08-17T01:17:00+00:00,Murlo,0.998578905152435,RBot,0.9974969034843,0.0119445440336793,0.7848644271512887,"[""state_iat_change"", ""state_syn_rate_change"", ""state_directionality_change""]",LOW
4007,CTU49,2011-08-17T01:18:00+00:00,Murlo,0.9874064195511186,DonBot,0.9792552087978296,0.0792684588864382,15.589910481956139,"[""state_syn_rate_change"", ""state_destination_diversity_change"", ""state_packet_rate_change""]",LOW
4008,CTU49,2011-08-17T01:19:00+00:00,Murlo,0.9936968426954088,DonBot,0.9890828995516148,0.0432164083170798,5.45833937526771,"[""state_directionality_change"", ""state_destination_diversity_change"", ""state_rst_rate_change""]",LOW
4009,CTU49,2011-08-17T01:20:00+00:00,Murlo,0.9765367337726348,RBot,0.962205682598022,0.1330783160328944,4.80164913801739,"[""state_directionality_change"", ""state_top_probability_change"", ""state_rst_rate_change""]",LOW
4010,CTU49,2011-08-17T01:21:00+00:00,Murlo,0.9885539210212322,DonBot,0.981070824965879,0.0725017983758924,6.794739659249893,"[""state_directionality_change"", ""state_rst_rate_change"", ""state_fin_rate_change""]",LOW
4011,CTU49,2011-08-17T01:22:00+00:00,Murlo,0.9160797121914592,DonBot,0.8706282628326061,0.3565077992094002,10.929200549836438,"[""state_syn_rate_change"", ""state_top_probability_change"", ""state_destination_diversity_change""]",LOW
4012,CTU49,2011-08-17T01:23:00+00:00,Murlo,0.9787113458870528,RBot,0.959227713359591,0.1115903250624329,18.09451396298101,"[""state_syn_rate_change"", ""state_directionality_change"", ""state_iat_change""]",LOW
4013,CTU49,2011-08-17T01:24:00+00:00,Murlo,0.999205086953578,RBot,0.9986324754159784,0.0072169451164339,5.479792297718984,"[""state_iat_change"", ""state_top_probability_change"", ""state_entropy_change""]",LOW
4014,CTU49,2011-08-17T01:25:00+00:00,Murlo,0.9810613892149864,RBot,0.9679149514259684,0.1129931072145268,28.214005029222704,"[""state_byte_rate_change"", ""state_ack_rate_change"", ""state_packet_rate_change""]",LOW
4015,CTU49,2011-08-17T01:26:00+00:00,Murlo,0.9992265348889902,RBot,0.9987241633894588,0.0071323823411438,28.204087026902787,"[""state_byte_rate_change"", ""state_ack_rate_change"", ""state_packet_rate_change""]",LOW
4016,CTU49,2011-08-17T01:27:00+00:00,Murlo,0.9991776337418936,RBot,0.9985718764286228,0.0074165823475517,0.01807840977263411,"[""state_iat_change"", ""state_top_probability_change"", ""state_entropy_change""]",LOW
4017,CTU49,2011-08-17T01:28:00+00:00,Murlo,0.9987887937363849,RBot,0.9978679191129778,0.0103742353663333,0.6053234203105312,"[""state_iat_change"", ""state_entropy_change"", ""state_top_probability_change""]",LOW
4018,CTU49,2011-08-17T01:29:00+00:00,Murlo,0.9991710157996166,RBot,0.9985731823820292,0.0074878318614956,0.5828965077638811,"[""state_iat_change"", ""state_entropy_change"", ""state_top_probability_change""]",LOW
4019,CTU49,2011-08-17T01:30:00+00:00,Murlo,0.998474470201593,RBot,0.9972640834353492,0.0126073843185287,0.8041128024460663,"[""state_iat_change"", ""state_fin_rate_change"", ""state_directionality_change""]",LOW
4020,CTU49,2011-08-17T01:31:00+00:00,Murlo,0.998069282804912,RBot,0.99648133245136,0.0153790008120907,0.40206062832889317,"[""state_directionality_change"", ""state_iat_change"", ""state_byte_rate_change""]",LOW
4021,CTU49,2011-08-17T01:32:00+00:00,Murlo,0.999097152749514,RBot,0.9984082877542808,0.008013150380231,1.2102930160950611,"[""state_iat_change"", ""state_directionality_change"", ""state_fin_rate_change""]",LOW
4022,CTU49,2011-08-17T01:33:00+00:00,Murlo,0.9971753589403743,RBot,0.9947312791352596,0.0210534803705023,0.6164071031035937,"[""state_iat_change"", ""state_entropy_change"", ""state_top_probability_change""]",LOW
4023,CTU49,2011-08-17T01:34:00+00:00,Murlo,0.999043984502933,RBot,0.9982984035000912,0.0083922730054419,0.6215604240942078,"[""state_iat_change"", ""state_entropy_change"", ""state_top_probability_change""]",LOW
4024,CTU49,2011-08-17T01:35:00+00:00,Murlo,0.9965563961589432,RBot,0.9938536460472616,0.0257939392164517,3.4279780847518864,"[""state_iat_change"", ""state_directionality_change"", ""state_byte_rate_change""]",LOW
4025,CTU49,2011-08-17T01:36:00+00:00,Murlo,0.9835546005939608,RBot,0.967915477580634,0.0880593927190314,4.193081327854362,"[""state_iat_change"", ""state_top_probability_change"", ""state_entropy_change""]",LOW
4026,CTU49,2011-08-17T01:37:00+00:00,Murlo,0.92315278172439,RBot,0.8492074037224874,0.28788286565406,3.997370219093852,"[""state_top_probability_change"", ""state_entropy_change"", ""state_syn_rate_change""]",LOW
4027,CTU49,2011-08-17T01:38:00+00:00,Murlo,0.9989106910513232,RBot,0.9980559553753228,0.0094013840551934,4.8669848243102445,"[""state_top_probability_change"", ""state_entropy_change"", ""state_syn_rate_change""]",LOW
4028,CTU49,2011-08-17T01:39:00+00:00,Murlo,0.9989940718239356,RBot,0.9982011624156452,0.0087559435128853,0.010104977403325091,"[""state_iat_change"", ""state_entropy_change"", ""state_top_probability_change""]",LOW
4029,CTU49,2011-08-17T01:40:00+00:00,Murlo,0.9982123106594006,RBot,0.997050060751868,0.0149546548874511,8.482074297085353,"[""state_iat_change"", ""state_destination_diversity_change"", ""state_port_diversity_change""]",LOW
4030,CTU49,2011-08-17T01:41:00+00:00,Murlo,0.9991258692331464,RBot,0.9984645520093328,0.0077989924728761,8.508608949673691,"[""state_iat_change"", ""state_destination_diversity_change"", ""state_port_diversity_change""]",LOW
4031,CTU49,2011-08-17T01:42:00+00:00,Murlo,0.9854448325255284,RBot,0.97208466228517,0.0818038800712032,3.0440754589463808,"[""state_iat_change"", ""state_top_probability_change"", ""state_entropy_change""]",LOW
4032,CTU49,2011-08-17T01:43:00+00:00,Murlo,0.9989811107876112,RBot,0.9981723342206004,0.0088434034742928,3.0278753595285246,"[""state_iat_change"", ""state_top_probability_change"", ""state_entropy_change""]",LOW
4033,CTU49,2011-08-17T01:44:00+00:00,Murlo,0.9989049905335812,RBot,0.9980264452635575,0.0093994374115912,0.0315671563016785,"[""state_iat_change"", ""state_entropy_change"", ""state_top_probability_change""]",LOW
4034,CTU49,2011-08-17T01:45:00+00:00,Murlo,0.9991996518011336,RBot,0.9986456607916352,0.0072956078620674,0.04359635902971772,"[""state_iat_change"", ""state_entropy_change"", ""state_top_probability_change""]",LOW
4035,CTU49,2011-08-17T01:46:00+00:00,Murlo,0.9984655029902074,RBot,0.9972214036545572,0.0126094344032311,0.7711566358116005,"[""state_iat_change"", ""state_fin_rate_change"", ""state_directionality_change""]",LOW
4036,CTU49,2011-08-17T01:47:00+00:00,Murlo,0.9942900471724266,RBot,0.9893238508221592,0.0384258311203137,8.240384152172982,"[""state_iat_change"", ""state_fin_rate_change"", ""state_entropy_change""]",LOW
4037,CTU49,2011-08-17T01:48:00+00:00,Murlo,0.9990127215626252,RBot,0.9982425918160708,0.0086308014922621,8.604553009084926,"[""state_iat_change"", ""state_entropy_change"", ""state_top_probability_change""]",LOW
4038,CTU49,2011-08-17T01:49:00+00:00,Murlo,0.9990571320380248,RBot,0.9983328654494208,0.0083136462492395,0.016279555394483156,"[""state_iat_change"", ""state_entropy_change"", ""state_top_probability_change""]",LOW
4039,CTU49,2011-08-17T01:50:00+00:00,Murlo,0.998649322418088,RBot,0.9975574971571752,0.0112824427195317,0.9348564189600655,"[""state_iat_change"", ""state_directionality_change"", ""state_fin_rate_change""]",LOW
4040,CTU49,2011-08-17T01:51:00+00:00,Murlo,0.9989840904981936,RBot,0.998308587917749,0.0090608951382366,0.9200224896630886,"[""state_iat_change"", ""state_directionality_change"", ""state_fin_rate_change""]",LOW
4041,CTU49,2011-08-17T01:52:00+00:00,Murlo,0.9990127215626252,RBot,0.9982425918160708,0.0086308014922621,0.014015331351459479,"[""state_iat_change"", ""state_entropy_change"", ""state_top_probability_change""]",LOW
4042,CTU49,2011-08-17T01:53:00+00:00,Murlo,0.9977629041338476,RBot,0.9960474516970426,0.0177748693793845,2.156206633292428,"[""state_iat_change"", ""state_syn_rate_change"", ""state_directionality_change""]",LOW
4043,CTU49,2011-08-17T01:54:00+00:00,Murlo,0.9991259729648396,RBot,0.9984933691564608,0.0078462289432373,2.159020775558003,"[""state_iat_change"", ""state_syn_rate_change"", ""state_directionality_change""]",LOW
4044,CTU49,2011-08-17T01:55:00+00:00,Murlo,0.9985037123438004,RBot,0.9972987072548212,0.0123545301494819,0.7426049473332424,"[""state_iat_change"", ""state_directionality_change"", ""state_ack_rate_change""]",LOW
4045,CTU49,2011-08-17T01:56:00+00:00,Murlo,0.998019184208508,RBot,0.996387370427454,0.015699071789013,0.17447770449969188,"[""state_directionality_change"", ""state_ack_rate_change"", ""state_entropy_change""]",LOW
4046,CTU49,2011-08-17T01:57:00+00:00,Murlo,0.9848596890118626,DonBot,0.9758835731120894,0.0945792258482908,11.105417254644918,"[""state_syn_rate_change"", ""state_destination_diversity_change"", ""state_rst_rate_change""]",LOW
4047,CTU49,2011-08-17T01:58:00+00:00,Murlo,0.993159046433598,DonBot,0.9881416886330596,0.0463027092592887,10.109385614591316,"[""state_syn_rate_change"", ""state_directionality_change"", ""state_destination_diversity_change""]",LOW
4048,CTU49,2011-08-17T01:59:00+00:00,Murlo,0.9898345365251364,DonBot,0.9835135093402858,0.0664999530441782,4.666076679472517,"[""state_directionality_change"", ""state_syn_rate_change"", ""state_destination_diversity_change""]",LOW
4049,CTU49,2011-08-17T02:00:00+00:00,Murlo,0.9840986462142156,RBot,0.9749006061383096,0.0958397637871324,3.538589291183843,"[""state_directionality_change"", ""state_syn_rate_change"", ""state_ack_rate_change""]",LOW
4050,CTU49,2011-08-17T02:01:00+00:00,Murlo,0.9863040562678684,DonBot,0.9767041572000248,0.0835695189931723,6.91818558143811,"[""state_directionality_change"", ""state_rst_rate_change"", ""state_port_diversity_change""]",LOW
4051,CTU49,2011-08-17T02:02:00+00:00,Murlo,0.9989106910513232,RBot,0.9980559553753228,0.0094013840551934,24.18783801842099,"[""state_syn_rate_change"", ""state_directionality_change"", ""state_destination_diversity_change""]",LOW
4052,CTU49,2011-08-17T02:03:00+00:00,Murlo,0.9990127215626252,RBot,0.9982425918160708,0.0086308014922621,0.013359777741810635,"[""state_iat_change"", ""state_entropy_change"", ""state_top_probability_change""]",LOW
4053,CTU49,2011-08-17T02:04:00+00:00,Murlo,0.9871075343334084,RBot,0.9799576763554944,0.0851039774417544,28.541113851751405,"[""state_byte_rate_change"", ""state_ack_rate_change"", ""state_packet_rate_change""]",LOW
4054,CTU49,2011-08-17T02:05:00+00:00,Murlo,0.9974911767034093,RBot,0.9957269241135468,0.0198517724658505,29.808104855802835,"[""state_byte_rate_change"", ""state_ack_rate_change"", ""state_packet_rate_change""]",LOW
4055,CTU49,2011-08-17T02:06:00+00:00,Murlo,0.999205778777206,RBot,0.9986769888447932,0.0072854243520567,2.0452774520691057,"[""state_iat_change"", ""state_rst_rate_change"", ""state_destination_diversity_change""]",LOW
4056,CTU49,2011-08-17T02:07:00+00:00,Murlo,0.9991253737218516,RBot,0.998475999478226,0.0078194694174243,0.022842384070263358,"[""state_iat_change"", ""state_entropy_change"", ""state_top_probability_change""]",LOW
4057,CTU49,2011-08-17T02:08:00+00:00,Murlo,0.9990164661203308,RBot,0.9982468618162222,0.0085955546144492,0.02255057525768131,"[""state_iat_change"", ""state_entropy_change"", ""state_top_probability_change""]",LOW
4058,CTU49,2011-08-17T02:09:00+00:00,Murlo,0.9973214032494596,RBot,0.9950139419255232,0.0201291964540621,0.8816821469905888,"[""state_iat_change"", ""state_fin_rate_change"", ""state_directionality_change""]",LOW
4059,CTU49,2011-08-17T02:10:00+00:00,Murlo,0.9984690540610384,RBot,0.9972886760124372,0.0127157001044531,0.5171039500776499,"[""state_syn_rate_change"", ""state_fin_rate_change"", ""state_iat_change""]",LOW
4060,CTU49,2011-08-17T02:11:00+00:00,Murlo,0.9962965200408836,RBot,0.9933028918800616,0.0272421655833093,5.47562720621088,"[""state_iat_change"", ""state_syn_rate_change"", ""state_byte_rate_change""]",LOW
4061,CTU49,2011-08-17T02:12:00+00:00,Murlo,0.998486695060201,RBot,0.9972628196811394,0.0124646468377135,5.601156240481242,"[""state_iat_change"", ""state_fin_rate_change"", ""state_byte_rate_change""]",LOW
4062,CTU49,2011-08-17T02:13:00+00:00,Murlo,0.998959438448088,RBot,0.9981371582286876,0.0090156752827234,0.7600584259567912,"[""state_iat_change"", ""state_fin_rate_change"", ""state_directionality_change""]",LOW
4063,CTU49,2011-08-17T02:14:00+00:00,Murlo,0.9991232235229284,RBot,0.998478321389804,0.0078479633555107,0.021789203844752955,"[""state_iat_change"", ""state_entropy_change"", ""state_top_probability_change""]",LOW
4064,CTU49,2011-08-17T02:15:00+00:00,Murlo,0.9986644633049562,RBot,0.9977698106944256,0.0115141345807898,0.6881577289630197,"[""state_iat_change"", ""state_ack_rate_change"", ""state_byte_rate_change""]",LOW
4065,CTU49,2011-08-17T02:16:00+00:00,Murlo,0.99750297228315,RBot,0.9955292139801046,0.0194364610787441,0.5733751591694806,"[""state_iat_change"", ""state_destination_diversity_change"", ""state_port_diversity_change""]",LOW
4066,CTU49,2011-08-17T02:17:00+00:00,Murlo,0.9986206908289188,RBot,0.9976607414057044,0.0118018799967035,0.6127946984691071,"[""state_iat_change"", ""state_destination_diversity_change"", ""state_port_diversity_change""]",LOW
4067,CTU49,2011-08-17T02:18:00+00:00,Murlo,0.9985248161982884,RBot,0.9974422417951856,0.0124201913451231,0.009556085003694917,"[""state_iat_change"", ""state_entropy_change"", ""state_top_probability_change""]",LOW
4068,CTU49,2011-08-17T02:19:00+00:00,Murlo,0.9972498794987816,RBot,0.995049964574092,0.0210544406121053,3.5897401732842673,"[""state_iat_change"", ""state_directionality_change"", ""state_fin_rate_change""]",LOW
4069,CTU49,2011-08-17T02:20:00+00:00,Murlo,0.998959438448088,RBot,0.9981371582286876,0.0090156752827234,4.040264472023898,"[""state_iat_change"", ""state_directionality_change"", ""state_fin_rate_change""]",LOW
4070,CTU49,2011-08-17T02:21:00+00:00,Murlo,0.947222900692232,RBot,0.8967577376128331,0.2190396375181666,5.162288053679429,"[""state_iat_change"", ""state_top_probability_change"", ""state_entropy_change""]",LOW
4071,CTU49,2011-08-17T02:22:00+00:00,Murlo,0.9525110205164428,RBot,0.9078010318607154,0.2060129480849746,4.210717102378108,"[""state_iat_change"", ""state_directionality_change"", ""state_syn_rate_change""]",LOW
4072,CTU49,2011-08-17T02:23:00+00:00,Murlo,0.9972843633538868,RBot,0.9952452892885396,0.021123084098448,11.584080217389682,"[""state_iat_change"", ""state_top_probability_change"", ""state_entropy_change""]",LOW
4073,CTU49,2011-08-17T02:24:00+00:00,Murlo,0.9990127215626252,RBot,0.9982425918160708,0.0086308014922621,7.961381072714873,"[""state_iat_change"", ""state_syn_rate_change"", ""state_directionality_change""]",LOW
4074,CTU49,2011-08-17T02:25:00+00:00,Murlo,0.9992205218384989,RBot,0.9986724016110644,0.0071141073211632,0.018221231573385056,"[""state_entropy_change"", ""state_top_probability_change"", ""state_iat_change""]",LOW
4075,CTU49,2011-08-17T02:26:00+00:00,Murlo,0.9992113325659244,RBot,0.9986952965320436,0.0072477442480299,0.0011490341427987663,"[""state_entropy_change"", ""state_top_probability_change"", ""state_iat_change""]",LOW
4076,CTU49,2011-08-17T02:27:00+00:00,Murlo,0.9976242756957496,RBot,0.995729986568248,0.0185795760286735,1.8962014919666172,"[""state_iat_change"", ""state_ack_rate_change"", ""state_entropy_change""]",LOW
4077,CTU49,2011-08-17T02:28:00+00:00,Murlo,0.998997963707908,RBot,0.998255406539632,0.008830459080028,1.864220565934869,"[""state_iat_change"", ""state_ack_rate_change"", ""state_entropy_change""]",LOW
4078,CTU49,2011-08-17T02:29:00+00:00,Murlo,0.9989940718239356,RBot,0.9982011624156452,0.0087559435128853,0.0026003934335642573,"[""state_iat_change"", ""state_entropy_change"", ""state_top_probability_change""]",LOW
4079,CTU49,2011-08-17T02:30:00+00:00,Murlo,0.9980488812165924,RBot,0.9965686233109315,0.0157991617783584,1.952736364727298,"[""state_iat_change"", ""state_entropy_change"", ""state_top_probability_change""]",LOW
4080,CTU49,2011-08-17T02:31:00+00:00,Murlo,0.9990685222186112,RBot,0.9983644718933414,0.0082481585600568,1.9512616827374485,"[""state_iat_change"", ""state_entropy_change"", ""state_top_probability_change""]",LOW
4081,CTU49,2011-08-17T02:32:00+00:00,Murlo,0.9978557228620466,RBot,0.9962259330699084,0.0171651904897757,2.150275249120414,"[""state_iat_change"", ""state_syn_rate_change"", ""state_directionality_change""]",LOW
4082,CTU49,2011-08-17T02:33:00+00:00,Murlo,0.999223760889676,RBot,0.9986758117370872,0.007081937220375,2.14929773026952,"[""state_iat_change"", ""state_syn_rate_change"", ""state_directionality_change""]",LOW
4083,CTU49,2011-08-17T02:34:00+00:00,Murlo,0.9985535441725576,RBot,0.9973946604778134,0.0120040962002973,0.5866911949044239,"[""state_iat_change"", ""state_entropy_change"", ""state_top_probability_change""]",LOW
4084,CTU49,2011-08-17T02:35:00+00:00,Murlo,0.9978171089043072,RBot,0.996249327700316,0.0175940330066073,1.382912643173704,"[""state_iat_change"", ""state_destination_diversity_change"", ""state_port_diversity_change""]",LOW
4085,CTU49,2011-08-17T02:36:00+00:00,Murlo,0.9977747673142068,RBot,0.996464022691858,0.0182577952940714,0.09672684306728531,"[""state_iat_change"", ""state_entropy_change"", ""state_byte_rate_change""]",LOW
4086,CTU49,2011-08-17T02:37:00+00:00,Murlo,0.9883093777170734,DonBot,0.9801775218892582,0.0742865898609287,15.601188559061606,"[""state_syn_rate_change"", ""state_destination_diversity_change"", ""state_packet_rate_change""]",LOW
4087,CTU49,2011-08-17T02:38:00+00:00,Murlo,0.9813658358780176,RBot,0.9713409910746432,0.109176048745311,8.240024995822182,"[""state_directionality_change"", ""state_destination_diversity_change"", ""state_syn_rate_change""]",LOW
4088,CTU49,2011-08-17T02:39:00+00:00,Murlo,0.9931642449783538,DonBot,0.9889910438245052,0.0478690199524254,6.847216132272163,"[""state_directionality_change"", ""state_syn_rate_change"", ""state_port_diversity_change""]",LOW
4089,CTU49,2011-08-17T02:40:00+00:00,Murlo,0.9935199266286212,DonBot,0.9888697722537454,0.0443806931826682,3.3360868110529935,"[""state_directionality_change"", ""state_rst_rate_change"", ""state_port_diversity_change""]",LOW
4090,CTU49,2011-08-17T02:41:00+00:00,Murlo,0.9874358493525648,DonBot,0.977683850398388,0.0761228180509134,7.2533493050897695,"[""state_syn_rate_change"", ""state_destination_diversity_change"", ""state_directionality_change""]",LOW
4091,CTU49,2011-08-17T02:42:00+00:00,Murlo,0.9846230736725496,RBot,0.9703776305666164,0.0851143988687032,11.076147297642775,"[""state_syn_rate_change"", ""state_destination_diversity_change"", ""state_directionality_change""]",LOW
4092,CTU49,2011-08-17T02:43:00+00:00,Murlo,0.9989386762236142,RBot,0.9980942418122944,0.0091575031375966,1.646528771467682,"[""state_top_probability_change"", ""state_entropy_change"", ""state_byte_rate_change""]",LOW
4093,CTU49,2011-08-17T02:44:00+00:00,Murlo,0.9836717578386608,RBot,0.9743611818225518,0.1038321354427958,29.334307149312014,"[""state_byte_rate_change"", ""state_ack_rate_change"", ""state_packet_rate_change""]",LOW
4094,CTU49,2011-08-17T02:45:00+00:00,Murlo,0.9971605167569264,RBot,0.9948865721620644,0.0215436246461203,30.34030386013578,"[""state_byte_rate_change"", ""state_ack_rate_change"", ""state_packet_rate_change""]",LOW
4095,CTU49,2011-08-17T02:46:00+00:00,Murlo,0.9990227916162452,RBot,0.9983437457922169,0.0087143183502781,1.8355569218421772,"[""state_iat_change"", ""state_rst_rate_change"", ""state_port_diversity_change""]",LOW
4096,CTU49,2011-08-17T02:47:00+00:00,Murlo,0.9966197211954964,RBot,0.9940118757087446,0.0253794689120318,4.56639139440061,"[""state_iat_change"", ""state_directionality_change"", ""state_syn_rate_change""]",LOW
4097,CTU49,2011-08-17T02:48:00+00:00,Murlo,0.9985603723109104,RBot,0.9974780977595546,0.012103505942184,3.696441970055302,"[""state_iat_change"", ""state_directionality_change"", ""state_fin_rate_change""]",LOW
4098,CTU49,2011-08-17T02:49:00+00:00,Murlo,0.9991009082557218,RBot,0.998417713210488,0.0079885344054202,0.8867872966516108,"[""state_iat_change"", ""state_syn_rate_change"", ""state_directionality_change""]",LOW
4099,CTU49,2011-08-17T02:50:00+00:00,Murlo,0.999109929149196,RBot,0.9984602784138752,0.0079595650019289,0.2023146569526086,"[""state_directionality_change"", ""state_iat_change"", ""state_ack_rate_change""]",LOW
4100,CTU49,2011-08-17T02:51:00+00:00,Murlo,0.997612628692456,RBot,0.995716857068397,0.0186716153772652,2.048303690050323,"[""state_iat_change"", ""state_directionality_change"", ""state_ack_rate_change""]",LOW
4101,CTU49,2011-08-17T02:52:00+00:00,Murlo,0.9973889963550144,RBot,0.9953018714639636,0.0201495867064127,6.654030549930648,"[""state_iat_change"", ""state_directionality_change"", ""state_destination_diversity_change""]",LOW
4102,CTU49,2011-08-17T02:53:00+00:00,Murlo,0.999194693267052,RBot,0.99866649997087,0.0073823245178276,8.338257319698116,"[""state_iat_change"", ""state_destination_diversity_change"", ""state_port_diversity_change""]",LOW
4103,CTU49,2011-08-17T02:54:00+00:00,Murlo,0.9989815251525168,RBot,0.998178364906792,0.0088514414020548,0.018054591010138055,"[""state_entropy_change"", ""state_top_probability_change"", ""state_iat_change""]",LOW
4104,CTU49,2011-08-17T02:55:00+00:00,Murlo,0.9989395070688034,RBot,0.9980889636349624,0.0091413399862799,0.02251919162491332,"[""state_iat_change"", ""state_entropy_change"", ""state_top_probability_change""]",LOW
4105,CTU49,2011-08-17T02:56:00+00:00,Murlo,0.9989452472991012,RBot,0.9981177545443678,0.0091413185862834,0.004417700959149603,"[""state_iat_change"", ""state_top_probability_change"", ""state_entropy_change""]",LOW
4106,CTU49,2011-08-17T02:57:00+00:00,Murlo,0.9595579837234725,RBot,0.9207912535719118,0.1784323816601404,11.330928947080855,"[""state_iat_change"", ""state_top_probability_change"", ""state_entropy_change""]",LOW
4107,CTU49,2011-08-17T02:58:00+00:00,Murlo,0.8997812288012172,RBot,0.8027553065268287,0.3446958425001351,12.805765391733368,"[""state_iat_change"", ""state_top_probability_change"", ""state_entropy_change""]",LOW
4108,CTU49,2011-08-17T02:59:00+00:00,Murlo,0.997701368845553,RBot,0.995905931573318,0.0181299017714165,14.236918265590909,"[""state_iat_change"", ""state_top_probability_change"", ""state_entropy_change""]",LOW
4109,CTU49,2011-08-17T03:00:00+00:00,Murlo,0.9991381685202788,RBot,0.9985251771016423,0.0077667151321086,8.81302449260611,"[""state_iat_change"", ""state_destination_diversity_change"", ""state_port_diversity_change""]",LOW
4110,CTU49,2011-08-17T03:01:00+00:00,Murlo,0.9991776337418936,RBot,0.9985718764286228,0.0074165823475517,0.02305400719080894,"[""state_iat_change"", ""state_entropy_change"", ""state_top_probability_change""]",LOW
4111,CTU49,2011-08-17T03:02:00+00:00,Murlo,0.9984243365731266,RBot,0.9971925971820048,0.0130167927803733,0.7820738957049084,"[""state_iat_change"", ""state_fin_rate_change"", ""state_directionality_change""]",LOW
4112,CTU49,2011-08-17T03:03:00+00:00,Murlo,0.9990542566749762,RBot,0.9983175052178486,0.0083144509510016,0.7668451085341245,"[""state_iat_change"", ""state_fin_rate_change"", ""state_directionality_change""]",LOW
4113,CTU49,2011-08-17T03:04:00+00:00,Murlo,0.9975787764488008,RBot,0.995663676859845,0.0188927140420958,2.029022957173682,"[""state_iat_change"", ""state_fin_rate_change"", ""state_directionality_change""]",LOW
4114,CTU49,2011-08-17T03:05:00+00:00,Murlo,0.9991996153657812,RBot,0.998622223041786,0.0072601446803632,2.0787286898714075,"[""state_iat_change"", ""state_fin_rate_change"", ""state_directionality_change""]",LOW
4115,CTU49,2011-08-17T03:06:00+00:00,Murlo,0.99887013931755,RBot,0.9979581080101032,0.0096502685622504,0.03471848380842262,"[""state_iat_change"", ""state_entropy_change"", ""state_top_probability_change""]",LOW
4116,CTU49,2011-08-17T03:07:00+00:00,Murlo,0.9991737635797469,RBot,0.9986170495301664,0.0075346639648432,0.03066986688742752,"[""state_iat_change"", ""state_entropy_change"", ""state_top_probability_change""]",LOW
4117,CTU49,2011-08-17T03:08:00+00:00,Murlo,0.998915763949312,RBot,0.9980488295684328,0.0093286816248486,0.027673727951005977,"[""state_iat_change"", ""state_entropy_change"", ""state_top_probability_change""]",LOW
4118,CTU49,2011-08-17T03:09:00+00:00,Murlo,0.99891861383656,RBot,0.998052164177377,0.0093021702573754,0.004440024702949544,"[""state_iat_change"", ""state_entropy_change"", ""state_top_probability_change""]",LOW
4119,CTU49,2011-08-17T03:10:00+00:00,Murlo,0.9989525912007792,RBot,0.9981217725454544,0.0090641585699648,0.010755973100721234,"[""state_iat_change"", ""state_entropy_change"", ""state_top_probability_change""]",LOW
4120,CTU49,2011-08-17T03:11:00+00:00,Murlo,0.9976156626167392,RBot,0.9957406946610086,0.0186830885072586,6.679259288283738,"[""state_iat_change"", ""state_destination_diversity_change"", ""state_port_diversity_change""]",LOW
4121,CTU49,2011-08-17T03:12:00+00:00,Murlo,0.9981279488490756,RBot,0.996796740076494,0.0153918035562094,3.182305556849333,"[""state_iat_change"", ""state_entropy_change"", ""state_top_probability_change""]",LOW
4122,CTU49,2011-08-17T03:13:00+00:00,Murlo,0.9989073859600236,RBot,0.9981618778007384,0.0096399866820226,3.4863743210314713,"[""state_iat_change"", ""state_destination_diversity_change"", ""state_port_diversity_change""]",LOW
4123,CTU49,2011-08-17T03:14:00+00:00,Murlo,0.9989525912007792,RBot,0.9981217725454544,0.0090641585699648,0.011012326857497876,"[""state_iat_change"", ""state_entropy_change"", ""state_top_probability_change""]",LOW
4124,CTU49,2011-08-17T03:15:00+00:00,Murlo,0.998915763949312,RBot,0.9980488295684328,0.0093286816248486,0.015798190987686186,"[""state_iat_change"", ""state_entropy_change"", ""state_top_probability_change""]",LOW
4125,CTU49,2011-08-17T03:16:00+00:00,Murlo,0.9888648680002524,DonBot,0.9817161917449432,0.0725671176698756,12.212750843788852,"[""state_syn_rate_change"", ""state_destination_diversity_change"", ""state_iat_change""]",LOW
4126,CTU49,2011-08-17T03:17:00+00:00,Murlo,0.9931364144264844,DonBot,0.9881154659309586,0.0464542205543428,8.657621960430925,"[""state_syn_rate_change"", ""state_directionality_change"", ""state_destination_diversity_change""]",LOW
4127,CTU49,2011-08-17T03:18:00+00:00,Murlo,0.9893215857786732,DonBot,0.9823536000705868,0.0689596529145108,6.345528925782898,"[""state_syn_rate_change"", ""state_directionality_change"", ""state_destination_diversity_change""]",LOW
4128,CTU49,2011-08-17T03:19:00+00:00,Murlo,0.9936095893569532,DonBot,0.989340816554904,0.0443980277699287,3.138904635846778,"[""state_directionality_change"", ""state_syn_rate_change"", ""state_fin_rate_change""]",LOW
4129,CTU49,2011-08-17T03:20:00+00:00,Murlo,0.9925820570117334,DonBot,0.9870794678432182,0.0495490300079895,2.900365533677397,"[""state_directionality_change"", ""state_rst_rate_change"", ""state_port_diversity_change""]",LOW
4130,CTU49,2011-08-17T03:21:00+00:00,Murlo,0.993922917691828,RBot,0.98837849842684,0.039640622729256,19.40340961226357,"[""state_syn_rate_change"", ""state_destination_diversity_change"", ""state_directionality_change""]",LOW
4131,CTU49,2011-08-17T03:22:00+00:00,Murlo,0.998856718678838,RBot,0.9979365531486952,0.0097586527389257,0.30676142969734327,"[""state_top_probability_change"", ""state_entropy_change"", ""state_iat_change""]",LOW
4132,CTU49,2011-08-17T03:23:00+00:00,Murlo,0.933899420424538,RBot,0.9028709715682008,0.3313686217090553,58.09151252532684,"[""state_byte_rate_change"", ""state_ack_rate_change"", ""state_packet_rate_change""]",LOW
4133,CTU49,2011-08-17T03:24:00+00:00,Murlo,0.9959817996581524,RBot,0.9935510575649266,0.0301066451224351,64.02722524013335,"[""state_byte_rate_change"", ""state_ack_rate_change"", ""state_packet_rate_change""]",LOW
4134,CTU49,2011-08-17T03:25:00+00:00,Murlo,0.9911501118316478,RBot,0.982968302342252,0.0539691166201875,7.223406019774785,"[""state_iat_change"", ""state_rst_rate_change"", ""state_destination_diversity_change""]",LOW
4135,CTU49,2011-08-17T03:26:00+00:00,Murlo,0.999102491678884,RBot,0.9984274709004308,0.0079859611812464,0.47816246227063663,"[""state_top_probability_change"", ""state_entropy_change"", ""state_iat_change""]",LOW
4136,CTU49,2011-08-17T03:27:00+00:00,Murlo,0.9988672311449064,RBot,0.9979546896691984,0.0096772161951075,0.024441609495179897,"[""state_iat_change"", ""state_entropy_change"", ""state_top_probability_change""]",LOW
4137,CTU49,2011-08-17T03:28:00+00:00,Murlo,0.998809027863237,RBot,0.9978352849724114,0.010078514495505,0.017100839477734105,"[""state_iat_change"", ""state_entropy_change"", ""state_top_probability_change""]",LOW
4138,CTU49,2011-08-17T03:29:00+00:00,Murlo,0.9988932190169189,RBot,0.9980172167496942,0.0095214933370698,0.01624611819198876,"[""state_iat_change"", ""state_entropy_change"", ""state_top_probability_change""]",LOW
4139,CTU49,2011-08-17T03:30:00+00:00,Murlo,0.9908052031325671,RBot,0.9822835221431964,0.0556377615070279,0.486922031682689,"[""state_top_probability_change"", ""state_entropy_change"", ""state_iat_change""]",LOW
4140,CTU49,2011-08-17T03:31:00+00:00,Murlo,0.9988287251315532,RBot,0.9979003885114764,0.010023554683187,0.4802883494396957,"[""state_top_probability_change"", ""state_entropy_change"", ""state_iat_change""]",LOW
4141,CTU49,2011-08-17T03:32:00+00:00,Murlo,0.9991567531926684,RBot,0.9985488638359064,0.0076072086496611,0.035020973036187085,"[""state_iat_change"", ""state_entropy_change"", ""state_top_probability_change""]",LOW
4142,CTU49,2011-08-17T03:33:00+00:00,Murlo,0.9918918608620068,RBot,0.9845108604147622,0.0506236665097785,0.4420198770992229,"[""state_top_probability_change"", ""state_entropy_change"", ""state_iat_change""]",LOW
4143,CTU49,2011-08-17T03:34:00+00:00,Murlo,0.9988119334922164,RBot,0.997838734987418,0.0100516371862323,0.42207898390865783,"[""state_top_probability_change"", ""state_entropy_change"", ""state_iat_change""]",LOW
4144,CTU49,2011-08-17T03:35:00+00:00,Murlo,0.994997791119687,RBot,0.9907097807675762,0.0345680033413716,0.574150823231447,"[""state_entropy_change"", ""state_top_probability_change"", ""state_destination_diversity_change""]",LOW
4145,CTU49,2011-08-17T03:36:00+00:00,Murlo,0.998809027863237,RBot,0.9978352849724114,0.010078514495505,0.571666690890972,"[""state_entropy_change"", ""state_top_probability_change"", ""state_destination_diversity_change""]",LOW
4146,CTU49,2011-08-17T03:37:00+00:00,Murlo,0.9982100489540224,RBot,0.9969492070799696,0.0148246671670089,2.411651655533491,"[""state_iat_change"", ""state_destination_diversity_change"", ""state_port_diversity_change""]",LOW
4147,CTU49,2011-08-17T03:38:00+00:00,Murlo,0.9988287251315532,RBot,0.9979003885114764,0.010023554683187,2.4124329732613203,"[""state_iat_change"", ""state_destination_diversity_change"", ""state_port_diversity_change""]",LOW
4148,CTU49,2011-08-17T03:39:00+00:00,Murlo,0.9976838381268044,RBot,0.9956732192858702,0.0177064842641115,0.0859405851478295,"[""state_entropy_change"", ""state_top_probability_change"", ""state_iat_change""]",LOW
4149,CTU49,2011-08-17T03:40:00+00:00,Murlo,0.9940808056023798,RBot,0.988750914501148,0.0390482667475124,0.22599138158527288,"[""state_top_probability_change"", ""state_entropy_change"", ""state_iat_change""]",LOW
4150,CTU49,2011-08-17T03:41:00+00:00,Murlo,0.977474738049848,RBot,0.9570728561329418,0.1176251299691702,4.125651188694256,"[""state_iat_change"", ""state_top_probability_change"", ""state_entropy_change""]",LOW
4151,CTU49,2011-08-17T03:42:00+00:00,Murlo,0.991826625233856,RBot,0.9843773512045676,0.0509307501863886,4.002839429999235,"[""state_iat_change"", ""state_top_probability_change"", ""state_port_diversity_change""]",LOW
4152,CTU49,2011-08-17T03:43:00+00:00,Murlo,0.99796013697264,RBot,0.996412387776742,0.0164329593595361,9.90899354831928,"[""state_iat_change"", ""state_top_probability_change"", ""state_entropy_change""]",LOW
4153,CTU49,2011-08-17T03:44:00+00:00,Murlo,0.99904093352642,RBot,0.998304315953547,0.0084408404197211,9.624441670091825,"[""state_iat_change"", ""state_destination_diversity_change"", ""state_port_diversity_change""]",LOW
4154,CTU49,2011-08-17T03:45:00+00:00,Murlo,0.9989497424166272,RBot,0.9981184589718144,0.0090906866932782,0.01697384662652392,"[""state_iat_change"", ""state_entropy_change"", ""state_top_probability_change""]",LOW
4155,CTU49,2011-08-17T03:46:00+00:00,Murlo,0.993922917691828,RBot,0.98837849842684,0.039640622729256,0.31903872506501557,"[""state_top_probability_change"", ""state_entropy_change"", ""state_iat_change""]",LOW
4156,CTU49,2011-08-17T03:47:00+00:00,Murlo,0.919260010180514,RBot,0.8428539799652216,0.3031679721015502,8.013314037667959,"[""state_iat_change"", ""state_top_probability_change"", ""state_entropy_change""]",LOW
4157,CTU49,2011-08-17T03:48:00+00:00,Murlo,0.9935453439839542,RBot,0.987641511869544,0.0416569726487957,7.989810087828526,"[""state_iat_change"", ""state_top_probability_change"", ""state_entropy_change""]",LOW
4158,CTU49,2011-08-17T03:49:00+00:00,Murlo,0.9991968231115153,RBot,0.9986191077406386,0.0072862352136513,0.3502966195753285,"[""state_top_probability_change"", ""state_entropy_change"", ""state_iat_change""]",LOW
4159,CTU49,2011-08-17T03:50:00+00:00,Murlo,0.999102491678884,RBot,0.9984274709004308,0.0079859611812464,0.019147887024866805,"[""state_iat_change"", ""state_entropy_change"", ""state_top_probability_change""]",LOW
4160,CTU49,2011-08-17T03:51:00+00:00,Murlo,0.998959137896504,RBot,0.9981293503415718,0.0090027928875948,0.018016161469447557,"[""state_iat_change"", ""state_entropy_change"", ""state_top_probability_change""]",LOW
4161,CTU49,2011-08-17T03:52:00+00:00,Murlo,0.99891861383656,RBot,0.998052164177377,0.0093021702573754,0.011455548139660805,"[""state_iat_change"", ""state_entropy_change"", ""state_top_probability_change""]",LOW
4162,CTU49,2011-08-17T03:53:00+00:00,Murlo,0.9910737521581148,RBot,0.9828241344918474,0.0543684426365933,0.46966582822950503,"[""state_top_probability_change"", ""state_entropy_change"", ""state_iat_change""]",LOW
4163,CTU49,2011-08-17T03:54:00+00:00,Murlo,0.998856718678838,RBot,0.9979365531486952,0.0097586527389257,0.4676737591235329,"[""state_top_probability_change"", ""state_entropy_change"", ""state_iat_change""]",LOW
4164,CTU49,2011-08-17T03:55:00+00:00,Murlo,0.9990936206459962,RBot,0.9984629494606616,0.0081503423086274,0.023953538234944075,"[""state_iat_change"", ""state_entropy_change"", ""state_top_probability_change""]",LOW
4165,CTU49,2011-08-17T03:56:00+00:00,Murlo,0.9604051118489064,RBot,0.9319834161694748,0.1988128569824118,18.466788236806554,"[""state_syn_rate_change"", ""state_destination_diversity_change"", ""state_packet_rate_change""]",LOW
4166,CTU49,2011-08-17T03:57:00+00:00,Murlo,0.9882729050653296,DonBot,0.980661454057682,0.074008883448836,8.682031795206127,"[""state_directionality_change"", ""state_rst_rate_change"", ""state_top_probability_change""]",LOW
4167,CTU49,2011-08-17T03:58:00+00:00,Murlo,0.9917097654750556,DonBot,0.986600809343996,0.0565783951811573,7.662521610934564,"[""state_directionality_change"", ""state_syn_rate_change"", ""state_port_diversity_change""]",LOW
4168,CTU49,2011-08-17T03:59:00+00:00,Murlo,0.990858526710665,DonBot,0.9848312714971768,0.0603023664852911,4.32093410304472,"[""state_directionality_change"", ""state_rst_rate_change"", ""state_port_diversity_change""]",LOW
4169,CTU49,2011-08-17T04:00:00+00:00,Murlo,0.985719895489634,DonBot,0.974961002470324,0.0851691837764956,7.475976175836775,"[""state_syn_rate_change"", ""state_destination_diversity_change"", ""state_directionality_change""]",LOW
4170,CTU49,2011-08-17T04:01:00+00:00,Murlo,0.9990641719182546,RBot,0.9984041830451308,0.0083695081693949,12.594279134346392,"[""state_syn_rate_change"", ""state_destination_diversity_change"", ""state_directionality_change""]",LOW
4171,CTU49,2011-08-17T04:02:00+00:00,Murlo,0.9910737521581148,RBot,0.9828241344918474,0.0543684426365933,0.4839050257570774,"[""state_top_probability_change"", ""state_entropy_change"", ""state_iat_change""]",LOW
4172,CTU49,2011-08-17T04:03:00+00:00,Murlo,0.9917553987586556,RBot,0.987608265190002,0.0586577047514842,27.645360485833663,"[""state_byte_rate_change"", ""state_ack_rate_change"", ""state_packet_rate_change""]",LOW
4173,CTU49,2011-08-17T04:04:00+00:00,Murlo,0.9990413675589582,RBot,0.998304026583282,0.0084366860191701,28.07275904302163,"[""state_byte_rate_change"", ""state_ack_rate_change"", ""state_packet_rate_change""]",LOW
4174,CTU49,2011-08-17T04:05:00+00:00,Murlo,0.9910737521581148,RBot,0.9828241344918474,0.0543684426365933,0.4801548739115329,"[""state_top_probability_change"", ""state_entropy_change"", ""state_iat_change""]",LOW
4175,CTU49,2011-08-17T04:06:00+00:00,Murlo,0.9991140797831194,RBot,0.9984596190408436,0.0079173233961175,0.48734448799616165,"[""state_top_probability_change"", ""state_entropy_change"", ""state_iat_change""]",LOW
4176,CTU49,2011-08-17T04:07:00+00:00,Murlo,0.9989525912007792,RBot,0.9981217725454544,0.0090641585699648,0.019639306081470492,"[""state_iat_change"", ""state_entropy_change"", ""state_top_probability_change""]",LOW
4177,CTU49,2011-08-17T04:08:00+00:00,Murlo,0.99879805307043,RBot,0.9978161752578414,0.0101626288062126,0.019000101250500865,"[""state_iat_change"", ""state_entropy_change"", ""state_top_probability_change""]",LOW
4178,CTU49,2011-08-17T04:09:00+00:00,Murlo,0.9971586534240212,RBot,0.9946981156675024,0.0211771256890889,0.11276213320422769,"[""state_entropy_change"", ""state_top_probability_change"", ""state_iat_change""]",LOW
4179,CTU49,2011-08-17T04:10:00+00:00,Murlo,0.9978595854214256,RBot,0.9960450870391648,0.0166849596444363,0.054522658609229106,"[""state_entropy_change"", ""state_top_probability_change"", ""state_iat_change""]",LOW
4180,CTU49,2011-08-17T04:11:00+00:00,Murlo,0.9852584717450988,RBot,0.9721154976755254,0.0840719152753265,3.036865086361919,"[""state_iat_change"", ""state_top_probability_change"", ""state_entropy_change""]",LOW
4181,CTU49,2011-08-17T04:12:00+00:00,Murlo,0.9989065523123544,RBot,0.998168791579388,0.0096636584131984,3.1051759390433253,"[""state_iat_change"", ""state_top_probability_change"", ""state_entropy_change""]",LOW
4182,CTU49,2011-08-17T04:13:00+00:00,Murlo,0.999032290702114,RBot,0.998288788358324,0.0085093509249055,0.020502494175731,"[""state_iat_change"", ""state_entropy_change"", ""state_top_probability_change""]",LOW
4183,CTU49,2011-08-17T04:14:00+00:00,Murlo,0.9991169783021898,RBot,0.9984628834515524,0.0078903451894021,0.0168994252762605,"[""state_iat_change"", ""state_entropy_change"", ""state_top_probability_change""]",LOW
4184,CTU49,2011-08-17T04:15:00+00:00,Murlo,0.9988623403811104,RBot,0.9979690094520802,0.0097888101614332,0.028445970392013853,"[""state_iat_change"", ""state_entropy_change"", ""state_top_probability_change""]",LOW
4185,CTU49,2011-08-17T04:16:00+00:00,Murlo,0.9990006833533652,RBot,0.9982193391510952,0.0087241847651937,0.01814226100616588,"[""state_iat_change"", ""state_entropy_change"", ""state_top_probability_change""]",LOW
4186,CTU49,2011-08-17T04:17:00+00:00,Murlo,0.9911501118316478,RBot,0.982968302342252,0.0539691166201875,0.4754955616083447,"[""state_top_probability_change"", ""state_entropy_change"", ""state_iat_change""]",LOW
4187,CTU49,2011-08-17T04:18:00+00:00,Murlo,0.9989399208053068,RBot,0.9981016916160252,0.009167891831109,0.4690989631131286,"[""state_top_probability_change"", ""state_entropy_change"", ""state_iat_change""]",LOW
4188,CTU49,2011-08-17T04:19:00+00:00,Murlo,0.9912223123762326,RBot,0.98311543292562,0.0536338733268669,0.4672999236656215,"[""state_top_probability_change"", ""state_entropy_change"", ""state_iat_change""]",LOW
4189,CTU49,2011-08-17T04:20:00+00:00,Murlo,0.9991737635797469,RBot,0.9986170495301664,0.0075346639648432,0.4783644593093193,"[""state_top_probability_change"", ""state_entropy_change"", ""state_iat_change""]",LOW
4190,CTU49,2011-08-17T04:21:00+00:00,Murlo,0.99887013931755,RBot,0.9979581080101032,0.0096502685622504,0.03301017402774541,"[""state_iat_change"", ""state_entropy_change"", ""state_top_probability_change""]",LOW
4191,CTU49,2011-08-17T04:22:00+00:00,Murlo,0.9988222570179692,RBot,0.99786603507785,0.0099976827433538,0.013969686632230334,"[""state_iat_change"", ""state_entropy_change"", ""state_top_probability_change""]",LOW
4192,CTU49,2011-08-17T04:23:00+00:00,Murlo,0.9982774378706868,RBot,0.996972045479214,0.0141963803292903,0.37510972934220277,"[""state_destination_diversity_change"", ""state_port_diversity_change"", ""state_directionality_change""]",LOW
4193,CTU49,2011-08-17T04:24:00+00:00,Murlo,0.9991140797831194,RBot,0.9984596190408436,0.0079173233961175,0.3944153360975405,"[""state_destination_diversity_change"", ""state_port_diversity_change"", ""state_directionality_change""]",LOW
4194,CTU49,2011-08-17T04:25:00+00:00,Murlo,0.9911465336164356,RBot,0.9829724621480308,0.0540311490688215,0.4811364782966121,"[""state_top_probability_change"", ""state_entropy_change"", ""state_iat_change""]",LOW
4195,CTU49,2011-08-17T04:26:00+00:00,Murlo,0.9990052995598908,RBot,0.9982303858229328,0.0086939910818272,0.4717426795222992,"[""state_top_probability_change"", ""state_entropy_change"", ""state_iat_change""]",LOW
4196,CTU49,2011-08-17T04:27:00+00:00,Murlo,0.9990052995598908,RBot,0.9982303858229328,0.0086939910818272,0.011183849822582352,"[""state_iat_change"", ""state_top_probability_change"", ""state_entropy_change""]",LOW
4197,CTU49,2011-08-17T04:28:00+00:00,Murlo,0.9983242315711716,RBot,0.9972506644657788,0.0141494818966898,1.6985264255702779,"[""state_iat_change"", ""state_destination_diversity_change"", ""state_port_diversity_change""]",LOW
4198,CTU49,2011-08-17T04:29:00+00:00,Murlo,0.999102491678884,RBot,0.9984274709004308,0.0079859611812464,1.70931693598719,"[""state_iat_change"", ""state_destination_diversity_change"", ""state_port_diversity_change""]",LOW
4199,CTU49,2011-08-17T04:30:00+00:00,Murlo,0.999129755616284,RBot,0.9985334353530144,0.0078748466194821,0.012648575332716551,"[""state_iat_change"", ""state_top_probability_change"", ""state_entropy_change""]",LOW
4200,CTU49,2011-08-17T04:31:00+00:00,Murlo,0.9989291302928828,RBot,0.998073260003928,0.0092281205043592,0.021669377582459685,"[""state_iat_change"", ""state_entropy_change"", ""state_top_probability_change""]",LOW
4201,CTU49,2011-08-17T04:32:00+00:00,Murlo,0.9989615888710556,RBot,0.998134946875168,0.0089875672968004,0.013110406215122395,"[""state_iat_change"", ""state_entropy_change"", ""state_top_probability_change""]",LOW
4202,CTU49,2011-08-17T04:33:00+00:00,Murlo,0.99887013931755,RBot,0.9979581080101032,0.0096502685622504,0.012667294415807611,"[""state_iat_change"", ""state_entropy_change"", ""state_top_probability_change""]",LOW
4203,CTU49,2011-08-17T04:34:00+00:00,Murlo,0.9989525912007792,RBot,0.9981217725454544,0.0090641585699648,0.016626340098656878,"[""state_iat_change"", ""state_entropy_change"", ""state_top_probability_change""]",LOW
4204,CTU49,2011-08-17T04:35:00+00:00,Murlo,0.9799426030204864,DonBot,0.9681243005694458,0.1207499748628178,11.809969687426355,"[""state_syn_rate_change"", ""state_destination_diversity_change"", ""state_rst_rate_change""]",LOW
4205,CTU49,2011-08-17T04:36:00+00:00,Murlo,0.9920712910545684,DonBot,0.9864473789736058,0.0527372252728014,10.092816882330057,"[""state_syn_rate_change"", ""state_directionality_change"", ""state_destination_diversity_change""]",LOW
4206,CTU49,2011-08-17T04:37:00+00:00,Murlo,0.9616734930439944,RBot,0.9359008842472398,0.1942270836348095,6.940306101704297,"[""state_directionality_change"", ""state_syn_rate_change"", ""state_top_probability_change""]",LOW
4207,CTU49,2011-08-17T04:38:00+00:00,Murlo,0.9883927977981962,DonBot,0.9822196134297152,0.0745428007396636,4.248934627297146,"[""state_top_probability_change"", ""state_directionality_change"", ""state_fin_rate_change""]",LOW
4208,CTU49,2011-08-17T04:39:00+00:00,Murlo,0.9908541490196312,DonBot,0.9845306837682536,0.060057833355709,3.2094287461283186,"[""state_directionality_change"", ""state_rst_rate_change"", ""state_fin_rate_change""]",LOW
4209,CTU49,2011-08-17T04:40:00+00:00,Murlo,0.9989497424166272,RBot,0.9981184589718144,0.0090906866932782,20.217593016491374,"[""state_syn_rate_change"", ""state_destination_diversity_change"", ""state_directionality_change""]",LOW
4210,CTU49,2011-08-17T04:41:00+00:00,Murlo,0.9989578575842027,RBot,0.998131990977751,0.0090261268164479,0.01154919121284066,"[""state_iat_change"", ""state_entropy_change"", ""state_top_probability_change""]",LOW
4211,CTU49,2011-08-17T04:42:00+00:00,Murlo,0.968275203767962,RBot,0.9504194524684976,0.1804495356889307,56.180513555020156,"[""state_byte_rate_change"", ""state_ack_rate_change"", ""state_packet_rate_change""]",LOW
4212,CTU49,2011-08-17T04:43:00+00:00,Murlo,0.9953799941629649,RBot,0.9921714310688764,0.033635037118021,57.88874469242052,"[""state_byte_rate_change"", ""state_ack_rate_change"", ""state_packet_rate_change""]",LOW
4213,CTU49,2011-08-17T04:44:00+00:00,Murlo,0.9989525912007792,RBot,0.9981217725454544,0.0090641585699648,3.0076006503460437,"[""state_iat_change"", ""state_rst_rate_change"", ""state_destination_diversity_change""]",LOW
4214,CTU49,2011-08-17T04:45:00+00:00,Murlo,0.9988359487642856,RBot,0.9978881795262498,0.009887732531681,0.018633092254009036,"[""state_iat_change"", ""state_entropy_change"", ""state_top_probability_change""]",LOW
4215,CTU49,2011-08-17T04:46:00+00:00,Murlo,0.9991625379035346,RBot,0.9985707686733512,0.0075809918208188,0.030139226325008695,"[""state_entropy_change"", ""state_top_probability_change"", ""state_iat_change""]",LOW
4216,CTU49,2011-08-17T04:47:00+00:00,Murlo,0.9981160584838432,RBot,0.9967940715019146,0.0155024855258028,5.573669976807495,"[""state_iat_change"", ""state_destination_diversity_change"", ""state_port_diversity_change""]",LOW
4217,CTU49,2011-08-17T04:48:00+00:00,Murlo,0.9990441923428208,RBot,0.9983072636491568,0.008410286954682,5.568210037700403,"[""state_iat_change"", ""state_destination_diversity_change"", ""state_port_diversity_change""]",LOW
4218,CTU49,2011-08-17T04:49:00+00:00,Murlo,0.9960154107185394,RBot,0.9926008461548644,0.0284259523307102,0.665089286952974,"[""state_iat_change"", ""state_entropy_change"", ""state_top_probability_change""]",LOW
4219,CTU49,2011-08-17T04:50:00+00:00,Murlo,0.9940808056023798,RBot,0.988750914501148,0.0390482667475124,0.5899876063306434,"[""state_iat_change"", ""state_destination_diversity_change"", ""state_port_diversity_change""]",LOW
4220,CTU49,2011-08-17T04:51:00+00:00,Murlo,0.996063581076148,RBot,0.9925405010330092,0.0276404347515783,0.12766901354789117,"[""state_top_probability_change"", ""state_entropy_change"", ""state_iat_change""]",LOW
4221,CTU49,2011-08-17T04:52:00+00:00,Murlo,0.8629493898206089,RBot,0.7294413587455331,0.4207289247166151,6.960278638813468,"[""state_top_probability_change"", ""state_entropy_change"", ""state_byte_rate_change""]",LOW
4222,CTU49,2011-08-17T04:53:00+00:00,Murlo,0.9991822286821248,RBot,0.9985912340488078,0.0073983868905594,7.157180325964094,"[""state_top_probability_change"", ""state_entropy_change"", ""state_byte_rate_change""]",LOW
4223,CTU49,2011-08-17T04:54:00+00:00,Murlo,0.999129755616284,RBot,0.9985334353530144,0.0078748466194821,0.01724025169057261,"[""state_iat_change"", ""state_entropy_change"", ""state_top_probability_change""]",LOW
4224,CTU49,2011-08-17T04:55:00+00:00,Murlo,0.9990632979965444,RBot,0.9983714708588206,0.0083206778873579,0.015351521642569916,"[""state_iat_change"", ""state_entropy_change"", ""state_top_probability_change""]",LOW
4225,CTU49,2011-08-17T04:56:00+00:00,Murlo,0.9990437715792724,RBot,0.998307565874144,0.0084143460711537,0.012197570297701915,"[""state_iat_change"", ""state_top_probability_change"", ""state_entropy_change""]",LOW
4226,CTU49,2011-08-17T04:57:00+00:00,Murlo,0.9990775045762332,RBot,0.9984071245580532,0.0082281183650802,0.013114561574937298,"[""state_iat_change"", ""state_top_probability_change"", ""state_entropy_change""]",LOW
4227,CTU49,2011-08-17T04:58:00+00:00,Murlo,0.9989578575842027,RBot,0.998131990977751,0.0090261268164479,0.01879888373743482,"[""state_iat_change"", ""state_entropy_change"", ""state_top_probability_change""]",LOW
4228,CTU49,2011-08-17T04:59:00+00:00,Murlo,0.9964259031878312,RBot,0.9935948930269854,0.0265745373680091,4.158137804951242,"[""state_iat_change"", ""state_directionality_change"", ""state_byte_rate_change""]",LOW
4229,CTU49,2011-08-17T05:00:00+00:00,Murlo,0.9935453439839542,RBot,0.987641511869544,0.0416569726487957,4.158933252683009,"[""state_iat_change"", ""state_directionality_change"", ""state_byte_rate_change""]",LOW
4230,CTU49,2011-08-17T05:01:00+00:00,Murlo,0.9991562208519456,RBot,0.9985863917246974,0.0076751170063835,0.349528879548979,"[""state_top_probability_change"", ""state_entropy_change"", ""state_iat_change""]",LOW
4231,CTU49,2011-08-17T05:02:00+00:00,Murlo,0.9990052995598908,RBot,0.9982303858229328,0.0086939910818272,0.02072653232426737,"[""state_iat_change"", ""state_entropy_change"", ""state_top_probability_change""]",LOW
4232,CTU49,2011-08-17T05:03:00+00:00,Murlo,0.9989273589764176,RBot,0.9980873804074416,0.0092828976096452,0.016124694851749905,"[""state_iat_change"", ""state_entropy_change"", ""state_top_probability_change""]",LOW
4233,CTU49,2011-08-17T05:04:00+00:00,Murlo,0.994753931971983,RBot,0.9903449095547492,0.0362112653567598,1.677829530141077,"[""state_iat_change"", ""state_entropy_change"", ""state_top_probability_change""]",LOW
4234,CTU49,2011-08-17T05:05:00+00:00,Murlo,0.9989525912007792,RBot,0.9981217725454544,0.0090641585699648,1.6795954347045383,"[""state_iat_change"", ""state_entropy_change"", ""state_top_probability_change""]",LOW
4235,CTU49,2011-08-17T05:06:00+00:00,Murlo,0.997120859052272,RBot,0.9948762537378916,0.0219224228031985,4.573598670252248,"[""state_iat_change"", ""state_rst_rate_change"", ""state_port_diversity_change""]",LOW
4236,CTU49,2011-08-17T05:07:00+00:00,Murlo,0.9988330406471788,RBot,0.9978847412499892,0.0099146594170564,4.570343253955988,"[""state_iat_change"", ""state_rst_rate_change"", ""state_port_diversity_change""]",LOW
4237,CTU49,2011-08-17T05:08:00+00:00,Murlo,0.998959137896504,RBot,0.9981293503415718,0.0090027928875948,0.019080435910685315,"[""state_iat_change"", ""state_entropy_change"", ""state_top_probability_change""]",LOW
4238,CTU49,2011-08-17T05:09:00+00:00,Murlo,0.9989525912007792,RBot,0.9981217725454544,0.0090641585699648,0.00939150784149973,"[""state_iat_change"", ""state_entropy_change"", ""state_top_probability_change""]",LOW
4239,CTU49,2011-08-17T05:10:00+00:00,Murlo,0.998959137896504,RBot,0.9981293503415718,0.0090027928875948,0.013795271577625728,"[""state_iat_change"", ""state_entropy_change"", ""state_top_probability_change""]",LOW
4240,CTU49,2011-08-17T05:11:00+00:00,Murlo,0.997944202118406,RBot,0.9964349990721778,0.0166286910365239,2.349859453846987,"[""state_iat_change"", ""state_destination_diversity_change"", ""state_port_diversity_change""]",LOW
4241,CTU49,2011-08-17T05:12:00+00:00,Murlo,0.9989083559142252,RBot,0.998036092259942,0.0093867842971879,2.3441942199886534,"[""state_iat_change"", ""state_destination_diversity_change"", ""state_port_diversity_change""]",LOW
4242,CTU49,2011-08-17T05:13:00+00:00,Murlo,0.9988119334922164,RBot,0.997838734987418,0.0100516371862323,0.014987673947534927,"[""state_iat_change"", ""state_entropy_change"", ""state_top_probability_change""]",LOW
4243,CTU49,2011-08-17T05:14:00+00:00,Murlo,0.998224680687145,RBot,0.9969761103856148,0.0147205282762349,2.392314927473102,"[""state_iat_change"", ""state_destination_diversity_change"", ""state_port_diversity_change""]",LOW
4244,CTU49,2011-08-17T05:15:00+00:00,Murlo,0.9903455817335902,DonBot,0.98403539861429,0.0635076488370469,15.127618455779562,"[""state_syn_rate_change"", ""state_destination_diversity_change"", ""state_packet_rate_change""]",LOW
4245,CTU49,2011-08-17T05:16:00+00:00,Murlo,0.9930320428301688,DonBot,0.9878492345360532,0.0469615408311383,6.1833684274278555,"[""state_directionality_change"", ""state_syn_rate_change"", ""state_destination_diversity_change""]",LOW
4246,CTU49,2011-08-17T05:17:00+00:00,Murlo,0.989045662745905,DonBot,0.9824473768660376,0.0718109543239818,7.189744603790227,"[""state_directionality_change"", ""state_syn_rate_change"", ""state_port_diversity_change""]",LOW
4247,CTU49,2011-08-17T05:18:00+00:00,Murlo,0.981416518868874,RBot,0.971377401041171,0.1089162486909058,8.508411603758043,"[""state_directionality_change"", ""state_syn_rate_change"", ""state_port_diversity_change""]",LOW
4248,CTU49,2011-08-17T05:19:00+00:00,Murlo,0.9716715005046092,DonBot,0.9532901521422544,0.1534086294149182,6.784731136254763,"[""state_syn_rate_change"", ""state_destination_diversity_change"", ""state_iat_change""]",LOW
4249,CTU49,2011-08-17T05:20:00+00:00,Murlo,0.9991337844380074,RBot,0.9984956969340438,0.0077615511618008,17.22896186422396,"[""state_syn_rate_change"", ""state_directionality_change"", ""state_destination_diversity_change""]",LOW
4250,CTU49,2011-08-17T05:21:00+00:00,Murlo,0.9985307416153848,RBot,0.9974492925283402,0.0124916141442004,0.05464638691340585,"[""state_entropy_change"", ""state_top_probability_change"", ""state_iat_change""]",LOW
4251,CTU49,2011-08-17T05:22:00+00:00,Murlo,0.9663678206535742,RBot,0.9438405285446816,0.1836270800692692,56.66366437139603,"[""state_byte_rate_change"", ""state_ack_rate_change"", ""state_packet_rate_change""]",LOW
4252,CTU49,2011-08-17T05:23:00+00:00,Murlo,0.998016712339731,RBot,0.9966374935770008,0.0163083651277269,63.059611453151696,"[""state_byte_rate_change"", ""state_ack_rate_change"", ""state_packet_rate_change""]",LOW
4253,CTU49,2011-08-17T05:24:00+00:00,Murlo,0.9989803194603444,RBot,0.99819686197197,0.0089118477342146,6.993310215481017,"[""state_iat_change"", ""state_destination_diversity_change"", ""state_port_diversity_change""]",LOW
4254,CTU49,2011-08-17T05:25:00+00:00,Murlo,0.9989332429754582,RBot,0.9982358044231304,0.0096078863893538,0.01561677632936593,"[""state_iat_change"", ""state_entropy_change"", ""state_top_probability_change""]",LOW
4255,CTU49,2011-08-17T05:26:00+00:00,Murlo,0.9940625267697047,RBot,0.9886559265069343,0.03890794291248,0.3059554050498061,"[""state_top_probability_change"", ""state_entropy_change"", ""state_iat_change""]",LOW
4256,CTU49,2011-08-17T05:27:00+00:00,Murlo,0.9978595854214256,RBot,0.9960450870391648,0.0166849596444363,0.23849540456209586,"[""state_top_probability_change"", ""state_entropy_change"", ""state_iat_change""]",LOW
4257,CTU49,2011-08-17T05:28:00+00:00,Murlo,0.999102491678884,RBot,0.9984274709004308,0.0079859611812464,0.0914517335378973,"[""state_entropy_change"", ""state_top_probability_change"", ""state_iat_change""]",LOW
4258,CTU49,2011-08-17T05:29:00+00:00,Murlo,0.9988119334922164,RBot,0.997838734987418,0.0100516371862323,0.029684978153393205,"[""state_iat_change"", ""state_entropy_change"", ""state_top_probability_change""]",LOW
4259,CTU49,2011-08-17T05:30:00+00:00,Murlo,0.9990936206459962,RBot,0.9984629494606616,0.0081503423086274,0.026783269109984145,"[""state_entropy_change"", ""state_iat_change"", ""state_top_probability_change""]",LOW
4260,CTU49,2011-08-17T05:31:00+00:00,Murlo,0.9985077647489292,RBot,0.9974217436285736,0.0126976235555782,0.053517040680906035,"[""state_entropy_change"", ""state_top_probability_change"", ""state_iat_change""]",LOW
4261,CTU49,2011-08-17T05:32:00+00:00,Murlo,0.996378701550743,RBot,0.9931988252540276,0.0259596834864868,0.14101495496571773,"[""state_entropy_change"", ""state_top_probability_change"", ""state_iat_change""]",LOW
4262,CTU49,2011-08-17T05:33:00+00:00,Murlo,0.9938699845805492,RBot,0.988279481995718,0.0399406812368479,0.15836554648309376,"[""state_top_probability_change"", ""state_entropy_change"", ""state_iat_change""]",LOW
4263,CTU49,2011-08-17T05:34:00+00:00,Murlo,0.9991737635797469,RBot,0.9986170495301664,0.0075346639648432,0.3346693486508699,"[""state_top_probability_change"", ""state_entropy_change"", ""state_iat_change""]",LOW
4264,CTU49,2011-08-17T05:35:00+00:00,Murlo,0.9977263814896729,RBot,0.996162851017946,0.0183415657445999,5.039614088771182,"[""state_iat_change"", ""state_destination_diversity_change"", ""state_port_diversity_change""]",LOW
4265,CTU49,2011-08-17T05:36:00+00:00,Murlo,0.9990632979965444,RBot,0.9983714708588206,0.0083206778873579,5.032657870964108,"[""state_iat_change"", ""state_destination_diversity_change"", ""state_port_diversity_change""]",LOW
4266,CTU49,2011-08-17T05:37:00+00:00,Murlo,0.9990052995598908,RBot,0.9982303858229328,0.0086939910818272,0.01439772247509276,"[""state_iat_change"", ""state_entropy_change"", ""state_top_probability_change""]",LOW
4267,CTU49,2011-08-17T05:38:00+00:00,Murlo,0.9991169783021898,RBot,0.9984628834515524,0.0078903451894021,0.01624989301544531,"[""state_iat_change"", ""state_entropy_change"", ""state_top_probability_change""]",LOW
4268,CTU49,2011-08-17T05:39:00+00:00,Murlo,0.9989525912007792,RBot,0.9981217725454544,0.0090641585699648,0.019537387565427666,"[""state_iat_change"", ""state_entropy_change"", ""state_top_probability_change""]",LOW
4269,CTU49,2011-08-17T05:40:00+00:00,Murlo,0.99891861383656,RBot,0.998052164177377,0.0093021702573754,0.013224089676281374,"[""state_iat_change"", ""state_entropy_change"", ""state_top_probability_change""]",LOW
4270,CTU49,2011-08-17T05:41:00+00:00,Murlo,0.999102491678884,RBot,0.9984274709004308,0.0079859611812464,0.02092535793930748,"[""state_iat_change"", ""state_entropy_change"", ""state_top_probability_change""]",LOW
4271,CTU49,2011-08-17T05:42:00+00:00,Murlo,0.9988359487642856,RBot,0.9978881795262498,0.009887732531681,0.03068732550716259,"[""state_iat_change"", ""state_entropy_change"", ""state_top_probability_change""]",LOW
4272,CTU49,2011-08-17T05:43:00+00:00,Murlo,0.9989525912007792,RBot,0.9981217725454544,0.0090641585699648,0.020785092794084355,"[""state_iat_change"", ""state_entropy_change"", ""state_top_probability_change""]",LOW
4273,CTU49,2011-08-17T05:44:00+00:00,Murlo,0.99910900359156,RBot,0.9984638807724876,0.0079796375959402,0.019077212127074254,"[""state_iat_change"", ""state_entropy_change"", ""state_top_probability_change""]",LOW
4274,CTU49,2011-08-17T05:45:00+00:00,Murlo,0.9990632979965444,RBot,0.9983714708588206,0.0083206778873579,0.014356789196141384,"[""state_iat_change"", ""state_entropy_change"", ""state_top_probability_change""]",LOW
4275,CTU49,2011-08-17T05:46:00+00:00,Murlo,0.99887013931755,RBot,0.9979581080101032,0.0096502685622504,0.025677919682938134,"[""state_iat_change"", ""state_entropy_change"", ""state_top_probability_change""]",LOW
4276,CTU49,2011-08-17T05:47:00+00:00,Murlo,0.9976118133739956,RBot,0.995738773947472,0.0187155859980153,4.002129225596108,"[""state_iat_change"", ""state_destination_diversity_change"", ""state_port_diversity_change""]",LOW
4277,CTU49,2011-08-17T05:48:00+00:00,Murlo,0.9991737635797469,RBot,0.9986170495301664,0.0075346639648432,4.02207620589479,"[""state_iat_change"", ""state_destination_diversity_change"", ""state_port_diversity_change""]",LOW
4278,CTU49,2011-08-17T05:49:00+00:00,Murlo,0.998959137896504,RBot,0.9981293503415718,0.0090027928875948,0.02270785392931467,"[""state_iat_change"", ""state_entropy_change"", ""state_top_probability_change""]",LOW
4279,CTU49,2011-08-17T05:50:00+00:00,Murlo,0.9991337844380074,RBot,0.9984956969340438,0.0077615511618008,0.022324138529359428,"[""state_iat_change"", ""state_entropy_change"", ""state_top_probability_change""]",LOW
4280,CTU49,2011-08-17T05:51:00+00:00,Murlo,0.9990006833533652,RBot,0.9982193391510952,0.0087241847651937,0.01970869217250638,"[""state_iat_change"", ""state_entropy_change"", ""state_top_probability_change""]",LOW
4281,CTU49,2011-08-17T05:52:00+00:00,Murlo,0.9784895310082168,RBot,0.9585562587177604,0.1116926753107719,2.602888696932949,"[""state_iat_change"", ""state_top_probability_change"", ""state_entropy_change""]",LOW
4282,CTU49,2011-08-17T05:53:00+00:00,Murlo,0.9991562208519456,RBot,0.9985863917246974,0.0076751170063835,2.6149907616911534,"[""state_iat_change"", ""state_top_probability_change"", ""state_entropy_change""]",LOW
4283,CTU49,2011-08-17T05:54:00+00:00,Murlo,0.9860185050029002,DonBot,0.9770682829752853,0.087520241957792,11.707395075729442,"[""state_syn_rate_change"", ""state_destination_diversity_change"", ""state_iat_change""]",LOW
4284,CTU49,2011-08-17T05:55:00+00:00,Murlo,0.9929755113469184,DonBot,0.9878699757851912,0.0474168284647158,8.984325240041473,"[""state_syn_rate_change"", ""state_directionality_change"", ""state_destination_diversity_change""]",LOW
4285,CTU49,2011-08-17T05:56:00+00:00,Murlo,0.9908427410853584,DonBot,0.9849167366465874,0.0605970853134295,5.000738351723702,"[""state_directionality_change"", ""state_syn_rate_change"", ""state_destination_diversity_change""]",LOW
4286,CTU49,2011-08-17T05:57:00+00:00,Murlo,0.9936095893569532,DonBot,0.989340816554904,0.0443980277699287,1.8999954087274753,"[""state_syn_rate_change"", ""state_directionality_change"", ""state_fin_rate_change""]",LOW
4287,CTU49,2011-08-17T05:58:00+00:00,Murlo,0.9927855625869286,DonBot,0.9874670486651576,0.048448784155036,2.8942023651759574,"[""state_directionality_change"", ""state_rst_rate_change"", ""state_port_diversity_change""]",LOW
4288,CTU49,2011-08-17T05:59:00+00:00,Murlo,0.9979516507739218,RBot,0.9964762207756542,0.0166113070332809,19.86654139374293,"[""state_syn_rate_change"", ""state_destination_diversity_change"", ""state_directionality_change""]",LOW
4289,CTU49,2011-08-17T06:00:00+00:00,Murlo,0.9990437715792724,RBot,0.998307565874144,0.0084143460711537,3.4154966795754516,"[""state_iat_change"", ""state_destination_diversity_change"", ""state_port_diversity_change""]",LOW
4290,CTU49,2011-08-17T06:01:00+00:00,Murlo,0.984047203230518,RBot,0.9736701513040938,0.0993475773087018,28.254739514454894,"[""state_byte_rate_change"", ""state_ack_rate_change"", ""state_packet_rate_change""]",LOW
4291,CTU49,2011-08-17T06:02:00+00:00,Murlo,0.9991996153657812,RBot,0.998622223041786,0.0072601446803632,28.269369041324307,"[""state_byte_rate_change"", ""state_ack_rate_change"", ""state_packet_rate_change""]",LOW
4292,CTU49,2011-08-17T06:03:00+00:00,Murlo,0.9991737635797469,RBot,0.9986170495301664,0.0075346639648432,0.010956407594921771,"[""state_iat_change"", ""state_entropy_change"", ""state_top_probability_change""]",LOW
4293,CTU49,2011-08-17T06:04:00+00:00,Murlo,0.9806719569940572,RBot,0.962135502295978,0.0997255930101835,1.3274092176801946,"[""state_top_probability_change"", ""state_entropy_change"", ""state_iat_change""]",LOW
4294,CTU49,2011-08-17T06:05:00+00:00,RBot,0.8872309850842299,Murlo,0.778058481212565,0.3733877386768316,37.40952798591176,"[""state_iat_change"", ""state_top_probability_change"", ""state_entropy_change""]",LOW
4295,CTU49,2011-08-17T06:06:00+00:00,Murlo,0.9991562208519456,RBot,0.9985863917246974,0.0076751170063835,38.439332502747654,"[""state_iat_change"", ""state_top_probability_change"", ""state_entropy_change""]",LOW
4296,CTU49,2011-08-17T06:07:00+00:00,Murlo,0.99891861383656,RBot,0.998052164177377,0.0093021702573754,0.02835520352951973,"[""state_iat_change"", ""state_entropy_change"", ""state_top_probability_change""]",LOW
4297,CTU49,2011-08-17T06:08:00+00:00,Murlo,0.999102491678884,RBot,0.9984274709004308,0.0079859611812464,0.023078459380999106,"[""state_iat_change"", ""state_entropy_change"", ""state_top_probability_change""]",LOW
4298,CTU49,2011-08-17T06:09:00+00:00,Murlo,0.99887013931755,RBot,0.9979581080101032,0.0096502685622504,0.023699884744952642,"[""state_iat_change"", ""state_entropy_change"", ""state_top_probability_change""]",LOW
4299,CTU49,2011-08-17T06:10:00+00:00,Murlo,0.9989319490831712,RBot,0.9980765573564016,0.0092018639324506,0.014769547458194037,"[""state_iat_change"", ""state_entropy_change"", ""state_top_probability_change""]",LOW
4300,CTU49,2011-08-17T06:11:00+00:00,Murlo,0.9977162056874408,RBot,0.9959348521100906,0.0180326075214731,7.22893693148128,"[""state_iat_change"", ""state_destination_diversity_change"", ""state_port_diversity_change""]",LOW
4301,CTU49,2011-08-17T06:12:00+00:00,Murlo,0.99891861383656,RBot,0.998052164177377,0.0093021702573754,7.23012111861858,"[""state_iat_change"", ""state_destination_diversity_change"", ""state_port_diversity_change""]",LOW
4302,CTU49,2011-08-17T06:13:00+00:00,Murlo,0.99891861383656,RBot,0.998052164177377,0.0093021702573754,0.008678931678712202,"[""state_iat_change"", ""state_top_probability_change"", ""state_entropy_change""]",LOW
4303,CTU49,2011-08-17T06:14:00+00:00,Murlo,0.9990441923428208,RBot,0.9983072636491568,0.008410286954682,0.01909990700912158,"[""state_iat_change"", ""state_entropy_change"", ""state_top_probability_change""]",LOW
4304,CTU49,2011-08-17T06:15:00+00:00,Murlo,0.9988359487642856,RBot,0.9978881795262498,0.009887732531681,0.024627544841959965,"[""state_iat_change"", ""state_entropy_change"", ""state_top_probability_change""]",LOW
4305,CTU49,2011-08-17T06:16:00+00:00,Murlo,0.9991677623299804,RBot,0.998565248144922,0.0075135361114481,0.032910889241764656,"[""state_entropy_change"", ""state_iat_change"", ""state_top_probability_change""]",LOW
4306,CTU49,2011-08-17T06:17:00+00:00,Murlo,0.99887013931755,RBot,0.9979581080101032,0.0096502685622504,0.02832944274963406,"[""state_entropy_change"", ""state_top_probability_change"", ""state_iat_change""]",LOW
4307,CTU49,2011-08-17T06:18:00+00:00,Murlo,0.9991737635797469,RBot,0.9986170495301664,0.0075346639648432,0.03043270122498388,"[""state_iat_change"", ""state_entropy_change"", ""state_top_probability_change""]",LOW
4308,CTU49,2011-08-17T06:19:00+00:00,Murlo,0.9989525912007792,RBot,0.9981217725454544,0.0090641585699648,0.025163681589277787,"[""state_iat_change"", ""state_entropy_change"", ""state_top_probability_change""]",LOW
4309,CTU49,2011-08-17T06:20:00+00:00,Murlo,0.9863239090699396,RBot,0.9746186305612288,0.0802619917415554,8.658538330797162,"[""state_iat_change"", ""state_rst_rate_change"", ""state_port_diversity_change""]",LOW
4310,CTU49,2011-08-17T06:21:00+00:00,Murlo,0.9948853479402856,RBot,0.990850918790531,0.0358340709941914,5.859484676862288,"[""state_iat_change"", ""state_rst_rate_change"", ""state_top_probability_change""]",LOW
4311,CTU49,2011-08-17T06:22:00+00:00,Murlo,0.9990441923428208,RBot,0.9983072636491568,0.008410286954682,2.800687487645271,"[""state_iat_change"", ""state_rst_rate_change"", ""state_port_diversity_change""]",LOW
4312,CTU49,2011-08-17T06:23:00+00:00,Murlo,0.9876216624366536,RBot,0.9771415997740568,0.0742821740439287,6.274559439862206,"[""state_iat_change"", ""state_rst_rate_change"", ""state_port_diversity_change""]",LOW
4313,CTU49,2011-08-17T06:24:00+00:00,Murlo,0.9990006833533652,RBot,0.9982193391510952,0.0087241847651937,6.273770833407672,"[""state_iat_change"", ""state_rst_rate_change"", ""state_port_diversity_change""]",LOW
4314,CTU49,2011-08-17T06:25:00+00:00,Murlo,0.9977087739620196,RBot,0.9957159058705014,0.0175280840853844,0.09191081199448169,"[""state_entropy_change"", ""state_top_probability_change"", ""state_iat_change""]",LOW
4315,CTU49,2011-08-17T06:26:00+00:00,Murlo,0.9982123592521044,RBot,0.9969777562094116,0.0148496513238629,2.521081227818767,"[""state_iat_change"", ""state_destination_diversity_change"", ""state_port_diversity_change""]",LOW
4316,CTU49,2011-08-17T06:27:00+00:00,Murlo,0.999092052513676,RBot,0.9984307459531024,0.0081095515170702,2.534787677080957,"[""state_iat_change"", ""state_destination_diversity_change"", ""state_port_diversity_change""]",LOW
4317,CTU49,2011-08-17T06:28:00+00:00,Murlo,0.9990512706893648,RBot,0.998370166245406,0.0084524424919731,0.015950026778136322,"[""state_iat_change"", ""state_entropy_change"", ""state_top_probability_change""]",LOW
4318,CTU49,2011-08-17T06:29:00+00:00,Murlo,0.998959137896504,RBot,0.9981293503415718,0.0090027928875948,0.014162004497823372,"[""state_iat_change"", ""state_top_probability_change"", ""state_entropy_change""]",LOW
4319,CTU49,2011-08-17T06:30:00+00:00,Murlo,0.9990052995598908,RBot,0.9982303858229328,0.0086939910818272,0.014037191470882828,"[""state_iat_change"", ""state_entropy_change"", ""state_top_probability_change""]",LOW
4320,CTU49,2011-08-17T06:31:00+00:00,Murlo,0.9779972265459352,RBot,0.958710841296819,0.1171801102988485,8.242809209850781,"[""state_iat_change"", ""state_rst_rate_change"", ""state_port_diversity_change""]",LOW
4321,CTU49,2011-08-17T06:32:00+00:00,Murlo,0.9989525912007792,RBot,0.9981217725454544,0.0090641585699648,8.24132493972411,"[""state_iat_change"", ""state_rst_rate_change"", ""state_port_diversity_change""]",LOW
4322,CTU49,2011-08-17T06:33:00+00:00,Murlo,0.98622857583732,RBot,0.9740284798704693,0.0793019078312895,5.957145301384312,"[""state_iat_change"", ""state_rst_rate_change"", ""state_port_diversity_change""]",LOW
4323,CTU49,2011-08-17T06:34:00+00:00,Murlo,0.986439596286746,DonBot,0.977694519431531,0.0847974374797118,14.909883035217675,"[""state_syn_rate_change"", ""state_destination_diversity_change"", ""state_iat_change""]",LOW
4324,CTU49,2011-08-17T06:35:00+00:00,Murlo,0.991907421969477,DonBot,0.9865301247875744,0.0544940562457295,4.094940979997415,"[""state_directionality_change"", ""state_destination_diversity_change"", ""state_rst_rate_change""]",LOW
4325,CTU49,2011-08-17T06:36:00+00:00,Murlo,0.991509659306801,DonBot,0.9863450268917204,0.0582399966673911,3.540754306574192,"[""state_directionality_change"", ""state_syn_rate_change"", ""state_rst_rate_change""]",LOW
4326,CTU49,2011-08-17T06:37:00+00:00,Murlo,0.9933864602126862,DonBot,0.9886441641120955,0.0451675848229869,4.8547643414627215,"[""state_directionality_change"", ""state_port_diversity_change"", ""state_rst_rate_change""]",LOW
4327,CTU49,2011-08-17T06:38:00+00:00,Murlo,0.9879384571573602,DonBot,0.9787288258058556,0.0738124228008058,7.169320180262407,"[""state_syn_rate_change"", ""state_destination_diversity_change"", ""state_directionality_change""]",LOW
4328,CTU49,2011-08-17T06:39:00+00:00,Murlo,0.9989525912007792,RBot,0.9981217725454544,0.0090641585699648,13.007655167476159,"[""state_syn_rate_change"", ""state_destination_diversity_change"", ""state_directionality_change""]",LOW
4329,CTU49,2011-08-17T06:40:00+00:00,Murlo,0.9908767658541324,RBot,0.9864146265164104,0.0643858469689772,27.755982157470232,"[""state_byte_rate_change"", ""state_ack_rate_change"", ""state_packet_rate_change""]",LOW
4330,CTU49,2011-08-17T06:41:00+00:00,Murlo,0.9847994815291148,RBot,0.971953640617956,0.0881478945772585,32.29004924394262,"[""state_byte_rate_change"", ""state_ack_rate_change"", ""state_iat_change""]",LOW
4331,CTU49,2011-08-17T06:42:00+00:00,Murlo,0.9965134792077304,RBot,0.9937379733409863,0.0258948569358888,3.5633150646436924,"[""state_iat_change"", ""state_top_probability_change"", ""state_entropy_change""]",LOW
4332,CTU49,2011-08-17T06:43:00+00:00,Murlo,0.998959137896504,RBot,0.9981293503415718,0.0090027928875948,5.8701536923468325,"[""state_iat_change"", ""state_fin_rate_change"", ""state_ack_rate_change""]",LOW
4333,CTU49,2011-08-17T06:44:00+00:00,Murlo,0.998959137896504,RBot,0.9981293503415718,0.0090027928875948,0.008795941793339082,"[""state_iat_change"", ""state_top_probability_change"", ""state_entropy_change""]",LOW
4334,CTU49,2011-08-17T06:45:00+00:00,Murlo,0.9990779796649648,RBot,0.9983955161757696,0.0082015109543702,0.02094274140131162,"[""state_iat_change"", ""state_entropy_change"", ""state_top_probability_change""]",LOW
4335,CTU49,2011-08-17T06:46:00+00:00,Murlo,0.9989525912007792,RBot,0.9981217725454544,0.0090641585699648,0.01915087123520845,"[""state_iat_change"", ""state_entropy_change"", ""state_top_probability_change""]",LOW
4336,CTU49,2011-08-17T06:47:00+00:00,Murlo,0.9980761675561444,RBot,0.9966806766095824,0.0157294448749837,1.243938370129648,"[""state_iat_change"", ""state_destination_diversity_change"", ""state_port_diversity_change""]",LOW
4337,CTU49,2011-08-17T06:48:00+00:00,Murlo,0.9942484839706088,RBot,0.989474977859215,0.0390831349099934,2.527816630138236,"[""state_iat_change"", ""state_rst_rate_change"", ""state_directionality_change""]",LOW
4338,CTU49,2011-08-17T06:49:00+00:00,Murlo,0.9991444195949608,RBot,0.9985387098057088,0.0077247992802535,3.6118043721064947,"[""state_iat_change"", ""state_rst_rate_change"", ""state_port_diversity_change""]",LOW
4339,CTU49,2011-08-17T06:50:00+00:00,Murlo,0.9988932190169189,RBot,0.9980172167496942,0.0095214933370698,0.029614584678373995,"[""state_iat_change"", ""state_entropy_change"", ""state_top_probability_change""]",LOW
4340,CTU49,2011-08-17T06:51:00+00:00,Murlo,0.9980919550402176,RBot,0.9967878254862989,0.0157330332975996,3.2929331728140365,"[""state_iat_change"", ""state_destination_diversity_change"", ""state_port_diversity_change""]",LOW
4341,CTU49,2011-08-17T06:52:00+00:00,Murlo,0.9892619209137312,RBot,0.9794880845665044,0.0639274755355269,1.1074183001330173,"[""state_top_probability_change"", ""state_entropy_change"", ""state_packet_rate_change""]",LOW
4342,CTU49,2011-08-17T06:53:00+00:00,Murlo,0.99891861383656,RBot,0.998052164177377,0.0093021702573754,4.411258393835784,"[""state_iat_change"", ""state_top_probability_change"", ""state_entropy_change""]",LOW
4343,CTU49,2011-08-17T06:54:00+00:00,Murlo,0.9990052995598908,RBot,0.9982303858229328,0.0086939910818272,0.016805629805541285,"[""state_iat_change"", ""state_entropy_change"", ""state_top_probability_change""]",LOW
4344,CTU49,2011-08-17T06:55:00+00:00,Murlo,0.9989955787425956,RBot,0.9982154648089104,0.0087754379152753,0.009579790599919492,"[""state_iat_change"", ""state_entropy_change"", ""state_top_probability_change""]",LOW
4345,CTU49,2011-08-17T06:56:00+00:00,Murlo,0.9978332798778794,RBot,0.996191140404315,0.0173143272346238,2.919666767787076,"[""state_iat_change"", ""state_destination_diversity_change"", ""state_port_diversity_change""]",LOW
4346,CTU49,2011-08-17T06:57:00+00:00,Murlo,0.9989525912007792,RBot,0.9981217725454544,0.0090641585699648,2.9192530527021554,"[""state_iat_change"", ""state_destination_diversity_change"", ""state_port_diversity_change""]",LOW
4347,CTU49,2011-08-17T06:58:00+00:00,Murlo,0.999102491678884,RBot,0.9984274709004308,0.0079859611812464,0.020879165455716952,"[""state_iat_change"", ""state_entropy_change"", ""state_top_probability_change""]",LOW
4348,CTU49,2011-08-17T06:59:00+00:00,Murlo,0.9979718895783366,RBot,0.9966590203202128,0.0166801221663793,3.3417025014900936,"[""state_iat_change"", ""state_destination_diversity_change"", ""state_port_diversity_change""]",LOW
4349,CTU49,2011-08-17T07:00:00+00:00,Murlo,0.9989563495006896,RBot,0.9981260976828984,0.0090287957551059,3.3321256887378863,"[""state_iat_change"", ""state_destination_diversity_change"", ""state_port_diversity_change""]",LOW
4350,CTU49,2011-08-17T07:01:00+00:00,Murlo,0.99887013931755,RBot,0.9979581080101032,0.0096502685622504,0.014469069643524006,"[""state_iat_change"", ""state_entropy_change"", ""state_top_probability_change""]",LOW
4351,CTU49,2011-08-17T07:02:00+00:00,Murlo,0.9990441923428208,RBot,0.9983072636491568,0.008410286954682,0.02228968341958538,"[""state_iat_change"", ""state_entropy_change"", ""state_top_probability_change""]",LOW
4352,CTU49,2011-08-17T07:03:00+00:00,Murlo,0.9745779587493316,RBot,0.9517344347266358,0.1297187061562896,8.282082415333852,"[""state_iat_change"", ""state_rst_rate_change"", ""state_port_diversity_change""]",LOW
4353,CTU49,2011-08-17T07:04:00+00:00,Murlo,0.9920435809217172,RBot,0.9856032052411072,0.0517731190910115,3.648022894908632,"[""state_rst_rate_change"", ""state_top_probability_change"", ""state_iat_change""]",LOW
4354,CTU49,2011-08-17T07:05:00+00:00,Murlo,0.99887013931755,RBot,0.9979581080101032,0.0096502685622504,5.582777315495796,"[""state_iat_change"", ""state_rst_rate_change"", ""state_port_diversity_change""]",LOW
4355,CTU49,2011-08-17T07:06:00+00:00,Murlo,0.9883816903909256,RBot,0.9786871053918754,0.0708048411122011,6.157079791387642,"[""state_iat_change"", ""state_rst_rate_change"", ""state_port_diversity_change""]",LOW
4356,CTU49,2011-08-17T07:07:00+00:00,Murlo,0.9989497424166272,RBot,0.9981184589718144,0.0090906866932782,6.164353100712905,"[""state_iat_change"", ""state_rst_rate_change"", ""state_port_diversity_change""]",LOW
4357,CTU49,2011-08-17T07:08:00+00:00,Murlo,0.9988119334922164,RBot,0.997838734987418,0.0100516371862323,0.020091227249961405,"[""state_iat_change"", ""state_entropy_change"", ""state_top_probability_change""]",LOW
4358,CTU49,2011-08-17T07:09:00+00:00,Murlo,0.998959137896504,RBot,0.9981293503415718,0.0090027928875948,0.022880765709682404,"[""state_iat_change"", ""state_entropy_change"", ""state_top_probability_change""]",LOW
4359,CTU49,2011-08-17T07:10:00+00:00,Murlo,0.9991169783021898,RBot,0.9984628834515524,0.0078903451894021,0.021243964068225363,"[""state_iat_change"", ""state_entropy_change"", ""state_top_probability_change""]",LOW
4360,CTU49,2011-08-17T07:11:00+00:00,Murlo,0.9951820375507936,RBot,0.9913456177106704,0.0343114700819813,4.895871410291906,"[""state_iat_change"", ""state_port_diversity_change"", ""state_rst_rate_change""]",LOW
4361,CTU49,2011-08-17T07:12:00+00:00,Murlo,0.991329000154037,RBot,0.9839224249371868,0.0548600349885579,2.8335906951772714,"[""state_iat_change"", ""state_rst_rate_change"", ""state_port_diversity_change""]",LOW
4362,CTU49,2011-08-17T07:13:00+00:00,Murlo,0.9048040547505216,RBot,0.8445533254221732,0.3936365842812611,16.223677765717735,"[""state_syn_rate_change"", ""state_iat_change"", ""state_top_probability_change""]",LOW
4363,CTU49,2011-08-17T07:14:00+00:00,Murlo,0.9885549977484602,DonBot,0.980890980903499,0.0722280818579573,13.272735348222932,"[""state_syn_rate_change"", ""state_top_probability_change"", ""state_directionality_change""]",LOW
4364,CTU49,2011-08-17T07:15:00+00:00,Murlo,0.9906971942013296,DonBot,0.984811362327262,0.0617549227022114,6.965459345422772,"[""state_syn_rate_change"", ""state_directionality_change"", ""state_fin_rate_change""]",LOW
4365,CTU49,2011-08-17T07:16:00+00:00,Murlo,0.9935043679159324,DonBot,0.9891509195321524,0.0450027913789033,3.2027500116255947,"[""state_directionality_change"", ""state_syn_rate_change"", ""state_fin_rate_change""]",LOW
4366,CTU49,2011-08-17T07:17:00+00:00,Murlo,0.99260940335388,DonBot,0.9871461296673392,0.0494150168572872,2.8926654089419137,"[""state_directionality_change"", ""state_rst_rate_change"", ""state_port_diversity_change""]",LOW
4367,CTU49,2011-08-17T07:18:00+00:00,Murlo,0.9991737635797469,RBot,0.9986170495301664,0.0075346639648432,19.71999292037974,"[""state_syn_rate_change"", ""state_destination_diversity_change"", ""state_directionality_change""]",LOW
4368,CTU49,2011-08-17T07:19:00+00:00,Murlo,0.9991444195949608,RBot,0.9985387098057088,0.0077247992802535,0.015155087290356998,"[""state_iat_change"", ""state_entropy_change"", ""state_top_probability_change""]",LOW
4369,CTU49,2011-08-17T07:20:00+00:00,Murlo,0.969832549686618,RBot,0.9508259276948328,0.1704644520626091,56.847555176741025,"[""state_byte_rate_change"", ""state_ack_rate_change"", ""state_packet_rate_change""]",LOW
4370,CTU49,2011-08-17T07:21:00+00:00,Murlo,0.99891861383656,RBot,0.998052164177377,0.0093021702573754,56.85134154234487,"[""state_byte_rate_change"", ""state_ack_rate_change"", ""state_packet_rate_change""]",LOW
4371,CTU49,2011-08-17T07:22:00+00:00,Murlo,0.9982155718736314,RBot,0.9970985178553524,0.0149654700910952,3.8327830741356697,"[""state_iat_change"", ""state_destination_diversity_change"", ""state_port_diversity_change""]",LOW
4372,CTU49,2011-08-17T07:23:00+00:00,Murlo,0.9978093894543786,RBot,0.9962407388400916,0.0176580845233736,1.9657920016304644,"[""state_iat_change"", ""state_entropy_change"", ""state_top_probability_change""]",LOW
4373,CTU49,2011-08-17T07:24:00+00:00,Murlo,0.998959137896504,RBot,0.9981293503415718,0.0090027928875948,1.9091372645635394,"[""state_iat_change"", ""state_destination_diversity_change"", ""state_port_diversity_change""]",LOW
4374,CTU49,2011-08-17T07:25:00+00:00,Murlo,0.99891861383656,RBot,0.998052164177377,0.0093021702573754,0.013695515961252508,"[""state_iat_change"", ""state_entropy_change"", ""state_top_probability_change""]",LOW
4375,CTU49,2011-08-17T07:26:00+00:00,Murlo,0.99891861383656,RBot,0.998052164177377,0.0093021702573754,0.010762099655836853,"[""state_iat_change"", ""state_top_probability_change"", ""state_entropy_change""]",LOW
4376,CTU49,2011-08-17T07:27:00+00:00,Murlo,0.9990024452766192,RBot,0.9982270980295234,0.0087206136826804,0.011582390935194033,"[""state_iat_change"", ""state_entropy_change"", ""state_top_probability_change""]",LOW
4377,CTU49,2011-08-17T07:28:00+00:00,Murlo,0.9988932190169189,RBot,0.9980172167496942,0.0095214933370698,0.01842001248355017,"[""state_iat_change"", ""state_entropy_change"", ""state_top_probability_change""]",LOW
4378,CTU49,2011-08-17T07:29:00+00:00,Murlo,0.9989525912007792,RBot,0.9981217725454544,0.0090641585699648,0.01728738672813806,"[""state_iat_change"", ""state_entropy_change"", ""state_top_probability_change""]",LOW
4379,CTU49,2011-08-17T07:30:00+00:00,Murlo,0.9991737635797469,RBot,0.9986170495301664,0.0075346639648432,0.025569337622873434,"[""state_iat_change"", ""state_entropy_change"", ""state_top_probability_change""]",LOW
4380,CTU49,2011-08-17T07:31:00+00:00,Murlo,0.9988364594398936,RBot,0.9980318687243618,0.0101703610916444,0.0345903853486965,"[""state_entropy_change"", ""state_iat_change"", ""state_top_probability_change""]",LOW
4381,CTU49,2011-08-17T07:32:00+00:00,Murlo,0.9977902547252616,RBot,0.9961027844621656,0.0175957688399941,2.9059271721885556,"[""state_iat_change"", ""state_destination_diversity_change"", ""state_port_diversity_change""]",LOW
4382,CTU49,2011-08-17T07:33:00+00:00,Murlo,0.9989319490831712,RBot,0.9980765573564016,0.0092018639324506,2.913741378618513,"[""state_iat_change"", ""state_destination_diversity_change"", ""state_port_diversity_change""]",LOW
4383,CTU49,2011-08-17T07:34:00+00:00,Murlo,0.9990052995598908,RBot,0.9982303858229328,0.0086939910818272,0.015641017132912428,"[""state_iat_change"", ""state_entropy_change"", ""state_top_probability_change""]",LOW
4384,CTU49,2011-08-17T07:35:00+00:00,Murlo,0.9980287023776784,RBot,0.9964709233159458,0.0158262951151277,0.563207506102882,"[""state_iat_change"", ""state_destination_diversity_change"", ""state_port_diversity_change""]",LOW
4385,CTU49,2011-08-17T07:36:00+00:00,Murlo,0.9989525912007792,RBot,0.9981217725454544,0.0090641585699648,0.557677632232526,"[""state_iat_change"", ""state_destination_diversity_change"", ""state_port_diversity_change""]",LOW
4386,CTU49,2011-08-17T07:37:00+00:00,Murlo,0.997941145922776,RBot,0.9963894812301528,0.0165836691663021,2.4498376702699844,"[""state_iat_change"", ""state_destination_diversity_change"", ""state_port_diversity_change""]",LOW
4387,CTU49,2011-08-17T07:38:00+00:00,Murlo,0.9991479349609051,RBot,0.9985653391187206,0.0077301811340697,2.462249447128823,"[""state_iat_change"", ""state_destination_diversity_change"", ""state_port_diversity_change""]",LOW
4388,CTU49,2011-08-17T07:39:00+00:00,Murlo,0.9986535222927324,RBot,0.997541891676016,0.0111989604172487,0.04326342396301034,"[""state_entropy_change"", ""state_top_probability_change"", ""state_iat_change""]",LOW
4389,CTU49,2011-08-17T07:40:00+00:00,Murlo,0.9990441923428208,RBot,0.9983072636491568,0.008410286954682,0.03455632917836914,"[""state_entropy_change"", ""state_top_probability_change"", ""state_iat_change""]",LOW
4390,CTU49,2011-08-17T07:41:00+00:00,Murlo,0.999092052513676,RBot,0.9984307459531024,0.0081095515170702,0.01394616965889131,"[""state_iat_change"", ""state_entropy_change"", ""state_top_probability_change""]",LOW
4391,CTU49,2011-08-17T07:42:00+00:00,Murlo,0.9896151890466458,RBot,0.9808528318865462,0.0640431705298239,3.882141401588663,"[""state_iat_change"", ""state_rst_rate_change"", ""state_port_diversity_change""]",LOW
4392,CTU49,2011-08-17T07:43:00+00:00,Murlo,0.9777488570574582,RBot,0.9576754546128944,0.1163149808073265,4.1697808804771945,"[""state_iat_change"", ""state_top_probability_change"", ""state_rst_rate_change""]",LOW
4393,CTU49,2011-08-17T07:44:00+00:00,Murlo,0.991931786545344,RBot,0.9851594173820132,0.0519128238873909,4.64128923221326,"[""state_iat_change"", ""state_rst_rate_change"", ""state_top_probability_change""]",LOW
4394,CTU49,2011-08-17T07:45:00+00:00,Murlo,0.9990779796649648,RBot,0.9983955161757696,0.0082015109543702,3.4253208746619475,"[""state_iat_change"", ""state_rst_rate_change"", ""state_port_diversity_change""]",LOW
4395,CTU49,2011-08-17T07:46:00+00:00,Murlo,0.9989525912007792,RBot,0.9981217725454544,0.0090641585699648,0.0211511046239188,"[""state_iat_change"", ""state_entropy_change"", ""state_top_probability_change""]",LOW
4396,CTU53,2011-08-19T08:42:00+00:00,NSIS Agent,0.8303168021156438,Murlo,0.7817861844514647,0.7461087857616028,0.0,"[""state_top_probability_change"", ""state_entropy_change"", ""state_packet_rate_change""]",MEDIUM
4397,CTU53,2011-08-19T08:43:00+00:00,NSIS Agent,0.90325848290996,Neris,0.8685624226032723,0.4676074972936618,2313.4986536532656,"[""state_byte_rate_change"", ""state_ack_rate_change"", ""state_packet_rate_change""]",LOW
4398,CTU53,2011-08-19T08:44:00+00:00,NSIS Agent,0.9758690712945106,Neris,0.9680810576496672,0.1537777715948524,846.3079973305671,"[""state_byte_rate_change"", ""state_ack_rate_change"", ""state_packet_rate_change""]",LOW
4399,CTU53,2011-08-19T08:45:00+00:00,NSIS Agent,0.957595656848878,Neris,0.942149796923398,0.239531589204437,2392.4123158107686,"[""state_byte_rate_change"", ""state_packet_rate_change"", ""state_ack_rate_change""]",LOW
4400,CTU53,2011-08-19T08:46:00+00:00,NSIS Agent,0.9492571578740868,Murlo,0.9204419472482775,0.2701950485688577,68.29777146262695,"[""state_byte_rate_change"", ""state_destination_diversity_change"", ""state_packet_rate_change""]",LOW
4401,CTU53,2011-08-19T08:47:00+00:00,NSIS Agent,0.951619932697486,Neris,0.937270167197263,0.2765487435931587,930.6024567699748,"[""state_byte_rate_change"", ""state_ack_rate_change"", ""state_packet_rate_change""]",LOW
4402,CTU53,2011-08-19T08:48:00+00:00,NSIS Agent,0.9170260958140372,Virut,0.8886075085550416,0.4181683507060482,1189.9346523974034,"[""state_byte_rate_change"", ""state_ack_rate_change"", ""state_packet_rate_change""]",LOW
4403,CTU53,2011-08-19T08:49:00+00:00,NSIS Agent,0.9740555979260784,Virut,0.96816883800674,0.166195455993849,548.7409881807837,"[""state_byte_rate_change"", ""state_ack_rate_change"", ""state_syn_rate_change""]",LOW
4404,CTU53,2011-08-19T08:50:00+00:00,NSIS Agent,0.9469981127581382,Neris,0.9309062965061098,0.2934167590533106,2041.6106658781162,"[""state_byte_rate_change"", ""state_packet_rate_change"", ""state_ack_rate_change""]",LOW
4405,CTU53,2011-08-19T08:51:00+00:00,NSIS Agent,0.937799063326621,Neris,0.9140084720395296,0.3298462938504816,2221.189409138976,"[""state_byte_rate_change"", ""state_ack_rate_change"", ""state_packet_rate_change""]",LOW
4406,CTU53,2011-08-19T08:52:00+00:00,NSIS Agent,0.9703352558048696,Neris,0.9635233500432756,0.1844747945908862,411.90922685446344,"[""state_ack_rate_change"", ""state_byte_rate_change"", ""state_destination_diversity_change""]",LOW
4407,CTU53,2011-08-19T08:53:00+00:00,NSIS Agent,0.9781150149005112,Neris,0.9723915875517196,0.1423204893214019,1712.4467387074899,"[""state_byte_rate_change"", ""state_packet_rate_change"", ""state_ack_rate_change""]",LOW
4408,CTU53,2011-08-19T08:54:00+00:00,NSIS Agent,0.9889621406800064,Murlo,0.9850229989063658,0.0783525422023002,71.87354567953876,"[""state_byte_rate_change"", ""state_ack_rate_change"", ""state_packet_rate_change""]",LOW
4409,CTU53,2011-08-19T08:55:00+00:00,NSIS Agent,0.9939419638804818,Murlo,0.991429103378482,0.0467042103371969,91.9949619083389,"[""state_byte_rate_change"", ""state_packet_rate_change"", ""state_destination_diversity_change""]",LOW
4410,CTU53,2011-08-19T08:56:00+00:00,NSIS Agent,0.9968745502927358,Murlo,0.9958310783657384,0.026434200415117,31.951825711803124,"[""state_byte_rate_change"", ""state_destination_diversity_change"", ""state_port_diversity_change""]",LOW
4411,CTU53,2011-08-19T08:57:00+00:00,NSIS Agent,0.9965312121856637,Murlo,0.9952200473751636,0.0288350837052456,111.4483710030401,"[""state_byte_rate_change"", ""state_packet_rate_change"", ""state_destination_diversity_change""]",LOW
4412,CTU53,2011-08-19T08:58:00+00:00,NSIS Agent,0.9966343550067852,Murlo,0.9954166776731288,0.0281318075108325,111.66143637839423,"[""state_byte_rate_change"", ""state_packet_rate_change"", ""state_destination_diversity_change""]",LOW
4413,CTU53,2011-08-19T08:59:00+00:00,NSIS Agent,0.9880047069339836,Murlo,0.9835057306197004,0.0841028228274785,106.84223496046333,"[""state_byte_rate_change"", ""state_packet_rate_change"", ""state_port_diversity_change""]",LOW
4414,CTU53,2011-08-19T09:00:00+00:00,NSIS Agent,0.9974659042506994,Murlo,0.9965891320238742,0.0219446036478229,614.1877812554718,"[""state_byte_rate_change"", ""state_packet_rate_change"", ""state_destination_diversity_change""]",LOW
4415,CTU53,2011-08-19T09:01:00+00:00,NSIS Agent,0.9976364161573966,Murlo,0.9967885585562472,0.0205946337685594,316.5646593177373,"[""state_byte_rate_change"", ""state_packet_rate_change"", ""state_destination_diversity_change""]",LOW
4416,CTU53,2011-08-19T09:02:00+00:00,NSIS Agent,0.9845506943412224,Murlo,0.9783734520891852,0.1041400636441577,338.7113145479729,"[""state_byte_rate_change"", ""state_packet_rate_change"", ""state_destination_diversity_change""]",LOW
4417,CTU53,2011-08-19T09:03:00+00:00,NSIS Agent,0.996409410686738,Murlo,0.9950712310293708,0.029734198598839,91.30530612901623,"[""state_byte_rate_change"", ""state_packet_rate_change"", ""state_destination_diversity_change""]",LOW
4418,CTU53,2011-08-19T09:04:00+00:00,NSIS Agent,0.9976148263336234,Murlo,0.9968193408875892,0.0208314050424489,107.69478382113054,"[""state_byte_rate_change"", ""state_packet_rate_change"", ""state_destination_diversity_change""]",LOW
4419,CTU53,2011-08-19T09:05:00+00:00,NSIS Agent,0.9930266746935976,Murlo,0.9905606848021742,0.0531019085887608,62.04370176557219,"[""state_byte_rate_change"", ""state_packet_rate_change"", ""state_destination_diversity_change""]",LOW
4420,CTU53,2011-08-19T09:06:00+00:00,NSIS Agent,0.9970185790891704,Murlo,0.9958773256873992,0.025210491012505,26.64900813103009,"[""state_byte_rate_change"", ""state_packet_rate_change"", ""state_syn_rate_change""]",LOW
4421,CTU53,2011-08-19T09:07:00+00:00,NSIS Agent,0.9896757705321216,Murlo,0.9858020771927466,0.0740773710128763,342.0871292371507,"[""state_byte_rate_change"", ""state_packet_rate_change"", ""state_destination_diversity_change""]",LOW
4422,CTU53,2011-08-19T09:08:00+00:00,NSIS Agent,0.9969480386770893,Murlo,0.9958563651690312,0.0258303073825108,44.45641749582779,"[""state_byte_rate_change"", ""state_packet_rate_change"", ""state_port_diversity_change""]",LOW
4423,CTU53,2011-08-19T09:09:00+00:00,NSIS Agent,0.997412908121048,Murlo,0.9965062768587416,0.022340502383235,483.0203368560346,"[""state_byte_rate_change"", ""state_packet_rate_change"", ""state_port_diversity_change""]",LOW
4424,CTU53,2011-08-19T09:10:00+00:00,NSIS Agent,0.9970712314278196,Murlo,0.9960569964599612,0.0249310471803918,22.862913025182163,"[""state_byte_rate_change"", ""state_packet_rate_change"", ""state_port_diversity_change""]",LOW
4425,CTU53,2011-08-19T09:11:00+00:00,NSIS Agent,0.9922813543387172,Murlo,0.9888849522671174,0.0574351647242541,505.533528036364,"[""state_byte_rate_change"", ""state_packet_rate_change"", ""state_destination_diversity_change""]",LOW
4426,CTU53,2011-08-19T09:12:00+00:00,NSIS Agent,0.9965980163396044,Murlo,0.995405987283112,0.028439185573597,154.21280801520882,"[""state_byte_rate_change"", ""state_packet_rate_change"", ""state_destination_diversity_change""]",LOW
4427,CTU53,2011-08-19T09:13:00+00:00,NSIS Agent,0.9975567241029056,Murlo,0.9966647393834888,0.0212012986588159,409.42750607642074,"[""state_byte_rate_change"", ""state_packet_rate_change"", ""state_destination_diversity_change""]",LOW
4428,CTU53,2011-08-19T09:14:00+00:00,NSIS Agent,0.9971259368373908,Murlo,0.9961143673677904,0.0245062759440066,392.71415578599544,"[""state_byte_rate_change"", ""state_packet_rate_change"", ""state_destination_diversity_change""]",LOW
4429,CTU53,2011-08-19T09:15:00+00:00,NSIS Agent,0.9975042845413816,Murlo,0.9965634102103558,0.0215736866422336,264.46085034130596,"[""state_byte_rate_change"", ""state_packet_rate_change"", ""state_port_diversity_change""]",LOW
4430,CTU53,2011-08-19T09:16:00+00:00,NSIS Agent,0.9952463493416726,Murlo,0.9935241286049774,0.03805663177832,170.00034292968894,"[""state_byte_rate_change"", ""state_packet_rate_change"", ""state_port_diversity_change""]",LOW
4431,CTU53,2011-08-19T09:17:00+00:00,NSIS Agent,0.9973953257384106,Murlo,0.9964403871791347,0.0224303863246587,271.60141410801793,"[""state_byte_rate_change"", ""state_packet_rate_change"", ""state_destination_diversity_change""]",LOW
4432,CTU53,2011-08-19T09:18:00+00:00,NSIS Agent,0.9961620931016828,Murlo,0.994868800299864,0.0316625076223267,471.1924912266558,"[""state_byte_rate_change"", ""state_packet_rate_change"", ""state_destination_diversity_change""]",LOW
4433,CTU53,2011-08-19T09:19:00+00:00,NSIS Agent,0.9933041156095608,Murlo,0.9911381815388208,0.05137671280806,970.6530733719247,"[""state_byte_rate_change"", ""state_packet_rate_change"", ""state_destination_diversity_change""]",LOW
4434,CTU53,2011-08-19T09:20:00+00:00,NSIS Agent,0.997596269472632,Murlo,0.9967780768179336,0.0209577179720614,812.7500096725242,"[""state_byte_rate_change"", ""state_packet_rate_change"", ""state_port_diversity_change""]",LOW
4435,CTU53,2011-08-19T09:21:00+00:00,NSIS Agent,0.9956723004826846,Murlo,0.9941219374702656,0.0350956802894174,213.52878561851603,"[""state_byte_rate_change"", ""state_packet_rate_change"", ""state_port_diversity_change""]",LOW
4436,CTU53,2011-08-19T09:22:00+00:00,NSIS Agent,0.9926115480400064,Murlo,0.9902483539747322,0.0558031254212052,442.9265847825663,"[""state_byte_rate_change"", ""state_packet_rate_change"", ""state_destination_diversity_change""]",LOW
4437,CTU53,2011-08-19T09:23:00+00:00,NSIS Agent,0.9970504348586005,Murlo,0.9959258041211788,0.0249766410680277,794.5684601281727,"[""state_byte_rate_change"", ""state_packet_rate_change"", ""state_destination_diversity_change""]",LOW
4438,CTU53,2011-08-19T09:24:00+00:00,NSIS Agent,0.9955963428169478,Murlo,0.994041696599774,0.0356517182753854,201.71207406251122,"[""state_byte_rate_change"", ""state_packet_rate_change"", ""state_destination_diversity_change""]",LOW
4439,CTU53,2011-08-19T09:25:00+00:00,NSIS Agent,0.9876516024122112,Murlo,0.9840049126791596,0.0871612187819305,247.205410616874,"[""state_byte_rate_change"", ""state_packet_rate_change"", ""state_port_diversity_change""]",LOW
4440,CTU53,2011-08-19T09:26:00+00:00,NSIS Agent,0.9970841787231484,Murlo,0.9960494993903694,0.0248144460511572,966.1065387645325,"[""state_byte_rate_change"", ""state_packet_rate_change"", ""state_destination_diversity_change""]",LOW
4441,CTU53,2011-08-19T09:27:00+00:00,NSIS Agent,0.997604051336322,Murlo,0.9967653974553602,0.0208755316394076,562.7188757688316,"[""state_byte_rate_change"", ""state_packet_rate_change"", ""state_destination_diversity_change""]",LOW
4442,CTU53,2011-08-19T09:28:00+00:00,NSIS Agent,0.9969967634556598,Murlo,0.996000201486506,0.0255233650611011,191.00558646268334,"[""state_byte_rate_change"", ""state_packet_rate_change"", ""state_destination_diversity_change""]",LOW
4443,CTU53,2011-08-19T09:29:00+00:00,NSIS Agent,0.9970554007947144,Murlo,0.9960231318564252,0.0250380106409574,97.59806085039702,"[""state_byte_rate_change"", ""state_packet_rate_change"", ""state_destination_diversity_change""]",LOW
4444,CTU53,2011-08-19T09:30:00+00:00,NSIS Agent,0.9969957173683288,Murlo,0.995934325962575,0.025493560280905,607.502662549066,"[""state_byte_rate_change"", ""state_packet_rate_change"", ""state_destination_diversity_change""]",LOW
4445,CTU53,2011-08-19T09:31:00+00:00,NSIS Agent,0.9975426603390762,Murlo,0.9966737537337392,0.0213343166695238,407.9082180634475,"[""state_byte_rate_change"", ""state_packet_rate_change"", ""state_destination_diversity_change""]",LOW
4446,CTU53,2011-08-19T09:32:00+00:00,NSIS Agent,0.9974532497562124,Murlo,0.996511150426326,0.0219773557385529,205.98723249670047,"[""state_byte_rate_change"", ""state_packet_rate_change"", ""state_destination_diversity_change""]",LOW
4447,CTU53,2011-08-19T09:33:00+00:00,NSIS Agent,0.9971889531664192,Murlo,0.9961614537145942,0.0239944757189381,634.1870168825429,"[""state_byte_rate_change"", ""state_packet_rate_change"", ""state_port_diversity_change""]",LOW
4448,CTU53,2011-08-19T09:34:00+00:00,NSIS Agent,0.9975659802148328,Murlo,0.996692442468151,0.0211450790272946,198.6353959748922,"[""state_byte_rate_change"", ""state_packet_rate_change"", ""state_destination_diversity_change""]",LOW
4449,CTU53,2011-08-19T09:35:00+00:00,NSIS Agent,0.9972327351813716,Murlo,0.996278557641366,0.0237172111423954,350.3000387197285,"[""state_byte_rate_change"", ""state_packet_rate_change"", ""state_destination_diversity_change""]",LOW
4450,CTU53,2011-08-19T09:36:00+00:00,NSIS Agent,0.9974625671228168,Murlo,0.9965079918542664,0.0218878364136236,407.86334629571553,"[""state_byte_rate_change"", ""state_packet_rate_change"", ""state_destination_diversity_change""]",LOW
4451,CTU53,2011-08-19T09:37:00+00:00,NSIS Agent,0.9951015878074476,Murlo,0.9932078763670336,0.0389876453169854,163.51200525854458,"[""state_byte_rate_change"", ""state_port_diversity_change"", ""state_destination_diversity_change""]",LOW
4452,CTU53,2011-08-19T09:38:00+00:00,NSIS Agent,0.9972508399219612,Murlo,0.9962146188045038,0.0235031152017984,274.0621830312203,"[""state_byte_rate_change"", ""state_packet_rate_change"", ""state_destination_diversity_change""]",LOW
4453,CTU53,2011-08-19T09:39:00+00:00,NSIS Agent,0.9976173599344468,Murlo,0.9968109851207352,0.0207985974455053,294.6139780229399,"[""state_byte_rate_change"", ""state_packet_rate_change"", ""state_destination_diversity_change""]",LOW
4454,CTU53,2011-08-19T09:40:00+00:00,NSIS Agent,0.9902170115788952,Murlo,0.9860039054321216,0.070460491968162,671.7650643710899,"[""state_byte_rate_change"", ""state_packet_rate_change"", ""state_destination_diversity_change""]",LOW
4455,CTU53,2011-08-19T09:41:00+00:00,NSIS Agent,0.9958811428549528,Murlo,0.9945271785748456,0.0336911088633512,2897.8380715514613,"[""state_byte_rate_change"", ""state_packet_rate_change"", ""state_destination_diversity_change""]",LOW
4456,CTU53,2011-08-19T09:42:00+00:00,NSIS Agent,0.997597022407396,Murlo,0.9967766463441454,0.020949494539892,2282.115945940956,"[""state_byte_rate_change"", ""state_packet_rate_change"", ""state_destination_diversity_change""]",LOW
4457,CTU53,2011-08-19T09:43:00+00:00,NSIS Agent,0.9972273396066664,Murlo,0.9962182228567332,0.0237121520544352,510.7751052669583,"[""state_byte_rate_change"", ""state_packet_rate_change"", ""state_destination_diversity_change""]",LOW
4458,CTU53,2011-08-19T09:44:00+00:00,NSIS Agent,0.9976070685749858,Murlo,0.9967599724205628,0.0208403769100069,204.03609181443076,"[""state_byte_rate_change"", ""state_packet_rate_change"", ""state_destination_diversity_change""]",LOW
4459,CTU53,2011-08-19T09:45:00+00:00,RBot,0.4780446856225258,Murlo,0.0869501682903869,1.190591427659904,453.6700071502662,"[""state_byte_rate_change"", ""state_packet_rate_change"", ""state_directionality_change""]",MEDIUM
