window_start,window_end,dataset_source,number_of_flows,mean_dst_port,mean_flow_duration,mean_total_packets,total_packets,mean_total_bytes,total_bytes,mean_source_bytes,source_bytes,mean_iat_variance,mean_s_tos,mean_d_tos,mean_tot_fwd_pkts,mean_tot_bwd_pkts,mean_totlen_fwd_pkts,mean_totlen_bwd_pkts,mean_flow_byts_s,mean_flow_pkts_s,mean_flow_iat_mean,mean_flow_iat_std,mean_flow_iat_max,mean_flow_iat_min,mean_fwd_pkts_s,mean_bwd_pkts_s,mean_down_up_ratio,mean_fin_flag_cnt,mean_syn_flag_cnt,mean_rst_flag_cnt,mean_psh_flag_cnt,mean_ack_flag_cnt,mean_urg_flag_cnt,mean_cwe_flag_count,mean_ece_flag_cnt,mean_init_fwd_win_byts,mean_init_bwd_win_byts,mean_fwd_pkt_len_max,mean_fwd_pkt_len_min,mean_fwd_pkt_len_mean,mean_fwd_pkt_len_std,mean_bwd_pkt_len_max,mean_bwd_pkt_len_min,mean_bwd_pkt_len_mean,mean_bwd_pkt_len_std,mean_pkt_len_min,mean_pkt_len_max,mean_pkt_len_mean,mean_pkt_len_std,mean_pkt_len_var,mean_pkt_size_avg,mean_fwd_seg_size_avg,mean_bwd_seg_size_avg,target_next_window
2018-02-03 01:00:00,2018-02-03 01:01:00,CIC,1525,11347.743606557377,9559732.331803279,8.752786885245902,13348.0,931.1711475409836,1420036.0,,0.0,6876679882856.864,,,4.965245901639344,3.7875409836065574,367.3862295081967,563.7849180327869,182621.64326962136,26056.804124076225,5605809.311508862,449221.6424347988,6650223.94557377,5363640.166557377,23159.851074766422,2811.5209047555686,0.34885245901639345,0.005901639344262295,0.015081967213114755,0.3501639344262295,0.49311475409836064,0.41442622950819674,0.04262295081967213,0.0,0.3501639344262295,7598.67737704918,14239.606557377048,228.91475409836065,2.745573770491803,56.10823235967016,89.14368197627476,315.672131147541,6.654426229508196,71.99875023297705,117.07796744678689,2.6898360655737705,358.0098360655738,57.645029882123275,103.64232685194361,27524.454137965742,63.664889056574424,56.10823235967016,71.99875023297705,1
2018-02-03 01:01:00,2018-02-03 01:02:00,CIC,1628,9496.130835380836,7558521.837837838,7.990786240786241,13009.0,1340.396805896806,2182166.0,,0.0,4324016183305.983,,,4.5712530712530715,3.4195331695331697,391.16339066339066,949.2334152334153,480140.42264401854,42462.62164875102,4713807.85312899,401702.7735877727,5878128.5552825555,4530687.512285012,38719.713890656094,3429.915460944473,0.3538083538083538,0.007985257985257985,0.06326781326781326,0.343980343980344,0.4907862407862408,0.4023341523341523,0.019656019656019656,0.0,0.343980343980344,7429.478501228501,14290.004914004914,243.81019656019657,3.585995085995086,59.95401608886609,93.83171447813513,340.80896805896805,7.746928746928747,85.21721990533783,126.0025560770086,3.4717444717444716,384.8421375921376,67.74630291428808,113.65904038316769,32797.03646094503,75.03852645723342,59.95401608886609,85.21721990533783,1
2018-02-03 01:02:00,2018-02-03 01:03:00,CIC,1897,7206.706905640485,11909692.266736953,15.414338429098576,29241.0,8054.830785450712,15280014.0,,0.0,9628841183573.494,,,6.416974169741698,8.99736425935688,458.54243542435427,7596.288350026357,105932.40232078164,8516.606027663895,4307168.377157021,845244.1160054574,7105759.918819188,3984734.4944649446,7922.723869980845,562.4555671827708,0.43595150237216657,0.0031628887717448603,0.021085925144965736,0.30205587770163417,0.503953610964681,0.286768581971534,0.005271481286241434,0.0,0.30205587770163417,7810.048497627833,13384.357406431207,246.65577227200845,9.49235635213495,63.32126818114707,90.25337035765261,405.0822351080654,21.31576172904586,117.98893820349659,148.22075716144332,9.472324723247233,440.2920400632578,84.44364918717449,132.04205839741013,42343.86404641204,95.49079831710701,63.32126818114707,117.98893820349659,1
2018-02-03 01:03:00,2018-02-03 01:04:00,CIC,2246,7093.494657168299,13782466.143365985,9.626447016918966,21621.0,2019.1999109528049,4535123.0,,0.0,6630030815068.668,,,5.18833481745325,4.438112199465717,415.8873552983081,1603.312555654497,95081.86068032826,7390.331020303587,4607146.046170903,747620.9052317906,7013091.580142476,4295170.9986642925,6152.08480007105,1221.7940140336248,0.45547640249332144,0.003116651825467498,0.015583259127337488,0.27025823686553874,0.4772929652715939,0.2680320569902048,0.030276046304541407,0.0,0.27025823686553874,7022.277827248442,12850.924755120213,232.45235975066785,10.804541406945681,59.26339123624666,82.8170075000472,422.3192341941229,23.878005342831703,123.83084035735219,152.5307418944657,10.756455921638468,451.2724844167409,85.3912530731024,134.6990775477747,44450.458876514786,97.0195622164773,59.26339123624666,123.83084035735219,1
2018-02-03 01:04:00,2018-02-03 01:05:00,CIC,1513,8768.942498347653,9666860.687376074,11.368803701255784,17201.0,2366.397884996695,3580360.0,,0.0,4275639244893.0044,,,6.089226701916722,5.279576999339062,465.5558493060145,1900.8420356906809,133297.5646479367,11347.350374295202,5082669.747405029,461724.03705147153,6358125.159947125,4852249.3231989425,8497.997102229172,2841.853370977265,0.33773959021810973,0.005287508261731659,0.015862524785194978,0.4058162590879048,0.5809649702577661,0.34831460674157305,0.020489094514210177,0.0,0.4058162590879048,8942.848645076008,20345.067415730337,283.9874421678784,2.2756113681427625,64.96618382788103,105.42701993726503,424.6470588235294,6.165895571711831,93.94203357580304,155.4863185966755,2.1639127561136813,464.3139458030403,71.98009860981956,131.2288346264653,36586.05028171107,78.49053535953603,64.96618382788103,93.94203357580304,1
2018-02-03 01:05:00,2018-02-03 01:06:00,CIC,1351,10701.162102146558,8115765.141376758,8.019245003700963,10834.0,917.9548482605477,1240157.0,,0.0,2173018319478.5515,,,4.66321243523316,3.3560325684678016,415.99333826794964,501.96150999259805,166134.6077713869,20646.677727354767,5440034.278330256,304433.3258328358,6152453.540340489,5261166.828275352,19326.84334769392,1258.7043198600384,0.34122871946706146,0.0044411547002220575,0.02146558105107328,0.39748334566987414,0.5655070318282753,0.41080680977054035,0.03256846780162842,0.0,0.39748334566987414,8465.294596595115,16846.58401184308,254.32642487046633,0.47150259067357514,60.69648250322502,99.4839565422376,350.47742413027385,1.07179866765359,71.21658434342709,130.42330764510734,0.4707623982235381,394.8704663212435,59.072263282378984,111.95354108266469,28633.67770796982,64.17570752188601,60.69648250322502,71.21658434342709,1
2018-02-03 01:06:00,2018-02-03 01:07:00,CIC,2065,7719.908474576271,11394129.201937046,9.749152542372881,20132.0,1945.1990314769976,4016836.0,,0.0,5343358715577.175,,,5.232929782082325,4.516222760290557,343.63438256658594,1601.5646489104117,141509.04214482216,23053.8510553317,4280391.385392101,549869.189473669,6067383.256174334,4048931.87409201,21420.944039244787,1554.75836848952,0.4687651331719128,0.001937046004842615,0.04019370460048426,0.2179176755447942,0.45811138014527847,0.3525423728813559,0.024697336561743343,0.0,0.2179176755447942,7124.269733656174,10235.497820823244,199.77578692493947,6.907021791767554,51.96155167549201,76.17105232562035,343.69975786924937,19.415496368038742,105.32432716444262,126.77977859774043,6.906537530266344,374.53898305084743,73.47838380013414,116.45678610139274,37414.02316226437,82.82645439638014,51.96155167549201,105.32432716444262,1
2018-02-03 01:07:00,2018-02-03 01:08:00,CIC,1493,7441.52913596785,8126961.158740791,7.362357669122572,10992.0,865.786336235767,1292619.0,,0.0,4749291607165.127,,,4.2337575351640995,3.128600133958473,332.3114534494307,533.4748827863363,160042.01739031373,12500.523602173342,4873432.352885143,396440.5864328937,5824559.770261219,4663663.44474213,10882.682627456335,1609.468219478943,0.3945077026121902,0.003348961821835231,0.008707300736771601,0.29872739450770264,0.5304755525787006,0.3985264567983925,0.013395847287340924,0.0,0.29872739450770264,7956.008707300737,11756.873409243135,209.00669792364366,2.377762893503014,53.008397147401205,84.61603886282384,307.476222371065,4.8734092431346285,70.01716616252111,117.55251335442667,2.359008707300737,346.5552578700603,55.307154514755524,101.90557480174347,25221.1728557876,61.27204463192364,53.008397147401205,70.01716616252111,1
2018-02-03 01:08:00,2018-02-03 01:09:00,CIC,2020,6417.180693069307,8723497.093564356,8.64059405940594,17454.0,1090.9688118811882,2203757.0,,0.0,5994291786594.258,,,4.8,3.8405940594059405,323.1693069306931,767.799504950495,217483.28982304374,14856.237142544805,3731431.890420713,493976.9994797403,5138974.987128713,3506908.0886138612,11723.126398171558,3103.692453004379,0.44356435643564357,0.0014851485148514852,0.011386138613861386,0.2301980198019802,0.5064356435643564,0.36633663366336633,0.009900990099009901,0.0,0.2301980198019802,7587.134158415842,10149.682673267327,194.8480198019802,4.882673267326733,51.39624179316584,77.57344443060198,330.3757425742574,12.220297029702971,85.38882110696535,126.04639407498317,4.8094059405940595,360.01633663366334,62.11885339474604,108.4934216735693,28790.580225174337,70.08139866480397,51.39624179316584,85.38882110696535,1
2018-02-03 01:09:00,2018-02-03 01:10:00,CIC,1332,9977.725975975976,9781880.50900901,7.704954954954955,10263.0,920.1403903903904,1225627.0,,0.0,1592259818675.8848,,,4.453453453453453,3.2515015015015014,404.1569069069069,515.9834834834835,305540.5002025966,27136.901642074117,6529936.432127145,269009.8428731427,7218609.272522522,6387538.706456456,23087.354291886935,3906.936005264601,0.3415915915915916,0.0015015015015015015,0.02927927927927928,0.36036036036036034,0.5427927927927928,0.40615615615615613,0.023273273273273273,0.0,0.36036036036036034,8737.64114114114,16317.933183183182,247.05555555555554,1.09984984984985,59.93675775312087,96.7064876601374,342.2950450450451,1.8633633633633633,70.65955640990465,126.72879722955706,1.0082582582582582,387.18243243243245,58.984785312472226,109.99289611384384,28395.44376184984,64.3502503990075,59.93675775312087,70.65955640990465,1
2018-02-03 01:10:00,2018-02-03 01:11:00,CIC,1487,8005.700739744452,11211407.700739745,10.429724277067923,15509.0,1304.31338264963,1939514.0,,0.0,6453343875773.436,,,5.847343644922663,4.5823806321452585,428.0948217888366,876.2185608607936,136690.87535912433,10289.792764741096,4754655.3891482605,603979.1208040332,6483716.7794216545,4474794.408876933,9696.333438381032,572.6998251490558,0.3934095494283793,0.0020174848688634837,0.01882985877605918,0.30800268997982516,0.5514458641560188,0.3369199731002018,0.014794889038332213,0.0,0.30800268997982516,8930.605917955616,16186.593140551446,258.1149966375252,4.354404841963685,61.84390622608272,96.90176856838869,394.44989912575653,10.615332885003362,93.59408162213653,143.93828304600473,4.353732347007398,434.147276395427,70.27539547765232,124.54668179172832,35062.29298482891,77.85107701531741,61.84390622608272,93.59408162213653,1
2018-02-03 01:11:00,2018-02-03 01:12:00,CIC,1384,8734.665462427745,8738118.21965318,8.210260115606937,11363.0,1367.512283236994,1892637.0,,0.0,3712693151173.6465,,,4.632947976878612,3.5773121387283235,413.95592485549133,953.556358381503,222007.8968858725,14603.979559212394,5416059.8847179655,362170.25247683947,6395688.76950867,5241424.264450867,12328.747733923028,2211.919775235219,0.3663294797687861,0.002890173410404624,0.02167630057803468,0.3338150289017341,0.5375722543352601,0.36127167630057805,0.014450867052023121,0.0,0.3338150289017341,8643.122109826589,14671.717485549132,239.05057803468208,3.4205202312138727,59.35024008872833,92.87489237255781,342.50939306358384,7.382947976878612,81.75346312374278,125.2705278451734,3.3742774566473988,385.71820809248555,64.25542816248843,111.38872233275217,30449.91844708852,70.81805313238439,59.35024008872833,81.75346312374278,1
2018-02-03 01:12:00,2018-02-03 01:13:00,CIC,1656,8013.759057971014,13113190.236714976,9.766908212560386,16174.0,1301.269927536232,2154903.0,,0.0,6482728770527.787,,,5.420289855072464,4.346618357487923,375.5754830917874,925.6944444444445,81611.80025753699,8190.996932807632,5295949.57024913,630634.7125064009,7253809.303743961,5025764.6908212565,6511.233631980233,1650.0857756687687,0.42995169082125606,0.0006038647342995169,0.03804347826086957,0.2995169082125604,0.4867149758454106,0.3164251207729469,0.0320048309178744,0.0,0.2995169082125604,7415.290458937198,13665.750603864733,226.1225845410628,7.4981884057971016,57.08146102123732,83.72101558890036,361.65458937198065,16.743961352657006,93.69666083272342,130.22994344219202,7.330917874396135,398.0676328502415,68.40652665959904,115.51799528601933,33152.979028825204,77.29964746795713,57.08146102123732,93.69666083272342,1
2018-02-03 01:13:00,2018-02-03 01:14:00,CIC,1227,9823.35696821516,7638883.507742462,7.786471067644662,9554.0,877.5411572942136,1076743.0,,0.0,2383335508558.397,,,4.601466992665037,3.185004074979625,399.42216788916056,478.11898940505296,192081.8459073413,16353.698238122328,5614054.717582593,291398.7535555375,6341860.020374898,5456254.8818255905,12624.724694867207,3675.660753567499,0.31295843520782396,0.0016299918500407497,0.027709861450692746,0.37489812550937246,0.5713121434392828,0.39364303178484106,0.019559902200488997,0.0,0.37489812550937246,9257.303993480033,16171.334963325184,251.0684596577017,1.4938875305623471,61.1118183308965,98.97700338303993,335.8704156479218,1.8663406682966586,69.94185383252078,125.03616386789732,1.3365933170334148,384.4327628361858,58.55423382283619,109.11295287336675,27362.01032815085,64.07245455193807,61.1118183308965,69.94185383252078,1
2018-02-03 01:14:00,2018-02-03 01:15:00,CIC,1190,9522.604201680671,11433206.461344538,9.490756302521008,11294.0,878.0655462184874,1044898.0,,0.0,3915998343500.342,,,5.451260504201681,4.039495798319328,380.88487394957986,497.1806722689076,99695.06885488424,10782.418833679387,6951016.850122621,378973.53011148213,7746173.559663866,6721002.626890756,9764.319052597222,999.9780688734244,0.32941176470588235,0.0016806722689075631,0.024369747899159664,0.3739495798319328,0.5487394957983194,0.4092436974789916,0.023529411764705882,0.0,0.3739495798319328,9054.764705882353,15304.076470588236,244.64453781512606,0.7151260504201681,58.718526876473945,97.33163028975042,317.20588235294116,1.3764705882352941,65.32896367803362,117.99847182882353,0.6403361344537815,367.90588235294115,55.20269993714622,104.7282219780563,25930.164878428914,60.119535332029415,58.718526876473945,65.32896367803362,1
2018-02-03 01:15:00,2018-02-03 01:16:00,CIC,1553,8629.795235028976,8957316.392788151,10.018029620090148,15558.0,2983.578235672891,4633497.0,,0.0,3778549450158.0283,,,5.369607211848036,4.648422408242112,416.4771410173857,2567.1010946555057,59028.1716728939,14708.529058259719,4949062.825367134,397253.9165481491,6109018.173213135,4771295.093367675,13988.007927890474,635.2817475665036,0.3715389568576948,0.0025756600128783,0.02704443013522215,0.3148744365743722,0.5183515775917579,0.3399871216999356,0.010946555054732776,0.0,0.3148744365743722,7843.406954282034,14049.033483580168,233.06117192530587,4.971667739858339,57.53780592035222,88.0544468004881,339.37862202189314,11.140373470701867,86.00960059193176,123.06353164033935,4.971667739858339,378.77784932388926,65.56083659788409,109.93478160275144,30528.444294869587,73.05790365599742,57.53780592035222,86.00960059193176,1
2018-02-03 01:16:00,2018-02-03 01:17:00,CIC,2095,5694.740334128878,10609312.339379475,10.42529832935561,21841.0,2978.4410501193315,6239834.0,,0.0,13723467007486.7,,,5.301670644391408,5.123627684964201,336.4377088305489,2642.003341288783,279716.5228400633,9608.74353445409,3752974.838534927,855768.7476806992,6280476.077326969,3370713.0520286397,6627.569266294028,2981.1742681259625,0.49785202863961814,0.0,0.01909307875894988,0.23007159904534608,0.4295942720763723,0.26348448687350834,0.014797136038186158,0.0,0.23007159904534608,6957.78138424821,10463.861575178998,200.81050119331744,15.633890214797136,58.220557186345104,72.00671550171695,332.7780429594272,27.017661097852027,102.30594553535084,119.22960831758091,15.3618138424821,363.6272076372315,74.19508718942912,107.30206627972412,32045.926159198018,87.01235405140382,58.220557186345104,102.30594553535084,1
2018-02-03 01:17:00,2018-02-03 01:18:00,CIC,1660,7021.750602409638,12651299.010240965,8.975301204819278,14899.0,1957.044578313253,3248694.0,,0.0,7291575198407.083,,,4.874698795180723,4.1006024096385545,413.80180722891566,1543.2427710843374,92059.23671456988,6157.301484692748,5890637.174363413,683141.1382953366,8228417.640963855,5626841.439156626,5284.076592198655,862.097239232247,0.4602409638554217,0.0030120481927710845,0.012048192771084338,0.286144578313253,0.48614457831325303,0.30903614457831324,0.013855421686746987,0.0,0.286144578313253,7554.76265060241,11598.278313253011,222.80361445783132,7.8186746987951805,59.48728140137951,84.82965142809941,350.52168674698794,16.831927710843374,99.0712868943976,127.44857604951507,7.764457831325301,386.9909638554217,73.873802471897,115.25385317811808,35080.47798270305,83.0534944155259,59.48728140137951,99.0712868943976,1
2018-02-03 01:18:00,2018-02-03 01:19:00,CIC,1477,9652.37779282329,11027777.011509817,9.448882870683818,13956.0,1077.350710900474,1591247.0,,0.0,6090515389428.99,,,5.29113067027759,4.157752200406229,404.4116452268111,672.9390656736629,102650.100921821,10418.571760113948,6133103.459413538,493961.14972379553,7237280.989844279,5860241.804333108,8832.912764851475,1578.6051213311287,0.3933649289099526,0.002031144211238998,0.025050778605280974,0.3392010832769127,0.5152335815842924,0.36831415030467163,0.04197698036560596,0.0,0.3392010832769127,9291.789438050102,15675.698036560596,242.06364251861882,4.842247799593771,59.44985571330061,91.4312479078436,349.58970886932974,8.769126607989167,78.94217357760326,126.24348103943805,4.142857142857143,391.0209884901828,62.51750270972105,110.72767823088897,29841.88544757548,69.57671341060257,59.44985571330061,78.94217357760326,1
2018-02-03 01:19:00,2018-02-03 01:20:00,CIC,1322,10992.353252647505,9116090.39183056,7.513615733736763,9933.0,813.5196671709531,1075473.0,,0.0,7197074665415.075,,,4.521936459909228,2.991679273827534,377.88880484114975,435.63086232980334,189145.6242681691,29442.047057579017,6553556.941573217,457806.48321468785,7483951.883509833,6289061.279878971,26555.93232343742,2574.3230103523115,0.3245083207261725,0.0030257186081694403,0.05370650529500756,0.3555219364599092,0.5113464447806354,0.45310136157337366,0.023449319213313162,0.0,0.3555219364599092,8700.817700453857,14044.720877458396,227.66111951588502,0.9924357034795764,55.62623058186082,90.13781726995538,299.1641452344932,1.6444780635400909,61.59057269243571,110.97659221182299,0.8419062027231468,345.21860816944024,52.9484007157587,98.25892140150151,24123.577046794835,58.00409554969289,55.62623058186082,61.59057269243571,1
2018-02-03 01:20:00,2018-02-03 01:21:00,CIC,1475,8828.45627118644,14100770.047457628,10.28406779661017,15169.0,1686.6501694915255,2487809.0,,0.0,5044437831528.943,,,5.606101694915254,4.677966101694915,418.2345762711864,1268.415593220339,56478.74031853542,9148.734180462676,6773495.1907859035,502742.10331985133,8092117.68,6513284.0155932205,8557.139251982682,554.379738594417,0.36406779661016947,0.002711864406779661,0.022372881355932205,0.3328813559322034,0.5206779661016949,0.351864406779661,0.008135593220338983,0.0,0.3328813559322034,9239.871186440678,14128.44813559322,236.19593220338984,4.021694915254237,57.81756560059864,90.22942118720339,341.65898305084744,10.282033898305086,84.9680987922983,124.50068969257627,4.021694915254237,383.92542372881354,65.06771084387118,112.04206190689693,31605.07261983564,71.95510128859796,57.81756560059864,84.9680987922983,1
2018-02-03 01:21:00,2018-02-03 01:22:00,CIC,1457,8098.817433081675,9726813.79409746,9.479066575154427,13811.0,2388.8064516129034,3480491.0,,0.0,5756857608025.791,,,4.987645847632121,4.491420727522306,412.1180507892931,1976.6884008236102,34575.17642286394,3489.523378036623,5510177.759619433,464651.31870207185,6649280.921070693,5243057.827041867,3027.4460394187,454.89232138333153,0.37405628002745367,0.0006863417982155113,0.016472203157172273,0.3164035689773507,0.5497597803706246,0.3335621139327385,0.009608785175017159,0.0,0.3164035689773507,8742.825669183254,15256.000686341798,245.82155113246398,4.210020590253946,60.14892154734386,93.58835710153055,360.83115991763896,9.239533287577213,86.89355618768704,132.90546826879205,4.170212765957447,401.79958819492106,66.69248056670143,116.05484448701648,31743.404018288107,73.82202588664379,60.14892154734386,86.89355618768704,1
2018-02-03 01:22:00,2018-02-03 01:23:00,CIC,1311,8890.671243325705,8950728.43020595,9.329519450800916,12231.0,1015.091533180778,1330785.0,,0.0,2479716149721.191,,,5.245614035087719,4.083905415713196,409.4561403508772,605.6353928299009,25866.444431958436,4491.834102230323,5605566.566313363,292513.57543088036,6268450.814645309,5430423.33180778,3358.8350210882363,1132.9990811782998,0.35926773455377575,0.0,0.010678871090770405,0.39893211289092295,0.5530129672006102,0.35926773455377575,0.02212051868802441,0.0,0.39893211289092295,9505.62242562929,16565.234935163997,248.46224256292905,2.887109077040427,61.169746906390536,96.75526978828375,343.0587337909992,5.836003051106026,75.68068613088711,126.4549888245614,2.8634630053394354,388.001525553013,61.35921593532723,110.74878367591685,28601.89929149638,67.57586532802975,61.169746906390536,75.68068613088711,1
2018-02-03 01:23:00,2018-02-03 01:24:00,CIC,1921,5948.31962519521,8357011.347214992,7.035918792295679,13516.0,803.3685580426861,1543271.0,,0.0,4428817485787.371,,,4.045288912024987,2.9906298802706925,297.3112961998959,506.05726184279024,299209.66332463827,19015.957878394216,4523712.515095167,335052.629290132,5255822.740239458,4329065.579906299,16651.21334118296,2344.9465592239503,0.418011452368558,0.0015616866215512754,0.015616866215512754,0.24362311296199896,0.5174388339406559,0.4096824570536179,0.015616866215512754,0.0,0.24362311296199896,7621.61374284227,9076.99427381572,181.64914107235813,2.14679854242582,47.14757177247215,76.04174324929308,293.20093701197294,4.256637168141593,68.09807156051171,117.94258229701197,2.1004685059864654,324.57470067673086,52.19148751049349,98.42437575592399,23223.867228686857,58.18264336585893,47.14757177247215,68.09807156051171,1
2018-02-03 01:24:00,2018-02-03 01:25:00,CIC,1311,8487.245614035088,10692948.534706332,9.926773455377575,13014.0,1643.6506483600306,2154826.0,,0.0,9941653796596.035,,,5.452326468344775,4.474446987032799,407.04042715484366,1236.610221205187,195917.01831993315,13739.587305354307,5331439.127278121,669068.8334624678,7045938.667429443,4994056.669717773,13211.736204271507,485.93016344481237,0.37452326468344777,0.006102212051868803,0.028985507246376812,0.37681159420289856,0.5385202135774219,0.36384439359267734,0.010678871090770405,0.0,0.37681159420289856,9002.33180778032,14440.643020594965,240.89931350114418,3.414187643020595,59.86889993003432,94.42346074975973,346.4347826086956,7.682684973302822,87.50564051020595,128.7565098267864,3.3905415713196034,393.6994660564455,67.45879953637224,116.18755533531883,33246.02407309097,74.26532338852783,59.86889993003432,87.50564051020595,1
2018-02-03 01:25:00,2018-02-03 01:26:00,CIC,1676,7504.879474940334,11657228.38365155,8.912291169451073,14937.0,1295.752983293556,2171682.0,,0.0,6793855294180.464,,,4.951670644391408,3.960620525059666,433.14797136038186,862.6050119331742,363087.00231934816,15630.596765364033,5220459.402319812,632722.3425926247,7043735.193317423,4928301.9970167065,14208.378074870829,1422.21869053934,0.42899761336515513,0.0017899761336515514,0.019689737470167064,0.3424821002386635,0.5208830548926014,0.30071599045346065,0.015513126491646777,0.0,0.3424821002386635,8192.270883054893,14795.75477326969,245.6634844868735,6.587112171837709,60.942511554906325,90.95550014913067,383.59486873508354,14.257159904534607,94.71943477545943,138.33770232629473,6.486276849642005,420.74940334128877,70.65604308735561,120.78301605441051,34675.75478431575,79.28130881123985,60.942511554906325,94.71943477545943,1
2018-02-03 01:26:00,2018-02-03 01:27:00,CIC,2271,6561.248348745046,13184651.741083223,16.551298987230297,37588.0,7909.667107001321,17962854.0,,0.0,7008532290322.814,,,7.5297225891677675,9.021576398062528,408.18273888155,7501.484368119771,127166.94475966104,15311.628878184414,4398240.128639901,677843.457960532,6241297.392778512,4068675.6886833995,14346.714575196069,964.9143030391805,0.4623513870541612,0.0030823425803610744,0.014090708938793483,0.25803610744165567,0.48304711580801407,0.2884191985909291,0.009247027741083224,0.0,0.25803610744165567,7644.669308674593,12349.32892998679,224.40774988991635,8.13518273888155,55.48105713639542,81.2661502951572,387.0453544693967,21.17129018053721,114.33966148589741,141.43841118587187,8.13518273888155,415.8502862175253,79.50093539611933,127.11781992412418,41721.59686730832,89.4486550420317,55.48105713639542,114.33966148589741,1
2018-02-03 01:27:00,2018-02-03 01:28:00,CIC,1796,8717.810690423163,9386442.409242762,11.829064587973274,21245.0,4081.5501113585747,7330464.0,,0.0,6161639440194.528,,,5.976057906458798,5.853006681514477,485.9008908685969,3595.649220489978,107212.83848555537,12707.93334838435,4781411.406751333,487310.7162711555,6016081.975501114,4530614.259465479,11159.20508126504,1506.274146840523,0.38585746102449886,0.0033407572383073497,0.021158129175946547,0.321826280623608,0.5378619153674833,0.33853006681514475,0.030623608017817373,0.0,0.321826280623608,8245.059020044544,17182.628619153675,264.50501113585744,4.621380846325167,63.68342527631125,98.08219109571492,411.20991091314033,12.478285077951002,97.60868134556794,149.60578941823832,4.543986636971047,447.521714922049,73.24487120658686,128.78410241182794,36970.04071895065,81.2752255916147,63.68342527631125,97.60868134556794,1
2018-02-03 01:28:00,2018-02-03 01:29:00,CIC,1594,10161.181932245921,9644104.893350063,14.058343789209536,22409.0,5444.614805520702,8678716.0,,0.0,3552028455664.5093,,,7.023212045169386,7.03513174404015,477.87703889585947,4966.737766624843,165217.83736130106,18341.160814730734,5953819.311243916,377584.9549105677,6840086.218318695,5741143.295483061,15300.240360222591,2948.8694592171287,0.2904642409033877,0.006273525721455458,0.04015056461731493,0.3958594730238394,0.5633626097867002,0.3851944792973651,0.02258469259723965,0.0,0.3958594730238394,9897.387076537014,21290.52070263488,287.45796737766625,1.2296110414052697,65.37008549776034,106.64494594389085,415.86260978670015,2.2785445420326225,84.58190693062107,152.02999041964242,1.141154328732748,455.5439146800502,68.08055840440088,126.8619704150207,34283.45865657565,73.93935829610477,65.37008549776034,84.58190693062107,1
2018-02-03 01:29:00,2018-02-03 01:30:00,CIC,1707,8704.36438195665,10273448.402460458,8.948447568834212,15275.0,1493.8359695371998,2549978.0,,0.0,6814508948030.134,,,5.080843585237258,3.8676039835969536,548.2706502636204,945.5653192735793,139172.35844692148,17667.498139842188,5897584.022378038,559139.5170748841,7490333.052724077,5625191.277680141,16321.87134191068,1314.5767133345203,0.36496777973052136,0.0035149384885764497,0.025776215582893967,0.335676625659051,0.5284124194493263,0.3298183948447569,0.014059753954305799,0.0,0.335676625659051,8631.042179261864,16645.727006444053,261.4879906268307,5.8107791446983015,67.40350545530814,96.64945743817107,395.908611599297,11.7709431751611,98.25526716120093,144.89832066650263,4.813708260105448,437.8705330990041,78.09683307556766,127.16115762648975,37493.75442217353,86.43565106915057,67.40350545530814,98.25526716120093,1
2018-02-03 01:30:00,2018-02-03 01:31:00,CIC,2875,6296.451478260869,16010699.981913043,14.336347826086957,41217.0,6995.990260869566,20113472.0,,0.0,11737428981435.736,,,5.988869565217391,8.347478260869565,388.8093913043478,6607.180869565217,340347.0911220056,13602.30748065066,3457327.348371009,1105634.4898214506,7115270.221565218,3003186.299826087,12412.696256403255,1137.567613045098,0.5547826086956522,0.0038260869565217392,0.028521739130434782,0.2066086956521739,0.44521739130434784,0.2194782608695652,0.008695652173913044,0.0,0.2066086956521739,6365.046956521739,9901.940173913043,209.0326956521739,13.193739130434782,55.50715685283583,72.13027796718922,416.2758260869565,32.86782608695652,134.38417502432105,146.84779301668453,13.129391304347827,439.7537391304348,89.65739749118887,134.12716868969076,46220.902583296556,102.54978374745183,55.50715685283583,134.38417502432105,1
2018-02-03 01:31:00,2018-02-03 01:32:00,CIC,1635,8592.421406727828,12059417.03853211,10.98165137614679,17955.0,2950.616513761468,4824258.0,,0.0,6499195207508.59,,,5.781039755351682,5.200611620795107,467.5571865443425,2483.0593272171254,29945.671760852307,4524.345338213911,6384241.319353957,535151.7732037563,8088789.606116208,6156218.316207951,3627.1253230053544,891.6856477764801,0.3785932721712538,0.0030581039755351682,0.009174311926605505,0.381651376146789,0.5535168195718655,0.3186544342507645,0.018960244648318043,0.0,0.381651376146789,9227.628134556575,18076.404281345567,262.48623853211006,4.2629969418960245,62.52112202272783,96.98381363800978,404.1553516819572,10.658715596330275,100.43154507654435,145.25509568009787,4.2629969418960245,440.5535168195719,74.85847489482813,127.1381261196416,37765.374488977955,82.29182178938837,62.52112202272783,100.43154507654435,1
2018-02-03 01:32:00,2018-02-03 01:33:00,CIC,1839,9550.888526373028,14944408.621533442,15.191408374116367,27937.0,6239.810222947254,11475011.0,,0.0,12734509237371.621,,,7.2724306688417615,7.918977705274606,516.852637302882,5722.957585644372,36760.70820204157,14325.191011107596,5304081.300863747,1060681.7234506917,8572802.983143013,4857901.088635128,11946.98836817901,2300.3060089108435,0.41381185426862427,0.002175095160413268,0.022294725394236,0.3306144643828168,0.5165851005981512,0.34692767808591624,0.051658510059815116,0.0,0.3306144643828168,8285.292006525286,14818.847199564982,260.5138662316476,5.094072865687874,62.597956488986405,95.64647267916693,426.6715606307776,12.918433931484502,115.4684568205492,157.1718098268461,5.0935290918977705,462.18814573137576,83.5503613376993,137.83489151416856,45840.32904141628,91.82097281056281,62.597956488986405,115.4684568205492,1
2018-02-03 01:33:00,2018-02-03 01:34:00,CIC,1829,12591.52597047567,9496081.78622198,10.140513942044834,18547.0,2847.0382722799345,5207233.0,,0.0,2676155256738.6514,,,5.389830508474576,4.750683433570257,380.4609075997813,2466.577364680153,323022.721884081,60327.76471184577,4790075.17271714,388917.4030407868,5957620.837069437,4610503.8884636415,55990.56948647142,3512.594832908486,0.3553854565336249,0.007107709130672498,0.08529250956806998,0.30344450519409516,0.47020229633679606,0.45653362493165667,0.06560962274466922,0.0,0.30344450519409516,8421.539639147075,14044.542919628213,220.66429743028976,2.9332968835429196,53.08528192041225,83.0043923744773,332.22963367960637,6.641880809185348,80.87010807055222,120.94100070399672,2.822854018589393,368.944231820667,63.02194972900383,107.0812688868223,31056.344649588533,69.61783887668125,53.08528192041225,80.87010807055222,1
2018-02-03 01:34:00,2018-02-03 01:35:00,CIC,1663,8593.346361996391,13665677.868310282,11.100420926037282,18460.0,3041.4497895369814,5057931.0,,0.0,6685268395076.415,,,5.582681900180397,5.517739025856885,439.0781719783524,2602.371617558629,70924.81024209701,11996.535104707886,6188922.755460506,627052.52654097,7963600.299458809,5902380.657847264,10575.882721496188,1406.224800444959,0.39025856885147325,0.0018039687312086591,0.030667468430547205,0.34996993385447983,0.5273601924233313,0.3409500901984366,0.01803968731208659,0.0,0.34996993385447983,8788.593505712568,15722.1791942273,251.8959711365003,4.997594708358388,61.02387058106434,93.71619865361636,390.54660252555624,9.923030667468431,95.56070120501744,141.73137659093146,4.297053517739026,428.1262778111846,73.18067962512568,123.5964947413205,36192.34086041666,80.69273962844558,61.02387058106434,95.56070120501744,1
2018-02-03 01:35:00,2018-02-03 01:36:00,CIC,2662,6103.438767843727,14221538.36701728,11.892937640871525,31659.0,3413.426746806912,9086542.0,,0.0,8101107580071.802,,,6.021412471825695,5.87152516904583,450.5244177310293,2962.902329075883,112737.90273472191,12064.709691460923,3688830.9236542387,866792.4979908736,6574485.299774606,3334615.2118707737,11094.453401844552,924.9343148535894,0.5522163786626596,0.003005259203606311,0.02667167543200601,0.22577009767092412,0.44440270473328325,0.23553719008264462,0.009767092411720512,0.0,0.22577009767092412,6918.43388429752,11538.384673178061,230.2907588279489,12.931254695717506,58.54195387253118,78.32319426173329,420.32757325319307,33.958302028549966,138.8565657528674,147.27148596871788,12.89969947407964,445.77610818933135,92.85273038102105,137.1409116391375,47645.72764707072,105.53040518422577,58.54195387253118,138.8565657528674,1
2018-02-03 01:36:00,2018-02-03 01:37:00,CIC,2068,8527.543036750483,11450525.250967119,14.789651837524177,30585.0,6869.290135396518,14205692.0,,0.0,6990523290190.301,,,6.848646034816247,7.94100580270793,384.6228239845261,6484.667311411992,228486.15057282042,19481.95251451676,4396549.553774981,610284.1456721743,6022535.034332689,4082054.736943907,15905.58263185433,3501.0044957728787,0.46083172147001933,0.0038684719535783366,0.023694390715667313,0.26450676982591875,0.4738878143133462,0.344294003868472,0.03239845261121857,0.0,0.26450676982591875,7723.761121856866,12154.293036750483,215.77852998065765,7.009671179883946,54.256812936904254,80.15301003481237,351.17117988394585,16.76402321083172,95.41257497616054,126.151235089294,6.925531914893617,383.7282398452611,69.73226497594779,113.68778117402032,33465.95025533344,78.30002762134575,54.256812936904254,95.41257497616054,1
2018-02-03 01:37:00,2018-02-03 01:38:00,CIC,1861,10339.929070392262,12877509.959161742,8.505104782375067,15828.0,1426.8033315421817,2655281.0,,0.0,10829720219712.443,,,4.672756582482537,3.832348199892531,330.5077915099409,1096.2955400322408,188381.45846601808,24395.62151734022,5672660.652674051,771340.347373173,7535041.760343901,5284058.050510478,21869.10199252262,2342.9952362130216,0.42235357334766255,0.0032240730789897904,0.039763567974207416,0.27028479312197745,0.44223535733476627,0.39602364320257927,0.03600214938205266,0.0,0.27028479312197745,7858.933369156368,11100.51101558302,199.73885008060182,5.61579795808705,50.295258678938204,75.31457790585975,302.5013433637829,13.961311123052122,80.3725758494519,109.4589551408576,5.577646426652337,338.472326706072,60.96488045654863,100.43219126338097,28995.36022517312,68.59078021727404,50.295258678938204,80.3725758494519,1
2018-02-03 01:38:00,2018-02-03 01:39:00,CIC,2442,7864.396805896806,10069596.499180999,12.909090909090908,31524.0,5203.542588042588,12707051.0,,0.0,7054563772348.465,,,6.232186732186732,6.676904176904177,360.24037674037675,4843.302211302212,180239.75566890722,23147.708651478213,3630610.9450790584,544522.2773144054,4988956.816953317,3340039.1433251435,21064.880542713163,2006.9961394503714,0.43161343161343163,0.001638001638001638,0.04176904176904177,0.2534807534807535,0.48034398034398035,0.38042588042588044,0.022113022113022112,0.0,0.2534807534807535,7163.308353808354,11931.604013104014,210.9807534807535,5.260851760851761,51.9889811619222,79.54722654188124,357.94553644553645,13.185913185913186,96.48329481191236,135.12851444372072,5.2481572481572485,386.26617526617525,69.82803532511016,117.43145760949426,35078.345891898214,77.9593860868448,51.9889811619222,96.48329481191236,1
2018-02-03 01:39:00,2018-02-03 01:40:00,CIC,2625,6119.929142857143,12685457.99504762,13.467809523809525,35353.0,6812.516952380953,17882857.0,,0.0,7749997505106.951,,,5.543619047619048,7.924190476190476,403.30742857142855,6409.2095238095235,134807.1298935833,13476.97549886597,3606573.642846934,760924.0645787545,5906963.001142858,3278469.024761905,11982.93273335506,1452.970078306801,0.5398095238095239,0.001142857142857143,0.025523809523809525,0.22095238095238096,0.44114285714285717,0.28114285714285714,0.016761904761904763,0.0,0.22095238095238096,6135.647619047619,10101.288380952381,213.54590476190475,10.884952380952381,55.29766989565409,76.37577636995734,379.1424761904762,26.174857142857142,119.79109772808154,136.6699468947958,10.775238095238095,405.9478095238095,83.40282391091276,125.53776084959809,42014.85193043502,94.62557842364153,55.29766989565409,119.79109772808154,1
2018-02-03 01:40:00,2018-02-03 01:41:00,CIC,2209,7872.971027614305,13331700.49932096,13.878225441376188,30657.0,6367.841104572205,14066561.0,,0.0,7692154750811.074,,,6.492530556813038,7.385694884563151,380.22996831145315,5987.611136260752,222132.72793249038,17806.96229104527,4696971.419449682,734104.1794540717,6889243.398822997,4367662.35174287,13734.363501742038,4048.415499634792,0.5065640561339972,0.002716161158895428,0.025803531009506563,0.2494341330918968,0.419194205522861,0.3110004526935265,0.03712086917157085,0.0,0.2494341330918968,6819.964237211408,11453.732458125849,208.39610683567224,9.992756903576279,54.55953035326664,75.50012230129107,349.2494341330919,24.016749660479856,105.32747623423268,122.88289384127478,9.887732005432323,380.2824807605251,75.02249707458986,114.71084104252286,36515.23919618154,85.59203827980353,54.55953035326664,105.32747623423268,1
2018-02-03 01:41:00,2018-02-03 01:42:00,CIC,2559,7806.138726064869,12952253.474013286,22.128956623681127,56628.0,15138.732708089097,38740017.0,,0.0,8335770559319.172,,,8.39116842516608,13.737788198515045,406.45525595935914,14732.277452129738,203577.5438308904,15297.13316445244,3461960.6364140417,849358.7532196537,6158806.690894881,3106487.3501367723,13043.242241435282,2218.024256724273,0.5345838218053928,0.0031262211801484957,0.025400547088706527,0.23251270027354434,0.43259085580304807,0.2833137944509574,0.023446658851113716,0.0,0.23251270027354434,6514.630715123095,10877.07698319656,210.9558421258304,11.553731926533802,55.787502187056276,74.61858171987652,390.34779210629154,28.56232903477921,122.56176662034389,137.4959541641098,11.060570535365377,417.4110980851895,83.95163049239234,126.40173243724736,42084.1293330725,95.7071436416182,55.787502187056276,122.56176662034389,1
2018-02-03 01:42:00,2018-02-03 01:43:00,CIC,1791,9680.072585147962,11066168.88442211,13.85427135678392,24813.0,6408.810161920715,11478179.0,,0.0,7016121935517.479,,,6.498045784477945,7.356225572305974,386.24064768285876,6022.569514237856,182486.72601915823,26692.863538013196,5103799.012830098,605215.4665851335,6830045.671133445,4827181.795644891,24874.08123330238,1684.6473122100442,0.41987716359575655,0.006141820212171971,0.0413176996091569,0.32551647124511446,0.4712451144611949,0.3729759910664433,0.03796761585706309,0.0,0.32551647124511446,7813.548855388051,14527.805695142379,225.4896705750977,5.411501954215522,55.91371309826968,83.76350511497152,348.70407593523174,12.700167504187604,86.17239754067559,124.74063303018426,5.375767727526521,383.55388051367953,65.79399140580458,110.39347996261475,31425.81287321749,73.52984161157454,55.91371309826968,86.17239754067559,1
2018-02-03 01:43:00,2018-02-03 01:44:00,CIC,2094,8636.448424068767,11166675.382999046,12.940783190066858,27098.0,7008.383954154728,14675556.0,,0.0,6299353939726.297,,,5.15090735434575,7.789875835721108,355.1002865329513,6653.283667621777,316728.2634590796,30708.733071141836,4714530.245130554,573156.5012544533,6316662.401623687,4444016.710124164,26942.314447751447,3605.1024515987947,0.4909264565425024,0.0033428844317096467,0.049665711556829036,0.26504297994269344,0.4178605539637058,0.3271251193887297,0.03199617956064948,0.0,0.26504297994269344,6679.077841451767,12056.993314231137,202.6647564469914,9.349570200573066,53.80444763155826,73.7877513482784,325.56733524355303,21.40974212034384,94.22963832175454,114.04127916034432,9.230659025787965,356.725405921681,69.5724323646275,104.81124848646179,30508.933335173555,79.35292048900574,53.80444763155826,94.22963832175454,1
2018-02-03 01:44:00,2018-02-03 01:45:00,CIC,2204,8368.454174228675,11684128.348911071,14.294464609800363,31505.0,6433.427858439201,14179275.0,,0.0,5463836037230.124,,,6.6415607985480944,7.652903811252268,410.56941923774957,6022.858439201452,212325.03695146064,24507.300152736556,3948857.7149198535,621363.9580678985,5929151.316696915,3672596.2318511796,22756.760691582465,1605.9864203646116,0.46960072595281305,0.008166969147005444,0.05172413793103448,0.2572595281306715,0.44872958257713247,0.3253176043557169,0.02676950998185118,0.0,0.2572595281306715,6615.829854809437,12240.141560798547,228.11252268602541,8.78130671506352,57.14853126095599,81.85497403586524,376.62295825771326,21.63157894736842,109.72804912237295,134.05942409669285,8.721869328493648,408.3325771324864,79.50715791640563,122.69964509062206,39587.11962257753,89.62046219715516,57.14853126095599,109.72804912237295,1
2018-02-03 01:45:00,2018-02-03 01:46:00,CIC,1938,9734.26367389061,11514977.323529411,12.546955624355006,24316.0,6329.470588235294,12266514.0,,0.0,4745210866882.265,,,5.165118679050567,7.381836945304437,369.22910216718265,5960.241486068111,198020.94804256465,20150.52434731558,5057510.9812955,526363.4973219215,6623386.146026832,4804699.753869969,16306.388623368019,3781.7501997075965,0.4504643962848297,0.0025799793601651187,0.0392156862745098,0.27347781217750256,0.45614035087719296,0.33900928792569657,0.04076367389060888,0.0,0.27347781217750256,7586.853973168215,12215.203818369453,209.3266253869969,7.520123839009288,53.95998167330702,77.5071624334644,339.51599587203305,17.11919504643963,96.69325487086172,123.42843936485552,7.389576883384933,372.6202270381837,69.84980626856192,111.06356929060681,33931.096941572934,78.61699262998143,53.95998167330702,96.69325487086172,1
2018-02-03 01:46:00,2018-02-03 01:47:00,CIC,2761,6910.455632017385,14440984.806954002,13.011227816008693,35924.0,5429.508873596523,14990874.0,,0.0,13685999706309.355,,,6.2220210068815645,6.789206809127128,362.3027888446215,5067.2060847519015,312280.67843021447,20802.319792696177,3767308.783224239,1050447.9130668454,6817279.2089822525,3339358.452372329,17959.510884908454,2767.4654822004354,0.4987323433538573,0.0050706265845708075,0.03223469757334299,0.1915972473741398,0.40492575153929733,0.2872147772546179,0.018833755885548715,0.0,0.1915972473741398,6114.320173850055,8539.877218399131,197.25063382832306,14.997464686707714,54.47841263368054,68.0311750098573,348.2107931908729,30.56392611372691,110.96302560725353,122.83524126582688,14.721115537848606,376.2491850778703,77.8777378743488,113.50764333083593,36738.25248340866,90.95267898688664,54.47841263368054,110.96302560725353,1
2018-02-03 01:47:00,2018-02-03 01:48:00,CIC,1782,9459.28507295174,10544782.335016835,12.868125701459034,22931.0,6225.216049382716,11093335.0,,0.0,9344213551706.508,,,5.337261503928171,7.530864197530864,438.8327721661055,5786.383277216611,105512.66047534705,17319.304062517007,4134771.9635240766,755545.3831450308,6548559.526936027,3825343.1021324354,14464.799733553038,2796.1901739438254,0.41245791245791247,0.003367003367003367,0.03423120089786756,0.2940516273849607,0.4792368125701459,0.3613916947250281,0.03254769921436588,0.0,0.2940516273849607,8304.513468013469,13605.53142536476,235.1324354657688,6.878226711560045,61.676835106094835,88.58718428452133,358.62177328843995,15.809203142536475,93.54796235945567,129.12418417118406,6.793490460157127,394.42648709315375,71.30405621250841,115.07687298889843,33097.18439655682,80.21769761095399,61.676835106094835,93.54796235945567,1
2018-02-03 01:48:00,2018-02-03 01:49:00,CIC,2046,9692.66715542522,13512403.074780058,17.966275659824046,36759.0,10258.532258064517,20988957.0,,0.0,7048343502063.609,,,7.883675464320626,10.08260019550342,380.55913978494624,9877.97311827957,326831.1034512589,29232.91428645793,4850393.359371461,709415.1141660333,7025226.822091887,4526183.52394917,26485.010385586134,2605.0255319354487,0.4613880742913001,0.005376344086021506,0.039100684261974585,0.25562072336265884,0.43841642228739003,0.34701857282502446,0.03616813294232649,0.0,0.25562072336265884,6349.559139784947,12058.231182795698,216.1642228739003,8.40175953079179,55.20212939442522,78.49324539727566,352.1041055718475,19.16813294232649,96.39689717301076,124.76861945551808,8.322091886608016,385.13880742913,71.63785848546775,113.44475518063636,34215.893932644365,81.56371259107868,55.20212939442522,96.39689717301076,1
2018-02-03 01:49:00,2018-02-03 01:50:00,CIC,2038,8091.894995093228,13061012.027968597,13.295387634936212,27096.0,6615.67222767419,13482740.0,,0.0,7556873791101.378,,,5.3253189401373895,7.970068694798822,405.04268891069677,6210.629538763494,362044.0359221467,26934.332414964145,4324451.793924461,713988.5815334519,6285535.736015702,3991122.1104023554,25280.890766557106,1521.2810379618027,0.4916584887144259,0.003925417075564278,0.04612365063788027,0.2649656526005888,0.45093228655544654,0.31894013738959764,0.02649656526005888,0.0,0.2649656526005888,6791.435230618254,11920.527968596663,220.4062806673209,9.377821393523062,56.3351014528734,79.45132506427821,352.2924435721295,21.54170755642787,100.27800264850835,126.23938995400393,9.254661432777233,386.72767419038274,73.89356035193671,115.45072936602111,35731.9235557883,84.16126711017615,56.3351014528734,100.27800264850835,1
2018-02-03 01:50:00,2018-02-03 01:51:00,CIC,1895,8560.210026385224,11771847.868601583,14.077572559366754,26677.0,6162.827440633246,11678558.0,,0.0,8277458844353.695,,,6.672823218997362,7.404749340369393,422.41266490765173,5740.414775725593,210846.01627688488,20018.238784191144,4110089.316264657,718433.742531927,6126965.002110818,3773575.4422163586,17023.926893534528,2909.802175508953,0.4474934036939314,0.0031662269129287598,0.0316622691292876,0.2912928759894459,0.48179419525065964,0.32189973614775724,0.02849604221635884,0.0,0.2912928759894459,7436.776253298153,14386.404749340369,236.32242744063325,7.726121372031662,58.95027050270396,86.00600810706437,385.68601583113457,18.31820580474934,105.32198666931399,139.24864536192877,7.6448548812664905,419.9931398416887,76.14482413762693,124.03718953894513,38312.19771642193,85.64105018507652,58.95027050270396,105.32198666931399,1
2018-02-03 01:51:00,2018-02-03 01:52:00,CIC,1996,9692.900300601203,13682032.31513026,12.480961923847696,24912.0,5830.101703406814,11636883.0,,0.0,10631923475821.59,,,5.240480961923848,7.240480961923848,372.44939879759517,5457.652304609219,205107.24837699402,24200.847581424572,4648166.631534971,824530.0732010037,6949981.4684368735,4273042.378757515,21335.32086841322,2683.6566159999884,0.43987975951903807,0.004008016032064128,0.05460921843687375,0.2715430861723447,0.4498997995991984,0.3502004008016032,0.028056112224448898,0.0,0.2715430861723447,7064.953907815631,12006.445891783567,215.6487975951904,7.31563126252505,54.52284205683467,79.12834406331663,338.6743486973948,17.670841683366735,90.18593463754509,120.95361840301102,7.08316633266533,373.72895791583164,67.50863042553958,109.57079252308617,31747.95107275977,76.46580616749148,54.52284205683467,90.18593463754509,1
2018-02-03 01:52:00,2018-02-03 01:53:00,CIC,2470,7107.034412955466,13310703.386639677,17.128744939271254,42308.0,9274.348178137652,22907640.0,,0.0,10678997658436.764,,,7.38502024291498,9.743724696356276,418.7914979757085,8855.556680161942,158739.62558847092,16582.810351352302,3287338.1281751464,881330.9493836664,5972583.121052631,2904307.848987854,14504.596137117594,2004.36364184426,0.5412955465587045,0.002834008097165992,0.029959514170040485,0.23076923076923078,0.42105263157894735,0.26558704453441295,0.01659919028340081,0.0,0.23076923076923078,6336.754655870445,10404.224696356276,207.06437246963563,12.252226720647773,54.50063609861822,72.20056880802146,374.7206477732793,28.875708502024292,124.12221415891457,130.79619814340728,12.218218623481782,402.1429149797571,86.32506576361175,123.13887218633603,41966.28866373516,98.04039293967692,54.50063609861822,124.12221415891457,1
2018-02-03 01:53:00,2018-02-03 01:54:00,CIC,2121,8399.034417727487,11506961.519094767,12.168316831683168,25809.0,5489.612446958981,11643468.0,,0.0,6004195350822.411,,,5.194719471947194,6.973597359735973,353.970297029703,5135.642149929278,278610.63800514553,22133.41237402061,3709181.3713606647,621990.3363410358,5562036.249410655,3426374.3569071195,17923.43733184301,4074.3152775153962,0.4691183404054691,0.004243281471004243,0.04809052333804809,0.2512965582272513,0.4347006129184347,0.3371051390853371,0.031588873173031586,0.0,0.2512965582272513,6830.6214049976425,10790.724658180105,200.998585572843,8.947666195190948,52.784632481300335,73.81340163578878,337.72465818010375,21.543140028288544,97.92286039144741,121.54958254293729,8.78076379066478,368.7590759075908,69.55401003847241,110.34986705409523,33051.76764827508,79.41276137502783,52.784632481300335,97.92286039144741,1
2018-02-03 01:54:00,2018-02-03 01:55:00,CIC,2352,7944.841411564626,9143450.621598639,12.207057823129253,28711.0,5813.167517006803,13672570.0,,0.0,6405394134563.161,,,5.554421768707483,6.652636054421769,311.2857142857143,5501.881802721088,364839.55190959136,34552.615649529456,3960235.083984421,423864.1838021365,4994581.255102041,3747186.268282313,29066.46441918049,5295.171637102604,0.4460034013605442,0.004251700680272109,0.03784013605442177,0.23341836734693877,0.45875850340136054,0.40433673469387754,0.03316326530612245,0.0,0.23341836734693877,6376.4294217687075,9878.86862244898,186.87457482993196,4.811649659863946,48.63930059497364,73.6744630429069,309.80229591836735,11.52295918367347,83.76807900286565,119.27196698534864,4.657738095238095,338.61139455782313,62.89622504259779,103.98747010601787,28233.96770111329,70.63501975540817,48.63930059497364,83.76807900286565,1
2018-02-03 01:55:00,2018-02-03 01:56:00,CIC,1863,8949.462157809983,11982258.161567364,13.271068169618895,24724.0,6342.150295222759,11815426.0,,0.0,7980870389829.956,,,5.5179817498658075,7.753086419753086,386.0681696188943,5956.082125603864,362844.7584339351,35774.13192121632,4065217.626927096,730532.0408231462,6003748.913580247,3703945.6022544284,32094.627238667563,3487.480356575258,0.43585614600107353,0.005367686527106817,0.06333870101986044,0.3022007514761138,0.45410628019323673,0.3639291465378422,0.02254428341384863,0.0,0.3022007514761138,7201.43370907139,12909.207192699947,222.06655931293614,7.12614063338701,55.72067763140956,82.01673365629415,344.5764895330113,17.92753623188406,91.13217660011166,123.05282041621739,6.995169082125604,379.1894793344069,68.12793347487923,110.91976789680676,31556.826299948218,77.23436766419807,55.72067763140956,91.13217660011166,1
2018-02-03 01:56:00,2018-02-03 01:57:00,CIC,1954,8116.647389969294,11619016.848004093,13.680655066530194,26732.0,6406.231320368475,12517776.0,,0.0,9778248093646.871,,,6.362333674513818,7.318321392016377,386.73132036847494,6019.5,228052.8867041437,24359.515950108787,4204106.601995716,660929.9762401037,5881266.379733879,3880030.0854657115,20695.74762999424,3539.1034482946397,0.4467758444216991,0.00255885363357216,0.030194472876151485,0.2712384851586489,0.45496417604913,0.35670419651995905,0.028659160696008188,0.0,0.2712384851586489,6911.937052200614,11002.648413510748,212.3367451381781,7.281473899692937,53.79995328582753,79.58361598040531,320.5675537359263,17.37410440122825,85.24874948444217,116.2491200080128,7.158648925281474,357.4984646878199,64.0641916415476,106.20655003657778,29842.695904665798,72.85109324134083,53.79995328582753,85.24874948444217,1
2018-02-03 01:57:00,2018-02-03 01:58:00,CIC,2659,6627.682211357654,11587644.683715682,17.447160586686724,46392.0,9731.242196314404,25875373.0,,0.0,8247516075291.61,,,7.441895449417074,10.00526513726965,387.44114328694997,9343.801053027453,293154.0140587216,17247.43240712489,3398312.119388249,904539.5201602267,6940930.839789394,3044935.089883415,15195.318441767726,2032.6546583659165,0.5652500940203083,0.003384731101918014,0.03196690485144791,0.1966904851447913,0.42008273787138023,0.2557352388115833,0.0236931177134261,0.0,0.1966904851447913,6344.751786385859,9195.53666792027,201.19330575404288,12.236931177134261,53.74462826603009,70.851231239569,375.9439638962016,30.197442647611883,131.6605908568033,134.48127449045882,12.150808574652125,402.4866491162091,89.00970781366492,126.83676736668673,44820.063209460815,101.28744445063708,53.74462826603009,131.6605908568033,1
2018-02-03 01:58:00,2018-02-03 01:59:00,CIC,1620,10099.382098765433,8200635.265432099,9.289506172839506,15049.0,2713.1364197530866,4395281.0,,0.0,2515820832542.7373,,,4.783333333333333,4.506172839506172,375.40246913580245,2337.733950617284,130542.70340694905,16328.33626414954,4317089.437124534,389377.71602710406,5393011.625925926,4120747.2191358022,14909.78988691635,1388.3087174981717,0.3987654320987654,0.001851851851851852,0.02654320987654321,0.32901234567901233,0.48641975308641977,0.37407407407407406,0.030864197530864196,0.0,0.32901234567901233,7664.170370370371,13451.988888888889,225.32283950617284,5.445679012345679,56.90087389487654,85.79727807419012,332.8179012345679,12.057407407407407,85.8110864008642,120.43922208258641,5.354938271604938,371.7135802469136,66.68757066548334,108.70678573124135,30352.35935148216,74.50645851364753,56.90087389487654,85.8110864008642,1
2018-02-03 01:59:00,2018-02-03 02:00:00,CIC,1527,8781.832351015062,12802421.29535036,10.925998690242306,16684.0,1511.8657498362802,2308619.0,,0.0,4783869421336.66,,,6.102815979043877,4.823182711198428,460.0464963981663,1051.819253438114,247154.87518792084,14090.886532024848,5304888.242994361,585778.183147148,7033425.822527832,5034319.722986247,10240.779460667402,3840.879247799471,0.32220039292730845,0.0013097576948264572,0.021611001964636542,0.36738703339882123,0.5972495088408645,0.33136869679109365,0.019646365422396856,0.0,0.36738703339882123,9528.422396856582,17253.83038637852,271.1944990176817,2.637851997380485,63.142402615138835,102.056902266148,422.99738048461035,5.523903077930583,98.14018480592665,157.72904367557302,2.4453176162409953,463.9882121807466,73.28933832137328,133.47216520189195,39277.40118895392,79.78947683540929,63.142402615138835,98.14018480592665,1
2018-02-03 02:00:00,2018-02-03 02:01:00,CIC,1419,8413.758985200846,9476394.437632136,8.589147286821705,12188.0,1116.6913319238902,1584585.0,,0.0,2676010999119.7817,,,4.946441155743481,3.6427061310782243,452.877378435518,663.8139534883721,108801.57027950244,8429.90654287793,5605312.755623484,344739.36004791094,6508553.058491896,5422879.4524312895,5654.868190305372,2769.0976150686647,0.31994362226920364,0.0007047216349541931,0.009161381254404511,0.41296687808315713,0.5842142353770261,0.33051444679351655,0.018322762508809022,0.0,0.41296687808315713,8019.208597603946,18588.529950669486,279.22128259337563,2.8534178999295277,65.75250675644538,105.42189027536998,404.69344608879493,5.769556025369979,87.19032378892179,148.62833708785766,2.7906976744186047,447.54686398872445,68.57245324966878,125.85006306973642,33839.7426321741,75.22499943690627,65.75250675644538,87.19032378892179,1
2018-02-03 02:01:00,2018-02-03 02:02:00,CIC,1715,8120.468221574344,12329573.542274052,15.151603498542274,25985.0,7826.712536443149,13422812.0,,0.0,7810392881501.998,,,6.039067055393586,9.112536443148688,432.865306122449,7393.8472303207,176658.00379444676,19187.5385176766,4183506.1113976547,690628.3453362745,6175491.894460642,3878637.560349854,17825.319054439537,1295.0910485791055,0.4262390670553936,0.0029154518950437317,0.03206997084548105,0.30145772594752185,0.5212827988338192,0.3131195335276968,0.01924198250728863,0.0,0.30145772594752185,7856.561516034985,13949.5416909621,243.5591836734694,6.426822157434402,59.437368842829734,90.2046975957341,399.3574344023324,16.41807580174927,113.84349248413994,147.95812515376034,6.39067055393586,435.62915451895043,81.77802805133936,132.50121226355276,43916.18119140769,90.66100928618543,59.437368842829734,113.84349248413994,1
2018-02-03 02:02:00,2018-02-03 02:03:00,CIC,2347,6496.975713677035,15458393.913506605,15.776310183212612,37027.0,7752.816787388155,18195861.0,,0.0,9267187387931.963,,,7.226246271836387,8.550063911376226,430.26288879420537,7322.553898593949,189617.09337757723,11302.214185766186,4247745.091480444,933945.5121151732,7106389.624201108,3859596.4985087346,9039.557348650485,2224.132033767528,0.48487430762675754,0.0012782275244993609,0.022155943757988922,0.2224115892628888,0.45930975713677036,0.2582019599488709,0.015764806135492117,0.0,0.2224115892628888,6655.772049424798,10351.847038772901,228.27098423519385,11.72177247550064,57.93869047402343,80.2859318259527,409.6322965487857,27.53983809118023,130.5969873858287,147.4076184075769,11.68129527055816,439.09203238176394,89.07280485792714,135.3545076075867,47395.59336210144,101.26486755491351,57.93869047402343,130.5969873858287,1
2018-02-03 02:03:00,2018-02-03 02:04:00,CIC,1676,10713.49940334129,11214264.945107399,13.44272076372315,22530.0,6579.005966587112,11026414.0,,0.0,4677533868306.724,,,5.538782816229117,7.9039379474940334,390.34785202863964,6188.658114558472,119881.38238291473,14022.249660822676,5057010.113207613,455384.14356029057,6201444.421837709,4818500.325178998,12072.808364068258,1924.3418045568474,0.39916467780429593,0.0005966587112171838,0.02028639618138425,0.3126491646778043,0.48389021479713606,0.37828162291169454,0.053102625298329355,0.0,0.3126491646778043,7705.072195704057,13934.747613365154,221.11038186157518,6.7243436754176615,56.700153001601436,83.24773949941886,327.87649164677805,11.557875894988067,83.84526195764319,118.7215126777148,6.6891408114558475,366.62947494033415,66.1287497305,106.66345749968615,30165.909410514643,74.31207828836277,56.700153001601436,83.84526195764319,1
2018-02-03 02:04:00,2018-02-03 02:05:00,CIC,1752,10210.872146118722,9061893.576484019,15.084474885844749,26428.0,7603.134132420091,13320691.0,,0.0,5796868101403.448,,,6.960616438356165,8.123858447488585,416.90296803652967,7186.231164383562,161954.24570339735,21803.229296382808,3693097.8693853947,537729.111552045,5168890.066780822,3437674.8418949773,19102.34441004096,2675.995355196864,0.3807077625570776,0.00228310502283105,0.023401826484018264,0.3162100456621005,0.514269406392694,0.3738584474885845,0.030251141552511414,0.0,0.3162100456621005,7065.672374429224,14631.160958904109,240.0222602739726,4.207191780821918,58.96707247718836,90.7934892435468,372.67009132420094,11.33390410958904,93.69873186207191,135.23004389053995,4.180365296803653,409.07762557077626,70.47353101198802,119.73627573505193,34830.46044886308,78.18476657601883,58.96707247718836,93.69873186207191,1
2018-02-03 02:05:00,2018-02-03 02:06:00,CIC,1408,10368.03409090909,9243928.561079545,13.640625,19206.0,6879.745028409091,9686681.0,,0.0,970111515862.4586,,,5.4538352272727275,8.186789772727273,417.3728693181818,6462.372159090909,109823.25354488306,20611.242352892597,5024823.468909777,245606.4444975119,5670856.800426137,4887408.443181818,18346.47971070273,2206.2079764602627,0.3494318181818182,0.002130681818181818,0.04332386363636364,0.37357954545454547,0.5383522727272727,0.41051136363636365,0.053267045454545456,0.0,0.37357954545454547,8397.759943181818,17164.865767045456,249.28480113636363,1.2833806818181819,60.26459439736647,97.07763318707386,347.9019886363636,3.202414772727273,74.2057304967145,128.9241738959652,1.2279829545454546,390.9098011363636,61.1503697109091,111.32767415799503,29041.190194727504,66.83048240241762,60.26459439736647,74.2057304967145,1
2018-02-03 02:06:00,2018-02-03 02:07:00,CIC,1777,7612.639842431064,10027319.935284186,13.945413618458076,24781.0,6432.5661226786715,11430670.0,,0.0,4296146786126.669,,,6.562183455261677,7.383230163196399,399.9352841868317,6032.63083849184,226509.86091954607,14557.272703243067,3629521.297666765,532058.9341798602,5200061.063590321,3378609.3697242546,10748.61532883191,3751.313024954389,0.43387732132808104,0.0016882386043894203,0.027011817670230726,0.317388857625211,0.522228474957794,0.3185143500281373,0.025323579065841307,0.0,0.317388857625211,6887.824423185143,13726.236353404614,235.69667979741138,6.450196961170512,58.80555818405908,88.32280752250816,380.48339898705683,14.432751828925154,99.85631221829713,139.6215238740118,6.264490714687676,414.9814293753517,73.18140110338493,122.39496660899043,35837.49152922422,81.74791537287113,58.80555818405908,99.85631221829713,1
2018-02-03 02:07:00,2018-02-03 02:08:00,CIC,1536,7577.057291666667,9854693.966796875,13.723307291666666,21079.0,6576.951822916667,10102198.0,,0.0,2662452807826.518,,,5.61328125,8.110026041666666,410.84765625,6166.104166666667,126587.75343905897,14526.321210534345,4012031.9764842656,411888.480311228,5237417.260416667,3813664.8704427085,12308.730519302459,2189.2189701359143,0.4108072916666667,0.001953125,0.025390625,0.3567708333333333,0.5299479166666666,0.337890625,0.014322916666666666,0.0,0.3567708333333333,7810.421875,14733.776041666666,242.986328125,5.233723958333333,59.778623823920576,92.0593099650625,365.7337239583333,12.4921875,88.26340798435547,132.8928583672044,5.157552083333333,406.4778645833333,67.14429805013673,116.69595371163736,31339.52349626239,75.18341412810156,59.778623823920576,88.26340798435547,1
2018-02-03 02:08:00,2018-02-03 02:09:00,CIC,1292,9194.15479876161,9002520.264705881,14.620743034055728,18890.0,7340.350619195046,9483733.0,,0.0,523619168280.634,,,6.811919504643963,7.8088235294117645,418.3869969040248,6921.963622291021,29560.235627664286,8112.423794342595,5469930.369917841,209530.75526914725,5998882.435758514,5349325.506965945,6806.365448992303,1293.5004138533134,0.32894736842105265,0.0,0.0023219814241486067,0.4195046439628483,0.5781733746130031,0.35526315789473684,0.02631578947368421,0.0,0.4195046439628483,8006.488390092879,17172.740712074305,257.5704334365325,1.4195046439628483,62.95172257349303,101.25532351996362,354.04334365325076,2.569659442724458,73.65077601078947,130.51926657393963,1.4195046439628483,399.4481424148607,61.26129719280418,113.29036866321593,29151.571330627703,66.82739537803948,62.95172257349303,73.65077601078947,1
2018-02-03 02:09:00,2018-02-03 02:10:00,CIC,2288,6362.232517482517,6528890.987325175,10.954982517482517,25065.0,4766.751748251748,10906328.0,,0.0,2932131209242.045,,,4.643793706293707,6.311188811188811,315.0804195804196,4451.671328671328,154739.34955692088,13085.71225870088,2540679.14396811,328079.5804391281,3468613.3994755247,2387714.237762238,11464.439986967469,1564.0794734575252,0.4624125874125874,0.004807692307692308,0.025349650349650348,0.23164335664335664,0.49082167832167833,0.3631993006993007,0.015297202797202798,0.0,0.23164335664335664,6659.926136363636,10101.595279720279,186.02316433566435,5.490821678321678,50.06484108863986,74.27063307815473,319.50917832167835,12.740384615384615,85.45975558371941,123.88367626537848,5.446678321678322,347.38024475524475,62.59939059736188,106.20873460377928,28293.818595726458,70.69280875579021,50.06484108863986,85.45975558371941,1
2018-02-03 02:10:00,2018-02-03 02:11:00,CIC,1531,7372.383409536251,11339576.064663619,15.364467668190725,23523.0,8115.816459830176,12425315.0,,0.0,4175840017691.682,,,6.7883736120182885,8.576094056172437,390.0143696930111,7725.802090137166,231411.83589605405,16738.256148931054,4091062.3461403945,532272.0286645791,5797901.461136512,3852367.101241019,15988.618894804738,749.6372541761966,0.4441541476159373,0.0032658393207054214,0.018941868060091443,0.3043762246897453,0.5166557805355977,0.3193990855649902,0.011757021554539516,0.0,0.3043762246897453,7196.251469627694,12213.485956890921,225.92161985630307,5.8974526453298495,56.99364555977662,86.68700822737297,351.6721097322012,13.561071195297192,99.26953737418681,129.4238593171914,5.8974526453298495,390.6708033964729,74.18880592323971,117.82034662260352,35682.2284426078,82.32735286244285,56.99364555977662,99.26953737418681,1
2018-02-03 02:11:00,2018-02-03 02:12:00,CIC,1429,7841.103568929321,13193608.591322603,15.25962211336599,21806.0,8436.353393981806,12055549.0,,0.0,4662491193295.14,,,5.801259622113366,9.458362491252624,433.08327501749477,8003.27011896431,65961.10166120317,7339.8355253442205,5225976.85890244,539376.5919608821,6826339.493351994,4981615.753673898,6506.967788344045,822.595049124767,0.4534639608117565,0.0,0.011896431070678797,0.3002099370188943,0.49685094471658503,0.3261021693491952,0.01609517144856543,0.0,0.3002099370188943,8535.44156752974,11483.625612316306,222.80335899230232,5.903428971308608,56.54098377271379,85.95396442325752,320.38558432470256,14.6445066480056,85.19722675310707,114.26963571309308,5.903428971308608,366.90412876137157,65.88923161225823,108.25015917957032,31219.569754420547,73.8601090719874,56.54098377271379,85.19722675310707,1
2018-02-03 02:12:00,2018-02-03 02:13:00,CIC,1882,8300.263018065887,11946986.768862912,14.171625929861849,26671.0,6731.837938363443,12669319.0,,0.0,5642876671526.118,,,6.475557917109458,7.6960680127523915,381.7353878852285,6350.102550478215,271544.6602230892,25903.03842791897,3242894.2628640365,677178.8945045742,5062429.290116897,2922268.5579171097,22480.72496078051,3339.732048131787,0.5148777895855473,0.005313496280552604,0.021785334750265676,0.22741764080765142,0.4303931987247609,0.31296493092454836,0.03294367693942614,0.0,0.22741764080765142,6079.230605738576,8459.264612114772,198.3193411264612,10.232199787460148,52.49537085976833,72.67731446634697,311.82359192348565,24.413390010626994,93.03345634235919,109.52546093879171,10.139744952178534,349.615302869288,67.3377585110239,105.09052954225717,31832.580966601472,77.49187529039851,52.49537085976833,93.03345634235919,1
2018-02-03 02:13:00,2018-02-03 02:14:00,CIC,1446,9321.190179806363,9784762.906639004,8.715076071922544,12602.0,1031.9529737206085,1492204.0,,0.0,6022285280639.645,,,4.831950207468879,3.8831258644536653,348.93637621023515,683.0165975103735,73375.50091737641,13788.14721692647,4532746.79752327,517262.0758803045,5790251.979253112,4278981.771784232,12259.34617080937,1452.5180739512045,0.4287690179806362,0.003457814661134163,0.035269709543568464,0.2959889349930844,0.4605809128630705,0.3914246196403873,0.029045643153526972,0.0,0.2959889349930844,7399.169432918396,11419.451590594745,202.65836791147996,5.592669432918395,54.35370691576902,80.88888833677179,280.66874135546334,13.297372060857539,72.60894983744329,102.21028655780567,5.504840940525588,324.5131396957123,57.75672887264039,96.53800390432917,25489.855462908705,65.55047293795435,54.35370691576902,72.60894983744329,1
2018-02-03 02:14:00,2018-02-03 02:15:00,CIC,1725,9128.402318840579,11703835.129275363,19.676521739130436,33942.0,13473.96115942029,23242583.0,,0.0,6026131980830.766,,,7.552463768115942,12.124057971014492,360.43710144927536,13113.524057971015,94533.50326705677,16375.957670589507,4035845.44274776,622417.1753675595,6101150.971014493,3787956.595942029,14713.401627932793,1605.5961899014817,0.4736231884057971,0.0005797101449275362,0.02608695652173913,0.25043478260869567,0.4371014492753623,0.343768115942029,0.020289855072463767,0.0,0.25043478260869567,6528.4040579710145,9673.40579710145,197.4063768115942,8.28927536231884,52.567060375106664,74.59968717832174,316.9669565217391,21.027826086956523,98.24764632604638,113.12636660558492,8.245217391304347,353.6672463768116,70.43569487891016,108.56805247013565,33707.952814927165,79.73269997122608,52.567060375106664,98.24764632604638,1
2018-02-03 02:15:00,2018-02-03 02:16:00,CIC,1862,7093.889903329753,10850021.17991407,9.83297529538131,18309.0,1917.5338345864661,3570448.0,,0.0,10338296303701.234,,,5.098818474758325,4.734156820622986,365.0451127819549,1552.4887218045112,76003.09809767474,11279.187859555326,3323646.8102,672828.5301788636,5110953.060687433,2996570.440923738,10131.65972676348,1135.4130008491907,0.5429645542427497,0.001611170784103115,0.02631578947368421,0.24973147153598282,0.4280343716433942,0.29484425349087,0.01664876476906552,0.0,0.24973147153598282,6415.6079484425345,10020.537056928035,201.91944146079484,10.552631578947368,54.41468920740172,74.71899194936144,315.906015037594,25.925349087003223,100.45354404250806,110.99513141369496,10.532223415682063,351.0870032223416,72.94466534622234,108.15726357633298,33925.129921023705,83.68934348944737,54.41468920740172,100.45354404250806,1
2018-02-03 02:16:00,2018-02-03 02:17:00,CIC,2878,5786.362056984017,11321974.660875607,13.485406532314107,38811.0,7800.9645587213345,22451176.0,,0.0,9532925637523.082,,,5.408269631688673,8.077136900625435,325.33877692842253,7475.625781792912,189182.98177812994,11761.197052046104,2690843.953526624,831541.8267379513,5331624.145934677,2364323.754343294,10114.59356640336,1626.170551210696,0.5753995830437804,0.002432244614315497,0.022237665045170257,0.15010423905489922,0.3690062543432939,0.25573314801945796,0.015983321751216122,0.0,0.15010423905489922,5276.293606671299,6433.62022237665,173.22585128561502,17.253300903405144,53.55963024320153,61.83069449512405,325.2171646977067,35.5632383599722,117.26357393098331,114.78775852698574,17.059763724808896,350.50799166087563,80.73243035912196,109.40798343606602,36878.49006814161,95.28579851457053,53.55963024320153,117.26357393098331,1
2018-02-03 02:17:00,2018-02-03 02:18:00,CIC,1603,9917.82096069869,9039190.877729258,8.46475358702433,13569.0,979.5171553337492,1570166.0,,0.0,5434268115687.875,,,4.797878976918279,3.666874610106051,384.25077978789767,595.2663755458515,85883.14639653313,20483.93904984017,4146571.802110989,528603.3521597901,5921734.9781659385,3948921.663131628,18343.21885667172,2038.4921756646963,0.4104803493449782,0.004990642545227698,0.039301310043668124,0.27822832189644414,0.44666250779787897,0.4023705552089832,0.040548970679975045,0.0,0.27822832189644414,7585.796631316282,11302.860885839053,205.35059263880225,5.88646288209607,56.61231370648721,81.88823183436995,284.2495321272614,14.021210230817218,75.46215981126014,104.01107036177791,5.825951341235184,326.4809731752963,59.89502518978228,97.0758353116968,26011.034952524133,67.83558143821584,56.61231370648721,75.46215981126014,1
2018-02-03 02:18:00,2018-02-03 02:19:00,CIC,1317,12291.699316628701,7387295.898253607,18.4958238420653,24359.0,13456.586940015186,17722325.0,,0.0,4611133423079.252,,,6.514047076689446,11.981776765375853,379.5132877752468,13077.073652239938,205825.7036484129,19411.208198410484,4424426.846103431,373706.7129582786,5228062.314350797,4220647.561123766,14954.4218797412,4368.352568226593,0.3720577069096431,0.0037965072133637054,0.02885345482156416,0.33940774487471526,0.5064540622627183,0.44495064540622625,0.05466970387243736,0.0,0.33940774487471526,8412.113135914959,13867.782080485953,218.89749430523918,1.6886864085041762,55.08181371442292,88.0262264666325,285.59453302961276,2.7312072892938497,62.19571486160213,105.69260668775246,1.580865603644647,331.75474563401673,53.30445520916477,95.33316622057099,23442.602768369256,58.498572760761576,55.08181371442292,62.19571486160213,1
2018-02-03 02:19:00,2018-02-03 02:20:00,CIC,2032,8619.980807086615,9643876.635334646,9.053641732283465,18397.0,1623.0585629921259,3298055.0,,0.0,5091868080779.878,,,4.8922244094488185,4.161417322834645,354.28543307086613,1268.7731299212599,322078.399318513,28618.392785029566,3650880.601930884,462529.12694919476,5081507.04527559,3448847.5108267716,26763.934327681534,1516.4459441667534,0.4734251968503937,0.007874015748031496,0.05561023622047244,0.22785433070866143,0.41437007874015747,0.328248031496063,0.02066929133858268,0.0,0.22785433070866143,6191.0802165354335,10609.63779527559,191.1166338582677,9.361220472440944,52.21404311200541,71.0524926114252,313.92372047244095,20.951771653543307,95.06731452439321,112.48715812525099,9.361220472440944,346.26377952755905,68.8034738433873,104.23762307374606,32015.092322123917,78.59478058402412,52.21404311200541,95.06731452439321,1
2018-02-03 02:20:00,2018-02-03 02:21:00,CIC,1519,7032.044766293614,11952956.631336406,19.030283080974325,28907.0,12738.151415404871,19349252.0,,0.0,7491006017152.25,,,7.0368663594470044,11.993416721527321,422.92692560895324,12315.224489795919,80662.22962798766,11538.145814195557,4225984.716409297,679942.715868165,6188163.805134958,3927363.4549045423,11096.10270494679,411.65957846559843,0.46807109940750496,0.0013166556945358788,0.009874917709019092,0.3021724818959842,0.5095457537853851,0.30809743252139565,0.004608294930875576,0.0,0.3021724818959842,7680.218564845293,12626.994075049375,234.49769585253455,6.8341013824884795,59.20974185545951,88.75640573882751,358.778801843318,16.56484529295589,96.03360449049639,129.4225322251738,6.8334430546412115,399.32784726793943,71.60930381263661,118.31137602428835,34784.24984603179,80.54049258359578,59.20974185545951,96.03360449049639,1
2018-02-03 02:21:00,2018-02-03 02:22:00,CIC,1286,9877.012441679626,7934301.221617418,9.794712286158632,12596.0,1039.7783825816484,1337155.0,,0.0,2977789804833.334,,,5.461119751166407,4.333592534992224,448.17185069984447,591.606531881804,48175.732206209716,9334.28183710493,4656256.75174441,277741.0122674545,5306557.548211508,4504261.525660965,8072.748166678947,1261.5336704863685,0.3654743390357698,0.0,0.013219284603421462,0.36391912908242613,0.5645412130637636,0.3833592534992224,0.02410575427682737,0.0,0.36391912908242613,9717.300933125973,16745.540435458788,251.1407465007776,1.6858475894245724,62.09759890066719,99.14337694023872,341.38335925349924,4.0528771384136855,71.39384939913685,124.84274832538104,1.640746500777605,387.8942457231726,59.73308676289813,110.38718922830404,28013.234414368068,65.37064944316485,62.09759890066719,71.39384939913685,1
2018-02-03 02:22:00,2018-02-03 02:23:00,CIC,1483,9105.614969656102,10857897.799730277,20.66014834794336,30639.0,14315.13486176669,21229345.0,,0.0,7689958102954.94,,,7.811867835468645,12.848280512474714,436.80984490896833,13878.325016857721,509775.02912977705,30227.0415180602,4956308.853572153,482835.6397354692,6260685.165205664,4716791.521915037,24199.63267216979,5925.497040365008,0.39919082939986517,0.006068779501011463,0.05057316250842886,0.3115306810519218,0.5057316250842886,0.3749157113958193,0.012811867835468645,0.0,0.3115306810519218,7920.898853674983,13203.680377612947,222.82737693863788,3.7316250842886043,56.44602513728186,86.60020854939987,320.30006743088336,6.985165205664194,83.45190011844235,116.32356913768038,3.574511126095752,363.403910991234,66.74881095791301,107.92749378212272,31042.221565586147,73.32993593143493,56.44602513728186,83.45190011844235,1
2018-02-03 02:23:00,2018-02-03 02:24:00,CIC,1969,6430.404266124937,10529467.166582022,14.182326053834434,27925.0,5224.074657186389,10286203.0,,0.0,9009074751914.643,,,6.97613001523616,7.206196038598273,464.19146775012695,4759.883189436262,107848.24242599496,6651.982279789981,3036776.417994163,654579.5831584781,5031715.950736415,2763478.5474860333,5672.132465342404,969.7147474889472,0.4951752158456069,0.0015236160487557136,0.014220416455053326,0.32706957846622653,0.5119349923819198,0.31132554596241746,0.0030472320975114273,0.0,0.32706957846622653,7749.671406805485,11704.188420518029,232.9852717115287,6.9014728288471305,60.35482928255358,90.27518132776486,348.26764855256476,17.82884713052311,101.71152236558305,125.44732279269223,6.878110716099543,395.08075165058403,74.94643958757288,120.60220117123362,36952.8531888701,84.07133462198374,60.35482928255358,101.71152236558305,1
2018-02-03 02:24:00,2018-02-03 02:25:00,CIC,3673,7441.994010345767,5484739.74407841,10.961611761502859,40262.0,5623.029676014157,20653388.0,,0.0,3344664957549.755,,,4.545875306289137,6.415736455213722,279.8998094200926,5343.129866594065,162023.4333062868,8349.427137608125,1692057.45982772,308053.9692938736,2452784.643071059,1531106.15300844,5842.071170436266,2498.2632068882926,0.5205554043016608,0.0,0.009256738361012797,0.3520283147291043,0.4965967873672747,0.41110808603321536,0.01442962156275524,0.0,0.3520283147291043,5783.375714674653,5289.441873128233,179.79090661584536,3.6005989654233597,53.716490918646606,84.26267460339913,197.45330792267902,8.520827661312278,55.21581153804057,76.43153971250912,3.4739994554859788,265.06615845358016,48.968715061520555,84.50325573942771,19162.76859010305,55.44221355641601,53.716490918646606,55.21581153804057,1
2018-02-03 02:25:00,2018-02-03 02:26:00,CIC,4147,7131.107547624789,5732333.369905956,7.20255606462503,29869.0,1012.4354955389438,4198570.0,,0.0,3132901298930.0,,,3.9054738365083193,3.297082228116711,263.308656860381,749.1268386785628,146426.8078628188,11775.767566793806,1877282.229070384,368344.5423506347,3022009.5782493367,1717641.3785869302,10450.470608359705,1316.7781972117223,0.5186882083433808,0.0014468290330359296,0.010851217747769471,0.3211960453339764,0.4752833373523029,0.3879913190258018,0.013021461297323367,0.0,0.3211960453339764,5612.394260911502,5481.644080057873,177.33735230286953,5.073064866168314,52.21028428733711,80.52040054553919,216.15939233180612,12.506149023390403,65.25890020317965,82.59844408870075,5.0050639016156255,276.44417651314205,53.08280157933856,88.87583690791247,22749.097597120293,60.55034887738968,52.21028428733711,65.25890020317965,1
2018-02-03 02:26:00,2018-02-03 02:27:00,CIC,3297,8460.244464664847,2658834.8095238097,7.002426448286321,23087.0,1864.0306339096148,6145709.0,,0.0,502927667779.25336,,,3.516530178950561,3.48589626933576,257.4816499848347,1606.54898392478,58724.434290119345,8938.958103565521,1629441.1782928577,138683.92868837604,1965721.058234759,1552838.966029724,7873.222899303321,1049.4677646002644,0.4986351228389445,0.001213224143160449,0.013952077646345162,0.3970276008492569,0.49984834698210495,0.4510160752198969,0.016075219896875947,0.0,0.3970276008492569,5978.989990900819,6037.500454959054,186.61146496815286,1.789505611161662,55.34956058560843,89.69769452168637,176.67637245981194,4.576281468001214,44.8187786883027,68.45643448648772,1.7661510464058234,251.03184713375796,44.4071848861565,79.6089355515596,16543.92297782288,49.96421821914407,55.34956058560843,44.8187786883027,1
2018-02-03 02:27:00,2018-02-03 02:28:00,CIC,3401,7470.286092325787,5514068.496030579,8.36930314613349,28464.0,1880.5269038518084,6395672.0,,0.0,2507006420595.01,,,4.332843281387827,4.036459864745663,292.44633931196705,1588.0805645398411,72075.28508413509,5420.303936231557,1529819.6360655644,320632.16940349777,2607238.4836812704,1403323.665980594,4446.2769369878615,967.6520460659012,0.5157306674507498,0.0011761246692149367,0.012349309026756836,0.3784181123199059,0.4998529844163481,0.3866509850044105,0.0020582181711261394,0.0,0.3784181123199059,5644.968832696266,5452.690091149662,192.2596295207292,4.407233166715672,57.16672575468362,88.99282932718758,216.59306086445164,11.014113496030578,67.72716932236754,83.46282951900618,4.3901793590120555,289.8756248162305,55.75518588859335,94.08866808617907,25446.18768467397,62.96351515559542,57.16672575468362,67.72716932236754,1
2018-02-03 02:28:00,2018-02-03 02:29:00,CIC,3262,7614.982526057634,6456519.123543838,7.8740036787247085,25685.0,1908.419068056407,6225263.0,,0.0,3593591051696.8223,,,4.0665236051502145,3.807480073574494,297.12047823421216,1611.298589822195,127775.57912687413,7291.089872282867,1826443.4580927605,356725.90875528334,2976332.615879828,1676771.3142244022,6913.244863272232,359.9637340271082,0.49693439607602696,0.0030656039239730227,0.007050889025137952,0.38565297363580625,0.5045984058859595,0.3868792152053955,0.0030656039239730227,0.0,0.38565297363580625,5804.378602084611,5599.783568362967,194.58951563458,4.5076640098099325,57.39303789668884,89.00550169926088,216.15266707541386,9.734518700183937,66.41117440639914,82.09722786303189,4.079705702023299,289.95861434702636,56.56774647313611,93.11400785695248,24833.37487533636,63.578490645970874,57.39303789668884,66.41117440639914,1
2018-02-03 02:29:00,2018-02-03 02:30:00,CIC,3123,6749.077809798271,10541110.245917387,9.314761447326289,29090.0,2022.683957732949,6316842.0,,0.0,7114211224571.561,,,4.752161383285302,4.5626000640409865,328.0413064361191,1694.64265129683,163533.78370848243,13489.102959949707,1725479.1035951634,719783.2673443587,4017835.1975664427,1424928.0874159462,11569.087264073185,1859.545813896562,0.5712455971821966,0.005443483829650976,0.01985270573166827,0.25360230547550433,0.43547870637207814,0.30547550432276654,0.012808197246237591,0.0,0.25360230547550433,5554.625040025617,6463.074607748959,192.34710214537304,10.416906820365034,55.40723289539801,76.59104283180947,323.856227985911,28.12712135766891,113.52936137598144,117.84623805458085,10.357348703170029,368.521613832853,79.72684004146558,119.09923757654371,40164.2057445021,91.43399072977746,55.40723289539801,113.52936137598144,1
2018-02-03 02:30:00,2018-02-03 02:31:00,CIC,1919,9920.11464304325,9774159.14174049,8.909848879624805,17098.0,1979.8217821782177,3799278.0,,0.0,6913670584490.088,,,4.78843147472642,4.121417404898384,374.6420010422095,1605.1797811360084,113288.56049141646,16881.07819279824,3027267.037764562,638839.6587151269,4733476.892652423,2720997.0687858257,14684.270052883368,2100.0432311832665,0.4179260031266285,0.004689942678478374,0.027618551328817093,0.27879103699843666,0.47420531526836895,0.3611255862428348,0.03908285565398645,0.0,0.27879103699843666,6507.625846795206,12328.856696195935,219.48775403856175,6.090151120375196,55.862092675871814,83.41610778175195,356.9765502866076,14.620114643043252,98.0464726456592,130.5752337442001,6.02813965607087,391.0406461698801,72.067793856037,117.3324748974716,37084.41330693585,80.58192614258624,55.862092675871814,98.0464726456592,1
2018-02-03 02:31:00,2018-02-03 02:32:00,CIC,1579,12173.393286890438,8783224.53831539,8.7188093730209,13767.0,938.1849271690944,1481394.0,,0.0,8957823115743.68,,,4.993666877770741,3.725142495250158,351.64914502849905,586.5357821405953,308476.913461542,39182.40833314976,3528053.249568053,583559.9164376314,5051098.162127929,3260117.854971501,34347.49598730811,4413.062477658552,0.3400886637112096,0.010766307789740342,0.06206459784673844,0.3147561747941735,0.47118429385687144,0.4420519316022799,0.04623179227359088,0.0,0.3147561747941735,6233.673844205193,14070.94996833439,219.0120329322356,2.8144395186827107,54.69963829784737,85.80077924936163,313.5307156428119,6.580747308423053,74.61008127290691,117.16354736221344,2.7302089930335653,353.461684610513,58.86304883534959,103.45828814714376,28400.274172899037,65.34770642375744,54.69963829784737,74.61008127290691,1
2018-02-03 02:32:00,2018-02-03 02:33:00,CIC,1664,8750.91766826923,8599267.11358173,8.764423076923077,14584.0,1711.3245192307693,2847644.0,,0.0,8507779711955.303,,,4.838341346153846,3.926081730769231,402.1754807692308,1309.1490384615386,117506.65266402275,36849.55101968881,2864603.131797763,751641.6390344937,5269547.822115385,2557834.353966346,35575.09014040374,1163.7350648185607,0.40564903846153844,0.005408653846153846,0.045072115384615384,0.3173076923076923,0.4873798076923077,0.35396634615384615,0.025240384615384616,0.0,0.3173076923076923,6696.498197115385,13425.905649038461,234.96634615384616,6.453725961538462,59.99822011255529,89.27296526403846,357.0066105769231,15.361778846153847,95.62021517790264,130.82978974634614,6.426081730769231,396.29627403846155,70.87010140221935,116.9818635145619,34415.1704930011,79.81762551654688,59.99822011255529,95.62021517790264,1
2018-02-03 02:33:00,2018-02-03 02:34:00,CIC,1803,7287.099833610649,13038986.409317805,12.910704381586244,23278.0,3025.413754853023,5454821.0,,0.0,9102894198194.646,,,6.749861342207432,6.160843039378813,446.8657792567942,2578.5479755962283,53582.115611273235,5994.541390364712,3545152.128949796,791538.966366561,5777423.908485857,3164379.590127565,4899.380837050064,1091.835793723862,0.45202440377149194,0.0005546311702717693,0.00887409872434831,0.29506378258458127,0.5074875207986689,0.2839711591791459,0.027176927343316695,0.0,0.29506378258458127,6866.281752634498,13818.65612867443,235.12201885745978,7.699389905712701,59.23271067893123,86.99326837268607,395.57293399889073,19.823072656683305,110.08873558314032,140.96048199603828,7.65501941209096,428.3649473100388,78.21309428451691,126.76343081928454,38986.02640078635,87.96798266409317,59.23271067893123,110.08873558314032,1
2018-02-03 02:34:00,2018-02-03 02:35:00,CIC,1352,8665.504437869822,8793468.866124261,8.308431952662723,11233.0,1093.9223372781064,1478983.0,,0.0,9970364615845.914,,,4.665680473372781,3.6427514792899407,403.8439349112426,690.0784023668639,35858.17802152707,7986.454111826567,3984770.6771197836,621803.6555568794,5328244.239644971,3663888.203402367,6334.960330373478,1633.7723596265591,0.3661242603550296,0.0022189349112426036,0.019230769230769232,0.3890532544378698,0.5562130177514792,0.35798816568047337,0.03328402366863906,0.0,0.3890532544378698,7217.12573964497,16295.80547337278,255.59985207100593,2.848372781065089,62.796782203576925,99.91772552970414,372.7204142011834,7.633875739644971,83.35430366238388,137.14670433727812,2.848372781065089,417.219674556213,65.56631826953107,119.84281160863536,32119.761823873934,72.4557572975148,62.796782203576925,83.35430366238388,1
2018-02-03 02:35:00,2018-02-03 02:36:00,CIC,1430,9460.186713286714,9237969.126573427,14.468531468531468,20690.0,4418.658741258741,6318682.0,,0.0,6363755150687.469,,,7.5874125874125875,6.881118881118881,417.34125874125874,4001.3174825174824,108298.95881219226,17258.318153082582,3318894.045392097,541863.511819735,4846081.895104895,3036225.562937063,14215.980401630588,2981.9939817482364,0.3734265734265734,0.007692307692307693,0.025874125874125874,0.33986013986013985,0.527972027972028,0.3657342657342657,0.027972027972027972,0.0,0.33986013986013985,8039.947552447553,14346.04055944056,234.25244755244756,3.5783216783216782,58.661768863380416,91.51551887310909,348.47202797202794,8.725874125874126,87.34383185835664,128.79919500562238,3.5013986013986016,390.1881118881119,66.40777219197481,114.97018367982167,32768.2179649679,73.4094482924888,58.661768863380416,87.34383185835664,1
2018-02-03 02:36:00,2018-02-03 02:37:00,CIC,1472,8660.767663043478,7984932.503396739,7.321331521739131,10777.0,845.4524456521739,1244506.0,,0.0,3599494663973.2583,,,4.188179347826087,3.1331521739130435,353.52377717391306,491.9286684782609,172698.64025367404,24588.113048454754,4152254.981915319,342757.61504796287,5036554.323369565,3974331.836277174,23113.844727407763,1390.7489153461352,0.360054347826087,0.0033967391304347825,0.029891304347826088,0.35529891304347827,0.5366847826086957,0.389945652173913,0.02377717391304348,0.0,0.35529891304347827,6407.639945652174,13378.208559782608,222.05638586956522,1.8111413043478262,56.79561538776494,90.02334698280299,318.6671195652174,4.270380434782608,70.1771288142731,120.58548761650137,1.8111413043478262,359.5991847826087,57.32558129349185,105.05874610649117,26542.237563394057,63.37787024920176,56.79561538776494,70.1771288142731,1
2018-02-03 02:37:00,2018-02-03 02:38:00,CIC,1966,6247.624618514751,11502661.246185148,10.9587995930824,21545.0,2357.087995930824,4634035.0,,0.0,8891170296316.988,,,5.702441505595117,5.256358087487284,425.99593082400816,1931.0920651068159,170677.69597319103,11496.486994301518,2528114.947064574,757346.6792211107,4673338.3097660225,2179153.427263479,7990.385571168451,3459.3201942564965,0.5061037639877924,0.001017293997965412,0.021363173957273652,0.2614445574771109,0.47812817904374366,0.2599186164801628,0.011698880976602238,0.0,0.2614445574771109,6050.468972533062,11628.597660223804,227.9674465920651,10.416073245167853,59.83878774002289,83.53919390948016,384.83723296032554,26.61444557477111,116.17184567258393,137.60093005618006,10.321973550356052,418.44862665310274,82.02561481513581,126.91867093193642,40138.28421079147,93.33316707039013,59.83878774002289,116.17184567258393,1
2018-02-03 02:38:00,2018-02-03 02:39:00,CIC,1424,8053.931179775281,10537487.836376404,14.535814606741573,20699.0,9142.615870786516,13019085.0,,0.0,9210683118431.088,,,5.365870786516854,9.169943820224718,396.75351123595505,8745.862359550561,267364.69507903483,16744.7593892426,3615618.3798151766,703248.7450012421,5207908.764044944,3235598.0758426967,13501.92350637614,3207.559002233813,0.4473314606741573,0.0014044943820224719,0.025280898876404494,0.3539325842696629,0.5105337078651685,0.34480337078651685,0.023876404494382022,0.0,0.3539325842696629,6668.505617977528,13538.080758426966,238.1123595505618,5.525280898876405,59.86874994974017,92.04436584823807,357.0540730337079,13.34691011235955,96.77444289931181,129.74276027936097,5.325140449438202,401.15168539325845,72.84953729459971,120.3713578089663,36344.44963725802,81.10042091166432,59.86874994974017,96.77444289931181,1
2018-02-03 02:39:00,2018-02-03 02:40:00,CIC,1997,8284.36304456685,12824399.603905858,10.468202303455183,20905.0,2395.654481722584,4784122.0,,0.0,9034901500435.783,,,5.373560340510767,5.094641962944417,360.1196795192789,2035.534802203305,224685.88578244386,17311.112460539996,3686859.2640752234,730224.8561234981,5688394.452178268,3321454.869303956,12535.044093782204,4724.057012282765,0.4927391086629945,0.00200300450676014,0.02503755633450175,0.2653980971457186,0.44066099148723087,0.30796194291437157,0.03605408112168253,0.0,0.2653980971457186,6184.8372558838255,11380.876314471707,212.39058587881823,9.561842764146219,55.05413087260891,77.91010394720631,351.2919379068603,23.046569854782174,105.25311149020531,125.319745770667,9.371557336004006,385.50575863795694,75.79224231770556,116.43441988935153,36439.78881745974,85.8514293137937,55.05413087260891,105.25311149020531,1
2018-02-03 02:40:00,2018-02-03 02:41:00,CIC,2604,7446.037634408603,8128162.599462366,14.287250384024578,37204.0,8506.003456221199,22149633.0,,0.0,5380943630555.551,,,5.807603686635945,8.479646697388633,331.04070660522274,8174.962749615976,230135.84516781598,18687.323939702284,2419978.2418962014,511249.6850044624,3783624.7073732717,2173505.6528417817,15873.72836428366,2734.6552668364297,0.4662058371735791,0.002304147465437788,0.03379416282642089,0.20238095238095238,0.46543778801843316,0.36789554531490015,0.031874039938556066,0.0,0.20238095238095238,5964.333333333333,9487.870583717358,194.4784946236559,6.6443932411674345,50.550471883096385,74.83006333090361,344.03033794162826,16.325652841781874,98.62972326688556,132.76279995330646,6.553763440860215,371.19969278033795,69.6202684340219,115.40639279461405,34374.71286779397,78.75810096688825,50.550471883096385,98.62972326688556,1
2018-02-03 02:41:00,2018-02-03 02:42:00,CIC,1461,9031.156057494867,9072455.518822724,9.286789869952088,13568.0,957.9760438056126,1399603.0,,0.0,8165513684635.108,,,5.231348391512663,4.055441478439425,361.5140314852841,596.4620123203285,144885.87501441315,23597.240389115566,4362149.421901909,526342.496783261,5427653.910335387,4067453.3148528407,22001.736994156465,1530.897671684423,0.4086242299794661,0.0027378507871321013,0.03216974674880219,0.3271731690622861,0.4791238877481177,0.3655030800821355,0.03148528405201916,0.0,0.3271731690622861,7312.263518138261,13922.635181382615,219.07802874743325,5.3757700205338805,57.40685360369815,85.77855197576044,307.95277207392195,12.46611909650924,75.4233029580794,111.54462553053183,5.375085557837098,349.6714579055442,59.90527040926763,101.55543050936413,26408.263298866914,67.58683490828679,57.40685360369815,75.4233029580794,1
2018-02-03 02:42:00,2018-02-03 02:43:00,CIC,2348,7058.715928449745,12798733.70911414,19.05494037478705,44741.0,12320.600511073253,28928770.0,,0.0,7350643378852.696,,,7.643526405451448,11.411413969335605,768.25,11552.350511073253,131725.3662644488,11574.555558329383,3334438.6300178305,728591.8856733784,5718635.190800682,3017013.7968483814,9417.401353578905,2127.5769759202362,0.5489778534923339,0.002981260647359455,0.0217206132879046,0.217206132879046,0.4058773424190801,0.2559625212947189,0.019165247018739354,0.0,0.217206132879046,5515.507240204429,9592.628620102214,200.10689948892676,12.977427597955707,54.762956249617545,70.61385875208177,357.1320272572402,30.63756388415673,121.03401680608816,124.4251327729804,12.897359454855195,386.44505962521293,83.57009537662223,119.55881590035987,40665.9010993632,95.55853991465288,54.762956249617545,121.03401680608816,1
2018-02-03 02:43:00,2018-02-03 02:44:00,CIC,1491,8191.264252179745,9354651.458081825,10.036217303822937,14964.0,1513.5258215962442,2256667.0,,0.0,7137566925983.371,,,5.4279007377598925,4.608316566063045,409.64721663313213,1103.878604963112,77020.59565640723,14100.217377562698,3929876.747807384,494078.66265658074,4999194.555331992,3639825.2085848423,13009.03001892926,1034.4460412814976,0.41851106639839036,0.004694835680751174,0.02682763246143528,0.3487592219986586,0.5130784708249497,0.34339369550637155,0.02079141515761234,0.0,0.3487592219986586,7639.5902079141515,15602.146881287727,243.88464118041583,5.093226022803488,60.93859923842321,93.39541167775923,364.58014755197854,12.373574782025486,91.7329120908719,132.68874618993965,5.093226022803488,407.1193829644534,71.07543278806439,118.92692764119585,34310.919775870876,78.916399566499,60.93859923842321,91.7329120908719,1
2018-02-03 02:44:00,2018-02-03 02:45:00,CIC,1416,9515.50141242938,10208137.420903955,17.63771186440678,24975.0,13290.666666666666,18819584.0,,0.0,14460490372681.525,,,5.607344632768362,12.030367231638419,421.4343220338983,12869.232344632768,151967.89163032777,13878.88824926732,4802995.994994009,718864.3381453656,6299723.388418079,4412831.30720339,10404.184480931965,3445.2993441954477,0.3997175141242938,0.0007062146892655367,0.01977401129943503,0.3721751412429379,0.5346045197740112,0.3707627118644068,0.02401129943502825,0.0,0.3721751412429379,7912.581214689266,16631.851694915254,255.30014124293785,3.055084745762712,61.49146874384816,97.71938343802755,370.0967514124294,7.624293785310734,87.75835416967091,135.68743591463206,2.869350282485876,412.47033898305085,69.66569190198234,119.34953133162358,33305.33535308656,76.24448334922953,61.49146874384816,87.75835416967091,1
2018-02-03 02:45:00,2018-02-03 02:46:00,CIC,1415,9751.6777385159,9957274.328621909,9.373851590106007,13264.0,1022.3653710247349,1446647.0,,0.0,6392251738481.658,,,5.282685512367491,4.0911660777385155,400.7024734982332,621.6628975265018,113439.62894392795,20682.976222550256,4950096.239480378,436519.80294062133,5968739.30106007,4719889.649469964,19401.491192543443,1120.6986422942664,0.34275618374558303,0.005653710247349823,0.04734982332155477,0.3667844522968198,0.511660777385159,0.3908127208480565,0.018374558303886925,0.0,0.3667844522968198,7360.698233215548,15979.86219081272,243.626148409894,2.8395759717314486,59.762366570486925,94.76830052999435,340.1519434628975,6.949823321554771,76.03849390116608,125.29972577947704,2.807067137809187,384.46148409893993,61.690298046353355,110.4783746527569,29099.924953852995,68.25160624746997,59.762366570486925,76.03849390116608,1
2018-02-03 02:46:00,2018-02-03 02:47:00,CIC,2786,5308.625628140703,11486179.37150036,14.214644651830582,39602.0,8832.058865757359,24606116.0,,0.0,9291259945703.32,,,5.136755204594401,9.077889447236181,355.15793251974156,8476.900933237617,175178.28188754225,12370.368329405614,2303551.8296577698,819700.5366825231,5041393.396984925,1963152.3158650396,11453.013777035243,886.2732249051236,0.5789662598707824,0.0003589375448671931,0.01722900215362527,0.17552045944005742,0.4063173007896626,0.2185929648241206,0.006460875807609476,0.0,0.17552045944005742,5019.778535534817,8713.656855707108,197.56568557071068,18.031227566403444,57.220508997314425,67.61266252802261,371.9253409906676,36.1586503948313,129.12792691897704,129.70072448911344,17.849605168700645,395.7631012203876,89.77486450921572,121.10428455301329,41238.40255937853,104.60792212257142,57.220508997314425,129.12792691897704,1
2018-02-03 02:47:00,2018-02-03 02:48:00,CIC,2124,6511.569679849341,12046998.075800376,9.792843691148775,20800.0,1915.7999058380415,4069159.0,,0.0,8132419486821.451,,,5.1403013182674195,4.6525423728813555,398.08239171374765,1517.7175141242938,200486.31009200326,13943.184312099651,3618206.277847687,737094.2675583427,5853861.086158192,3303003.2241054615,12688.766020719802,1215.030765152911,0.5117702448210922,0.002824858757062147,0.018361581920903956,0.2245762711864407,0.4246704331450094,0.2612994350282486,0.01977401129943503,0.0,0.2245762711864407,6060.83945386064,10269.014595103577,203.8177966101695,11.859227871939737,58.205091923522126,75.21286240615113,330.81403013182677,28.240583804143125,105.83435587759416,117.31976071129331,11.752824858757062,363.84651600753295,76.27260842798493,111.49693109273352,34577.54638727785,87.9518721964986,58.205091923522126,105.83435587759416,1
2018-02-03 02:48:00,2018-02-03 02:49:00,CIC,2125,9142.832470588235,13844937.088470588,16.41176470588235,34875.0,11504.126117647058,24446268.0,,0.0,12281318329911.475,,,5.410823529411765,11.000941176470588,409.26447058823527,11094.861647058824,271153.6605238117,17444.50369029012,3657976.202336084,965773.323927869,6347688.787764706,3241666.3694117647,15130.841285608733,2264.407335406848,0.5505882352941176,0.0032941176470588237,0.02258823529411765,0.232,0.4192941176470588,0.3096470588235294,0.046588235294117646,0.0,0.232,5822.197647058823,9810.030588235295,210.68329411764705,10.958588235294117,57.04921318508235,76.38890783422683,345.08941176470586,24.837647058823528,107.70905256770824,122.06466491695483,10.934588235294118,383.5289411764706,79.44337654356423,117.25184345763954,39023.46115881787,90.34969975071859,57.04921318508235,107.70905256770824,1
2018-02-03 02:49:00,2018-02-03 02:50:00,CIC,1759,11356.090960773166,8818868.221716885,9.17396247868107,16137.0,1489.2472996020467,2619586.0,,0.0,9009250554868.355,,,4.977259806708357,4.196702671972711,363.1534963047186,1126.0938032973281,309564.07267908356,42762.75064042985,3681619.203466838,570138.6545658674,5207865.25298465,3413380.623081296,40345.80379857922,2125.2168774063703,0.38942581011938604,0.0045480386583285955,0.053439454235361,0.2762933484934622,0.4519613416714042,0.4076179647527004,0.041500852757248435,0.0,0.2762933484934622,7550.154633314383,13105.366117111995,213.04718590108016,5.4394542353610005,54.9995714027129,81.74983579558955,312.41046048891417,12.175099488345651,81.20270309335419,113.805110500415,5.413303013075611,351.53780557134735,63.81225452995452,103.94874918589198,29316.882694959804,71.68209976635076,54.9995714027129,81.20270309335419,1
2018-02-03 02:50:00,2018-02-03 02:51:00,CIC,2412,7450.023217247098,13394060.614013268,15.288142620232172,36875.0,9411.605721393034,22700793.0,,0.0,10200711198465.904,,,5.711442786069652,9.57669983416252,409.9303482587065,9001.675373134329,163792.36830092987,21416.09583760043,3462416.197390084,858200.9361203064,5756248.24668325,3067244.7093698177,20219.908383660328,1134.0346053663127,0.49792703150912104,0.002902155887230514,0.028192371475953566,0.2296849087893864,0.4324212271973466,0.2943615257048093,0.017412935323383085,0.0,0.2296849087893864,5774.978855721393,10956.280679933665,217.93366500829188,10.016583747927031,55.14562206020232,77.83203093470813,370.73258706467664,25.837064676616915,110.76007965767121,131.68033098326285,9.97636815920398,402.54353233830847,78.17188048071932,121.47150166621351,39310.756434677365,89.11579565423838,55.14562206020232,110.76007965767121,1
2018-02-03 02:51:00,2018-02-03 02:52:00,CIC,2181,7356.408069692801,12648309.79825768,16.414947271893627,35801.0,7711.773039889958,16819377.0,,0.0,9298694020826.812,,,7.484640073360843,8.930307198532784,477.447959651536,7234.325080238423,325333.1903638882,20706.62200549356,3057049.4751519333,842454.8034242163,5694052.633654287,2682611.9220541036,19195.733363249677,1377.9713070631653,0.5121503897294819,0.010087116001834021,0.03255387436955525,0.24346629986244842,0.45896377808344796,0.29298486932599727,0.026134800550206328,0.0,0.24346629986244842,6790.680421824851,12352.891334250344,218.92847317744153,9.252636405318661,56.1281740114796,78.69609576356763,383.750573131591,23.447501146263182,118.389121316254,137.40401337618982,9.213663457129757,414.59743237047223,83.9597166866387,126.66421702777029,42842.46674840297,94.28259834742732,56.1281740114796,118.389121316254,1
2018-02-03 02:52:00,2018-02-03 02:53:00,CIC,1632,8391.069852941177,9434627.619485294,15.835171568627452,25843.0,11275.15931372549,18401060.0,,0.0,4818414203466.045,,,5.331495098039215,10.503676470588236,360.8841911764706,10914.27512254902,205162.63402839925,30027.71480082592,3947195.129217609,513316.5807745795,5113590.824142157,3672548.038602941,27497.471915290884,2493.444215468334,0.4338235294117647,0.0012254901960784314,0.025735294117647058,0.3118872549019608,0.46629901960784315,0.35110294117647056,0.01715686274509804,0.0,0.3118872549019608,6771.7837009803925,12882.072303921568,215.97426470588235,6.590686274509804,55.96234494248836,82.74457498634007,321.60110294117646,16.073529411764707,83.82395909194852,115.22157816182231,6.547181372549019,361.25796568627453,64.64895170843015,106.17273193531372,29376.699196375535,73.26122737380577,55.96234494248836,83.82395909194852,1
2018-02-03 02:53:00,2018-02-03 02:54:00,CIC,1546,9814.006468305304,10154670.236093143,9.201164294954722,14225.0,1102.633893919793,1704672.0,,0.0,4201724514358.1587,,,5.134540750323415,4.066623544631307,367.3893919793014,735.2445019404915,250211.70345517126,29798.082643457034,4954809.043758806,395547.34889250074,6022710.234799483,4751354.2632600255,25923.826034657566,3720.0621319080483,0.4003880983182406,0.004527813712807244,0.04398447606727038,0.3318240620957309,0.46377749029754206,0.38809831824062097,0.03622250970245795,0.0,0.3318240620957309,7604.282018111255,13792.559508408796,221.61190168175938,5.005821474773609,56.08265672679107,85.20029533103428,312.96248382923676,11.406856403622252,76.52593472456662,113.31083170563389,4.926261319534282,354.07567917205694,60.71461110672962,102.8774068403189,27885.291007499687,68.12483133832276,56.08265672679107,76.52593472456662,1
2018-02-03 02:54:00,2018-02-03 02:55:00,CIC,1697,8125.177371832646,6720078.945197407,11.616971125515615,19714.0,6017.197407189157,10211184.0,,0.0,5740702946187.1455,,,4.893341190335887,6.723629935179729,386.06010606953447,5631.137301119623,155339.52631956278,27424.57629894192,3486371.1116890023,491463.0445122739,4823888.704773129,3250479.4814378317,25768.58913154562,1607.505300115897,0.4354743665291691,0.0017678255745433118,0.038892162639952856,0.3182086034177961,0.48556275780789626,0.33470830878020036,0.014142604596346494,0.0,0.3182086034177961,6974.649381261049,14144.918680023571,239.88332351208015,6.801414260459635,59.684504875701826,89.8768633344455,368.6205067766647,16.152032999410725,100.73286776754273,134.93514655011197,6.704183853859752,406.65939893930465,74.63974452938892,120.620587122132,35615.66748450181,84.06879651747201,59.684504875701826,100.73286776754273,1
2018-02-03 02:55:00,2018-02-03 02:56:00,CIC,2369,5096.298860278598,10446401.96496412,10.960320810468552,25965.0,2991.4605318699873,7086770.0,,0.0,6302264200063.391,,,5.596032081046856,5.3642887294216965,412.15407344871255,2579.306458421275,171889.9646406441,8336.371549420588,2681333.213537999,625265.9220686749,4754764.6753904605,2436570.1831996622,7306.475773059431,1019.3389529164406,0.48290417897847193,0.002110595187842972,0.016884761502743775,0.23554242296327565,0.5040101308569016,0.3051920641620937,0.003799071338117349,0.0,0.23554242296327565,6295.989447024061,10178.390882228789,206.22119037568595,8.09624314056564,54.983662929773324,78.05873670724357,381.45588856057407,18.891093288307303,115.31915536826509,145.16979252697342,7.495145631067961,409.1979738286197,80.84339201757874,127.80266433349347,39903.42083193544,90.71251293642044,54.983662929773324,115.31915536826509,1
2018-02-03 02:56:00,2018-02-03 02:57:00,CIC,2741,6271.799708135717,12808273.4855892,12.487048522437068,34227.0,5951.805180591025,16313898.0,,0.0,8094171172681.239,,,5.311929952572054,7.175118569865012,486.3276176577891,5465.477562933236,292643.7148680002,16324.15799375804,3044411.4809948076,788675.5635989794,5399238.264866837,2697911.05144108,13065.88066897517,3198.721841413492,0.5118569865012769,0.003283473184968989,0.01897117840204305,0.209047792776359,0.45749726377234584,0.2659613279824881,0.01568770521707406,0.0,0.209047792776359,5935.736957314849,9762.558920102152,214.2477198102882,11.069317767238234,57.029777139095216,76.47545795167969,401.88653775994163,28.84385260853703,125.47681479556366,145.596892153,10.743159430864647,430.53557095950384,86.21497729943451,132.76331983556403,44795.95658692911,98.19823342420284,57.029777139095216,125.47681479556366,1
2018-02-03 02:57:00,2018-02-03 02:58:00,CIC,1542,10102.806744487678,8795432.877431907,9.09662775616083,14027.0,1166.0129701686121,1797992.0,,0.0,5799525019921.169,,,5.060959792477302,4.035667963683528,354.632944228275,811.3800259403372,123703.45301680177,16547.23879125842,3790529.0422893055,509033.8990938508,5199094.7749675745,3549068.1316472115,14242.524281463673,2272.5214381335863,0.4066147859922179,0.0,0.017509727626459144,0.3333333333333333,0.5006485084306096,0.3845654993514916,0.054474708171206226,0.0,0.3333333333333333,7391.57392996109,13821.206225680933,220.7036316472114,4.2905317769131,55.924252145476,86.24922885443256,331.3469520103761,9.98378728923476,81.19793039533722,123.10219986830091,4.252918287937743,370.00064850843063,62.15894218472763,108.72324036863101,29927.40023863333,69.33275493091828,55.924252145476,81.19793039533722,1
2018-02-03 02:58:00,2018-02-03 02:59:00,CIC,1639,12584.506406345332,7680666.716900549,10.84685784014643,17778.0,5872.976815131177,9625809.0,,0.0,4719104323033.306,,,4.372788285539963,6.4740695546064675,338.8981086028066,5534.078706528371,455134.4310392282,42053.4335659391,4059287.328909132,442681.87359102204,5113970.406345333,3827550.077486272,36730.35278591861,4989.527005650495,0.3428920073215375,0.005491153142159854,0.07077486272117145,0.3068944478340451,0.46186699206833437,0.45698596705308114,0.04270896888346553,0.0,0.3068944478340451,6983.652226967663,12610.651006711409,205.9798657718121,2.9798657718120807,53.0100755768859,81.19378009717998,287.1336180597926,5.537522879804759,65.6005345785601,105.56749368587553,2.8035387431360586,327.86577181208054,54.834913650391705,94.7667308562831,24566.338084907602,61.06072669191275,53.0100755768859,65.6005345785601,1
2018-02-03 02:59:00,2018-02-03 03:00:00,CIC,1373,9644.573197378004,8819381.019664967,9.391114348142754,12894.0,1001.1412964311726,1374567.0,,0.0,1696998873362.6716,,,5.333576110706482,4.057538237436271,412.7771303714494,588.3641660597233,201473.29672501705,30198.060504239995,5005826.966126789,261349.05980660007,5696490.955571741,4863356.770575383,27714.894564851544,2329.2064175646183,0.3299344501092498,0.005098324836125273,0.04806991988346686,0.38528769118718137,0.5506190823015294,0.39038601602330664,0.019664967225054626,0.0,0.38528769118718137,7979.620538965768,17563.005098324837,258.0553532410779,1.6278222869628551,63.24278751034887,100.83205865412381,360.32993445010925,3.0284049526584123,76.6943914337145,134.20630228302986,1.4763292061179898,405.26074289876186,63.59351980931828,116.3521850047633,30853.099440045928,69.61750830493445,63.24278751034887,76.6943914337145,1
2018-02-03 03:00:00,2018-02-03 03:01:00,CIC,2232,6715.097222222223,14316538.912634408,14.379032258064516,32094.0,7383.610663082437,16480219.0,,0.0,11923322552396.531,,,5.794354838709677,8.584677419354838,446.3373655913978,6937.27329749104,216153.22299248417,13218.869797327538,3584154.994273352,1003736.082570145,6504089.503136201,3130387.0833333335,10968.436160278336,2244.5112043620566,0.5318100358422939,0.0017921146953405018,0.017921146953405017,0.23790322580645162,0.48700716845878134,0.24238351254480286,0.01478494623655914,0.0,0.23790322580645162,6614.6792114695345,12736.908154121864,238.12410394265234,10.819444444444445,60.35325476436514,83.72837793347895,421.35618279569894,26.30510752688172,126.70504766483602,149.71068747777733,10.619175627240143,452.11648745519716,89.23705565094981,136.64281202185663,45989.87729217918,100.47865750650851,60.35325476436514,126.70504766483602,1
2018-02-03 03:01:00,2018-02-03 03:02:00,CIC,1665,7663.933933933934,12564859.21081081,10.85045045045045,18066.0,2377.4,3958371.0,,0.0,8944910880120.512,,,5.6954954954954955,5.154954954954955,421.28228228228227,1956.1177177177178,59153.56510699539,8790.256577549908,5112439.627772938,703747.9155629383,7241924.7003003005,4810896.342342342,7985.000900205515,784.1379437598414,0.4018018018018018,0.006006006006006006,0.018018018018018018,0.3219219219219219,0.5231231231231231,0.3009009009009009,0.015015015015015015,0.0,0.3219219219219219,8326.237237237237,16295.861861861862,255.12972972972972,6.165165165165165,62.43541567325526,94.884426766806,400.2690690690691,15.332732732732733,101.84672797963965,144.4629106765225,6.118918918918919,437.7357357357357,75.34311183826246,127.12043919719699,37227.986926516074,84.1878541807928,62.43541567325526,101.84672797963965,1
2018-02-03 03:02:00,2018-02-03 03:03:00,CIC,1619,10200.644842495367,10634314.154416306,11.88202594193947,19237.0,6138.641136504015,9938460.0,,0.0,9554454310697.814,,,4.7998764669549105,7.082149474984559,434.92711550339715,5703.714021000617,35666.265034540025,10317.640366123544,5612510.267324846,706878.5165612424,7552791.717109327,5298321.02717727,8531.225643841857,1767.2961794232563,0.3730697961704756,0.0006176652254478073,0.008029647930821495,0.3292155651636813,0.5206917850525016,0.355775169857937,0.032736256948733784,0.0,0.3292155651636813,7474.271772699197,15421.155651636813,252.61519456454602,5.826436071649166,64.21910233378999,95.6585138419994,366.1902408894379,9.499691167387276,87.7867375605065,134.61644096152563,5.823965410747375,406.17788758492895,69.50104801999629,116.59933226360592,32654.648383132662,77.74045161827117,64.21910233378999,87.7867375605065,1
2018-02-03 03:03:00,2018-02-03 03:04:00,CIC,2059,9352.78824672171,11268751.174842156,10.499757163671685,21619.0,1988.0811073336572,4093459.0,,0.0,8531864301447.173,,,5.627974745021855,4.87178241864983,404.2030111704711,1583.878096163186,223994.67600699686,24768.37226635555,3922723.011640384,719053.0125143855,6225459.649830014,3627603.3895094707,22580.867839420498,2019.0939307065012,0.46673142302088394,0.003885381253035454,0.045653229723166586,0.2656629431762992,0.4463331714424478,0.3254006799417193,0.033997085964060224,0.0,0.2656629431762992,6591.5925206410875,12306.739679456046,219.5410393394852,10.275862068965518,57.74607076924381,79.18418055813065,365.973773676542,21.809130645944634,104.38051171219038,130.0010639511559,10.244779018941234,399.2030111704711,75.9192839774648,118.08608487784458,36707.474341668196,86.56778644740797,57.74607076924381,104.38051171219038,1
2018-02-03 03:04:00,2018-02-03 03:05:00,CIC,1756,8043.53986332574,10531405.128701594,12.495444191343964,21942.0,6154.944191343963,10808082.0,,0.0,3195284239773.321,,,5.1082004555808656,7.387243735763098,428.5603644646925,5726.3838268792715,85202.10116047674,14198.671306678249,4835656.948175872,436075.5645440769,6104000.120159454,4624282.724373576,13184.67986511704,981.6482266930461,0.43337129840546695,0.0028473804100227792,0.018223234624145785,0.3365603644646925,0.5187927107061503,0.30751708428246016,0.01879271070615034,0.0,0.3365603644646925,7433.407744874715,16596.59965831435,251.40717539863326,6.063781321184511,62.166044503895215,92.97991178767938,391.9345102505695,14.137243735763098,93.95742590482688,140.3973006565638,6.039863325740319,426.98974943052394,71.14641186698006,121.6052580078041,34215.645493911696,79.6392756335262,62.166044503895215,93.95742590482688,1
2018-02-03 03:05:00,2018-02-03 03:06:00,CIC,1526,9249.84141546527,9092075.112712976,9.998034076015728,15257.0,1127.7306684141547,1720917.0,,0.0,5984371955990.249,,,5.600262123197903,4.397771952817824,472.7057667103539,655.0249017038008,36667.82519963136,13148.473810936493,4946071.202216522,492653.27081781277,6131985.840760157,4702973.677588467,12333.116937676916,806.7405732341639,0.3401048492791612,0.000655307994757536,0.02817824377457405,0.37418086500655307,0.5760157273918742,0.3577981651376147,0.01834862385321101,0.0,0.37418086500655307,8897.513106159895,20418.673656618612,279.9580602883355,2.1422018348623855,66.84520561178964,105.94137511214679,408.848623853211,5.368938401048493,85.09552156622543,148.40501815768675,2.1107470511140236,448.408256880734,68.73132247573133,125.7468300972844,33826.04265967917,75.0930679328945,66.84520561178964,85.09552156622543,1
2018-02-03 03:06:00,2018-02-03 03:07:00,CIC,1723,8439.852002321531,7165115.337202554,13.28554846198491,22891.0,7445.4428322692975,12828498.0,,0.0,2381263973897.9126,,,5.254207777132907,8.031340684852003,445.5060940220546,6999.936738247243,233567.6325751454,23016.51039343135,3948160.9557125443,318058.8892290941,4951577.080092861,3794789.210098665,21683.91353684202,1265.8048937888962,0.4045269878119559,0.006964596633778294,0.02379570516540917,0.343006384213581,0.5438189204875218,0.3505513639001741,0.016831108531630876,0.0,0.343006384213581,7646.508995937319,16421.684852002323,248.90365641323274,3.71329077190946,61.07940072899826,94.81456850163435,381.89553105049333,7.745792222867093,91.32649301252468,140.16091716784098,3.71329077190946,417.95473012188046,71.19290261637202,120.93332764369994,33691.20728456967,78.35604651860534,61.07940072899826,91.32649301252468,1
2018-02-03 03:07:00,2018-02-03 03:08:00,CIC,1771,6768.572557876906,13034153.804630153,12.058159232072276,21355.0,3577.5194805194806,6335787.0,,0.0,4916693703839.79,,,5.888763410502541,6.169395821569735,430.13099943534723,3147.388481084133,78350.41665181526,8925.472370225401,4333733.906037118,569561.012402472,6108741.383963862,4079188.9796725013,8149.181731509826,751.0916766442806,0.4579333709768492,0.0033879164313946925,0.023150762281197064,0.30434782608695654,0.5042348955392434,0.28063241106719367,0.00846979107848673,0.0,0.30434782608695654,7471.499153020892,14486.328627893845,244.38848108413325,7.709203839638622,61.19259529850198,89.77008268265386,400.44268774703556,17.773009599096557,110.46586439130323,144.861302792546,7.670807453416149,435.40880858272163,80.99755739415019,129.73015768710673,41069.47326132201,90.35885315924563,61.19259529850198,110.46586439130323,1
2018-02-03 03:08:00,2018-02-03 03:09:00,CIC,1448,7326.08908839779,8261716.296270718,13.25207182320442,19189.0,7028.870165745856,10177804.0,,0.0,2853652002428.292,,,5.2430939226519335,8.008977900552486,465.1574585635359,6563.712707182321,164186.56657390215,10012.21854802931,4050014.4432910206,404073.27786983177,5210779.884668509,3851450.516574586,9535.764335830974,455.7106655108929,0.4005524861878453,0.003453038674033149,0.016574585635359115,0.3825966850828729,0.5697513812154696,0.3080110497237569,0.004143646408839779,0.0,0.3825966850828729,7605.724447513812,18252.55317679558,277.4046961325967,4.548342541436464,67.76950800815608,104.79987491562156,416.0738950276243,10.262430939226519,95.15701699454421,150.9161731918025,4.548342541436464,457.8425414364641,74.17273488616021,130.5072653186775,36272.63436220079,82.03484776092542,67.76950800815608,95.15701699454421,1
2018-02-03 03:09:00,2018-02-03 03:10:00,CIC,2111,6851.634770251066,11547109.914258646,12.541449549976315,26475.0,4032.5618190431073,8512738.0,,0.0,8333005285602.842,,,6.219327333017527,6.322122216958787,414.76835622927524,3617.7934628138323,130318.24097278652,9819.199931729467,3135276.022717257,764216.3722054728,5384115.387494079,2804014.349123638,8727.27890011454,1068.6638077501411,0.5054476551397442,0.0004737091425864519,0.01752723827569872,0.26148744670772145,0.45902415916627193,0.27048792041686404,0.008526764566556135,0.0,0.26148744670772145,6424.0018948365705,12353.429180483183,226.22122216958786,10.595926101373756,59.79005432652723,82.62462094145619,392.868308858361,26.402652771198483,113.69942340678826,140.39033158772858,10.593557555660825,423.21885362387496,79.42820570858835,126.32526176914163,39564.541731930134,91.00977608078873,59.79005432652723,113.69942340678826,1
2018-02-03 03:10:00,2018-02-03 03:11:00,CIC,1584,8158.517676767677,8655305.033459596,11.250631313131313,17821.0,6047.722853535353,9579593.0,,0.0,4453993451374.765,,,4.659090909090909,6.591540404040404,336.97222222222223,5710.750631313132,263582.17528829374,22584.538999278546,4664935.022843078,370067.47332765284,5602555.186237373,4461824.659722222,17832.468857943302,4723.554309229195,0.4034090909090909,0.0025252525252525255,0.028409090909090908,0.30303030303030304,0.494949494949495,0.3869949494949495,0.025252525252525252,0.0,0.30303030303030304,6869.894570707071,12359.337121212122,209.61174242424244,3.706439393939394,53.89508176188131,83.9654054948264,303.92676767676767,8.408459595959595,72.01773510664773,114.66778730608586,3.5795454545454546,343.61805555555554,57.010888437026516,100.96924312497853,25202.434420679267,63.846092862318805,53.89508176188131,72.01773510664773,1
2018-02-03 03:11:00,2018-02-03 03:12:00,CIC,1646,6738.105710814095,7652290.45200486,8.448967193195626,13907.0,778.0382746051033,1280651.0,,0.0,3745411067511.8647,,,4.755771567436209,3.693195625759417,314.10874848116646,463.9295261239368,201337.03722316807,17410.966250437847,3671647.075799325,352627.2302190391,4480931.188335358,3470530.616038882,14730.270133607959,2659.540629391856,0.4198055893074119,0.001215066828675577,0.018833535844471446,0.28128797083839613,0.5151883353584447,0.42345078979343864,0.013365735115431349,0.0,0.28128797083839613,7431.976306196841,10912.323207776428,200.4775212636695,2.114216281895504,50.71712495416707,82.81731306329405,303.52004860267317,5.484204131227218,68.01709369233294,118.16139225574423,2.0716889428918592,340.2047387606318,53.00070156939247,100.65458895504071,23171.014839357893,59.211873724597204,50.71712495416707,68.01709369233294,1
2018-02-03 03:12:00,2018-02-03 03:13:00,CIC,1250,9525.3712,8051399.292,13.1904,16488.0,7446.4808,9308101.0,,0.0,2872623709951.5776,,,5.5624,7.628,373.124,7073.3568,97628.08067216446,17153.708362853875,4979977.535742657,304284.33732433687,5642652.5656,4791145.5944,16467.06881988197,631.7476762033232,0.3528,0.0048,0.04,0.3672,0.5216,0.3968,0.008,0.0,0.3672,8454.8144,13867.4432,232.5256,2.44,58.376780485342394,93.0415993798088,305.8104,5.3088,66.490694931808,111.96892261897601,2.44,354.7656,56.3746051477792,101.5443949198416,24812.061441405564,62.559301567468,58.376780485342394,66.490694931808,1
2018-02-03 03:13:00,2018-02-03 03:14:00,CIC,1796,6527.403118040089,13547645.928173719,13.199331848552339,23706.0,5908.809020044543,10612221.0,,0.0,8267993202181.391,,,5.709910913140312,7.489420935412027,361.8719376391982,5546.937082405345,128041.51751999512,9184.18057243984,4199061.654795751,759429.3841373454,6428400.793986637,3852624.925389755,7916.200313111809,1237.2981415980585,0.5373051224944321,0.0005567928730512249,0.022271714922048998,0.2410913140311804,0.4209354120267261,0.2700445434298441,0.008908685968819599,0.0,0.2410913140311804,6330.260579064588,9079.473830734967,194.17427616926503,11.714365256124722,53.44049230131737,71.58429078813474,315.81347438752783,28.420935412026726,100.47405930747607,110.27874827448386,11.696547884187082,350.50167037861917,71.22128637518263,106.40267103547106,32223.38695384568,82.58546563720935,53.44049230131737,100.47405930747607,1
2018-02-03 03:14:00,2018-02-03 03:15:00,CIC,1686,7069.364768683274,11885019.021945434,14.904507710557533,25129.0,8359.632858837485,14094341.0,,0.0,7332475453944.919,,,6.260379596678529,8.644128113879004,347.2538552787663,8012.379003558719,76353.08437626714,5900.414059583035,3583707.204298869,711670.5795263691,5771667.65539739,3270315.9258600236,4980.695784378602,902.2200128422058,0.5225385527876631,0.0005931198102016608,0.01542111506524318,0.24970344009489917,0.4555160142348754,0.28825622775800713,0.013048635824436536,0.0,0.24970344009489917,6489.741992882562,9454.956109134046,202.73428232502965,9.9282325029656,53.805761560049824,75.27209929111744,334.04389086595495,22.927046263345197,106.30276738973903,119.73064522668447,9.905693950177936,371.04922894424675,75.34511276648695,113.77547097902728,36653.66426572018,85.52390048297153,53.805761560049824,106.30276738973903,1
2018-02-03 03:15:00,2018-02-03 03:16:00,CIC,1265,9056.573913043478,11553940.163636364,9.312252964426877,11780.0,942.7517786561265,1192581.0,,0.0,8103667616372.925,,,5.241897233201581,4.0703557312252965,370.2608695652174,572.4909090909091,136505.71245734268,11715.816546367369,5360707.026176675,614837.7003008162,6865277.283794466,5041782.1802371545,10465.385231069911,1241.169800290792,0.3897233201581028,0.0015810276679841897,0.015019762845849802,0.324901185770751,0.5019762845849802,0.38023715415019765,0.023715415019762844,0.0,0.324901185770751,8162.874308300396,12679.837154150198,222.6197628458498,4.665612648221344,57.487168831856124,88.87992311406957,294.9533596837945,8.071146245059289,71.13870597173914,109.48440914949407,3.8703557312252963,342.896442687747,57.60995365155731,100.69278360958893,26235.53443350214,64.50081922678815,57.487168831856124,71.13870597173914,1
2018-02-03 03:16:00,2018-02-03 03:17:00,CIC,1890,8748.57671957672,10226011.975661376,16.4989417989418,31183.0,10350.808465608465,19563028.0,,0.0,7886622744568.465,,,6.965079365079365,9.533862433862433,296.14550264550263,10054.662962962962,321454.76310928696,23445.569901907886,3761132.067992771,623648.163186256,5705802.847089947,3488892.003174603,20743.34729045543,2565.766913637922,0.4544973544973545,0.007407407407407408,0.039153439153439155,0.22433862433862434,0.40793650793650793,0.3582010582010582,0.020105820105820106,0.0,0.22433862433862434,6083.765079365079,7695.663492063492,174.76455026455025,12.880952380952381,52.390791991097885,66.38369841162486,268.75343915343916,20.682010582010584,83.52340993885184,96.55788221888889,12.571957671957671,304.0084656084656,64.12654298377566,91.2791593014873,25994.221849812377,75.36116991735184,52.390791991097885,83.52340993885184,1
2018-02-03 03:17:00,2018-02-03 03:18:00,CIC,2057,7540.153135634419,12236099.577540107,14.907146329606222,30664.0,6630.80068060282,13639557.0,,0.0,8685972693741.889,,,6.93048128342246,7.976665046183763,406.64948954788525,6224.151191054934,153311.61378263088,16082.3724022012,3252768.7911002007,831302.080868636,5777760.895964998,2897788.607681089,14857.328707885832,1217.2253314148809,0.49538162372386974,0.002916869227029655,0.03354399611084103,0.21633446767136608,0.43509965969859016,0.3087019931939718,0.021876519202722412,0.0,0.21633446767136608,7073.858531842489,8802.95478852698,210.95819154107923,10.385999027710257,57.05293477217161,78.11630476846572,348.24890617403986,26.17841516771998,112.6622706907506,126.7485141423364,10.366553232863394,381.02333495381623,78.64726942889645,119.24916950117307,40129.184174151604,89.8072726099475,57.05293477217161,112.6622706907506,1
2018-02-03 03:18:00,2018-02-03 03:19:00,CIC,2176,7605.044117647059,13463316.6484375,14.737132352941176,32068.0,9037.198988970587,19664945.0,,0.0,13075036460892.273,,,5.689797794117647,9.047334558823529,335.2904411764706,8701.908547794117,311100.5339949226,13348.964914408762,3654593.538685374,960935.5015955626,6517985.028952206,3252646.9595588236,11653.803783702842,1658.3533230294352,0.5739889705882353,0.001838235294117647,0.022518382352941176,0.20818014705882354,0.3952205882352941,0.28768382352941174,0.04411764705882353,0.0,0.20818014705882354,6371.998161764706,7889.180606617647,181.39935661764707,11.902573529411764,51.38171900466958,66.56353700837224,326.1897977941176,29.530330882352942,105.45510166745588,114.81679747025781,11.893841911764707,355.93704044117646,73.09209078052712,108.79104067372243,34556.25407331175,84.73209288910478,51.38171900466958,105.45510166745588,1
2018-02-03 03:19:00,2018-02-03 03:20:00,CIC,2319,8325.969814575248,13302295.492453644,13.302285467874084,30848.0,5201.968952134541,12063366.0,,0.0,9946843933830.09,,,6.32514014661492,6.977145321259163,333.58516601983615,4868.383786114705,283816.7930946575,24605.109673568088,3133603.11689645,906714.1241556213,5640761.64553687,2718722.4920224235,21379.818612359977,3108.5785962749233,0.5252263906856404,0.0038809831824062097,0.031910306166451054,0.19103061664510565,0.3962915049590341,0.30444156964208713,0.028891763691246228,0.0,0.19103061664510565,5941.515739542906,7796.72100043122,180.20827943078913,11.821474773609314,50.504210317967654,64.95539503525269,313.0198361362656,30.36783096162139,105.22709529596378,109.55241042492455,11.702026735661923,344.7438551099612,72.83211093248771,107.1330058454338,34244.78958354956,84.55807666124579,50.504210317967654,105.22709529596378,1
2018-02-03 03:20:00,2018-02-03 03:21:00,CIC,1409,10380.52945351313,7680951.352732434,13.049680624556423,18387.0,6759.39105748758,9523982.0,,0.0,6804437832737.28,,,5.970901348474095,7.078779276082328,357.1433640880057,6402.247693399574,463449.5004107945,22910.446172414573,4227112.094615324,503143.2146281219,5293852.632363378,3946435.7317246273,19309.945962782123,3551.7199836414006,0.3924769339957417,0.0021291696238466998,0.028388928317955996,0.32150461320085166,0.49041873669268987,0.4151880766501065,0.044712562100780694,0.0,0.32150461320085166,7601.183818310858,12830.10078069553,214.4208658623137,3.707594038325053,55.24127523737615,85.4035549477445,280.11071682044,7.503903477643719,65.25149923810504,102.76786550966644,3.5422285308729595,324.9524485450674,54.57320954526189,94.59485408934279,23460.775791742522,61.02845689114053,55.24127523737615,65.25149923810504,1
2018-02-03 03:21:00,2018-02-03 03:22:00,CIC,1876,9873.693496801705,11132967.274520256,13.636993603411513,25583.0,5819.032515991471,10916505.0,,0.0,4570397661482.922,,,6.509594882729211,7.127398720682303,343.81130063965884,5475.221215351812,183762.89518136004,25803.49790141184,4204266.09095488,519056.7754195704,5648889.483475479,3945354.117803838,23879.195611262036,1759.2479326259936,0.43816631130063965,0.006929637526652452,0.04904051172707889,0.24147121535181237,0.417910447761194,0.37899786780383793,0.03251599147121535,0.0,0.24147121535181237,6268.910447761194,9793.539445628998,186.8678038379531,7.228678038379531,50.599020679879,71.51765029520736,281.22014925373134,16.64498933901919,80.85679843802453,100.2609909988694,6.905117270788913,317.27078891258,61.33824310742217,95.24890742596536,27204.160473848657,69.78653761801546,50.599020679879,80.85679843802453,1
2018-02-03 03:22:00,2018-02-03 03:23:00,CIC,1667,8521.557888422316,8685850.851829635,12.460107978404318,20771.0,5626.5482903419315,9379456.0,,0.0,6764497636572.663,,,5.958008398320336,6.502099580083983,387.29394121175767,5239.254349130174,97700.63323452351,19033.29379389918,4042106.8362497496,599093.7135263062,5696762.852429514,3741018.606478704,17688.627222798954,1241.9073365595273,0.40491901619676063,0.002999400119976005,0.04439112177564487,0.3251349730053989,0.4877024595080984,0.35692861427714456,0.01739652069586083,0.0,0.3251349730053989,6991.0833833233355,13310.332333533293,232.19676064787043,5.8068386322735455,58.089594186983206,88.03466242743431,354.1007798440312,13.815836832633474,92.6935970569886,129.59821078773845,5.8068386322735455,392.6712657468506,69.33387471479725,115.94761629672945,33930.87801171683,77.77925652589622,58.089594186983206,92.6935970569886,1
2018-02-03 03:23:00,2018-02-03 03:24:00,CIC,1342,9406.352459016394,8960476.91505216,9.792101341281668,13141.0,1487.5670640834576,1996315.0,,0.0,5215670523450.736,,,5.403129657228018,4.388971684053652,379.58047690014905,1107.9865871833085,43293.70904960104,6236.319440220348,5543624.525181427,393552.05225457274,6532237.020864381,5341390.522354694,5118.957125782747,1089.4801113061983,0.37332339791356184,0.0014903129657228018,0.020864381520119227,0.35469448584202684,0.5342771982116244,0.37257824143070045,0.026825633383010434,0.0,0.35469448584202684,8983.027570789865,15333.696721311475,241.91430700447094,3.470938897168405,58.769463385453804,93.55834924630254,340.96199701937405,7.576005961251863,78.59699661265276,125.0166404074143,3.390461997019374,385.93517138599105,61.68652316962742,110.62552815497988,29258.2234578918,68.41201401572057,58.769463385453804,78.59699661265276,1
2018-02-03 03:24:00,2018-02-03 03:25:00,CIC,1314,7723.8797564687975,10821640.270928463,8.853881278538813,11634.0,2170.8318112633183,2852473.0,,0.0,6439242207367.516,,,4.691019786910198,4.162861491628615,400.20928462709287,1770.6225266362253,99924.41920759258,4196.161382005709,6657875.932917338,395119.10248348705,7715321.04109589,6453821.359969558,3146.001777761923,1046.9661785191272,0.3828006088280061,0.0,0.0091324200913242,0.3797564687975647,0.5449010654490106,0.3287671232876712,0.00837138508371385,0.0,0.3797564687975647,8832.983257229833,15683.2800608828,250.01978691019787,4.356925418569254,62.17947309276255,96.6110501054376,357.14307458143077,10.592846270928463,85.49629728434552,129.8280965314688,4.268645357686453,400.89497716894977,67.0804323369764,115.26316320672755,30355.24478342302,74.39808215782877,62.17947309276255,85.49629728434552,1
2018-02-03 03:25:00,2018-02-03 03:26:00,CIC,2076,6974.71387283237,14720913.483140655,15.671001926782274,32533.0,8810.949903660887,18291532.0,,0.0,7999427185187.102,,,6.007707129094412,9.663294797687861,434.7153179190751,8376.234585741811,109876.88389028813,7723.019379235844,3776877.089615393,865316.2313057345,6458399.43689788,3406538.3843930634,6474.322015575492,1222.6563542284628,0.5255298651252408,0.0019267822736030828,0.024084778420038536,0.22013487475915222,0.45664739884393063,0.27360308285163776,0.015895953757225433,0.0,0.22013487475915222,7076.504335260116,9296.088631984585,210.27312138728323,10.946050096339114,55.41647014142004,75.94530999659682,375.5149325626204,27.36078998073218,119.05377891544798,133.76095353598748,10.695568400770712,407.99662813102117,83.07631367976107,124.54765061866281,41043.21677856679,94.31638687359344,55.41647014142004,119.05377891544798,1
2018-02-03 03:26:00,2018-02-03 03:27:00,CIC,1939,5950.858174316658,5233081.470861268,6.711707065497679,13014.0,707.8112429087158,1372446.0,,0.0,410218115634.7114,,,3.8633316142341414,2.848375451263538,299.57813305827744,408.2331098504384,157235.9499828521,8584.163092076524,3848715.139585667,129459.54783250726,4202472.016503353,3782393.4878803506,7210.113585197904,1365.1952901729278,0.38267148014440433,0.0,0.0,0.26456936565239814,0.555440948942754,0.42083548220732336,0.013408973697782363,0.0,0.26456936565239814,7466.2145435791645,11153.40536358948,198.45177926766374,0.6699329551315111,50.50918024653274,83.5152191171707,318.2485817431666,1.3826714801444044,69.52828337024755,129.58388917051573,0.6699329551315111,348.59773078906653,53.901760996940176,105.23971666737081,24285.5025054936,59.50576302051985,50.50918024653274,69.52828337024755,1
2018-02-03 03:27:00,2018-02-03 03:28:00,CIC,2222,8455.805130513052,13464750.201620162,9.824932493249324,21831.0,2001.4203420342035,4447156.0,,0.0,8851444484885.68,,,5.2349234923492345,4.59000900090009,390.45589558955896,1610.9644464446444,246198.49805729548,16901.93246541804,4069164.94419663,804731.6344814219,6378456.393789379,3720488.074707471,14911.810592982907,1906.4489395438382,0.49684968496849685,0.004500450045004501,0.023402340234023402,0.21917191719171916,0.4365436543654365,0.3154815481548155,0.0288028802880288,0.0,0.21917191719171916,6378.65706570657,9630.691269126914,203.8928892889289,9.531503150315032,56.13424657958011,74.93273389074032,356.9081908190819,24.415841584158414,111.41129013116112,129.0798076280468,9.183168316831683,389.86498649864984,80.0484336425198,120.24342432586454,39923.657117498406,91.05935167429523,56.13424657958011,111.41129013116112,1
2018-02-03 03:28:00,2018-02-03 03:29:00,CIC,1805,9072.522991689752,12044656.298614958,8.952908587257618,16160.0,1511.6271468144043,2728487.0,,0.0,6564660071038.149,,,4.954016620498615,3.9988919667590026,402.80831024930745,1108.818836565097,153644.50502623257,21012.20109027097,4196414.039026301,704670.2275769515,6463166.021052632,3916264.385041551,19442.5858072416,1406.6397621707983,0.43601108033241,0.004986149584487534,0.05263157894736842,0.2930747922437673,0.47534626038781164,0.3335180055401662,0.026592797783933517,0.0,0.2930747922437673,7386.88864265928,12883.775623268699,231.6005540166205,8.316897506925208,58.210053860271465,84.78900403367369,390.3584487534626,18.44487534626039,106.01245281373961,140.50572360019945,7.610526315789474,426.1036011080332,75.49263183594128,125.45166442244599,39207.23645074426,85.38025961785041,58.210053860271465,106.01245281373961,1
2018-02-03 03:29:00,2018-02-03 03:30:00,CIC,1802,8718.013873473918,12020357.062153162,12.901220865704772,23248.0,4406.566592674806,7940633.0,,0.0,7892151058434.482,,,6.40677025527192,6.494450610432852,405.56548279689235,4001.001109877913,361627.97711401095,16247.015044874011,4458793.039128536,727469.9212802144,6619467.860155383,4131704.973917869,11624.825751812316,4595.14098852028,0.4694783573806881,0.002774694783573807,0.02774694783573807,0.2902330743618202,0.4728079911209767,0.33684794672586016,0.04716981132075472,0.0,0.2902330743618202,7623.9367369589345,13129.22807991121,227.47169811320754,7.774139844617092,58.46154068707103,84.96353422349002,373.142064372919,19.540510543840178,101.65287210049611,134.86135606968313,7.54661487236404,408.0815760266371,72.88086686781021,120.77987351895949,36596.12161318193,82.59161614097502,58.46154068707103,101.65287210049611,1
2018-02-03 03:30:00,2018-02-03 03:31:00,CIC,2422,8655.759289843105,12366345.265483072,8.989677952105698,21773.0,1783.1482246077621,4318785.0,,0.0,6166109491619.983,,,4.78654004954583,4.203137902559868,366.331544178365,1416.8166804293971,364344.8345799909,32087.09304948232,3927850.7093131235,713730.0990438578,6060075.946738233,3612494.831131296,28247.53316759576,3574.5962728703194,0.48678777869529316,0.007844756399669695,0.03963666391412056,0.2258464079273328,0.43641618497109824,0.3187448389760528,0.03468208092485549,0.0,0.2258464079273328,6958.156482246078,11328.10156895128,208.9748142031379,9.326589595375722,54.13297705613914,75.86651795041412,376.11601981833195,25.105697770437654,112.4325284095871,135.33120546593807,9.242774566473988,404.92857142857144,78.21832295741537,123.66633988233772,40721.32416051273,89.23946472274608,54.13297705613914,112.4325284095871,1
2018-02-03 03:31:00,2018-02-03 03:32:00,CIC,3592,8289.206291759465,7770930.1929287305,9.208240534521158,33076.0,2062.9345768374164,7410061.0,,0.0,4836888314968.573,,,4.714922048997773,4.493318485523385,335.1316815144766,1727.8028953229398,106304.94417769549,12993.326203209645,2479643.330841082,438246.2890657555,3707682.7140868595,2270828.042873051,12020.555134332275,951.067294643559,0.6010579064587973,0.0013919821826280624,0.02032293986636971,0.38001113585746105,0.48747216035634744,0.39448775055679286,0.015033407572383074,0.0,0.38001113585746105,6439.994153674833,7660.711302895323,204.4142538975501,4.932349665924276,57.03950232136108,89.21515430062666,233.4053452115813,11.33630289532294,69.03635776770992,85.84438709249443,4.456570155902004,299.50723830734967,58.10795408658352,94.06728419379203,25268.650118845697,65.37741924108464,57.03950232136108,69.03635776770992,1
2018-02-03 03:32:00,2018-02-03 03:33:00,CIC,3533,9119.70563260685,5485223.3382394565,6.672516275120294,23574.0,727.6532691763374,2570799.0,,0.0,3957417555932.0034,,,3.5561845457118597,3.1163317294084347,284.4593829606567,443.1938862156807,130785.49125534255,15692.36364017957,2766329.666794354,336774.4004661478,3734442.823945655,2621747.3566374187,14297.695405498449,1368.018310574598,0.6003396546844042,0.002547410133031418,0.019813189923577695,0.3996603453155958,0.49363147466742147,0.43730540617039343,0.015567506368525332,0.0,0.3996603453155958,6605.318426266629,7526.94140956694,201.45711859609398,2.513727710161336,56.84498009909256,91.66599845263318,209.32946504387206,6.210302858760261,52.876994622758566,79.26030575548711,2.457401641664308,278.85847721483157,48.029805008763375,85.72355520729268,19670.981711613884,54.124723220593545,56.84498009909256,52.876994622758566,1
2018-02-03 03:33:00,2018-02-03 03:34:00,CIC,3769,8710.444414964182,6871610.773149377,8.515256036083843,32094.0,1531.3305916688778,5771585.0,,0.0,3377547959577.614,,,4.459007694348633,4.056248341735208,311.4404351286814,1219.8901565401964,94420.22862683974,9393.810791985657,2531057.5095880167,363965.486585622,3596611.519501194,2364506.920933935,7738.364650306946,1645.4765892284966,0.5988325815866278,0.0013266118333775537,0.013531440700451048,0.3815335632793844,0.4911117007163704,0.4016980631467233,0.027062881400902097,0.0,0.3815335632793844,6438.078270098169,8138.317060228177,205.38418678694615,4.185725656672857,57.51547882019315,90.34131719405597,238.12178296630407,10.440435128681347,64.27853031482992,87.83818603187292,4.162642610772088,304.47811090474926,54.55677956998355,93.41932122852428,23345.63277340376,61.623541118146456,57.51547882019315,64.27853031482992,1
2018-02-03 03:34:00,2018-02-03 03:35:00,CIC,3133,8773.069581870412,4259006.582189594,6.574529205234599,20598.0,586.5582508777529,1837687.0,,0.0,3177260879131.0107,,,3.5735716565592086,3.000957548675391,295.4656878391318,291.0925630386211,47382.71158001339,10106.857029735775,2770797.9478063937,205144.0657038344,3203756.75167571,2651095.9990424514,9269.82673546609,824.1265508940846,0.5480370252154485,0.0006383657835939994,0.012767315671879987,0.4605809128630705,0.5320778806255985,0.45164379189275455,0.012767315671879987,0.0,0.4605809128630705,6840.751994893074,8943.394829237153,215.06958187041175,0.5946377274178104,59.37700406222119,99.64959027822917,206.9996808171082,1.2709862751356527,44.42141683208363,79.17819729201692,0.5556974146185765,286.48451962974787,44.545010701455155,86.17692954463135,18056.99274010213,49.362961948165974,59.37700406222119,44.42141683208363,1
2018-02-03 03:35:00,2018-02-03 03:36:00,CIC,4031,7771.751922599851,9060373.794095758,11.301165963780699,45555.0,3911.127759861077,15765756.0,,0.0,4801883508482.93,,,5.455470106673282,5.845695857107417,339.99106921359464,3571.136690647482,154744.73274169173,11816.46026870745,2605535.3796455516,491679.02996822266,4100354.0449020094,2382989.1463656663,9173.412100287062,2613.734201002329,0.6060530885636318,0.0017365418010419251,0.01885388241131233,0.3607045398164227,0.4768047630860829,0.36988340362193006,0.015132721409079633,0.0,0.3607045398164227,6272.131729099479,7728.864797816919,208.79930538327957,6.149342594889606,58.07545714508286,89.05436692744331,265.52443562391466,14.673778218804268,79.53752714792657,97.52472107350037,5.9188786901513275,328.1947407591168,62.90021300170553,102.51403243964499,29178.255060295196,71.1229725474433,58.07545714508286,79.53752714792657,1
2018-02-03 03:36:00,2018-02-03 03:37:00,CIC,4391,7156.3764518332955,8390136.11204737,8.155545433841949,35811.0,1469.8537918469597,6454128.0,,0.0,8003006145453.306,,,4.172170348439991,3.9833750854019585,321.33135959918013,1148.5224322477795,127015.74679894946,12272.884046738682,2316901.0316493,536662.2896107322,3703670.2352539287,2050794.40537463,11099.376927603374,1145.5570301978505,0.6183101799134594,0.0006832156684126623,0.013664313368253245,0.33500341607834205,0.4755181052152129,0.3543611933500342,0.013664313368253245,0.0,0.33500341607834205,6019.09018446823,7402.137098610795,201.385789114097,6.839216579366886,56.18855698749555,85.19592266048394,263.6959690275564,17.021635162833068,79.50210388045252,96.54176022834115,6.678433158733774,321.77772716920975,61.650555945522655,100.75047594194625,28125.156485487216,70.1776315302537,56.18855698749555,79.50210388045252,1
2018-02-03 03:37:00,2018-02-03 03:38:00,CIC,3845,8188.707932379714,6713665.567490247,8.364109232769831,32160.0,1521.2397919375812,5849167.0,,0.0,3628499649586.6753,,,4.399219765929779,3.964889466840052,293.6808842652796,1227.5589076723018,73404.67521089915,6612.006668409608,2729244.7408511327,359439.5831775352,3640428.4624187257,2543591.910793238,4989.686431951558,1617.1613236490236,0.6028608582574773,0.0015604681404421327,0.011703511053315995,0.3716514954486346,0.47698309492847857,0.4,0.01846553966189857,0.0,0.3716514954486346,6578.454616384915,7747.31833550065,198.07282184655398,4.680884265279584,56.06294234012276,87.5506338090385,223.5557867360208,11.422366710013003,59.61286655272172,81.43949809720104,4.625227568270481,288.9261378413524,51.12534957267751,88.09571282291391,20798.895575660743,58.14836469881534,56.06294234012276,59.61286655272172,1
2018-02-03 03:38:00,2018-02-03 03:39:00,CIC,3958,9171.186205154117,7597214.033350177,7.441384537645275,29453.0,1093.7321879737242,4328992.0,,0.0,3355179422497.1064,,,3.918645780697322,3.5227387569479536,282.56846892369884,811.1637190500253,116054.09921067594,14906.458506318442,3043345.4575390765,376369.355129756,4102953.6068721577,2863089.4535118747,13109.913459455687,1755.1172945636208,0.596766043456291,0.003284487114704396,0.029055078322385044,0.35977766548762,0.4615967660434563,0.42193026781202625,0.027539161192521474,0.0,0.35977766548762,6511.464123294593,7507.812278928752,193.46968165740273,4.103082364830723,53.89892406377539,85.43728897268367,231.8244062657908,10.528044466902475,64.3214399947471,86.02915058256342,4.051793835270338,296.5535624052552,53.30928932583426,91.94662404050933,24361.609771922842,60.23386713818873,53.89892406377539,64.3214399947471,1
2018-02-03 03:39:00,2018-02-03 03:40:00,CIC,3742,8717.592731159808,6051046.844468199,8.189470871191876,30645.0,1409.9521646178514,5276041.0,,0.0,4209345505210.8086,,,4.383484767504009,3.8059861036878675,353.0518439337253,1056.9003206841262,96049.41155822006,10180.11916918175,2713550.0734404535,358133.8016236567,3662196.1079636556,2538744.3661143775,7683.085423252475,2477.9902307125762,0.5403527525387494,0.0010689470871191875,0.022715125601282738,0.3824158204168894,0.5042757883484768,0.40860502405130944,0.022180652057723144,0.0,0.3824158204168894,6739.24478888295,8145.0106894708715,204.15793693212186,4.014965259219669,59.56210991411812,90.10022685333244,225.52084446819882,8.022180652057724,59.87932656090032,84.088095761876,3.2071084981293425,294.03340459647245,54.45575363099198,90.56934778940112,22261.49144217549,61.14176565149519,59.56210991411812,59.87932656090032,1
2018-02-03 03:40:00,2018-02-03 03:41:00,CIC,4333,7898.680129240711,8455494.939995384,9.008308331410108,39033.0,2893.0327717516734,12535511.0,,0.0,5680863112155.431,,,4.261020078467574,4.747288252942534,305.19570736210477,2587.8370643895682,172152.38097647642,13895.136949065465,2599162.106202095,502585.62712196104,4097865.168705285,2367223.916455112,10850.619634116863,3015.655964222171,0.5529656127394414,0.00046157396722824835,0.02146318947611355,0.3339487652896377,0.45326563581813983,0.356796676667436,0.016847449803831065,0.0,0.3339487652896377,5912.423263327948,7304.9111470113085,194.03323332564042,7.723978767597507,55.02393182226979,81.26057790102608,261.8742210939303,18.494576505885068,80.95615502230696,94.56231763846803,7.535887375951996,318.34271867066695,62.428833217679205,99.01997800183638,27997.07665019407,71.23509005993745,55.02393182226979,80.95615502230696,1
2018-02-03 03:41:00,2018-02-03 03:42:00,CIC,4599,7098.782343987824,8148708.055664275,7.942378777995216,36527.0,1534.4935855620788,7057136.0,,0.0,5147492014404.127,,,4.141987388562731,3.8003913894324852,278.8758425744727,1255.617742987606,100178.13848497342,10220.475628332442,2636255.386102327,425792.00524499523,3826681.1232876712,2430692.98021309,9255.908658275952,933.4544110580324,0.5290280495759948,0.0010871928680147858,0.016960208741030658,0.3141987388562731,0.4633616003479017,0.37725592520113066,0.011524244400956729,0.0,0.3141987388562731,6103.652750597956,6639.06218743205,184.97977821265494,5.855620787127636,52.435528959879754,79.73209151412699,247.09197651663405,14.734724940204392,73.13911781746161,92.01943434946075,5.855620787127636,300.8823657316808,57.76481107417613,94.53383113537029,24963.831668195922,65.91625297009828,52.435528959879754,73.13911781746161,1
2018-02-03 03:42:00,2018-02-03 03:43:00,CIC,3943,8446.423281765154,4855393.791022064,6.565305604869389,25887.0,739.0570631498858,2914102.0,,0.0,2561834749863.783,,,3.63403499873193,2.931270606137459,286.105503423789,452.9515597260969,114229.88596082853,11732.755401505001,2554217.175576734,244893.7228363998,3239134.2099923915,2442580.077098656,9914.085959423983,1803.7914870269356,0.498351509003297,0.001521683996956632,0.01141262997717474,0.3641897032716206,0.4844027390311945,0.4151661171696678,0.022064417955871163,0.0,0.3641897032716206,6710.491757545016,8225.053258939894,197.46030940907937,3.7811311184377376,55.27256739848288,87.16521196615749,232.36748668526502,8.816383464367233,59.40583559593913,87.69964445430865,3.7567841744864316,293.4542226730916,50.852526445717224,89.92658761692087,21292.03862689146,57.57053623980751,55.27256739848288,59.40583559593913,1
2018-02-03 03:43:00,2018-02-03 03:44:00,CIC,4099,9890.184191266162,6990572.570870944,7.7518907050500125,31775.0,1216.6572334715784,4987078.0,,0.0,5749013622811.699,,,4.238106855330568,3.513783849719444,294.2554281532081,922.4018053183703,170076.9035708936,20752.176972151763,2699019.2993605626,463640.67427513335,4020686.694315687,2491369.3183703343,19650.1418145384,1000.7803297303697,0.4754818248353257,0.005855086606489388,0.03464259575506221,0.35594047328616735,0.455720907538424,0.41497926323493534,0.012442059038789949,0.0,0.35594047328616735,6254.3300805074405,7907.768968040986,191.15613564283973,4.790436691876067,52.95415148715833,81.81943504747915,237.8899731641864,11.87143205659917,68.53933158135375,88.64329381444352,4.756769943888753,295.2664064405953,54.95219522017931,91.47429025129958,24187.014437445567,62.23595417510954,52.95415148715833,68.53933158135375,1
2018-02-03 03:44:00,2018-02-03 03:45:00,CIC,3548,10595.495208568207,5963184.45011274,6.932638105975197,24597.0,895.8128523111612,3178344.0,,0.0,4854929608004.219,,,3.947012401352875,2.9856257046223225,294.98618940248025,600.826662908681,75316.05691647569,10169.540778459575,3199137.6385173067,295498.24604385206,3992015.499718151,3055930.785794814,9241.758142530982,913.4512650444589,0.4224915445321308,0.0008455467869222097,0.012401352874859075,0.41516347237880497,0.5014092446448704,0.4041713641488162,0.010992108229988726,0.0,0.41516347237880497,6706.128241262683,9038.640924464487,198.6034385569335,3.449267192784667,53.41053109841995,85.07637377621955,245.5791995490417,7.77705749718151,64.39301139538529,96.44280772329961,3.3850056369785797,302.3458286358512,50.80899458551296,91.16998974974493,21244.897930190447,57.150152041415446,53.41053109841995,64.39301139538529,1
2018-02-03 03:45:00,2018-02-03 03:46:00,CIC,4092,10897.203812316715,7966757.854838709,9.044721407624634,37011.0,2257.6236559139784,9238196.0,,0.0,5486089991020.239,,,4.819159335288368,4.225562072336266,282.7817693059629,1974.8418866080156,99625.92377187125,10505.648911255135,2530439.249297338,505715.00454303564,4079873.6063049855,2312913.0215053763,9463.040918253799,1006.6649126639428,0.45039100684261973,0.003421309872922776,0.02346041055718475,0.3655913978494624,0.4596774193548387,0.3704789833822092,0.010752688172043012,0.0,0.3655913978494624,6018.489491691104,7443.929863147605,181.6759530791789,6.628299120234604,49.71306353141178,73.97895047433992,266.31304985337243,16.532746823069402,84.45537104380865,104.25021992002908,6.556451612903226,312.0268817204301,59.011575646964324,96.90893036746186,26101.36448816786,67.55909191827712,49.71306353141178,84.45537104380865,1
2018-02-03 03:46:00,2018-02-03 03:47:00,CIC,3567,11594.721895149985,5525197.696383515,6.67816091954023,23821.0,897.4471544715448,3201194.0,,0.0,4296718509142.16,,,3.869918699186992,2.8082422203532382,273.27193720213063,624.175217269414,56790.695761284296,6632.402267194864,3077185.08404225,294496.30894983414,3869307.5492010093,2941972.729464536,5825.008994848745,799.9557593400373,0.3723016540510233,0.0002803476310625175,0.007008690776562938,0.41519484160358844,0.5063078216989066,0.4095878889823381,0.009812167087188113,0.0,0.41519484160358844,7137.3347350714885,8424.796747967479,187.3596860106532,5.3748247827305855,52.01456601679002,79.37718825214606,235.65853658536585,7.425567703952901,65.99887421376506,97.00307996853546,5.234650967199327,286.12671712924026,50.950163952544436,86.69723276650939,19639.70979371213,58.17088709205411,52.01456601679002,65.99887421376506,1
2018-02-03 03:47:00,2018-02-03 03:48:00,CIC,3391,12699.76437629018,6286989.800353878,7.237982895900914,24544.0,722.3193748156885,2449385.0,,0.0,5403730240480.811,,,4.292539074019463,2.945443821881451,303.6608670008847,418.6585078148039,57485.318997097485,12100.709882566933,3193852.01893985,385330.5541445393,4281161.608375111,3022372.3066941905,10787.63352504216,1313.0763575227365,0.34473606605721024,0.0011795930404010617,0.01415511648481274,0.43674432320849305,0.5143025656148629,0.4278973754054851,0.009141846063108227,0.0,0.43674432320849305,6963.7174874668235,9034.88351518726,196.21527572987318,2.115305219699204,52.51938458310763,84.34980865869154,246.93158360365675,5.069301091123562,66.22390274739104,102.2689191780982,2.0672368033028605,298.5458566794456,50.05823246245651,90.70243346501385,20634.296762962975,55.941217931114124,52.51938458310763,66.22390274739104,1
2018-02-03 03:48:00,2018-02-03 03:49:00,CIC,3776,12699.20127118644,6191550.115201271,6.873146186440678,25953.0,828.4488877118644,3128223.0,,0.0,3945651457280.5786,,,3.9981461864406778,2.875,289.78972457627117,538.6591631355932,134657.59469521206,18274.29207592144,2978038.4204128818,334617.81407106074,3927220.3360699154,2827310.6930614407,17332.3637960937,859.6552487852331,0.3840042372881356,0.003707627118644068,0.020921610169491525,0.4054555084745763,0.4880826271186441,0.4046610169491525,0.018008474576271187,0.0,0.4054555084745763,6640.094809322034,8822.092955508475,190.20391949152543,4.54104872881356,50.20916704437632,78.12203800498041,264.62155720338984,10.046875,74.39930033902093,106.40972922836069,4.529396186440678,311.4912605932203,53.76024393489751,93.98606927032547,22975.704148790268,61.139524494645926,50.20916704437632,74.39930033902093,1
2018-02-03 03:49:00,2018-02-03 03:50:00,CIC,4251,11227.374735356387,9831864.378263937,8.79816513761468,37401.0,1622.3942601740766,6896798.0,,0.0,6223967818286.701,,,4.88661491413785,3.911550223476829,320.5083509762409,1301.8859091978359,43644.02495391066,5685.447899231826,2891018.819748317,576718.4670026116,4587283.890613973,2635282.822159492,4946.295364689793,735.1402212994121,0.4151964243707363,0.0004704775346977182,0.010820983298047518,0.3577981651376147,0.48176899553046343,0.3370971536109151,0.008468595624558928,0.0,0.3577981651376147,6322.913432133616,8412.591625499883,188.7005410491649,7.019289578922606,49.167873057131494,72.93713855501153,305.14796518466244,17.701482004234297,98.25475319372242,120.82738715151258,6.993648553281581,341.82639378969657,64.86890616650693,105.74513891361185,30245.743596638433,73.71722772370902,49.167873057131494,98.25475319372242,1
2018-02-03 03:50:00,2018-02-03 03:51:00,CIC,3985,13668.930489335005,6887628.38795483,9.579171894604768,38173.0,3488.660225846926,13902311.0,,0.0,4692842171082.377,,,4.910664993726474,4.668506900878294,276.6599749058971,3212.0002509410288,93417.78998928754,8177.5661604044235,2627971.9844382987,450836.05465454754,4015567.776411543,2429842.57565872,7070.667052151667,1078.169892140913,0.37716436637390216,0.00150564617314931,0.010037641154328732,0.3711417816813049,0.479297365119197,0.3713927227101631,0.014303638644918444,0.0,0.3711417816813049,6271.0238393977415,8001.825345043914,174.70012547051442,5.721957340025094,45.745109756846674,68.93460060121858,283.6263488080301,14.302383939774153,90.83686826074856,116.77575244596336,5.7151819322459225,317.5106649937265,58.7372061836404,98.12426387813575,26307.53285593104,66.80840680205972,45.745109756846674,90.83686826074856,1
2018-02-03 03:51:00,2018-02-03 03:52:00,CIC,3731,14639.41945859019,4686547.138568749,9.527740552130796,35548.0,3874.1522380058964,14454462.0,,0.0,2734234526740.675,,,4.5548110426159205,4.972929509514875,257.50227820959526,3616.649959796301,112200.71386107129,11593.37297717738,2382253.4360246505,274136.8661748976,3202222.953899759,2257474.347359957,10500.190918819959,1071.430889539405,0.38434735995711605,0.001876172607879925,0.016349504154382202,0.3808630393996248,0.46823907799517556,0.3985526668453498,0.016081479496113642,0.0,0.3808630393996248,6526.720986330743,7612.911283838113,162.22380058965425,5.2154918252479225,44.0694373293227,66.10833168278987,254.12650763870275,14.003216295899223,87.15593451853229,108.61071623081212,5.2154918252479225,288.9067274189225,55.72812245071402,91.23816495762985,23491.48574993718,63.56619428893942,44.0694373293227,87.15593451853229,1
2018-02-03 03:52:00,2018-02-03 03:53:00,CIC,3272,17289.2402200489,6554482.907090465,7.157090464547677,23418.0,950.867053789731,3111237.0,,0.0,3712537016358.286,,,4.346271393643032,2.8108190709046457,268.41473105134475,682.4523227383863,99736.54135221377,7929.0937041401885,3086677.7901672674,307291.87085189455,3993699.8805012223,2943174.3438264057,7626.6261667090475,290.3509516880205,0.2438875305623472,0.0012224938875305623,0.010085574572127139,0.4367359413202934,0.5302567237163814,0.41136919315403425,0.003973105134474328,0.0,0.4367359413202934,6813.089853300734,8222.158312958436,168.13294621026895,1.8267114914425429,41.14275350642084,67.40127587220967,277.23899755501225,4.2038508557457215,84.37650183520478,125.31857193188937,1.8261002444987775,306.7001833740831,51.090971129613386,94.09777311517237,22875.674918226967,56.75521392071271,41.14275350642084,84.37650183520478,1
2018-02-03 03:53:00,2018-02-03 03:54:00,CIC,2601,17830.610918877355,6050901.945405614,9.093810073048827,23653.0,1082.850057670127,2816493.0,,0.0,2567038384757.52,,,5.5455594002306805,3.548250672818147,326.03498654363705,756.8150711264898,23588.491467400447,3978.9375706161823,3803731.397487615,210199.66365726673,4358124.613225683,3690642.579777009,3533.4528117811424,443.9549866310891,0.20915032679738563,0.0,0.005382545174932718,0.46943483275663206,0.5544021530180699,0.39946174548250674,0.008842752787389465,0.0,0.46943483275663206,8216.28950403691,11995.435217224145,186.28450595924645,1.4402153018069974,43.78950731420185,71.69600451968819,306.27143406382163,2.970780469050365,85.34091808319494,134.47364542557477,1.4402153018069974,331.5678585159554,52.64394529291272,98.40063006476086,23534.25259144515,58.02231379587428,43.78950731420185,85.34091808319494,1
2018-02-03 03:54:00,2018-02-03 03:55:00,CIC,1355,9568.2147601476,17403186.16605166,12.668634686346863,17166.0,3295.2280442804426,4465034.0,,0.0,11716255388474.73,,,6.661992619926199,6.006642066420664,496.7239852398524,2798.5040590405906,236288.9652838037,25170.247109594082,7609234.759830709,971297.0541239631,10521868.302583026,7167459.161623616,22351.92634989773,2688.289962830639,0.3948339483394834,0.002952029520295203,0.03616236162361624,0.26642066420664207,0.5107011070110701,0.23542435424354244,0.020664206642066422,0.0,0.26642066420664207,9283.771955719558,18073.560147601474,249.890036900369,9.870848708487085,55.92778386436088,77.07145625060369,488.2184501845018,23.615498154981548,134.47969675279705,173.26562041028043,9.748339483394833,492.1284132841328,89.43322982810776,141.4204571298524,47547.31733197113,100.10890590609225,55.92778386436088,134.47969675279705,0
2018-02-03 03:55:00,2018-02-03 03:56:00,CIC,878,9410.217539863326,19062760.882687926,17.734624145785876,15571.0,2820.8883826879273,2476740.0,,0.0,10018994696085.559,,,10.383826879271071,7.350797266514807,731.502277904328,2089.386104783599,160765.17118059142,10182.368800633072,12885346.518689036,637735.8060230454,14604868.608200455,12565814.558086561,7037.582372768579,3121.5919659005876,0.19362186788154898,0.0011389521640091116,0.022779043280182234,0.3678815489749431,0.5876993166287016,0.2744874715261959,0.03189066059225513,0.0,0.3678815489749431,13670.700455580865,28465.067198177676,311.5353075170843,4.019362186788155,65.2665879160353,99.07434276754215,551.3599088838268,8.791571753986332,117.4935785491549,197.8949479040205,3.917995444191344,553.4088838268792,83.41780187034169,148.26110315617996,43641.15441136241,90.88929870928816,65.2665879160353,117.4935785491549,0
2018-02-03 03:56:00,2018-02-03 03:57:00,CIC,1056,8135.815340909091,13384619.580492424,10.627840909090908,11223.0,1906.529356060606,2013295.0,,0.0,4751810087724.688,,,6.020833333333333,4.607007575757576,539.7414772727273,1366.7878787878788,99741.91870839176,7840.950225623967,10217173.320480173,437320.23906322016,11324864.458333334,9987277.385416666,5804.293523686445,2029.2315598110047,0.2765151515151515,0.0,0.013257575757575758,0.3143939393939394,0.5795454545454546,0.3399621212121212,0.03598484848484849,0.0,0.3143939393939394,12004.588068181818,24369.61268939394,292.59185606060606,3.008522727272727,60.98483299752462,96.59765594901799,531.4412878787879,7.0293560606060606,114.3811899621591,197.85800988475378,2.964962121212121,532.9933712121212,80.25086723766856,147.27862767942236,42486.1929182401,87.48140789952083,60.98483299752462,114.3811899621591,0
2018-02-03 03:57:00,2018-02-03 03:58:00,CIC,1766,6643.69818799547,12664311.447338618,11.592298980747453,20472.0,2273.9156285390713,4015735.0,,0.0,7529594354137.964,,,6.399773499433748,5.192525481313703,431.4088335220838,1842.5067950169876,218784.2170368187,17602.053530399648,6572401.051491506,616871.6268579166,8385210.291619479,6294897.620611551,15460.032301762358,2092.185289981806,0.35900339750849375,0.0011325028312570782,0.03227633069082673,0.21064552661381652,0.5328425821064553,0.34031710079275196,0.01812004530011325,0.0,0.21064552661381652,9064.696489241223,15910.390147225367,222.43318233295582,4.922989807474519,50.56378102192355,75.81964903041224,445.9813137032843,11.157417893544734,108.76395648129106,170.51404875651303,4.886749716874292,448.5158550396376,74.40808983342072,130.49288304317216,37694.32371967101,82.63046671157417,50.56378102192355,108.76395648129106,0
2018-02-03 03:58:00,2018-02-03 03:59:00,CIC,1668,6560.073741007194,19919468.52697842,18.94664268585132,31603.0,10490.80335731415,17498660.0,,0.0,7528362618147.27,,,7.9556354916067145,10.991007194244604,619.810551558753,9870.992805755395,209365.1551619546,13738.847097020844,7669324.197601635,885757.1807900352,10510850.403477218,7272409.811750599,12720.002174511515,936.477733689319,0.486810551558753,0.005995203836930456,0.013189448441247002,0.26798561151079137,0.4922062350119904,0.17266187050359713,0.012589928057553957,0.0,0.26798561151079137,9172.608513189449,19731.192446043166,277.1474820143885,12.934652278177458,63.79378517561571,84.81436239226619,553.9598321342926,30.676858513189448,157.17950368559352,193.32900300093524,12.925059952038369,559.8405275779377,107.00808799067985,160.80314571545384,55599.532234884995,119.89099612545564,63.79378517561571,157.17950368559352,0
2018-02-03 03:59:00,2018-02-03 04:00:00,CIC,1722,8101.159698025552,18902655.81416957,12.929152148664343,22264.0,4121.0993031358885,7096533.0,,0.0,11813963894445.799,,,6.498838559814169,6.430313588850174,496.88850174216026,3624.210801393728,203106.11530229347,20006.18368749447,6833431.692771102,1090226.6554394998,10211496.017421603,6370253.101626016,18180.1240973043,1721.4976545743962,0.4523809523809524,0.008130081300813009,0.03484320557491289,0.21254355400696864,0.46631823461091754,0.22125435540069685,0.01916376306620209,0.0,0.21254355400696864,8989.758420441347,17071.81068524971,257.5162601626016,13.249709639953542,58.531019527043554,77.73649219980895,525.7067363530779,30.267711962833914,153.4393532492915,185.94619010517073,12.383855981416957,531.4570267131243,101.2773401279094,155.40580098019686,55547.40049801395,114.05574045194658,58.531019527043554,153.4393532492915,0
2018-02-03 04:00:00,2018-02-03 04:01:00,CIC,1199,11585.48874061718,17998816.40700584,10.51793160967473,12611.0,1675.0725604670558,2008412.0,,0.0,12508471024343.492,,,6.028356964136781,4.489574645537949,562.0066722268557,1113.0658882402001,201479.36379093886,28075.044594662653,9917639.512621365,872862.0845403515,12077381.183486238,9463423.493744787,22967.92442482048,5060.289403164774,0.3244370308590492,0.0025020850708924102,0.02418682235195997,0.27606338615512926,0.5029190992493745,0.3094245204336947,0.06505421184320268,0.0,0.27606338615512926,11526.517097581318,23069.314428690577,290.2952460383653,6.94161801501251,61.099370589206835,90.84543563414012,524.1451209341118,16.85654712260217,122.21894427765638,187.13299541346956,6.8190158465387825,528.5721434528774,84.54696783019932,145.2556191558507,44959.63115562304,93.59172648270058,61.099370589206835,122.21894427765638,0
2018-02-03 04:01:00,2018-02-03 04:02:00,CIC,1142,14300.412434325744,16100599.22329247,9.439579684763572,10780.0,1260.1795096322242,1439125.0,,0.0,12420162120844.219,,,5.727670753064799,3.711908931698774,530.8975481611209,729.2819614711033,393943.7104544221,55789.11213530554,10802576.844070965,750068.4080520471,12657755.164623467,10448305.325744309,52056.03728170721,3195.701619349613,0.212784588441331,0.009632224168126095,0.08844133099824869,0.3178633975481611,0.4921190893169877,0.4089316987740806,0.06217162872154115,0.0,0.3178633975481611,11094.526269702277,25415.867775831874,291.3117338003503,2.9334500875656744,59.66471433123293,93.08356342745884,495.1479859894921,6.804728546409807,102.7734622914711,178.08756948823995,2.90630472854641,502.1182136602452,75.04756637122942,134.59094359356217,39472.20005800755,82.03533111685901,59.66471433123293,102.7734622914711,0
2018-02-03 04:02:00,2018-02-03 04:03:00,CIC,1295,8796.987644787645,18282833.58764479,10.521235521235521,13625.0,1864.0247104247105,2413912.0,,0.0,14469880564200.041,,,5.943629343629343,4.577606177606177,575.607722007722,1288.4169884169885,193481.48712776398,21003.990913106954,9444174.93170356,1108219.8726892876,12926988.347490348,9007024.952895753,19437.49028239347,1452.9655447360024,0.3598455598455598,0.0023166023166023165,0.03397683397683398,0.25328185328185326,0.4942084942084942,0.24092664092664093,0.022393822393822392,0.0,0.25328185328185326,10311.767567567567,20454.098069498068,291.00617760617763,12.122779922779923,67.64612085118996,91.22748093114286,540.4772200772201,22.966023166023167,141.07706452012357,195.0283188946332,12.0988416988417,547.2911196911197,97.6468140795444,154.83142668833128,51386.35060415465,110.36048879678457,67.64612085118996,141.07706452012357,0
2018-02-03 04:03:00,2018-02-03 04:04:00,CIC,1288,9257.884316770187,16991226.61801242,10.875,14007.0,2602.610248447205,3352162.0,,0.0,7563971645895.43,,,5.919254658385094,4.955745341614906,516.2717391304348,2086.3385093167703,60869.709702872504,14417.713522918195,10056046.144050818,614143.5021959356,11814673.874223603,9767763.155279502,12544.542990123735,1828.3950249672555,0.3672360248447205,0.003105590062111801,0.02096273291925466,0.281055900621118,0.4767080745341615,0.2406832298136646,0.04114906832298137,0.0,0.281055900621118,9907.729813664597,21501.07841614907,276.2476708074534,11.92003105590062,63.78650382285714,85.47149447688199,497.9425465838509,22.336180124223603,123.95328686119021,173.0914190901351,11.895962732919255,505.69642857142856,88.52296634849145,138.89072029680358,42787.437874890085,100.15808466092159,63.78650382285714,123.95328686119021,0
2018-02-03 04:04:00,2018-02-03 04:05:00,CIC,1034,8870.845261121856,20617382.369439073,13.609284332688588,14072.0,3599.4226305609286,3721803.0,,0.0,7604392745748.452,,,7.320116054158607,6.2891682785299805,640.8297872340426,2958.592843326886,217200.17030462538,12435.373082262658,11215758.861220311,838430.2006961969,13918420.111218568,10843914.290135397,7242.749236805521,5192.62384563691,0.29593810444874274,0.0009671179883945841,0.022243713733075435,0.31334622823984526,0.5773694390715667,0.24854932301740812,0.024177949709864602,0.0,0.31334622823984526,12224.738878143133,25717.599613152805,321.65087040618954,6.500967117988394,67.64049315535203,101.2481369316412,597.3820116054159,15.866537717601547,141.18184668079306,213.63761249763056,6.228239845261122,600.7350096711799,96.92955041954642,166.38454610609477,53194.35753218122,106.15221122364119,67.64049315535203,141.18184668079306,0
2018-02-03 04:05:00,2018-02-03 04:06:00,CIC,1059,9822.685552407933,16840043.925401323,11.057601510859302,11710.0,2194.661000944287,2324146.0,,0.0,3900987986553.7725,,,6.110481586402266,4.947119924457035,585.5826251180359,1609.0783758262512,162672.88128597825,29737.22083532157,10497443.345424065,553264.4525728822,12093911.669499528,10229859.985835694,27611.341806069642,1788.9133540956866,0.3295561850802644,0.010387157695939566,0.03871576959395656,0.29933899905571293,0.5316336166194523,0.29084041548630785,0.02644003777148253,0.0,0.29933899905571293,12540.143531633617,24895.524079320112,304.25212464589237,6.7507082152974505,65.30971717016715,96.27428145740888,554.957507082153,15.206798866855523,131.42278207179416,197.06211982440038,6.721435316336166,560.9877242681775,93.56236235941171,154.48793606559585,49220.70475192578,102.80310141756374,65.30971717016715,131.42278207179416,0
2018-02-03 04:06:00,2018-02-03 04:07:00,CIC,1481,7079.453072248481,16043760.76772451,10.053342336259284,14889.0,2087.440918298447,3091500.0,,0.0,10029960334949.139,,,5.640108035111411,4.413234301147873,616.1850101282917,1471.2559081701554,224569.90244617034,12671.284807868327,8517364.935099559,746764.73281817,10742730.320054017,8199677.704253882,10710.844563237664,1891.9930614713996,0.4091829844699527,0.002025658338960162,0.02363268062120189,0.24240378122889938,0.474679270762998,0.26536124240378123,0.02228224172856178,0.0,0.24240378122889938,9136.486158001351,18190.571235651587,260.4942606347063,10.189736664415936,64.11936025015193,83.01566300099933,489.30182309250506,23.332883187035787,130.5695081389804,174.66401653120863,9.446995273463875,499.05131667792034,93.36983325199594,142.8729241623876,46517.97814114098,104.83205503097233,64.11936025015193,130.5695081389804,0
2018-02-03 04:07:00,2018-02-03 04:08:00,CIC,1281,8032.383294301327,16807298.493364558,10.223263075722093,13096.0,1890.1405152224825,2421270.0,,0.0,8533946480296.321,,,5.70647931303669,4.516783762685402,502.8774395003903,1387.263075722092,70286.44560135959,10931.33250203035,9193289.815990694,743607.7804012696,11384804.894613583,8877542.87119438,9600.684241517836,1313.5813870109,0.39344262295081966,0.00156128024980484,0.02654176424668228,0.24434035909445745,0.4785323965651834,0.258391881342701,0.02263856362217018,0.0,0.24434035909445745,10864.470725995316,20440.146760343483,265.9960967993755,10.008587041373927,59.75532715973692,82.76396686351913,497.1576893052303,22.917252146760344,127.60129638825137,176.07700219221468,9.984387197501952,500.9383294301327,87.40784943687197,140.70220599787197,45086.890476998786,98.1687774931975,59.75532715973692,127.60129638825137,0
2018-02-03 04:08:00,2018-02-03 04:09:00,CIC,1079,9694.91844300278,16792536.356811862,10.57645968489342,11412.0,1671.3605189990733,1803398.0,,0.0,7926643746155.552,,,6.026876737720111,4.549582947173309,594.9805375347544,1076.379981464319,172079.6793695282,21360.45011523092,10507588.691566756,662535.0648977226,12458770.658016682,10211706.117701575,17915.797482299196,3365.466534343529,0.3049119555143652,0.0027803521779425394,0.030583873957367932,0.32252085264133457,0.5338276181649676,0.2632066728452271,0.025023169601482854,0.0,0.32252085264133457,11444.012048192772,24528.519925857276,300.3317886932345,7.67840593141798,65.71689372430676,94.42889707779611,541.3234476367006,16.529193697868397,125.46451275486561,192.96604237456904,7.592215013901761,546.5625579240037,88.06436412809083,149.4453909133392,45942.19364758989,97.79657729262001,65.71689372430676,125.46451275486561,0
2018-02-03 04:09:00,2018-02-03 04:10:00,CIC,937,10373.98719316969,18904788.097118463,9.939167556029883,9313.0,1313.0779082177162,1230354.0,,0.0,2448837322416.099,,,5.998932764140875,3.9402347918890075,555.5581643543223,757.5197438633938,521447.58714962145,34170.417344737245,13535150.817958266,389621.3665017968,14534978.115261473,13322783.834578441,29593.154466006716,4394.923405390063,0.20597652081109924,0.005336179295624333,0.04589114194236926,0.29882604055496265,0.5538954108858057,0.3223052294557097,0.023479188900747065,0.0,0.29882604055496265,13166.995731056564,25614.528281750267,302.01921024546425,3.833511205976521,62.59594752298826,96.20310778311845,510.0672358591249,8.263607257203843,106.50183331221984,183.0860991957097,3.641408751334045,517.6083244397012,77.61367524784845,138.6728127566254,39847.2336911609,84.91480863406616,62.59594752298826,106.50183331221984,0
2018-02-03 04:10:00,2018-02-03 04:11:00,CIC,1125,9556.733333333334,16742248.242666667,11.241777777777777,12647.0,2137.2204444444446,2404373.0,,0.0,5637782751866.207,,,6.351111111111111,4.890666666666666,600.2373333333334,1536.9831111111112,343257.1642289998,31112.086949795405,9808473.25520531,675243.0086073934,11857242.931555556,9497208.40888889,27618.837331898892,3354.9736759209236,0.2986666666666667,0.0044444444444444444,0.03911111111111111,0.26844444444444443,0.5288888888888889,0.27644444444444444,0.018666666666666668,0.0,0.26844444444444443,11510.243555555555,22845.210666666666,286.9173333333333,7.412444444444445,61.29185392278133,89.42953964617689,522.8595555555555,16.784,126.91219210611555,186.95656656248534,7.309333333333333,527.7173333333334,87.74065753232621,146.14221538304267,46166.380982210125,96.91177056059556,61.29185392278133,126.91219210611555,0
2018-02-03 04:11:00,2018-02-03 04:12:00,CIC,1019,9205.015701668302,17534895.191364083,10.802747791952894,11008.0,1885.414131501472,1921237.0,,0.0,10480823648813.018,,,6.209028459273798,4.593719332679097,563.2649656526006,1322.1491658488715,39909.92710691894,11082.455447980878,11252888.703490486,745679.6301941666,13511381.003925417,10915422.319921492,9824.05926123357,1225.7687419275298,0.30225711481844947,0.001962708537782139,0.02747791952894995,0.3297350343473994,0.5407262021589794,0.2875368007850834,0.021589793915603533,0.0,0.3297350343473994,13285.808635917567,23754.63002944063,301.14720314033366,6.380765456329735,62.79797374005594,94.45726275376154,550.2904808635917,14.839057899901865,132.87167618097155,198.91757859167814,6.350343473994112,553.9293424926399,90.98589941848871,153.6992136611835,49879.818486260716,100.20098970984199,62.79797374005594,132.87167618097155,0
2018-02-03 04:12:00,2018-02-03 04:13:00,CIC,1951,5546.559200410046,14292075.818554588,14.505894413121476,28301.0,7326.6663249615585,14294326.0,,0.0,6425676461777.418,,,6.626858021527422,7.879036391594054,412.57611481291644,6914.090210148642,289009.4595925424,16172.489572677337,6582814.2154703075,644036.8321885963,8713317.237826755,6316605.717580728,14730.494286523188,1392.259285440271,0.46437724243977446,0.0046130189646335215,0.018452075858534086,0.13121476166068682,0.45258841619682216,0.3034341363403383,0.010763710917478216,0.0,0.13121476166068682,7697.748846745259,10524.528959507945,187.2157867760123,8.870322911327523,46.021041157347,62.91026733807894,393.1055868785238,20.793951819579704,112.18048614786775,148.00014123750384,8.853921066119938,397.8298308559713,74.66591798619528,119.47890760349975,36399.08282792365,84.81692159642235,46.021041157347,112.18048614786775,0
2018-02-03 04:13:00,2018-02-03 04:14:00,CIC,1373,8171.9796067006555,16320713.587035688,9.491624180626365,13032.0,1534.1114348142753,2106335.0,,0.0,10558663631755.297,,,5.37946103423161,4.112163146394756,441.0349599417334,1093.076474872542,403725.65312383097,20040.7804765035,8178112.735990646,895040.5998106158,10925272.109249817,7815937.358339403,16957.891521283258,3024.503578729221,0.4457392571012382,0.003641660597232338,0.028404952658412235,0.19519300801165332,0.43699927166788055,0.2425345957756737,0.021849963583394028,0.0,0.19519300801165332,9372.150764748725,16233.335761107064,228.85433357611072,12.440640932265113,54.26335991988784,69.92878464358557,448.3415877640204,27.5360524399126,123.66583349794611,158.65964718034232,12.375819373634377,453.01165331391115,82.43248079457247,128.41721830893226,40835.02640339949,94.34854374515076,54.26335991988784,123.66583349794611,0
2018-02-03 04:14:00,2018-02-03 04:15:00,CIC,1155,10655.524675324676,19244219.116017316,10.354112554112554,11959.0,2078.065800865801,2400166.0,,0.0,7990282784850.652,,,5.792207792207792,4.561904761904762,489.6034632034632,1588.4623376623376,135331.40041508904,22547.727224723036,10705035.462064056,809392.0350574923,12790541.362770563,10319442.858874459,19293.320126841143,3156.7978892427054,0.38614718614718613,0.005194805194805195,0.03982683982683983,0.2649350649350649,0.45454545454545453,0.3194805194805195,0.050216450216450215,0.0,0.2649350649350649,11397.439826839827,18177.72813852814,237.07272727272726,8.531601731601732,51.73561175971342,72.74327403792813,433.55670995670994,21.27099567099567,115.22518102652815,152.10043784544936,8.464935064935064,441.74891774891773,79.06954275998008,124.11000506860172,39291.98010432467,88.21159405846493,51.73561175971342,115.22518102652815,0
2018-02-03 04:15:00,2018-02-03 04:16:00,CIC,1379,8671.54604786077,20112508.144307468,17.6178390137781,24295.0,10970.56780275562,15128413.0,,0.0,7785386779461.372,,,6.873096446700508,10.744742567077592,521.9079042784626,10448.659898477157,317637.16682481125,33217.16925263196,9509547.744861137,809413.8604473193,12021963.980420595,9149864.63306744,30953.469001610418,2095.085178824044,0.4467005076142132,0.010877447425670777,0.044960116026105876,0.17766497461928935,0.41551849166062366,0.2697606961566352,0.02102973168963017,0.0,0.17766497461928935,9629.297316896302,15366.585931834663,234.47643219724438,11.71718636693256,53.94017465998043,71.73563109440609,468.73604060913704,30.28208846990573,141.12342630039885,162.64947457406092,11.614938361131255,474.21899927483685,93.04173545683103,138.52200760721973,48058.05625822428,105.27717965143076,53.94017465998043,141.12342630039885,0
2018-02-03 04:16:00,2018-02-03 04:17:00,CIC,1534,8916.632985658409,14402017.829856584,11.905475880052151,18263.0,3820.2464146023467,5860258.0,,0.0,7132572557265.709,,,6.2887874837027375,5.616688396349414,476.83572359843544,3343.4106910039113,204412.94254336914,30702.28936559024,7711206.753613546,697100.837136059,9944972.805084746,7424281.156453716,27820.87562557078,2641.2393773032522,0.3833116036505867,0.010430247718383311,0.038461538461538464,0.17992177314211213,0.4485006518904824,0.29595827900912647,0.031942633637548894,0.0,0.17992177314211213,9649.050847457627,16826.827900912645,237.41525423728814,15.228813559322035,58.89238466370339,72.60740716345437,443.59647979139504,24.5632333767927,119.75310790707302,156.8241044290417,14.903520208604954,449.03389830508473,84.60834310175815,125.66984365802347,39938.39449346075,97.57895681441786,58.89238466370339,119.75310790707302,0
2018-02-03 04:17:00,2018-02-03 04:18:00,CIC,1148,10735.559233449478,18403641.478222996,10.401567944250871,11941.0,1993.5923344947735,2288644.0,,0.0,10483222008335.502,,,5.882404181184669,4.519163763066202,581.2717770034843,1412.3205574912893,73820.60633481288,20293.201992521503,11189407.995001893,888581.8419127265,14249890.897212544,10857599.083623694,17581.34767794251,2676.500304317229,0.34668989547038326,0.002613240418118467,0.024390243902439025,0.23954703832752614,0.4921602787456446,0.304006968641115,0.040940766550522645,0.0,0.23954703832752614,11964.68031358885,19782.038327526134,273.31271777003485,7.974738675958188,62.57332957384581,87.35226495078571,485.9137630662021,18.28745644599303,122.47530142905052,174.42286482115853,7.939895470383275,492.1759581881533,84.97240880116202,137.38735302126307,42989.841568396056,94.5850910837256,62.57332957384581,122.47530142905052,0
2018-02-03 04:18:00,2018-02-03 04:19:00,CIC,916,13552.74017467249,19561954.66703057,9.847161572052402,9020.0,1453.717248908297,1331605.0,,0.0,5957014023974.633,,,5.958515283842795,3.888646288209607,518.5371179039302,935.1801310043668,118172.14024197136,28518.24337381876,13960278.078684665,563189.9469387525,15404673.394104803,13671853.070960699,26434.1031972398,1959.6063627085546,0.25,0.006550218340611353,0.05021834061135371,0.2521834061135371,0.49344978165938863,0.38209606986899564,0.05349344978165939,0.0,0.2521834061135371,13896.882096069869,22347.879912663757,262.4028384279476,3.881004366812227,54.627211629601526,82.47722401196944,447.4301310043668,7.961790393013101,95.87251473378713,159.73537760861353,3.8329694323144103,453.19541484716154,69.9730721008013,122.17996221066375,36032.35550720823,76.54723906984279,54.627211629601526,95.87251473378713,0
2018-02-03 04:19:00,2018-02-03 04:20:00,CIC,1160,8445.391379310346,16647065.328448275,11.812931034482759,13703.0,3638.5172413793102,4220680.0,,0.0,9218511894244.354,,,5.993103448275862,5.819827586206896,521.1879310344827,3117.3293103448277,142843.44701049308,30251.43169510941,10323596.536402436,860156.8716206526,13304041.310344828,9962406.776724137,28760.058359086528,1230.5851317289698,0.4267241379310345,0.008620689655172414,0.03620689655172414,0.22586206896551725,0.4689655172413793,0.2853448275862069,0.020689655172413793,0.0,0.22586206896551725,10969.425862068965,18142.71120689655,263.4681034482759,9.702586206896552,58.38590748503363,81.79368597009052,498.17672413793105,24.493965517241378,138.14148285399054,174.54303868005002,9.702586206896552,504.4051724137931,94.59543823501207,144.42196948753534,47979.18493505378,105.50402058569225,58.38590748503363,138.14148285399054,0
2018-02-03 04:20:00,2018-02-03 04:21:00,CIC,776,10019.828608247422,22475163.48840206,11.132731958762887,8639.0,1659.5038659793815,1287775.0,,0.0,3630643725150.087,,,6.721649484536083,4.411082474226804,624.3646907216495,1035.139175257732,142559.45822108886,12113.363538088053,16711802.749309992,494017.3337764733,18074494.24097938,16472947.979381444,11123.446292493705,943.0872320643351,0.1791237113402062,0.001288659793814433,0.02577319587628866,0.35309278350515466,0.6005154639175257,0.2963917525773196,0.020618556701030927,0.0,0.35309278350515466,15161.423969072164,28987.909793814433,339.40850515463916,2.6842783505154637,67.20744782784794,106.91183945322294,593.4291237113403,6.027061855670103,123.62696396916238,213.66810273110826,2.6842783505154637,597.0012886597938,87.0275562247384,159.56991457922422,47948.747418170926,94.04773931524484,67.20744782784794,123.62696396916238,0
2018-02-03 04:21:00,2018-02-03 04:22:00,CIC,1552,7482.799613402062,22580440.280283507,14.765463917525773,22916.0,5066.99806701031,7863981.0,,0.0,10642172251496.121,,,7.070231958762887,7.695231958762887,552.1726804123712,4514.825386597938,143332.59307375608,12002.332652865565,8132837.766036365,1133697.1909380606,11763326.92847938,7668410.5889175255,11029.285170467523,942.113635346308,0.4948453608247423,0.001288659793814433,0.030283505154639175,0.16494845360824742,0.49226804123711343,0.18556701030927836,0.008376288659793814,0.0,0.16494845360824742,9506.452319587628,16387.078608247422,269.7287371134021,13.001288659793815,59.60293536330541,80.71982963485954,557.6469072164948,31.973582474226806,168.89414396873713,197.3213227451933,12.97680412371134,562.9677835051547,109.7548624863576,166.6129416453241,61706.195626904504,122.48858778632088,59.60293536330541,168.89414396873713,0
2018-02-03 04:22:00,2018-02-03 04:23:00,CIC,1074,8552.85009310987,18194135.633147113,20.955307262569832,22506.0,10796.677839851025,11595632.0,,0.0,7290774801306.4795,,,10.03072625698324,10.924581005586592,588.7039106145252,10207.9739292365,166726.90778747285,9176.837392845606,10961711.36594574,678876.3376837356,13299261.637802606,10669971.090316573,8308.20058858954,868.636804258082,0.3435754189944134,0.00931098696461825,0.017690875232774673,0.2616387337057728,0.542830540037244,0.2383612662942272,0.01303538175046555,0.0,0.2616387337057728,11794.234636871508,24144.680633147113,304.0633147113594,8.563314711359403,65.09513729508194,94.26026982143576,577.3081936685288,19.999068901303538,142.0503519690782,204.08966045547484,8.155493482309124,579.8891992551211,95.88624641833054,161.0347983615149,52001.27446747214,106.47561009374023,65.09513729508194,142.0503519690782,0
2018-02-03 04:23:00,2018-02-03 04:24:00,CIC,934,12324.811563169165,20569008.268736616,11.548179871520343,10786.0,1549.2441113490363,1446994.0,,0.0,9207442689506.791,,,6.67558886509636,4.872591006423983,628.7944325481799,920.4496788008565,34956.96686604623,10745.338454095778,14660949.15670285,592345.576978857,15850603.992505353,14328781.080299785,7960.87175487009,2772.962054167731,0.19593147751605997,0.0010706638115631692,0.014989293361884369,0.3426124197002141,0.5642398286937902,0.3351177730192719,0.042826552462526764,0.0,0.3426124197002141,14815.435760171305,29715.01391862955,332.3511777301927,2.73661670235546,66.5153430893758,105.22305847858672,568.458244111349,5.539614561027837,113.38250407880085,203.2564783646895,2.728051391862955,572.1498929336188,82.04436865630835,151.21450560175802,44394.070484899654,88.65342504649036,66.5153430893758,113.38250407880085,0
2018-02-03 04:24:00,2018-02-03 04:25:00,CIC,1367,10088.588149231895,16596159.906364301,15.686174103877104,21443.0,6707.065837600585,9168559.0,,0.0,6915648708289.757,,,7.772494513533284,7.913679590343818,463.8792977322604,6243.186539868325,241398.1778338219,32011.10271323709,8847648.355345933,752123.6689489647,11429937.005120702,8539703.874908559,28350.878241959537,3543.139238216847,0.401609363569861,0.005852231163130944,0.06949524506217995,0.20263350402340893,0.4264813460131675,0.3130943672275055,0.02487198244330651,0.0,0.20263350402340893,9689.387710314557,16449.191660570592,237.9743964886613,10.466715435259692,54.381310592197515,73.0786512168376,465.7959034381858,26.875640087783466,129.57774432098026,163.08513560410387,10.377468910021946,471.70592538405265,86.23871974749598,135.18046443685662,44744.195841359935,97.43774307687858,54.381310592197515,129.57774432098026,0
2018-02-03 04:25:00,2018-02-03 04:26:00,CIC,1159,9942.521138912856,18914567.686798964,11.990509059534082,13897.0,2217.3546160483174,2569914.0,,0.0,5768690561000.042,,,6.647972389991372,5.342536669542709,550.0293356341674,1667.32528041415,165650.35620522927,21347.355969031916,10413661.881751526,702529.1100578383,12578729.897325281,10092315.258843832,20225.971707634297,1047.7091760946705,0.30543572044866263,0.003451251078515962,0.0457290767903365,0.3097497842968076,0.5245901639344263,0.28386540120793785,0.01984469370146678,0.0,0.3097497842968076,12421.396893874029,21996.434857635893,281.98964624676444,7.267471958584987,60.313873787627266,88.42549809779723,536.3011216566006,16.74374460742019,135.62124370409146,193.87785290884213,7.260569456427955,540.9568593615186,91.60749980066781,152.08720699386194,50121.27308533494,101.19901896324072,60.313873787627266,135.62124370409146,0
2018-02-03 04:26:00,2018-02-03 04:27:00,CIC,940,9696.593617021277,19649576.071276594,9.25531914893617,8700.0,1277.963829787234,1201286.0,,0.0,9157018987134.492,,,5.548936170212766,3.706382978723404,478.25,799.7138297872341,181056.45314785486,14938.409689399197,14372856.05107938,653882.854784497,15897016.514893617,14059553.679787233,13518.164865322049,1404.3528988053927,0.27872340425531916,0.002127659574468085,0.030851063829787233,0.2680851063829787,0.524468085106383,0.3574468085106383,0.02553191489361702,0.0,0.2680851063829787,12546.851063829787,21890.975531914894,267.9031914893617,3.7053191489361703,54.49061628934362,85.51094172065426,476.09148936170214,9.656382978723403,102.7407579292766,172.1997193596915,3.6212765957446806,478.8829787234043,71.60344069828405,129.73370923292873,36410.93206253105,78.59991196488085,54.49061628934362,102.7407579292766,0
2018-02-03 04:27:00,2018-02-03 04:28:00,CIC,1974,6942.101317122594,15597698.915906789,11.122593718338399,21956.0,2487.649442755826,4910620.0,,0.0,7216074774046.888,,,5.826747720364741,5.295845997973657,440.60233029381965,2047.047112462006,204692.2929974005,15775.189883112569,6146034.43258899,760412.0535298359,8435987.284701115,5787223.770010131,13674.783038717429,2028.48348627536,0.4908814589665654,0.004559270516717325,0.028875379939209727,0.1778115501519757,0.44680851063829785,0.2695035460992908,0.022289766970618033,0.0,0.1778115501519757,8039.632725430598,13293.160081053698,215.44123606889565,11.065349544072948,52.092375070392094,68.67089832594327,441.9083080040527,27.789260385005065,128.29860422803597,159.37576590613932,10.970618034447822,448.5678824721378,85.48933329445795,133.11813893374872,43308.07994042071,97.16317411640982,52.092375070392094,128.29860422803597,0
2018-02-03 04:28:00,2018-02-03 04:29:00,CIC,1297,8240.164225134928,11855447.694680031,9.125674633770238,11836.0,1394.5489591364687,1808730.0,,0.0,530599933086.0851,,,5.294525828835775,3.831148804934464,478.12027756360834,916.4286815728605,136019.07418412188,19530.676351981056,9295209.623346947,224731.09025928724,9917786.00308404,9177216.546646107,17508.749188872458,1991.8104687198213,0.28681572860447185,0.002313030069390902,0.017733230531996914,0.29760986892829605,0.5705474171164225,0.3353893600616808,0.016962220508866616,0.0,0.29760986892829605,11131.144178874325,21761.077872012334,270.1549730146492,3.407864302235929,59.041060684065535,90.9639622950316,492.48188126445643,7.7509637625289125,106.57314084522744,183.52307089199692,3.3839629915188896,495.8835774865073,76.51852152157593,138.3797199017317,38654.092863399106,84.18304339025829,59.041060684065535,106.57314084522744,0
2018-02-03 04:29:00,2018-02-03 04:30:00,CIC,1202,10680.537437603993,18659100.404326122,10.95424292845258,13167.0,1532.7337770382696,1842346.0,,0.0,7990696338841.553,,,6.240432612312812,4.713810316139767,524.4068219633943,1008.3269550748752,198566.19963144822,22119.033238324817,10997728.209200446,711780.5283966863,13022183.180532446,10666303.311148087,19082.300694596714,2999.928828015643,0.3502495840266223,0.0024958402662229617,0.025790349417637273,0.2612312811980033,0.502495840266223,0.29201331114808654,0.03993344425956739,0.0,0.2612312811980033,11557.674708818635,22125.53660565724,270.2903494176373,6.853577371048253,58.5221465330025,84.83410670075207,489.3627287853577,16.015806988352747,113.42088322371049,173.6134576526123,6.799500831946755,494.4517470881864,78.72657918447005,134.9740761374842,40826.596431076796,87.49521942360482,58.5221465330025,113.42088322371049,0
2018-02-03 04:30:00,2018-02-03 04:31:00,CIC,1639,8503.03355704698,16164019.239780353,11.549725442342892,18930.0,3242.0305064063455,5313688.0,,0.0,10431165667971.445,,,5.981086028065894,5.568639414276999,478.4478340451495,2763.582672361196,155648.09288932255,24661.72361385199,7316457.314053336,877355.3373630584,9995310.206223307,6929748.1647345945,23066.027029823017,1400.0880380767107,0.42892007321537523,0.006101281269066504,0.050030506406345335,0.23672971323978034,0.46918852959121415,0.2336790726052471,0.018913971934106162,0.0,0.23672971323978034,9202.976815131178,17706.312995729102,252.31360585723002,11.602806589383771,58.67804391337218,78.47652144133984,512.9066503965832,29.475899938987187,144.98550636118364,180.937143698903,11.579621720561319,518.0939597315436,95.15883617671018,149.55069218411532,51018.869922438826,107.42556879265773,58.67804391337218,144.98550636118364,0
2018-02-03 04:31:00,2018-02-03 04:32:00,CIC,1284,8595.696261682244,19559952.488317758,11.175233644859814,14349.0,1858.5576323987539,2386388.0,,0.0,12653999811498.22,,,6.209501557632398,4.965732087227415,520.7211838006231,1337.8364485981308,248371.53200118113,14985.822558600781,9946179.958204422,1002085.6393239675,13007395.253894081,9547674.351246106,13553.566763943165,1385.5709892496277,0.3987538940809969,0.002336448598130841,0.017133956386292833,0.24922118380062305,0.48753894080996885,0.235202492211838,0.027258566978193146,0.0,0.24922118380062305,10512.669781931465,19556.639408099687,271.26635514018693,10.959501557632398,60.74698978863162,83.47163297379673,520.5163551401869,28.376168224299064,138.71518303433803,183.09835104029597,10.947819314641745,524.1222741433022,92.01697139720171,148.18984850702725,48125.527027553995,103.79028315434735,60.74698978863162,138.71518303433803,0
2018-02-03 04:32:00,2018-02-03 04:33:00,CIC,1235,9931.831578947369,18207250.94574899,13.374089068825912,16517.0,4050.8591093117407,5002811.0,,0.0,11428139226926.621,,,7.020242914979757,6.3538461538461535,642.8526315789474,3408.0064777327934,37824.36626893166,15347.266014785459,10636748.279173315,947653.8598625399,13571609.306882592,10264543.89797571,13621.232122629954,1676.326147830047,0.28097165991902834,0.0,0.02186234817813765,0.35060728744939273,0.5635627530364372,0.2639676113360324,0.03805668016194332,0.0,0.35060728744939273,11740.413765182186,26272.747368421053,333.5514170040486,6.37165991902834,70.28477107002348,105.69617430381538,592.8591093117409,16.032388663967613,142.05940745080972,212.08225239564374,6.37165991902834,596.0663967611335,98.11138822481863,165.1068153834583,53110.13776712113,107.86710943802348,70.28477107002348,142.05940745080972,0
2018-02-03 04:33:00,2018-02-03 04:34:00,CIC,1249,10750.728582866293,15328476.745396318,10.871096877502001,13578.0,1663.3682946357085,2077547.0,,0.0,4421594668065.225,,,6.216172938350681,4.654923939151321,569.0328262610088,1094.3354683746998,102503.08499079163,20848.094813652297,9483874.669080075,536426.5180570142,11042895.240192154,9233026.178542834,18666.820390447123,2114.5071061380618,0.3266613290632506,0.0008006405124099279,0.03923138510808647,0.33466773418734985,0.5116092874299439,0.3018414731785428,0.053642914331465175,0.0,0.33466773418734985,10927.06325060048,25088.564451561248,310.742193755004,7.237790232185748,66.12256115120177,97.75123853108887,557.4971977582065,15.679743795036028,128.39600295667736,198.51726238185748,7.170536429143315,561.9503602882306,89.80857538219936,153.90126414921698,48622.59634690329,99.33710312866693,66.12256115120177,128.39600295667736,0
2018-02-03 04:34:00,2018-02-03 04:35:00,CIC,1453,8750.274604267033,15920134.695801789,10.172057811424638,14780.0,1676.7797660013764,2436361.0,,0.0,7056596505610.504,,,5.7398485891259465,4.432209222298693,538.869924294563,1137.9098417068135,149508.07684228127,16694.2252139124,9144140.40419986,627338.6498949536,10876613.254645562,8837007.121816931,14173.881696752273,2485.8750550508457,0.33035099793530626,0.0013764624913971094,0.051617343427391604,0.27391603578802476,0.5092911218169305,0.25258086717136957,0.022711631108052306,0.0,0.27391603578802476,10517.260151410874,23754.437715072265,296.6235375086029,8.901582931865107,65.81427420709979,93.57204409251756,552.6242257398486,21.41500344115623,134.3761543232691,196.70919081289057,8.779077770130764,557.2780454232623,92.59996697681143,154.98990559647558,49026.49864537504,103.6733133600647,65.81427420709979,134.3761543232691,0
2018-02-03 04:35:00,2018-02-03 04:36:00,CIC,1046,9169.31931166348,18432616.517208412,12.065965583173996,12621.0,2428.0095602294455,2539698.0,,0.0,4441526636993.137,,,6.749521988527724,5.316443594646271,610.4321223709369,1817.5774378585086,52673.362869517245,13019.023197317614,11644797.474251298,538024.2659010295,13246514.435946463,11394390.95124283,11269.642571948185,1724.4876559887716,0.28776290630975143,0.0009560229445506692,0.01338432122370937,0.3403441682600382,0.5736137667304015,0.2609942638623327,0.027724665391969407,0.0,0.3403441682600382,12417.168260038241,26982.029636711282,331.65774378585087,5.848948374760994,68.27559947741109,103.767947830826,583.8728489483748,14.321223709369026,134.8813195284608,208.5726123049044,5.819311663479923,588.5028680688337,94.25347550325144,161.9417687652132,51137.01933373577,103.27395525483365,68.27559947741109,134.8813195284608,0
2018-02-03 04:36:00,2018-02-03 04:37:00,CIC,1163,8352.766122098023,15302806.889939811,10.351676698194325,12039.0,1771.4153052450558,2060156.0,,0.0,4325318988216.2246,,,5.806534823731728,4.545141874462597,535.8916595012897,1235.523645743766,122770.95456645975,14623.34912908744,10156956.62973811,522216.045680484,11770747.511607911,9927600.13327601,13096.136131982606,1502.0653631068574,0.32674118658641443,0.0017196904557179708,0.021496130696474634,0.2992261392949269,0.5520206362854686,0.292347377472055,0.02407566638005159,0.0,0.2992261392949269,11559.668099742046,23693.26569217541,293.4780739466896,6.137575236457438,63.60344047660877,94.32981073341874,543.0558899398109,16.091143594153053,126.15657657679279,195.80723903686157,6.137575236457438,546.8417884780739,87.63035162708856,151.99066014420464,46182.2562990825,96.75569751070506,63.60344047660877,126.15657657679279,0
2018-02-03 04:37:00,2018-02-03 04:38:00,CIC,1289,8279.615205585726,17751855.682699766,11.224204809930178,14468.0,2444.688906128782,3151204.0,,0.0,7230601268897.586,,,6.138867339022498,5.08533747090768,568.0318076027928,1876.657098525989,232731.2417539563,14798.61529032623,10661147.718960114,602095.1401191327,12539970.478665633,10390201.442979053,12034.626908938304,2718.0656031571334,0.33902249806051205,0.0031031807602792862,0.019394879751745538,0.30256012412723043,0.5321955003878976,0.24282389449185415,0.02094647013188518,0.0,0.30256012412723043,10974.126454615982,24448.951124903026,302.67028704422034,7.658650116369278,64.74862888727385,95.06324197847168,553.1171450737005,17.386346004654772,134.11851699766487,198.0673360559651,7.584173778122576,556.1613653995345,93.32206883583707,154.70456806133203,49368.27129011087,102.76209622164625,64.74862888727385,134.11851699766487,0
2018-02-03 04:38:00,2018-02-03 04:39:00,CIC,892,9375.902466367714,18579922.751121078,11.604260089686099,10351.0,1735.9293721973095,1548449.0,,0.0,2084151415680.8245,,,6.871076233183857,4.733183856502242,691.5246636771301,1044.4047085201794,22807.207291665178,5450.905754139059,14880090.933477586,384360.3369371813,15897980.603139013,14676444.198430493,4734.185610624151,698.3875008213296,0.15358744394618834,0.0011210762331838565,0.013452914798206279,0.413677130044843,0.6434977578475336,0.27466367713004486,0.01569506726457399,0.0,0.413677130044843,15051.26793721973,34262.67264573991,386.0067264573991,2.7645739910313902,75.81756618250337,121.30700816888117,666.1255605381166,6.4641255605381165,135.7961735112332,240.9294795475,2.7645739910313902,667.6008968609865,96.26658674871524,177.9038284717601,53496.859549388784,103.91702215897533,75.81756618250337,135.7961735112332,0
2018-02-03 04:39:00,2018-02-03 04:40:00,CIC,983,10113.826042726349,17112746.125127163,10.429298067141405,10252.0,1523.8606307222788,1497955.0,,0.0,2024945418466.885,,,6.091556459816887,4.337741607324517,592.9643947100712,930.8962360122075,64746.56486028568,18270.84250760628,13454098.477382082,352267.3717774395,14389061.151576806,13272975.611393692,17381.221769285665,703.7525540713286,0.23296032553407936,0.00508646998982706,0.0254323499491353,0.3275686673448627,0.572736520854527,0.2960325534079349,0.011190233977619531,0.0,0.3275686673448627,14661.223804679552,27862.8504577823,320.6144455747711,4.640895218718209,65.84039712603256,100.82182852797558,559.381485249237,11.018311291963377,118.76466312450663,199.22564902659207,4.640895218718209,561.8392675483215,84.36514638232248,150.13934413299697,44355.0443102907,92.32232340918006,65.84039712603256,118.76466312450663,0
2018-02-03 04:40:00,2018-02-03 04:41:00,CIC,1240,8805.798387096775,19165550.543548387,10.387096774193548,12880.0,1583.4524193548386,1963481.0,,0.0,8472789499355.428,,,6.029032258064516,4.358064516129033,549.1991935483871,1034.2532258064516,43970.64437131885,18292.995603809355,11697113.088855589,642664.2050991373,13509288.123387096,11397224.504838709,17562.526240435047,627.202452645341,0.2862903225806452,0.0032258064516129032,0.02338709677419355,0.2854838709677419,0.5362903225806451,0.24919354838709679,0.007258064516129033,0.0,0.2854838709677419,12851.375,24208.816935483872,300.0838709677419,7.237903225806452,64.92830099201855,94.32853091936856,543.8298387096775,17.16693548387097,124.91512861783065,193.09816294576612,7.237903225806452,546.9233870967741,87.34404600746532,149.20986880045322,45645.24445302921,97.04296536691695,64.92830099201855,124.91512861783065,0
2018-02-03 04:41:00,2018-02-03 04:42:00,CIC,831,9201.57761732852,18640341.55475331,11.643802647412755,9676.0,1687.2599277978338,1402113.0,,0.0,1048757362665.1779,,,6.77496991576414,4.868832731648616,702.6028880866426,984.6570397111914,23620.302622529565,2852.1718413321864,15393111.915871821,337701.4849487343,16331167.323706377,15215412.246690733,2465.285148766745,386.8866925531312,0.17328519855595667,0.0,0.0048134777376654635,0.42839951865222625,0.6582430806257521,0.26594464500601683,0.010830324909747292,0.0,0.42839951865222625,16644.589651022863,33198.84235860409,386.9037304452467,3.3802647412755715,76.74160377724067,121.88812342227315,654.8580024067388,7.406738868832732,133.12930573501805,234.29377942359807,3.3802647412755715,659.4777376654633,95.60711080097472,174.8140407543538,51958.79179078002,103.47492158737666,76.74160377724067,133.12930573501805,0
2018-02-03 04:42:00,2018-02-03 04:43:00,CIC,899,9518.234705228031,19009751.171301447,11.35261401557286,10206.0,1635.8075639599556,1470591.0,,0.0,3728006780512.5796,,,6.781979977753059,4.5706340378198,655.9199110122358,979.8876529477197,29159.732690970166,8670.87516085067,14764181.71794035,403432.82499459595,15771640.657397108,14543391.274749722,7733.949498318565,927.2806402382926,0.16796440489432704,0.0,0.002224694104560623,0.42046718576195774,0.628476084538376,0.27363737486095663,0.01557285873192436,0.0,0.42046718576195774,14672.427141268076,31762.450500556173,362.6674082313682,3.21357063403782,71.3296058630823,113.68472077766518,628.2825361512791,6.373748609566185,126.46939940234705,226.14685998157952,3.21357063403782,630.817575083426,89.97334561979643,166.7346307484249,49087.131893241894,97.37822350969967,71.3296058630823,126.46939940234705,0
2018-02-03 04:43:00,2018-02-03 04:44:00,CIC,2208,5074.98731884058,15554894.355525363,12.986865942028986,28675.0,5190.678442028986,11461018.0,,0.0,9558676423967.254,,,6.33106884057971,6.655797101449275,426.5421195652174,4764.136322463768,203287.01206317532,12537.111267960403,6761280.767378194,780002.1308581969,9175669.79981884,6442779.764492754,11228.64740920761,1274.3956216243002,0.4479166666666667,0.0018115942028985507,0.019021739130434784,0.1598731884057971,0.4832427536231884,0.27355072463768115,0.006793478260869565,0.0,0.1598731884057971,8467.50634057971,13332.114583333334,225.72916666666666,9.365036231884059,53.154718772741845,74.99729310494203,466.2685688405797,23.183876811594203,129.19760908365942,174.05108374755616,9.347826086956522,470.3201992753623,84.85902921758152,139.78052384981567,44196.25945714705,96.18725606457427,53.154718772741845,129.19760908365942,0
2018-02-03 04:44:00,2018-02-03 04:45:00,CIC,1298,7988.342064714946,18264858.807395995,12.90677966101695,16753.0,3684.9322033898306,4783042.0,,0.0,11580258693932.66,,,6.852080123266564,6.054699537750385,584.7596302003082,3100.172573189522,168366.88594482042,13343.195951566002,10064009.742249103,802778.1560139881,12339080.588597843,9695473.823574731,11886.102391275099,1415.9743123737258,0.3852080123266564,0.0007704160246533128,0.007704160246533128,0.28659476117103233,0.5261941448382126,0.24191063174114022,0.023112480739599383,0.0,0.28659476117103233,11559.72342064715,22229.875192604006,299.10323574730353,9.003081664098612,64.45177328963328,92.66734837181433,555.9753466872111,22.49075500770416,143.5971173013251,196.86965035307858,8.912942989214176,558.8536209553158,97.40497168738136,158.15624271938754,52519.610474615496,108.23705849629046,64.45177328963328,143.5971173013251,0
2018-02-03 04:45:00,2018-02-03 04:46:00,CIC,1054,11980.692599620494,18888378.724857684,9.932637571157496,10469.0,1398.6034155597722,1474128.0,,0.0,4772390681476.131,,,5.808349146110057,4.124288425047438,528.1309297912713,870.472485768501,59826.40818877368,14410.805544293176,12989794.80153629,545084.1083200198,14521852.67552182,12732090.532258065,11365.718316450024,2990.39726389974,0.31499051233396586,0.0009487666034155598,0.012333965844402278,0.2656546489563567,0.4876660341555977,0.3235294117647059,0.051233396584440226,0.0,0.2656546489563567,13292.707779886148,22111.3605313093,278.0180265654649,6.732447817836812,57.52584899424098,85.73510134450663,491.5559772296015,16.37381404174573,112.07198878911764,173.14256752518975,6.732447817836812,496.6679316888046,76.81293513146396,133.46109670276851,39740.50551904778,85.23878695586812,57.52584899424098,112.07198878911764,0
2018-02-03 04:46:00,2018-02-03 04:47:00,CIC,1350,9798.714814814815,15636610.891111111,8.514074074074074,11494.0,1155.9444444444443,1560525.0,,0.0,5913752805734.168,,,5.192592592592592,3.3214814814814817,429.80518518518517,726.1392592592592,331701.1250270117,32831.43336413325,10655815.974411359,506045.8919413397,12082826.107407408,10428062.968888888,29786.77438019753,2801.463181246998,0.29333333333333333,0.007407407407407408,0.06,0.21925925925925926,0.4451851851851852,0.3437037037037037,0.02,0.0,0.21925925925925926,11097.082222222221,17741.804444444446,235.96,13.757777777777777,58.71606411105111,73.23254371019999,412.4925925925926,18.742962962962963,100.95363068751111,147.67328764185925,13.363703703703704,417.9237037037037,75.19936675937036,114.14235878287036,33265.98272853085,87.16969785382963,58.71606411105111,100.95363068751111,0
2018-02-03 04:47:00,2018-02-03 04:48:00,CIC,1255,9025.791235059762,17440089.55936255,10.525099601593626,13209.0,1933.0685258964143,2426001.0,,0.0,11530066402199.156,,,5.981673306772908,4.543426294820717,597.4390438247012,1335.6294820717133,147625.30690056088,14845.135254717565,10424025.895216478,961628.8201841403,13876308.404780876,10074814.351394422,13401.906851542486,1395.9132310975451,0.32669322709163345,0.0031872509960159364,0.0199203187250996,0.30916334661354583,0.5258964143426295,0.250996015936255,0.022310756972111555,0.0,0.30916334661354583,11425.958565737052,21600.72669322709,304.19123505976097,9.646215139442232,68.90884319341036,96.21376416848366,551.388844621514,22.346613545816734,140.0123527998247,196.84656632074103,9.568924302788844,555.2709163346614,96.14424928431633,155.20820452181434,49783.16067883993,107.53516525990437,68.90884319341036,140.0123527998247,0
2018-02-03 04:48:00,2018-02-03 04:49:00,CIC,1198,9433.692821368948,15582628.943238731,9.820534223706177,11765.0,1550.7888146911519,1857845.0,,0.0,1340511916516.5554,,,5.803839732888147,4.01669449081803,557.2245409015025,993.5642737896494,73359.93524390494,6757.395490983791,12511437.955291513,331044.3907722768,13468625.440734558,12356215.74791319,5351.454744035774,1405.9407469895293,0.3013355592654424,0.0008347245409015025,0.01669449081803005,0.29716193656093487,0.5392320534223706,0.24874791318864775,0.0333889816360601,0.0,0.29716193656093487,12821.33222036728,24813.2245409015,308.01669449081805,9.13355592654424,68.10150335274624,97.43832965580634,572.9749582637729,17.735392320534224,142.30270786205344,209.0554056695409,9.122704507512521,576.5358931552588,96.69683981189483,160.51625438286976,51951.39497744945,107.92690975204508,68.10150335274624,142.30270786205344,0
2018-02-03 04:49:00,2018-02-03 04:50:00,CIC,1318,8503.767071320182,19262306.30804249,10.91578148710167,14387.0,1833.3019726858877,2416292.0,,0.0,5794613413421.377,,,6.208649468892261,4.707132018209408,560.8338391502276,1272.4681335356602,382575.33434531733,23244.165344595865,11035651.724944046,709498.6744775523,13194669.940819424,10726698.487101668,22145.57791381791,975.1358697785387,0.3163884673748103,0.002276176024279211,0.015933232169954476,0.2822458270106222,0.5622154779969651,0.23444613050075871,0.012898330804248861,0.0,0.2822458270106222,11732.37708649469,22606.647951441577,300.87784522003034,8.38391502276176,64.89350809163885,94.3112073665349,566.3869499241275,19.47268588770865,136.67118871896284,202.48986934058422,8.38391502276176,571.1350531107739,92.82749163445143,158.04440545368436,49977.5998081656,103.30519431304249,64.89350809163885,136.67118871896284,0
2018-02-03 04:50:00,2018-02-03 04:51:00,CIC,1286,8929.660964230172,17308574.2348367,12.521772939346812,16103.0,3536.073094867807,4547390.0,,0.0,4431691358125.566,,,6.787713841368585,5.734059097978227,601.7908242612752,2934.2822706065317,353460.0610887931,21326.810082188542,11224163.056917464,622929.9417874869,13295665.919906687,10972856.281493,19512.150419487956,1731.7404943792224,0.33359253499222397,0.005443234836702955,0.017107309486780714,0.31026438569206843,0.5419906687402799,0.26594090202177295,0.02410575427682737,0.0,0.31026438569206843,12938.034214618974,23366.780715396577,302.9673405909798,7.282270606531882,63.41119584914697,94.6384365657605,575.6570762052877,20.02877138413686,148.76765085941682,205.63941991494556,7.282270606531882,578.4860031104199,98.20404166157387,163.32110461965476,54513.18616033167,108.4430780770941,63.41119584914697,148.76765085941682,0
2018-02-03 04:51:00,2018-02-03 04:52:00,CIC,1187,10012.308340353833,21966530.47851727,12.657961246840776,15025.0,3885.435551811289,4612012.0,,0.0,9184617297227.658,,,6.73715248525695,5.9208087615838245,692.658803706824,3192.7767481044652,235859.31530962163,11433.288792245176,13921983.062635256,721626.2052402679,16024125.765796125,13586914.096882898,8870.514698495841,2543.5099172015557,0.32603201347935973,0.002527379949452401,0.006739679865206402,0.3024431339511373,0.5332771693344566,0.2763268744734625,0.02948609941027801,0.0,0.3024431339511373,13469.961246840776,23903.620050547597,310.5501263689975,8.398483572030328,70.79864856802021,95.66988440174305,567.4717775905644,17.41027801179444,142.64155078145745,200.58077933151728,6.406908171861836,579.3496208930076,105.13359513602275,162.21058759126876,54489.26168647345,114.91757784420976,70.79864856802021,142.64155078145745,0
2018-02-03 04:52:00,2018-02-03 04:53:00,CIC,1176,10661.823129251701,18638508.781462584,10.66751700680272,12545.0,1651.7882653061224,1942503.0,,0.0,3413226397411.8223,,,6.320578231292517,4.346938775510204,585.7882653061224,1066.0,195124.45303578948,30239.9781266409,13067055.560383087,523487.0028153231,14687554.293367347,12831520.596938776,27157.794494861628,2799.326693517819,0.2227891156462585,0.006802721088435374,0.034013605442176874,0.32908163265306123,0.5620748299319728,0.30272108843537415,0.026360544217687076,0.0,0.32908163265306123,14448.96343537415,26485.733843537415,318.5603741496599,4.858843537414966,64.74522819817177,99.51506386724066,572.4396258503401,11.29421768707483,126.46934512785714,205.34602552414967,4.804421768707483,574.999149659864,87.82378625621598,155.29848632806295,47601.41266100341,96.08935869414711,64.74522819817177,126.46934512785714,0
2018-02-03 04:53:00,2018-02-03 04:54:00,CIC,1159,10840.526315789473,18557671.405522,13.465056082830026,15606.0,5491.7515099223465,6364940.0,,0.0,3683128139997.633,,,6.41932700603969,7.045729076790336,627.9214840379638,4863.830025884383,468939.56106554624,40820.104682086334,13192246.862824487,516500.57580547174,14796851.188955996,12950069.13977567,37836.36814469171,2666.755569145772,0.28213977566867987,0.012079378774805867,0.04227782571182054,0.3399482312338223,0.5314926660914582,0.3080241587575496,0.024158757549611734,0.0,0.3399482312338223,13465.334771354615,25077.27868852459,310.7411561691113,6.101811906816221,65.67879443282226,96.2475990825988,551.0819672131148,14.074201898188093,124.84892186723036,194.04179061821398,6.0465918895599655,557.9456427955133,90.38892196300604,150.70069770497756,46420.34349086524,99.06153734223038,65.67879443282226,124.84892186723036,0
2018-02-03 04:54:00,2018-02-03 04:55:00,CIC,1070,10641.05140186916,21180778.414953273,13.444859813084111,14386.0,3873.4971962616823,4144642.0,,0.0,5923610146870.354,,,7.347663551401869,6.097196261682243,652.0158878504673,3221.4813084112147,334621.50256112864,23141.362363045544,15595182.921242097,534398.743265459,17026177.18411215,15317992.714953272,17045.514685975282,5922.828145395349,0.18878504672897195,0.005607476635514018,0.026168224299065422,0.39532710280373834,0.6149532710280374,0.2897196261682243,0.019626168224299065,0.0,0.39532710280373834,14765.801869158879,30696.83457943925,354.496261682243,2.622429906542056,70.13113766764953,111.69946975271964,623.1719626168224,4.935514018691589,129.5081983928598,224.40266975002802,2.4598130841121497,626.4598130841122,91.74584237635514,167.7492836504215,51440.632661926815,98.69953172436448,70.13113766764953,129.5081983928598,0
2018-02-03 04:55:00,2018-02-03 04:56:00,CIC,1447,8181.935038009675,19443889.122322045,12.149965445749828,17581.0,3373.4284727021422,4881351.0,,0.0,9663899040111.785,,,6.407049067035246,5.742916378714582,558.4678645473393,2814.960608154803,309780.96427586535,22333.388097091447,10214991.508515282,906751.3285325359,12927227.966136836,9820837.394609537,21207.520069034035,1017.8281408880234,0.39875604699378026,0.0034554250172771253,0.0248790601243953,0.2432619212163096,0.4948168624740843,0.24948168624740844,0.01520387007601935,0.0,0.2432619212163096,11679.18797512094,20003.739460953697,281.0345542501728,10.106427090532135,61.68629863779061,86.88781332857637,546.8908085694541,26.200414651002074,144.80694022742918,191.5680761110643,10.106427090532135,549.643400138217,96.96391864665792,155.34571850730407,51212.639592015556,108.36849629051486,61.68629863779061,144.80694022742918,0
2018-02-03 04:56:00,2018-02-03 04:57:00,CIC,1239,8996.707021791768,16592532.912025828,10.618240516545601,13156.0,1975.9184826472963,2448163.0,,0.0,4412451485880.133,,,6.078288942695722,4.539951573849879,537.1081517352703,1438.8103309120258,161528.6437846691,13165.034177553041,11597160.918965038,504472.42760253686,13221898.03874092,11368258.269572236,11148.036370452031,1974.4956790170056,0.29136400322841,0.004842615012106538,0.01937046004842615,0.29539951573849876,0.5544794188861986,0.30347054075867635,0.020177562550443905,0.0,0.29539951573849876,12415.384180790961,23846.17675544794,293.42453591606136,5.468119451170298,61.734433155113805,93.36087753707587,532.5407586763519,12.58272800645682,119.7862228748749,192.24051359472963,5.3591606133979015,534.0387409200969,83.37804093398708,146.32841099657387,43518.613090530394,91.63955345467312,61.734433155113805,119.7862228748749,0
2018-02-03 04:57:00,2018-02-03 04:58:00,CIC,1680,7984.247023809524,19984912.564285714,10.646428571428572,17886.0,2228.641666666667,3744118.0,,0.0,9974045506883.943,,,5.752976190476191,4.893452380952381,479.6684523809524,1748.9732142857142,211306.34471130016,16799.32348067048,9744458.217525216,872465.0522512936,12051342.482142856,9326846.477380952,13865.77453294647,2893.5505584533403,0.44226190476190474,0.002380952380952381,0.025,0.21666666666666667,0.45654761904761904,0.22857142857142856,0.03154761904761905,0.0,0.21666666666666667,10528.569047619048,17759.902976190475,250.96309523809524,11.51845238095238,57.09195607101845,76.87995236089107,496.1690476190476,27.235119047619047,136.98357459518454,175.38616817316074,11.32797619047619,500.35059523809525,91.52058954359167,143.15325199456308,48099.73557281567,103.18747327383988,57.09195607101845,136.98357459518454,0
2018-02-03 04:58:00,2018-02-03 04:59:00,CIC,2087,6977.635361763297,12859166.294202205,9.322472448490656,19456.0,2199.654048873982,4590678.0,,0.0,6339418155096.376,,,4.975083852419742,4.347388596070915,393.03114518447535,1806.6229036895065,279736.60303216946,29036.44413490042,7059837.673521254,562126.1245881792,8722722.561571633,6807694.430761859,27309.968952670268,1489.95407520626,0.4451365596550072,0.006708193579300431,0.03497843794920939,0.17297556300910397,0.4494489698131289,0.319597508385242,0.017249640632486823,0.0,0.17297556300910397,8701.817441303307,13687.294681360805,211.84523239099187,8.891231432678486,50.38554476491615,69.51521340747533,428.7556300910398,22.235745088643988,118.14751128527072,157.2880570000757,8.873023478677528,432.538572113081,80.3410723533493,127.06810269041543,38867.538455581314,90.69580170193579,50.38554476491615,118.14751128527072,0
2018-02-03 04:59:00,2018-02-03 05:00:00,CIC,1161,11787.713178294574,16523557.369509043,9.928509905254092,11527.0,1479.433247200689,1717622.0,,0.0,4364340940607.6514,,,5.796726959517657,4.131782945736434,566.7769164513351,912.656330749354,140419.179361324,21520.499757560276,12722326.533111649,410584.55843270855,13668738.446167096,12481010.45994832,18604.291656206333,2842.0633996051292,0.28251507321274766,0.00516795865633075,0.01636520241171404,0.305770887166236,0.5624461670973299,0.35572782084409993,0.05598621877691645,0.0,0.305770887166236,13912.94659776055,25716.617571059433,302.8811369509044,2.657192075796727,63.27311401152627,97.8658985185392,529.5503875968992,6.444444444444445,109.37016305239449,191.48858892385874,2.657192075796727,534.0801033591731,79.74436969367528,144.33304644977864,41784.67243946912,86.51605909461499,63.27311401152627,109.37016305239449,0
2018-02-03 05:00:00,2018-02-03 05:01:00,CIC,1462,9670.51367989056,20651533.26538988,11.278385772913817,16489.0,2264.173050615595,3310221.0,,0.0,9892095308429.756,,,6.26265389876881,5.015731874145007,565.4582763337893,1698.7147742818058,70218.03006700607,22035.80214433748,11006986.752683671,900189.920553545,13395529.284541724,10583701.175786594,20201.361215520476,1713.8619841610212,0.3741450068399453,0.002051983584131327,0.03967168262653899,0.25170998632010944,0.4904240766073871,0.27906976744186046,0.029411764705882353,0.0,0.25170998632010944,11336.947332421341,20840.78727770178,281.3057455540356,8.955540355677154,61.58225948945281,86.9710064520424,517.7236662106703,21.663474692202463,133.23883801106703,183.19949100364434,8.020519835841313,527.0013679890561,92.29812509506566,149.46463227504447,49650.54373708312,102.65456434268332,61.58225948945281,133.23883801106703,0
2018-02-03 05:01:00,2018-02-03 05:02:00,CIC,2134,6823.19587628866,18419910.556232426,11.393626991565135,24314.0,2897.3987816307404,6183049.0,,0.0,11019838009528.309,,,5.994376757263355,5.399250234301781,492.7961574507966,2404.6026241799436,134552.99587100095,15987.000098246946,7407396.106706659,1032598.7166249325,10750266.139175259,6984402.406747892,14049.804148679495,1899.7381236467756,0.49953139643861294,0.0018744142455482662,0.031865042174320526,0.19212746016869728,0.42924086223055297,0.19775070290534208,0.01218369259606373,0.0,0.19212746016869728,8729.76710402999,14768.799437675727,247.06326148078725,14.937207122774133,57.88511723522118,74.55280400010966,495.54592314901595,36.79100281162137,154.69115655091377,172.80461377246766,14.910028116213683,501.89784442361764,100.55915713488612,148.58744759482897,53147.86054428619,114.44906836819212,57.88511723522118,154.69115655091377,0
2018-02-03 05:02:00,2018-02-03 05:03:00,CIC,1820,8598.395054945055,18788550.38186813,9.871428571428572,17966.0,1802.9153846153847,3281306.0,,0.0,9925356351429.053,,,5.5697802197802195,4.3016483516483515,485.1824175824176,1317.732967032967,198214.87039665016,15923.60979251094,10030591.917917458,967337.5645503788,13034286.288461538,9633755.79065934,13059.76288059766,2820.1007311931053,0.4104395604395604,0.00934065934065934,0.012087912087912088,0.2175824175824176,0.4461538461538462,0.2620879120879121,0.03571428571428571,0.0,0.2175824175824176,10820.812087912087,17655.551648351648,260.6714285714286,12.353296703296703,60.171975301032965,80.55728431506154,498.67527472527473,27.364285714285714,138.64512885497803,177.2031195375275,12.320879120879122,505.08351648351646,93.16723565080714,144.9458031723467,49427.97047248997,105.63761866036482,60.171975301032965,138.64512885497803,0
2018-02-03 05:03:00,2018-02-03 05:04:00,CIC,1547,11999.425339366517,19246707.87718164,10.800258564964448,16708.0,2271.3568196509373,3513789.0,,0.0,12609004598500.717,,,6.045895281189399,4.7543632837750485,531.7078215901745,1739.6489980607628,55097.77613364644,17199.60117799616,11375956.456623338,878378.6824520606,13553660.195216548,10927054.706528766,13573.644099466332,3570.366900269762,0.3445378151260504,0.003232062055591467,0.029088558500323207,0.27213962508080153,0.46864899806076277,0.3206205559146736,0.07692307692307693,0.0,0.27213962508080153,11599.110536522301,22002.104718810602,275.97349709114417,9.04524886877828,59.703489075988365,84.40583946908468,492.25921137685845,16.884938590820944,122.69222496142405,175.69316412034905,9.042663219133807,501.19974143503555,86.92103523251843,139.41451362413963,45310.661987016596,96.78846635614738,59.703489075988365,122.69222496142405,0
2018-02-03 05:04:00,2018-02-03 05:05:00,CIC,1988,9925.331488933602,16471637.527162978,13.920020120724345,27673.0,5501.4914486921525,10936965.0,,0.0,11686007442696.404,,,6.826458752515091,7.093561368209255,471.34507042253523,5030.146378269617,307341.85630073136,40856.517846834926,8036628.895819733,925011.8845347437,10889966.655432595,7638452.245975855,37546.15500746136,2919.883041068043,0.42203219315895374,0.006539235412474849,0.06740442655935613,0.20724346076458752,0.41448692152917505,0.3023138832997988,0.02716297786720322,0.0,0.20724346076458752,9682.76509054326,15694.713279678068,242.64336016096578,11.229879275653923,55.64120990098642,75.16878408669768,478.08903420523137,28.330482897384307,135.4322772808652,168.68314700397386,11.158953722334005,485.50653923541245,89.46370105461419,140.22924969082143,47829.73237161075,101.45273307983803,55.64120990098642,135.4322772808652,0
2018-02-03 05:05:00,2018-02-03 05:06:00,CIC,1198,11592.771285475794,20271696.07929883,10.392320534223707,12450.0,1499.721202003339,1796666.0,,0.0,6281944220524.209,,,6.167779632721202,4.224540901502504,589.3722871452421,910.3489148580968,63421.63752779351,16618.75684399573,14265939.339346727,575213.3697742674,15624565.098497495,13942616.559265442,15140.882188457317,1408.514234664661,0.22454090150250416,0.007512520868113523,0.02003338898163606,0.3347245409015025,0.5392320534223706,0.32053422370617696,0.03171953255425709,0.0,0.3347245409015025,13839.87979966611,26549.16611018364,313.08681135225373,4.278797996661102,63.39944956752588,97.96798117969115,546.4373956594324,10.825542570951585,117.22962274941236,194.47221879341902,4.226210350584307,549.0859766277129,82.24793136007513,147.02710153206428,43806.71111029402,89.96262778157846,63.39944956752588,117.22962274941236,0
2018-02-03 05:06:00,2018-02-03 05:07:00,CIC,1301,10755.387394312067,18641089.7840123,10.18447348193697,13250.0,1470.8224442736357,1913540.0,,0.0,11150115117852.867,,,5.950807071483474,4.233666410453497,531.152190622598,939.6702536510377,119040.29162720904,25463.753331499993,12716596.463421166,774113.2191966436,14484760.627978478,12319315.543428132,23490.171231831322,1758.2851845164612,0.24750192159877019,0.005380476556495004,0.045349730976172176,0.31821675634127594,0.5149884704073789,0.3766333589546503,0.03151421983089931,0.0,0.31821675634127594,14068.232129131437,23251.70176787087,285.1813989239047,3.3604919292851654,58.288598344212915,91.41238084767949,503.9208301306687,8.370484242890084,107.88572286040277,182.88972400332744,3.3597232897770946,509.1552651806303,76.59476090415603,138.33697928382168,40766.42950016568,83.67233412309608,58.288598344212915,107.88572286040277,0
2018-02-03 05:07:00,2018-02-03 05:08:00,CIC,1670,8542.962874251498,18952364.691017963,10.223952095808384,17074.0,1909.2317365269462,3188417.0,,0.0,13691842840771.742,,,5.691017964071857,4.532934131736527,473.7754491017964,1435.4562874251496,280081.30219716806,24688.85604881267,9633159.954935677,995082.1434440714,12365433.35269461,9172726.739520958,23066.758590123954,1503.827489640944,0.4359281437125748,0.006586826347305389,0.03473053892215569,0.2125748502994012,0.44011976047904194,0.26766467065868266,0.022754491017964073,0.0,0.2125748502994012,10129.370059880239,16037.94371257485,245.04251497005987,11.240119760479041,56.27458429588024,75.64530042402335,479.8526946107784,28.568263473053893,130.53582078473653,167.02815662887667,11.240119760479041,485.5922155688623,87.48767950837545,137.87815888497843,44535.501216944416,99.27857260852694,56.27458429588024,130.53582078473653,0
2018-02-03 05:08:00,2018-02-03 05:09:00,CIC,1172,9758.701365187713,22479351.318259384,10.541808873720136,12355.0,1662.0264505119453,1947895.0,,0.0,7252317252545.162,,,6.087030716723549,4.454778156996587,540.2926621160409,1121.7337883959044,165439.20690466027,12703.350722543393,14815982.577283569,648629.9318456233,16477404.751706485,14477981.885665528,9092.626173740739,3578.2074393910752,0.32849829351535836,0.0017064846416382253,0.016211604095563138,0.2687713310580205,0.5025597269624573,0.2790102389078498,0.025597269624573378,0.0,0.2687713310580205,14674.256825938566,23221.487201365188,284.67320819112626,7.272184300341297,59.1247825554087,87.04716203326535,505.85409556313994,16.880546075085324,116.39347026360069,177.59119648902728,7.1305460750853245,512.0819112627986,81.14226934224489,138.5740037689488,42149.320873667784,89.75602048004266,59.1247825554087,116.39347026360069,0
2018-02-03 05:09:00,2018-02-03 05:10:00,CIC,1241,10538.179693795326,20234296.375503626,10.815471394037067,13422.0,1911.788074133763,2372529.0,,0.0,9357071312384.936,,,6.071716357775987,4.74375503626108,534.3376309427881,1377.450443190975,66868.9289626108,12749.068690772845,12560723.309524061,822482.9229027797,14914495.80902498,12176786.116035456,11237.791293636134,1470.1845085675318,0.36341659951651895,0.004834810636583401,0.018533440773569703,0.23690572119258663,0.49153908138597907,0.2860596293311845,0.0273972602739726,0.0,0.23690572119258663,14260.837228041903,20771.786462530217,281.00725221595485,8.344883158742949,59.34976039921515,85.8171471461805,507.82191780821915,20.413376309427882,125.230341863585,178.4241015265834,8.282836422240129,513.8517324738115,85.23073660588477,141.570005899635,44618.216584606016,94.48079795597342,59.34976039921515,125.230341863585,0
2018-02-03 05:10:00,2018-02-03 05:11:00,CIC,1220,11092.005737704918,17911262.08032787,9.1,11102.0,1384.255737704918,1688792.0,,0.0,7818524822954.81,,,5.335245901639344,3.7647540983606556,435.23196721311473,949.0237704918032,275798.13693040586,37361.53366886251,12115933.903520022,597682.5684689744,13426148.559836065,11783060.164754098,33534.249685427996,3582.2903202194802,0.35737704918032787,0.009016393442622951,0.05245901639344262,0.23442622950819672,0.4237704918032787,0.330327868852459,0.03524590163934426,0.0,0.23442622950819672,11795.423770491803,18522.480327868852,233.50901639344264,8.65327868852459,51.85375712086393,71.32090700396886,419.22049180327866,20.18360655737705,103.26502708821312,146.22080603089756,8.569672131147541,425.3106557377049,71.8339496118959,116.85219835194835,35136.93798944107,81.22043729937214,51.85375712086393,103.26502708821312,0
2018-02-03 05:11:00,2018-02-03 05:12:00,CIC,1360,8601.850735294118,21758763.180882353,16.01029411764706,21774.0,8280.230147058823,11261113.0,,0.0,7917565898045.259,,,6.848529411764706,9.161764705882353,614.8014705882352,7665.4286764705885,126329.72582671915,17661.4675682122,11930887.19037511,819389.2252966308,14414469.763970587,11564953.993382353,16656.785275511626,926.764053446084,0.4183823529411765,0.003676470588235294,0.020588235294117647,0.2595588235294118,0.4676470588235294,0.25,0.016911764705882352,0.0,0.2595588235294118,12009.801470588236,19120.779411764706,271.6397058823529,10.368382352941177,58.96079218852794,81.48961318005588,506.89632352941175,27.226470588235294,137.3632182590956,175.80968439890444,10.368382352941177,514.4639705882353,93.49488555069559,145.03355324704705,47795.46212547081,104.39628694136839,58.96079218852794,137.3632182590956,0
2018-02-03 05:12:00,2018-02-03 05:13:00,CIC,1216,10122.651315789473,21239883.10444079,12.129111842105264,14749.0,3091.4465460526317,3759199.0,,0.0,7913242714462.315,,,6.579769736842105,5.5493421052631575,527.5855263157895,2563.861019736842,48966.74751247942,21036.474597687582,11951876.30006097,784567.6976484125,13998977.310855264,11542596.545230264,19306.76436611539,1677.8110344812237,0.3717105263157895,0.004111842105263158,0.023848684210526317,0.2590460526315789,0.46957236842105265,0.28207236842105265,0.02631578947368421,0.0,0.2590460526315789,12686.561677631578,19887.85279605263,261.2368421052632,9.017269736842104,55.1641409569227,78.34489699218915,488.2993421052632,20.16200657894737,129.30547577644737,172.23838729226068,9.017269736842104,493.34292763157896,87.9638021686324,139.6945939498339,47540.55395907344,97.4696160655584,55.1641409569227,129.30547577644737,0
2018-02-03 05:13:00,2018-02-03 05:14:00,CIC,1731,7718.454072790295,20341877.20161756,17.954361640670133,31079.0,9167.618717504332,15869148.0,,0.0,11383302610547.074,,,8.088388214904679,9.865973425765453,484.96071634893127,8682.658001155402,167723.46485038317,21326.623514547962,8776761.411997287,942632.5239139787,11188813.848642403,8304570.796071635,18646.409712474477,2655.572989224186,0.4702484113229347,0.0028885037550548816,0.020219526285384173,0.17157712305025996,0.43443096476025417,0.2697862507221259,0.016753321779318313,0.0,0.17157712305025996,9964.029462738301,13407.90872328134,232.60600808781052,11.222992489890236,50.96350913561467,71.46920330109417,438.87637203928364,28.813402657423456,134.22093763376662,155.36916913912017,11.186019641825535,448.77700751010974,89.00917424684403,134.63394896858003,46613.809236757384,100.20440003650492,50.96350913561467,134.22093763376662,0
2018-02-03 05:14:00,2018-02-03 05:15:00,CIC,1564,8596.16368286445,15488924.191815857,8.595268542199488,13443.0,1470.291560102302,2299536.0,,0.0,4778390243950.301,,,4.876598465473146,3.7186700767263425,369.1118925831202,1101.1796675191815,259460.15286870935,20057.734770358435,10137108.340535209,448240.35263003246,11213245.560102303,9885099.500639386,16685.172961906163,3308.4386154026824,0.38107416879795397,0.0038363171355498722,0.034526854219948847,0.20012787723785166,0.46611253196930946,0.391304347826087,0.03644501278772379,0.0,0.20012787723785166,10033.44884910486,14483.932864450127,209.9507672634271,5.044117647058823,47.1555339217986,70.94124095979156,393.68797953964196,11.85549872122762,95.07404453474425,148.0819346786573,4.9648337595907925,398.2851662404092,66.4070753754546,115.43468777611444,32116.35933798836,74.31895079492966,47.1555339217986,95.07404453474425,0
2018-02-03 05:15:00,2018-02-03 05:16:00,CIC,1964,8273.516802443992,16040277.042260693,13.64256619144603,26794.0,6365.548370672098,12501937.0,,0.0,12795939246932.424,,,6.261710794297352,7.380855397148676,404.20570264765786,5961.34266802444,143478.00805418636,20087.57048057588,7751016.2841425305,1027678.2766404066,10674460.68533605,7256479.332484725,18300.860358333604,1745.798573347286,0.5234215885947047,0.004073319755600814,0.031568228105906315,0.1675152749490835,0.3559063136456212,0.2535641547861507,0.028513238289205704,0.0,0.1675152749490835,8788.090631364563,12981.30702647658,208.3854378818737,15.05193482688391,50.94446144106568,62.37960605274745,412.95773930753563,36.55753564154786,129.34651150537678,140.9914509106451,15.028004073319755,420.78971486761714,84.92821340931975,122.80274787846334,41163.71411243315,98.19725572147199,50.94446144106568,129.34651150537678,0
2018-02-03 05:16:00,2018-02-03 05:17:00,CIC,1307,8740.044376434584,14650041.66717674,8.463657230298393,11062.0,1204.1293037490436,1573797.0,,0.0,7869934617218.154,,,5.093343534812548,3.3703136954858453,446.9364957918898,757.1928079571538,100609.2043907781,10703.05036701339,11556021.451967614,553232.2660961929,12975782.582249425,11294609.970160672,8944.467115748812,1725.8271674409573,0.32823259372609026,0.0022953328232593728,0.013771996939556235,0.2570772762050497,0.4651874521805662,0.3175210405508799,0.026013771996939557,0.0,0.2570772762050497,11378.966335118592,18455.220351951033,248.58607498087224,14.24407039020658,61.19083868153252,77.43527715541163,426.28538638102526,19.51644988523336,105.27080530379494,151.1453288307192,13.885998469778118,432.24100994644226,77.78043451054859,117.50980766297552,34697.93532363707,89.72548108127774,61.19083868153252,105.27080530379494,0
2018-02-03 05:17:00,2018-02-03 05:18:00,CIC,1764,7447.030612244898,20870335.82936508,12.93140589569161,22811.0,4152.178571428572,7324443.0,,0.0,12070505916802.271,,,6.670068027210885,6.261337868480726,491.48356009070295,3660.6950113378684,155186.50501134034,10435.139366909481,9001680.550062742,1123408.677181989,12999100.48015873,8571414.011337869,8974.752412601223,1436.7245068211625,0.4574829931972789,0.0005668934240362812,0.031179138321995464,0.19784580498866214,0.44727891156462585,0.20748299319727892,0.006802721088435374,0.0,0.19784580498866214,9310.431972789116,13054.006235827665,231.5362811791383,13.75907029478458,56.51951925183787,70.69992423446541,487.421768707483,33.87641723356009,152.0259863215363,172.3678601130465,13.680272108843537,491.7607709750567,97.1147918674813,145.08602147908562,51399.09529065307,110.34306927911564,56.51951925183787,152.0259863215363,0
2018-02-03 05:18:00,2018-02-03 05:19:00,CIC,1045,11398.363636363636,20083265.98277512,10.266028708133971,10728.0,1580.8315789473684,1651969.0,,0.0,7981042111494.157,,,5.978947368421053,4.287081339712919,529.9933014354067,1050.8382775119617,71897.5165762442,7242.397309278534,13920189.429521542,653004.7312182183,15709203.593301436,13609062.004784688,4500.1999819566145,2735.2668034877033,0.3320574162679426,0.003827751196172249,0.020095693779904306,0.29569377990430623,0.5043062200956938,0.307177033492823,0.05263157894736842,0.0,0.29569377990430623,14069.386602870813,22512.15980861244,282.42870813397127,8.045933014354066,59.49454865222679,86.24149221206315,535.3971291866029,18.24306220095694,126.23701750989474,189.06792419275598,8.003827751196173,536.8306220095694,84.98639344274737,145.9562784826402,45892.47543533634,94.69315748574832,59.49454865222679,126.23701750989474,0
2018-02-03 05:19:00,2018-02-03 05:20:00,CIC,1028,11704.863813229573,23823861.913424123,20.41536964980545,20987.0,11023.832684824903,11332500.0,,0.0,13851474386257.543,,,9.376459143968871,11.038910505836576,564.0476653696498,10459.785019455252,128700.11944370114,10683.30984858738,15144949.832865309,993928.0334366484,17965046.7422179,14681681.898832684,8397.850863199756,2254.282011239228,0.30544747081712065,0.0038910505836575876,0.02237354085603113,0.301556420233463,0.5107003891050583,0.3326848249027237,0.04182879377431906,0.0,0.301556420233463,14037.793774319067,22372.110894941634,282.3356031128405,5.319066147859922,57.498965313589494,87.18409232501071,513.9824902723735,13.34727626459144,122.05383007325875,181.68239861836577,5.262645914396887,518.9221789883269,84.4718156041751,142.11413551517606,44739.25960015913,92.02577847314299,57.498965313589494,122.05383007325875,0
2018-02-03 05:20:00,2018-02-03 05:21:00,CIC,1312,10276.129573170732,16961803.676829267,9.516006097560975,12485.0,1516.750762195122,1989977.0,,0.0,4541418146362.512,,,5.538109756097561,3.9778963414634148,488.8658536585366,1027.8849085365853,204956.51931599388,32620.32379848511,11629291.282291519,513582.62324972195,13125150.358993903,11393934.359756097,30714.074242671417,1632.7559874840524,0.3589939024390244,0.009146341463414634,0.040396341463414635,0.2820121951219512,0.4649390243902439,0.2934451219512195,0.026676829268292682,0.0,0.2820121951219512,12557.379573170732,21835.98018292683,269.2888719512195,9.108231707317072,57.77479900409528,82.02962925317226,484.4428353658537,22.92530487804878,117.62238863303352,167.80038422155488,9.079268292682928,487.8094512195122,80.61304468866388,133.10763494556707,40073.31205648082,90.82337307836814,57.77479900409528,117.62238863303352,0
2018-02-03 05:21:00,2018-02-03 05:22:00,CIC,1733,8178.391229082516,22187276.344489325,20.309867282169648,35197.0,10375.392383150605,17980555.0,,0.0,13085135828599.111,,,9.22792844777842,11.081938834391229,564.863819965378,9810.528563185228,119813.88833100465,14258.250521060789,8702222.813565422,1101339.9473238185,11750725.418926716,8179928.817080208,12736.241572067756,1464.4164771805897,0.47316791690709753,0.002308136180034622,0.03231390652048471,0.19099826889786498,0.4593190998268898,0.2267743796884016,0.025966532025389497,0.0,0.19099826889786498,10115.461050201962,16144.759376803231,260.76283900750144,12.72071552221581,56.854635603246976,78.12542403510618,531.533756491633,34.032313906520486,162.7766101722158,184.31526807701673,12.552798615118292,537.3658395845355,104.48724340807502,158.33581872814486,57474.72124518718,117.12231227642124,56.854635603246976,162.77661017279286,0
2018-02-03 05:22:00,2018-02-03 05:23:00,CIC,1673,8549.062761506277,20610363.480573818,13.343693962940824,22324.0,4812.653915122534,8051570.0,,0.0,9821988241084.809,,,6.800358637178721,6.543335325762104,468.74118350268975,4343.912731619845,189930.36413169676,19167.475013427797,9728344.628544077,885435.5545865133,12490486.893604303,9348254.631201435,15695.875303446177,3322.659378091131,0.44411237298266587,0.005977286312014346,0.031679617453676034,0.20502092050209206,0.42498505678421994,0.24626419605499103,0.02630005977286312,0.0,0.20502092050209206,9756.75134488942,15369.493126120742,238.4190077704722,12.622833233711894,54.1418386255541,71.35898379096832,474.3466826060968,31.188882247459652,143.91741877596533,167.2494890356485,12.540944411237298,480.9503885236103,93.5743864557065,141.850806069743,50251.312770421784,105.87258589616258,54.1418386255541,143.91741877596533,0
2018-02-03 05:23:00,2018-02-03 05:24:00,CIC,1061,14908.947219604148,20012981.737040527,16.388312912346844,17388.0,9822.37040527804,10421535.0,,0.0,4400586607981.794,,,6.737983034872761,9.65032987747408,482.8878416588124,9339.482563619227,221624.05514975198,25956.113214797835,14066500.874100525,546243.8960608687,15532674.174363807,13780315.816211121,21867.800826533,4014.920927767232,0.32045240339302544,0.002827521206409048,0.036757775683317624,0.25070688030160226,0.4297832233741753,0.43072573044297835,0.08011310084825636,0.0,0.25070688030160226,13633.450518378888,19928.195098963242,253.90103675777567,4.87181903864279,50.62408429595287,78.55670647090292,426.4147031102733,10.582469368520265,101.18356394483507,148.15781481176248,4.8454288407163055,436.4062205466541,73.89033366840717,117.81543876639773,35738.90203249527,80.76685329184448,50.62408429595287,101.18356394483507,0
2018-02-03 05:24:00,2018-02-03 05:25:00,CIC,1923,8927.06864274571,17584746.80603224,11.026521060842434,21204.0,3027.171086843474,5821250.0,,0.0,7886409468543.881,,,5.740509620384816,5.286011440457618,442.24700988039524,2584.9240769630787,396354.2435536656,23907.125120202672,7754390.7031732695,864169.3386337011,10497546.183567343,7393684.355174207,21001.975914943276,2644.072955945481,0.49817992719708787,0.003640145605824233,0.033281331253250133,0.15340613624544983,0.4118564742589704,0.2735309412376495,0.0265210608424337,0.0,0.15340613624544983,9183.873114924598,12881.967758710349,222.65366614664586,12.620904836193448,52.35331491882683,68.84975839187156,469.66250650026,33.85907436297452,153.731063749948,167.5374726071659,12.59074362974519,473.9386375455018,99.43669181086688,145.43940285173792,54606.12749883097,112.59262212125482,52.35331491882683,153.731063749948,0
2018-02-03 05:25:00,2018-02-03 05:26:00,CIC,1183,12425.864750633982,20023674.0,15.434488588334743,18259.0,8475.972104818258,10027075.0,,0.0,9420294679036.072,,,6.646661031276416,8.787827557058327,529.6001690617076,7946.3719357565515,174131.6656697123,29476.345252954787,13720210.526913812,530990.0401422309,14961400.681318682,13412993.82079459,27083.897689750687,2267.8645317464006,0.2180896027049873,0.00507185122569738,0.04564666103127642,0.27472527472527475,0.49535080304311074,0.37193575655114114,0.04818258664412511,0.0,0.27472527472527475,13345.06339814032,23752.524091293322,278.84615384615387,3.985629754860524,55.77405126764835,86.6099199648377,482.4742180896027,9.409129332206255,104.75980296481319,171.86308278678698,3.9585798816568047,488.6348267117498,74.58243524286813,131.15071181445646,38736.23836143112,81.68949982607862,55.77405126764835,104.75980296481319,0
2018-02-03 05:26:00,2018-02-03 05:27:00,CIC,1459,9038.213845099383,16051232.19259767,10.498971898560658,15318.0,2233.209047292666,3258252.0,,0.0,10616777977729.984,,,5.814256339958876,4.684715558601782,469.4379712131597,1763.7710760795064,92490.26557989881,15707.30573229992,9774188.31720895,777682.6920125071,11949724.505825909,9428535.37217272,13961.49122131437,1713.517103667383,0.37834132967786155,0.0006854009595613434,0.021247429746401644,0.23783413296778616,0.4873200822481151,0.295407813570939,0.023303632625085675,0.0,0.23783413296778616,11325.778615490062,18546.135023989034,249.68197395476355,8.364633310486635,54.56400454009664,77.91754027862851,466.34201507882113,19.976010966415352,118.52909461367581,167.0527518529472,8.342700479780671,469.90335846470185,79.79941062420973,131.93771414250855,40649.813832242595,89.31505901666964,54.56400454009664,118.52909461367581,0
2018-02-03 05:27:00,2018-02-03 05:28:00,CIC,1477,8987.125253893026,16908572.31888964,14.85781990521327,21945.0,7468.09884901828,11030382.0,,0.0,6823696223793.376,,,6.637779282329046,8.220040622884225,484.40893703452946,6983.689911983751,198977.7892123476,23895.02873492183,9116492.61344403,680328.2428504431,11192947.394719025,8822971.505077861,22392.67227996193,1356.7537070692986,0.3818551117129316,0.003385240352064997,0.040622884224779957,0.2660798916723087,0.4515910629654705,0.27352742044685174,0.021665538253215978,0.0,0.2660798916723087,10566.810426540284,17981.974272173324,249.1828029790115,10.127962085308058,56.077617733385914,76.89134662424036,469.2708192281652,24.07244414353419,122.96936628418416,165.28610079077183,10.106973595125254,476.3236289776574,83.0494357031977,133.54166661368924,42100.42603933866,93.950747882283,56.077617733385914,122.96936628418416,0
2018-02-03 05:28:00,2018-02-03 05:29:00,CIC,2126,6147.077610536218,14629824.62841016,10.485418626528693,22292.0,2504.0155221072437,5323537.0,,0.0,8959759911486.172,,,5.5136406396989655,4.971777986829728,450.22295390404514,2053.7925682031987,180255.698863053,11719.396325078931,5847149.6723322775,1005849.784857471,9425160.514581373,5469351.6707431795,10135.883717952205,1544.9256955455267,0.5517403574788335,0.0023518344308560675,0.022107243650047036,0.17685794920037629,0.4129821260583255,0.16745061147695203,0.020696142991533398,0.0,0.17685794920037629,6582.034807149576,12706.075258701787,229.40122295390404,15.921448730009407,56.15872079721213,69.55512468627282,487.20978363123237,38.890874882408276,156.65563741363124,173.2566176655969,15.920978363123236,492.19661335841954,100.39205688735653,148.45705866217074,53953.68247058706,114.92135297271308,56.15872079721213,156.65563741363124,0
2018-02-03 05:29:00,2018-02-03 05:30:00,CIC,1835,6865.603814713896,3033284.498092643,14.92207084468665,27382.0,7885.948773841962,14470716.0,,0.0,1775449210640.8152,,,6.7460490463215255,8.176021798365122,405.7198910081744,7480.228882833788,362391.21192844916,34663.460723892684,562876.449130288,318584.9536758836,1483630.034877384,409572.5634877384,31893.621296257403,2429.8163797569737,0.420708446866485,0.006539509536784741,0.037057220708446865,0.1983651226158038,0.5220708446866485,0.33678474114441415,0.03487738419618529,0.0,0.1983651226158038,5469.3536784741145,15663.735694822888,228.02288828337873,5.712261580381472,52.96829051962343,78.73273061770736,448.91062670299726,14.037602179836512,113.98819912598366,171.10814466907354,5.694277929155313,452.67465940054495,78.25491720508448,133.57916980927303,39126.132869383466,87.37954644733242,52.96829051962343,113.98819912598366,0
2018-02-03 05:30:00,2018-02-03 05:31:00,CIC,259,6258.359073359074,840530.5250965251,166.54054054054055,43134.0,1910.4903474903474,494817.0,,0.0,116687283183.45209,,,50.22393822393823,116.31660231660231,1018.2818532818533,892.2084942084942,42386.35528997591,8772.337786163873,87435.47718684518,99634.60695521305,476723.3166023166,33272.40540540541,5418.377562728007,3353.9602231068807,10.50965250965251,0.007722007722007722,0.007722007722007722,0.2084942084942085,0.4594594594594595,0.1274131274131274,0.06563706563706563,0.0,0.2084942084942085,4171.285714285715,14445.11196911197,348.65250965250965,10.563706563706564,99.88034912621622,124.0445004130502,504.27799227799227,19.826254826254825,80.3382692272857,119.2117122699614,10.563706563706564,510.4092664092664,54.220326463783785,98.74295810647877,25972.102668929805,63.89279528202317,99.88034912621622,80.3382692272857,0
2018-02-03 05:31:00,2018-02-03 05:32:00,CIC,0,,,,0.0,,0.0,,0.0,,,,,,,,,,,,,,,,,,,,,,,,,,,,,,,,,,,,,,,,,,,0
2018-02-03 05:32:00,2018-02-03 05:33:00,CIC,0,,,,0.0,,0.0,,0.0,,,,,,,,,,,,,,,,,,,,,,,,,,,,,,,,,,,,,,,,,,,0
2018-02-03 05:33:00,2018-02-03 05:34:00,CIC,0,,,,0.0,,0.0,,0.0,,,,,,,,,,,,,,,,,,,,,,,,,,,,,,,,,,,,,,,,,,,0
2018-02-03 05:34:00,2018-02-03 05:35:00,CIC,0,,,,0.0,,0.0,,0.0,,,,,,,,,,,,,,,,,,,,,,,,,,,,,,,,,,,,,,,,,,,0
2018-02-03 05:35:00,2018-02-03 05:36:00,CIC,0,,,,0.0,,0.0,,0.0,,,,,,,,,,,,,,,,,,,,,,,,,,,,,,,,,,,,,,,,,,,0
2018-02-03 05:36:00,2018-02-03 05:37:00,CIC,0,,,,0.0,,0.0,,0.0,,,,,,,,,,,,,,,,,,,,,,,,,,,,,,,,,,,,,,,,,,,0
2018-02-03 05:37:00,2018-02-03 05:38:00,CIC,0,,,,0.0,,0.0,,0.0,,,,,,,,,,,,,,,,,,,,,,,,,,,,,,,,,,,,,,,,,,,0
2018-02-03 05:38:00,2018-02-03 05:39:00,CIC,0,,,,0.0,,0.0,,0.0,,,,,,,,,,,,,,,,,,,,,,,,,,,,,,,,,,,,,,,,,,,0
2018-02-03 05:39:00,2018-02-03 05:40:00,CIC,0,,,,0.0,,0.0,,0.0,,,,,,,,,,,,,,,,,,,,,,,,,,,,,,,,,,,,,,,,,,,0
2018-02-03 05:40:00,2018-02-03 05:41:00,CIC,0,,,,0.0,,0.0,,0.0,,,,,,,,,,,,,,,,,,,,,,,,,,,,,,,,,,,,,,,,,,,0
2018-02-03 05:41:00,2018-02-03 05:42:00,CIC,0,,,,0.0,,0.0,,0.0,,,,,,,,,,,,,,,,,,,,,,,,,,,,,,,,,,,,,,,,,,,0
2018-02-03 05:42:00,2018-02-03 05:43:00,CIC,0,,,,0.0,,0.0,,0.0,,,,,,,,,,,,,,,,,,,,,,,,,,,,,,,,,,,,,,,,,,,0
2018-02-03 05:43:00,2018-02-03 05:44:00,CIC,0,,,,0.0,,0.0,,0.0,,,,,,,,,,,,,,,,,,,,,,,,,,,,,,,,,,,,,,,,,,,0
2018-02-03 05:44:00,2018-02-03 05:45:00,CIC,0,,,,0.0,,0.0,,0.0,,,,,,,,,,,,,,,,,,,,,,,,,,,,,,,,,,,,,,,,,,,0
2018-02-03 05:45:00,2018-02-03 05:46:00,CIC,0,,,,0.0,,0.0,,0.0,,,,,,,,,,,,,,,,,,,,,,,,,,,,,,,,,,,,,,,,,,,0
2018-02-03 05:46:00,2018-02-03 05:47:00,CIC,0,,,,0.0,,0.0,,0.0,,,,,,,,,,,,,,,,,,,,,,,,,,,,,,,,,,,,,,,,,,,0
2018-02-03 05:47:00,2018-02-03 05:48:00,CIC,0,,,,0.0,,0.0,,0.0,,,,,,,,,,,,,,,,,,,,,,,,,,,,,,,,,,,,,,,,,,,0
2018-02-03 05:48:00,2018-02-03 05:49:00,CIC,0,,,,0.0,,0.0,,0.0,,,,,,,,,,,,,,,,,,,,,,,,,,,,,,,,,,,,,,,,,,,0
2018-02-03 05:49:00,2018-02-03 05:50:00,CIC,0,,,,0.0,,0.0,,0.0,,,,,,,,,,,,,,,,,,,,,,,,,,,,,,,,,,,,,,,,,,,0
2018-02-03 05:50:00,2018-02-03 05:51:00,CIC,0,,,,0.0,,0.0,,0.0,,,,,,,,,,,,,,,,,,,,,,,,,,,,,,,,,,,,,,,,,,,0
2018-02-03 05:51:00,2018-02-03 05:52:00,CIC,0,,,,0.0,,0.0,,0.0,,,,,,,,,,,,,,,,,,,,,,,,,,,,,,,,,,,,,,,,,,,0
2018-02-03 05:52:00,2018-02-03 05:53:00,CIC,0,,,,0.0,,0.0,,0.0,,,,,,,,,,,,,,,,,,,,,,,,,,,,,,,,,,,,,,,,,,,0
2018-02-03 05:53:00,2018-02-03 05:54:00,CIC,0,,,,0.0,,0.0,,0.0,,,,,,,,,,,,,,,,,,,,,,,,,,,,,,,,,,,,,,,,,,,0
2018-02-03 05:54:00,2018-02-03 05:55:00,CIC,0,,,,0.0,,0.0,,0.0,,,,,,,,,,,,,,,,,,,,,,,,,,,,,,,,,,,,,,,,,,,0
2018-02-03 05:55:00,2018-02-03 05:56:00,CIC,0,,,,0.0,,0.0,,0.0,,,,,,,,,,,,,,,,,,,,,,,,,,,,,,,,,,,,,,,,,,,0
2018-02-03 05:56:00,2018-02-03 05:57:00,CIC,0,,,,0.0,,0.0,,0.0,,,,,,,,,,,,,,,,,,,,,,,,,,,,,,,,,,,,,,,,,,,0
2018-02-03 05:57:00,2018-02-03 05:58:00,CIC,0,,,,0.0,,0.0,,0.0,,,,,,,,,,,,,,,,,,,,,,,,,,,,,,,,,,,,,,,,,,,0
2018-02-03 05:58:00,2018-02-03 05:59:00,CIC,0,,,,0.0,,0.0,,0.0,,,,,,,,,,,,,,,,,,,,,,,,,,,,,,,,,,,,,,,,,,,0
2018-02-03 05:59:00,2018-02-03 06:00:00,CIC,0,,,,0.0,,0.0,,0.0,,,,,,,,,,,,,,,,,,,,,,,,,,,,,,,,,,,,,,,,,,,0
2018-02-03 06:00:00,2018-02-03 06:01:00,CIC,0,,,,0.0,,0.0,,0.0,,,,,,,,,,,,,,,,,,,,,,,,,,,,,,,,,,,,,,,,,,,0
2018-02-03 06:01:00,2018-02-03 06:02:00,CIC,0,,,,0.0,,0.0,,0.0,,,,,,,,,,,,,,,,,,,,,,,,,,,,,,,,,,,,,,,,,,,0
2018-02-03 06:02:00,2018-02-03 06:03:00,CIC,0,,,,0.0,,0.0,,0.0,,,,,,,,,,,,,,,,,,,,,,,,,,,,,,,,,,,,,,,,,,,0
2018-02-03 06:03:00,2018-02-03 06:04:00,CIC,0,,,,0.0,,0.0,,0.0,,,,,,,,,,,,,,,,,,,,,,,,,,,,,,,,,,,,,,,,,,,0
2018-02-03 06:04:00,2018-02-03 06:05:00,CIC,0,,,,0.0,,0.0,,0.0,,,,,,,,,,,,,,,,,,,,,,,,,,,,,,,,,,,,,,,,,,,0
2018-02-03 06:05:00,2018-02-03 06:06:00,CIC,0,,,,0.0,,0.0,,0.0,,,,,,,,,,,,,,,,,,,,,,,,,,,,,,,,,,,,,,,,,,,0
2018-02-03 06:06:00,2018-02-03 06:07:00,CIC,0,,,,0.0,,0.0,,0.0,,,,,,,,,,,,,,,,,,,,,,,,,,,,,,,,,,,,,,,,,,,0
2018-02-03 06:07:00,2018-02-03 06:08:00,CIC,0,,,,0.0,,0.0,,0.0,,,,,,,,,,,,,,,,,,,,,,,,,,,,,,,,,,,,,,,,,,,0
2018-02-03 06:08:00,2018-02-03 06:09:00,CIC,0,,,,0.0,,0.0,,0.0,,,,,,,,,,,,,,,,,,,,,,,,,,,,,,,,,,,,,,,,,,,0
2018-02-03 06:09:00,2018-02-03 06:10:00,CIC,0,,,,0.0,,0.0,,0.0,,,,,,,,,,,,,,,,,,,,,,,,,,,,,,,,,,,,,,,,,,,0
2018-02-03 06:10:00,2018-02-03 06:11:00,CIC,0,,,,0.0,,0.0,,0.0,,,,,,,,,,,,,,,,,,,,,,,,,,,,,,,,,,,,,,,,,,,0
2018-02-03 06:11:00,2018-02-03 06:12:00,CIC,0,,,,0.0,,0.0,,0.0,,,,,,,,,,,,,,,,,,,,,,,,,,,,,,,,,,,,,,,,,,,0
2018-02-03 06:12:00,2018-02-03 06:13:00,CIC,0,,,,0.0,,0.0,,0.0,,,,,,,,,,,,,,,,,,,,,,,,,,,,,,,,,,,,,,,,,,,0
2018-02-03 06:13:00,2018-02-03 06:14:00,CIC,0,,,,0.0,,0.0,,0.0,,,,,,,,,,,,,,,,,,,,,,,,,,,,,,,,,,,,,,,,,,,0
2018-02-03 06:14:00,2018-02-03 06:15:00,CIC,0,,,,0.0,,0.0,,0.0,,,,,,,,,,,,,,,,,,,,,,,,,,,,,,,,,,,,,,,,,,,0
2018-02-03 06:15:00,2018-02-03 06:16:00,CIC,0,,,,0.0,,0.0,,0.0,,,,,,,,,,,,,,,,,,,,,,,,,,,,,,,,,,,,,,,,,,,0
2018-02-03 06:16:00,2018-02-03 06:17:00,CIC,0,,,,0.0,,0.0,,0.0,,,,,,,,,,,,,,,,,,,,,,,,,,,,,,,,,,,,,,,,,,,0
2018-02-03 06:17:00,2018-02-03 06:18:00,CIC,0,,,,0.0,,0.0,,0.0,,,,,,,,,,,,,,,,,,,,,,,,,,,,,,,,,,,,,,,,,,,0
2018-02-03 06:18:00,2018-02-03 06:19:00,CIC,0,,,,0.0,,0.0,,0.0,,,,,,,,,,,,,,,,,,,,,,,,,,,,,,,,,,,,,,,,,,,0
2018-02-03 06:19:00,2018-02-03 06:20:00,CIC,0,,,,0.0,,0.0,,0.0,,,,,,,,,,,,,,,,,,,,,,,,,,,,,,,,,,,,,,,,,,,0
2018-02-03 06:20:00,2018-02-03 06:21:00,CIC,0,,,,0.0,,0.0,,0.0,,,,,,,,,,,,,,,,,,,,,,,,,,,,,,,,,,,,,,,,,,,0
2018-02-03 06:21:00,2018-02-03 06:22:00,CIC,0,,,,0.0,,0.0,,0.0,,,,,,,,,,,,,,,,,,,,,,,,,,,,,,,,,,,,,,,,,,,0
2018-02-03 06:22:00,2018-02-03 06:23:00,CIC,0,,,,0.0,,0.0,,0.0,,,,,,,,,,,,,,,,,,,,,,,,,,,,,,,,,,,,,,,,,,,0
2018-02-03 06:23:00,2018-02-03 06:24:00,CIC,0,,,,0.0,,0.0,,0.0,,,,,,,,,,,,,,,,,,,,,,,,,,,,,,,,,,,,,,,,,,,0
2018-02-03 06:24:00,2018-02-03 06:25:00,CIC,0,,,,0.0,,0.0,,0.0,,,,,,,,,,,,,,,,,,,,,,,,,,,,,,,,,,,,,,,,,,,0
2018-02-03 06:25:00,2018-02-03 06:26:00,CIC,0,,,,0.0,,0.0,,0.0,,,,,,,,,,,,,,,,,,,,,,,,,,,,,,,,,,,,,,,,,,,0
2018-02-03 06:26:00,2018-02-03 06:27:00,CIC,0,,,,0.0,,0.0,,0.0,,,,,,,,,,,,,,,,,,,,,,,,,,,,,,,,,,,,,,,,,,,0
2018-02-03 06:27:00,2018-02-03 06:28:00,CIC,0,,,,0.0,,0.0,,0.0,,,,,,,,,,,,,,,,,,,,,,,,,,,,,,,,,,,,,,,,,,,0
2018-02-03 06:28:00,2018-02-03 06:29:00,CIC,0,,,,0.0,,0.0,,0.0,,,,,,,,,,,,,,,,,,,,,,,,,,,,,,,,,,,,,,,,,,,0
2018-02-03 06:29:00,2018-02-03 06:30:00,CIC,0,,,,0.0,,0.0,,0.0,,,,,,,,,,,,,,,,,,,,,,,,,,,,,,,,,,,,,,,,,,,0
2018-02-03 06:30:00,2018-02-03 06:31:00,CIC,0,,,,0.0,,0.0,,0.0,,,,,,,,,,,,,,,,,,,,,,,,,,,,,,,,,,,,,,,,,,,0
2018-02-03 06:31:00,2018-02-03 06:32:00,CIC,0,,,,0.0,,0.0,,0.0,,,,,,,,,,,,,,,,,,,,,,,,,,,,,,,,,,,,,,,,,,,0
2018-02-03 06:32:00,2018-02-03 06:33:00,CIC,0,,,,0.0,,0.0,,0.0,,,,,,,,,,,,,,,,,,,,,,,,,,,,,,,,,,,,,,,,,,,0
2018-02-03 06:33:00,2018-02-03 06:34:00,CIC,0,,,,0.0,,0.0,,0.0,,,,,,,,,,,,,,,,,,,,,,,,,,,,,,,,,,,,,,,,,,,0
2018-02-03 06:34:00,2018-02-03 06:35:00,CIC,0,,,,0.0,,0.0,,0.0,,,,,,,,,,,,,,,,,,,,,,,,,,,,,,,,,,,,,,,,,,,0
2018-02-03 06:35:00,2018-02-03 06:36:00,CIC,0,,,,0.0,,0.0,,0.0,,,,,,,,,,,,,,,,,,,,,,,,,,,,,,,,,,,,,,,,,,,0
2018-02-03 06:36:00,2018-02-03 06:37:00,CIC,0,,,,0.0,,0.0,,0.0,,,,,,,,,,,,,,,,,,,,,,,,,,,,,,,,,,,,,,,,,,,0
2018-02-03 06:37:00,2018-02-03 06:38:00,CIC,0,,,,0.0,,0.0,,0.0,,,,,,,,,,,,,,,,,,,,,,,,,,,,,,,,,,,,,,,,,,,0
2018-02-03 06:38:00,2018-02-03 06:39:00,CIC,0,,,,0.0,,0.0,,0.0,,,,,,,,,,,,,,,,,,,,,,,,,,,,,,,,,,,,,,,,,,,0
2018-02-03 06:39:00,2018-02-03 06:40:00,CIC,0,,,,0.0,,0.0,,0.0,,,,,,,,,,,,,,,,,,,,,,,,,,,,,,,,,,,,,,,,,,,0
2018-02-03 06:40:00,2018-02-03 06:41:00,CIC,0,,,,0.0,,0.0,,0.0,,,,,,,,,,,,,,,,,,,,,,,,,,,,,,,,,,,,,,,,,,,0
2018-02-03 06:41:00,2018-02-03 06:42:00,CIC,0,,,,0.0,,0.0,,0.0,,,,,,,,,,,,,,,,,,,,,,,,,,,,,,,,,,,,,,,,,,,0
2018-02-03 06:42:00,2018-02-03 06:43:00,CIC,0,,,,0.0,,0.0,,0.0,,,,,,,,,,,,,,,,,,,,,,,,,,,,,,,,,,,,,,,,,,,0
2018-02-03 06:43:00,2018-02-03 06:44:00,CIC,0,,,,0.0,,0.0,,0.0,,,,,,,,,,,,,,,,,,,,,,,,,,,,,,,,,,,,,,,,,,,0
2018-02-03 06:44:00,2018-02-03 06:45:00,CIC,0,,,,0.0,,0.0,,0.0,,,,,,,,,,,,,,,,,,,,,,,,,,,,,,,,,,,,,,,,,,,0
2018-02-03 06:45:00,2018-02-03 06:46:00,CIC,0,,,,0.0,,0.0,,0.0,,,,,,,,,,,,,,,,,,,,,,,,,,,,,,,,,,,,,,,,,,,0
2018-02-03 06:46:00,2018-02-03 06:47:00,CIC,0,,,,0.0,,0.0,,0.0,,,,,,,,,,,,,,,,,,,,,,,,,,,,,,,,,,,,,,,,,,,0
2018-02-03 06:47:00,2018-02-03 06:48:00,CIC,0,,,,0.0,,0.0,,0.0,,,,,,,,,,,,,,,,,,,,,,,,,,,,,,,,,,,,,,,,,,,0
2018-02-03 06:48:00,2018-02-03 06:49:00,CIC,0,,,,0.0,,0.0,,0.0,,,,,,,,,,,,,,,,,,,,,,,,,,,,,,,,,,,,,,,,,,,0
2018-02-03 06:49:00,2018-02-03 06:50:00,CIC,0,,,,0.0,,0.0,,0.0,,,,,,,,,,,,,,,,,,,,,,,,,,,,,,,,,,,,,,,,,,,0
2018-02-03 06:50:00,2018-02-03 06:51:00,CIC,0,,,,0.0,,0.0,,0.0,,,,,,,,,,,,,,,,,,,,,,,,,,,,,,,,,,,,,,,,,,,0
2018-02-03 06:51:00,2018-02-03 06:52:00,CIC,0,,,,0.0,,0.0,,0.0,,,,,,,,,,,,,,,,,,,,,,,,,,,,,,,,,,,,,,,,,,,0
2018-02-03 06:52:00,2018-02-03 06:53:00,CIC,0,,,,0.0,,0.0,,0.0,,,,,,,,,,,,,,,,,,,,,,,,,,,,,,,,,,,,,,,,,,,0
2018-02-03 06:53:00,2018-02-03 06:54:00,CIC,0,,,,0.0,,0.0,,0.0,,,,,,,,,,,,,,,,,,,,,,,,,,,,,,,,,,,,,,,,,,,0
2018-02-03 06:54:00,2018-02-03 06:55:00,CIC,0,,,,0.0,,0.0,,0.0,,,,,,,,,,,,,,,,,,,,,,,,,,,,,,,,,,,,,,,,,,,0
2018-02-03 06:55:00,2018-02-03 06:56:00,CIC,0,,,,0.0,,0.0,,0.0,,,,,,,,,,,,,,,,,,,,,,,,,,,,,,,,,,,,,,,,,,,0
2018-02-03 06:56:00,2018-02-03 06:57:00,CIC,0,,,,0.0,,0.0,,0.0,,,,,,,,,,,,,,,,,,,,,,,,,,,,,,,,,,,,,,,,,,,0
2018-02-03 06:57:00,2018-02-03 06:58:00,CIC,0,,,,0.0,,0.0,,0.0,,,,,,,,,,,,,,,,,,,,,,,,,,,,,,,,,,,,,,,,,,,0
2018-02-03 06:58:00,2018-02-03 06:59:00,CIC,0,,,,0.0,,0.0,,0.0,,,,,,,,,,,,,,,,,,,,,,,,,,,,,,,,,,,,,,,,,,,0
2018-02-03 06:59:00,2018-02-03 07:00:00,CIC,0,,,,0.0,,0.0,,0.0,,,,,,,,,,,,,,,,,,,,,,,,,,,,,,,,,,,,,,,,,,,0
2018-02-03 07:00:00,2018-02-03 07:01:00,CIC,0,,,,0.0,,0.0,,0.0,,,,,,,,,,,,,,,,,,,,,,,,,,,,,,,,,,,,,,,,,,,0
2018-02-03 07:01:00,2018-02-03 07:02:00,CIC,0,,,,0.0,,0.0,,0.0,,,,,,,,,,,,,,,,,,,,,,,,,,,,,,,,,,,,,,,,,,,0
2018-02-03 07:02:00,2018-02-03 07:03:00,CIC,0,,,,0.0,,0.0,,0.0,,,,,,,,,,,,,,,,,,,,,,,,,,,,,,,,,,,,,,,,,,,0
2018-02-03 07:03:00,2018-02-03 07:04:00,CIC,0,,,,0.0,,0.0,,0.0,,,,,,,,,,,,,,,,,,,,,,,,,,,,,,,,,,,,,,,,,,,0
2018-02-03 07:04:00,2018-02-03 07:05:00,CIC,0,,,,0.0,,0.0,,0.0,,,,,,,,,,,,,,,,,,,,,,,,,,,,,,,,,,,,,,,,,,,0
2018-02-03 07:05:00,2018-02-03 07:06:00,CIC,0,,,,0.0,,0.0,,0.0,,,,,,,,,,,,,,,,,,,,,,,,,,,,,,,,,,,,,,,,,,,0
2018-02-03 07:06:00,2018-02-03 07:07:00,CIC,0,,,,0.0,,0.0,,0.0,,,,,,,,,,,,,,,,,,,,,,,,,,,,,,,,,,,,,,,,,,,0
2018-02-03 07:07:00,2018-02-03 07:08:00,CIC,0,,,,0.0,,0.0,,0.0,,,,,,,,,,,,,,,,,,,,,,,,,,,,,,,,,,,,,,,,,,,0
2018-02-03 07:08:00,2018-02-03 07:09:00,CIC,0,,,,0.0,,0.0,,0.0,,,,,,,,,,,,,,,,,,,,,,,,,,,,,,,,,,,,,,,,,,,0
2018-02-03 07:09:00,2018-02-03 07:10:00,CIC,0,,,,0.0,,0.0,,0.0,,,,,,,,,,,,,,,,,,,,,,,,,,,,,,,,,,,,,,,,,,,0
2018-02-03 07:10:00,2018-02-03 07:11:00,CIC,0,,,,0.0,,0.0,,0.0,,,,,,,,,,,,,,,,,,,,,,,,,,,,,,,,,,,,,,,,,,,0
2018-02-03 07:11:00,2018-02-03 07:12:00,CIC,0,,,,0.0,,0.0,,0.0,,,,,,,,,,,,,,,,,,,,,,,,,,,,,,,,,,,,,,,,,,,0
2018-02-03 07:12:00,2018-02-03 07:13:00,CIC,0,,,,0.0,,0.0,,0.0,,,,,,,,,,,,,,,,,,,,,,,,,,,,,,,,,,,,,,,,,,,0
2018-02-03 07:13:00,2018-02-03 07:14:00,CIC,0,,,,0.0,,0.0,,0.0,,,,,,,,,,,,,,,,,,,,,,,,,,,,,,,,,,,,,,,,,,,0
2018-02-03 07:14:00,2018-02-03 07:15:00,CIC,0,,,,0.0,,0.0,,0.0,,,,,,,,,,,,,,,,,,,,,,,,,,,,,,,,,,,,,,,,,,,0
2018-02-03 07:15:00,2018-02-03 07:16:00,CIC,0,,,,0.0,,0.0,,0.0,,,,,,,,,,,,,,,,,,,,,,,,,,,,,,,,,,,,,,,,,,,0
2018-02-03 07:16:00,2018-02-03 07:17:00,CIC,0,,,,0.0,,0.0,,0.0,,,,,,,,,,,,,,,,,,,,,,,,,,,,,,,,,,,,,,,,,,,0
2018-02-03 07:17:00,2018-02-03 07:18:00,CIC,0,,,,0.0,,0.0,,0.0,,,,,,,,,,,,,,,,,,,,,,,,,,,,,,,,,,,,,,,,,,,0
2018-02-03 07:18:00,2018-02-03 07:19:00,CIC,0,,,,0.0,,0.0,,0.0,,,,,,,,,,,,,,,,,,,,,,,,,,,,,,,,,,,,,,,,,,,0
2018-02-03 07:19:00,2018-02-03 07:20:00,CIC,0,,,,0.0,,0.0,,0.0,,,,,,,,,,,,,,,,,,,,,,,,,,,,,,,,,,,,,,,,,,,0
2018-02-03 07:20:00,2018-02-03 07:21:00,CIC,0,,,,0.0,,0.0,,0.0,,,,,,,,,,,,,,,,,,,,,,,,,,,,,,,,,,,,,,,,,,,0
2018-02-03 07:21:00,2018-02-03 07:22:00,CIC,0,,,,0.0,,0.0,,0.0,,,,,,,,,,,,,,,,,,,,,,,,,,,,,,,,,,,,,,,,,,,0
2018-02-03 07:22:00,2018-02-03 07:23:00,CIC,0,,,,0.0,,0.0,,0.0,,,,,,,,,,,,,,,,,,,,,,,,,,,,,,,,,,,,,,,,,,,0
2018-02-03 07:23:00,2018-02-03 07:24:00,CIC,0,,,,0.0,,0.0,,0.0,,,,,,,,,,,,,,,,,,,,,,,,,,,,,,,,,,,,,,,,,,,0
2018-02-03 07:24:00,2018-02-03 07:25:00,CIC,0,,,,0.0,,0.0,,0.0,,,,,,,,,,,,,,,,,,,,,,,,,,,,,,,,,,,,,,,,,,,0
2018-02-03 07:25:00,2018-02-03 07:26:00,CIC,0,,,,0.0,,0.0,,0.0,,,,,,,,,,,,,,,,,,,,,,,,,,,,,,,,,,,,,,,,,,,0
2018-02-03 07:26:00,2018-02-03 07:27:00,CIC,0,,,,0.0,,0.0,,0.0,,,,,,,,,,,,,,,,,,,,,,,,,,,,,,,,,,,,,,,,,,,0
2018-02-03 07:27:00,2018-02-03 07:28:00,CIC,0,,,,0.0,,0.0,,0.0,,,,,,,,,,,,,,,,,,,,,,,,,,,,,,,,,,,,,,,,,,,0
2018-02-03 07:28:00,2018-02-03 07:29:00,CIC,0,,,,0.0,,0.0,,0.0,,,,,,,,,,,,,,,,,,,,,,,,,,,,,,,,,,,,,,,,,,,0
2018-02-03 07:29:00,2018-02-03 07:30:00,CIC,0,,,,0.0,,0.0,,0.0,,,,,,,,,,,,,,,,,,,,,,,,,,,,,,,,,,,,,,,,,,,0
2018-02-03 07:30:00,2018-02-03 07:31:00,CIC,0,,,,0.0,,0.0,,0.0,,,,,,,,,,,,,,,,,,,,,,,,,,,,,,,,,,,,,,,,,,,0
2018-02-03 07:31:00,2018-02-03 07:32:00,CIC,0,,,,0.0,,0.0,,0.0,,,,,,,,,,,,,,,,,,,,,,,,,,,,,,,,,,,,,,,,,,,0
2018-02-03 07:32:00,2018-02-03 07:33:00,CIC,0,,,,0.0,,0.0,,0.0,,,,,,,,,,,,,,,,,,,,,,,,,,,,,,,,,,,,,,,,,,,0
2018-02-03 07:33:00,2018-02-03 07:34:00,CIC,0,,,,0.0,,0.0,,0.0,,,,,,,,,,,,,,,,,,,,,,,,,,,,,,,,,,,,,,,,,,,0
2018-02-03 07:34:00,2018-02-03 07:35:00,CIC,0,,,,0.0,,0.0,,0.0,,,,,,,,,,,,,,,,,,,,,,,,,,,,,,,,,,,,,,,,,,,0
2018-02-03 07:35:00,2018-02-03 07:36:00,CIC,0,,,,0.0,,0.0,,0.0,,,,,,,,,,,,,,,,,,,,,,,,,,,,,,,,,,,,,,,,,,,0
2018-02-03 07:36:00,2018-02-03 07:37:00,CIC,0,,,,0.0,,0.0,,0.0,,,,,,,,,,,,,,,,,,,,,,,,,,,,,,,,,,,,,,,,,,,0
2018-02-03 07:37:00,2018-02-03 07:38:00,CIC,0,,,,0.0,,0.0,,0.0,,,,,,,,,,,,,,,,,,,,,,,,,,,,,,,,,,,,,,,,,,,0
2018-02-03 07:38:00,2018-02-03 07:39:00,CIC,0,,,,0.0,,0.0,,0.0,,,,,,,,,,,,,,,,,,,,,,,,,,,,,,,,,,,,,,,,,,,0
2018-02-03 07:39:00,2018-02-03 07:40:00,CIC,0,,,,0.0,,0.0,,0.0,,,,,,,,,,,,,,,,,,,,,,,,,,,,,,,,,,,,,,,,,,,0
2018-02-03 07:40:00,2018-02-03 07:41:00,CIC,0,,,,0.0,,0.0,,0.0,,,,,,,,,,,,,,,,,,,,,,,,,,,,,,,,,,,,,,,,,,,0
2018-02-03 07:41:00,2018-02-03 07:42:00,CIC,0,,,,0.0,,0.0,,0.0,,,,,,,,,,,,,,,,,,,,,,,,,,,,,,,,,,,,,,,,,,,0
2018-02-03 07:42:00,2018-02-03 07:43:00,CIC,0,,,,0.0,,0.0,,0.0,,,,,,,,,,,,,,,,,,,,,,,,,,,,,,,,,,,,,,,,,,,0
2018-02-03 07:43:00,2018-02-03 07:44:00,CIC,0,,,,0.0,,0.0,,0.0,,,,,,,,,,,,,,,,,,,,,,,,,,,,,,,,,,,,,,,,,,,0
2018-02-03 07:44:00,2018-02-03 07:45:00,CIC,0,,,,0.0,,0.0,,0.0,,,,,,,,,,,,,,,,,,,,,,,,,,,,,,,,,,,,,,,,,,,0
2018-02-03 07:45:00,2018-02-03 07:46:00,CIC,0,,,,0.0,,0.0,,0.0,,,,,,,,,,,,,,,,,,,,,,,,,,,,,,,,,,,,,,,,,,,0
2018-02-03 07:46:00,2018-02-03 07:47:00,CIC,0,,,,0.0,,0.0,,0.0,,,,,,,,,,,,,,,,,,,,,,,,,,,,,,,,,,,,,,,,,,,0
2018-02-03 07:47:00,2018-02-03 07:48:00,CIC,0,,,,0.0,,0.0,,0.0,,,,,,,,,,,,,,,,,,,,,,,,,,,,,,,,,,,,,,,,,,,0
2018-02-03 07:48:00,2018-02-03 07:49:00,CIC,0,,,,0.0,,0.0,,0.0,,,,,,,,,,,,,,,,,,,,,,,,,,,,,,,,,,,,,,,,,,,0
2018-02-03 07:49:00,2018-02-03 07:50:00,CIC,0,,,,0.0,,0.0,,0.0,,,,,,,,,,,,,,,,,,,,,,,,,,,,,,,,,,,,,,,,,,,0
2018-02-03 07:50:00,2018-02-03 07:51:00,CIC,0,,,,0.0,,0.0,,0.0,,,,,,,,,,,,,,,,,,,,,,,,,,,,,,,,,,,,,,,,,,,0
2018-02-03 07:51:00,2018-02-03 07:52:00,CIC,0,,,,0.0,,0.0,,0.0,,,,,,,,,,,,,,,,,,,,,,,,,,,,,,,,,,,,,,,,,,,0
2018-02-03 07:52:00,2018-02-03 07:53:00,CIC,0,,,,0.0,,0.0,,0.0,,,,,,,,,,,,,,,,,,,,,,,,,,,,,,,,,,,,,,,,,,,0
2018-02-03 07:53:00,2018-02-03 07:54:00,CIC,0,,,,0.0,,0.0,,0.0,,,,,,,,,,,,,,,,,,,,,,,,,,,,,,,,,,,,,,,,,,,0
2018-02-03 07:54:00,2018-02-03 07:55:00,CIC,0,,,,0.0,,0.0,,0.0,,,,,,,,,,,,,,,,,,,,,,,,,,,,,,,,,,,,,,,,,,,0
2018-02-03 07:55:00,2018-02-03 07:56:00,CIC,0,,,,0.0,,0.0,,0.0,,,,,,,,,,,,,,,,,,,,,,,,,,,,,,,,,,,,,,,,,,,0
2018-02-03 07:56:00,2018-02-03 07:57:00,CIC,0,,,,0.0,,0.0,,0.0,,,,,,,,,,,,,,,,,,,,,,,,,,,,,,,,,,,,,,,,,,,0
2018-02-03 07:57:00,2018-02-03 07:58:00,CIC,0,,,,0.0,,0.0,,0.0,,,,,,,,,,,,,,,,,,,,,,,,,,,,,,,,,,,,,,,,,,,0
2018-02-03 07:58:00,2018-02-03 07:59:00,CIC,0,,,,0.0,,0.0,,0.0,,,,,,,,,,,,,,,,,,,,,,,,,,,,,,,,,,,,,,,,,,,0
2018-02-03 07:59:00,2018-02-03 08:00:00,CIC,0,,,,0.0,,0.0,,0.0,,,,,,,,,,,,,,,,,,,,,,,,,,,,,,,,,,,,,,,,,,,0
2018-02-03 08:00:00,2018-02-03 08:01:00,CIC,0,,,,0.0,,0.0,,0.0,,,,,,,,,,,,,,,,,,,,,,,,,,,,,,,,,,,,,,,,,,,0
2018-02-03 08:01:00,2018-02-03 08:02:00,CIC,0,,,,0.0,,0.0,,0.0,,,,,,,,,,,,,,,,,,,,,,,,,,,,,,,,,,,,,,,,,,,0
2018-02-03 08:02:00,2018-02-03 08:03:00,CIC,0,,,,0.0,,0.0,,0.0,,,,,,,,,,,,,,,,,,,,,,,,,,,,,,,,,,,,,,,,,,,0
2018-02-03 08:03:00,2018-02-03 08:04:00,CIC,0,,,,0.0,,0.0,,0.0,,,,,,,,,,,,,,,,,,,,,,,,,,,,,,,,,,,,,,,,,,,0
2018-02-03 08:04:00,2018-02-03 08:05:00,CIC,0,,,,0.0,,0.0,,0.0,,,,,,,,,,,,,,,,,,,,,,,,,,,,,,,,,,,,,,,,,,,0
2018-02-03 08:05:00,2018-02-03 08:06:00,CIC,0,,,,0.0,,0.0,,0.0,,,,,,,,,,,,,,,,,,,,,,,,,,,,,,,,,,,,,,,,,,,0
2018-02-03 08:06:00,2018-02-03 08:07:00,CIC,0,,,,0.0,,0.0,,0.0,,,,,,,,,,,,,,,,,,,,,,,,,,,,,,,,,,,,,,,,,,,0
2018-02-03 08:07:00,2018-02-03 08:08:00,CIC,0,,,,0.0,,0.0,,0.0,,,,,,,,,,,,,,,,,,,,,,,,,,,,,,,,,,,,,,,,,,,0
2018-02-03 08:08:00,2018-02-03 08:09:00,CIC,0,,,,0.0,,0.0,,0.0,,,,,,,,,,,,,,,,,,,,,,,,,,,,,,,,,,,,,,,,,,,0
2018-02-03 08:09:00,2018-02-03 08:10:00,CIC,0,,,,0.0,,0.0,,0.0,,,,,,,,,,,,,,,,,,,,,,,,,,,,,,,,,,,,,,,,,,,0
2018-02-03 08:10:00,2018-02-03 08:11:00,CIC,0,,,,0.0,,0.0,,0.0,,,,,,,,,,,,,,,,,,,,,,,,,,,,,,,,,,,,,,,,,,,0
2018-02-03 08:11:00,2018-02-03 08:12:00,CIC,0,,,,0.0,,0.0,,0.0,,,,,,,,,,,,,,,,,,,,,,,,,,,,,,,,,,,,,,,,,,,0
2018-02-03 08:12:00,2018-02-03 08:13:00,CIC,0,,,,0.0,,0.0,,0.0,,,,,,,,,,,,,,,,,,,,,,,,,,,,,,,,,,,,,,,,,,,0
2018-02-03 08:13:00,2018-02-03 08:14:00,CIC,0,,,,0.0,,0.0,,0.0,,,,,,,,,,,,,,,,,,,,,,,,,,,,,,,,,,,,,,,,,,,0
2018-02-03 08:14:00,2018-02-03 08:15:00,CIC,0,,,,0.0,,0.0,,0.0,,,,,,,,,,,,,,,,,,,,,,,,,,,,,,,,,,,,,,,,,,,0
2018-02-03 08:15:00,2018-02-03 08:16:00,CIC,0,,,,0.0,,0.0,,0.0,,,,,,,,,,,,,,,,,,,,,,,,,,,,,,,,,,,,,,,,,,,0
2018-02-03 08:16:00,2018-02-03 08:17:00,CIC,0,,,,0.0,,0.0,,0.0,,,,,,,,,,,,,,,,,,,,,,,,,,,,,,,,,,,,,,,,,,,0
2018-02-03 08:17:00,2018-02-03 08:18:00,CIC,0,,,,0.0,,0.0,,0.0,,,,,,,,,,,,,,,,,,,,,,,,,,,,,,,,,,,,,,,,,,,0
2018-02-03 08:18:00,2018-02-03 08:19:00,CIC,0,,,,0.0,,0.0,,0.0,,,,,,,,,,,,,,,,,,,,,,,,,,,,,,,,,,,,,,,,,,,0
2018-02-03 08:19:00,2018-02-03 08:20:00,CIC,0,,,,0.0,,0.0,,0.0,,,,,,,,,,,,,,,,,,,,,,,,,,,,,,,,,,,,,,,,,,,0
2018-02-03 08:20:00,2018-02-03 08:21:00,CIC,0,,,,0.0,,0.0,,0.0,,,,,,,,,,,,,,,,,,,,,,,,,,,,,,,,,,,,,,,,,,,0
2018-02-03 08:21:00,2018-02-03 08:22:00,CIC,0,,,,0.0,,0.0,,0.0,,,,,,,,,,,,,,,,,,,,,,,,,,,,,,,,,,,,,,,,,,,0
2018-02-03 08:22:00,2018-02-03 08:23:00,CIC,0,,,,0.0,,0.0,,0.0,,,,,,,,,,,,,,,,,,,,,,,,,,,,,,,,,,,,,,,,,,,0
2018-02-03 08:23:00,2018-02-03 08:24:00,CIC,0,,,,0.0,,0.0,,0.0,,,,,,,,,,,,,,,,,,,,,,,,,,,,,,,,,,,,,,,,,,,0
2018-02-03 08:24:00,2018-02-03 08:25:00,CIC,0,,,,0.0,,0.0,,0.0,,,,,,,,,,,,,,,,,,,,,,,,,,,,,,,,,,,,,,,,,,,0
2018-02-03 08:25:00,2018-02-03 08:26:00,CIC,0,,,,0.0,,0.0,,0.0,,,,,,,,,,,,,,,,,,,,,,,,,,,,,,,,,,,,,,,,,,,0
2018-02-03 08:26:00,2018-02-03 08:27:00,CIC,0,,,,0.0,,0.0,,0.0,,,,,,,,,,,,,,,,,,,,,,,,,,,,,,,,,,,,,,,,,,,0
2018-02-03 08:27:00,2018-02-03 08:28:00,CIC,0,,,,0.0,,0.0,,0.0,,,,,,,,,,,,,,,,,,,,,,,,,,,,,,,,,,,,,,,,,,,0
2018-02-03 08:28:00,2018-02-03 08:29:00,CIC,0,,,,0.0,,0.0,,0.0,,,,,,,,,,,,,,,,,,,,,,,,,,,,,,,,,,,,,,,,,,,0
2018-02-03 08:29:00,2018-02-03 08:30:00,CIC,0,,,,0.0,,0.0,,0.0,,,,,,,,,,,,,,,,,,,,,,,,,,,,,,,,,,,,,,,,,,,0
2018-02-03 08:30:00,2018-02-03 08:31:00,CIC,0,,,,0.0,,0.0,,0.0,,,,,,,,,,,,,,,,,,,,,,,,,,,,,,,,,,,,,,,,,,,0
2018-02-03 08:31:00,2018-02-03 08:32:00,CIC,0,,,,0.0,,0.0,,0.0,,,,,,,,,,,,,,,,,,,,,,,,,,,,,,,,,,,,,,,,,,,0
2018-02-03 08:32:00,2018-02-03 08:33:00,CIC,0,,,,0.0,,0.0,,0.0,,,,,,,,,,,,,,,,,,,,,,,,,,,,,,,,,,,,,,,,,,,0
2018-02-03 08:33:00,2018-02-03 08:34:00,CIC,0,,,,0.0,,0.0,,0.0,,,,,,,,,,,,,,,,,,,,,,,,,,,,,,,,,,,,,,,,,,,0
2018-02-03 08:34:00,2018-02-03 08:35:00,CIC,0,,,,0.0,,0.0,,0.0,,,,,,,,,,,,,,,,,,,,,,,,,,,,,,,,,,,,,,,,,,,0
2018-02-03 08:35:00,2018-02-03 08:36:00,CIC,0,,,,0.0,,0.0,,0.0,,,,,,,,,,,,,,,,,,,,,,,,,,,,,,,,,,,,,,,,,,,0
2018-02-03 08:36:00,2018-02-03 08:37:00,CIC,0,,,,0.0,,0.0,,0.0,,,,,,,,,,,,,,,,,,,,,,,,,,,,,,,,,,,,,,,,,,,0
2018-02-03 08:37:00,2018-02-03 08:38:00,CIC,0,,,,0.0,,0.0,,0.0,,,,,,,,,,,,,,,,,,,,,,,,,,,,,,,,,,,,,,,,,,,0
2018-02-03 08:38:00,2018-02-03 08:39:00,CIC,0,,,,0.0,,0.0,,0.0,,,,,,,,,,,,,,,,,,,,,,,,,,,,,,,,,,,,,,,,,,,0
2018-02-03 08:39:00,2018-02-03 08:40:00,CIC,0,,,,0.0,,0.0,,0.0,,,,,,,,,,,,,,,,,,,,,,,,,,,,,,,,,,,,,,,,,,,0
2018-02-03 08:40:00,2018-02-03 08:41:00,CIC,0,,,,0.0,,0.0,,0.0,,,,,,,,,,,,,,,,,,,,,,,,,,,,,,,,,,,,,,,,,,,0
2018-02-03 08:41:00,2018-02-03 08:42:00,CIC,0,,,,0.0,,0.0,,0.0,,,,,,,,,,,,,,,,,,,,,,,,,,,,,,,,,,,,,,,,,,,0
2018-02-03 08:42:00,2018-02-03 08:43:00,CIC,0,,,,0.0,,0.0,,0.0,,,,,,,,,,,,,,,,,,,,,,,,,,,,,,,,,,,,,,,,,,,0
2018-02-03 08:43:00,2018-02-03 08:44:00,CIC,0,,,,0.0,,0.0,,0.0,,,,,,,,,,,,,,,,,,,,,,,,,,,,,,,,,,,,,,,,,,,0
2018-02-03 08:44:00,2018-02-03 08:45:00,CIC,0,,,,0.0,,0.0,,0.0,,,,,,,,,,,,,,,,,,,,,,,,,,,,,,,,,,,,,,,,,,,0
2018-02-03 08:45:00,2018-02-03 08:46:00,CIC,0,,,,0.0,,0.0,,0.0,,,,,,,,,,,,,,,,,,,,,,,,,,,,,,,,,,,,,,,,,,,0
2018-02-03 08:46:00,2018-02-03 08:47:00,CIC,2334,2990.9224507283634,21576564.84747215,40.165381319622966,93746.0,37067.41859468723,86515355.0,,0.0,26916380917760.504,,,10.790916880891174,29.374464438731792,456.87660668380465,36610.541988003424,132743.56882847883,6786.078049835526,1248932.6820051945,1864387.1768219024,7405100.857326478,459252.08954584406,5771.751690053,999.7889174924181,0.7806341045415596,0.003427592116538132,0.03299057412167952,0.012853470437017995,0.3080548414738646,0.08697514995715509,0.00728363324764353,0.0,0.012853470437017995,3011.973007712082,2051.6392459297344,164.7669237360754,28.562553556126822,54.162138100043705,44.85115844976264,433.30762639245927,58.596829477292204,212.80125135379606,146.35161284060712,28.217652099400173,446.31876606683807,140.11355884471806,155.51949240920436,70013.1095513877,162.72701478896445,54.162138100043705,212.80125135379606,0
2018-02-03 08:47:00,2018-02-03 08:48:00,CIC,7240,4387.210635359116,19827144.506629836,18.08439226519337,130931.0,10694.402071823204,77427471.0,,0.0,18996808623113.2,,,7.050552486187845,11.033839779005525,408.78770718232045,10285.614364640884,259429.86312262842,18239.555457577597,1350568.2214734212,1558824.523214148,6525503.6714088395,715327.2461325966,16645.042093767617,1521.4543709938157,0.7288674033149172,0.008149171270718233,0.029281767955801105,0.06781767955801105,0.3238950276243094,0.14709944751381215,0.03522099447513812,0.0,0.06781767955801105,3508.718232044199,3681.9309392265195,168.45801104972375,23.004005524861878,50.94679943115607,48.57917522228619,438.23411602209944,54.50649171270718,187.1021902699061,150.64130619677638,22.377624309392264,448.7802486187845,119.29357036896312,148.77657280995967,62229.95599391682,139.45878032825178,50.94679943115607,187.1021902699061,0
2018-02-03 08:48:00,2018-02-03 08:49:00,CIC,1577,18033.7958148383,6848977.918199113,7.852251109701966,12383.0,2141.991122384274,3377920.0,,0.0,26826809987743.836,,,4.138237159162967,3.714013950538998,287.76220672162333,1854.2289156626507,163481.2193012901,47607.36576966159,2953477.4425919103,1032107.6047044782,4730070.06214331,2395112.886493342,37615.00569761965,9841.417251296476,0.5497780596068484,0.0019023462270133164,0.02599873176918199,0.12111604311984782,0.29549778059606846,0.5060240963855421,0.2853519340519975,0.0,0.12111604311984782,5151.611921369689,14166.35573874445,159.30183893468612,9.743183259353202,42.091432569154094,51.79742886686937,282.90361445783134,19.353836398224477,77.15410145374763,98.60137189435002,9.743183259353202,296.8072289156627,56.73301647224414,84.94194411235321,25839.872507751457,66.35117971848574,42.091432569154094,77.15410145374763,0
2018-02-03 08:49:00,2018-02-03 08:50:00,CIC,2543,17087.957137239482,13256937.116004718,26.318914667715298,66929.0,23883.92567833268,60736823.0,,0.0,33107552759196.375,,,7.576484467164766,18.74243020055053,372.5041289815179,23511.42154935116,610267.9722195363,93787.93370251897,2620427.341367784,1931454.7628890816,9069770.41525757,1855518.6704679513,81676.66975392401,10377.865252708343,0.5395202516712544,0.017695635076681086,0.12465591820684231,0.09398348407392842,0.31262288635469915,0.5277231616201337,0.12780180888714118,0.0,0.09398348407392842,4818.857648446717,7759.357058592214,150.97719229256782,6.182854895792371,37.730839001753836,50.69123056312898,346.41840346047974,15.863546991742037,171.3761212675698,119.05741754755013,5.976012583562722,359.23240267400706,117.8707235180067,130.6528939488675,63978.339357670615,127.79540124061698,37.730839001753836,171.3761212675698,0
2018-02-03 08:50:00,2018-02-03 08:51:00,CIC,2835,12823.958024691357,15995793.087477954,35.93650793650794,101880.0,37196.26560846561,105451413.0,,0.0,90454274265137.94,,,8.307936507936509,27.62857142857143,308.4303350970018,36887.835273368604,566076.6666266558,72755.02770597281,3049740.844185729,3149213.903030312,14604741.521693122,2153862.3601410934,67320.2398651013,4536.577622398332,1.0320987654320988,0.016931216931216932,0.09911816578483246,0.09488536155202822,0.54673721340388,0.363668430335097,0.12310405643738977,0.0,0.09488536155202822,5742.8278659612,9227.37671957672,200.8395061728395,2.8617283950617285,42.194736299891005,72.38492049960388,694.9477954144621,7.472310405643739,434.377729502776,263.28032852893125,2.8455026455026453,703.6190476190476,288.69532650991465,292.0739482965756,178352.02019511446,305.5055306629312,42.194736299891005,434.377729502776,0
2018-02-03 08:51:00,2018-02-03 08:52:00,CIC,1868,5375.4619914346895,14194752.32869379,65.5058886509636,122365.0,74715.61402569593,139568767.0,,0.0,48447068155494.336,,,11.339935760171306,54.16595289079229,437.71038543897214,74277.90364025696,149566.74315861185,15521.027237510534,2669572.1940012313,1947807.86609901,9063103.99732334,1983597.9014989294,14116.246631553087,1379.8539027059028,0.5230192719486081,0.004817987152034261,0.026231263383297645,0.15256959314775162,0.39775160599571735,0.21199143468950749,0.0626338329764454,0.0,0.15256959314775162,6082.563704496788,11136.311563169165,198.55299785867237,14.26338329764454,53.53788813894058,64.05030960722965,461.2296573875803,36.76605995717345,172.6022069760787,169.13477204021092,14.228051391862955,469.0968950749465,109.25325126359368,152.2282244790771,61570.01026149162,124.70679726200535,53.53788813894058,172.6022069760787,0
2018-02-03 08:52:00,2018-02-03 08:53:00,CIC,3322,13768.62522576761,8275397.009030704,8.706201083684528,28922.0,4565.846478025286,15167742.0,,0.0,23241575567026.93,,,3.922335942203492,4.783865141481035,221.41691751956654,4344.42956050572,115360.14652436641,17502.77575255777,2844424.696558488,978253.3895599201,5771238.190246839,2474353.645093317,15486.624911891256,1984.5383619389268,0.34587597832630945,0.0358217940999398,0.013847080072245636,0.09723058398555087,0.22727272727272727,0.5171583383503914,0.4114990969295605,0.0,0.09723058398555087,3307.1459963877182,6945.994882600843,109.77664057796508,7.960264900662252,29.788470949763997,35.38877656894973,250.76279349789283,19.652919927754365,85.36329874530404,90.79038806037599,7.960264900662252,254.1742925948224,54.652779548333534,78.47383470120711,28766.030415383146,62.777752519322696,29.788470949763997,85.36329874530404,0
2018-02-03 08:53:00,2018-02-03 08:54:00,CIC,2782,6822.038102084831,16304972.265636234,14.26060388209921,39673.0,6274.704529115744,17456228.0,,0.0,11962555943981.674,,,6.5233644859813085,7.737239396117901,396.1265276779296,5878.578001437814,188330.69571109134,16290.283783919771,2968193.5114187994,1036405.1231225709,6469054.896836808,2531850.9644140904,13976.01683037539,2173.7325140634844,0.6290438533429188,0.004313443565780014,0.03055355859094177,0.08806613946800863,0.3407620416966211,0.18763479511143064,0.058231488138030196,0.0,0.08806613946800863,3828.8540618260245,8543.82135154565,188.89288281811648,19.68511861969806,52.6924743791844,56.94978486656002,413.7667145938174,44.780733285406185,155.13852645188246,141.2792741146348,19.68475916606758,423.48705966930265,102.09960927894069,133.07541813354672,50465.28071976157,119.06600737987166,52.6924743791844,155.13852645188246,0
2018-02-03 08:54:00,2018-02-03 08:55:00,CIC,1624,7845.73645320197,15243159.622536946,61.30357142857143,99557.0,71628.2764778325,116324321.0,,0.0,30261384029960.004,,,9.100369458128078,52.20320197044335,468.14963054187194,71160.12684729064,247385.058659904,27573.05329209246,3437413.905777465,1726580.1468106257,9561103.16133005,2777919.9883004925,24227.200053002864,3210.0253904700207,0.6816502463054187,0.003078817733990148,0.03879310344827586,0.16933497536945813,0.4304187192118227,0.2604679802955665,0.07450738916256158,0.0,0.16933497536945813,5030.546798029557,14074.116379310344,226.2192118226601,13.186576354679802,55.781158592726605,71.7390620196995,483.6773399014778,29.151477832512317,183.08558008291257,167.7113177535222,13.186576354679802,494.365763546798,130.4638776058017,154.71661289563792,60929.36372214193,144.5866276864729,55.781158592726605,183.08558008291257,0
2018-02-03 08:55:00,2018-02-03 08:56:00,CIC,2575,6989.953009708738,15580692.813980583,20.40388349514563,52540.0,14439.678058252428,37182171.0,,0.0,19394540011993.617,,,7.197281553398058,13.206601941747573,427.36233009708735,14012.31572815534,355395.400572275,32001.402398363465,2517898.531045938,1262626.5467192638,5921053.884660195,1940728.0054368933,28808.175815454513,2969.527459410731,0.8741747572815534,0.001941747572815534,0.044271844660194175,0.09514563106796116,0.44,0.2170873786407767,0.036893203883495145,0.0,0.09514563106796116,4707.679611650486,8772.918446601941,205.31883495145632,13.152621359223302,52.2849896343468,68.83652946825747,537.4411650485437,33.731650485436894,265.3553080248932,193.58653243313785,13.080388349514562,545.6772815533981,183.734076390499,197.76492477615923,99552.97293206809,201.75338566426254,52.2849896343468,265.3553080248932,0
2018-02-03 08:56:00,2018-02-03 08:57:00,CIC,3503,6704.793034541822,14650633.294890095,120.03083071652868,420468.0,136777.60976306023,479131967.0,,0.0,29558230236637.324,,,23.515843562660578,96.51498715386812,411.2038252926063,136366.40593776762,238678.60504240368,32785.876192355456,2190395.358082946,1704669.5972107202,7218976.482729089,1513420.881530117,29352.890075704498,3236.439328330848,0.6445903511276049,0.004282043962318013,0.04653154439052241,0.0790750785041393,0.3305737938909506,0.23351413074507565,0.047102483585498144,0.0,0.0790750785041393,3927.1650014273478,6190.293748215815,170.55152726234655,16.970882101056237,48.954937045335996,53.73619664192578,391.6719954324864,44.59834427633457,158.89377557133002,137.6406632214933,16.9012275192692,400.6854125035684,100.9846107667131,131.63701111365287,51680.61776462543,117.02042393506365,48.954937045335996,158.89377557133002,0
2018-02-03 08:57:00,2018-02-03 08:58:00,CIC,1924,10333.964656964657,9120553.136694387,28.777027027027028,55367.0,30032.35187110187,57782245.0,,0.0,17837071237245.812,,,5.5732848232848236,23.203742203742205,314.16112266112265,29718.19074844075,305832.452340964,32181.253456895076,2448250.2495491416,1026450.8344067823,4975389.291580042,1973044.5353430354,25037.404819641488,6976.586405378618,0.6034303534303534,0.005197505197505198,0.0420997920997921,0.10031185031185032,0.2972972972972973,0.46673596673596673,0.2739085239085239,0.0,0.10031185031185032,4290.723492723493,8969.93399168399,145.34823284823284,9.296257796257796,39.18342006980769,49.051462632997406,299.8466735966736,22.66060291060291,104.18683800055094,110.76829540361746,9.16943866943867,311.0472972972973,68.04975570214553,98.14729703791113,35720.66533178699,78.07855467165489,39.18342006980769,104.18683800055094,0
2018-02-03 08:58:00,2018-02-03 08:59:00,CIC,1611,11865.191806331472,15518926.097454997,18.629422718808193,30012.0,11665.97703289882,18793889.0,,0.0,32828436404443.734,,,7.8249534450651765,10.804469273743017,361.8957169459963,11304.081315952824,498093.1381664219,45427.811877693326,3911813.3195455475,1508988.7714080648,7713926.3947858475,3189240.1011793916,39797.07870453803,5207.755408801329,0.5015518311607697,0.006207324643078833,0.06207324643078833,0.11855990068280571,0.3196772191185599,0.35505896958410926,0.09124767225325885,0.0,0.11855990068280571,4389.6424581005585,9021.965859714463,171.79205462445685,11.677839851024208,44.62389830773308,54.66307363855555,337.40285536933584,27.561762880198636,119.53918574828678,118.08952357614214,11.546244568590938,351.7343265052762,81.62549430323153,110.4057530572483,41304.332996987716,93.04421295926629,44.62389830773308,119.53918574828678,0
2018-02-03 08:59:00,2018-02-03 09:00:00,CIC,1169,11167.544054747648,13030590.582549186,8.989734816082121,10509.0,1486.0564585115483,1737200.0,,0.0,21376264820308.426,,,4.981180496150556,4.008554319931566,387.2266894781865,1098.8297690333618,715404.4252070854,57294.572040773535,4111548.6861585197,1059494.848540209,6526305.496150556,3530024.5355004277,53682.45209287011,3122.0038485175264,0.4627887082976903,0.00427715996578272,0.09153122326775022,0.12745936698032506,0.3686911890504705,0.3781009409751925,0.0718562874251497,0.0,0.12745936698032506,6362.030795551754,13442.380667236956,196.35671514114628,9.39863130881095,49.84102965083833,65.40952211572711,336.57998289136015,22.357570573139437,90.5845185707545,115.47928432138151,9.355859709153123,352.5158254918734,67.54316946569803,102.01992017362788,30402.412981650934,78.06354095012917,49.84102965083833,90.5845185707545,0
2018-02-03 09:00:00,2018-02-03 09:01:00,CIC,4554,4287.719367588933,16792530.95652174,18.60693895476504,84736.0,11404.837944664032,51937632.0,,0.0,14771772511674.463,,,7.189942907334212,11.41699604743083,369.7288098375055,11035.109134826525,206172.5902716644,18049.227826123813,1357421.85105175,1295941.9363421225,5662483.743302591,836244.2064119455,16474.059107706707,1444.377212544488,0.751207729468599,0.007465963987703118,0.03535353535353535,0.06411945542380325,0.30632411067193677,0.13526570048309178,0.011638120333772508,0.0,0.06411945542380325,3298.142951251647,4371.485507246377,165.08190601668863,22.08937198067633,48.50793581953733,47.493088525139,409.83640755379884,55.420729029424685,168.33165047769126,137.9169793003252,22.08080808080808,418.1282389108476,106.42269720830852,135.15495838241787,53519.55365231903,124.60944267377162,48.50793581953733,168.33165047769126,0
2018-02-03 09:01:00,2018-02-03 09:02:00,CIC,1467,7543.086571233811,14780151.188139059,10.8200408997955,15873.0,3489.949556918882,5119756.0,,0.0,31004811617756.145,,,5.509884117246081,5.310156782549421,386.7089297886844,3103.2406271301975,124616.58898441882,18295.145080979288,4685861.88867172,1353311.706732277,8147234.162917519,4072571.7082481254,15409.482261543993,2848.24943468946,0.4996591683708248,0.010906612133605999,0.021813224267211998,0.10497614178595774,0.3994546693933197,0.321745057941377,0.0627130197682345,0.0,0.10497614178595774,5440.718473074301,12203.183367416495,193.47171097477846,9.990456714383095,47.90893099734969,64.35822332144649,373.1383776414451,24.320381731424675,113.18246383904568,135.41313424673893,9.903203817314246,379.76278118609406,75.92283110894411,115.03524026430401,37458.51137991136,86.81374857190798,47.90893099734969,113.18246383904568,0
2018-02-03 09:02:00,2018-02-03 09:03:00,CIC,1820,10615.203296703297,10872347.754395604,11.941758241758242,21734.0,5466.552747252747,9949126.0,,0.0,42411936222121.8,,,5.765934065934066,6.175824175824176,310.7912087912088,5155.761538461538,299597.5579590205,33491.83617716552,3767666.341121156,1608686.0678947663,7275310.792307693,2986417.418681319,26523.100435233242,6895.127310742541,0.4461538461538462,0.0,0.03956043956043956,0.09835164835164835,0.3879120879120879,0.4472527472527473,0.06813186813186813,0.0,0.09835164835164835,5193.520329670329,9478.866483516484,169.7131868131868,6.14945054945055,41.98279030006704,59.8519562954489,314.4989010989011,16.364835164835164,85.96388590835166,119.61902155892308,6.007142857142857,320.82307692307694,58.99972886128516,97.71935156462582,27514.55462028425,67.38559912436703,41.98279030006704,85.96388590835166,0
2018-02-03 09:03:00,2018-02-03 09:04:00,CIC,1509,13896.797879390324,11474760.512259774,7.919814446653413,11951.0,1276.7322730284957,1926589.0,,0.0,14270987043254.762,,,4.510934393638171,3.408880053015242,325.28694499668654,951.4453280318091,384750.87367729866,82564.74842158517,3996799.0971926297,832392.2272195346,6102440.170311465,3597675.092113983,77786.31541661156,3465.27597263815,0.3817097415506958,0.013253810470510271,0.1517561298873426,0.13320079522862824,0.3121272365805169,0.46984758117958914,0.0636182902584493,0.0,0.13320079522862824,4915.214711729623,10224.213386348576,164.9893969516236,7.656726308813784,41.69672924100597,53.81908601147382,281.9635520212061,19.084824387011267,80.88452826241219,99.14648488764082,7.570576540755467,299.208084824387,59.77955746625646,89.04781846674089,27784.315184020168,69.06268809133664,41.69672924100597,80.88452826241219,0
2018-02-03 09:04:00,2018-02-03 09:05:00,CIC,1629,6609.998772252916,17470527.905463476,19.915285451197054,32442.0,13193.56292203806,21492314.0,,0.0,23037506447039.785,,,7.582565991405771,12.332719459791283,410.18232044198896,12783.38060159607,322069.2571487183,24292.69556497181,5798978.621484291,1138882.4805930236,8820227.274401473,5227669.505217925,20899.920032308764,3362.9502465036903,0.569060773480663,0.0024554941682013503,0.028238182934315532,0.1841620626151013,0.39594843462246776,0.22406384284837325,0.029465930018416207,0.0,0.1841620626151013,6622.252915899325,12376.534069981584,197.65807243707795,14.497237569060774,52.2080963363051,61.467749245457334,395.9459791282996,36.369551872314304,129.61064920333763,134.9569681567219,14.358502148557397,406.2062615101289,87.61067340259238,121.98852737722038,41750.237007967255,101.2705141247078,52.2080963363051,129.61064920333763,0
2018-02-03 09:05:00,2018-02-03 09:06:00,CIC,1507,6933.054412740544,18369679.475116126,12.017916390179163,18111.0,2972.116788321168,4478980.0,,0.0,23547182341453.84,,,6.009953550099535,6.007962840079628,499.1094890510949,2473.007299270073,216797.357737507,16581.916402305298,5616806.728644204,1338906.2991995793,9067650.428666225,4967229.692767087,15010.033021492618,1483.8572818874886,0.5189117451891174,0.005972130059721301,0.019907100199071003,0.22561380225613803,0.45056403450564037,0.22627737226277372,0.023888520238885203,0.0,0.22561380225613803,8159.886529528865,15648.823490378234,228.57929661579297,12.57730590577306,56.11366892885667,71.98009184767685,443.88321167883214,31.562707365627073,131.8831724180199,153.92799005884473,12.52156602521566,455.2249502322495,89.45685702918647,134.41996826786928,45730.160405043556,101.95269778688056,56.11366892885667,131.88317241868347,0
2018-02-03 09:06:00,2018-02-03 09:07:00,CIC,1410,6441.329787234043,15247461.571631206,16.77446808510638,23652.0,8318.342553191489,11728863.0,,0.0,13370387160184.94,,,7.782269503546099,8.992198581560285,461.76524822695035,7856.577304964539,264174.6797176315,18527.019884444664,4817559.543381103,1024094.2486052851,7359969.575177305,4311024.3,12922.552187952537,5551.90877481983,0.4666666666666667,0.0,0.03333333333333333,0.13049645390070921,0.4347517730496454,0.2929078014184397,0.03404255319148936,0.0,0.13049645390070921,6966.570921985815,13427.028368794327,214.68652482269505,10.299290780141844,52.9911993188617,70.67807199913901,385.76808510638296,25.887943262411348,105.18979364143972,136.2992804250213,10.127659574468085,399.49432624113473,73.4137384350383,116.13635876943617,34485.872050375605,84.39072546016524,52.9911993188617,105.18979364143972,0
2018-02-03 09:07:00,2018-02-03 09:08:00,CIC,1451,7853.942798070297,14988887.72984149,11.149552033080633,16178.0,3623.4500344589937,5257626.0,,0.0,17222583485691.055,,,5.588559614059269,5.560992419021365,417.27429359062717,3206.1757408683666,349710.85693745676,37391.76006333219,4918011.5206437735,980314.838683963,7557125.22191592,4451337.481047553,34425.41007201925,2811.7321001026216,0.4900068917987595,0.010337698139214336,0.04893177119228118,0.1667815299793246,0.35837353549276363,0.28738800827015853,0.04066161268090972,0.0,0.1667815299793246,5899.749138525155,12012.62577532736,183.6629910406616,12.90696071674707,47.75908973568092,57.96338538366161,354.30599586492076,30.455547898001377,115.040930977898,122.08515977445968,12.90696071674707,363.1026878015162,78.46635931700551,109.09287063657203,36404.10856241401,90.73412163494625,47.75908973568092,115.040930977898,0
2018-02-03 09:08:00,2018-02-03 09:09:00,CIC,1477,7697.7853757616795,12362503.157752201,15.522681110358835,22927.0,8235.731211916045,12164175.0,,0.0,27505204164109.79,,,6.980365605958023,8.542315504400813,380.478672985782,7855.252538930264,140385.99523109914,25364.389676711304,3701222.7453961694,1190008.9333908649,6356390.314827353,3068825.9972918076,23575.608227698925,1582.7065160399343,0.46784021665538256,0.004062288422477996,0.05484089370345294,0.2017603249830738,0.37034529451591064,0.27488151658767773,0.015572105619498984,0.0,0.2017603249830738,4954.3513879485445,12552.002708192282,196.78266756939743,14.048070412999323,52.0259148402214,61.774527110104266,370.1956668923494,31.52809749492214,112.99763487101556,126.55382987508938,14.016249153689913,381.1821259309411,79.61654633287677,111.82791143880232,36021.02867486857,92.80540904122275,52.0259148402214,112.99763487101556,0
2018-02-03 09:09:00,2018-02-03 09:10:00,CIC,1496,6288.983288770053,16966637.79278075,13.099598930481283,19597.0,5283.869652406417,7904669.0,,0.0,29756611572811.402,,,6.32620320855615,6.773395721925134,1184.4625668449198,4099.407085561497,122890.26404432992,25145.43495140897,4683109.201338201,1235546.8607497348,7804624.911096256,4063684.6651069517,23825.500951851674,1252.7002163441964,0.5200534759358288,0.006016042780748663,0.030080213903743314,0.19518716577540107,0.4324866310160428,0.22927807486631016,0.02072192513368984,0.0,0.19518716577540107,5806.726604278075,13606.256684491978,223.6403743315508,13.258021390374331,55.971378084279415,70.55333837876137,431.36764705882354,31.49131016042781,127.01384640660429,149.64117987945187,12.469919786096257,443.28542780748666,87.27094975891377,129.62667132698596,42746.39075560521,100.10934953961765,55.971378084279415,127.01384640660429,0
2018-02-03 09:10:00,2018-02-03 09:11:00,CIC,1225,9023.46693877551,14000962.63755102,16.488163265306124,20198.0,8683.50775510204,10637297.0,,0.0,17713834891212.01,,,7.402448979591837,9.085714285714285,444.3322448979592,8239.175510204082,762146.3926685964,47736.96810129514,5054407.878012981,963557.9794423855,7571107.639183673,4562468.8546938775,33803.796519055024,13621.419953810264,0.46040816326530615,0.005714285714285714,0.07918367346938776,0.1983673469387755,0.4163265306122449,0.30448979591836733,0.05959183673469388,0.0,0.1983673469387755,5542.527346938776,15899.081632653062,222.02204081632652,11.444081632653061,56.20391830708326,70.85002457185388,402.17551020408166,26.23183673469388,112.41143920743674,139.76966739732245,10.89795918367347,414.0595918367347,80.28934799796163,120.53068971942939,38113.32981146546,91.91977035570122,56.20391830708326,112.41143920743674,0
2018-02-03 09:11:00,2018-02-03 09:12:00,CIC,1199,7027.807339449541,13758747.047539616,12.049207673060884,14447.0,3056.9783152627188,3665317.0,,0.0,12458190265643.934,,,6.177648040033361,5.871559633027523,522.2393661384488,2534.73894912427,349964.8290395244,29173.669043141912,4465431.622823692,855514.8459122018,6551844.013344454,4001953.609674729,24486.634384974852,4492.381320294356,0.46371976647206004,0.0016680567139282735,0.045871559633027525,0.237698081734779,0.47706422018348627,0.2610508757297748,0.03502919099249374,0.0,0.237698081734779,6382.95329441201,19659.89908256881,265.63803169307755,9.977481234361969,62.39096535041868,85.37722259631693,469.64220183486236,24.297748123436197,118.49074230689743,162.04630204624686,9.873227689741451,480.25020850708927,85.58720035948289,134.8112131228891,41036.12541210409,96.79427799665889,62.39096535041868,118.49074230689743,0
2018-02-03 09:12:00,2018-02-03 09:13:00,CIC,1416,6282.261299435028,16225628.276836159,17.86087570621469,25291.0,9556.493644067798,13531995.0,,0.0,23417141360229.555,,,7.872881355932203,9.987994350282486,476.04378531073445,9080.449858757062,278112.0268292322,20096.788821560793,4917376.9002469145,1169250.754379829,8156222.915960452,4380363.013418079,18489.084798919186,1522.5481378836073,0.4915254237288136,0.0035310734463276836,0.043785310734463276,0.1772598870056497,0.4187853107344633,0.23728813559322035,0.0211864406779661,0.0,0.1772598870056497,5736.760593220339,15003.360169491525,225.62641242937852,13.116525423728813,56.494420077485174,70.92028226554662,444.38418079096044,33.279661016949156,132.94788258524719,152.6031346523524,13.094632768361581,452.8114406779661,90.29265747123377,133.1466548142168,44182.7135497043,103.66456762455438,56.494420077485174,132.94788258524719,0
2018-02-03 09:13:00,2018-02-03 09:14:00,CIC,2494,4647.522453889334,14313455.826784283,15.506415396952686,38673.0,6794.027666399358,16944305.0,,0.0,17718810617423.742,,,7.087810745789896,8.418604651162791,499.471932638332,6294.555733761026,163738.13233758594,13650.58873568508,2622490.898163995,1277805.5526922413,7152917.569767442,2095510.0749799518,11836.769246011798,1770.0325170384292,0.6263031275060145,0.0036086607858861267,0.01884522854851644,0.1206896551724138,0.392542101042502,0.15597433841218925,0.021251002405773857,0.0,0.1206896551724138,4786.323175621492,10756.845629510826,221.43023255813952,17.727345629510825,57.11576407632518,68.38777881490978,455.85364875701686,43.934643143544506,164.70342808593423,155.3259864578364,17.727345629510825,467.82157177225344,108.22931987673817,145.70765868378027,54645.09092590118,124.06813190190897,57.11576407632518,164.70342808593423,0
2018-02-03 09:14:00,2018-02-03 09:15:00,CIC,2520,5551.770238095238,11447693.291666666,14.297222222222222,36029.0,7010.755952380952,17667105.0,,0.0,11337835773121.83,,,6.461111111111111,7.836111111111111,391.0626984126984,6619.693253968254,199497.17996781674,21309.05561127367,2278020.7321031033,1009325.3162013841,5685543.636507937,1845417.3646825396,18429.8199253886,2769.308018173903,0.6309523809523809,0.005158730158730159,0.04325396825396825,0.08095238095238096,0.3376984126984127,0.21944444444444444,0.030555555555555555,0.0,0.08095238095238096,4773.589682539682,7884.846825396826,181.96547619047618,17.750396825396827,49.53255423061389,55.77775530339246,407.17896825396826,46.77460317460317,166.49240171444444,140.98044738524047,17.68611111111111,416.4329365079365,105.18276123863214,137.34051059044128,54793.04574300493,121.1073628554131,49.53255423061389,166.49240171444444,0
2018-02-03 09:15:00,2018-02-03 09:16:00,CIC,1162,7769.526678141136,10677892.112736661,9.19104991394148,10680.0,1371.368330464716,1593530.0,,0.0,12708014895283.227,,,5.313253012048193,3.8777969018932876,487.6075731497418,883.7607573149742,329917.61277249595,28544.35207284095,5888910.095845236,653298.9642786521,7273353.323580034,5522533.041308089,23050.962854126625,5370.564984443999,0.39328743545611017,0.006024096385542169,0.05421686746987952,0.2289156626506024,0.5,0.2917383820998279,0.04044750430292599,0.0,0.2289156626506024,6404.8528399311535,21051.86230636833,270.4913941480207,7.469879518072289,64.1725822896506,90.97683031746816,488.79776247848537,20.323580034423408,121.86829488329604,176.87330559907917,7.265060240963855,497.60413080895006,86.03836513253614,142.99707289510928,44704.43765696924,96.43067478628572,64.1725822896506,121.86829488329604,0
2018-02-03 09:16:00,2018-02-03 09:17:00,CIC,1659,3635.1320072332733,11907098.06148282,11.808318264014467,19590.0,3938.9752863170584,6534760.0,,0.0,20826699249558.465,,,5.9041591320072335,5.9041591320072335,470.0204942736588,3468.9547920433997,167994.80464557814,6092.017500555798,3270092.509841781,1174732.9989221867,6880950.790235082,2799420.2393007837,3892.638148773941,2188.36304528959,0.45027124773960214,0.0006027727546714888,0.013261000602772756,0.26883664858348405,0.5093429776974081,0.16877637130801687,0.007836045810729355,0.0,0.26883664858348405,5804.701024713683,15823.195298372513,254.8372513562387,18.708257986739,67.97908503205244,82.00609242249006,536.4273658830621,33.00723327305606,160.18002088840268,198.4181455077396,18.35623869801085,543.368896925859,105.89251626190234,159.83278599622787,55280.93018803468,122.44367830108801,67.97908503205244,160.18002088840268,0
2018-02-03 09:17:00,2018-02-03 09:18:00,CIC,1549,4287.652033570045,7228561.593285991,7.768883150419626,12034.0,1031.5377663008392,1597852.0,,0.0,21979901097590.29,,,4.455132343447385,3.3137508069722403,382.3131052291801,649.2246610716592,210273.92019929976,14097.988395829754,3448617.923780307,730493.4270088696,5357921.904454486,3105625.6352485474,11299.948121051915,2798.040274980637,0.3847643641058748,0.0032278889606197547,0.005810200129115558,0.15106520335700452,0.551969012265978,0.3537766300839251,0.023240800516462233,0.0,0.15106520335700452,6671.004519044545,13861.245319561007,212.72304712717883,3.877985797288573,53.813031988108456,79.50895899244544,422.9599741768883,6.462233699160749,98.64788599453195,168.7330818842518,3.832149774047773,425.6384764364106,70.7384670107082,126.70514804892512,34420.98714852818,78.683366167204,53.813031988108456,98.64788599453195,0
2018-02-03 09:18:00,2018-02-03 09:19:00,CIC,2771,5701.273547455792,19928439.557560448,18.715987008300253,51862.0,11232.267051605919,31124612.0,,0.0,22192554608078.73,,,6.962468422952003,11.75351858534825,502.121977625406,10730.145073980513,322675.59041055624,18346.92244292103,2873677.5081496844,1505079.1268844092,7670200.2894262,2241569.9195236377,16468.394859050935,1752.7276827301457,0.6192710212919523,0.003608805485384338,0.031035727174305305,0.12233850595452905,0.4258390472753519,0.17538794658967882,0.028148682785997834,0.0,0.12233850595452905,5137.52832912306,9933.531577047997,216.78094550703716,15.725009022013714,55.28808060645254,67.44055387439012,513.6210754240346,38.328040418621434,177.0505917586431,184.13481336711837,15.658607001082641,521.4103211836882,115.20698117767016,163.09542104923565,64633.57899254365,130.16788680941104,55.28808060645254,177.0505917586431,0
2018-02-03 09:19:00,2018-02-03 09:20:00,CIC,969,11759.224974200206,8561613.936016511,8.262125902992777,8006.0,1127.3642930856554,1092416.0,,0.0,25152477896393.402,,,4.819401444788442,3.442724458204334,436.7688338493292,690.5954592363261,504783.2381550302,53925.97771818573,5262708.164232875,767788.8064638262,6826800.623323013,4839792.284829722,46061.22614839033,7419.542259680938,0.3157894736842105,0.010319917440660475,0.06604747162022703,0.22910216718266255,0.4840041279669763,0.38802889576883387,0.08152734778121776,0.0,0.22910216718266255,7655.643962848298,20231.343653250773,237.01960784313727,4.974200206398349,56.0965728484613,79.0658135687451,417.3250773993808,11.19091847265222,94.56983496932197,150.07067579327142,4.818369453044376,427.71001031991744,70.2430616564871,118.74357876437668,34708.786063835294,78.01280380300001,56.0965728484613,94.56983496932197,0
2018-02-03 09:20:00,2018-02-03 09:21:00,CIC,1526,9214.28112712975,12248703.407601573,9.07994757536042,13856.0,1817.0766710353867,2772859.0,,0.0,35912182670332.81,,,5.074705111402359,4.00524246395806,397.06028833551767,1420.016382699869,222417.71200381973,27745.205710445767,4042369.826441242,1321327.5169537484,6888363.175622542,3366621.0865006554,21605.298188962806,6030.8175908173835,0.44954128440366975,0.002621231979030144,0.03866317169069463,0.2018348623853211,0.4030144167758847,0.2837483617300131,0.06028833551769332,0.0,0.2018348623853211,5814.819790301442,14213.828309305374,204.25884665792924,11.878112712975097,52.02535391662909,65.2481889249371,391.36893840104847,29.06422018348624,116.1085421429384,135.99088013285123,11.67824377457405,400.5799475753604,77.94911320798755,116.85640351252817,37947.02387784,89.54782650706815,52.02535391662909,116.1085421429384,0
2018-02-03 09:21:00,2018-02-03 09:22:00,CIC,2097,8487.049594659036,15108903.685741536,14.494039103481164,30394.0,6652.364806866953,13950009.0,,0.0,13143661885858.541,,,6.812112541726275,7.681926561754888,412.96232713400093,6239.402479732952,543530.1783675301,58216.99718305719,3334886.180749359,1038735.7000047761,6830072.883166429,2930323.032427277,52950.84785799471,4516.574254172741,0.48402479732951836,0.009537434430138292,0.100619933237959,0.17787315212207916,0.37720553171196947,0.2827849308536004,0.030042918454935622,0.0,0.17787315212207916,4982.1416309012875,11390.834525512637,199.77682403433477,13.73867429661421,52.114443802578926,62.885445842083456,432.6328087744397,32.29041487839771,137.18194094372913,153.17748164103483,13.576061039580352,441.4196471149261,90.06750888760038,132.86023619983976,47384.02655380024,103.84363480617502,52.114443802578926,137.18194094372913,0
2018-02-03 09:22:00,2018-02-03 09:23:00,CIC,913,10041.435925520263,10857280.03833516,9.444687842278205,8623.0,1309.7535596933187,1195805.0,,0.0,10123111365317.43,,,5.519167579408543,3.9255202628696604,493.578313253012,816.1752464403066,47830.1951566749,20996.97955319977,5287734.043572273,670849.4217036305,7110061.660460022,4966358.274917853,17838.095620874657,3089.890571439808,0.3143483023001095,0.007667031763417305,0.023001095290251915,0.2672508214676889,0.5257393209200438,0.3066812705366922,0.05585980284775466,0.0,0.2672508214676889,7388.265060240964,21128.180722891568,262.93866374589265,5.815991237677984,60.73777287933844,86.76796303962323,462.88718510405255,13.833515881708653,107.0997699885586,165.71082289331764,5.814895947426068,472.8773274917853,77.27515733552245,131.17368384144908,39133.33924902373,85.84404443805916,60.73777287933844,107.0997699885586,0
2018-02-03 09:23:00,2018-02-03 09:24:00,CIC,1473,9182.171079429736,13341106.849287169,9.088255261371351,13387.0,2025.2301425661915,2983164.0,,0.0,15965355130671.717,,,4.93550577053632,4.15274949083503,349.5288526816022,1675.7012898845892,595649.5602006237,49995.55109457014,4243195.9780793125,989622.1073961993,6525277.991174473,3719778.849287169,35981.83962280763,13538.5331183353,0.46911065852002715,0.005431093007467753,0.06381534283774609,0.24304141208418195,0.3923964697895451,0.2953156822810591,0.06653088934147998,0.0,0.24304141208418195,5690.98506449423,13707.006109979633,193.90631364562117,12.414799728445349,49.28905898320841,60.397605196078075,381.0651731160896,30.141887304820095,111.90883814200951,130.86699508854718,12.032586558044807,386.8560760353021,75.79294658922743,112.27467459162322,35505.185480961976,87.6099637345207,49.28905898320841,111.90883814200951,0
2018-02-03 09:24:00,2018-02-03 09:25:00,CIC,937,10051.897545357524,14593839.505869796,10.268943436499466,9622.0,1884.008537886873,1765316.0,,0.0,31141676475430.543,,,5.934898612593383,4.334044823906083,523.8271077908217,1360.1814300960511,850747.1652728538,55862.767954841926,6802983.8675423805,1134502.4132902315,9333078.525080042,6188742.156883671,40043.18224722387,15283.01696596852,0.26360725720384204,0.013874066168623266,0.09178228388473852,0.2550693703308431,0.5090715048025614,0.36926360725720386,0.060832443970117396,0.0,0.2550693703308431,6829.434364994664,22255.86446104589,275.0800426894344,4.339381003201708,60.89944654593383,90.63181981417502,477.90821771611525,8.19957310565635,109.60004284624334,174.2245419453682,3.741728922091782,487.67235859124867,81.05462120771504,136.9332486475016,42963.84069960633,88.75668645424547,60.89944654593383,109.60004284624334,0
2018-02-03 09:25:00,2018-02-03 09:26:00,CIC,1268,7208.013406940063,15561461.943217665,11.600157728706625,14709.0,3088.9534700315457,3916793.0,,0.0,29115573025394.02,,,5.912460567823344,5.687697160883281,519.2444794952681,2569.7089905362777,232230.29031354454,25360.23245971808,4264396.224274488,1214361.642940226,7081292.141167193,3620994.3919558357,20671.392277248233,4548.838899337761,0.5039432176656151,0.0031545741324921135,0.026025236593059938,0.17429022082018927,0.45662460567823343,0.22476340694006308,0.04416403785488959,0.0,0.17429022082018927,6110.967665615142,15296.889589905362,250.64274447949526,12.372239747634069,59.973659017847,80.41875479226262,472.02996845425866,29.410094637223974,141.70846575753154,168.9151799886341,12.33596214511041,478.11908517350156,96.67439594883754,143.67147452588722,50755.52314880009,108.73598961771924,59.973659017847,141.70846575753154,0
2018-02-03 09:26:00,2018-02-03 09:27:00,CIC,1043,6282.552253116011,11100107.511025887,8.744007670182167,9120.0,1159.5177372962607,1209377.0,,0.0,14241002115449.656,,,5.09875359539789,3.645254074784276,470.76030680728667,688.7574304889741,157042.05142105205,16242.865945813437,6110353.921086531,617514.1291040735,7470378.9185043145,5779312.507190796,14861.953672150561,1365.3390560400182,0.32502396931927136,0.004793863854266539,0.024928092042186004,0.22051773729626079,0.5455417066155321,0.3077660594439118,0.014381591562799617,0.0,0.22051773729626079,7058.665388302972,19692.28859060403,261.3978906999041,4.521572387344199,60.54117013527325,90.16601979500096,455.11792905081495,11.62320230105465,103.54542830751677,168.77313148565293,4.520613614573346,463.366251198466,75.40138920882838,131.97482483217547,37760.70403153145,83.64814372891755,60.54117013527325,103.54542830751677,0
2018-02-03 09:27:00,2018-02-03 09:28:00,CIC,3951,4529.115920020248,17439759.75145533,14.27107061503417,56385.0,6386.645912427233,25233638.0,,0.0,15399365898314.28,,,6.3905340420146795,7.880536573019489,423.2280435332827,5963.417868893951,277870.8175885318,19516.62885514564,1884539.3901906516,1349209.317880477,6203646.18400405,1330998.9460895977,17381.575507721427,2065.897993379248,0.6729941786889395,0.006327512022272842,0.033409263477600606,0.10959250822576563,0.343204252088079,0.15439129334345736,0.020248038471273096,0.0,0.10959250822576563,4151.046570488484,5891.520121488231,176.2032396861554,20.549481144014173,51.59620384019413,52.62874061836092,417.80663123259933,48.08605416350291,166.9661211061858,143.17969874671147,20.0946595798532,429.25411288281447,108.3500523503265,138.16035663211946,54415.07291059005,125.39620806214452,51.59620384019413,166.9661211061858,0
2018-02-03 09:28:00,2018-02-03 09:29:00,CIC,1228,10221.649022801303,9400703.247557003,8.219869706840392,10094.0,1192.372964169381,1464234.0,,0.0,16043182658508.268,,,4.792345276872964,3.4275244299674266,421.40228013029315,770.9706840390879,512675.0424769384,38114.039641267955,4424717.929173291,730834.521643929,6185367.4210097715,4046164.8965798044,26195.21545368268,11608.449271776453,0.3469055374592834,0.005700325732899023,0.06270358306188925,0.21986970684039087,0.43159609120521175,0.3265472312703583,0.09039087947882736,0.0,0.21986970684039087,7012.524429967427,18711.784201954397,226.82328990228012,12.603420195439739,57.71124141894137,71.72938023919707,403.9747557003257,17.15798045602606,96.36237917254071,142.32187297623778,11.289087947882736,412.9552117263844,73.72333340623778,114.01800678223127,34493.5555554097,84.75405549267182,57.71124141894137,96.36237917254071,0
2018-02-03 09:29:00,2018-02-03 09:30:00,CIC,1049,14392.038131553862,14631908.020019066,9.165872259294567,9615.0,1182.6205910390847,1240569.0,,0.0,36713825975382.87,,,5.414680648236415,3.7511916110581507,508.3870352716873,674.2335557673975,456486.0874382578,54541.944933099345,6910426.846521286,1274692.7107114585,9118994.498570066,6161222.9914204,41318.53677908217,12807.4543321324,0.3126787416587226,0.002859866539561487,0.055290753098188754,0.24118207816968543,0.4699714013346044,0.446139180171592,0.12392755004766444,0.0,0.24118207816968543,7327.383222116301,21637.38131553861,262.8160152526215,2.530981887511916,57.51966330414204,88.0514950067693,442.8455672068637,5.138226882745472,91.32035473655863,161.0982801618122,2.190657769304099,453.30886558627265,68.88801531282364,124.3541833044528,36625.312860972874,74.86091543121258,57.51966330414204,91.32035473655863,0
2018-02-03 09:30:00,2018-02-03 09:31:00,CIC,1256,13959.692675159236,7039045.949044586,7.256369426751593,9114.0,957.1186305732484,1202141.0,,0.0,25497951235055.043,,,4.392515923566879,2.863853503184713,343.04617834394907,614.0724522292994,696146.3837932739,104728.20598927327,3168493.6355495276,778917.7952168358,4752253.74044586,2742977.742834395,99754.24788676141,2806.0175327366514,0.2921974522292994,0.025477707006369428,0.17277070063694266,0.15605095541401273,0.37977707006369427,0.4737261146496815,0.04538216560509554,0.0,0.15605095541401273,4865.656050955414,14482.964968152866,188.88216560509554,4.805732484076433,46.56980526286625,63.6705829418535,331.734076433121,11.371019108280255,79.94217969845542,120.63288453869109,4.804936305732484,344.3407643312102,61.07295347475716,98.586242279,29345.138005783036,68.9514411568965,46.56980526286625,79.94217969845542,0
2018-02-03 09:31:00,2018-02-03 09:32:00,CIC,1318,5748.566767830045,16646844.10242792,22.728376327769347,29956.0,11521.75569044006,15185674.0,,0.0,27385908999994.184,,,10.389226100151745,12.339150227617603,674.4355083459787,10847.320182094081,366728.29419468157,25209.446170021376,3450480.6688794293,1549982.3972831077,8065232.141881639,2791457.5037936266,22202.1747171521,2873.3821332934103,0.48558421851289835,0.005311077389984826,0.04628224582701062,0.19423368740515934,0.4673748103186646,0.2116843702579666,0.02276176024279211,0.0,0.19423368740515934,5479.475720789074,14464.399848254932,251.149468892261,14.115326251896814,63.47167739693551,81.35585617273445,487.6009104704097,32.352807283763276,149.19401516411986,173.9656676503217,12.851289833080425,505.09332321699543,100.90441292162063,151.40870192662518,52839.52425924372,114.7825047162147,63.47167739693551,149.19401516411986,0
2018-02-03 09:32:00,2018-02-03 09:33:00,CIC,2538,4776.812450748621,13749914.853427896,9.757683215130024,24765.0,2446.456658786446,6209107.0,,0.0,16936518958787.824,,,4.957446808510638,4.800236406619385,350.9062253743105,2095.5504334121356,202400.91583228039,11252.996797779946,2426921.647311233,1173190.296521019,6000528.699763593,1944126.1895193066,8482.264780648005,2730.827773215482,0.5606776989755713,0.00512214342001576,0.02442868400315209,0.1111111111111111,0.425531914893617,0.24428684003152087,0.024034672970843184,0.0,0.1111111111111111,4469.513002364066,7778.500394011032,186.8049645390071,12.609929078014185,49.19100751637746,63.08313890522261,420.09101654846336,32.6063829787234,139.1135523364539,156.72244568272103,12.570133963750985,428.8136327817179,88.58316941446729,135.44032640859731,47528.55364412756,102.13179636982191,49.19100751637746,139.1135523364539,0
2018-02-03 09:33:00,2018-02-03 09:34:00,CIC,951,9497.701366982124,9546949.662460567,12.518401682439537,11905.0,1726.5762355415352,1641974.0,,0.0,28559995073810.664,,,6.8002103049421665,5.718191377497371,561.7497371188223,1164.826498422713,239945.67407969336,24281.813864580352,4140515.3274837295,994088.5131958408,5773028.14721346,3524806.3070452157,17571.62912742249,6633.585955457681,0.3470031545741325,0.0010515247108307045,0.03680336487907466,0.22187171398527866,0.5173501577287066,0.4037854889589905,0.0946372239747634,0.0,0.22187171398527866,6758.941114616194,19221.537329127234,245.53627760252365,2.9621451104100944,56.390989336833854,86.14428705567087,435.71503680336485,6.948475289169296,95.02373045878024,164.1702466214269,2.8622502628811777,444.0441640378549,69.91453808449631,126.30711461507045,35704.88254426849,76.8748406681062,56.390989336833854,95.02373045878024,0
2018-02-03 09:34:00,2018-02-03 09:35:00,CIC,1501,9382.676215856096,16692403.884743504,20.906728847435044,31381.0,10612.973351099266,15930073.0,,0.0,41169108114037.58,,,9.551632245169888,11.355096602265156,575.7208527648235,10037.252498334443,305207.7857634963,36035.48608238753,3357633.534941874,1616396.165262491,6872503.758161226,2507341.4623584277,32498.74909734522,3200.6298532169585,0.46169220519653564,0.006662225183211193,0.06728847435043304,0.15856095936042638,0.42438374417055297,0.30046635576282477,0.05329780146568954,0.0,0.15856095936042638,5244.283144570287,11795.359760159894,212.37974683544303,11.021319120586275,50.37047044164291,66.29997634466756,420.77148567621583,28.54097268487675,132.39331205993804,147.14999571817788,10.82744836775483,429.63157894736844,87.90187352656163,129.6502376389447,46462.877206174984,99.30348054326782,50.37047044164291,132.39331205993804,0
2018-02-03 09:35:00,2018-02-03 09:36:00,CIC,1119,9660.363717605005,15130267.53440572,12.793565683646113,14316.0,4593.092940125111,5139671.0,,0.0,17007874914798.48,,,6.493297587131368,6.3002680965147455,506.77301161751564,4086.319928507596,201596.3464285222,48873.30922214665,4938472.745208724,1004368.8529824605,7475694.820375335,4406737.00714924,42977.86616993457,5283.980738772809,0.3672922252010724,0.008936550491510277,0.09740840035746202,0.1876675603217158,0.45308310991957107,0.34316353887399464,0.05630026809651475,0.0,0.1876675603217158,6085.307417336908,16497.356568364612,226.21268990169796,6.941018766756033,53.24106275511796,74.30946851037534,412.6952636282395,17.220732797140304,113.13036736188829,145.94099351858802,6.833780160857909,422.63985701519215,81.1918512048579,123.78293503142896,41072.20088990302,90.51176485257194,53.24106275511796,113.13036736188829,0
2018-02-03 09:36:00,2018-02-03 09:37:00,CIC,1292,7147.934210526316,12325885.131578946,16.211300309597522,20945.0,7931.298761609907,10247238.0,,0.0,31064940248426.508,,,7.41795665634675,8.793343653250774,441.8854489164087,7489.4133126934985,137896.47129968644,11599.236982243303,3251581.4259173837,1275593.907018575,6289548.572755418,2633624.531733746,8681.853714158175,2881.472317747565,0.41640866873065013,0.0030959752321981426,0.02631578947368421,0.18808049535603716,0.4791021671826625,0.30108359133126933,0.03637770897832817,0.0,0.18808049535603716,6150.763931888545,14910.044891640868,226.80417956656348,8.575851393188854,54.96858796519349,76.37210002866563,427.2871517027864,22.61919504643963,114.50630850826934,154.88921420140014,8.574303405572756,440.4109907120743,78.35474025155341,128.73476649264938,39283.73727571679,88.94494263581346,54.96858796519349,114.50630850826934,0
2018-02-03 09:37:00,2018-02-03 09:38:00,CIC,1113,8340.959568733153,14380335.504043126,13.133872416891284,14618.0,2888.8796046720577,3215323.0,,0.0,27345931718020.367,,,7.114106019766397,6.019766397124887,613.1033243486073,2275.77628032345,455922.05889503035,33691.36456300308,4295238.341173893,1264523.886997048,7378803.563342318,3623589.728661276,22455.15702286048,10933.499862520099,0.4420485175202156,0.0017969451931716084,0.0646900269541779,0.21473495058400718,0.45103324348607365,0.29559748427672955,0.0664869721473495,0.0,0.21473495058400718,5218.084456424079,14883.061096136567,230.76190476190476,10.264150943396226,58.35428607125427,77.37726098104314,413.40161725067384,23.10242587601078,114.42961560410244,148.1435399633019,9.864330637915543,433.28751123090746,81.41480275590835,127.4338174040521,41218.068078113254,92.69108640456155,58.35428607125427,114.42961560410244,0
2018-02-03 09:38:00,2018-02-03 09:39:00,CIC,976,8374.168032786885,13447044.783811476,23.021516393442624,22469.0,11034.57274590164,10769743.0,,0.0,15746282985047.832,,,10.774590163934427,12.246926229508198,688.5676229508197,10346.005122950819,206993.48077440314,19023.074220530525,5248619.789401752,838771.2768333114,7125094.047131147,4791322.701844262,13480.929919835384,5464.180881934497,0.2858606557377049,0.005122950819672131,0.04815573770491803,0.22438524590163936,0.48258196721311475,0.2725409836065574,0.03483606557377049,0.0,0.22438524590163936,6032.851434426229,18388.054303278688,247.5420081967213,8.059426229508198,60.20789205846414,82.31876911555226,409.97233606557376,11.770491803278688,94.20515071916394,146.8580029489334,7.844262295081967,429.094262295082,73.49765288348053,119.32576474768135,35682.10331792634,82.31738242255429,60.20789205846414,94.20515071916394,0
2018-02-03 09:39:00,2018-02-03 09:40:00,CIC,992,8948.453629032258,11751982.657258065,11.644153225806452,11551.0,2239.4304435483873,2221515.0,,0.0,22799451704946.297,,,6.368951612903226,5.275201612903226,590.9435483870968,1648.4868951612902,268141.55029413063,34714.033554188405,4003884.379678051,1039395.6371797719,6242636.568548387,3406505.6824596776,32040.20344396649,2428.8722125727913,0.3326612903225806,0.005040322580645161,0.06854838709677419,0.29939516129032256,0.5403225806451613,0.3004032258064516,0.03931451612903226,0.0,0.29939516129032256,6433.597782258064,23508.417338709678,296.9193548387097,6.14616935483871,67.2478089817893,98.32790382077721,524.4052419354839,14.644153225806452,120.49315708157258,188.8130227850635,6.098790322580645,532.3971774193549,87.42363587444456,148.84900160385183,45430.80889709553,96.93192828140222,67.2478089817893,120.49315708157258,0
2018-02-03 09:40:00,2018-02-03 09:41:00,CIC,2227,5134.449932644814,16287169.591378536,20.96138302649304,46681.0,12956.395150426582,28853892.0,,0.0,17287742437436.156,,,8.446340368208352,12.515042658284688,502.90480466995956,12453.490345756623,227064.3515324374,21703.429113458824,2564540.1611493877,1184943.3922858739,6198340.405029187,2050005.819937135,19878.987485501013,1697.7489569657773,0.6052986079928154,0.003143242029636282,0.03592276605298608,0.12707678491243826,0.38033228558599014,0.1674898967220476,0.01347103726986978,0.0,0.12707678491243826,4161.960484957342,10415.983385720701,204.32824427480915,17.450381679389313,54.3162294256044,62.43312517625325,432.4804669959587,41.676246070947464,157.37538277233048,148.04208195938708,17.415806017063314,442.6564885496183,102.99065317843197,137.3655871256138,51273.559162662044,118.20638671264886,54.3162294256044,157.37538277233048,0
2018-02-03 09:41:00,2018-02-03 09:42:00,CIC,3023,4438.681773073106,17687094.228250083,18.406549784981806,55643.0,9059.654316903738,27387335.0,,0.0,18171739893272.99,,,8.061197485941118,10.345352299040687,480.2596758187231,8579.394641085015,189527.10876168497,15317.66079723043,1969454.1352575333,1242638.2483676753,5361284.780350645,1365660.0367184915,13414.220615384833,1802.099389349837,0.6705259675818723,0.0016539861065167053,0.032748924909030766,0.09626199139927225,0.3466754879259014,0.1508435329143235,0.020509427720807147,0.0,0.09626199139927225,4154.351306649024,7722.192193185577,189.7330466424082,19.914323519682434,51.69559129525571,56.59190573001257,432.02613298048294,50.945749255706254,163.67168444445252,147.55423348806053,19.866027125372145,439.16374462454513,104.34773328228249,139.5294392780794,53451.8771723511,121.53074214631624,51.69559129525571,163.67168444445252,0
2018-02-03 09:42:00,2018-02-03 09:43:00,CIC,1097,12767.773928896991,7293002.565177757,32.446672743846854,35594.0,20038.923427529626,21982699.0,,0.0,17583960031520.754,,,13.266180492251594,19.18049225159526,572.9872379216043,19465.936189608023,168171.22797321304,35650.32239774938,3411162.4152569813,796564.0315811384,4753590.1020966275,2928243.6207839563,28316.396175087364,7073.942103331578,0.4029170464904284,0.004557885141294439,0.027347310847766638,0.22151321786690975,0.4457611668185962,0.3810391978122151,0.11759343664539654,0.0,0.22151321786690975,6429.278942570647,21001.47584320875,243.19598906107566,6.7538742023701,57.26682788759617,81.37218740508933,424.175934366454,16.2771194165907,102.47775060592525,150.34188704070192,6.6836827711941655,431.5870556061987,74.75055806057247,122.32917851671195,37512.617548542956,83.57091133722425,57.26682788759617,102.47775060592525,0
2018-02-03 09:43:00,2018-02-03 09:44:00,CIC,1470,11465.348979591838,9768248.636734694,13.156462585034014,19340.0,4960.5204081632655,7291965.0,,0.0,22667607871093.113,,,6.514285714285714,6.642176870748299,415.6340136054422,4544.886394557823,375294.9129741799,34409.90087758263,3833761.2876992654,1098525.180747064,6286931.87414966,3249424.3523809523,25391.976798616957,8807.251216488603,0.46122448979591835,0.003401360544217687,0.06870748299319727,0.17755102040816326,0.38299319727891157,0.34217687074829933,0.08571428571428572,0.0,0.17755102040816326,5635.9047619047615,13392.737414965986,210.40272108843538,9.93061224489796,52.54911736071293,70.32877176061565,386.9517006802721,24.559183673469388,122.32376718694557,140.14449664798843,9.683673469387756,404.752380952381,83.86213608370339,124.07522893501498,43057.259352384965,94.94407021993332,52.54911736071293,122.32376718694557,0
2018-02-03 09:44:00,2018-02-03 09:45:00,CIC,1107,8144.8943089430895,9958231.141824752,46.76332429990966,51767.0,31903.08943089431,35316720.0,,0.0,22744655319745.996,,,18.20776874435411,28.555555555555557,731.3432700993677,31171.74616079494,343536.9106240399,21935.220741575373,3836441.4212250807,999414.6831049251,6093635.315266486,3293708.6711833784,13800.648917831657,7995.866725477195,0.41192411924119243,0.0027100271002710027,0.03071364046973803,0.2719060523938573,0.5031616982836495,0.24480578139114725,0.04607046070460705,0.0,0.2728093947606143,6298.487804878048,19283.488708220415,250.77416440831075,10.84914182475158,60.96457382010028,81.33453025096387,481.3333333333333,23.631436314363143,134.0089231187895,171.94081717663957,10.566395663956639,489.50225835591687,91.91081395628184,142.4288230160542,46890.29032261736,103.06537345762872,60.96457382010028,134.0089231187895,0
2018-02-03 09:45:00,2018-02-03 09:46:00,CIC,1270,5639.365354330708,15628576.13070866,18.233070866141734,23156.0,6919.134645669292,8787301.0,,0.0,18829057058106.734,,,8.631496062992126,9.601574803149607,656.8944881889764,6262.240157480315,68601.44906502051,4893.73812444368,3282696.592896092,1143548.5878703536,6758824.694488189,2744478.2196850395,4117.701594230074,756.7698446969882,0.5165354330708661,0.0,0.024409448818897637,0.1795275590551181,0.5015748031496063,0.17874015748031497,0.014173228346456693,0.0,0.1795275590551181,6474.735433070866,15015.774803149607,255.45826771653543,12.65275590551181,63.15826876434804,83.20439332897166,526.4094488188977,32.7007874015748,172.852090727,188.41380396227794,12.62755905511811,536.6251968503936,115.47033074354802,165.40747243002912,62429.23659549728,128.90370724002676,63.15826876434804,172.852090727,0
2018-02-03 09:46:00,2018-02-03 09:47:00,CIC,1531,5931.720444154148,14159855.71260614,10.279555845852384,15738.0,1992.8229915088177,3051012.0,,0.0,23562021389774.633,,,5.587197909862835,4.692357935989549,424.62900065316785,1568.1939908556499,340843.6675200995,17297.150766142484,3895946.207626336,1186807.292500916,7234922.153494448,3371551.615937296,15504.64627950348,1724.716828626366,0.403004572175049,0.005878510777269758,0.03069888961463096,0.20444154147615937,0.45460483344219466,0.2155453951665578,0.020901371652514697,0.0,0.20444154147615937,5313.578706727629,13984.28870019595,217.6218158066623,18.51796211626388,61.417570161896144,69.51250389081319,453.03069888961465,29.708687132593077,134.11987644229916,164.37134218260613,18.10385369039843,458.21881123448725,91.96432800378184,132.95932545988308,44584.220470031374,107.15537130383932,61.417570161896144,134.11987644229916,0
2018-02-03 09:47:00,2018-02-03 09:48:00,CIC,1791,6222.379676158571,13916228.041876046,14.7749860413177,26462.0,5960.4399776661085,10675148.0,,0.0,16842622958650.906,,,6.802903405918482,7.972082635399218,535.6996091568956,5424.740368509213,178707.6905186833,19896.051691908564,3053278.5679437267,1158900.0169905748,6595372.062534897,2561371.6147403684,17454.61455355563,2419.219325374588,0.5019542155220548,0.0016750418760469012,0.018983807928531545,0.16806253489670575,0.4584031267448353,0.2300390843104411,0.029034059184812954,0.0,0.16806253489670575,5879.231155778894,14097.926856504746,231.5683975432719,13.298715801228363,60.585316651350645,75.09085787048521,465.56951423785597,33.33445002791736,143.99979014631492,164.81371347868063,13.238414293690676,471.34115019542156,98.06309016436963,142.18703542950865,48313.67283334289,111.51777127652596,60.585316651350645,143.99979014631492,0
2018-02-03 09:48:00,2018-02-03 09:49:00,CIC,2366,6461.8474218089605,8098901.494928149,8.591293322062553,20327.0,1596.6703296703297,3777722.0,,0.0,9643116672083.227,,,4.654268808114962,3.937024513947591,337.13229078613693,1259.5380388841927,188618.09632347245,21884.79643946413,3000489.897888258,595533.7209944099,4598138.646661031,2709215.0452240068,18328.072297252067,3464.2271160086734,0.46999154691462386,0.002113271344040575,0.032121724429416736,0.22020287404902789,0.437447168216399,0.30135249366018596,0.0452240067624683,0.0,0.22020287404902789,5346.093406593406,12244.690617075232,187.58579881656806,11.041420118343195,49.5249490783098,63.78126067577345,392.21682163989857,22.604395604395606,111.41979327707523,147.23265865932797,10.990278951817414,397.87278106508876,75.59382716252114,119.27943216324599,36079.54829063954,87.14563193045774,49.5249490783098,111.41979327707523,0
2018-02-03 09:49:00,2018-02-03 09:50:00,CIC,1639,8556.018913971933,15273512.220866382,13.921903599755948,22818.0,3931.959121415497,6444481.0,,0.0,16419185671064.105,,,7.1061622940817575,6.815741305674192,485.9176327028676,3446.04148871263,282467.42277774116,35802.195799262554,4903904.707268394,1004923.0508231852,7879343.446613789,4458326.494813911,32074.439386211536,3531.1610733855814,0.4643075045759609,0.006101281269066504,0.050030506406345335,0.2324588163514338,0.4423428920073215,0.24954240390482002,0.044539353264185476,0.0,0.2324588163514338,6731.20317266626,17019.845027455765,237.816961561928,11.584502745576572,58.05760977198414,75.92004223466382,468.9322757779134,28.491153142159853,130.06276555977425,163.90385808619888,11.584502745576572,477.0835875533862,88.66596033370776,138.28617607558206,45695.6979869677,100.97405905309091,58.05760977198414,130.06276555977425,0
2018-02-03 09:50:00,2018-02-03 09:51:00,CIC,2096,7786.529580152672,19039780.7490458,17.407919847328245,36487.0,8906.771946564886,18668594.0,,0.0,28694616256814.195,,,7.486641221374046,9.921278625954198,773.1474236641221,8133.624522900764,162895.80099495727,23327.04817755796,3875558.4217655603,1442516.3183608116,7715141.112595419,3169353.6078244275,20154.5699217531,3038.926453934935,0.5004770992366412,0.004770992366412214,0.0491412213740458,0.2008587786259542,0.446087786259542,0.24188931297709923,0.035305343511450385,0.0,0.2008587786259542,6374.732824427481,12850.665553435114,229.3239503816794,12.470896946564885,55.314881976834926,71.75049945013073,489.0458015267176,32.161736641221374,151.5876270225,171.9099461718101,12.43416030534351,498.94847328244276,100.45130336067844,149.5760742014881,54280.45837747522,113.25920671363025,55.314881976834926,151.5876270225,0
2018-02-03 09:51:00,2018-02-03 09:52:00,CIC,1280,8651.1296875,13437519.1671875,20.32578125,26017.0,7977.853125,10211652.0,,0.0,10906852443942.484,,,9.746875,10.57890625,599.01953125,7378.83359375,63079.72850854994,14660.289375989978,6054492.29084738,899989.385146558,8993616.296875,5683775.053125,11852.281375737653,2762.194596007475,0.4125,0.00234375,0.03046875,0.25390625,0.4828125,0.271875,0.04609375,0.0,0.25390625,8054.48359375,20675.31171875,263.003125,9.37109375,62.048803066604684,84.47639560994688,503.43125,22.7640625,135.02266055622655,179.17922812976954,9.3703125,506.86640625,92.55152417434688,145.5838606324922,48120.1284367358,103.59174416943047,62.048803066604684,135.02266055622655,0
2018-02-03 09:52:00,2018-02-03 09:53:00,CIC,1844,10364.072125813449,15783447.353036877,11.422451193058569,21063.0,2472.2982646420824,4558918.0,,0.0,22682807314504.79,,,6.145336225596529,5.2771149674620395,426.13882863340564,2046.1594360086767,160093.51007116988,38390.001598162526,5554861.131982938,1046371.2387036668,7995537.538503254,5016967.228308026,33036.12138094368,5104.053742910517,0.46637744034707157,0.0070498915401301515,0.050433839479392624,0.19468546637744036,0.39099783080260303,0.3080260303687636,0.06832971800433839,0.0,0.19468546637744036,6599.191973969631,13953.946854663775,205.0092190889371,11.483188720173535,50.37127562838828,64.51413338397343,400.8280911062907,28.383947939262473,117.04509572832755,139.35609613656888,11.391540130151844,409.4013015184382,78.78232517512147,119.45469800966974,39397.905835120255,90.07149988608948,50.37127562838828,117.04509572832755,0
2018-02-03 09:53:00,2018-02-03 09:54:00,CIC,1249,8672.831865492393,12852938.190552441,14.583666933546837,18215.0,3630.8158526821458,4534889.0,,0.0,8801413457160.324,,,7.760608486789431,6.823058446757406,547.2770216172938,3083.538831064852,347381.6750375911,36468.733668387315,6385635.026348395,711401.8504602523,8705336.416333066,6078641.811048839,34468.68885161766,1737.259706336626,0.41313050440352284,0.006405124099279423,0.06725380304243395,0.24739791833466773,0.47157726180944753,0.2922337870296237,0.02722177742193755,0.0,0.24739791833466773,8333.767013610888,19702.602081665333,252.62289831865493,8.989591673338671,60.39945121729224,80.75629192318014,477.24259407526023,23.060048038430743,125.19086932369896,166.2575994856285,8.989591673338671,483.9727782225781,88.16135348924018,138.19447832022178,44308.81692362913,99.00318331490313,60.39945121729224,125.19086932369896,0
2018-02-03 09:54:00,2018-02-03 09:55:00,CIC,3238,6108.725138974676,18034171.79802347,19.164298949969115,62054.0,10154.659048795553,32880786.0,,0.0,16331811997669.555,,,8.29987646695491,10.864422483014206,458.91012970969734,9695.748919085856,168010.75401540622,14972.136164901993,3306177.7881076257,1249457.456752315,7401269.088634959,2770953.457689932,12079.366169972618,2823.4117364376752,0.6411365040148239,0.004632489190858555,0.03705991352686844,0.11334156886967264,0.3820259419394688,0.17387276096355775,0.027177269919703522,0.0,0.11334156886967264,5390.421247683756,10410.409512044473,204.1939468807906,17.515132798023473,53.65905361670475,61.89265933327949,465.1822112415071,43.79956763434219,162.69258007968685,159.72340922757536,17.456145768993206,471.62476837554044,104.28209322977146,145.67173483373747,54521.72440493893,119.92510308196357,53.65905361670475,162.69258007968685,0
2018-02-03 09:55:00,2018-02-03 09:56:00,CIC,1123,10160.966162065895,13581981.344612645,11.738201246660731,13182.0,2056.9964381121995,2310007.0,,0.0,7862959624666.655,,,6.491540516473731,5.246660730186999,586.6740872662511,1470.3223508459484,40172.086889019156,22900.450573242695,7894978.924650143,525333.567402915,9319921.33748887,7635476.923419412,19212.651105848243,3585.838423274878,0.3490650044523598,0.009795191451469279,0.024933214603739984,0.28138913624220835,0.5378450578806767,0.3134461264470169,0.07212822796081923,0.0,0.28138913624220835,9674.53517364203,26475.34372217275,299.1522707034728,5.0062333036509346,65.72870622738824,97.25966484093411,526.3232413178985,13.007123775601068,116.95855570424754,186.81394026239536,4.93766696349065,532.9581478183437,85.23055730247641,146.64767145894746,44409.23939525774,93.63425006191184,65.72870622738824,116.95855570513802,0
2018-02-03 09:56:00,2018-02-03 09:57:00,CIC,1296,11148.891203703704,13684515.576388888,10.027777777777779,12996.0,1354.445987654321,1755362.0,,0.0,22289159194000.113,,,5.6875,4.340277777777778,520.7476851851852,833.6983024691358,260161.34551136006,26399.594418025634,6607143.146894626,1303358.8366124476,9973459.096450618,6031631.395061729,18552.593549038324,7684.04040983163,0.3387345679012346,0.0007716049382716049,0.033179012345679014,0.22762345679012347,0.5046296296296297,0.39969135802469136,0.08873456790123457,0.0,0.22762345679012347,8606.625,19654.716049382718,267.63811728395063,3.8410493827160495,59.43940083210802,90.46645424598996,470.2708333333333,10.314814814814815,109.38826685727624,173.90799560160494,3.742283950617284,482.1820987654321,77.28339262961497,136.46897558992669,41435.35878685437,84.79590942934337,59.43940083210802,109.38826685727624,0
2018-02-03 09:57:00,2018-02-03 09:58:00,CIC,1322,12431.192889561271,13554577.56354009,15.60590015128593,20631.0,5410.243570347958,7152342.0,,0.0,11631352059930.879,,,7.9394856278366115,7.666414523449319,576.6164901664146,4833.6270801815435,449917.71971932956,64965.70415187719,7304931.687033228,599120.3033511442,8926039.308623297,7011690.024205749,61388.70255611323,2692.4458661660856,0.3101361573373676,0.015128593040847202,0.12254160363086233,0.2118003025718608,0.4372163388804841,0.4198184568835098,0.059001512859304085,0.0,0.2118003025718608,8041.641452344932,19208.864599092285,236.70574886535553,4.426626323751891,52.217164568990924,76.81053511016869,423.0196671709531,10.195158850226928,96.82517719270047,151.18942293001513,4.322239031770045,430.7957639939486,71.25782080568153,120.0166285173124,36289.98887905081,78.9960953770484,52.217164568990924,96.82517719270047,0
2018-02-03 09:58:00,2018-02-03 09:59:00,CIC,1273,6324.129615082482,15335649.124901807,11.936370777690495,15195.0,3023.528672427337,3848952.0,,0.0,16755095438876.418,,,6.294579732914375,5.641791044776119,489.28593872741556,2534.2427336999212,91096.89374226982,6711.863900099655,6731677.023877813,972365.4937484253,9364036.211311862,6268596.431264729,5120.66835483584,1585.9230678032295,0.4147682639434407,0.0007855459544383347,0.02749410840534171,0.21916732128829536,0.46190102120974075,0.20502749410840534,0.009426551453260016,0.0,0.21916732128829536,8221.193244304792,18805.620581304007,254.94186959937156,12.633935585231736,61.77856532720109,80.34156984996858,487.8523173605656,26.206598586017282,128.1762148019796,171.36283043111547,12.609583660644148,493.81696779261586,88.40014446305106,138.93381524220896,44320.36806210154,100.5080522093802,61.77856532720109,128.1762148019796,0
2018-02-03 09:59:00,2018-02-03 10:00:00,CIC,1839,6159.31430125068,14756790.239804242,12.616639477977161,23202.0,4101.274061990212,7542243.0,,0.0,18539652697615.457,,,6.078847199564981,6.537792278412181,496.13974986405657,3605.1343121261557,210570.29534361733,14244.367913259872,4897658.053099691,1018060.8458377742,8085545.332245786,4475405.104404568,9763.524746127647,4434.368883598599,0.5889070146818923,0.004350190320826536,0.025013594344752584,0.1952147906470908,0.40402392604676457,0.1859706362153344,0.025013594344752584,0.0,0.1952147906470908,6668.591082109842,13602.879825992388,214.5095160413268,16.098966829798805,56.64983940979282,65.81670114640403,444.6797172376291,37.517672648178355,143.66719727578575,153.98174099452422,15.979336595976074,450.6585100598151,96.14940089529091,134.91710100679282,47813.12667944007,110.48401937560467,56.64983940979282,143.66719727578575,0
2018-02-03 10:00:00,2018-02-03 10:01:00,CIC,871,9475.545350172215,19901342.205510907,16.0390355912744,13970.0,2698.352468427095,2350265.0,,0.0,23685345307418.805,,,9.04707233065442,6.991963260619977,809.9896670493686,1888.3628013777268,38840.78685036635,13293.34446206443,11823331.089344336,942811.9542165159,13841582.06544202,11305519.075774971,11423.887509098917,1823.6704623241872,0.22502870264064295,0.003444316877152698,0.021814006888633754,0.38461538461538464,0.5843857634902411,0.3157290470723307,0.03214695752009185,0.0,0.38461538461538464,11138.39150401837,27551.553386911597,321.894374282434,1.9494833524684272,68.10615583234329,105.65098178779334,548.4557979334098,5.385763490241102,112.15523170461883,197.62552560630309,1.9494833524684272,556.1653272101033,82.82423812792882,150.64785896565672,44946.19811426273,89.27420095722273,68.10615583234329,112.15523170461883,0
2018-02-03 10:01:00,2018-02-03 10:02:00,CIC,1177,9206.446898895498,17610888.002548855,15.683092608326254,18459.0,5648.313508920985,6648065.0,,0.0,36858036358766.77,,,7.964316057774002,7.718776550552252,554.2302463891249,5094.083262531861,102413.47126611586,33480.46277430412,6956240.373350356,1680166.167850106,11533256.079014443,6236289.587935429,30352.62058175759,2729.6038929290003,0.3466440101954121,0.004248088360237893,0.05777400169923534,0.25658453695836875,0.4817332200509771,0.2812234494477485,0.026338147833474938,0.0,0.25658453695836875,8407.92948173322,19381.953271028036,268.2285471537808,9.071367884451996,62.345608466689036,85.95431269724638,505.857264231096,22.05947323704333,132.73802683186915,181.59581337969414,8.960067969413764,512.9906542056075,90.41023161858199,146.00373893494393,47500.790614428704,101.24810440840102,62.345608466689036,132.73802683186915,0
2018-02-03 10:02:00,2018-02-03 10:03:00,CIC,1067,9294.927835051547,15972438.920337394,15.484536082474227,16522.0,3764.8406747891286,4017085.0,,0.0,27783406078130.99,,,8.322399250234302,7.162136832239925,718.8519212746016,3045.9887535145267,314758.6521465311,32868.00400184156,8335670.798467071,1174021.5180011876,11324853.740393627,7762475.667291472,30238.374457175378,2290.784142697831,0.316776007497657,0.004686035613870665,0.05435801312089972,0.30927835051546393,0.5248359887535146,0.30740393626991563,0.046860356138706656,0.0,0.30927835051546393,9041.411433926898,22781.641049671976,295.3992502343018,8.358950328022493,68.37797927855482,95.89820005393345,509.2183692596064,13.12933458294283,126.43079882555763,184.60280316126523,8.358950328022493,521.1827553889409,93.1650262365567,147.6637015480956,48694.44132166125,103.48705807306278,68.37797927855482,126.43079882555763,0
2018-02-03 10:03:00,2018-02-03 10:04:00,CIC,2001,5583.921039480259,15820435.994002998,14.282358820589705,28579.0,5121.395302348826,10247912.0,,0.0,10215634879890.787,,,6.771114442778611,7.511244377811095,482.3878060969515,4639.007496251874,230081.94800681065,16273.318788420189,5213582.727371714,846820.2462180583,7963399.972513743,4868592.951024488,14254.996953713306,1977.6588692764392,0.4897551224387806,0.0,0.02148925537231384,0.13143428285857073,0.4917541229385307,0.3148425787106447,0.02948525737131434,0.0,0.13143428285857073,6687.632683658171,10280.933033483258,201.85107446276862,8.669665167416293,50.228066714143424,69.45092361088706,441.5687156421789,17.42278860569715,131.03863086166416,170.78167840448776,8.614692653673163,449.5262368815592,89.3379209828026,139.95981619808796,47410.44884038057,99.8413736770085,50.228066714143424,131.03863086166416,0
2018-02-03 10:04:00,2018-02-03 10:05:00,CIC,777,10724.722007722008,16084968.54054054,11.858429858429858,9214.0,1736.2445302445303,1349062.0,,0.0,17911332200503.207,,,6.776061776061776,5.082368082368083,496.54954954954957,1239.6949806949806,437972.3080184264,34867.30476239391,9329221.455659134,809432.3746283875,10932481.812097812,8836492.87001287,29330.707925071776,5312.225506761308,0.28314028314028317,0.009009009009009009,0.09266409266409266,0.25225225225225223,0.5057915057915058,0.40025740025740025,0.07464607464607464,0.0,0.25225225225225223,10100.66924066924,21157.749034749035,260.3822393822394,4.574002574002574,56.425643878341056,84.58548171033719,455.25740025740026,8.271557271557272,99.75490775763193,165.35172474337196,4.051480051480051,463.2059202059202,73.45883652418019,127.8738328835843,38029.03891740558,80.76439085215057,56.425643878341056,99.75490775763193,0
2018-02-03 10:05:00,2018-02-03 10:06:00,CIC,742,13879.417789757412,17009507.766846363,10.880053908355794,8073.0,1185.2479784366576,879454.0,,0.0,11463925874634.037,,,6.514824797843666,4.3652291105121295,497.0592991913747,688.188679245283,299328.2661112917,33721.923027768724,10572605.10433278,820623.5260454095,12363422.648247978,10163135.664420485,30327.4930703543,3212.640614938717,0.1954177897574124,0.006738544474393531,0.07412398921832884,0.24123989218328842,0.5107816711590296,0.42048517520215634,0.05256064690026954,0.0,0.24123989218328842,11286.454177897574,21963.656334231808,255.11725067385444,2.3557951482479784,52.984071030576814,82.72532482735849,430.6145552560647,4.727762803234501,90.01251421091645,157.69201804280323,1.994609164420485,436.96900269541777,65.57587012140296,118.7108364085984,33618.4387585785,71.17982019975337,52.984071030576814,90.01251421091645,0
2018-02-03 10:06:00,2018-02-03 10:07:00,CIC,986,9600.7261663286,14564377.19979716,10.766734279918865,10616.0,1272.7565922920892,1254938.0,,0.0,12050654579031.78,,,6.314401622718052,4.452332657200811,448.3468559837728,824.4097363083164,337635.456281817,30267.09462893576,9221472.400091903,490885.8857707557,10157561.375253549,8921876.990872212,26763.29606722125,3258.223757305205,0.22616632860040567,0.002028397565922921,0.06490872210953347,0.20588235294117646,0.5304259634888439,0.39655172413793105,0.017241379310344827,0.0,0.20588235294117646,10089.470588235294,19892.44827586207,238.11663286004057,1.6501014198782962,50.991550741542596,80.57821352715922,422.32758620689657,3.6886409736308314,89.13763347615924,158.87509381744422,1.4918864097363083,427.59026369168356,64.8410033465933,118.82362355785497,32461.202740647987,70.7415839374858,50.991550741542596,89.13763347615924,0
2018-02-03 10:07:00,2018-02-03 10:08:00,CIC,1915,4986.1227154047,16733893.473629244,17.488250652741513,33490.0,7982.299216710183,15286103.0,,0.0,9761804615107.285,,,8.239686684073106,9.248563968668407,453.1164490861619,7529.182767624021,136437.663402008,7234.33975296511,4069367.19345278,1033684.2422032686,7747152.460052219,3667513.708616188,6291.674519238974,923.7766181317949,0.5921671018276763,0.0020887728459530026,0.02454308093994778,0.11436031331592689,0.38746736292428197,0.15091383812010445,0.006266318537859008,0.0,0.11436031331592689,5650.198433420365,10194.980678851174,198.48563968668407,18.389556135770235,52.544119943215144,58.245796126070495,445.86109660574414,44.02610966057441,159.40647791379843,152.42171807310652,18.26579634464752,450.10391644908617,101.4289659052799,137.9455147701217,50377.926871983895,117.12970933376083,52.544119943215144,159.40647791379843,0
2018-02-03 10:08:00,2018-02-03 10:09:00,CIC,3814,4646.9630309386475,17423782.65941269,13.654431043523859,52078.0,4930.206607236497,18803808.0,,0.0,15193875725681.44,,,6.434976402726796,7.219454640797063,401.7042475091767,4528.50235972732,181874.14571851527,11683.880868501985,2646496.156070356,1210289.3664284192,6713249.684845307,2162480.2936549555,9834.115665539228,1791.560237944301,0.6641321447299423,0.008127949659150499,0.0254326166754064,0.06633455689564761,0.3337703198741479,0.16832721552176194,0.018615626638699527,0.0,0.06633455689564761,4615.334819087572,6257.772155217619,175.1955951756686,20.151284740429993,49.66804951125931,51.90380279122574,435.1449921342423,51.71080230728894,172.81366647425355,149.4068161549772,20.09884635553225,439.1646565285789,108.46349264147403,141.89673530875012,56696.32010627818,126.04687328161405,49.66804951125931,172.81366647425355,0
2018-02-03 10:09:00,2018-02-03 10:10:00,CIC,1113,13691.703504043127,14048131.033243487,9.104222821203953,10133.0,1095.7987421383648,1219624.0,,0.0,14042196917941.885,,,5.300988319856244,3.803234501347709,396.8463611859838,698.952380952381,263595.73850599723,29409.547275549787,7708197.909132632,733408.4972620361,9315618.00359389,7324252.153638814,19835.834737740664,9468.017848543399,0.3971248876909254,0.0026954177897574125,0.028751123090745734,0.20305480682839172,0.4168912848158131,0.3836477987421384,0.11859838274932614,0.0,0.20305480682839172,9278.928122192274,18781.723270440252,212.41060197663973,8.701707097933513,49.51839371940971,67.17861383943576,386.7088948787062,19.31895777178796,96.60627044915545,137.18315182249776,7.213836477987422,390.214734950584,66.92664544921294,109.65934863808447,32744.075793893062,75.92113896885444,49.51839371940971,96.60627044915545,0
2018-02-03 10:10:00,2018-02-03 10:11:00,CIC,1553,14337.144880875725,13086311.562137797,10.663876368319382,16561.0,2254.047649710238,3500536.0,,0.0,24379039609339.375,,,5.7314874436574375,4.932388924661945,370.7656149388281,1883.2820347714103,481965.1367264169,72095.14641941285,5134027.665780131,1215758.8859592238,7706054.500321957,4505510.560849967,61519.56404706192,9182.887979392053,0.3837733419188667,0.0103026400515132,0.14359304571796522,0.12749517063747584,0.31036703155183515,0.5028976175144881,0.07276239536381197,0.0,0.12749517063747584,6258.251126851255,11256.964584674823,175.63940759819704,7.114616870573085,43.10399539457952,57.90943606814745,317.00515132002573,17.884739214423696,89.814567499085,111.83774336647134,6.850611719253059,330.2472633612363,65.92927554684417,97.38672036304057,30784.764171861363,74.6492477746085,43.10399539457952,89.814567499085,0
2018-02-03 10:11:00,2018-02-03 10:12:00,CIC,1026,11260.37037037037,14195052.13645224,9.090643274853802,9327.0,1063.6510721247564,1091306.0,,0.0,7956955801383.581,,,5.441520467836257,3.6491228070175437,403.6900584795322,659.9610136452242,296987.98144459777,67547.44232052543,8472634.842580704,688623.2203090735,10344923.487329435,8156194.528265107,63224.309572708196,3467.2684689669854,0.3079922027290448,0.004873294346978557,0.09649122807017543,0.20175438596491227,0.4191033138401559,0.38791423001949316,0.03313840155945419,0.0,0.20175438596491227,7845.858674463938,16705.56335282651,219.62378167641324,6.8235867446393765,51.65472732796491,71.90801178249514,377.5302144249513,16.48148148148148,91.75555163358675,134.14190352984406,6.666666666666667,389.2426900584795,67.19762675875633,109.58848702167057,31872.12490356131,76.11558256469785,51.65472732796491,91.75555163358675,0
2018-02-03 10:12:00,2018-02-03 10:13:00,CIC,611,8253.936170212766,19129187.327332243,12.48936170212766,7631.0,1585.8183306055646,968935.0,,0.0,10515622934958.89,,,7.189852700490999,5.299509001636661,547.165302782324,1038.6530278232406,129519.0449689631,6816.1388619277395,12461953.287739787,718835.7676379349,13948256.114566285,12040154.834697217,4831.865558644915,1984.2733032764106,0.220949263502455,0.0,0.009819967266775777,0.2945990180032733,0.5891980360065466,0.28314238952536824,0.009819967266775777,0.0,0.2945990180032733,12033.265139116203,25142.06055646481,296.0229132569558,3.878887070376432,61.4242160775401,95.44559971390672,518.620294599018,7.315875613747954,113.10192852891981,190.16182057775777,3.775777414075286,523.4893617021277,80.40002335485596,143.5377064290884,42972.81871405295,87.47806467094927,61.4242160775401,113.10192852891981,1
2018-02-03 10:13:00,2018-02-03 10:14:00,CIC,594,9848.035353535353,17030996.557239056,12.218855218855218,7258.0,1374.077441077441,816202.0,,0.0,4052215898967.986,,,7.218855218855219,5.0,576.2878787878788,797.7895622895622,166609.28108897418,9392.994608127094,12139785.687017335,513463.17356356606,13416732.373737374,11849363.8989899,5676.554510519464,3700.6269753283386,0.18855218855218855,0.0,0.021885521885521887,0.3434343434343434,0.6481481481481481,0.3164983164983165,0.016835016835016835,0.0,0.3434343434343434,14667.06228956229,27314.890572390574,313.7255892255892,1.2878787878787878,65.18104041793097,103.72566452467677,534.4915824915824,2.057239057239057,107.15340727981483,195.22121895737374,1.0,541.1767676767677,78.3327573529798,145.72011688202022,41618.22884706944,84.08308785217676,65.18104041793097,107.15340727981483,1
2018-02-03 10:14:00,2018-02-03 10:15:00,CIC,1661,6005.909692956051,20281351.992775436,15.304635761589404,25421.0,6334.508127633955,10521618.0,,0.0,8832316147962.62,,,7.29319686935581,8.011438892233594,515.7236604455147,5818.78446718844,146724.668274241,5932.046572936348,5770476.127702926,1045111.2134340632,9051456.665863937,5306731.69114991,3939.636144886517,1978.124945645471,0.5484647802528597,0.0012040939193257074,0.02588801926550271,0.11980734497290789,0.4244431065623119,0.19566526189042746,0.012642986152919929,0.0,0.11980734497290789,6613.650210716436,10087.099337748345,211.30042143287176,15.288380493678506,56.209176162959665,64.99272374952257,436.1276339554485,37.039133052378084,156.71203697409152,152.1271874187092,14.117399157134257,450.735701384708,105.62422343625346,141.97202903944853,54305.909543373826,119.73891489585611,56.209176162959665,156.71203697409152,1
2018-02-03 10:15:00,2018-02-03 10:16:00,CIC,782,10438.056265984655,15546702.89258312,12.263427109974424,9590.0,1298.5549872122763,1015470.0,,0.0,21251148427510.492,,,7.228900255754476,5.034526854219949,523.0984654731458,775.4565217391304,71191.19264368535,17199.51220191989,10273565.987358425,710262.4220853735,11530623.556265984,9834964.309462916,13991.139019186856,3142.3903992628975,0.3145780051150895,0.0038363171355498722,0.02557544757033248,0.23273657289002558,0.5076726342710998,0.3414322250639386,0.06010230179028133,0.0,0.23273657289002558,10410.212276214834,20691.358056265984,252.13427109974424,5.670076726342711,57.208546708945015,83.3530092085959,423.806905370844,12.40153452685422,95.16003078223785,150.8388531470588,5.485933503836317,435.98721227621485,70.12204200195396,119.3082623259808,33785.17282837353,77.75225818771612,57.208546708945015,95.16003078223785,1
2018-02-03 10:16:00,2018-02-03 10:17:00,CIC,1642,7539.336175395859,15847142.984774666,12.431181485992692,20412.0,4006.5261875761266,6578716.0,,0.0,14792037429974.797,,,6.2417783191230205,6.189403166869671,373.2137637028015,3633.3124238733253,174294.0377134949,15872.82618332972,4831832.822603992,1144082.1568909378,8298347.735079172,4337959.350791718,11837.428493916845,3958.0635789613484,0.4853836784409257,0.001218026796589525,0.021315468940316686,0.11632155907429964,0.40803897685749085,0.2630937880633374,0.043239951278928136,0.0,0.11632155907429964,6161.18209500609,9787.107795371498,187.77649208282583,18.450669914738125,53.09604028404811,58.95396121922716,384.85627283800244,32.56881851400731,129.5107954730268,136.87036942830085,18.052984165651644,392.7113276492083,86.93914727501217,118.29939395535993,41334.374830769026,101.39172836645066,53.09604028404811,129.5107954730268,1
2018-02-03 10:17:00,2018-02-03 10:18:00,CIC,1913,7881.193936225824,18684502.178254053,13.038159958180868,24942.0,5099.53058024046,9755402.0,,0.0,15159136163202.514,,,6.29273392577104,6.745426032409828,415.1155253528489,4684.415054887611,510600.7222852288,42638.518922011324,5047809.515691754,1283973.746885848,9115152.904338734,4524507.798222687,40724.02169276455,1669.3201732113628,0.4976476738107684,0.01097752221641401,0.05802404600104548,0.12232096184004182,0.4014636696288552,0.279665446941976,0.029796131730266597,0.0,0.12232096184004182,6291.21484579195,8388.06272869838,188.54992158912702,12.244641923680083,50.24027141527287,62.767546154121796,398.00470465237845,30.500784108729743,134.82317293751697,141.05641088949295,12.099843178254051,410.32723470987975,89.75344638777158,127.18164824230527,45739.41147672929,102.24992436360428,50.24027141527287,134.82317293751697,1
2018-02-03 10:18:00,2018-02-03 10:19:00,CIC,1389,9862.011519078475,8416581.05975522,8.567314614830813,11900.0,1021.2699784017278,1418544.0,,0.0,4910127267277.365,,,4.920086393088553,3.6472282217422607,328.6501079913607,692.6198704103672,278101.04775445635,22487.937293831037,5455896.7480851095,362911.8496058341,6226563.934485241,5242990.459323254,15562.376678066239,6860.800537158527,0.3484521238300936,0.0,0.019438444924406047,0.21166306695464362,0.4895608351331893,0.4132469402447804,0.08135349172066235,0.0,0.21166306695464362,7574.735061195104,14307.399568034558,194.24334053275737,4.107271418286537,46.78284839485025,70.73288518874658,343.85169186465083,5.482361411087113,76.05417907421887,133.04214883768034,3.9056875449964004,356.37005039596835,56.74559241447372,102.34624887555437,25777.50877283464,63.35637411309071,46.78284839485025,76.05417907421887,1
2018-02-03 10:19:00,2018-02-03 10:20:00,CIC,1500,10061.588666666667,11486741.497333333,9.554666666666666,14332.0,1403.214,2104821.0,,0.0,8848865622925.523,,,5.430666666666666,4.124,368.16133333333335,1035.0526666666667,501483.735448277,38196.65215414985,5348841.173720235,706085.5509293387,7077779.070666667,4959791.505333333,30831.498867226925,7059.580069800845,0.3413333333333333,0.004,0.07133333333333333,0.20333333333333334,0.484,0.42933333333333334,0.04733333333333333,0.0,0.20333333333333334,7371.636,13817.680666666667,198.81133333333332,3.211333333333333,46.43107902460467,71.41893663232666,365.1413333333333,6.753333333333333,85.39904172741333,141.29317590170666,2.8433333333333333,378.3826666666667,61.311435599744,110.41215076487333,30183.71949193542,68.00797455734067,46.43107902460467,85.39904172741333,1
2018-02-03 10:20:00,2018-02-03 10:21:00,CIC,1068,11613.389513108614,14007502.32022472,8.957865168539326,9567.0,929.5149812734082,992722.0,,0.0,18250317099035.086,,,5.360486891385768,3.597378277153558,362.2125468164794,567.3024344569288,302930.121377816,47669.258902374226,8416127.732522715,691035.4644857155,9676832.959737828,8011145.093632959,44163.19852529441,3104.353139186837,0.2687265917602996,0.0056179775280898875,0.07584269662921349,0.2649812734082397,0.48408239700374533,0.4035580524344569,0.03932584269662921,0.0,0.2649812734082397,9534.227528089888,16236.794943820225,211.8426966292135,3.237827715355805,49.78253396452434,75.60974813786142,329.2556179775281,7.328651685393258,73.61037772079588,120.47937907064608,3.150749063670412,352.9522471910112,56.55934166420319,98.98557597197004,26081.02082101116,62.97671856069382,49.78253396452434,73.61037772079588,1
2018-02-03 10:21:00,2018-02-03 10:22:00,CIC,3431,5272.185368697173,19265608.237540077,18.978431944039638,65115.0,10274.352375400758,35251303.0,,0.0,13868871195730.377,,,7.92188866219761,11.056543281842028,418.1466044884873,9856.205770912271,186225.23843846878,11157.9730649462,2680460.758995836,1303743.2015256693,6991997.356455844,2124201.0830661613,8922.886797438661,2205.8173203901797,0.672398717575051,0.0034975225881667153,0.02856310113669484,0.08160886039055669,0.3576216846400466,0.17429320897697465,0.019236374234916934,0.0,0.08160886039055669,4876.237248615564,5419.898571844943,176.54823666569513,18.992713494607987,48.29628005832411,53.25189485322034,423.7371028854561,48.09355872923346,174.1668383137103,146.25236552754592,18.91635091809968,433.7583794812008,109.37607941730428,141.7669548220682,57112.901741880705,125.55126220159838,48.29628005832411,174.1668383137103,1
2018-02-03 10:22:00,2018-02-03 10:23:00,CIC,1141,9544.56879929886,10157803.386503067,8.503067484662576,9702.0,1130.31638913234,1289691.0,,0.0,8551202105968.235,,,4.886064855390009,3.617002629272568,375.35933391761614,754.9570552147239,45487.155005871704,19490.37988697185,6000544.085912375,522255.7376714661,7076879.889570552,5697400.339176161,16328.389882696334,3127.8263235449367,0.39263803680981596,0.0026292725679228747,0.020157756354075372,0.25503943908851884,0.4645048203330412,0.3628396143733567,0.06573181419807186,0.0,0.25503943908851884,8110.7616126205085,16194.955302366345,221.21121822962314,6.078001752848379,52.63517481751709,77.21303566010167,366.216476774759,16.800175284837863,93.90555882931639,130.33656883962314,6.078001752848379,385.8930762489045,67.19247251218405,110.0839920381227,32032.194672320602,75.79170064322261,52.63517481751709,93.90555882931639,1
2018-02-03 10:23:00,2018-02-03 10:24:00,CIC,1399,12406.80343102216,12110582.31165118,8.03145103645461,11236.0,1143.3802716225875,1599589.0,,0.0,26676459982346.44,,,4.371694067190851,3.6597569692637597,325.4067190850608,817.9735525375268,65348.69954656701,21065.747488993547,4087644.2306900835,1354930.8956086864,6703663.666190136,3304398.7841315223,17218.265154219906,3742.0783087753666,0.511794138670479,0.0028591851322373124,0.07290922087205147,0.17441029306647604,0.39671193709792707,0.4431736954967834,0.10221586847748391,0.0,0.17441029306647604,6450.828448892065,10250.96283059328,166.6819156540386,6.690493209435311,45.68640853144389,61.55436260098856,281.1965689778413,14.211579699785561,77.90294485083632,101.61066954234025,5.6082916368834885,303.49964260185845,58.824389037937806,90.93738735014796,27127.820443347144,66.74154736912296,45.68640853144389,77.90294485083632,1
2018-02-03 10:24:00,2018-02-03 10:25:00,CIC,1550,10619.18064516129,8740870.80516129,14.774193548387096,22900.0,2653.7438709677417,4113303.0,,0.0,10963390684576.93,,,8.600645161290323,6.1735483870967744,1011.3812903225806,1642.3625806451612,475228.78900226194,62540.78047193036,2642553.8035277156,788556.4702079535,4940962.470322581,2249131.543870968,55883.736155785286,5930.764284981619,0.3832258064516129,0.003870967741935484,0.10064516129032258,0.24387096774193548,0.44193548387096776,0.40516129032258064,0.054838709677419356,0.0,0.24387096774193548,5484.365161290322,12196.191612903225,242.89032258064515,7.349032258064516,61.50872804864516,88.54260672244193,326.9083870967742,14.927741935483871,88.43439400334839,117.3012366400129,7.17741935483871,377.9916129032258,70.88835411031872,111.70544076655032,35366.23014460298,79.72171867627226,61.50872804864516,88.43439400334839,1
2018-02-03 10:25:00,2018-02-03 10:26:00,CIC,1746,5440.588201603666,15955725.825887743,14.213631156930125,24817.0,6176.179266895761,10783609.0,,0.0,13180268806430.686,,,6.658075601374571,7.555555555555555,408.78923253150055,5767.390034364261,82170.44172519067,6021.9213999443755,4183177.144115059,999672.7523097495,6907075.640320733,3698820.4896907215,5126.414453108762,888.6089842094118,0.5698739977090492,0.0,0.013172966781214204,0.15406643757159222,0.3963344788087056,0.2124856815578465,0.015463917525773196,0.0,0.15406643757159222,5422.030355097366,9467.420962199312,199.23539518900344,14.857961053837343,52.810601542139175,65.21776619783792,387.4667812142039,35.623138602520044,133.40710779991238,134.87582242164547,14.857961053837343,405.50171821305844,88.77163154835051,124.9009123912898,44197.796539624745,102.03441042327778,52.810601542139175,133.40710779991238,1
2018-02-03 10:26:00,2018-02-03 10:27:00,CIC,2413,5611.733526730211,14009998.973477,16.64152507252383,40156.0,8778.412764193949,21182310.0,,0.0,11058716771946.146,,,7.218400331537505,9.423124740986324,361.7886448404476,8416.624119353502,346918.1763788083,23701.445998767187,3170256.124657535,858903.2964459346,5546284.417322835,2755227.590965603,21152.881679015372,2469.9851370060524,0.6195607128056362,0.0016576875259013675,0.033568172399502695,0.11147948611686698,0.35557397430584337,0.22876087857438873,0.022793203481143803,0.0,0.11147948611686698,5636.04765851637,7891.10940737671,167.04600082884377,16.060920016576876,48.020523759096974,54.307845772467054,345.1222544550352,38.91172813924575,128.91199597370078,120.31442950284294,15.903854123497721,360.49979278905926,85.63520833791297,114.10163084588437,40153.88198994634,99.58069264326978,48.020523759096974,128.91199597370078,1
2018-02-03 10:27:00,2018-02-03 10:28:00,CIC,1165,11334.7339055794,10127456.669527898,7.7579399141630905,9038.0,1124.0824034334764,1309556.0,,0.0,10581905445572.02,,,4.419742489270386,3.3381974248927038,338.6223175965665,785.4600858369099,160608.82965369945,36565.92819019263,5047140.12419792,643774.3906742461,6506781.81888412,4719987.803433476,33981.80753136092,2489.9594704637566,0.40600858369098713,0.0,0.022317596566523604,0.20515021459227467,0.4248927038626609,0.4034334763948498,0.04978540772532189,0.0,0.20515021459227467,8280.60600858369,12557.16566523605,191.56824034334764,6.509012875536481,49.401871013688414,69.87777772415708,300.6103004291846,15.557081545064378,81.01830888998283,108.52782135218884,6.508154506437768,324.94163090128757,61.00946736552017,96.13825245033132,27250.595702736056,69.12930152537339,49.401871013688414,81.01830888998283,1
2018-02-03 10:28:00,2018-02-03 10:29:00,CIC,2184,8720.123626373626,14840070.90430403,25.40842490842491,55492.0,17212.917124542124,37593011.0,,0.0,12163180871109.574,,,10.320512820512821,15.087912087912088,343.55494505494505,16869.36217948718,247131.89894839708,37900.73440168653,3758473.200919098,954362.3223143982,6647324.576923077,3341557.2147435895,34640.92361792909,3086.2726226797085,0.5677655677655677,0.005494505494505495,0.061813186813186816,0.1043956043956044,0.30723443223443225,0.29716117216117216,0.04075091575091575,0.0,0.1043956043956044,5033.882783882784,6694.627747252747,159.35760073260073,16.705128205128204,46.78556814741758,51.48391730345421,310.9102564102564,35.73992673992674,116.24967689774725,106.37464609529671,16.580128205128204,331.25824175824175,79.62476716231731,104.12039079789514,36989.956804968504,93.61841828412041,46.78556814741758,116.24967689774725,1
2018-02-03 10:29:00,2018-02-03 10:30:00,CIC,1266,7937.232227488152,12874671.306477094,12.114533965244865,15337.0,4470.882306477093,5660137.0,,0.0,7646036327214.58,,,6.003159557661927,6.111374407582939,412.9668246445498,4057.9154818325433,88737.14424279031,18592.47876674323,5148671.812128103,725389.730012818,7300598.22985782,4818969.093206951,17370.497705854774,1192.6090565119684,0.4731437598736177,0.001579778830963665,0.026066350710900472,0.18641390205371247,0.4470774091627172,0.2962085308056872,0.023696682464454975,0.0,0.18641390205371247,6739.73775671406,12897.627962085307,214.03317535545023,9.980252764612954,54.96433191398894,73.99683933343208,377.8988941548183,24.060031595576618,117.95952295433176,134.93842433865956,9.967614533965245,401.50789889415483,82.28946777500079,122.28342519252685,41166.374352177525,92.74695181526225,54.96433191398894,117.95952295433176,1
2018-02-03 10:30:00,2018-02-03 10:31:00,CIC,2028,6620.035009861933,18511755.31903353,19.588264299802763,39725.0,8815.19674556213,17877219.0,,0.0,15473380135013.602,,,9.143984220907297,10.444280078895464,480.0571992110454,8335.139546351085,347399.446169064,23028.090849533182,3638517.5527009545,1251576.5221642319,7215283.459566075,3082851.7647928996,21158.42347474769,1744.7615566533589,0.618836291913215,0.0019723865877712033,0.029585798816568046,0.11932938856015779,0.3732741617357002,0.24309664694280078,0.03057199211045365,0.0,0.11932938856015779,6081.790927021696,8469.527120315583,200.93540433925048,15.048323471400394,54.056413219482245,66.19853352223323,393.2312623274162,38.92258382642998,143.91855901771845,136.6381592237727,15.033037475345168,413.25887573964496,97.27541577870858,131.8769099301859,49582.01877810532,111.27859592201479,54.056413219482245,143.91855901771845,1
2018-02-03 10:31:00,2018-02-03 10:32:00,CIC,1349,10073.810971089697,14063477.357301705,8.227575982209043,11099.0,1432.3795404002965,1932280.0,,0.0,19376421963967.92,,,4.646404744255004,3.58117123795404,403.7820607857672,1028.5974796145292,295515.4345543372,43304.77239329496,6005888.259754428,904254.0025205746,8285394.455893254,5577581.053372868,37556.791666719764,5523.271010582579,0.43217197924388434,0.007412898443291327,0.061527057079318014,0.20237212750185324,0.3936249073387695,0.37212750185322463,0.048183839881393624,0.0,0.20237212750185324,6400.448480355819,12160.171979243883,208.1097108969607,8.766493699036323,54.78181005962787,74.80456879625352,328.36249073387694,21.464047442550036,94.36863852763528,117.70843018318756,8.59747961452928,356.6819866567828,69.91272819257746,106.99915361379837,32332.303381125166,80.02050615080653,54.78181005962787,94.36863852763528,1
2018-02-03 10:32:00,2018-02-03 10:33:00,CIC,1409,9850.68488289567,12160291.86941093,18.471965933286018,26027.0,7823.267565649397,11022984.0,,0.0,11286058933046.535,,,8.99929027679205,9.472675656493967,465.8261178140525,7357.441447835345,268072.0449605411,25153.359172848566,4532761.187717615,894284.8320922598,7036378.518097942,4120296.559261888,21058.07672078573,4023.8747610909563,0.47196593328601844,0.0021291696238466998,0.048970901348474094,0.2313697657913414,0.42299503193754434,0.38325053229240597,0.056068133427963095,0.0,0.2313697657913414,7134.50177430802,12900.869410929738,213.92902767920512,7.843860894251242,56.79784212669056,77.81209800633357,332.49254790631653,19.668559261887864,93.43056660024129,117.2353003646132,7.692689850958127,360.7345635202271,70.12154605114621,106.66041646555642,31189.585665132392,79.43045277998226,56.79784212669056,93.43056660024129,1
2018-02-03 10:33:00,2018-02-03 10:34:00,CIC,1338,9507.303437967115,9644293.018684603,8.266068759342302,11060.0,1274.5844544095664,1705394.0,,0.0,4065030055480.5566,,,4.601644245142003,3.664424514200299,376.14648729446935,898.4379671150972,116899.96097539704,23117.104631711558,4753155.004389515,505208.2855123636,6032505.790732437,4495697.804932736,21142.909180902152,1766.8671582052368,0.4499252615844544,0.00523168908819133,0.03961136023916293,0.25411061285500747,0.45739910313901344,0.375186846038864,0.04185351270553064,0.0,0.25411061285500747,6928.499252615845,13128.784005979072,212.9693572496263,6.1203288490284,55.39021189504858,80.51628908651868,316.7810164424514,15.283258594917788,82.87726186707026,114.06707181817639,6.1203288490284,351.3662182361734,64.57958427448729,103.90250404246487,28623.37230590429,72.93041295887294,55.39021189504858,82.87726186707026,1
2018-02-03 10:34:00,2018-02-03 10:35:00,CIC,4919,3763.2030900589552,14333723.903232364,14.021955682049198,68974.0,5789.299654401301,28477565.0,,0.0,9856042061007.955,,,6.532628583045335,7.489327099003862,330.7637731246188,5458.535881276683,360926.17039265047,18809.404962861492,1951959.6115631675,990569.2927243384,5249755.604797723,1551962.8290302907,17461.58821294051,1305.7546529976864,0.6836755438097174,0.002642813579995934,0.025005082333807684,0.07216914006911974,0.3559666598902216,0.20329335230737955,0.00955478755844684,0.0,0.07216914006911974,4244.645049806872,4203.269770278512,151.89896320390324,17.338076844887173,45.927934790676964,50.447158938593006,370.98414311852,44.8017889815003,148.3107227736044,131.18148423489083,17.28257775970726,383.8725350681033,93.57326476886277,126.61572587329131,46819.37928777059,109.08302698921467,45.927934790676964,148.3107227736044,1
2018-02-03 10:35:00,2018-02-03 10:36:00,CIC,3032,6873.857849604222,15189158.069920843,12.12565963060686,36765.0,3986.891820580475,12088256.0,,0.0,10546650696560.42,,,5.857849604221636,6.2678100263852246,368.77869393139844,3618.1131266490765,194957.51263960204,19496.953761867873,2433811.4507631985,1058406.3130866643,5510533.289577836,1958360.301121372,16888.7614257331,2466.723674305559,0.6091688654353562,0.007255936675461741,0.01978891820580475,0.12434036939313985,0.36807387862796836,0.24472295514511874,0.03924802110817942,0.0,0.12434036939313985,5306.013192612138,7522.40963060686,182.25626649076517,15.181728232189974,49.317294409972625,59.380829410406,364.7912269129288,38.70052770448549,128.9802476625495,123.85706336177604,15.07915567282322,385.6833773087071,85.73629244398022,119.76664545662896,42124.593025108035,99.29768047765468,49.317294409972625,128.9802476625495,1
2018-02-03 10:36:00,2018-02-03 10:37:00,CIC,2062,11436.973811833172,10900597.874878759,16.088263821532493,33174.0,6493.115906886518,13388805.0,,0.0,12386940659067.113,,,8.30698351115422,7.781280310378274,304.0805043646945,6189.035402521824,239151.83610712946,35432.044841012,3539204.5258300137,800478.8554202903,5141835.611057226,3110833.5960232783,29464.600710330134,5864.344097426762,0.4961202715809893,0.0024248302618816685,0.025703200775945685,0.17022308438409312,0.3792434529582929,0.42870999030067897,0.09117361784675072,0.0,0.17022308438409312,6357.507274490786,9710.258001939865,170.31619786614937,7.222599418040737,44.520530948960236,63.107394847780796,278.7211445198836,20.758001939864208,80.89617130442774,99.67037337890058,7.094568380213385,305.4854510184287,57.93411297280553,92.9343095050126,26848.750226301778,66.39219235273278,44.520530948960236,80.89617130442774,1
2018-02-03 10:37:00,2018-02-03 10:38:00,CIC,2448,12164.279003267973,11099341.03880719,22.587009803921568,55293.0,12498.078022875818,30595295.0,,0.0,12588571326004.61,,,11.467320261437909,11.11968954248366,321.8169934640523,12176.261029411764,502178.92146347044,74656.26981135161,3365377.055221562,830383.6984769796,5571258.680555556,2974895.7536764704,68200.48937129576,5357.894119257268,0.4440359477124183,0.008169934640522876,0.10620915032679738,0.18423202614379086,0.3451797385620915,0.4616013071895425,0.059640522875817,0.0,0.18423202614379086,5413.8325163398695,9100.748774509804,168.2467320261438,6.898692810457517,44.61975928844689,62.058548963813315,271.2438725490196,16.877450980392158,79.71693221788685,96.99577464312173,6.777369281045751,299.74754901960785,60.38731228312173,91.25799572151512,27516.53615903102,69.0443617661348,44.61975928844689,79.71693221788685,1
2018-02-03 10:38:00,2018-02-03 10:39:00,CIC,1552,9770.855670103092,8698731.3125,15.983247422680412,24806.0,5990.9110824742265,9297894.0,,0.0,5565054810587.435,,,8.450386597938145,7.532860824742268,390.50322164948454,5600.407860824742,274515.26812175586,20029.521432008052,4072754.977928131,512404.2474914504,5238801.525128866,3783120.161082474,15371.979158240505,4528.486078945204,0.41365979381443296,0.0019329896907216496,0.05283505154639175,0.3176546391752577,0.4639175257731959,0.38337628865979384,0.04188144329896907,0.0,0.3176546391752577,7284.478092783505,14620.896262886597,222.64626288659792,6.009664948453608,57.615118903339564,84.70420432192783,313.9194587628866,11.610824742268042,76.26692170340206,111.72971906851802,5.855025773195877,354.3234536082474,62.36086645530348,102.48011109224161,27610.930073058003,70.25084966348066,57.615118903339564,76.26692170340206,1
2018-02-03 10:39:00,2018-02-03 10:40:00,CIC,2129,6236.467355565994,8373322.982620949,11.90699859088774,25350.0,5498.757632691404,11706855.0,,0.0,4467091441777.138,,,5.3701268201033345,6.536871770784406,419.27853452325036,5079.479098168154,199801.40139847688,16083.128948261834,3266918.4406975526,672278.2723246531,5382106.017379051,2973872.8727101926,12223.578420668959,3814.2246592816227,0.5777360263034288,0.0014091122592766556,0.02160638797557539,0.22498825739783937,0.4316580554250822,0.26632221700328795,0.02160638797557539,0.0,0.22498825739783937,5876.339596054486,10156.651949271958,218.2775951150775,11.823860967590418,59.469341163367304,79.37283960844246,367.8309065288868,29.85767966181306,130.1764255831799,132.29725098926724,11.661813057773603,402.84687646782527,93.26141255254909,129.59406659917943,46215.72534333863,105.47446711058244,59.469341163367304,130.1764255831799,1
2018-02-03 10:40:00,2018-02-03 10:41:00,CIC,1528,8960.275523560209,11768906.638743455,10.174083769633508,15546.0,1460.3527486910996,2231419.0,,0.0,4434616293023.599,,,5.6609947643979055,4.513089005235602,450.4836387434555,1009.869109947644,370653.2455515982,26899.640536285613,4758138.169355223,538834.5692480813,6269479.060863874,4493759.619764398,20029.883227313112,6676.108064269546,0.4096858638743455,0.005235602094240838,0.05235602094240838,0.30955497382198954,0.4882198952879581,0.3606020942408377,0.0281413612565445,0.0,0.30955497382198954,7327.035994764398,12586.695026178011,222.70876963350784,5.6636125654450264,56.19622298450916,84.96868348597971,332.0006544502618,12.606675392670157,84.59045988604713,121.32940441314724,5.4188481675392675,373.54842931937173,64.48453081249149,109.58450868879646,31013.129701717666,72.33233465246073,56.19622298450916,84.59045988604713,1
2018-02-03 10:41:00,2018-02-03 10:42:00,CIC,1468,7419.372615803814,11014279.988419618,13.566076294277929,19915.0,5242.438010899183,7695899.0,,0.0,5780090026108.693,,,6.657356948228883,6.908719346049046,493.758174386921,4748.679836512261,193739.75841205489,10401.089825955087,4192743.5529907304,641648.3550137162,6338552.861716622,3927650.891689373,7198.052968626562,3203.0368572859243,0.4380108991825613,0.0013623978201634877,0.006811989100817439,0.3010899182561308,0.5272479564032697,0.30517711171662126,0.012942779291553134,0.0,0.3010899182561308,8238.947547683923,12743.108310626703,230.47888283378745,6.856267029972752,58.83760088336512,87.00135582430653,365.4734332425068,16.643051771117165,101.24513606882152,130.13671784929835,6.7772479564032695,404.43051771117166,74.09037053164646,119.77400947381608,35684.113322759404,82.76635627149864,58.83760088336512,101.24513606882152,1
2018-02-03 10:42:00,2018-02-03 10:43:00,CIC,1131,8964.930150309461,11152876.41821397,13.95579133510168,15784.0,2167.6480990274094,2451610.0,,0.0,1998047738193.868,,,7.7851458885941645,6.170645446507516,647.555260831123,1520.0928381962865,51241.20052198866,8597.6595870409,6495426.810577967,268145.1615751258,7317931.519009726,6362267.863837312,6667.050122899515,1930.6094640547235,0.3572060123784262,0.0017683465959328027,0.010610079575596816,0.3740053050397878,0.5313881520778072,0.394341290893015,0.029177718832891247,0.0,0.3740053050397878,8886.324491600353,13959.485411140584,234.86206896551724,1.7471264367816093,58.72692387310345,94.68195029664898,295.2564102564103,3.641025641025641,63.98772253598586,109.10045860152077,1.7197170645446507,350.0636604774536,54.697742249353674,100.639590907855,25100.284178157468,60.03334492613617,58.72692387310345,63.98772253598586,1
2018-02-03 10:43:00,2018-02-03 10:44:00,CIC,2103,6921.084165477889,14768910.577746077,13.835948644793152,29097.0,5801.234427009034,12199996.0,,0.0,6830587598065.69,,,6.462196861626248,7.373751783166904,410.09890632429864,5391.135520684736,210702.84278197505,15758.476388414818,3326538.4127427405,842619.483719955,6013735.189253448,2956790.0261531146,14570.811123341464,1097.7452856959715,0.5520684736091298,0.007132667617689016,0.030432715168806468,0.2187351402757965,0.4455539705183072,0.268188302425107,0.019020446980504042,0.0,0.2187351402757965,5750.383262006657,8078.925344745601,197.0451735615787,11.398002853067046,52.756188645980025,71.31364934765715,379.1398002853067,28.12601046124584,129.07549307720876,133.02633494112698,11.331906799809795,407.9890632429862,87.79358506140942,127.13646366325439,44236.03686043011,99.40931946353922,52.756188645980025,129.07549307720876,1
2018-02-03 10:44:00,2018-02-03 10:45:00,CIC,2027,9295.245683275776,9642857.891958559,8.818450912678836,17875.0,1305.6768623581647,2646607.0,,0.0,6432973227088.358,,,4.814504193389245,4.003946719289591,325.8707449432659,979.8061174148988,429368.8646454038,30044.23195102436,3034864.1611181702,616821.7374829121,4889235.811050814,2769023.578687716,21822.443242229252,8058.746502863737,0.47705969412925503,0.005426739023186976,0.04538727183029107,0.31623088307844105,0.4568327577701036,0.39368524913665515,0.048347311297483965,0.0,0.31623088307844105,6476.215589541194,9093.125308337445,199.86285150468672,6.6038480513073505,54.70611145999062,81.46563850354316,286.1647755303404,16.22594967932906,80.08489241270844,104.27241557542033,6.263936852491367,337.70695609274793,61.078354197946226,102.59484935952985,28662.168543595144,69.54874763516034,54.70611145999062,80.08489241270844,1
2018-02-03 10:45:00,2018-02-03 10:46:00,CIC,3678,8737.641653072322,5873554.450244698,26.42278412180533,97183.0,15785.314029363784,58058385.0,,0.0,2433802341176.007,,,13.297988036976617,13.124796084828711,257.7849374660141,15527.52909189777,169426.45481925076,9429.471893804692,2193121.3164364835,284793.0538199909,3115714.4124524198,2067775.1810766722,6099.559519631503,3314.52987523447,0.5236541598694943,0.0002718868950516585,0.014410005437737902,0.3681348558999456,0.4573137574768896,0.42088091353996737,0.028004350190320826,0.0,0.3681348558999456,5447.454866775422,3959.1810766721046,169.60929853181077,4.800163132137031,52.13161586318407,80.88748282484094,171.97498640565524,11.279771615008157,53.9666030355155,64.5918413618434,4.654159869494291,243.11772702555737,46.87350473471533,78.6518513476653,18644.12605900912,53.85653234600761,52.13161586318407,53.9666030355155,1
2018-02-03 10:46:00,2018-02-03 10:47:00,CIC,4818,6962.6222498962225,11616111.677044416,21.321087588210876,102725.0,13855.730801162308,66756911.0,,0.0,29220731065142.363,,,9.327936903279369,11.993150684931507,413.45433789954336,13442.276463262764,140476.31392190672,13568.423421975025,1694461.8700702512,1783821.0927665175,9292238.44811125,1211213.599833956,12457.470197532688,1068.7103121879252,0.7181403071814031,0.0026982150269821504,0.02262349522623495,0.29286010792860107,0.49564134495641343,0.363013698630137,0.014321295143212951,0.0,0.29286010792860107,5551.306143628061,3743.978829389788,181.87131589871316,7.680157741801578,53.923070878198004,80.09376764096929,323.6824408468244,15.351805728518057,177.5628733604504,116.4363054082802,7.448526359485264,380.42818596928186,130.19431805849732,142.4029064650328,64721.05642111683,141.57701148751724,53.923070878198004,177.5628733604504,1
2018-02-03 10:47:00,2018-02-03 10:48:00,CIC,4446,11936.937246963562,5145579.184660369,14.963562753036438,66528.0,11548.264957264957,51343586.0,,0.0,8398992503524.429,,,4.970535312640576,9.993027440395862,234.6293297345929,11313.635627530364,182774.7104031104,27362.924710433424,1501520.8169170145,525589.6497447137,4128002.0312640574,1340601.6459739092,18213.245279319195,9112.75240771481,0.9916779127305443,0.0006747638326585695,0.016644174538911382,0.30476833108412055,0.5155195681511471,0.4471434997750787,0.11313540260908682,0.0,0.30476833108412055,5689.972334682861,3323.910481331534,170.69928025191183,1.680161943319838,48.01509921126023,81.93822495150968,336.40238416554206,3.2935222672064777,207.0024653982355,128.9845949030972,1.6043634727845255,395.17836257309943,154.19411438272044,156.69254256129128,79743.35824413647,164.28060437342623,48.01509921126023,207.0024653982355,1
2018-02-03 10:48:00,2018-02-03 10:49:00,CIC,5908,7012.179756262694,13796441.553148273,17.04536222071767,100704.0,9161.592078537577,54126686.0,,0.0,10085372113802.82,,,7.584800270819228,9.460561949898443,452.68974272173324,8708.902335815843,233212.06430294775,20121.022533475494,1844736.0506858968,965727.5631739015,5122332.580737982,1470958.779113067,16501.09083275541,3500.7313303034666,0.6428571428571429,0.003215978334461747,0.03114421123899797,0.15876777251184834,0.3578199052132701,0.27014218009478674,0.03859174001354096,0.0,0.15876777251184834,4421.571767095464,3413.9879823967503,158.27674339878132,15.627962085308058,48.62647274802776,56.97460600784411,313.4536222071767,37.96496276235613,125.64242890308395,107.25151721005214,15.435680433310765,344.8392010832769,83.94289984507549,112.08197356337575,40022.86381178324,97.74449191649305,48.62647274802776,125.64242890308395,1
2018-02-03 10:49:00,2018-02-03 10:50:00,CIC,2516,7045.10413354531,4163366.5763116055,81.6248012718601,205368.0,56797.282193958665,142901962.0,,0.0,877429132459.5256,,,41.07551669316375,40.549284578696344,752.6474562798093,56044.634737678854,190109.30630429712,17706.18900070279,2576269.141924351,144011.7379191381,2932358.782591415,2497176.724562798,14379.729151940002,3291.2726687200275,0.5135135135135135,0.001589825119236884,0.010731319554848967,0.178060413354531,0.37201907790143085,0.5826709062003179,0.27503974562798095,0.0,0.178060413354531,5116.885930047695,6906.827901430843,130.41494435612083,3.460651828298887,37.17630695733863,54.74109954630326,199.95627980922097,4.594992050874404,49.19201212091812,80.04407642095788,1.739268680445151,227.16653418124005,40.247760820992454,70.03593578637162,16065.43027276188,44.9495325536248,37.17630695733863,49.19201212091812,1
2018-02-03 10:50:00,2018-02-03 10:51:00,CIC,2165,14623.212009237875,8792704.790300231,7.890993071593534,17084.0,873.0092378752887,1890065.0,,0.0,9354282948654.916,,,4.453579676674365,3.4374133949191688,289.8859122401848,583.1233256351039,171202.7554676026,24117.32660264219,3487468.737560015,664023.5238706828,5010994.073903002,3166741.594457275,19974.486575641524,4064.8625278265345,0.40277136258660506,0.0018475750577367205,0.026327944572748268,0.2817551963048499,0.4235565819861432,0.5187066974595843,0.12933025404157045,0.0,0.2817551963048499,6814.723325635104,8347.185219399538,174.73071593533487,2.0143187066974595,45.48730078121062,73.55983127093626,238.30762124711316,5.06189376443418,58.14100218118153,90.8614428126,1.868822170900693,281.4133949191686,46.84711136242864,84.91056208461848,22411.361391750615,51.83628209286097,45.48730078121062,58.14100218118153,1
2018-02-03 10:51:00,2018-02-03 10:52:00,CIC,3511,10729.636570777557,5417934.232412418,7.725719168328111,27125.0,2312.1048134434636,8117800.0,,0.0,2521222757364.625,,,4.043862147536315,3.681857020791797,295.2540586727428,2016.8507547707206,244259.73105849785,46106.4035563789,2177608.006056941,259439.12251020962,2990896.4292224436,2062356.7351181998,44188.15862573316,1392.965482532682,0.439475932782683,0.008829393335232128,0.07433779549985758,0.3383651381372828,0.41953859299344914,0.48333808031899744,0.03218456280262034,0.0,0.3383651381372828,5222.827114782113,5073.261463970379,163.7496439760752,3.4505838792366847,49.10315694059897,75.97693882911022,166.52264312161776,7.328681287382512,47.656386635397325,62.799529464827685,3.425234975790373,231.49530048419254,44.580795617308176,73.26915818890544,16929.39373600983,50.72124677373284,49.10315694059897,47.656386635397325,1
2018-02-03 10:52:00,2018-02-03 10:53:00,CIC,2274,5184.982849604222,11405450.084432717,10.591029023746701,24084.0,3187.283201407212,7247882.0,,0.0,12339215176064.316,,,5.105540897097625,5.485488126649076,361.9626209322779,2825.320580474934,113368.44922744887,6815.148578009425,2283045.8012918276,767798.9020091775,4346897.636323659,1921600.4344766932,5267.640513714914,1538.5171031305874,0.6292875989445911,0.0008795074758135445,0.017150395778364115,0.2339489885664028,0.3966578715919085,0.24802110817941952,0.010114335971855761,0.0,0.2339489885664028,5101.1376429199645,6517.390941072999,183.13280562884785,13.61873350923483,53.325626496415566,69.26612472178891,299.10026385224273,31.437994722955146,112.74184950613898,104.89942659176913,13.574318381706245,336.1354441512753,79.47056397195999,108.07167942014381,36315.87367346919,91.72616303949428,53.325626496415566,112.74184950613898,1
2018-02-03 10:53:00,2018-02-03 10:54:00,CIC,1828,6543.623085339169,10431471.495623633,10.065645514223196,18400.0,3002.07658643326,5487796.0,,0.0,8210924347250.57,,,5.281181619256017,4.784463894967177,331.46225382932164,2670.6143326039387,134104.25591856052,16307.08010790007,3018136.6930199373,603775.1026302613,4542322.815645514,2707030.886761488,14690.515744355536,1607.643641447116,0.5185995623632386,0.0,0.027899343544857767,0.25601750547045954,0.4272428884026258,0.3068927789934354,0.0175054704595186,0.0,0.25601750547045954,5492.222100656455,8574.827133479212,189.44474835886214,10.201859956236325,52.37000359596718,72.465160379808,286.941466083151,24.185995623632387,91.95172537872538,101.10941621088075,10.10776805251641,325.5574398249453,66.88898811588238,100.31633687875163,29722.189212872043,77.24847190566028,52.37000359596718,91.95172537872538,1
2018-02-03 10:54:00,2018-02-03 10:55:00,CIC,2190,8317.918721461187,12147490.326940639,10.343835616438357,22653.0,2466.4689497716895,5401567.0,,0.0,5503743706320.19,,,5.310958904109589,5.032876712328767,393.8474885844749,2072.6214611872147,148111.72209888021,16630.42593633001,2987037.801687393,684856.5483130213,4915326.379452054,2666365.221917808,14740.603847140184,1829.0716748442455,0.536986301369863,0.0013698630136986301,0.026940639269406392,0.2187214611872146,0.4324200913242009,0.3141552511415525,0.047031963470319633,0.0,0.2187214611872146,5908.280365296803,8937.810502283104,199.0853881278539,9.998630136986302,53.253550119469864,74.13081081502648,329.3525114155251,26.40456621004566,109.46834824894064,118.73186469682739,9.95068493150685,363.04383561643834,76.52391892744612,114.47440481003197,37703.132025273815,87.2381524357064,53.253550119469864,109.46834824894064,1
2018-02-03 10:55:00,2018-02-03 10:56:00,CIC,2456,8349.740635179152,13046277.643729642,13.432817589576548,32991.0,7219.026465798046,17729929.0,,0.0,9445759167060.69,,,5.325325732899023,8.107491856677525,344.54967426710095,6874.476791530945,373524.43116354506,35652.882483472036,2292380.630615993,908553.4752774547,5014297.710912053,1887981.243078176,32830.69646938576,2604.436324760708,0.5724755700325733,0.005293159609120521,0.03745928338762215,0.18322475570032573,0.3916938110749186,0.3253257328990228,0.037866449511400654,0.0,0.18322475570032573,5798.7096905537455,7152.517100977198,179.75081433224756,11.383550488599349,49.243482798254476,65.54281129838925,319.9201954397394,28.664902280130292,110.64062430658387,111.79181009052647,11.308224755700326,351.5895765472313,77.19970889382817,110.55483947340552,37516.47034486999,88.34446168612459,49.243482798254476,110.64062430658387,1
2018-02-03 10:56:00,2018-02-03 10:57:00,CIC,1938,8939.19814241486,9761303.302889576,11.545407636738906,22375.0,4240.96697626419,8218994.0,,0.0,6725950527533.276,,,5.637770897832818,5.907636738906088,316.0170278637771,3924.9499484004127,149003.2613908969,13383.988798421138,3596475.412970834,556896.8521269141,5180224.580495356,3345740.113003096,11524.181291169154,1811.4649264161774,0.4716202270381837,0.0015479876160990713,0.025283797729618165,0.23168214654282765,0.43653250773993807,0.37770897832817335,0.037667698658410735,0.0,0.23168214654282765,6641.38080495356,9186.452012383901,178.63312693498452,6.90608875128999,49.962448308926724,71.21313703044014,269.4514963880289,16.691950464396285,80.9723074530031,98.62242299746234,6.859133126934984,307.96904024767804,60.82369900364345,95.51558615328018,27201.636685540238,69.31477103007946,49.962448308926724,80.9723074530031,1
2018-02-03 10:57:00,2018-02-03 10:58:00,CIC,2140,8870.010280373832,11652119.16682243,11.727102803738317,25096.0,5896.345327102804,12618179.0,,0.0,9001033419298.959,,,4.847663551401869,6.879439252336448,340.6691588785047,5555.676168224299,335049.9710309132,26640.119956109233,3450024.8195971684,794044.1248585109,5611186.8429906545,3082384.913084112,23306.57300473068,3233.957717900282,0.4780373831775701,0.001869158878504673,0.043457943925233646,0.22009345794392524,0.4102803738317757,0.3719626168224299,0.032242990654205606,0.0,0.22009345794392524,6230.428037383178,8138.835514018691,183.1252336448598,8.889252336448598,50.008144967766356,69.52524883827944,285.1121495327103,20.6392523364486,84.31582156698599,101.47298752583178,8.244392523364485,320.9663551401869,62.58573779995654,97.24171015800047,27830.01888962239,72.1918102086271,50.008144967766356,84.31582156698599,1
2018-02-03 10:58:00,2018-02-03 10:59:00,CIC,1570,10619.435031847133,9879149.447133757,11.431847133757962,17948.0,4150.1611464968155,6515753.0,,0.0,6215183952850.831,,,5.431210191082802,6.000636942675159,349.1796178343949,3800.9815286624203,334805.3158368491,27374.524103209227,4037055.602573223,562497.518673851,5638483.295541401,3771406.523566879,18894.846774470283,8322.75330542517,0.44203821656050957,0.001910828025477707,0.05732484076433121,0.27961783439490445,0.44012738853503186,0.4171974522292994,0.06178343949044586,0.0,0.27961783439490445,7171.106369426751,9277.54331210191,191.2171974522293,6.478343949044586,53.06900164784522,76.73136784652421,251.40764331210192,10.854777070063694,67.0170653048707,91.9028765079911,5.615286624203821,298.59554140127386,55.97826798482612,90.33973277039426,24597.85228273247,63.543582631152226,53.06900164784522,67.0170653048707,1
2018-02-03 10:59:00,2018-02-03 11:00:00,CIC,1793,8689.415504740658,13204297.847741216,13.818739542665924,24777.0,7379.499721137758,13231443.0,,0.0,8052303480894.635,,,5.765197992191857,8.053541550474066,346.2152816508645,7033.2844394868935,392375.48125269415,23633.36427007496,4551112.31902207,692115.4237243287,6600298.430563302,4218604.187953151,18290.263028369736,5290.37761815932,0.5052983825989961,0.0039040713887339654,0.04796430563301729,0.24428332403792527,0.4210819854991634,0.36809815950920244,0.03625209146681539,0.0,0.24428332403792527,6002.02175125488,7033.250976017847,188.31567205800334,8.860568878973787,50.930188863250414,72.53697491720803,284.2459564974902,19.456776352481874,91.50608394002788,101.59366204182153,7.990518683770217,326.03848298940324,67.580757863169,102.14975665707753,32254.81005252396,76.76589298913943,50.930188863250414,91.50608394002788,1
2018-02-03 11:00:00,2018-02-03 11:01:00,CIC,1469,10320.994554118448,7858970.540503744,8.268209666439756,12146.0,791.7161334240981,1163031.0,,0.0,8085676032916.563,,,4.746766507828455,3.5214431586113,323.98230088495575,467.73383253914227,166385.13414099297,28712.137799623673,3875883.5062421663,445287.9763451137,4907345.223281143,3646915.348536419,25679.309004645107,2817.8298053954486,0.3880190605854323,0.006126616746085773,0.055820285908781485,0.2988427501701838,0.4690265486725664,0.43022464261402316,0.04084411164057182,0.0,0.2988427501701838,6801.162014976174,11012.882232811437,197.14567733151804,3.8835942818243705,52.86361558374541,80.79828559013887,250.04492852280464,8.460857726344452,60.179303715450644,92.35420720987882,3.7780803267528933,297.6569094622192,50.96187618198775,87.8153711102015,20892.694558887782,57.48985210746767,52.86361558374541,60.179303715450644,1
2018-02-03 11:01:00,2018-02-03 11:02:00,CIC,3805,5354.254664914586,16000600.508804206,18.429172141918528,70123.0,11165.227332457293,42483690.0,,0.0,14842380070759.773,,,7.252562417871222,11.176609724047307,397.4562417871222,10767.77109067017,222128.71710153949,15297.26503739764,1787977.5889378,1229093.5136331392,5573450.88935611,1265648.7952693824,13526.908149156492,1714.0726016613603,0.6756898817345598,0.0031537450722733244,0.029434954007884363,0.11116951379763469,0.36898817345597895,0.192904073587385,0.01366622864651774,0.0,0.11116951379763469,4172.6515111695135,5315.37976346912,176.18501971090672,17.184231274638634,51.05499476514534,59.22131477875664,363.7356110381078,41.3957950065703,147.61832480511697,125.8396119127414,17.04546649145861,388.1482260183968,97.79650079775087,126.79202140817215,48678.59490006131,112.44506538213851,51.05499476514534,147.61832480511697,1
2018-02-03 11:02:00,2018-02-03 11:03:00,CIC,3626,5788.408990623277,14227804.955598455,15.03419746276889,54514.0,9022.493105350248,32715560.0,,0.0,11040212612382.832,,,5.609487038058466,9.424710424710424,356.0195808052951,8666.473524544954,145110.8561193314,13617.810927914275,2451131.1724536517,998880.9821755236,5657839.786541644,2044595.1235521236,12097.194367774191,1468.0381395645268,0.6398234969663541,0.0027578599007170436,0.02923331494760066,0.1252068394925538,0.3480419194704909,0.23469387755102042,0.02399338113623828,0.0,0.1252068394925538,4621.451737451737,5238.2040816326535,171.59707666850525,17.143132928847216,51.349945974154714,58.782375577370935,321.47352454495314,39.366243794815226,125.53666341289852,109.86741108234777,17.004688361831217,348.34859349145063,86.0342212180888,111.29722961052013,39219.67489840175,100.67118789896112,51.349945974154714,125.53666341289852,1
2018-02-03 11:03:00,2018-02-03 11:04:00,CIC,1776,14128.11936936937,8630752.851914415,10.19313063063063,18103.0,5629.034346846847,9997165.0,,0.0,7404593645474.38,,,4.006193693693693,6.186936936936937,259.05236486486484,5369.981981981982,184835.71506179773,33734.694915073815,3443769.0564997722,571343.1890523672,4643666.63795045,3136550.0146396398,27182.695640743666,6419.03594995023,0.4797297297297297,0.0045045045045045045,0.03153153153153153,0.24887387387387389,0.3581081081081081,0.4954954954954955,0.1204954954954955,0.0,0.24887387387387389,5034.918355855856,7440.269707207207,162.91835585585585,7.090653153153153,45.563062126443135,65.39197378113344,210.63682432432432,12.048986486486486,60.378353011761824,76.99976601400338,6.951576576576577,254.14864864864865,50.06382567503435,77.64044585524492,20905.09799252122,57.74504150083558,45.563062126443135,60.378353011761824,1
2018-02-03 11:04:00,2018-02-03 11:05:00,CIC,2499,11078.456982793117,11049902.615446178,13.907563025210084,34755.0,7656.401360544218,19133347.0,,0.0,12766259405001.209,,,5.656662665066026,8.250900360144058,348.86834733893556,7307.533013205282,457249.2276848587,57299.83470034224,2523985.486676458,889712.3449274349,4785671.600640256,2095854.6146458583,52083.27483051878,4551.615809720444,0.49019607843137253,0.009203681472589036,0.10524209683873549,0.17807122849139656,0.3557422969187675,0.468187274909964,0.05922368947579031,0.0,0.17807122849139656,4783.264105642257,5696.3181272509,152.9231692677071,6.703081232492997,42.93012798452621,59.98853616061504,239.5530212084834,16.90876350540216,77.15336007520168,88.45323004767788,6.536214485794318,274.06802721088434,58.69556456351581,87.19261499826331,25928.90363189336,67.10310999685353,42.93012798452621,77.15336007520168,1
2018-02-03 11:05:00,2018-02-03 11:06:00,CIC,2442,6676.602784602785,9764785.154791154,10.767403767403767,26294.0,5590.853808353809,13652865.0,,0.0,5712260111929.332,,,4.354627354627355,6.412776412776413,276.96478296478296,5313.889025389025,274290.96382562706,24674.337302337204,2863449.5959002636,537897.9647617089,4313637.964373465,2607757.6167076165,22404.661302703404,2087.801277501246,0.5028665028665029,0.006142506142506142,0.036855036855036855,0.1850941850941851,0.42465192465192464,0.38001638001638,0.019656019656019656,0.0,0.1850941850941851,5181.572891072891,5996.057739557739,161.63800163800164,7.187551187551188,45.72117131453522,65.32005805934358,289.0982800982801,19.404995904995904,91.6916212480303,110.24794070079034,7.1232596232596235,318.51842751842753,64.88395210349509,102.31091480410974,30644.70812719679,74.15586201244145,45.72117131453522,91.6916212480303,1
2018-02-03 11:06:00,2018-02-03 11:07:00,CIC,3730,8073.9372654155495,5703134.871849866,9.99490616621984,37281.0,5171.248257372654,19288756.0,,0.0,6971109540708.287,,,3.8745308310991957,6.120375335120643,235.37131367292224,4935.876943699732,130204.37614620497,13317.783142080403,1451966.7098954145,481092.9692866925,2852006.8517426276,1242556.3101876676,12277.403104064022,1015.3868793111872,0.5300268096514745,0.0029490616621983914,0.015549597855227882,0.3546916890080429,0.4576407506702413,0.4171581769436997,0.013404825737265416,0.0,0.3546916890080429,5765.713672922252,4485.028686327078,171.42037533512064,4.795710455764075,51.36197463663217,80.22412318469893,184.30268096514746,12.616621983914209,56.68064917750402,69.2804883867697,4.7549597855227885,251.36836461126006,48.2100143659496,80.71469542094155,18780.72278091122,55.46862843089732,51.36197463663217,56.68064917750402,1
2018-02-03 11:07:00,2018-02-03 11:08:00,CIC,2712,8679.834439528024,5058444.420722714,10.150811209439528,27529.0,4818.69616519174,13068304.0,,0.0,5112440059164.962,,,4.5553097345132745,5.5955014749262535,255.56194690265488,4563.134218289086,138450.9605031408,13681.108263585822,2094629.8713792479,395628.8144782452,3179928.2160766963,1899312.0224926253,12494.596084395143,1151.1995841190458,0.4797197640117994,0.0029498525073746312,0.0306047197640118,0.37573746312684364,0.4690265486725664,0.4358407079646018,0.018436578171091445,0.0,0.37573746312684364,5424.27691740413,5737.242256637168,181.5151179941003,3.4878318584070795,52.58545764628392,84.02377844111284,191.68620943952803,8.380530973451327,53.34868602273857,72.81424553800369,3.4435840707964602,260.6806784660767,47.26174111050037,82.09556265935066,18845.28690464221,53.665162289012166,52.58545764628392,53.34868602273857,1
2018-02-03 11:08:00,2018-02-03 11:09:00,CIC,3818,7380.087742273442,5694200.968046097,8.145625982189628,31100.0,2108.5602409638554,8050483.0,,0.0,3619808547972.7495,,,4.0518596123624935,4.093766369827135,253.5859088528025,1854.974332111053,98012.75995172047,8416.674385103699,1700654.3646055742,352981.0236046743,2737347.949711891,1546027.20927187,7019.009708408257,1386.6423163082209,0.534049240440021,0.001571503404924044,0.012048192771084338,0.37244630696699843,0.4714510214772132,0.393399685699319,0.009429020429544265,0.0,0.37244630696699843,5526.383446830801,4957.225772655841,183.39104243059194,4.9795704557359874,54.212830888977734,85.0809720972352,197.16998428496595,12.013357778941854,60.82486467126585,74.36073930904216,4.939497118910424,267.2977998952331,51.687710207014405,85.91710852894919,21399.804427857365,59.08226991503746,54.212830888977734,60.82486467126585,1
2018-02-03 11:09:00,2018-02-03 11:10:00,CIC,2955,8552.895431472081,2615520.111675127,5.673434856175973,16765.0,443.9590524534687,1311899.0,,0.0,2944194377291.639,,,3.1898477157360405,2.483587140439932,237.69813874788494,206.26091370558376,102776.89347879031,6852.77658752489,1633269.7915880084,156772.9911746736,1998321.8473773266,1549185.4917089678,4384.915859854372,2465.541683150854,0.4720812182741117,0.0006768189509306261,0.0054145516074450084,0.45380710659898477,0.5262267343485617,0.46328257191201355,0.012521150592216581,0.0,0.45380710659898477,5955.5147208121825,5104.899153976311,189.13231810490694,0.4954314720812183,56.34481862641963,95.10032740313774,147.01116751269035,0.8934010152284264,34.37187717522538,59.15374641130964,0.42470389170896783,233.9891708967851,38.49057917597056,74.72037379180338,13642.562038724249,43.031788597373264,56.34481862641963,34.37187717522538,1
2018-02-03 11:10:00,2018-02-03 11:11:00,CIC,2733,7021.11818514453,11166265.243322356,11.746432491767289,32103.0,4172.593852908892,11403699.0,,0.0,6385365964188.004,,,5.691913648005855,6.054518843761434,307.2323454079766,3865.3615075009147,163330.59631422648,11738.257057399382,2250440.079853772,683134.0498995084,4492495.031467252,1968526.4610318332,9287.456424397682,2403.5555442603422,0.5492133186974021,0.0014635931211123307,0.015367727771679473,0.28613245517746067,0.4588364434687157,0.3311379436516648,0.010245151847786316,0.0,0.28613245517746067,5781.60519575558,5818.211855104281,183.74826198316867,8.259055982436882,52.03476802595024,75.94541505058251,276.26417855836075,20.91072081961215,94.9317748774014,100.2988331827995,8.198316867910721,325.9421880717161,68.2512091027146,104.56312887713244,32613.35575093497,77.62017776720784,52.03476802595024,94.9317748774014,1
2018-02-03 11:11:00,2018-02-03 11:12:00,CIC,3889,8257.08691180252,6424476.200051427,8.979943430187708,34923.0,3872.7554641295965,15061146.0,,0.0,2726297919730.6333,,,3.8518899460015428,5.128053484186166,242.71046541527386,3630.0449987143224,131954.90167221776,13849.196198786372,1619566.8087878174,348831.79514133086,2692727.889174595,1462738.4787863204,13021.196720109512,774.5826766665392,0.5327847775777835,0.0023142195937258937,0.022370789406016972,0.34944715865260995,0.4697865775263564,0.4060169709436873,0.014399588583183338,0.0,0.34944715865260995,5729.522499357161,4031.7328362046796,173.53818462329647,4.724865003857032,51.59760466568938,81.05066082066315,192.39213165338134,11.623296477243507,61.829141987705064,72.94171113740293,4.701979943430188,261.445358704037,51.37190381514194,85.26447655129236,22392.41346943334,58.57260059220776,51.59760466568938,61.829141987705064,1
2018-02-03 11:12:00,2018-02-03 11:13:00,CIC,3358,9095.698630136987,4583835.203990471,6.6197141155449675,22229.0,691.9273377010126,2323492.0,,0.0,4227774183456.8706,,,3.6563430613460395,2.963371054198928,220.7644431209053,471.1628945801072,68942.87714072141,9902.403249712705,1542230.124512707,304990.6143805966,2364741.1247766525,1393252.917808219,8378.92884717945,1517.5766043755918,0.5148898153662894,0.0023823704586063135,0.008933889219773675,0.4035139964264443,0.48272781417510424,0.44937462775461584,0.023823704586063133,0.0,0.4035139964264443,5883.297796307325,4178.394580107207,171.50029779630734,2.5318642048838593,52.537979741753716,85.42527868457059,149.18076235854676,5.985705777248362,42.44473746998332,57.783172060492255,2.497319833234068,228.15038713519954,41.21915457242704,73.8143995641501,15294.217979913681,46.768877438686715,52.537979741753716,42.44473746998332,1
2018-02-03 11:13:00,2018-02-03 11:14:00,CIC,3515,9468.82332859175,4838397.491607397,10.772119487908961,37864.0,5669.058036984353,19926739.0,,0.0,4020222073199.9927,,,4.613655761024182,6.158463726884779,224.04807965860599,5445.009957325747,191121.41725309394,20009.879916755697,1860270.852894714,296102.4826539522,2688920.148790896,1721155.1152204836,18978.807148491076,951.3748112512291,0.4972972972972973,0.005974395448079659,0.033854907539118066,0.3871977240398293,0.46372688477951635,0.46913229018492175,0.01991465149359886,0.0,0.3871977240398293,5380.676813655761,3991.0998577524892,168.7587482219061,2.267140825035562,51.43898746835277,83.7223684732367,147.43100995732576,5.14452347083926,41.40131995470185,57.08152941842675,2.2492176386913227,225.14736842105262,41.32908579878691,72.60995758666486,15175.07310103651,46.88181908571494,51.43898746835277,41.40131995470185,1
2018-02-03 11:14:00,2018-02-03 11:15:00,CIC,3202,9153.917863835102,3655023.1464709556,6.266708307307932,20066.0,449.04778263585257,1437851.0,,0.0,2075721276491.8108,,,3.5362273579013115,2.730480949406621,226.66177389131792,222.38600874453468,229830.3070029903,15513.503235230717,1673478.6607827006,189722.66340340674,2124481.7832604623,1572204.280137414,14260.77124960469,1218.817393890257,0.4884447220487195,0.0028107432854465957,0.0221736414740787,0.4241099312929419,0.4971892567145534,0.47158026233604,0.01967520299812617,0.0,0.4241099312929419,5895.921611492817,4642.04309806371,178.1733291692692,1.0118675827607746,54.143147266929105,89.92072917983042,138.73266708307307,2.3981886321049344,33.590542004611805,55.129885324209866,0.9634603372891942,222.1889444097439,37.644148623712056,71.36204287078107,12953.111106476796,42.495456318821056,54.143147266929105,33.590542004611805,1
2018-02-03 11:15:00,2018-02-03 11:16:00,CIC,6815,5805.5195891416,12225942.36346295,14.049596478356566,95748.0,7664.438884812913,52233151.0,,0.0,8081571081852.59,,,5.6198092443140135,8.429787234042553,363.3907556859868,7301.048129126926,152463.06578922088,13572.230020690193,1037264.1144560191,834443.8866382896,3811875.2513573,689573.6211298606,12434.402624668155,1088.0393182068258,0.6641232575201761,0.0038151137197358766,0.020983125458547323,0.20924431401320617,0.3951577402787968,0.26867204695524577,0.011005135730007337,0.0,0.20924431401320617,4540.753631694791,3130.4955245781366,173.61658107116654,13.771680117388115,52.61419128626016,67.23346344135408,302.8278796771827,34.207043286867204,123.6168858343796,105.61553616670477,13.392076302274395,346.24651504035216,86.19678814433382,115.17835450545209,41547.45170604957,98.93454305664946,52.61419128626016,123.6168858343796,1
2018-02-03 11:16:00,2018-02-03 11:17:00,CIC,3883,7983.368787020345,4583140.419263456,6.0430079835178985,23465.0,485.47411795003865,1885096.0,,0.0,5278349557553.199,,,3.441411279938192,2.6015967035797063,223.12670615503475,262.34741179500384,114764.1896736636,12556.375704964961,1866522.3322476665,335238.5425036999,2748853.175379861,1712376.2897244398,10589.789970084024,1953.651018708574,0.5055369559618852,0.0010301313417460727,0.012104043265516354,0.3654390934844193,0.45300025753283546,0.42544424414112797,0.026010816379088333,0.0,0.3654390934844193,5394.131341746072,5362.066701004378,170.81972701519445,6.701776976564512,54.237710393715936,80.87849530979064,158.8848828225599,10.844192634560907,45.60030294926294,60.039440095558845,6.497810970898789,228.29719289209373,43.85476045868684,71.79035979995803,14316.349229283625,51.55526153319134,54.237710393715936,45.60030294926294,1
2018-02-03 11:17:00,2018-02-03 11:18:00,CIC,3832,10436.031315240083,4977455.637787056,9.47964509394572,36326.0,5192.076983298539,19896039.0,,0.0,7426778389027.108,,,3.606732776617954,5.872912317327766,262.35490605427975,4929.722077244259,105842.43553002327,19398.370568267426,1523447.7729889639,489160.6746458907,2675229.9590292275,1280553.7126826723,16862.848898076227,2505.1484387768037,0.5039144050104384,0.0020876826722338203,0.013569937369519834,0.37265135699373697,0.4553757828810021,0.4744258872651357,0.040970772442588725,0.0,0.37265135699373697,5274.106471816284,4733.760699373695,174.37813152400835,2.9191022964509394,52.55634667968059,83.50631005817198,161.60073068893527,6.580375782881002,45.491181483939975,61.99516126113779,2.8499478079331944,233.83872651356992,43.648126429637,74.66534657492666,16222.467067446718,49.389723117271394,52.55634667968059,45.491181483939975,1
2018-02-03 11:18:00,2018-02-03 11:19:00,CIC,4247,9706.036496350365,5158763.436307983,7.902048504826936,33560.0,2050.029432540617,8706475.0,,0.0,3513626558601.053,,,4.127148575465034,3.7748999293619026,226.00753473039794,1824.021897810219,247903.4356739164,31776.849689455303,1296807.4781406128,335663.4508821149,2401347.2229809277,1161032.2491170238,29225.012027039586,2282.478917706089,0.5142453496585825,0.006828349423122204,0.0593360018836826,0.33388274075818225,0.4127619496114905,0.45702849069931717,0.02943254061690605,0.0,0.33388274075818225,4946.803861549329,4159.1657640687545,159.24464327760774,5.01389215917118,48.91267404528043,74.48195645526866,163.20390864139392,11.437014363079822,52.812693514757,60.80271891879091,4.965387332234519,228.66776548151637,46.53410713609607,74.4662411873546,18101.162649095182,53.59790705200753,48.91267404528043,52.812693514757,1
2018-02-03 11:19:00,2018-02-03 11:20:00,CIC,5139,6113.026658883051,9013748.936563535,14.031523642732049,72108.0,8524.632224168126,43808085.0,,0.0,6161484469944.334,,,5.380229616656937,8.651294026075112,308.4430823117338,8216.189141856392,173869.53333849448,7578.970520363122,1437627.5730286778,626341.9320122575,3581600.0284101963,1184482.1996497372,6580.468340959821,986.7038209108368,0.6205487448920023,0.002918855808523059,0.01303755594473633,0.27845884413309985,0.42128818836349485,0.3117338003502627,0.008561977038334306,0.0,0.27845884413309985,4666.062268923915,3837.7513134851138,173.30453395602257,10.741778556139327,53.17354019485484,73.56610238910547,254.7003308036583,26.402218330414478,97.32475723860031,90.97872842424421,10.708892780696633,308.9264448336252,70.65124044265129,101.58074031380308,32284.75594391185,81.82943629684647,53.17354019485484,97.32475723860031,1
2018-02-03 11:20:00,2018-02-03 11:21:00,CIC,5991,6114.330996494742,7225495.292438658,8.228342513770656,49296.0,1983.9303955933901,11885727.0,,0.0,5070170682215.71,,,4.098814889000167,4.129527624770489,251.6845267901853,1732.2458688032048,144936.6968807076,12241.689001964338,1025963.8031577831,514847.81106434925,2624928.2034718744,810626.8871640795,11025.884288329718,1187.1978623349448,0.5867134034384911,0.0030045067601402104,0.012685695209480888,0.2383575363044567,0.42513770655983973,0.357035553329995,0.013353363378400934,0.0,0.2383575363044567,5200.881989651143,3766.519612752462,160.97346019028544,8.600734434985812,49.243632068173426,70.24569814796027,249.98614588549492,22.208479385745285,87.5956475716695,94.01770844152244,8.57502921048239,298.235853780671,64.13733982396595,98.29790820938324,29593.870867035275,74.10166927280771,49.243632068173426,87.5956475716695,1
2018-02-03 11:21:00,2018-02-03 11:22:00,CIC,3684,10232.929695982628,4088371.158794788,9.450597176981542,34816.0,5249.449511400651,19338972.0,,0.0,4103353188401.721,,,3.5388165038002173,5.911780673181324,250.80238870792616,4998.647122692725,137335.31757960914,19478.39498489029,1453863.2611315253,310349.79219586955,2180505.8371335506,1297663.9885993486,16362.596818439932,3062.925215950592,0.507600434310532,0.003528773072747014,0.020901194353963082,0.3808360477741585,0.4611834961997828,0.4733984799131379,0.04017372421281216,0.0,0.3808360477741585,5808.106948968512,5482.904180238871,174.0388165038002,2.492942453854506,51.76586042828718,83.76794393283876,158.5743756786102,5.435124864277959,41.28999806948887,60.696782048482895,2.4467969598262758,232.7888165038002,40.854887683128396,73.24062917268729,14993.533533933474,46.28153241743213,51.76586042828718,41.28999806948887,1
2018-02-03 11:22:00,2018-02-03 11:23:00,CIC,3937,10105.536195072391,4767645.5796291595,6.933197866395733,27296.0,1065.6708153416307,4195546.0,,0.0,4262837692965.8115,,,3.836677673355347,3.0965201930403863,241.38531877063755,824.2854965709931,260445.05628054164,37458.34691880681,1780718.6880186107,319854.50107273395,2601468.968503937,1631871.972567945,34530.25037348661,2718.7788840958356,0.4696469392938786,0.004826009652019304,0.048260096520193044,0.3683007366014732,0.44729489458978916,0.47396494792989585,0.020574041148082298,0.0,0.3683007366014732,5453.521463042926,5844.5885191770385,172.73634747269494,2.5791211582423164,51.37096480476403,82.18247504550445,162.81686563373125,5.830581661163322,43.59505991677064,62.30365062486665,2.5031750063500127,233.51638303276607,42.12778152512243,74.12055225809118,16075.36002682454,47.79330250493853,51.37096480476403,43.59505991677064,1
2018-02-03 11:23:00,2018-02-03 11:24:00,CIC,3654,8609.573891625616,4386991.311986864,11.651067323481117,42573.0,6993.116037219485,25552846.0,,0.0,2973679315750.1797,,,4.447728516694034,7.203338806787083,314.2230432402846,6678.892993979201,97657.76035214747,16808.944344881143,1397222.1730404461,290273.77934478404,2217157.554187192,1257062.4978106185,15573.98689987441,1193.556104254226,0.5207991242474002,0.0024630541871921183,0.023809523809523808,0.3946360153256705,0.47865353037766833,0.43486590038314177,0.011494252873563218,0.0,0.3946360153256705,5446.775588396278,5180.34564860427,182.42446633825944,3.905582922824302,54.97867267112808,86.4116146486059,176.01724137931035,8.244389709906951,50.1565065257069,65.98905685365845,3.4365079365079363,251.9022988505747,47.34744650177559,80.03871533272194,17842.837790336973,53.68497000215791,54.97867267112808,50.1565065257069,1
2018-02-03 11:24:00,2018-02-03 11:25:00,CIC,3325,8107.30947368421,4206125.000902256,7.4700751879699245,24838.0,1129.9236090225563,3756996.0,,0.0,2076084859784.516,,,4.031278195488722,3.438796992481203,252.8784962406015,877.0451127819549,63254.87054594482,11371.0308884079,1721374.3916928633,223300.5917659393,2410538.2778947367,1621753.9915789473,10844.76007919853,509.17151467187006,0.5124812030075188,0.002105263157894737,0.011729323308270676,0.42406015037593986,0.49142857142857144,0.43609022556390975,0.0081203007518797,0.0,0.42406015037593986,5746.778045112782,4966.950676691729,180.49112781954886,2.522406015037594,54.68960730098586,88.89214113793625,154.3281203007519,5.519398496240601,41.34203003839368,59.796420213949474,2.512781954887218,234.91488721804512,41.67693655386376,75.14763034989474,15195.872427133516,47.33150728628782,54.68960730098586,41.34203003839368,1
2018-02-03 11:25:00,2018-02-03 11:26:00,CIC,3341,8444.291828793774,4682155.7273271475,10.287937743190662,34372.0,5729.9215803651605,19143668.0,,0.0,3074597193046.8477,,,3.888356779407363,6.399580963783299,279.67524693205627,5450.246333433104,231710.81291602942,12926.188198866459,1872312.0429479948,267291.6219133011,2535172.9236755464,1729524.3726429213,8340.144774983028,4574.43655030448,0.5031427716252619,0.0008979347500748278,0.018856629751571385,0.42891349895240943,0.5022448368751871,0.44657288237054776,0.01346902125112242,0.0,0.42891349895240943,5758.11493564801,5476.769530080815,189.11613289434302,1.9542053277461837,55.606092794143066,91.44627419666178,164.7395989224783,3.9937144567494762,41.87584707276714,63.71384390380724,1.7611493564800957,246.04130499850345,42.83672913427327,77.65139223055313,15624.26981137683,48.117301542247226,55.606092794143066,41.87584707276714,1
2018-02-03 11:26:00,2018-02-03 11:27:00,CIC,4109,7320.701387198832,6818306.939157946,10.861523485032855,44630.0,3711.603309807739,15250978.0,,0.0,5034775027394.906,,,5.322706254563154,5.538817230469701,294.0954003407155,3417.5079094670236,183217.54531334664,13524.413251534239,1352941.3305660237,447483.43918399693,2824294.135556096,1165863.1007544415,12409.596114673035,1098.3600752250347,0.535410075444147,0.0021903139449987834,0.015575565831102457,0.3424190800681431,0.4760282307130689,0.38914577756145047,0.007544414699440253,0.0,0.3424190800681431,5382.01192504259,4608.111706011195,179.73059138476515,5.476758335361402,52.95312483060452,81.79416618168143,212.60428328060354,13.915064492577269,72.00669196074276,80.40158896904966,5.456072036991968,278.8588464346556,56.975475369575804,91.62600843222876,25331.615115949768,64.64321756219348,52.95312483060452,72.00669196074276,1
2018-02-03 11:27:00,2018-02-03 11:28:00,CIC,3431,7968.333721946954,4567979.534538035,9.848149227630428,33789.0,5493.494899446226,18848181.0,,0.0,3748498470242.409,,,3.681142524045468,6.167006703584961,267.6584086272224,5225.836490819003,38750.100453529034,6754.228059173588,1859540.3526930632,254233.7889236303,2419813.102593996,1715369.826872632,6297.071708091961,455.18776231174587,0.496356747303993,0.001457301078402798,0.009326726901777908,0.4170795686388808,0.49956280967647915,0.42757213640338093,0.006703584960652871,0.0,0.4170795686388808,5763.781987758671,5343.874963567473,184.56951326143982,2.347712037306908,54.89087943363655,89.22631705543922,164.94782862139317,5.200816088603905,42.35242186959749,63.668573358259984,2.347712037306908,242.83474205770912,42.645976189554936,76.66383354073447,15202.988831622944,48.236600016342464,54.89087943363655,42.35242186959749,1
2018-02-03 11:28:00,2018-02-03 11:29:00,CIC,6566,5940.192354553762,11163446.814346634,14.637069753274444,96107.0,6915.833536399635,45409363.0,,0.0,8902617637877.93,,,6.616052391105696,8.021017362168749,305.46512336277794,6610.3684130368565,132674.19317349454,9263.397352188582,1175951.795599554,801270.6533686696,3762864.374048127,841638.9925373135,8226.581992244346,1026.9396697969908,0.6460554371002132,0.0028936947913493754,0.019342065184282668,0.2094121230581785,0.3834907097167225,0.2715504112092598,0.01416387450502589,0.0,0.2094121230581785,4407.425525434054,2971.856990557417,162.29089247639354,14.077520560462991,50.4286973340332,64.19883616662092,279.9652756625038,34.15092902832775,116.64567262119297,98.27160697984694,14.021931160523911,324.5070057873896,80.20291062451294,108.76049184596329,38355.5066006174,93.13871548689521,50.4286973340332,116.64567262119297,1
2018-02-03 11:29:00,2018-02-03 11:30:00,CIC,5474,7441.909024479357,8942797.218487395,10.000548045305079,54743.0,4649.357325538911,25450582.0,,0.0,7731622567120.188,,,4.1592985020094995,5.841249543295579,278.1909024479357,4371.1664230909755,229345.43579273083,21883.383407901074,1155068.193541925,687695.6981969938,3188990.1455973694,844817.6779320424,18178.79827799437,3596.647360083426,0.5853123858238948,0.0047497259773474606,0.03215199123127512,0.2524662038728535,0.3847278041651443,0.35421994884910485,0.027584947022287174,0.0,0.2524662038728535,4538.095177201315,3324.129704055535,162.48502009499452,12.145962732919255,51.67683677939934,67.97833248646364,222.72214103032516,25.203142126415784,80.88950559410925,78.46827413377055,11.957617829740592,277.97405918889297,62.61888908331933,89.26828601873802,25960.89526678007,74.0121854707574,51.67683677939934,80.88950559410925,1
2018-02-03 11:30:00,2018-02-03 11:31:00,CIC,3891,11416.020303263942,4474506.337445387,5.929067077872013,23070.0,462.8735543562066,1801041.0,,0.0,5164225421277.486,,,3.328450269853508,2.600616808018504,218.79362631714213,244.0799280390645,144037.33438382315,17907.533014703757,1834881.4681517682,349264.0825522076,2567392.593163711,1655658.9755846825,14055.590528409797,3792.1126407626184,0.5052685684913903,0.0025700334104343356,0.023387304034952455,0.3546646106399383,0.4271395528141866,0.47905422770496014,0.06527884862503212,0.0,0.3546646106399383,5386.028013364174,4441.673605756875,159.5615523001799,3.9300950912361863,49.59815220830095,77.33937277364791,137.52043176561295,8.209714726291441,38.78038957783937,52.23715615886919,3.505011565150347,207.78231817013622,38.56102410275199,66.7967981877723,13236.21452071257,44.6455217525505,49.59815220830095,38.78038957783937,1
2018-02-03 11:31:00,2018-02-03 11:32:00,CIC,4009,11150.812172611624,4811739.531055126,8.744075829383887,35055.0,4659.928909952607,18681655.0,,0.0,7546685279164.955,,,3.4996258418558246,5.2444499875280615,227.99825392866052,4431.9306560239465,430902.99452211015,50893.32793680346,1443143.6085923093,445869.9516592586,2544924.311050137,1228789.4312796209,47181.48873744246,3115.1850679655804,0.4657021701172362,0.009229234222998255,0.08156647543028187,0.3414816662509354,0.40583686704913946,0.5245697181341981,0.032676477924669496,0.0,0.3414816662509354,5187.101521576453,3660.2130207034174,155.80568720379148,2.352207533050636,48.10473886160239,76.68384385261587,127.9356447992018,5.455724619605887,35.72763184360838,49.59243841656523,2.304065851833375,199.3651783487154,37.98909363394787,64.77120723187653,12744.060064615525,43.646477507750305,48.10473886160239,35.72763184360838,1
2018-02-03 11:32:00,2018-02-03 11:33:00,CIC,3823,7530.38425320429,5964936.631964426,7.652628825529689,29256.0,1553.5848809835209,5939355.0,,0.0,5702959925729.764,,,4.006277792309705,3.646351033219984,263.8208213444939,1289.764059639027,143186.70020171898,12976.657358487655,1440821.191307768,469949.7425723125,2923189.154329061,1242368.6908187286,10973.242717230109,1989.8371812699563,0.5333507716453048,0.0018310227569971226,0.016217630133403087,0.3612346324875752,0.4588019879675647,0.3981166623070887,0.011509285901124771,0.0,0.3612346324875752,5291.15275961287,3894.3808527334554,178.0452524195658,5.594036097305781,53.77425638754826,82.78982480444833,186.650013078734,13.443107507193304,64.20313290001413,69.74609186418466,5.537535966518441,257.42270468218675,53.20463616471776,84.43918716684986,22174.94823373752,60.83256665013471,53.77425638754826,64.20313290001413,1
2018-02-03 11:33:00,2018-02-03 11:34:00,CIC,3722,8022.65797958087,6859191.806824288,11.90811391724879,44322.0,6646.299838796346,24737528.0,,0.0,2912921824710.624,,,4.754433100483611,7.15368081676518,282.22434175174635,6364.0754970446,76549.87976545354,9178.230239982855,1869267.0820401195,350825.1229159919,2895091.9476088122,1702999.3672756583,8313.511001399467,857.3214173018536,0.5284793121977431,0.0018807092960773778,0.009134873723804407,0.37748522299838794,0.4744760881246642,0.415368081676518,0.02015045674368619,0.0,0.37748522299838794,5709.502149382052,4617.796614723267,179.34282643739925,3.785599140247179,53.16817948415019,84.76993178150242,185.3530360021494,9.162815690488985,57.22914601514965,70.43828344852042,3.773240193444385,258.27538957549706,50.30086304971467,83.64915035401343,20828.965727653926,56.76312804118565,53.16817948415019,57.22914601514965,1
2018-02-03 11:34:00,2018-02-03 11:35:00,CIC,3949,7929.0701443403395,7052311.8637629775,10.58166624461889,41787.0,4093.381109141555,16164762.0,,0.0,6762353062134.593,,,5.011395289946822,5.570270954672069,276.34692327171433,3817.0341858698403,97773.5984508311,10950.620233110545,1416936.421965522,521813.72332001646,2818920.8662952646,1176363.521651051,9053.652019894751,1888.6491803914791,0.5338060268422385,0.0012661433274246644,0.014687262598126107,0.34996201570017726,0.46290200050645736,0.40136743479361864,0.014940491263611041,0.0,0.34996201570017726,5823.577361357306,4437.147125854647,178.81159787287922,5.5107622182831095,52.80160459901291,81.78010083470802,196.61205368447708,14.030134211192706,65.58566589800354,72.87336888430438,5.436566219296024,265.7551278804761,53.69475087662269,86.67777721661763,23049.37930514873,61.27102625090073,52.80160459901291,65.58566589800354,1
2018-02-03 11:35:00,2018-02-03 11:36:00,CIC,3484,7729.683696900115,5663285.644374282,12.511481056257177,43590.0,6793.243685419058,23667661.0,,0.0,5209081608938.593,,,5.4130309988518945,7.098450057405281,269.08610792192883,6524.15757749713,314654.327529216,27475.327116703065,1707860.9943436221,463354.3630398835,3130036.234213548,1491127.8550516649,25444.158888830956,1960.1929281833347,0.5022962112514351,0.004592422502870264,0.02812858783008037,0.2807118254879449,0.45464982778415614,0.4190585533869116,0.022962112514351322,0.0,0.2807118254879449,5591.545350172216,5422.23392652124,169.65786452353618,4.774971297359357,49.27944063515557,76.03528357183582,227.77296211251436,10.742250287026406,68.06007162127699,88.46897429251435,4.729334098737084,281.0054535017222,54.23591007814122,90.01703897987169,23357.033057781002,61.49691083329621,49.27944063515557,68.06007162127699,1
2018-02-03 11:36:00,2018-02-03 11:37:00,CIC,1732,8698.607967667436,7599114.682448037,8.467667436489608,14666.0,1509.1911085450347,2613919.0,,0.0,3068141612840.9517,,,4.672632794457275,3.7950346420323324,278.4445727482679,1230.7465357967667,178930.48373533727,18196.4573902455,4471141.07765735,292320.1040976344,5085028.508660508,4307452.39665127,15067.498781276603,3097.440495664343,0.38625866050808316,0.0040415704387990765,0.034064665127020784,0.27886836027713624,0.4722863741339492,0.4387990762124711,0.025981524249422634,0.0,0.27886836027713624,6993.048498845265,10495.2396073903,184.60969976905312,2.6986143187066975,48.22943484455543,76.30215633324538,264.93591224018473,5.62933025404157,61.41878612101616,102.60644299895093,2.636258660508083,302.31293302540416,49.826709673770786,90.38634802307217,21140.795556214904,55.840014465139724,48.22943484455543,61.41878612101616,1
2018-02-03 11:37:00,2018-02-03 11:38:00,CIC,1601,6904.4409743910055,13445711.575890068,12.084322298563398,19347.0,4384.2398500936915,7019168.0,,0.0,11341459545207.496,,,5.906933166770768,6.17738913179263,344.4697064334791,4039.7701436602124,53531.7334509969,3451.8207510485563,3904223.469729819,899719.8188664885,6600687.732042474,3471903.8400999377,2825.7606194273153,626.0601316203073,0.4853216739537789,0.0,0.021236727045596503,0.2798251093066833,0.5003123048094941,0.29606495940037475,0.007495315427857589,0.0,0.2798251093066833,6416.966271080574,9428.479075577763,205.92692067457838,7.779512804497189,52.92608478635415,77.8862439677133,346.3585259212992,18.039350405996252,108.53918218839475,126.56372901156152,7.7507807620237354,384.8257339163023,75.90529070221548,118.76916752931356,38351.141468944545,85.12639288163022,52.92608478635415,108.53918218839475,1
2018-02-03 11:38:00,2018-02-03 11:39:00,CIC,1472,7741.527173913043,12503942.30638587,9.586277173913043,14111.0,1274.4239130434783,1875952.0,,0.0,5836693374476.472,,,5.276494565217392,4.309782608695652,326.1936141304348,948.2302989130435,100217.84703098201,8935.172829374966,4594887.047889392,620052.5711440528,6485498.84375,4323589.191576087,6695.152243790565,2227.8804051210177,0.44429347826086957,0.001358695652173913,0.021059782608695652,0.30027173913043476,0.4782608695652174,0.33152173913043476,0.027853260869565216,0.0,0.30027173913043476,7559.173233695652,10978.823369565218,202.3913043478261,7.722146739130435,53.50358101015897,78.1645158048485,314.31997282608694,18.39741847826087,87.27078576305027,112.83939985187635,7.598505434782608,355.4857336956522,63.985330680802306,105.69218055805639,29666.809992025217,73.04085291534578,53.50358101015897,87.27078576305027,1
2018-02-03 11:39:00,2018-02-03 11:40:00,CIC,1243,10366.708769107,9701907.489139179,7.408688656476267,9209.0,812.3531777956557,1009755.0,,0.0,6310685550478.897,,,4.271118262268705,3.1375703942075623,351.4569589702333,460.89621882542235,132127.31313069997,11019.933568529324,6100046.082066783,458844.38042353076,7010579.266291231,5839061.757843926,7117.562797927405,3893.5051765565663,0.3676588897827836,0.0008045052292839903,0.014481094127111826,0.36283185840707965,0.5317779565567177,0.4102976669348351,0.04907481898632341,0.0,0.36283185840707965,7603.88817377313,13391.95414320193,223.82542236524537,1.409493161705551,56.55386841791553,90.97206874975623,297.54062751407884,2.8793242156074013,64.36739718777957,111.24558877442477,1.3161705551086083,344.98793242156074,53.86332810426227,99.7851180466999,24809.831511148514,59.05927753576026,56.55386841791553,64.36739718777957,1
2018-02-03 11:40:00,2018-02-03 11:41:00,CIC,1634,9724.7576499388,11059381.67380661,13.863525091799266,22653.0,5390.547735618115,8808155.0,,0.0,8477395787535.931,,,6.564259485924112,7.299265605875153,342.531211750306,5048.016523867809,191937.90757135063,28516.189217208223,3759262.439457939,647062.9821210415,5546265.533047736,3446250.4810281517,25744.979898680373,2596.691636588548,0.4283965728274174,0.004283965728274173,0.052019583843329255,0.2711138310893513,0.4755201958384333,0.3935128518971848,0.02937576499388005,0.0,0.2711138310893513,7377.708690330477,11067.490208078336,203.7607099143207,5.219706242350061,52.81804673012362,79.12798849961261,314.5342717258262,11.490208078335373,86.73123412170747,115.11186782252142,4.970012239902081,352.96695226438186,66.10630430560404,106.47781967697674,31421.360786771496,73.6625182490869,52.81804673012362,86.73123412170747,1
2018-02-03 11:41:00,2018-02-03 11:42:00,CIC,1129,9296.795394154118,8962298.417183349,7.518157661647476,8488.0,962.6288751107174,1086808.0,,0.0,4227389754727.8096,,,4.305580159433126,3.212577502214349,342.2834366696191,620.3454384410983,92450.0436982864,14286.218897704417,6025834.919249498,296825.96645135037,6717452.328609389,5869844.885739593,13484.053316903035,776.8578413784845,0.3436669619131975,0.002657218777679362,0.015943312666076175,0.3755535872453499,0.537643932683791,0.39681133746678476,0.015943312666076175,0.0,0.3755535872453499,8709.653675819309,12986.466784765278,221.40212577502214,1.6908768821966342,56.45292209785208,91.35308921101772,283.44818423383526,3.669619131975199,64.11912701594332,106.35962913444641,1.6908768821966342,336.3321523472099,54.09003458586359,98.4625248480434,24202.301953318878,59.58313383583437,56.45292209785208,64.11912701594332,1
2018-02-03 11:42:00,2018-02-03 11:43:00,CIC,3285,5581.878538812785,17630981.47853881,18.057838660578387,59320.0,10252.338812785389,33678933.0,,0.0,10630807149727.52,,,7.2465753424657535,10.811263318112633,400.9363774733638,9851.402435312024,295609.4007546773,18911.359850921537,2552041.107019596,1119001.2966855494,6225321.999086758,2096881.2264840184,17193.748511196725,1590.9599190805197,0.6423135464231354,0.007001522070015221,0.024048706240487064,0.13211567732115678,0.37838660578386607,0.2121765601217656,0.01796042617960426,0.0,0.13211567732115678,4874.351598173516,5490.023135464231,180.11354642313546,16.117199391171994,49.278630190814916,59.797711424044145,388.53637747336376,40.61826484018265,149.39645045398174,135.3313773531653,16.098325722983258,409.537899543379,96.7997178940621,131.58812230327123,49973.338145502035,111.04319431214552,49.278630190814916,149.39645045398174,1
2018-02-03 11:43:00,2018-02-03 11:44:00,CIC,1474,11101.113975576662,6931820.222523745,7.144504748982361,10531.0,825.1648575305292,1216293.0,,0.0,2833427021565.3057,,,4.1383989145183175,3.0061058344640434,310.0739484396201,515.0909090909091,140724.65114720742,16949.515698713265,4301772.873383805,300587.1886552119,5039245.620759837,4144184.5970149254,14979.560620264368,1912.4601133561887,0.39077340569877883,0.0033921302578018998,0.023066485753052916,0.291044776119403,0.4789687924016282,0.40094979647218454,0.04748982360922659,0.0,0.291044776119403,7577.62143826323,12347.225237449118,197.9979647218453,4.529850746268656,51.80300516426866,79.00929659434125,273.09090909090907,11.010176390773406,68.44621449852984,100.55532804761873,4.498643147896879,314.4464043419267,53.74128858838738,92.5894683609783,23193.92925619194,60.75767923537652,51.80300516426866,68.44621449852984,1
2018-02-03 11:44:00,2018-02-03 11:45:00,CIC,2509,8817.454762853726,13664528.89039458,13.512953367875648,33904.0,6567.143882024711,16476964.0,,0.0,12053829204501.623,,,5.673973694699083,7.838979673176564,319.10442407333596,6248.039457951375,330242.7809980403,21324.222080462656,3363313.4795712214,963274.7988063175,6287020.341968912,2934608.5432443204,16896.069863265195,4368.658572636874,0.5707453168593065,0.00438421681944998,0.03427660422479075,0.1725787166201674,0.374651255480271,0.3132722200079713,0.04065364687126345,0.0,0.1725787166201674,5274.415703467517,7022.589079314468,171.72698286169788,12.181347150259068,47.40376760049222,61.25939965595656,324.4726982861698,30.54722997210044,116.87900428941411,113.75346908827223,12.056596253487445,352.62574730968515,78.2481526181399,111.09844879093025,38524.447171286505,89.73831675457792,47.40376760049222,116.87900428941411,1
2018-02-03 11:45:00,2018-02-03 11:46:00,CIC,2153,10070.44078030655,9276745.57826289,7.578262888992104,16316.0,1325.1467719461216,2853041.0,,0.0,4570742510298.787,,,4.2215513237343245,3.35671156525778,303.7909893172318,1021.3557826288899,244468.1493488743,43361.42945804209,3115358.695851231,530787.6970246978,4730860.1546679055,2890338.941012541,39922.177358876295,3076.7320201121934,0.46632605666511845,0.013469577333952624,0.07849512308406874,0.19647004180213656,0.3822573153738969,0.4003715745471435,0.04366000928936368,0.0,0.19647004180213656,5875.956339990711,8224.092893636785,176.1802136553646,8.423594983743614,48.63702698083743,66.58705028371668,290.22666047375753,22.384579656293543,91.09400324926149,104.32545725220623,8.278680910357641,323.79656293543894,65.51838169941477,100.49696514461775,31597.111567474367,75.59726377098141,48.63702698083743,91.09400324926149,1
2018-02-03 11:46:00,2018-02-03 11:47:00,CIC,2126,7987.16698024459,9919665.218720602,12.698965192850423,26998.0,6277.185324553151,13345296.0,,0.0,14907878635433.373,,,5.240827845719662,7.458137347130762,324.8725305738476,5952.312793979304,115573.43023963447,11625.903332916658,3102316.9312786753,894633.8154285358,5622800.063029163,2733792.8292568205,9809.526705714026,1794.5028673563695,0.5070555032925682,0.0009407337723424271,0.023047977422389464,0.19285042333019756,0.4021636876763876,0.3222013170272813,0.029633113828786452,0.0,0.19285042333019756,5859.329727187206,8118.662276575729,172.05268109125117,14.760583254938853,53.19445967730856,63.90915645829304,278.81937911571026,25.226246472248352,90.69624977061336,99.27335149206678,14.483066792097837,309.21542803386643,67.47222755504374,92.48078097926859,26584.038905833157,79.59348191165805,53.19445967730856,90.69624977061336,1
2018-02-03 11:47:00,2018-02-03 11:48:00,CIC,2136,8652.62265917603,10560428.254213484,7.879681647940075,16831.0,1383.1535580524344,2954416.0,,0.0,7860131942303.341,,,4.367509363295881,3.512172284644195,347.2406367041198,1035.9129213483145,194974.36460562557,28382.58662276302,3724605.0965479775,708837.856740079,6006196.015917603,3441581.1989700375,25588.033359948862,2502.223250752307,0.46722846441947563,0.007022471910112359,0.04728464419475655,0.20084269662921347,0.4101123595505618,0.34222846441947563,0.028089887640449437,0.0,0.20084269662921347,5941.282303370786,9082.956928838952,194.62593632958803,9.521535580524345,53.39223750348736,72.60832163565637,321.36095505617976,22.237827715355806,98.22956574313203,116.5071853482631,9.439606741573034,352.0102996254682,70.54201563372051,107.3671526299705,33782.29067530661,80.97410664199718,53.39223750348736,98.22956574313203,1
2018-02-03 11:48:00,2018-02-03 11:49:00,CIC,1406,10620.054765291607,9598397.803698435,13.581792318634424,19096.0,6815.264580369843,9582262.0,,0.0,2602083690534.419,,,5.502844950213372,8.078947368421053,355.7347083926031,6459.52987197724,30632.003452177578,13891.86613996081,4898119.135429284,355632.54974845954,5753191.679943101,4705474.337126601,11822.974190235394,2019.4898653308849,0.42318634423897583,0.002844950213371266,0.02418207681365576,0.3015647226173542,0.4850640113798009,0.39758179231863444,0.05476529160739687,0.0,0.3015647226173542,7401.0106685633,12131.370554765292,206.72048364153628,5.226884779516358,54.02854017468919,81.58843090426102,287.65362731152203,9.592460881934565,70.52137460139403,105.41534311051637,5.195590327169275,332.2660028449502,56.921932778162876,96.46442808243529,24841.46214496023,64.11218935176956,54.02854017468919,70.52137460139403,1
2018-02-03 11:49:00,2018-02-03 11:50:00,CIC,2090,7230.924401913876,12388413.489473684,11.761722488038277,24582.0,4529.751674641148,9467181.0,,0.0,11124297612461.154,,,5.702392344497608,6.05933014354067,364.6162679425837,4165.135406698565,204246.79905297223,18410.769696041632,3404490.9693664243,883990.0769378695,6172381.9645933015,3052719.7545454544,17080.55661029752,1277.3592014496135,0.5454545454545454,0.006220095693779904,0.03253588516746411,0.19856459330143542,0.40095693779904307,0.2985645933014354,0.019138755980861243,0.0,0.19856459330143542,5557.040191387559,7975.311004784689,181.48564593301435,11.785167464114833,51.2026620650933,65.91207725408518,313.90622009569375,28.301435406698566,104.555791310289,108.8452436432244,11.748325358851675,346.899043062201,73.76353818057464,106.9573183469378,34256.19252688795,85.22398628938852,51.2026620650933,104.555791310289,1
2018-02-03 11:50:00,2018-02-03 11:51:00,CIC,1325,8417.04,10582112.549433962,13.884528301886792,18397.0,7199.569056603774,9539429.0,,0.0,974245677246.1802,,,5.560754716981132,8.32377358490566,346.63320754716983,6852.935849056604,122505.93644221255,11478.494907216975,5593594.7520546615,234464.2995695946,6177803.36,5461389.21735849,10226.264526368279,1217.5783207341058,0.38264150943396225,0.0,0.022641509433962263,0.3169811320754717,0.510188679245283,0.41132075471698115,0.021132075471698115,0.0,0.3169811320754717,7798.804528301886,12307.695849056603,207.25735849056605,1.96,52.02076251293811,84.33109429965509,280.10188679245283,4.119245283018868,63.32642868135849,105.82995986101434,1.96,325.4279245283019,52.06350677491623,94.99923235429735,22782.246323526568,57.52920403117736,52.02076251293811,63.32642868135849,1
2018-02-03 11:51:00,2018-02-03 11:52:00,CIC,3859,5144.869914485618,12686194.23088883,13.36745270795543,51585.0,7259.227001813942,28013357.0,,0.0,9328121738110.863,,,5.271832080849961,8.095620627105468,361.98004664420836,6897.246955169733,301805.9491923426,17717.120829085412,1889319.366380308,911927.9204073617,4730180.169992226,1511302.4840632288,16154.143049650944,1480.337671850675,0.6537963202902306,0.003627882871210158,0.017362010883648613,0.10158072039388442,0.3778180875874579,0.25576574242031613,0.013215859030837005,0.0,0.10158072039388442,4762.2394402695,4214.096138896087,158.16455040165846,15.498833894791396,48.724623762492094,55.855050973624515,340.91604042498057,36.32391811350091,127.51948163245919,122.83992527978958,14.54962425498834,362.6299559471366,85.79208992883727,117.22133523986395,40725.229580072264,99.65269616109589,48.724623762492094,127.51948163245919,1
2018-02-03 11:52:00,2018-02-03 11:53:00,CIC,1819,9923.258933479934,9298284.915887851,13.562396921385377,24670.0,7051.231995601979,12826191.0,,0.0,2700521863079.136,,,5.587685541506322,7.9747113798790545,343.4700384826828,6707.761957119296,131817.68908704593,28498.96095457495,3595805.438794934,391496.15300301206,4708408.418361737,3396875.5805387576,24728.352054951563,3598.2677394651787,0.4392523364485981,0.007146783947223749,0.04892798240791644,0.24354040681693237,0.43870258383727323,0.39692138537658056,0.05002748763056625,0.0,0.24354040681693237,7211.782297965915,11789.18691588785,196.80868609125892,6.503573391973612,50.85803845285926,74.23833399736505,295.3210555250137,14.82957669048928,82.10694438899397,105.3872828964541,6.359538207806487,331.5997800989555,62.86236556883287,98.75621464322539,28483.161038526458,71.0356704867746,50.85803845285926,82.10694438899397,1
2018-02-03 11:53:00,2018-02-03 11:54:00,CIC,2215,8919.87223476298,12260662.021670429,9.060045146726862,20068.0,2306.1598194130925,5108144.0,,0.0,8674956209065.701,,,4.8045146726862304,4.255530474040632,397.2446952595937,1908.915124153499,210941.16734322943,24314.790394863754,3662085.592075501,751201.6389978676,5690604.42979684,3318427.250112867,19369.505712409205,4879.420690563285,0.5286681715575621,0.003160270880361174,0.019413092550790066,0.1986455981941309,0.381941309255079,0.3182844243792325,0.040632054176072234,0.0,0.1986455981941309,6090.908803611738,7790.495259593679,178.55981941309255,11.43115124153499,53.716716339973814,65.3372567278799,298.50699774266366,27.290744920993227,99.01718359598193,104.1227073314781,11.051918735891649,332.80316027088037,73.18073117565282,102.74379188164559,32805.03558981466,84.07934858253138,53.716716339973814,99.01718359598193,1
2018-02-03 11:54:00,2018-02-03 11:55:00,CIC,1565,12743.139936102236,8015884.670926518,12.382747603833867,19379.0,6176.752076677316,9666617.0,,0.0,3482614403935.7725,,,5.268370607028754,7.114376996805112,328.4562300319489,5848.295846645367,616916.7178708359,59572.82447723279,3866369.4805342993,384288.8688941897,4779304.08115016,3645629.7936102236,53402.237559745496,5523.46997438903,0.36996805111821085,0.0134185303514377,0.09840255591054313,0.28626198083067095,0.43130990415335463,0.48434504792332267,0.049201277955271565,0.0,0.28626198083067095,7699.69840255591,11762.938019169329,197.29520766773163,3.598083067092652,50.84555717880384,77.85791814694697,262.81341853035144,6.6900958466453675,61.64595870484345,96.6332990590671,2.7444089456869007,306.6402555910543,52.597080053343774,90.16876983597125,23378.108041172458,59.040601237124605,50.84555717880384,61.64595870484345,1
2018-02-03 11:55:00,2018-02-03 11:56:00,CIC,2495,7204.551903807615,16276212.801202405,15.15871743486974,37821.0,8254.930260521041,20596051.0,,0.0,10659237756956.205,,,6.076152304609218,9.082565130260521,413.37194388777556,7841.558316633266,248550.6452367167,20593.625937597168,3095080.9027865496,1010413.7383010279,6084718.751503006,2636692.452905812,16757.380836167278,3745.4515603268837,0.5643286573146292,0.0012024048096192384,0.030460921843687375,0.19278557114228456,0.4288577154308617,0.26533066132264527,0.023647294589178358,0.0,0.19278557114228456,5637.264529058116,8114.72625250501,197.80440881763528,11.739879759519038,51.174601429446895,68.94079231820079,366.9446893787575,29.169138276553106,126.5913293625932,129.6468218733455,11.593587174348697,395.2881763527054,86.98909021204288,124.0683639694966,44242.42095793223,98.46107432107294,51.174601429446895,126.5913293625932,1
2018-02-03 11:56:00,2018-02-03 11:57:00,CIC,2243,7318.813642443157,12252280.037004013,15.821667409719126,35488.0,10173.38386090058,22818900.0,,0.0,6114804653887.083,,,5.555506018724922,10.266161390994204,326.3272403031654,9847.056620597414,178023.68999429158,19018.05976442324,3383353.933754071,639429.5972473017,5198723.784217565,3076203.1654034774,17407.47436182879,1525.7969061076112,0.543468568880963,0.003120820329915292,0.034774855104770394,0.1966116807846634,0.4159607668301382,0.3152028533214445,0.020954079358002677,0.0,0.1966116807846634,5967.723584485065,8184.796255015604,180.30896121266161,10.308515381185911,49.03256245251137,66.52778305322603,309.2251448952296,26.03878733838609,100.73400366506465,110.43359439739322,10.25724476148016,337.84574230940706,70.61244748782612,104.95301841173072,32863.60302595647,81.31748881407,49.03256245251137,100.73400366506465,1
2018-02-03 11:57:00,2018-02-03 11:58:00,CIC,1697,11148.520919269298,9825813.738361815,11.380671773718326,19313.0,5953.526812021214,10103135.0,,0.0,10624671843047.412,,,4.585739540365351,6.794932233352976,355.20919269298764,5598.317619328226,129739.3562310319,20833.997611448754,3901424.4847935676,715254.2891706987,5659594.8898055395,3552234.3789039482,17399.939435405067,3384.9503445675673,0.45197407189157335,0.002357100766057749,0.01767825574543312,0.26812021213906895,0.44843842074248674,0.4048320565704184,0.05892751915144372,0.0,0.26812021213906895,7299.093694755451,11346.223924572776,203.3022981732469,5.261048909840896,52.153985112400704,78.55914292948202,290.3305833824396,11.779021803182086,72.95692419054214,105.9133132380554,5.261048909840896,331.2274602239246,57.65522774357513,97.169914837274,25822.96008496026,64.9307432960825,52.153985112400704,72.95692419054214,1
2018-02-03 11:58:00,2018-02-03 11:59:00,CIC,1865,10247.040214477212,11222370.091689007,15.92171581769437,29694.0,10557.51689008043,19689769.0,,0.0,6863334526049.0625,,,5.628418230563002,10.293297587131367,334.93297587131366,10222.583914209115,261206.96755839165,54756.04635481451,4045757.2875868105,643917.3121151734,5798323.222520107,3745299.068096515,51835.21231653571,2480.43688261597,0.4289544235924933,0.005898123324396783,0.0772117962466488,0.25361930294906165,0.41126005361930296,0.40214477211796246,0.023056300268096516,0.0,0.25361930294906165,6297.063806970509,9809.386595174263,190.34530831099195,6.743163538873994,50.1096730008815,72.4235378274413,296.18713136729224,16.84289544235925,83.63842899126006,106.4906595718831,6.667024128686327,334.12922252010725,62.510241686545314,99.88610373502574,28882.27701559248,71.34346906402627,50.1096730008815,83.63842899126006,1
2018-02-03 11:59:00,2018-02-03 12:00:00,CIC,1915,7052.1148825065275,15127453.296605743,17.254308093994776,33042.0,10372.601566579635,19863532.0,,0.0,7773945210849.62,,,6.8266318537859005,10.427676240208877,389.7911227154047,9982.81044386423,174316.47300058117,13660.240841478559,3849398.656828545,842354.5914548116,6463696.002610966,3473056.1890339428,11723.838022577138,1900.7363937291107,0.5493472584856397,0.0020887728459530026,0.03237597911227154,0.22924281984334205,0.43342036553524804,0.2934725848563969,0.019321148825065273,0.0,0.22924281984334205,6055.250652741514,8296.372845953003,197.04020887728458,10.358746736292428,52.034548373494516,71.73693977592585,343.9650130548303,24.960313315926893,116.70130529713316,122.56037291453264,10.291906005221932,378.2339425587467,80.41453042516449,118.61963352921566,40791.74898032,90.84998164976135,52.034548373494516,116.70130529713316,1
2018-02-03 12:00:00,2018-02-03 12:01:00,CIC,1546,8497.330530401036,10187265.675937904,18.790426908150064,29050.0,13514.593790426909,20893562.0,,0.0,13982599102496.404,,,6.2250970245795605,12.565329883570504,398.41591203104787,13116.17787839586,324222.2894647634,21869.29448162932,3989573.7882541623,729612.5026058821,5886859.483182406,3636713.3686934025,19052.203138236946,2760.5084340429376,0.47283311772315656,0.005821474773609315,0.03040103492884864,0.296248382923674,0.4715394566623545,0.36610608020698576,0.0258732212160414,0.0,0.296248382923674,8151.106080206986,11837.239327296249,212.21992238033636,6.080853816300129,54.62989982904852,81.72360421091203,314.5957309184993,14.191461836998707,90.07830677357956,112.10604137692691,5.994178525226391,356.5426908150065,68.50021418192368,106.37114284246313,31146.887064729162,76.41826851266882,54.62989982904852,90.07830677357956,1
2018-02-03 12:01:00,2018-02-03 12:02:00,CIC,1666,8214.047418967588,14320764.93637455,14.822929171668667,24695.0,8383.426170468187,13966788.0,,0.0,9999519915672.916,,,5.813325330132053,9.009603841536615,385.2118847539016,7998.214285714285,148731.04956459044,14974.095097918807,4881888.793344724,805803.1308285135,7035431.983793518,4496488.481392557,12355.5607031564,2573.5941333802393,0.4897959183673469,0.0024009603841536613,0.025210084033613446,0.27310924369747897,0.4447779111644658,0.3397358943577431,0.02100840336134454,0.0,0.27310924369747897,6516.59243697479,10132.454981992798,207.2262905162065,7.524009603841536,54.00873050923469,78.94621071687816,315.08043217286917,17.623049219687875,94.23669024607443,113.9987017197209,7.4939975990396155,353.91476590636256,69.30410439108884,108.06047005163204,33397.3396681644,78.1859984455078,54.00873050923469,94.23669024607443,1
2018-02-03 12:02:00,2018-02-03 12:03:00,CIC,2652,6345.156108597285,14231534.718702866,16.523378582202113,43820.0,10330.90874811463,27397570.0,,0.0,10835567673838.537,,,6.203242835595777,10.320135746606335,357.09313725490193,9973.815610859729,119880.02591214677,12524.382539669783,3150612.0480207065,1032666.4976051855,6442156.413650075,2741586.7556561087,10985.500087586835,1496.3788914517354,0.5999245852187028,0.003393665158371041,0.03129713423831071,0.1689291101055807,0.38461538461538464,0.25452488687782804,0.021116138763197588,0.0,0.1689291101055807,5181.595399698341,7270.243212669683,192.3186274509804,15.432503770739064,53.88840749347285,66.73094834790875,357.72775263951735,36.762443438914026,131.17090616920777,125.89864228747739,15.392156862745098,385.7846907993967,88.22696782159352,122.19168753276094,43667.21906537679,102.56732639799924,53.88840749347285,131.17090616920777,1
2018-02-03 12:03:00,2018-02-03 12:04:00,CIC,1373,12087.217771303714,8854240.692643845,10.641660597232338,14611.0,5396.674435542607,7409634.0,,0.0,1940590481231.8645,,,4.318281136198106,6.323379461034231,339.9992716678806,5056.675163874726,303549.69212332036,28939.74368467404,5204043.444768131,301076.99330309033,5822714.5520757465,5006388.0,24290.183010735513,4438.783225574756,0.4289876183539694,0.005826656955571741,0.02986161689730517,0.3211944646758922,0.4420975965040058,0.46613255644573925,0.07356154406409322,0.0,0.3211944646758922,8174.485069191552,12016.045156591406,195.53095411507647,5.009468317552804,52.95456117582447,79.18583404669701,247.24544792425345,5.6023306627822285,57.42111450512454,91.70668115712746,4.964311726147123,294.761835396941,51.83513281010488,86.22511409074727,21587.714658684836,58.57334525801384,52.95456117582447,57.42111450512454,1
2018-02-03 12:04:00,2018-02-03 12:05:00,CIC,2182,8115.376260311641,8453937.67827681,12.860678276810265,28062.0,6267.979835013749,13676732.0,,0.0,4300483225565.0933,,,5.6475710357470215,7.213107241063245,385.3185151237397,5882.6613198900095,198869.80050566193,19894.855688546846,3670822.6895674914,555685.2219173143,5545605.74152154,3444632.471127406,16955.9768320844,2875.054846470644,0.5123739688359303,0.002749770852428964,0.03253895508707608,0.23006416131989002,0.4303391384051329,0.2997250229147571,0.0307057745187901,0.0,0.23006416131989002,6030.473877176902,10066.25022914757,209.75435380384968,9.845096241979835,54.50838964903391,76.98775261270853,350.0032080659945,24.001833180568287,116.75774236804766,127.78853782850594,9.770852428964252,384.85242896425297,81.2122215193694,120.39961538685425,40422.23574371752,92.09843951379973,54.50838964903391,116.75774236804766,1
2018-02-03 12:05:00,2018-02-03 12:06:00,CIC,1541,7974.024659312135,6039226.385463985,8.036340038935757,12384.0,1274.5230369889682,1964040.0,,0.0,1479495016248.5925,,,4.474367293964958,3.5619727449707983,369.06164828033747,905.4613887086308,104835.57729199066,6840.173557602055,3885314.9956679163,303100.72868172126,4812891.520441272,3744412.87605451,5008.285418472426,1805.2554062495128,0.4172615184944841,0.0006489292667099286,0.02336145360155743,0.3264114211550941,0.5288773523685918,0.3303049967553537,0.011031797534068787,0.0,0.3264114211550941,7586.19922128488,12737.133679428942,229.13562621674237,6.689162881245944,59.71258185242764,88.85572082874367,356.42115509409473,15.09474367293965,98.44421222537314,133.2445992675146,5.8170019467878005,397.1719662556781,71.45925001700454,119.45557470517586,35132.87447576469,80.63522761579495,59.71258185242764,98.44421222537314,1
2018-02-03 12:06:00,2018-02-03 12:07:00,CIC,1960,5541.395918367347,5440606.302040816,7.761224489795918,15212.0,730.5204081632653,1431820.0,,0.0,1142110004740.9556,,,4.446938775510204,3.3142857142857145,294.8127551020408,435.7076530612245,237870.65000623075,11545.502109077634,3210814.7242049114,191003.31492373056,3730021.948469388,3102046.9525510203,8844.813123447577,2688.9078610036813,0.3903061224489796,0.0,0.012244897959183673,0.27448979591836736,0.564795918367347,0.413265306122449,0.01020408163265306,0.0,0.27448979591836736,7492.444387755102,11035.135714285714,194.825,0.7877551020408163,49.5847720367801,82.0152904454597,315.7795918367347,1.5025510204081634,69.8320646295,128.9577033504898,0.6673469387755102,345.6877551020408,53.593727046449494,104.61745465885765,24045.299320073285,59.21744989771938,49.5847720367801,69.8320646295,1
2018-02-03 12:07:00,2018-02-03 12:08:00,CIC,1301,7376.643351268255,9471533.92083013,8.252882398155265,10737.0,1009.6318216756341,1313531.0,,0.0,1625409747744.932,,,4.685626441199077,3.5672559569561875,409.0791698693313,600.5526518063028,96296.18476753397,6008.408189814386,5973681.454194917,250067.83132889736,6610905.335895465,5835086.568793236,4138.721474303843,1869.6867155061682,0.3543428132205995,0.0,0.006149116064565719,0.39584934665641813,0.5757109915449654,0.345119139123751,0.004611837048424289,0.0,0.39584934665641813,8356.52959262106,16215.757878554958,251.59415833973867,2.3735588009223676,62.15389966713221,99.23794903429285,352.64950038431977,3.2920830130668715,75.45307554349193,132.07505545357418,2.3051498847040737,397.91775557263645,61.92367050938355,114.09900336984165,29326.29305720938,68.00741709700999,62.15389966713221,75.45307554349193,1
2018-02-03 12:08:00,2018-02-03 12:09:00,CIC,1877,6735.267980820458,13435932.192860948,13.13319126265317,24651.0,4375.086307938199,8212037.0,,0.0,5955681643938.213,,,6.482152370804475,6.651038891848695,452.3063399041023,3922.779968034097,107509.5356149635,6355.972857320469,3357065.918323405,729017.4975575302,5793018.336174747,3038843.5950985616,4534.5000387890095,1811.3140979252114,0.5327650506126798,0.002131060202450719,0.013851891315929675,0.2402770378263186,0.45711241342567926,0.2674480554075653,0.009057005860415556,0.0,0.2402770378263186,6499.374533830581,9004.70431539691,206.11880660628663,12.03569525839105,57.72126236372403,74.90639391160362,354.98614810868406,27.950985615343633,121.74500354006926,124.66304246478103,10.810335641981887,393.4368673415024,87.30805863301758,123.60049840591209,42538.06016184355,98.7156632136601,57.72126236372403,121.74500354006926,1
2018-02-03 12:09:00,2018-02-03 12:10:00,CIC,2811,5842.691924581999,14764213.12522234,10.264674493062968,28854.0,2531.17075773746,7115121.0,,0.0,16656560919401.482,,,5.171113482746353,5.093561010316614,370.17253646389184,2160.998221273568,205030.25974559167,15187.390035006636,2783074.1316259596,1104341.2056120236,5672125.669156884,2244095.95019566,13625.598101384914,1523.9720367432653,0.5923159018143009,0.0035574528637495554,0.0192102454642476,0.1575951618641053,0.40946282461757383,0.22732123799359658,0.026680896478121666,0.0,0.1575951618641053,5257.693347563145,7933.107790821771,189.81750266808965,14.487726787620064,52.35310059240378,65.9847568746439,361.85770188545,36.07257203842049,126.67161684290643,126.90437536800428,14.228744219139097,386.3724653148346,84.70462632198613,121.31213318489363,41906.73914716994,97.93701865843472,52.35310059240378,126.67161684290643,1
2018-02-03 12:10:00,2018-02-03 12:11:00,CIC,2042,8188.949559255631,12478386.103330068,11.77228207639569,24039.0,4121.297747306562,8415690.0,,0.0,6424235947557.922,,,5.807051909892262,5.965230166503428,378.9187071498531,3742.379040156709,100685.6433405084,17403.335164013584,3843733.1203992846,695950.2015235092,5897771.206170421,3527031.2193927523,15264.120001093997,2096.601707623159,0.4931439764936337,0.0019588638589618022,0.01665034280117532,0.2218413320274241,0.44123408423114596,0.31929480901077373,0.034280117531831536,0.0,0.2218413320274241,7040.257100881488,10453.523016650342,205.05288932419197,9.833006856023506,53.60057949253673,75.22698770795789,345.17580803134183,23.618511263467187,110.79173811805093,124.28784030104799,9.132713026444662,379.6317335945152,77.11481484490255,117.67349290925955,38820.22653639855,87.18654391909354,53.60057949253673,110.79173811805093,1
2018-02-03 12:11:00,2018-02-03 12:12:00,CIC,1749,10718.146369353917,6967441.070897656,7.457404230989137,13043.0,1369.260720411664,2394837.0,,0.0,10517067395579.395,,,4.040594625500286,3.416809605488851,296.5860491709548,1072.674671240709,345690.09075021365,34695.5200893575,2606239.5127306534,692807.0301606343,4092029.551172098,2188009.823327616,29779.119574176395,4777.539085432749,0.5317324185248714,0.0017152658662092624,0.051457975986277875,0.24642652944539736,0.41909662664379643,0.42424242424242425,0.07318467695826186,0.0,0.24642652944539736,6092.034877072613,8759.3704974271,177.8444825614637,7.095483133218982,49.542006726370495,70.96055486823042,246.07890222984562,16.232132647226987,70.91353017757575,89.1339271016558,6.783876500857633,287.1818181818182,55.37260502386049,88.09755957765351,24103.08447014144,63.7962046478685,49.542006726370495,70.91353017757575,1
2018-02-03 12:12:00,2018-02-03 12:13:00,CIC,1917,9444.56285863328,8549068.3448096,11.214397496087637,21498.0,2357.943661971831,4520178.0,,0.0,9223789530627.121,,,6.100156494522691,5.114241001564945,852.245696400626,1505.697965571205,269905.73416895006,36386.530292630276,2396973.6419877224,691521.8947022192,4426963.258737611,2057972.24256651,33126.77014470916,2956.064537765272,0.4715701617110068,0.004694835680751174,0.07772561293688054,0.26291079812206575,0.41001564945226915,0.40688575899843504,0.056859676577986434,0.0,0.26291079812206575,6028.57381324987,8521.180490349505,210.7996870109546,7.4449660928534165,58.55044647607981,84.52286670709546,242.94887845592072,14.575899843505477,71.56534685064841,88.82317724572249,7.2477829942618675,309.07876890975484,60.85208700375274,95.60500831007563,28637.29876991147,69.47411656194261,58.55044647607981,71.56534685064841,1
2018-02-03 12:13:00,2018-02-03 12:14:00,CIC,1396,8139.835243553009,13186428.866045846,11.62106017191977,16223.0,3644.156876790831,5087243.0,,0.0,7085610907978.92,,,5.8961318051575935,5.724928366762177,460.7184813753582,3183.4383954154728,115921.98397463904,10769.286786557517,5114150.292994777,709949.5249030384,7234135.66260745,4786538.429083095,9342.872086968844,1364.6995890204398,0.47564469914040114,0.009312320916905445,0.045845272206303724,0.2507163323782235,0.4835243553008596,0.28724928366762176,0.03151862464183381,0.0,0.2507163323782235,7787.295128939828,15843.9111747851,237.65042979942695,8.345988538681949,57.16512650756877,81.70226923839685,429.6489971346705,19.07163323782235,124.18225269676934,155.09804838789398,8.318767908309455,451.5150429799427,87.85585935335243,134.49255881010745,45550.480059616806,97.67344609944986,57.16512650756877,124.18225269676934,1
2018-02-03 12:14:00,2018-02-03 12:15:00,CIC,1535,8523.657328990228,11145065.622149836,14.355700325732899,22036.0,6472.5791530944625,9935409.0,,0.0,7950276748260.872,,,6.373941368078176,7.981758957654723,377.08664495114004,6095.492508143322,156474.22689439706,23731.20971370595,4066329.224113994,647659.9953308742,5819265.284690553,3741187.9915309446,19849.726290486138,3788.7229943850275,0.44560260586319217,0.0,0.02996742671009772,0.32638436482084693,0.48925081433224754,0.35700325732899024,0.03257328990228013,0.0,0.32638436482084693,7426.429315960912,13099.86319218241,218.11205211726386,6.061889250814332,55.38146699883062,83.04668964998241,328.76612377850165,14.656026058631921,84.26482974980456,117.90202597029969,5.945928338762215,368.34657980456024,63.852595431525735,107.19717452314462,29129.41187476496,71.78028437128404,55.38146699883062,84.26482974980456,1
2018-02-03 12:15:00,2018-02-03 12:16:00,CIC,1235,9247.281781376518,9102692.264777329,7.916599190283401,9777.0,914.9376518218623,1129948.0,,0.0,2483473356943.724,,,4.660728744939271,3.2558704453441294,424.63157894736844,490.3060728744939,52802.75570163496,7765.9746238279795,5778356.400340272,290728.12293983565,6550190.347368421,5640021.817813765,7007.652200350654,752.0341849135077,0.3255060728744939,0.0008097165991902834,0.008097165991902834,0.4234817813765182,0.5595141700404859,0.37894736842105264,0.015384615384615385,0.0,0.4234817813765182,7866.917408906883,15231.623481781377,249.78866396761134,1.4623481781376517,61.316772047470444,99.68683127618624,331.8267206477733,3.1676113360323885,71.1279237048745,124.2284926800081,1.4251012145748987,381.9303643724696,58.73057759455061,109.47112850598705,27572.076004171657,64.30854367274333,61.316772047470444,71.1279237048745,1
2018-02-03 12:16:00,2018-02-03 12:17:00,CIC,2625,5823.8190476190475,13000752.477714285,11.51504761904762,30227.0,4671.0681904761905,12261554.0,,0.0,11283531751547.775,,,5.201142857142857,6.3139047619047615,296.1927619047619,4374.8754285714285,115918.90360080221,14467.596346187931,2746155.6073426455,920131.3254581769,5748999.907047619,2386749.0636190474,13104.744205799963,1291.203091825938,0.576,0.0034285714285714284,0.027047619047619046,0.15619047619047619,0.368,0.2540952380952381,0.01638095238095238,0.0,0.15619047619047619,5075.715047619047,5789.953904761905,162.3881904761905,17.852190476190476,50.77543399897714,56.75901192602248,308.2792380952381,35.60342857142857,113.6030666880762,107.7176663666419,17.645333333333333,333.0285714285714,77.96119096596077,103.65224964768915,34518.278746948185,92.23821766404686,50.77543399897714,113.6030666880762,1
2018-02-03 12:17:00,2018-02-03 12:18:00,CIC,1323,9067.78231292517,7675110.258503402,7.716553287981859,10209.0,960.421768707483,1270638.0,,0.0,5190360334281.73,,,4.5616024187452755,3.1549508692365835,439.2962962962963,521.1254724111867,97365.85458589332,18991.89102060076,4495444.19043292,510037.4757543562,6324573.618291761,4319426.043083901,17925.121076523177,1038.0596024588676,0.35827664399092973,0.0022675736961451248,0.022675736961451247,0.34618291761148906,0.5336356764928194,0.3801965230536659,0.019652305366591082,0.0,0.34618291761148906,7803.874527588813,13534.820105820107,238.24943310657596,3.745275888133031,62.87150266188965,95.4335142633885,323.29856386999245,7.061980347694633,76.32303311593348,121.0572685140136,3.694633408919123,369.2063492063492,62.53663820273923,107.43655035682616,28189.834847512637,69.59492791258504,62.87150266188965,76.32303311593348,1
2018-02-03 12:18:00,2018-02-03 12:19:00,CIC,2830,7392.101766784453,13796860.84770318,12.084805653710248,34200.0,4500.268551236749,12735760.0,,0.0,8463369213866.107,,,5.631448763250884,6.453356890459364,345.94381625441696,4154.324734982332,327761.97429458366,18616.65731558676,2967456.360589378,867926.7115401406,5893947.391166078,2619250.993639576,15512.787635848355,3051.243086790566,0.6014134275618375,0.0038869257950530037,0.028268551236749116,0.15830388692579506,0.37526501766784454,0.26501766784452296,0.040282685512367494,0.0,0.15830388692579506,5073.778445229682,7281.975971731449,177.99575971731448,14.108480565371025,50.97530296300707,62.50185744856042,344.70989399293285,34.04487632508834,122.64224259253712,120.34120556238516,13.984098939929329,369.886925795053,83.04311882005088,115.80897392401307,40111.094904187274,95.93198967976821,50.97530296300707,122.64224259253712,1
2018-02-03 12:19:00,2018-02-03 12:20:00,CIC,2024,8350.90266798419,10379534.95256917,11.089426877470355,22445.0,3890.177371541502,7873719.0,,0.0,7344725838154.685,,,5.600296442687747,5.489130434782608,419.9441699604743,3470.2332015810275,251280.1714908341,33711.73506007596,3228078.8264952376,688518.7901708932,5514351.295454546,2950498.837450593,30302.263252406683,3192.943865125641,0.4688735177865613,0.00691699604743083,0.0533596837944664,0.25,0.4431818181818182,0.3364624505928854,0.026185770750988144,0.0,0.25,6800.494071146245,11841.963932806324,214.52717391304347,8.476284584980236,55.001730616245055,78.15385876837351,352.9866600790514,20.166501976284586,105.48861149375,125.18247924345553,8.33300395256917,388.1393280632411,75.99418092172628,116.66398440699703,36557.14640718267,85.6797069523172,55.001730616245055,105.48861149375,1
2018-02-03 12:20:00,2018-02-03 12:21:00,CIC,1717,8847.993593476995,11509359.60629004,9.096680256260921,15619.0,1260.0704717530577,2163541.0,,0.0,13389640354787.443,,,4.935934769947583,4.1607454863133375,366.9947582993594,893.0757134536983,318787.9588584978,25377.29525976552,3793902.4561324012,940191.5243272344,6240435.766453116,3385649.903902155,19711.661353965414,5636.073864671812,0.48631333721607456,0.0017472335468841002,0.035527082119976704,0.25334886429819453,0.43564356435643564,0.35294117647058826,0.037274315666860805,0.0,0.25334886429819453,6653.91613278975,10006.985439720444,203.3628421665696,8.072218986604543,55.42148925682877,77.30542708855738,311.9883517763541,19.231217239370995,90.12114175470589,112.93232239765288,7.891671520093186,352.82236458940014,68.12394937673443,106.84691758482411,32573.479484457665,77.32201121976762,55.42148925682877,90.12114175470589,1
2018-02-03 12:21:00,2018-02-03 12:22:00,CIC,1748,10091.565789473685,7166451.883867277,6.5961098398169336,11530.0,675.6590389016018,1181052.0,,0.0,1075852710344.404,,,3.9262013729977117,2.669908466819222,301.06464530892447,374.59439359267736,221431.4495632816,40953.1399615849,4402665.736145606,183230.0540978094,4893227.866704806,4305339.435354691,38455.32135035899,2052.6757855945425,0.36041189931350115,0.005720823798627002,0.05320366132723112,0.284324942791762,0.4765446224256293,0.4668192219679634,0.03546910755148741,0.0,0.284324942791762,6451.028604118993,10714.41819221968,188.8970251716247,1.1493135011441649,48.45522992243707,78.0990043265921,270.81121281464533,2.0635011441647597,58.556178046373,106.09052400161328,1.131578947368421,307.51716247139586,48.89232120852574,91.31955328336728,21334.497947960917,54.27844071958238,48.45522992243707,58.556178046373,1
2018-02-03 12:22:00,2018-02-03 12:23:00,CIC,2810,6650.645551601424,10605529.649110321,9.69679715302491,27248.0,2144.7690391459073,6026801.0,,0.0,6585349069057.266,,,4.997864768683274,4.698932384341637,340.2722419928826,1804.496797153025,321807.0390064366,26117.093677269128,2335954.141597523,693843.7764357274,4488688.189679715,2040329.9491103203,23762.500352913114,2215.1782335483554,0.5338078291814946,0.008540925266903915,0.043772241992882564,0.17402135231316726,0.42562277580071173,0.31494661921708184,0.020284697508896797,0.0,0.17402135231316726,5753.993950177936,7877.564768683274,181.26725978647687,10.37829181494662,50.2465726641121,67.69426096478755,350.42277580071175,26.038078291814948,116.29270568231674,130.28042936068292,10.048754448398576,376.4014234875445,79.27315314279465,119.74745490125089,40227.580430937574,90.70427122098577,50.2465726641121,116.29270568231674,1
2018-02-03 12:23:00,2018-02-03 12:24:00,CIC,1758,8437.058589306029,9951520.843003413,8.829920364050057,15523.0,1914.2963594994312,3365333.0,,0.0,5518853318678.819,,,4.716723549488054,4.113196814562002,363.0881683731513,1551.2081911262799,129463.46598262989,18120.815921411187,3741540.387948733,552859.9634894918,5405681.01592719,3498774.6740614334,16321.452363574694,1727.210138327256,0.46757679180887374,0.006825938566552901,0.023321956769055744,0.2912400455062571,0.46188850967007966,0.3333333333333333,0.032423208191126277,0.0,0.2912400455062571,6750.430602957907,11677.935722411832,208.65358361774744,7.608646188850967,54.565087678941985,78.48526247012059,330.9863481228669,19.742320819112628,92.70348569352674,117.69058798441979,7.590443686006826,366.05915813424343,67.78132485531172,108.8585601429471,31631.474634314483,77.00818772264904,54.565087678941985,92.70348569352674,1
2018-02-03 12:24:00,2018-02-03 12:25:00,CIC,1797,7702.710072342794,15362890.422370618,19.178631051752923,34464.0,9926.116861435727,17837232.0,,0.0,10217037797051.613,,,8.580968280467445,10.597662771285476,468.95214245965497,9457.164718976072,209026.78548034353,17713.260006634806,4303760.73661786,846400.0567805473,6725325.93934335,3929181.667779633,14109.953418644032,3583.592330940191,0.48414023372287146,0.0011129660545353367,0.021702838063439065,0.2621035058430718,0.4590984974958264,0.32109070673344464,0.025041736227045076,0.0,0.2621035058430718,6544.895381190874,10656.443516972733,221.2526432943795,8.086811352253756,55.31937160493711,81.24614984167056,360.46410684474125,20.73511407902059,113.93742390688925,129.09720190627547,7.948247078464107,396.59488035614913,80.48215265136729,123.19146022741903,41727.91874672217,89.92255595197217,55.31937160493711,113.93742390688925,1
2018-02-03 12:25:00,2018-02-03 12:26:00,CIC,1750,10241.957714285714,13185442.674285714,17.005142857142857,29759.0,8592.926285714286,15037621.0,,0.0,5784414104065.8125,,,7.734857142857143,9.270285714285714,458.96628571428573,8133.96,197963.90135796866,43255.912582794444,3560932.993561702,703115.139466973,5609101.597714285,3226726.941714286,41343.07842486526,1517.351528636531,0.38857142857142857,0.009142857142857144,0.060571428571428575,0.2737142857142857,0.512,0.40114285714285713,0.030857142857142857,0.0,0.2737142857142857,7301.272571428572,11551.359428571428,239.78857142857143,2.974285714285714,55.719948063223995,90.29692483158458,394.6377142857143,6.427428571428571,109.7096767097143,149.30261590197142,2.9474285714285715,433.88971428571426,79.33955600228799,133.51205213796402,46825.785763838365,86.25884517168627,55.719948063223995,109.7096767097143,1
2018-02-03 12:26:00,2018-02-03 12:27:00,CIC,1915,7386.250652741514,10558772.178590078,15.150391644908616,29013.0,6489.683550913838,12427744.0,,0.0,8286006576960.73,,,6.984334203655353,8.166057441253264,440.710182767624,6048.973368146214,209563.4248102653,18112.20074477367,3613364.4049538206,617878.716242361,5268956.443342037,3306079.6412532637,16909.81631492261,1126.7198836377218,0.4370757180156658,0.0020887728459530026,0.02454308093994778,0.27362924281984335,0.5028720626631854,0.3263707571801567,0.013577023498694517,0.0,0.27362924281984335,6955.387467362924,13876.61044386423,239.7963446475196,6.346736292428198,59.98123786328616,90.19260396698904,386.2229765013055,16.39373368146214,104.02461752347467,141.99005307358695,6.31331592689295,423.3232375979112,76.00559942695405,126.37077303434621,38111.31337929077,85.13390066610758,59.98123786328616,104.02461752347467,1
2018-02-03 12:27:00,2018-02-03 12:28:00,CIC,2702,6572.891561806069,12902962.823464101,14.081421169504072,38048.0,7540.209844559586,20373647.0,,0.0,11106245029196.115,,,5.877868245743893,8.203552923760178,358.7883049592894,7181.4215396002965,370248.2475813574,24245.00138714913,2887048.878187428,933755.1493528325,5689537.562916358,2488991.0488527017,22771.84145146243,1383.4301007719353,0.5473723168023686,0.0048112509252405625,0.03145817912657291,0.19245003700962252,0.4030347890451517,0.27054034048852704,0.019615099925980754,0.0,0.19245003700962252,5259.677276091784,8530.743893412287,191.09252405625463,12.531828275351591,53.00082218382273,68.6397982510433,359.33567727609176,31.57883049592894,116.69387753971466,127.09460699555069,12.446336047372316,384.9763138415988,79.77032670765063,118.37817783191599,38826.73112369889,92.4467840197735,53.00082218382273,116.69387753971466,1
2018-02-03 12:28:00,2018-02-03 12:29:00,CIC,1603,9008.30442919526,9043140.427947598,15.91703056768559,25515.0,6949.866500311915,11140636.0,,0.0,6415849526329.222,,,7.5152838427947595,8.40174672489083,450.01933873986275,6499.847161572053,44701.62602401193,18799.43616476234,3105633.3883307297,528006.8239890432,4499651.543356207,2849691.728009981,17301.66091912995,1427.4092961782515,0.39737991266375544,0.0012476606363069245,0.03867747972551466,0.31815346225826574,0.5077978789769183,0.36119775421085465,0.040548970679975045,0.0,0.31815346225826574,6967.323144104804,16146.145976294449,242.88271990018714,5.298190892077355,61.49549618516968,92.56640443943232,359.1185277604492,10.965065502183407,89.29366590439426,130.97519828305613,5.155333749220212,399.6269494697442,70.15926603480536,117.12739588937367,33645.01166864316,77.92990825880162,61.49549618516968,89.29366590439426,1
2018-02-03 12:29:00,2018-02-03 12:30:00,CIC,2747,6946.6774663269025,14474830.809974518,15.379322897706588,42247.0,7834.258463778668,21520708.0,,0.0,19465385590281.16,,,6.840917364397525,8.538405533309064,376.9279213687659,7457.330542409902,205583.71512883168,23901.31764173911,2696357.5868518944,1263857.6835633155,6347101.93847834,2156541.344739716,20540.060342956287,3265.5476177152136,0.586093920640699,0.002184200946487077,0.028030578813250818,0.1700036403349108,0.3957044048052421,0.25081907535493264,0.02766654532216964,0.0,0.1700036403349108,4812.197306152166,7268.701856570805,192.71314160902804,14.3269020749909,52.86736343039316,66.56445517604442,353.13396432471785,36.45504186385148,127.41635378646305,122.658894148506,14.15143793228977,381.887877684747,85.98102556596506,120.79935036444084,41723.72620006174,99.2729149514059,52.86736343039316,127.41635378646305,1
2018-02-03 12:30:00,2018-02-03 12:31:00,CIC,1652,10416.21186440678,9990493.561743341,14.572033898305085,24073.0,6729.006658595642,11116319.0,,0.0,6771769552262.136,,,6.658595641646489,7.913438256658596,387.9642857142857,6341.042372881356,446908.23375788523,53495.85054028724,3397491.402013844,577492.7484262555,4912459.133777239,3105239.813559322,47984.14054007421,4961.2079063267765,0.43341404358353514,0.012106537530266344,0.06779661016949153,0.2929782082324455,0.4328087167070218,0.41646489104116224,0.044794188861985475,0.0,0.2929782082324455,6002.736682808717,12124.608353510896,212.03510895883778,5.568401937046005,55.21410389364467,82.27522577685049,299.6773607748184,12.492130750605327,78.10344379990194,108.30203669412226,5.416464891041162,343.15738498789347,63.0247946371931,101.92525516381356,28518.083534051097,70.8594590741483,55.21410389364467,78.10344379990194,1
2018-02-03 12:31:00,2018-02-03 12:32:00,CIC,2197,7301.584433318161,11259011.980883023,14.700955848884844,32298.0,7238.213472917615,15902355.0,,0.0,10726365928845.553,,,6.581247155211652,8.119708693673191,419.6395084205735,6818.573964497042,118950.48172345299,16368.502588482634,2480474.3692017975,949423.7520753596,5550780.2862995,2079730.1561219846,14974.43750603365,1364.2635302263886,0.5534820209376422,0.0027309968138370506,0.016385980883022302,0.2316795630405098,0.4260355029585799,0.2758306781975421,0.02639963586709149,0.0,0.2316795630405098,5656.250796540738,10472.371415566682,219.00364132908513,11.598088302230314,57.57981948390169,78.52322250045061,370.29221665908057,28.133363677742377,119.52901419356851,131.02539060240326,11.58397815202549,401.9740555302686,84.04553556236868,123.64266502501137,40730.63789151934,95.71513017334865,57.57981948390169,119.52901419356851,1
2018-02-03 12:32:00,2018-02-03 12:33:00,CIC,2175,8980.67908045977,9823230.371494252,11.1783908045977,24313.0,3911.406436781609,8507309.0,,0.0,7770164080640.522,,,5.553563218390805,5.624827586206896,350.5880459770115,3560.8183908045976,196618.56075923532,33415.31071080739,3078771.946733635,711965.694079913,5404288.924597701,2788523.63954023,30746.809986601376,2453.4136668228944,0.447816091954023,0.0073563218390804595,0.06712643678160919,0.21701149425287355,0.4110344827586207,0.34988505747126436,0.029885057471264367,0.0,0.21701149425287355,5766.0225287356325,10282.736551724138,197.1825287356322,8.708505747126436,53.98248658304138,74.14219275536047,315.63724137931035,21.135172413793104,99.01754370665748,114.01306096368275,8.667586206896551,348.1714942528736,72.05471293813932,107.36272174019633,34204.171473592585,82.12159641710667,53.98248658304138,99.01754370665748,1
2018-02-03 12:33:00,2018-02-03 12:34:00,CIC,1297,8788.572089437163,7378578.387047032,8.373939861218195,10861.0,1041.3978411719352,1350693.0,,0.0,2986789414445.711,,,4.767925983037779,3.6060138781804163,442.6029298380879,598.7949113338474,162612.48571260614,13684.97114070977,3797965.195943314,379186.5730341184,4785686.501927525,3591110.131071704,9553.728869492665,4110.139771323727,0.37702390131071706,0.0015420200462606013,0.008481110254433308,0.41326137239784116,0.5682343870470317,0.35774865073245954,0.030069390902081727,0.0,0.41326137239784116,7039.582883577486,17865.38627602159,273.55589822667696,2.489591364687741,66.56432432754973,106.56702834581651,382.3361603700848,5.232074016962221,82.66291551414804,141.55811595673862,2.3885890516576715,429.93369313801077,67.2732327119599,123.06798912026214,32702.365731450536,73.77843394367001,66.56432432754973,82.66291551414804,1
2018-02-03 12:34:00,2018-02-03 12:35:00,CIC,1260,8165.594444444445,7634028.823015873,9.600793650793651,12097.0,1047.968253968254,1320440.0,,0.0,2698754327998.0117,,,5.390476190476191,4.2103174603174605,400.1984126984127,647.7698412698413,286135.0100012458,12946.31168765029,4229920.322769833,327448.28695176705,5051208.635714286,4044395.1674603173,9510.663929070743,3425.372908033766,0.3380952380952381,0.0,0.022222222222222223,0.3968253968253968,0.5753968253968254,0.3595238095238095,0.011904761904761904,0.0,0.3968253968253968,8523.777777777777,16202.26507936508,249.77777777777777,2.8634920634920635,62.96956755395714,99.23755995969366,339.89206349206347,5.68015873015873,75.83611508205556,126.40205147813491,2.700793650793651,388.39206349206347,62.64088724550318,112.37391718696666,28829.567761555434,69.01710861099524,62.96956755395714,75.83611508205556,1
2018-02-03 12:35:00,2018-02-03 12:36:00,CIC,1434,7785.576011157601,11542825.345885634,10.423988842398884,14948.0,3181.060669456067,4561641.0,,0.0,4808530158996.6,,,5.44839609483961,4.975592747559275,412.6757322175732,2768.384937238494,59581.13462143147,5766.14750858567,5251912.406080135,508670.7787874446,6551280.622733613,4988677.018828452,5398.402227111023,359.7032347341841,0.38493723849372385,0.0,0.008368200836820083,0.33472803347280333,0.5404463040446305,0.33472803347280333,0.0048814504881450485,0.0,0.33472803347280333,7556.331241283124,12705.998605299861,228.51115760111577,4.024407252440725,57.82835721692469,89.87802619107252,331.7357043235704,9.94142259414226,84.96688834894701,121.97396664754952,3.9623430962343096,374.4511854951185,65.23260485288284,111.05175941526777,30542.499549979784,72.34957849800558,57.82835721692469,84.96688834894701,1
2018-02-03 12:36:00,2018-02-03 12:37:00,CIC,1695,6938.264896755162,9878338.774041299,12.234218289085545,20737.0,3947.529203539823,6691062.0,,0.0,3468803796162.074,,,5.968731563421829,6.265486725663717,362.7976401179941,3584.731563421829,72496.74751087453,9758.661376661954,3615150.938595798,456601.761261372,5089895.766371681,3406391.614159292,8902.178125543032,839.2112840741846,0.440117994100295,0.0035398230088495575,0.012389380530973451,0.2855457227138643,0.5227138643067847,0.3374631268436578,0.008259587020648967,0.0,0.2855457227138643,7172.089675516224,11496.513274336283,210.58525073746313,5.383480825958702,53.89150136223953,81.98457633776697,333.8117994100295,13.483185840707964,96.00592305725074,123.6813418338879,5.383480825958702,370.3628318584071,70.85265541874749,113.35322926060708,33705.86202575158,78.61938933919764,53.89150136223953,96.00592305725074,1
2018-02-03 12:37:00,2018-02-03 12:38:00,CIC,2344,5942.764931740614,8511628.81569966,8.411262798634812,19716.0,1858.4914675767918,4356304.0,,0.0,3853385901731.179,,,4.493600682593857,3.9176621160409555,307.9769624573379,1550.5145051194538,210032.59958652046,11684.093732843858,3239007.6480162735,454201.46464490314,4648000.26834471,3019223.18003413,8255.955886710608,3423.1531644545366,0.45563139931740615,0.0017064846416382253,0.016638225255972697,0.21843003412969283,0.5,0.3643344709897611,0.02303754266211604,0.0,0.21843003412969283,6606.389505119454,9380.877986348123,186.35452218430035,5.943259385665529,50.07685727716467,74.46178147956527,330.96672354948805,12.566552901023892,91.20753414265359,129.47231762801192,5.276450511945392,357.6032423208191,65.37118277724744,111.23373952757082,31098.35589564419,73.74148635454992,50.07685727716467,91.20753414265359,1
2018-02-03 12:38:00,2018-02-03 12:39:00,CIC,1430,9500.736363636364,13752959.14965035,10.097202797202797,14439.0,1346.73006993007,1925824.0,,0.0,9412851465347.95,,,5.6216783216783215,4.475524475524476,402.95244755244755,943.7776223776224,193424.03998071278,14651.797071254758,6460308.978231149,693594.3181223741,8170827.934265735,6093688.448251748,10655.907453719923,3965.151581794581,0.34335664335664334,0.004195804195804196,0.027972027972027972,0.36013986013986016,0.5363636363636364,0.3825174825174825,0.03566433566433566,0.0,0.36013986013986016,8672.681118881119,15180.853146853147,241.7937062937063,2.3447552447552447,58.43006174630419,93.5421772448965,356.6734265734266,4.264335664335665,82.6141375693007,133.72014913813285,2.1286713286713286,399.7916083916084,64.57040072145944,116.23884133533426,32948.13404578627,70.53932754679231,58.43006174630419,82.6141375693007,1
2018-02-03 12:39:00,2018-02-03 12:40:00,CIC,1477,9993.905890318212,9513760.264725795,7.989167230873392,11800.0,989.2755585646581,1461160.0,,0.0,9371090317286.791,,,4.622884224779959,3.3662830060934326,388.073798239675,601.2017603249831,159108.72834442373,17820.971999427016,5039199.192823043,609153.6367501301,6327917.622884225,4676333.0324983075,14035.815251913262,3676.5658551466286,0.35409614082599866,0.002031144211238998,0.03656059580230196,0.36018957345971564,0.5260663507109005,0.3899796885578876,0.03926878808395396,0.0,0.36018957345971564,8526.271496276235,15019.09681787407,239.21665538253217,3.626269465132024,58.59798665876168,91.97561079676574,334.863913337847,6.622207176709546,75.40132654567367,123.55244700067705,3.3297224102911307,378.20649966147596,60.73828117270007,108.31849611504401,28156.47099910015,67.29031336529857,58.59798665876168,75.40132654567367,1
2018-02-03 12:40:00,2018-02-03 12:41:00,CIC,1442,9046.330097087379,9882276.25034674,9.278085991678225,13379.0,1197.6047156726768,1726946.0,,0.0,8329645283625.4795,,,5.205270457697642,4.072815533980583,367.8959778085992,829.7087378640776,178255.24010405896,20060.50536611588,5555277.710898525,517629.6225641634,6690757.031900139,5253399.435506241,18540.293388975937,1450.6540528741214,0.3737864077669903,0.0048543689320388345,0.046463245492371706,0.3522884882108183,0.5180305131761442,0.3751733703190014,0.01872399445214979,0.0,0.3522884882108183,8363.873786407767,14579.859223300971,230.34743411927877,3.812760055478502,57.49110319805409,89.39036576736963,333.500693481276,8.644244105409154,81.72784204250347,122.8785309203606,3.6893203883495147,376.51803051317614,63.73686410631068,110.06556835560264,30454.05917104897,70.72614712299237,57.49110319805409,81.72784204250347,1
2018-02-03 12:41:00,2018-02-03 12:42:00,CIC,1462,8522.37756497948,11258427.134746922,8.153214774281805,11920.0,987.0629274965801,1443086.0,,0.0,6690230949699.654,,,4.7168262653898765,3.436388508891929,401.90492476060194,585.1580027359781,199486.03784761942,22308.652288125155,6047171.404800561,534436.7110329446,7255455.402872777,5743432.668946648,20444.761074544604,1802.8552292127085,0.3385772913816689,0.0047879616963064295,0.018467852257181942,0.3590971272229822,0.5430916552667578,0.34678522571819426,0.008891928864569083,0.0,0.3590971272229822,8088.303009575923,15373.859097127222,245.8686730506156,3.2790697674418605,60.58613133706566,94.5947218056881,361.79890560875515,7.954172366621067,82.06289204049932,132.84134418463066,3.235294117647059,403.1142270861833,64.24044913276607,115.43868974001983,30970.173725646182,71.1475875625171,60.58613133706566,82.06289204049932,1
2018-02-03 12:42:00,2018-02-03 12:43:00,CIC,1228,8908.081433224756,9379360.958469056,9.907980456026058,12167.0,1010.6457654723127,1241073.0,,0.0,10177436705352.338,,,5.62785016286645,4.280130293159609,436.00488599348535,574.6408794788274,19578.41684203782,7430.282632700902,5768048.176361483,556010.3609185781,6769341.192996743,5412538.438925082,6650.245060323432,773.9868536051514,0.3257328990228013,0.0016286644951140066,0.007328990228013029,0.42996742671009774,0.5895765472312704,0.36726384364820847,0.015472312703583062,0.0,0.42996742671009774,9158.470684039088,18808.951954397395,274.5228013029316,0.9714983713355049,64.99026629194299,106.66659138236402,377.73941368078175,1.6929967426710097,76.71723324750815,139.85026830446253,0.9714983713355049,425.09934853420197,63.35742708877036,119.8617418893013,31156.560685606855,68.82269581036074,64.99026629194299,76.71723324750815,1
2018-02-03 12:43:00,2018-02-03 12:44:00,CIC,1483,7877.754551584626,11113712.246797033,9.019554956169927,13376.0,1975.6662171274443,2929913.0,,0.0,6862428551367.927,,,4.79366149696561,4.225893459204316,405.72488199595415,1569.9413351314902,36764.687997812594,10326.966372156643,5536869.919094771,542132.9992759741,6823653.060687795,5230931.726904922,9785.453248214957,520.6224299908995,0.39514497639919083,0.004045853000674309,0.012811867835468645,0.349291975724882,0.5327039784221174,0.32434254888739045,0.008766014834794335,0.0,0.349291975724882,8189.8024275118005,14556.790289952798,242.29265003371543,4.571139581928524,60.32136025959069,92.23226458359677,357.4578556979096,10.919757248819959,87.3012818611261,128.85288611159137,4.571139581928524,398.13553607552257,68.57049338933984,114.72008622333783,31360.20985842011,76.04044904049562,60.32136025959069,87.3012818611261,1
2018-02-03 12:44:00,2018-02-03 12:45:00,CIC,1341,8558.362416107382,9623683.62266965,9.387770320656227,12589.0,943.9880686055183,1265888.0,,0.0,6024073193830.468,,,5.353467561521253,4.034302759134974,404.7255779269202,539.262490678598,29875.410838100757,5693.411014692422,5974417.1019446,395550.1229056777,6801560.364653244,5741022.749440716,5158.28206135658,526.637661759572,0.3452647278150634,0.0014914243102162564,0.009694258016405667,0.40268456375838924,0.5689783743475019,0.3497390007457122,0.007457121551081283,0.0,0.40268456375838924,9091.829977628635,16714.232662192393,249.85458612975393,2.1551081282624907,61.44921810390828,97.53346538202237,348.9261744966443,4.821774794929158,75.16043554878449,128.88621703782252,2.1439224459358686,392.3012677106637,60.86607894645339,111.47860612487621,28568.486464666898,66.74018713401193,61.44921810390828,75.16043554878449,1
2018-02-03 12:45:00,2018-02-03 12:46:00,CIC,2602,5871.107225211376,13887062.576095311,9.970791698693313,25944.0,2567.568024596464,6680812.0,,0.0,13031483939804.018,,,5.119523443504996,4.851268255188317,409.23750960799384,2158.3305149884704,142221.22896088587,15579.001662595334,3074266.9233688004,1034061.9722266905,5940873.372021521,2597382.189085319,14537.60839716926,993.4947206950569,0.5607225211375865,0.002690238278247502,0.023443504996156803,0.19561875480399693,0.4142966948501153,0.22867025365103766,0.012298232129131437,0.0,0.19561875480399693,5884.539584934666,8620.324365872406,200.81014604150653,14.038816295157572,56.66344212788547,70.33183111499923,379.55918524212143,34.29054573405073,125.87658035285165,132.8823749296964,13.661029976940815,408.2213681783244,86.2284139695223,125.45127693132898,42344.61450823152,99.41346165879938,56.66344212788547,125.87658035285165,1
2018-02-03 12:46:00,2018-02-03 12:47:00,CIC,1863,6745.134192163177,9760615.876543209,9.019323671497585,16803.0,1709.7246376811595,3185217.0,,0.0,11058157964988.691,,,4.962426194310252,4.0568974771873325,342.10896403650025,1367.6156736446592,99077.90786695539,8638.032816050223,4771266.19435198,631331.8299849591,6544129.554482019,4488788.143853999,7477.253154925103,1151.5064106757172,0.4363929146537842,0.0010735373054213634,0.005367686527106817,0.2909286097691895,0.4524959742351047,0.2946859903381642,0.017713365539452495,0.0,0.2909286097691895,6962.495437466452,12508.811057434246,211.01341921631777,13.611916264090176,60.21986975941224,77.70732136435589,313.9801395598497,21.36929683306495,84.84697098926624,111.6257114438701,13.35373054213634,347.04347826086956,66.29073382961514,99.19190063262425,26188.03633434764,77.81010965512077,60.21986975941224,84.84697098926624,1
2018-02-03 12:47:00,2018-02-03 12:48:00,CIC,1483,9418.695886716116,10000334.312879298,7.941335131490223,11777.0,1007.5293324342549,1494166.0,,0.0,12428398921425.326,,,4.573836817262306,3.3674983142279165,444.4497639919083,563.0795684423466,249852.09379650056,20628.93184994043,5311322.007176899,828496.8450692423,7443500.472690492,4892124.327039784,14044.034342271052,6570.987236817155,0.366149696561025,0.0020229265003371545,0.007417397167902899,0.366149696561025,0.5340525960890088,0.38233310856372216,0.045853000674308836,0.0,0.366149696561025,7542.472016183412,15126.409979770735,252.14430209035737,3.2784895482130816,63.744431724892785,98.10602285644168,359.0984490896831,5.605529332434255,80.91466932625084,133.24516008550236,3.071476736345246,399.7437626432906,65.02534462106001,114.34973196449495,30865.869364365866,71.63865523105866,63.744431724892785,80.91466932625084,1
2018-02-03 12:48:00,2018-02-03 12:49:00,CIC,1654,11436.975816203143,8031458.850060459,8.882103990326481,14691.0,919.5272067714632,1520898.0,,0.0,8284321734013.97,,,5.138452237001209,3.7436517533252722,393.35429262394194,526.1729141475212,176646.20187437648,36456.18506503882,4880992.943603141,441369.1390580528,5731608.666263604,4617925.703143894,34666.31932895658,1547.412268298644,0.33313180169286577,0.006650544135429262,0.06106408706166868,0.36275695284159615,0.5120918984280532,0.405683192261185,0.04050785973397823,0.0,0.36275695284159615,7927.206166868198,17076.26360338573,243.03808948004837,3.2980652962515116,59.03105257061608,91.55768526504535,346.3210399032648,5.3137847642079805,73.29662943979444,126.4162428991052,3.290205562273277,385.0302297460701,60.657984909396006,108.0109961788537,28200.42541256438,67.32122222175333,59.03105257061608,73.29662943979444,1
2018-02-03 12:49:00,2018-02-03 12:50:00,CIC,2122,6813.577285579642,13750506.319038643,12.636192271442036,26814.0,5061.705466540999,10740939.0,,0.0,10164013170617.133,,,6.065504241281809,6.570688030160226,420.7130065975495,4640.99245994345,159031.71768033475,19193.073173556444,4503354.081339535,851505.3115733736,7021194.854382657,4110797.267200754,18321.09008761744,808.6694609258478,0.4830348727615457,0.008011310084825637,0.020263901979264844,0.2704995287464656,0.47690857681432614,0.2639019792648445,0.010367577756833177,0.0,0.2704995287464656,6221.776625824694,11462.804429783224,219.5051837888784,9.283694627709707,56.409927423832706,79.40226043573374,387.29217719132896,21.392082940622053,117.154953752295,139.07128213992934,9.241753063147973,417.686616399623,81.92470638526248,125.72969229525117,41103.89723649916,92.1124366090198,56.409927423832706,117.154953752295,1
2018-02-03 12:50:00,2018-02-03 12:51:00,CIC,1520,8034.070394736842,9292128.717105264,9.580263157894738,14562.0,1106.7690789473684,1682289.0,,0.0,7248461502189.992,,,5.322368421052632,4.257894736842105,412.1046052631579,694.6644736842105,52101.22716625245,8496.16019890007,4865618.307612652,489058.2782118494,6109815.090789474,4615764.034210526,7606.5659509669385,878.4150897296763,0.39539473684210524,0.004605263157894736,0.01118421052631579,0.38355263157894737,0.55,0.3375,0.018421052631578946,0.0,0.38355263157894737,8156.744736842105,16454.007236842106,249.1671052631579,3.854605263157895,61.097996558442105,94.63722254905986,373.5651315789474,9.678947368421053,85.26226735238816,135.76602389542106,3.854605263157895,412.49078947368423,65.98865750223486,117.57830764755657,31688.197314743597,72.91940155867763,61.097996558442105,85.26226735238816,1
2018-02-03 12:51:00,2018-02-03 12:52:00,CIC,1343,9465.903946388682,9275504.143708115,8.702903946388682,11688.0,1060.4676098287416,1424208.0,,0.0,8575437364020.843,,,5.005956813104989,3.696947133283693,469.55696202531647,590.9106478034251,17140.11969654306,9413.144680869265,5632843.671560774,550734.7395808799,6700470.692479524,5295982.218912882,8095.375590764232,1303.7510044056032,0.3454951600893522,0.0014892032762472078,0.010424422933730455,0.44899478778853313,0.5919583023082651,0.3603871928518243,0.03127326880119136,0.0,0.44899478778853313,9445.953090096798,19883.975428145943,283.52568875651525,0.8607594936708861,66.25585270384735,108.30206233144527,403.09903201787046,1.6612062546537603,81.34049918628443,148.1568752322636,0.8376768428890543,446.957557706627,66.21815121772374,124.99697665979227,33085.04754436509,71.73241281869919,66.25585270384735,81.34049918628443,1
2018-02-03 12:52:00,2018-02-03 12:53:00,CIC,2216,7407.590703971119,9318992.641696751,9.440433212996389,20920.0,1747.9431407942238,3873442.0,,0.0,7089438005514.536,,,5.153429602888087,4.287003610108303,350.1457581227437,1397.7973826714801,257076.13444570007,27323.485398960234,4103591.7113316576,507382.7207231926,5347559.3140794225,3827509.459837545,25862.094478109593,1251.7793451259142,0.3628158844765343,0.00631768953068592,0.04693140794223827,0.26173285198555957,0.5324909747292419,0.40613718411552346,0.010379061371841155,0.0,0.26173285198555957,7037.50225631769,12517.230144404331,213.43005415162455,1.4625451263537905,52.0309311627139,84.04459656640749,352.8018953068592,3.2355595667870034,81.14381598289711,137.7731266299955,1.4363718411552346,381.87725631768956,61.484184015956686,113.55358636734567,30265.657217274264,67.55280650088176,52.0309311627139,81.14381598289711,1
2018-02-03 12:53:00,2018-02-03 12:54:00,CIC,1357,7958.0427413411935,7715204.551952837,8.484893146647016,11514.0,1017.7781871775976,1381125.0,,0.0,2612640662314.01,,,4.893146647015476,3.5917464996315402,451.50847457627117,566.2697126013264,102477.48249136287,10473.086187274886,5154392.423276368,317339.8684904529,5884189.686072218,4968353.215180545,8667.377929263217,1797.9904347306258,0.33087693441414884,0.002210759027266028,0.0029476787030213707,0.4148857774502579,0.6086956521739131,0.3522476050110538,0.0029476787030213707,0.0,0.4148857774502579,9042.269712601326,18377.105379513632,277.88577745025793,0.810611643330877,65.84469775535004,107.88740360094843,396.0198968312454,1.2756079587324982,81.48737772876935,148.65509789156965,0.7678703021370671,440.23802505526896,65.99507052609948,125.14551132555931,32670.5645009219,71.63158830993811,65.84469775535004,81.48737772876935,1
2018-02-03 12:54:00,2018-02-03 12:55:00,CIC,1678,6881.738974970202,11410517.620977353,10.48331346841478,17591.0,1680.549463647199,2819962.0,,0.0,5874720253944.194,,,5.709177592371871,4.774135876042908,446.7413587604291,1233.80810488677,99200.33998882593,8340.209320957776,4595517.900194616,613652.1487322934,6444633.283671037,4330758.71692491,7606.92515749581,728.3138360764964,0.4135876042908224,0.0017878426698450535,0.009535160905840286,0.35160905840286055,0.5482717520858165,0.2938021454112038,0.013110846245530394,0.0,0.35160905840286055,7783.823003575685,15836.190703218117,256.44696066746127,5.783075089392134,62.59941409205065,95.05440016660488,409.92729439809295,14.398092967818831,105.16877386401669,148.2873093457807,5.783075089392134,445.2258641239571,76.83333930043325,129.69692671591955,38954.79372371186,85.38672570761621,62.59941409205065,105.16877386401669,1
2018-02-03 12:55:00,2018-02-03 12:56:00,CIC,1643,7814.882531953743,12636672.088253194,9.55264759586123,15695.0,2034.546561168594,3342760.0,,0.0,10424303319281.67,,,5.217285453438832,4.335362142422398,404.47534996956784,1630.0712111990263,145426.93377043813,13599.986283329126,5310017.153385274,709585.6712489739,7259432.716372489,4965283.22763238,12688.130146767042,895.3010711006209,0.4023128423615338,0.004869141813755326,0.023128423615337797,0.3371880706025563,0.5209981740718198,0.30736457699330494,0.012172854534388313,0.0,0.3371880706025563,7300.290931223371,15124.62325015216,240.492391965916,5.555690809494827,59.066189846249536,89.93286932219173,373.17468046256846,13.452221545952526,93.16880940491174,135.0406609727389,5.473524041387705,410.8368837492392,69.22478357943822,119.28539263916981,34163.03555325299,77.4016049733804,59.066189846249536,93.16880940491174,1
2018-02-03 12:56:00,2018-02-03 12:57:00,CIC,1878,6818.0500532481365,10227776.35942492,9.921192758253461,18632.0,1541.6160809371672,2895155.0,,0.0,4211356689717.3203,,,5.285410010649628,4.635782747603834,391.52609158679445,1150.0899893503727,156291.08266540384,11947.419137416671,3828514.9467266016,528996.6659368994,5454294.849840255,3586444.7555910544,9092.09445715776,2829.877568134607,0.4520766773162939,0.002129925452609159,0.012779552715654952,0.28753993610223644,0.5223642172523961,0.32161874334398294,0.019701810436634718,0.0,0.28753993610223644,7619.612353567625,13565.61661341853,228.08572949946753,6.259318423855165,57.70034212356443,86.08579595260916,371.54206602768903,16.18104366347178,97.4170092586262,136.42594394925453,6.1432374866879655,403.7843450479233,71.57118353675558,119.99393330045687,34754.2475593566,80.15041338281576,57.70034212356443,97.4170092586262,1
2018-02-03 12:57:00,2018-02-03 12:58:00,CIC,1577,9040.696258719086,9826416.078630311,8.261889663918833,13029.0,1269.71337983513,2002338.0,,0.0,3297263657282.484,,,4.626506024096385,3.6353836398224475,394.0862396956246,875.6271401395054,257843.00819786222,24033.744046756725,5106041.419321901,408767.42566186463,6128980.44197844,4883509.039315156,19994.425233361944,3886.9171390046117,0.4083703233988586,0.006975269499048827,0.029803424223208624,0.34115409004438807,0.5066582117945466,0.3639822447685479,0.030437539632213063,0.0,0.34115409004438807,7751.845275840203,14595.600507292327,237.6588459099556,4.252377932783767,59.03690629178377,91.06421712228915,351.83069118579584,9.749524413443247,81.97382230191502,127.28037532552314,4.153455928979074,391.8015218769816,64.4184960976728,112.52977360433607,30737.03499525401,71.80288368757451,59.03690629178377,81.97382230191502,1
2018-02-03 12:58:00,2018-02-03 12:59:00,CIC,3028,6489.958388375165,14866678.426354028,11.130118890356671,33702.0,2973.6340819022457,9004164.0,,0.0,12662219051950.385,,,5.625165125495377,5.504953764861295,424.1046895640687,2549.529392338177,182617.07114307178,17311.47800177158,3114811.088594054,1022858.8882133885,6160642.528731836,2677806.851387054,15626.439337722923,1650.7358674545942,0.5663804491413474,0.0033025099075297227,0.028401585204755615,0.17767503302509907,0.40653896961690883,0.23216644649933948,0.017173051519154558,0.0,0.17767503302509907,5815.528401585205,8773.298216644649,202.34940554821665,15.152906208718626,56.64242870417305,68.62362401353897,376.37318361955084,34.30845442536327,125.9420247818395,131.54275071002246,13.802509907529723,404.43064729194185,87.58166577138475,124.82823820091347,43331.77566016639,100.88742486696201,56.64242870417305,125.9420247818395,1
