window_start,window_end,dataset_source,number_of_flows,mean_flow_duration,mean_dst_port,total_packets,total_bytes,mean_iat_variance,mean_flow_byts_s,mean_flow_pkts_s,mean_down_up_ratio,mean_fin_flag_cnt,mean_syn_flag_cnt,mean_rst_flag_cnt,mean_psh_flag_cnt,mean_ack_flag_cnt,mean_urg_flag_cnt,mean_cwe_flag_count,mean_ece_flag_cnt,mean_init_fwd_win_byts,mean_init_bwd_win_byts,target_next_window
2018-02-03 01:00:00,2018-02-03 01:01:00,CIC,1525,9559732.331803279,11347.743606557377,13348.0,1420036.0,6876679882856.864,182621.64326962136,26056.804124076225,0.34885245901639345,0.005901639344262295,0.015081967213114755,0.3501639344262295,0.49311475409836064,0.41442622950819674,0.04262295081967213,0.0,0.3501639344262295,7598.67737704918,14239.606557377048,1
2018-02-03 01:01:00,2018-02-03 01:02:00,CIC,1628,7558521.837837838,9496.130835380836,13009.0,2182166.0,4324016183305.983,480140.42264401854,42462.62164875102,0.3538083538083538,0.007985257985257985,0.06326781326781326,0.343980343980344,0.4907862407862408,0.4023341523341523,0.019656019656019656,0.0,0.343980343980344,7429.478501228501,14290.004914004914,1
2018-02-03 01:02:00,2018-02-03 01:03:00,CIC,1897,11909692.266736953,7206.706905640485,29241.0,15280014.0,9628841183573.494,105932.40232078164,8516.606027663895,0.43595150237216657,0.0031628887717448603,0.021085925144965736,0.30205587770163417,0.503953610964681,0.286768581971534,0.005271481286241434,0.0,0.30205587770163417,7810.048497627833,13384.357406431207,1
2018-02-03 01:03:00,2018-02-03 01:04:00,CIC,2246,13782466.143365985,7093.494657168299,21621.0,4535123.0,6630030815068.668,95081.86068032826,7390.331020303587,0.45547640249332144,0.003116651825467498,0.015583259127337488,0.27025823686553874,0.4772929652715939,0.2680320569902048,0.030276046304541407,0.0,0.27025823686553874,7022.277827248442,12850.924755120213,1
2018-02-03 01:04:00,2018-02-03 01:05:00,CIC,1513,9666860.687376074,8768.942498347653,17201.0,3580360.0,4275639244893.0044,133297.5646479367,11347.350374295202,0.33773959021810973,0.005287508261731659,0.015862524785194978,0.4058162590879048,0.5809649702577661,0.34831460674157305,0.020489094514210177,0.0,0.4058162590879048,8942.848645076008,20345.067415730337,1
2018-02-03 01:05:00,2018-02-03 01:06:00,CIC,1351,8115765.141376758,10701.162102146558,10834.0,1240157.0,2173018319478.5515,166134.6077713869,20646.677727354767,0.34122871946706146,0.0044411547002220575,0.02146558105107328,0.39748334566987414,0.5655070318282753,0.41080680977054035,0.03256846780162842,0.0,0.39748334566987414,8465.294596595115,16846.58401184308,1
2018-02-03 01:06:00,2018-02-03 01:07:00,CIC,2065,11394129.201937046,7719.908474576271,20132.0,4016836.0,5343358715577.175,141509.04214482216,23053.8510553317,0.4687651331719128,0.001937046004842615,0.04019370460048426,0.2179176755447942,0.45811138014527847,0.3525423728813559,0.024697336561743343,0.0,0.2179176755447942,7124.269733656174,10235.497820823244,1
2018-02-03 01:07:00,2018-02-03 01:08:00,CIC,1493,8126961.158740791,7441.52913596785,10992.0,1292619.0,4749291607165.127,160042.01739031373,12500.523602173342,0.3945077026121902,0.003348961821835231,0.008707300736771601,0.29872739450770264,0.5304755525787006,0.3985264567983925,0.013395847287340924,0.0,0.29872739450770264,7956.008707300737,11756.873409243135,1
2018-02-03 01:08:00,2018-02-03 01:09:00,CIC,2020,8723497.093564356,6417.180693069307,17454.0,2203757.0,5994291786594.258,217483.28982304374,14856.237142544805,0.44356435643564357,0.0014851485148514852,0.011386138613861386,0.2301980198019802,0.5064356435643564,0.36633663366336633,0.009900990099009901,0.0,0.2301980198019802,7587.134158415842,10149.682673267327,1
2018-02-03 01:09:00,2018-02-03 01:10:00,CIC,1332,9781880.50900901,9977.725975975976,10263.0,1225627.0,1592259818675.8848,305540.5002025966,27136.901642074117,0.3415915915915916,0.0015015015015015015,0.02927927927927928,0.36036036036036034,0.5427927927927928,0.40615615615615613,0.023273273273273273,0.0,0.36036036036036034,8737.64114114114,16317.933183183182,1
2018-02-03 01:10:00,2018-02-03 01:11:00,CIC,1487,11211407.700739745,8005.700739744452,15509.0,1939514.0,6453343875773.436,136690.87535912433,10289.792764741096,0.3934095494283793,0.0020174848688634837,0.01882985877605918,0.30800268997982516,0.5514458641560188,0.3369199731002018,0.014794889038332213,0.0,0.30800268997982516,8930.605917955616,16186.593140551446,1
2018-02-03 01:11:00,2018-02-03 01:12:00,CIC,1384,8738118.21965318,8734.665462427745,11363.0,1892637.0,3712693151173.6465,222007.8968858725,14603.979559212394,0.3663294797687861,0.002890173410404624,0.02167630057803468,0.3338150289017341,0.5375722543352601,0.36127167630057805,0.014450867052023121,0.0,0.3338150289017341,8643.122109826589,14671.717485549132,1
2018-02-03 01:12:00,2018-02-03 01:13:00,CIC,1656,13113190.236714976,8013.759057971014,16174.0,2154903.0,6482728770527.787,81611.80025753699,8190.996932807632,0.42995169082125606,0.0006038647342995169,0.03804347826086957,0.2995169082125604,0.4867149758454106,0.3164251207729469,0.0320048309178744,0.0,0.2995169082125604,7415.290458937198,13665.750603864733,1
2018-02-03 01:13:00,2018-02-03 01:14:00,CIC,1227,7638883.507742462,9823.35696821516,9554.0,1076743.0,2383335508558.397,192081.8459073413,16353.698238122328,0.31295843520782396,0.0016299918500407497,0.027709861450692746,0.37489812550937246,0.5713121434392828,0.39364303178484106,0.019559902200488997,0.0,0.37489812550937246,9257.303993480033,16171.334963325184,1
2018-02-03 01:14:00,2018-02-03 01:15:00,CIC,1190,11433206.461344538,9522.604201680671,11294.0,1044898.0,3915998343500.342,99695.06885488424,10782.418833679387,0.32941176470588235,0.0016806722689075631,0.024369747899159664,0.3739495798319328,0.5487394957983194,0.4092436974789916,0.023529411764705882,0.0,0.3739495798319328,9054.764705882353,15304.076470588236,1
2018-02-03 01:15:00,2018-02-03 01:16:00,CIC,1553,8957316.392788151,8629.795235028976,15558.0,4633497.0,3778549450158.0283,59028.1716728939,14708.529058259719,0.3715389568576948,0.0025756600128783,0.02704443013522215,0.3148744365743722,0.5183515775917579,0.3399871216999356,0.010946555054732776,0.0,0.3148744365743722,7843.406954282034,14049.033483580168,1
2018-02-03 01:16:00,2018-02-03 01:17:00,CIC,2095,10609312.339379475,5694.740334128878,21841.0,6239834.0,13723467007486.7,279716.5228400633,9608.74353445409,0.49785202863961814,0.0,0.01909307875894988,0.23007159904534608,0.4295942720763723,0.26348448687350834,0.014797136038186158,0.0,0.23007159904534608,6957.78138424821,10463.861575178998,1
2018-02-03 01:17:00,2018-02-03 01:18:00,CIC,1660,12651299.010240965,7021.750602409638,14899.0,3248694.0,7291575198407.083,92059.23671456988,6157.301484692748,0.4602409638554217,0.0030120481927710845,0.012048192771084338,0.286144578313253,0.48614457831325303,0.30903614457831324,0.013855421686746987,0.0,0.286144578313253,7554.76265060241,11598.278313253011,1
2018-02-03 01:18:00,2018-02-03 01:19:00,CIC,1477,11027777.011509817,9652.37779282329,13956.0,1591247.0,6090515389428.99,102650.100921821,10418.571760113948,0.3933649289099526,0.002031144211238998,0.025050778605280974,0.3392010832769127,0.5152335815842924,0.36831415030467163,0.04197698036560596,0.0,0.3392010832769127,9291.789438050102,15675.698036560596,1
2018-02-03 01:19:00,2018-02-03 01:20:00,CIC,1322,9116090.39183056,10992.353252647505,9933.0,1075473.0,7197074665415.075,189145.6242681691,29442.047057579017,0.3245083207261725,0.0030257186081694403,0.05370650529500756,0.3555219364599092,0.5113464447806354,0.45310136157337366,0.023449319213313162,0.0,0.3555219364599092,8700.817700453857,14044.720877458396,1
2018-02-03 01:20:00,2018-02-03 01:21:00,CIC,1475,14100770.047457628,8828.45627118644,15169.0,2487809.0,5044437831528.943,56478.74031853542,9148.734180462676,0.36406779661016947,0.002711864406779661,0.022372881355932205,0.3328813559322034,0.5206779661016949,0.351864406779661,0.008135593220338983,0.0,0.3328813559322034,9239.871186440678,14128.44813559322,1
2018-02-03 01:21:00,2018-02-03 01:22:00,CIC,1457,9726813.79409746,8098.817433081675,13811.0,3480491.0,5756857608025.791,34575.17642286394,3489.523378036623,0.37405628002745367,0.0006863417982155113,0.016472203157172273,0.3164035689773507,0.5497597803706246,0.3335621139327385,0.009608785175017159,0.0,0.3164035689773507,8742.825669183254,15256.000686341798,1
2018-02-03 01:22:00,2018-02-03 01:23:00,CIC,1311,8950728.43020595,8890.671243325705,12231.0,1330785.0,2479716149721.191,25866.444431958436,4491.834102230323,0.35926773455377575,0.0,0.010678871090770405,0.39893211289092295,0.5530129672006102,0.35926773455377575,0.02212051868802441,0.0,0.39893211289092295,9505.62242562929,16565.234935163997,1
2018-02-03 01:23:00,2018-02-03 01:24:00,CIC,1921,8357011.347214992,5948.31962519521,13516.0,1543271.0,4428817485787.371,299209.66332463827,19015.957878394216,0.418011452368558,0.0015616866215512754,0.015616866215512754,0.24362311296199896,0.5174388339406559,0.4096824570536179,0.015616866215512754,0.0,0.24362311296199896,7621.61374284227,9076.99427381572,1
2018-02-03 01:24:00,2018-02-03 01:25:00,CIC,1311,10692948.534706332,8487.245614035088,13014.0,2154826.0,9941653796596.035,195917.01831993315,13739.587305354307,0.37452326468344777,0.006102212051868803,0.028985507246376812,0.37681159420289856,0.5385202135774219,0.36384439359267734,0.010678871090770405,0.0,0.37681159420289856,9002.33180778032,14440.643020594965,1
2018-02-03 01:25:00,2018-02-03 01:26:00,CIC,1676,11657228.38365155,7504.879474940334,14937.0,2171682.0,6793855294180.464,363087.00231934816,15630.596765364033,0.42899761336515513,0.0017899761336515514,0.019689737470167064,0.3424821002386635,0.5208830548926014,0.30071599045346065,0.015513126491646777,0.0,0.3424821002386635,8192.270883054893,14795.75477326969,1
2018-02-03 01:26:00,2018-02-03 01:27:00,CIC,2271,13184651.741083223,6561.248348745046,37588.0,17962854.0,7008532290322.814,127166.94475966104,15311.628878184414,0.4623513870541612,0.0030823425803610744,0.014090708938793483,0.25803610744165567,0.48304711580801407,0.2884191985909291,0.009247027741083224,0.0,0.25803610744165567,7644.669308674593,12349.32892998679,1
2018-02-03 01:27:00,2018-02-03 01:28:00,CIC,1796,9386442.409242762,8717.810690423163,21245.0,7330464.0,6161639440194.528,107212.83848555537,12707.93334838435,0.38585746102449886,0.0033407572383073497,0.021158129175946547,0.321826280623608,0.5378619153674833,0.33853006681514475,0.030623608017817373,0.0,0.321826280623608,8245.059020044544,17182.628619153675,1
2018-02-03 01:28:00,2018-02-03 01:29:00,CIC,1594,9644104.893350063,10161.181932245921,22409.0,8678716.0,3552028455664.5093,165217.83736130106,18341.160814730734,0.2904642409033877,0.006273525721455458,0.04015056461731493,0.3958594730238394,0.5633626097867002,0.3851944792973651,0.02258469259723965,0.0,0.3958594730238394,9897.387076537014,21290.52070263488,1
2018-02-03 01:29:00,2018-02-03 01:30:00,CIC,1707,10273448.402460458,8704.36438195665,15275.0,2549978.0,6814508948030.134,139172.35844692148,17667.498139842188,0.36496777973052136,0.0035149384885764497,0.025776215582893967,0.335676625659051,0.5284124194493263,0.3298183948447569,0.014059753954305799,0.0,0.335676625659051,8631.042179261864,16645.727006444053,1
2018-02-03 01:30:00,2018-02-03 01:31:00,CIC,2875,16010699.981913043,6296.451478260869,41217.0,20113472.0,11737428981435.736,340347.0911220056,13602.30748065066,0.5547826086956522,0.0038260869565217392,0.028521739130434782,0.2066086956521739,0.44521739130434784,0.2194782608695652,0.008695652173913044,0.0,0.2066086956521739,6365.046956521739,9901.940173913043,1
2018-02-03 01:31:00,2018-02-03 01:32:00,CIC,1635,12059417.03853211,8592.421406727828,17955.0,4824258.0,6499195207508.59,29945.671760852307,4524.345338213911,0.3785932721712538,0.0030581039755351682,0.009174311926605505,0.381651376146789,0.5535168195718655,0.3186544342507645,0.018960244648318043,0.0,0.381651376146789,9227.628134556575,18076.404281345567,1
2018-02-03 01:32:00,2018-02-03 01:33:00,CIC,1839,14944408.621533442,9550.888526373028,27937.0,11475011.0,12734509237371.621,36760.70820204157,14325.191011107596,0.41381185426862427,0.002175095160413268,0.022294725394236,0.3306144643828168,0.5165851005981512,0.34692767808591624,0.051658510059815116,0.0,0.3306144643828168,8285.292006525286,14818.847199564982,1
2018-02-03 01:33:00,2018-02-03 01:34:00,CIC,1829,9496081.78622198,12591.52597047567,18547.0,5207233.0,2676155256738.6514,323022.721884081,60327.76471184577,0.3553854565336249,0.007107709130672498,0.08529250956806998,0.30344450519409516,0.47020229633679606,0.45653362493165667,0.06560962274466922,0.0,0.30344450519409516,8421.539639147075,14044.542919628213,1
2018-02-03 01:34:00,2018-02-03 01:35:00,CIC,1663,13665677.868310282,8593.346361996391,18460.0,5057931.0,6685268395076.415,70924.81024209701,11996.535104707886,0.39025856885147325,0.0018039687312086591,0.030667468430547205,0.34996993385447983,0.5273601924233313,0.3409500901984366,0.01803968731208659,0.0,0.34996993385447983,8788.593505712568,15722.1791942273,1
2018-02-03 01:35:00,2018-02-03 01:36:00,CIC,2662,14221538.36701728,6103.438767843727,31659.0,9086542.0,8101107580071.802,112737.90273472191,12064.709691460923,0.5522163786626596,0.003005259203606311,0.02667167543200601,0.22577009767092412,0.44440270473328325,0.23553719008264462,0.009767092411720512,0.0,0.22577009767092412,6918.43388429752,11538.384673178061,1
2018-02-03 01:36:00,2018-02-03 01:37:00,CIC,2068,11450525.250967119,8527.543036750483,30585.0,14205692.0,6990523290190.301,228486.15057282042,19481.95251451676,0.46083172147001933,0.0038684719535783366,0.023694390715667313,0.26450676982591875,0.4738878143133462,0.344294003868472,0.03239845261121857,0.0,0.26450676982591875,7723.761121856866,12154.293036750483,1
2018-02-03 01:37:00,2018-02-03 01:38:00,CIC,1861,12877509.959161742,10339.929070392262,15828.0,2655281.0,10829720219712.443,188381.45846601808,24395.62151734022,0.42235357334766255,0.0032240730789897904,0.039763567974207416,0.27028479312197745,0.44223535733476627,0.39602364320257927,0.03600214938205266,0.0,0.27028479312197745,7858.933369156368,11100.51101558302,1
2018-02-03 01:38:00,2018-02-03 01:39:00,CIC,2442,10069596.499180999,7864.396805896806,31524.0,12707051.0,7054563772348.465,180239.75566890722,23147.708651478213,0.43161343161343163,0.001638001638001638,0.04176904176904177,0.2534807534807535,0.48034398034398035,0.38042588042588044,0.022113022113022112,0.0,0.2534807534807535,7163.308353808354,11931.604013104014,1
2018-02-03 01:39:00,2018-02-03 01:40:00,CIC,2625,12685457.99504762,6119.929142857143,35353.0,17882857.0,7749997505106.951,134807.1298935833,13476.97549886597,0.5398095238095239,0.001142857142857143,0.025523809523809525,0.22095238095238096,0.44114285714285717,0.28114285714285714,0.016761904761904763,0.0,0.22095238095238096,6135.647619047619,10101.288380952381,1
2018-02-03 01:40:00,2018-02-03 01:41:00,CIC,2209,13331700.49932096,7872.971027614305,30657.0,14066561.0,7692154750811.074,222132.72793249038,17806.96229104527,0.5065640561339972,0.002716161158895428,0.025803531009506563,0.2494341330918968,0.419194205522861,0.3110004526935265,0.03712086917157085,0.0,0.2494341330918968,6819.964237211408,11453.732458125849,1
2018-02-03 01:41:00,2018-02-03 01:42:00,CIC,2559,12952253.474013286,7806.138726064869,56628.0,38740017.0,8335770559319.172,203577.5438308904,15297.13316445244,0.5345838218053928,0.0031262211801484957,0.025400547088706527,0.23251270027354434,0.43259085580304807,0.2833137944509574,0.023446658851113716,0.0,0.23251270027354434,6514.630715123095,10877.07698319656,1
2018-02-03 01:42:00,2018-02-03 01:43:00,CIC,1791,11066168.88442211,9680.072585147962,24813.0,11478179.0,7016121935517.479,182486.72601915823,26692.863538013196,0.41987716359575655,0.006141820212171971,0.0413176996091569,0.32551647124511446,0.4712451144611949,0.3729759910664433,0.03796761585706309,0.0,0.32551647124511446,7813.548855388051,14527.805695142379,1
2018-02-03 01:43:00,2018-02-03 01:44:00,CIC,2094,11166675.382999046,8636.448424068767,27098.0,14675556.0,6299353939726.297,316728.2634590796,30708.733071141836,0.4909264565425024,0.0033428844317096467,0.049665711556829036,0.26504297994269344,0.4178605539637058,0.3271251193887297,0.03199617956064948,0.0,0.26504297994269344,6679.077841451767,12056.993314231137,1
2018-02-03 01:44:00,2018-02-03 01:45:00,CIC,2204,11684128.348911071,8368.454174228675,31505.0,14179275.0,5463836037230.124,212325.03695146064,24507.300152736556,0.46960072595281305,0.008166969147005444,0.05172413793103448,0.2572595281306715,0.44872958257713247,0.3253176043557169,0.02676950998185118,0.0,0.2572595281306715,6615.829854809437,12240.141560798547,1
2018-02-03 01:45:00,2018-02-03 01:46:00,CIC,1938,11514977.323529411,9734.26367389061,24316.0,12266514.0,4745210866882.265,198020.94804256465,20150.52434731558,0.4504643962848297,0.0025799793601651187,0.0392156862745098,0.27347781217750256,0.45614035087719296,0.33900928792569657,0.04076367389060888,0.0,0.27347781217750256,7586.853973168215,12215.203818369453,1
2018-02-03 01:46:00,2018-02-03 01:47:00,CIC,2761,14440984.806954002,6910.455632017385,35924.0,14990874.0,13685999706309.355,312280.67843021447,20802.319792696177,0.4987323433538573,0.0050706265845708075,0.03223469757334299,0.1915972473741398,0.40492575153929733,0.2872147772546179,0.018833755885548715,0.0,0.1915972473741398,6114.320173850055,8539.877218399131,1
2018-02-03 01:47:00,2018-02-03 01:48:00,CIC,1782,10544782.335016835,9459.28507295174,22931.0,11093335.0,9344213551706.508,105512.66047534705,17319.304062517007,0.41245791245791247,0.003367003367003367,0.03423120089786756,0.2940516273849607,0.4792368125701459,0.3613916947250281,0.03254769921436588,0.0,0.2940516273849607,8304.513468013469,13605.53142536476,1
2018-02-03 01:48:00,2018-02-03 01:49:00,CIC,2046,13512403.074780058,9692.66715542522,36759.0,20988957.0,7048343502063.609,326831.1034512589,29232.91428645793,0.4613880742913001,0.005376344086021506,0.039100684261974585,0.25562072336265884,0.43841642228739003,0.34701857282502446,0.03616813294232649,0.0,0.25562072336265884,6349.559139784947,12058.231182795698,1
2018-02-03 01:49:00,2018-02-03 01:50:00,CIC,2038,13061012.027968597,8091.894995093228,27096.0,13482740.0,7556873791101.378,362044.0359221467,26934.332414964145,0.4916584887144259,0.003925417075564278,0.04612365063788027,0.2649656526005888,0.45093228655544654,0.31894013738959764,0.02649656526005888,0.0,0.2649656526005888,6791.435230618254,11920.527968596663,1
2018-02-03 01:50:00,2018-02-03 01:51:00,CIC,1895,11771847.868601583,8560.210026385224,26677.0,11678558.0,8277458844353.695,210846.01627688488,20018.238784191144,0.4474934036939314,0.0031662269129287598,0.0316622691292876,0.2912928759894459,0.48179419525065964,0.32189973614775724,0.02849604221635884,0.0,0.2912928759894459,7436.776253298153,14386.404749340369,1
2018-02-03 01:51:00,2018-02-03 01:52:00,CIC,1996,13682032.31513026,9692.900300601203,24912.0,11636883.0,10631923475821.59,205107.24837699402,24200.847581424572,0.43987975951903807,0.004008016032064128,0.05460921843687375,0.2715430861723447,0.4498997995991984,0.3502004008016032,0.028056112224448898,0.0,0.2715430861723447,7064.953907815631,12006.445891783567,1
2018-02-03 01:52:00,2018-02-03 01:53:00,CIC,2470,13310703.386639677,7107.034412955466,42308.0,22907640.0,10678997658436.764,158739.62558847092,16582.810351352302,0.5412955465587045,0.002834008097165992,0.029959514170040485,0.23076923076923078,0.42105263157894735,0.26558704453441295,0.01659919028340081,0.0,0.23076923076923078,6336.754655870445,10404.224696356276,1
2018-02-03 01:53:00,2018-02-03 01:54:00,CIC,2121,11506961.519094767,8399.034417727487,25809.0,11643468.0,6004195350822.411,278610.63800514553,22133.41237402061,0.4691183404054691,0.004243281471004243,0.04809052333804809,0.2512965582272513,0.4347006129184347,0.3371051390853371,0.031588873173031586,0.0,0.2512965582272513,6830.6214049976425,10790.724658180105,1
2018-02-03 01:54:00,2018-02-03 01:55:00,CIC,2352,9143450.621598639,7944.841411564626,28711.0,13672570.0,6405394134563.161,364839.55190959136,34552.615649529456,0.4460034013605442,0.004251700680272109,0.03784013605442177,0.23341836734693877,0.45875850340136054,0.40433673469387754,0.03316326530612245,0.0,0.23341836734693877,6376.4294217687075,9878.86862244898,1
2018-02-03 01:55:00,2018-02-03 01:56:00,CIC,1863,11982258.161567364,8949.462157809983,24724.0,11815426.0,7980870389829.956,362844.7584339351,35774.13192121632,0.43585614600107353,0.005367686527106817,0.06333870101986044,0.3022007514761138,0.45410628019323673,0.3639291465378422,0.02254428341384863,0.0,0.3022007514761138,7201.43370907139,12909.207192699947,1
2018-02-03 01:56:00,2018-02-03 01:57:00,CIC,1954,11619016.848004093,8116.647389969294,26732.0,12517776.0,9778248093646.871,228052.8867041437,24359.515950108787,0.4467758444216991,0.00255885363357216,0.030194472876151485,0.2712384851586489,0.45496417604913,0.35670419651995905,0.028659160696008188,0.0,0.2712384851586489,6911.937052200614,11002.648413510748,1
2018-02-03 01:57:00,2018-02-03 01:58:00,CIC,2659,11587644.683715682,6627.682211357654,46392.0,25875373.0,8247516075291.61,293154.0140587216,17247.43240712489,0.5652500940203083,0.003384731101918014,0.03196690485144791,0.1966904851447913,0.42008273787138023,0.2557352388115833,0.0236931177134261,0.0,0.1966904851447913,6344.751786385859,9195.53666792027,1
2018-02-03 01:58:00,2018-02-03 01:59:00,CIC,1620,8200635.265432099,10099.382098765433,15049.0,4395281.0,2515820832542.7373,130542.70340694905,16328.33626414954,0.3987654320987654,0.001851851851851852,0.02654320987654321,0.32901234567901233,0.48641975308641977,0.37407407407407406,0.030864197530864196,0.0,0.32901234567901233,7664.170370370371,13451.988888888889,1
2018-02-03 01:59:00,2018-02-03 02:00:00,CIC,1527,12802421.29535036,8781.832351015062,16684.0,2308619.0,4783869421336.66,247154.87518792084,14090.886532024848,0.32220039292730845,0.0013097576948264572,0.021611001964636542,0.36738703339882123,0.5972495088408645,0.33136869679109365,0.019646365422396856,0.0,0.36738703339882123,9528.422396856582,17253.83038637852,1
2018-02-03 02:00:00,2018-02-03 02:01:00,CIC,1419,9476394.437632136,8413.758985200846,12188.0,1584585.0,2676010999119.7817,108801.57027950244,8429.90654287793,0.31994362226920364,0.0007047216349541931,0.009161381254404511,0.41296687808315713,0.5842142353770261,0.33051444679351655,0.018322762508809022,0.0,0.41296687808315713,8019.208597603946,18588.529950669486,1
2018-02-03 02:01:00,2018-02-03 02:02:00,CIC,1715,12329573.542274052,8120.468221574344,25985.0,13422812.0,7810392881501.998,176658.00379444676,19187.5385176766,0.4262390670553936,0.0029154518950437317,0.03206997084548105,0.30145772594752185,0.5212827988338192,0.3131195335276968,0.01924198250728863,0.0,0.30145772594752185,7856.561516034985,13949.5416909621,1
2018-02-03 02:02:00,2018-02-03 02:03:00,CIC,2347,15458393.913506605,6496.975713677035,37027.0,18195861.0,9267187387931.963,189617.09337757723,11302.214185766186,0.48487430762675754,0.0012782275244993609,0.022155943757988922,0.2224115892628888,0.45930975713677036,0.2582019599488709,0.015764806135492117,0.0,0.2224115892628888,6655.772049424798,10351.847038772901,1
2018-02-03 02:03:00,2018-02-03 02:04:00,CIC,1676,11214264.945107399,10713.49940334129,22530.0,11026414.0,4677533868306.724,119881.38238291473,14022.249660822676,0.39916467780429593,0.0005966587112171838,0.02028639618138425,0.3126491646778043,0.48389021479713606,0.37828162291169454,0.053102625298329355,0.0,0.3126491646778043,7705.072195704057,13934.747613365154,1
2018-02-03 02:04:00,2018-02-03 02:05:00,CIC,1752,9061893.576484019,10210.872146118722,26428.0,13320691.0,5796868101403.448,161954.24570339735,21803.229296382808,0.3807077625570776,0.00228310502283105,0.023401826484018264,0.3162100456621005,0.514269406392694,0.3738584474885845,0.030251141552511414,0.0,0.3162100456621005,7065.672374429224,14631.160958904109,1
2018-02-03 02:05:00,2018-02-03 02:06:00,CIC,1408,9243928.561079545,10368.03409090909,19206.0,9686681.0,970111515862.4586,109823.25354488306,20611.242352892597,0.3494318181818182,0.002130681818181818,0.04332386363636364,0.37357954545454547,0.5383522727272727,0.41051136363636365,0.053267045454545456,0.0,0.37357954545454547,8397.759943181818,17164.865767045456,1
2018-02-03 02:06:00,2018-02-03 02:07:00,CIC,1777,10027319.935284186,7612.639842431064,24781.0,11430670.0,4296146786126.669,226509.86091954607,14557.272703243067,0.43387732132808104,0.0016882386043894203,0.027011817670230726,0.317388857625211,0.522228474957794,0.3185143500281373,0.025323579065841307,0.0,0.317388857625211,6887.824423185143,13726.236353404614,1
2018-02-03 02:07:00,2018-02-03 02:08:00,CIC,1536,9854693.966796875,7577.057291666667,21079.0,10102198.0,2662452807826.518,126587.75343905897,14526.321210534345,0.4108072916666667,0.001953125,0.025390625,0.3567708333333333,0.5299479166666666,0.337890625,0.014322916666666666,0.0,0.3567708333333333,7810.421875,14733.776041666666,1
2018-02-03 02:08:00,2018-02-03 02:09:00,CIC,1292,9002520.264705881,9194.15479876161,18890.0,9483733.0,523619168280.634,29560.235627664286,8112.423794342595,0.32894736842105265,0.0,0.0023219814241486067,0.4195046439628483,0.5781733746130031,0.35526315789473684,0.02631578947368421,0.0,0.4195046439628483,8006.488390092879,17172.740712074305,1
2018-02-03 02:09:00,2018-02-03 02:10:00,CIC,2288,6528890.987325175,6362.232517482517,25065.0,10906328.0,2932131209242.045,154739.34955692088,13085.71225870088,0.4624125874125874,0.004807692307692308,0.025349650349650348,0.23164335664335664,0.49082167832167833,0.3631993006993007,0.015297202797202798,0.0,0.23164335664335664,6659.926136363636,10101.595279720279,1
2018-02-03 02:10:00,2018-02-03 02:11:00,CIC,1531,11339576.064663619,7372.383409536251,23523.0,12425315.0,4175840017691.682,231411.83589605405,16738.256148931054,0.4441541476159373,0.0032658393207054214,0.018941868060091443,0.3043762246897453,0.5166557805355977,0.3193990855649902,0.011757021554539516,0.0,0.3043762246897453,7196.251469627694,12213.485956890921,1
2018-02-03 02:11:00,2018-02-03 02:12:00,CIC,1429,13193608.591322603,7841.103568929321,21806.0,12055549.0,4662491193295.14,65961.10166120317,7339.8355253442205,0.4534639608117565,0.0,0.011896431070678797,0.3002099370188943,0.49685094471658503,0.3261021693491952,0.01609517144856543,0.0,0.3002099370188943,8535.44156752974,11483.625612316306,1
2018-02-03 02:12:00,2018-02-03 02:13:00,CIC,1882,11946986.768862912,8300.263018065887,26671.0,12669319.0,5642876671526.118,271544.6602230892,25903.03842791897,0.5148777895855473,0.005313496280552604,0.021785334750265676,0.22741764080765142,0.4303931987247609,0.31296493092454836,0.03294367693942614,0.0,0.22741764080765142,6079.230605738576,8459.264612114772,1
2018-02-03 02:13:00,2018-02-03 02:14:00,CIC,1446,9784762.906639004,9321.190179806363,12602.0,1492204.0,6022285280639.645,73375.50091737641,13788.14721692647,0.4287690179806362,0.003457814661134163,0.035269709543568464,0.2959889349930844,0.4605809128630705,0.3914246196403873,0.029045643153526972,0.0,0.2959889349930844,7399.169432918396,11419.451590594745,1
2018-02-03 02:14:00,2018-02-03 02:15:00,CIC,1725,11703835.129275363,9128.402318840579,33942.0,23242583.0,6026131980830.766,94533.50326705677,16375.957670589507,0.4736231884057971,0.0005797101449275362,0.02608695652173913,0.25043478260869567,0.4371014492753623,0.343768115942029,0.020289855072463767,0.0,0.25043478260869567,6528.4040579710145,9673.40579710145,1
2018-02-03 02:15:00,2018-02-03 02:16:00,CIC,1862,10850021.17991407,7093.889903329753,18309.0,3570448.0,10338296303701.234,76003.09809767474,11279.187859555326,0.5429645542427497,0.001611170784103115,0.02631578947368421,0.24973147153598282,0.4280343716433942,0.29484425349087,0.01664876476906552,0.0,0.24973147153598282,6415.6079484425345,10020.537056928035,1
2018-02-03 02:16:00,2018-02-03 02:17:00,CIC,2878,11321974.660875607,5786.362056984017,38811.0,22451176.0,9532925637523.082,189182.98177812994,11761.197052046104,0.5753995830437804,0.002432244614315497,0.022237665045170257,0.15010423905489922,0.3690062543432939,0.25573314801945796,0.015983321751216122,0.0,0.15010423905489922,5276.293606671299,6433.62022237665,1
2018-02-03 02:17:00,2018-02-03 02:18:00,CIC,1603,9039190.877729258,9917.82096069869,13569.0,1570166.0,5434268115687.875,85883.14639653313,20483.93904984017,0.4104803493449782,0.004990642545227698,0.039301310043668124,0.27822832189644414,0.44666250779787897,0.4023705552089832,0.040548970679975045,0.0,0.27822832189644414,7585.796631316282,11302.860885839053,1
2018-02-03 02:18:00,2018-02-03 02:19:00,CIC,1317,7387295.898253607,12291.699316628701,24359.0,17722325.0,4611133423079.252,205825.7036484129,19411.208198410484,0.3720577069096431,0.0037965072133637054,0.02885345482156416,0.33940774487471526,0.5064540622627183,0.44495064540622625,0.05466970387243736,0.0,0.33940774487471526,8412.113135914959,13867.782080485953,1
2018-02-03 02:19:00,2018-02-03 02:20:00,CIC,2032,9643876.635334646,8619.980807086615,18397.0,3298055.0,5091868080779.878,322078.399318513,28618.392785029566,0.4734251968503937,0.007874015748031496,0.05561023622047244,0.22785433070866143,0.41437007874015747,0.328248031496063,0.02066929133858268,0.0,0.22785433070866143,6191.0802165354335,10609.63779527559,1
2018-02-03 02:20:00,2018-02-03 02:21:00,CIC,1519,11952956.631336406,7032.044766293614,28907.0,19349252.0,7491006017152.25,80662.22962798766,11538.145814195557,0.46807109940750496,0.0013166556945358788,0.009874917709019092,0.3021724818959842,0.5095457537853851,0.30809743252139565,0.004608294930875576,0.0,0.3021724818959842,7680.218564845293,12626.994075049375,1
2018-02-03 02:21:00,2018-02-03 02:22:00,CIC,1286,7934301.221617418,9877.012441679626,12596.0,1337155.0,2977789804833.334,48175.732206209716,9334.28183710493,0.3654743390357698,0.0,0.013219284603421462,0.36391912908242613,0.5645412130637636,0.3833592534992224,0.02410575427682737,0.0,0.36391912908242613,9717.300933125973,16745.540435458788,1
2018-02-03 02:22:00,2018-02-03 02:23:00,CIC,1483,10857897.799730277,9105.614969656102,30639.0,21229345.0,7689958102954.94,509775.02912977705,30227.0415180602,0.39919082939986517,0.006068779501011463,0.05057316250842886,0.3115306810519218,0.5057316250842886,0.3749157113958193,0.012811867835468645,0.0,0.3115306810519218,7920.898853674983,13203.680377612947,1
2018-02-03 02:23:00,2018-02-03 02:24:00,CIC,1969,10529467.166582022,6430.404266124937,27925.0,10286203.0,9009074751914.643,107848.24242599496,6651.982279789981,0.4951752158456069,0.0015236160487557136,0.014220416455053326,0.32706957846622653,0.5119349923819198,0.31132554596241746,0.0030472320975114273,0.0,0.32706957846622653,7749.671406805485,11704.188420518029,1
2018-02-03 02:24:00,2018-02-03 02:25:00,CIC,3673,5484739.74407841,7441.994010345767,40262.0,20653388.0,3344664957549.755,162023.4333062868,8349.427137608125,0.5205554043016608,0.0,0.009256738361012797,0.3520283147291043,0.4965967873672747,0.41110808603321536,0.01442962156275524,0.0,0.3520283147291043,5783.375714674653,5289.441873128233,1
2018-02-03 02:25:00,2018-02-03 02:26:00,CIC,4147,5732333.369905956,7131.107547624789,29869.0,4198570.0,3132901298930.0,146426.8078628188,11775.767566793806,0.5186882083433808,0.0014468290330359296,0.010851217747769471,0.3211960453339764,0.4752833373523029,0.3879913190258018,0.013021461297323367,0.0,0.3211960453339764,5612.394260911502,5481.644080057873,1
2018-02-03 02:26:00,2018-02-03 02:27:00,CIC,3297,2658834.8095238097,8460.244464664847,23087.0,6145709.0,502927667779.25336,58724.434290119345,8938.958103565521,0.4986351228389445,0.001213224143160449,0.013952077646345162,0.3970276008492569,0.49984834698210495,0.4510160752198969,0.016075219896875947,0.0,0.3970276008492569,5978.989990900819,6037.500454959054,1
2018-02-03 02:27:00,2018-02-03 02:28:00,CIC,3401,5514068.496030579,7470.286092325787,28464.0,6395672.0,2507006420595.01,72075.28508413509,5420.303936231557,0.5157306674507498,0.0011761246692149367,0.012349309026756836,0.3784181123199059,0.4998529844163481,0.3866509850044105,0.0020582181711261394,0.0,0.3784181123199059,5644.968832696266,5452.690091149662,1
2018-02-03 02:28:00,2018-02-03 02:29:00,CIC,3262,6456519.123543838,7614.982526057634,25685.0,6225263.0,3593591051696.8223,127775.57912687413,7291.089872282867,0.49693439607602696,0.0030656039239730227,0.007050889025137952,0.38565297363580625,0.5045984058859595,0.3868792152053955,0.0030656039239730227,0.0,0.38565297363580625,5804.378602084611,5599.783568362967,1
2018-02-03 02:29:00,2018-02-03 02:30:00,CIC,3123,10541110.245917387,6749.077809798271,29090.0,6316842.0,7114211224571.561,163533.78370848243,13489.102959949707,0.5712455971821966,0.005443483829650976,0.01985270573166827,0.25360230547550433,0.43547870637207814,0.30547550432276654,0.012808197246237591,0.0,0.25360230547550433,5554.625040025617,6463.074607748959,1
2018-02-03 02:30:00,2018-02-03 02:31:00,CIC,1919,9774159.14174049,9920.11464304325,17098.0,3799278.0,6913670584490.088,113288.56049141646,16881.07819279824,0.4179260031266285,0.004689942678478374,0.027618551328817093,0.27879103699843666,0.47420531526836895,0.3611255862428348,0.03908285565398645,0.0,0.27879103699843666,6507.625846795206,12328.856696195935,1
2018-02-03 02:31:00,2018-02-03 02:32:00,CIC,1579,8783224.53831539,12173.393286890438,13767.0,1481394.0,8957823115743.68,308476.913461542,39182.40833314976,0.3400886637112096,0.010766307789740342,0.06206459784673844,0.3147561747941735,0.47118429385687144,0.4420519316022799,0.04623179227359088,0.0,0.3147561747941735,6233.673844205193,14070.94996833439,1
2018-02-03 02:32:00,2018-02-03 02:33:00,CIC,1664,8599267.11358173,8750.91766826923,14584.0,2847644.0,8507779711955.303,117506.65266402275,36849.55101968881,0.40564903846153844,0.005408653846153846,0.045072115384615384,0.3173076923076923,0.4873798076923077,0.35396634615384615,0.025240384615384616,0.0,0.3173076923076923,6696.498197115385,13425.905649038461,1
2018-02-03 02:33:00,2018-02-03 02:34:00,CIC,1803,13038986.409317805,7287.099833610649,23278.0,5454821.0,9102894198194.646,53582.115611273235,5994.541390364712,0.45202440377149194,0.0005546311702717693,0.00887409872434831,0.29506378258458127,0.5074875207986689,0.2839711591791459,0.027176927343316695,0.0,0.29506378258458127,6866.281752634498,13818.65612867443,1
2018-02-03 02:34:00,2018-02-03 02:35:00,CIC,1352,8793468.866124261,8665.504437869822,11233.0,1478983.0,9970364615845.914,35858.17802152707,7986.454111826567,0.3661242603550296,0.0022189349112426036,0.019230769230769232,0.3890532544378698,0.5562130177514792,0.35798816568047337,0.03328402366863906,0.0,0.3890532544378698,7217.12573964497,16295.80547337278,1
2018-02-03 02:35:00,2018-02-03 02:36:00,CIC,1430,9237969.126573427,9460.186713286714,20690.0,6318682.0,6363755150687.469,108298.95881219226,17258.318153082582,0.3734265734265734,0.007692307692307693,0.025874125874125874,0.33986013986013985,0.527972027972028,0.3657342657342657,0.027972027972027972,0.0,0.33986013986013985,8039.947552447553,14346.04055944056,1
2018-02-03 02:36:00,2018-02-03 02:37:00,CIC,1472,7984932.503396739,8660.767663043478,10777.0,1244506.0,3599494663973.2583,172698.64025367404,24588.113048454754,0.360054347826087,0.0033967391304347825,0.029891304347826088,0.35529891304347827,0.5366847826086957,0.389945652173913,0.02377717391304348,0.0,0.35529891304347827,6407.639945652174,13378.208559782608,1
2018-02-03 02:37:00,2018-02-03 02:38:00,CIC,1966,11502661.246185148,6247.624618514751,21545.0,4634035.0,8891170296316.988,170677.69597319103,11496.486994301518,0.5061037639877924,0.001017293997965412,0.021363173957273652,0.2614445574771109,0.47812817904374366,0.2599186164801628,0.011698880976602238,0.0,0.2614445574771109,6050.468972533062,11628.597660223804,1
2018-02-03 02:38:00,2018-02-03 02:39:00,CIC,1424,10537487.836376404,8053.931179775281,20699.0,13019085.0,9210683118431.088,267364.69507903483,16744.7593892426,0.4473314606741573,0.0014044943820224719,0.025280898876404494,0.3539325842696629,0.5105337078651685,0.34480337078651685,0.023876404494382022,0.0,0.3539325842696629,6668.505617977528,13538.080758426966,1
2018-02-03 02:39:00,2018-02-03 02:40:00,CIC,1997,12824399.603905858,8284.36304456685,20905.0,4784122.0,9034901500435.783,224685.88578244386,17311.112460539996,0.4927391086629945,0.00200300450676014,0.02503755633450175,0.2653980971457186,0.44066099148723087,0.30796194291437157,0.03605408112168253,0.0,0.2653980971457186,6184.8372558838255,11380.876314471707,1
2018-02-03 02:40:00,2018-02-03 02:41:00,CIC,2604,8128162.599462366,7446.037634408603,37204.0,22149633.0,5380943630555.551,230135.84516781598,18687.323939702284,0.4662058371735791,0.002304147465437788,0.03379416282642089,0.20238095238095238,0.46543778801843316,0.36789554531490015,0.031874039938556066,0.0,0.20238095238095238,5964.333333333333,9487.870583717358,1
2018-02-03 02:41:00,2018-02-03 02:42:00,CIC,1461,9072455.518822724,9031.156057494867,13568.0,1399603.0,8165513684635.108,144885.87501441315,23597.240389115566,0.4086242299794661,0.0027378507871321013,0.03216974674880219,0.3271731690622861,0.4791238877481177,0.3655030800821355,0.03148528405201916,0.0,0.3271731690622861,7312.263518138261,13922.635181382615,1
2018-02-03 02:42:00,2018-02-03 02:43:00,CIC,2348,12798733.70911414,7058.715928449745,44741.0,28928770.0,7350643378852.696,131725.3662644488,11574.555558329383,0.5489778534923339,0.002981260647359455,0.0217206132879046,0.217206132879046,0.4058773424190801,0.2559625212947189,0.019165247018739354,0.0,0.217206132879046,5515.507240204429,9592.628620102214,1
2018-02-03 02:43:00,2018-02-03 02:44:00,CIC,1491,9354651.458081825,8191.264252179745,14964.0,2256667.0,7137566925983.371,77020.59565640723,14100.217377562698,0.41851106639839036,0.004694835680751174,0.02682763246143528,0.3487592219986586,0.5130784708249497,0.34339369550637155,0.02079141515761234,0.0,0.3487592219986586,7639.5902079141515,15602.146881287727,1
2018-02-03 02:44:00,2018-02-03 02:45:00,CIC,1416,10208137.420903955,9515.50141242938,24975.0,18819584.0,14460490372681.525,151967.89163032777,13878.88824926732,0.3997175141242938,0.0007062146892655367,0.01977401129943503,0.3721751412429379,0.5346045197740112,0.3707627118644068,0.02401129943502825,0.0,0.3721751412429379,7912.581214689266,16631.851694915254,1
2018-02-03 02:45:00,2018-02-03 02:46:00,CIC,1415,9957274.328621909,9751.6777385159,13264.0,1446647.0,6392251738481.658,113439.62894392795,20682.976222550256,0.34275618374558303,0.005653710247349823,0.04734982332155477,0.3667844522968198,0.511660777385159,0.3908127208480565,0.018374558303886925,0.0,0.3667844522968198,7360.698233215548,15979.86219081272,1
2018-02-03 02:46:00,2018-02-03 02:47:00,CIC,2786,11486179.37150036,5308.625628140703,39602.0,24606116.0,9291259945703.32,175178.28188754225,12370.368329405614,0.5789662598707824,0.0003589375448671931,0.01722900215362527,0.17552045944005742,0.4063173007896626,0.2185929648241206,0.006460875807609476,0.0,0.17552045944005742,5019.778535534817,8713.656855707108,1
2018-02-03 02:47:00,2018-02-03 02:48:00,CIC,2124,12046998.075800376,6511.569679849341,20800.0,4069159.0,8132419486821.451,200486.31009200326,13943.184312099651,0.5117702448210922,0.002824858757062147,0.018361581920903956,0.2245762711864407,0.4246704331450094,0.2612994350282486,0.01977401129943503,0.0,0.2245762711864407,6060.83945386064,10269.014595103577,1
2018-02-03 02:48:00,2018-02-03 02:49:00,CIC,2125,13844937.088470588,9142.832470588235,34875.0,24446268.0,12281318329911.475,271153.6605238117,17444.50369029012,0.5505882352941176,0.0032941176470588237,0.02258823529411765,0.232,0.4192941176470588,0.3096470588235294,0.046588235294117646,0.0,0.232,5822.197647058823,9810.030588235295,1
2018-02-03 02:49:00,2018-02-03 02:50:00,CIC,1759,8818868.221716885,11356.090960773166,16137.0,2619586.0,9009250554868.355,309564.07267908356,42762.75064042985,0.38942581011938604,0.0045480386583285955,0.053439454235361,0.2762933484934622,0.4519613416714042,0.4076179647527004,0.041500852757248435,0.0,0.2762933484934622,7550.154633314383,13105.366117111995,1
2018-02-03 02:50:00,2018-02-03 02:51:00,CIC,2412,13394060.614013268,7450.023217247098,36875.0,22700793.0,10200711198465.904,163792.36830092987,21416.09583760043,0.49792703150912104,0.002902155887230514,0.028192371475953566,0.2296849087893864,0.4324212271973466,0.2943615257048093,0.017412935323383085,0.0,0.2296849087893864,5774.978855721393,10956.280679933665,1
2018-02-03 02:51:00,2018-02-03 02:52:00,CIC,2181,12648309.79825768,7356.408069692801,35801.0,16819377.0,9298694020826.812,325333.1903638882,20706.62200549356,0.5121503897294819,0.010087116001834021,0.03255387436955525,0.24346629986244842,0.45896377808344796,0.29298486932599727,0.026134800550206328,0.0,0.24346629986244842,6790.680421824851,12352.891334250344,1
2018-02-03 02:52:00,2018-02-03 02:53:00,CIC,1632,9434627.619485294,8391.069852941177,25843.0,18401060.0,4818414203466.045,205162.63402839925,30027.71480082592,0.4338235294117647,0.0012254901960784314,0.025735294117647058,0.3118872549019608,0.46629901960784315,0.35110294117647056,0.01715686274509804,0.0,0.3118872549019608,6771.7837009803925,12882.072303921568,1
2018-02-03 02:53:00,2018-02-03 02:54:00,CIC,1546,10154670.236093143,9814.006468305304,14225.0,1704672.0,4201724514358.1587,250211.70345517126,29798.082643457034,0.4003880983182406,0.004527813712807244,0.04398447606727038,0.3318240620957309,0.46377749029754206,0.38809831824062097,0.03622250970245795,0.0,0.3318240620957309,7604.282018111255,13792.559508408796,1
2018-02-03 02:54:00,2018-02-03 02:55:00,CIC,1697,6720078.945197407,8125.177371832646,19714.0,10211184.0,5740702946187.1455,155339.52631956278,27424.57629894192,0.4354743665291691,0.0017678255745433118,0.038892162639952856,0.3182086034177961,0.48556275780789626,0.33470830878020036,0.014142604596346494,0.0,0.3182086034177961,6974.649381261049,14144.918680023571,1
2018-02-03 02:55:00,2018-02-03 02:56:00,CIC,2369,10446401.96496412,5096.298860278598,25965.0,7086770.0,6302264200063.391,171889.9646406441,8336.371549420588,0.48290417897847193,0.002110595187842972,0.016884761502743775,0.23554242296327565,0.5040101308569016,0.3051920641620937,0.003799071338117349,0.0,0.23554242296327565,6295.989447024061,10178.390882228789,1
2018-02-03 02:56:00,2018-02-03 02:57:00,CIC,2741,12808273.4855892,6271.799708135717,34227.0,16313898.0,8094171172681.239,292643.7148680002,16324.15799375804,0.5118569865012769,0.003283473184968989,0.01897117840204305,0.209047792776359,0.45749726377234584,0.2659613279824881,0.01568770521707406,0.0,0.209047792776359,5935.736957314849,9762.558920102152,1
2018-02-03 02:57:00,2018-02-03 02:58:00,CIC,1542,8795432.877431907,10102.806744487678,14027.0,1797992.0,5799525019921.169,123703.45301680177,16547.23879125842,0.4066147859922179,0.0,0.017509727626459144,0.3333333333333333,0.5006485084306096,0.3845654993514916,0.054474708171206226,0.0,0.3333333333333333,7391.57392996109,13821.206225680933,1
2018-02-03 02:58:00,2018-02-03 02:59:00,CIC,1639,7680666.716900549,12584.506406345332,17778.0,9625809.0,4719104323033.306,455134.4310392282,42053.4335659391,0.3428920073215375,0.005491153142159854,0.07077486272117145,0.3068944478340451,0.46186699206833437,0.45698596705308114,0.04270896888346553,0.0,0.3068944478340451,6983.652226967663,12610.651006711409,1
2018-02-03 02:59:00,2018-02-03 03:00:00,CIC,1373,8819381.019664967,9644.573197378004,12894.0,1374567.0,1696998873362.6716,201473.29672501705,30198.060504239995,0.3299344501092498,0.005098324836125273,0.04806991988346686,0.38528769118718137,0.5506190823015294,0.39038601602330664,0.019664967225054626,0.0,0.38528769118718137,7979.620538965768,17563.005098324837,1
2018-02-03 03:00:00,2018-02-03 03:01:00,CIC,2232,14316538.912634408,6715.097222222223,32094.0,16480219.0,11923322552396.531,216153.22299248417,13218.869797327538,0.5318100358422939,0.0017921146953405018,0.017921146953405017,0.23790322580645162,0.48700716845878134,0.24238351254480286,0.01478494623655914,0.0,0.23790322580645162,6614.6792114695345,12736.908154121864,1
2018-02-03 03:01:00,2018-02-03 03:02:00,CIC,1665,12564859.21081081,7663.933933933934,18066.0,3958371.0,8944910880120.512,59153.56510699539,8790.256577549908,0.4018018018018018,0.006006006006006006,0.018018018018018018,0.3219219219219219,0.5231231231231231,0.3009009009009009,0.015015015015015015,0.0,0.3219219219219219,8326.237237237237,16295.861861861862,1
2018-02-03 03:02:00,2018-02-03 03:03:00,CIC,1619,10634314.154416306,10200.644842495367,19237.0,9938460.0,9554454310697.814,35666.265034540025,10317.640366123544,0.3730697961704756,0.0006176652254478073,0.008029647930821495,0.3292155651636813,0.5206917850525016,0.355775169857937,0.032736256948733784,0.0,0.3292155651636813,7474.271772699197,15421.155651636813,1
2018-02-03 03:03:00,2018-02-03 03:04:00,CIC,2059,11268751.174842156,9352.78824672171,21619.0,4093459.0,8531864301447.173,223994.67600699686,24768.37226635555,0.46673142302088394,0.003885381253035454,0.045653229723166586,0.2656629431762992,0.4463331714424478,0.3254006799417193,0.033997085964060224,0.0,0.2656629431762992,6591.5925206410875,12306.739679456046,1
2018-02-03 03:04:00,2018-02-03 03:05:00,CIC,1756,10531405.128701594,8043.53986332574,21942.0,10808082.0,3195284239773.321,85202.10116047674,14198.671306678249,0.43337129840546695,0.0028473804100227792,0.018223234624145785,0.3365603644646925,0.5187927107061503,0.30751708428246016,0.01879271070615034,0.0,0.3365603644646925,7433.407744874715,16596.59965831435,1
2018-02-03 03:05:00,2018-02-03 03:06:00,CIC,1526,9092075.112712976,9249.84141546527,15257.0,1720917.0,5984371955990.249,36667.82519963136,13148.473810936493,0.3401048492791612,0.000655307994757536,0.02817824377457405,0.37418086500655307,0.5760157273918742,0.3577981651376147,0.01834862385321101,0.0,0.37418086500655307,8897.513106159895,20418.673656618612,1
2018-02-03 03:06:00,2018-02-03 03:07:00,CIC,1723,7165115.337202554,8439.852002321531,22891.0,12828498.0,2381263973897.9126,233567.6325751454,23016.51039343135,0.4045269878119559,0.006964596633778294,0.02379570516540917,0.343006384213581,0.5438189204875218,0.3505513639001741,0.016831108531630876,0.0,0.343006384213581,7646.508995937319,16421.684852002323,1
2018-02-03 03:07:00,2018-02-03 03:08:00,CIC,1771,13034153.804630153,6768.572557876906,21355.0,6335787.0,4916693703839.79,78350.41665181526,8925.472370225401,0.4579333709768492,0.0033879164313946925,0.023150762281197064,0.30434782608695654,0.5042348955392434,0.28063241106719367,0.00846979107848673,0.0,0.30434782608695654,7471.499153020892,14486.328627893845,1
2018-02-03 03:08:00,2018-02-03 03:09:00,CIC,1448,8261716.296270718,7326.08908839779,19189.0,10177804.0,2853652002428.292,164186.56657390215,10012.21854802931,0.4005524861878453,0.003453038674033149,0.016574585635359115,0.3825966850828729,0.5697513812154696,0.3080110497237569,0.004143646408839779,0.0,0.3825966850828729,7605.724447513812,18252.55317679558,1
2018-02-03 03:09:00,2018-02-03 03:10:00,CIC,2111,11547109.914258646,6851.634770251066,26475.0,8512738.0,8333005285602.842,130318.24097278652,9819.199931729467,0.5054476551397442,0.0004737091425864519,0.01752723827569872,0.26148744670772145,0.45902415916627193,0.27048792041686404,0.008526764566556135,0.0,0.26148744670772145,6424.0018948365705,12353.429180483183,1
2018-02-03 03:10:00,2018-02-03 03:11:00,CIC,1584,8655305.033459596,8158.517676767677,17821.0,9579593.0,4453993451374.765,263582.17528829374,22584.538999278546,0.4034090909090909,0.0025252525252525255,0.028409090909090908,0.30303030303030304,0.494949494949495,0.3869949494949495,0.025252525252525252,0.0,0.30303030303030304,6869.894570707071,12359.337121212122,1
2018-02-03 03:11:00,2018-02-03 03:12:00,CIC,1646,7652290.45200486,6738.105710814095,13907.0,1280651.0,3745411067511.8647,201337.03722316807,17410.966250437847,0.4198055893074119,0.001215066828675577,0.018833535844471446,0.28128797083839613,0.5151883353584447,0.42345078979343864,0.013365735115431349,0.0,0.28128797083839613,7431.976306196841,10912.323207776428,1
2018-02-03 03:12:00,2018-02-03 03:13:00,CIC,1250,8051399.292,9525.3712,16488.0,9308101.0,2872623709951.5776,97628.08067216446,17153.708362853875,0.3528,0.0048,0.04,0.3672,0.5216,0.3968,0.008,0.0,0.3672,8454.8144,13867.4432,1
2018-02-03 03:13:00,2018-02-03 03:14:00,CIC,1796,13547645.928173719,6527.403118040089,23706.0,10612221.0,8267993202181.391,128041.51751999512,9184.18057243984,0.5373051224944321,0.0005567928730512249,0.022271714922048998,0.2410913140311804,0.4209354120267261,0.2700445434298441,0.008908685968819599,0.0,0.2410913140311804,6330.260579064588,9079.473830734967,1
2018-02-03 03:14:00,2018-02-03 03:15:00,CIC,1686,11885019.021945434,7069.364768683274,25129.0,14094341.0,7332475453944.919,76353.08437626714,5900.414059583035,0.5225385527876631,0.0005931198102016608,0.01542111506524318,0.24970344009489917,0.4555160142348754,0.28825622775800713,0.013048635824436536,0.0,0.24970344009489917,6489.741992882562,9454.956109134046,1
2018-02-03 03:15:00,2018-02-03 03:16:00,CIC,1265,11553940.163636364,9056.573913043478,11780.0,1192581.0,8103667616372.925,136505.71245734268,11715.816546367369,0.3897233201581028,0.0015810276679841897,0.015019762845849802,0.324901185770751,0.5019762845849802,0.38023715415019765,0.023715415019762844,0.0,0.324901185770751,8162.874308300396,12679.837154150198,1
2018-02-03 03:16:00,2018-02-03 03:17:00,CIC,1890,10226011.975661376,8748.57671957672,31183.0,19563028.0,7886622744568.465,321454.76310928696,23445.569901907886,0.4544973544973545,0.007407407407407408,0.039153439153439155,0.22433862433862434,0.40793650793650793,0.3582010582010582,0.020105820105820106,0.0,0.22433862433862434,6083.765079365079,7695.663492063492,1
2018-02-03 03:17:00,2018-02-03 03:18:00,CIC,2057,12236099.577540107,7540.153135634419,30664.0,13639557.0,8685972693741.889,153311.61378263088,16082.3724022012,0.49538162372386974,0.002916869227029655,0.03354399611084103,0.21633446767136608,0.43509965969859016,0.3087019931939718,0.021876519202722412,0.0,0.21633446767136608,7073.858531842489,8802.95478852698,1
2018-02-03 03:18:00,2018-02-03 03:19:00,CIC,2176,13463316.6484375,7605.044117647059,32068.0,19664945.0,13075036460892.273,311100.5339949226,13348.964914408762,0.5739889705882353,0.001838235294117647,0.022518382352941176,0.20818014705882354,0.3952205882352941,0.28768382352941174,0.04411764705882353,0.0,0.20818014705882354,6371.998161764706,7889.180606617647,1
2018-02-03 03:19:00,2018-02-03 03:20:00,CIC,2319,13302295.492453644,8325.969814575248,30848.0,12063366.0,9946843933830.09,283816.7930946575,24605.109673568088,0.5252263906856404,0.0038809831824062097,0.031910306166451054,0.19103061664510565,0.3962915049590341,0.30444156964208713,0.028891763691246228,0.0,0.19103061664510565,5941.515739542906,7796.72100043122,1
2018-02-03 03:20:00,2018-02-03 03:21:00,CIC,1409,7680951.352732434,10380.52945351313,18387.0,9523982.0,6804437832737.28,463449.5004107945,22910.446172414573,0.3924769339957417,0.0021291696238466998,0.028388928317955996,0.32150461320085166,0.49041873669268987,0.4151880766501065,0.044712562100780694,0.0,0.32150461320085166,7601.183818310858,12830.10078069553,1
2018-02-03 03:21:00,2018-02-03 03:22:00,CIC,1876,11132967.274520256,9873.693496801705,25583.0,10916505.0,4570397661482.922,183762.89518136004,25803.49790141184,0.43816631130063965,0.006929637526652452,0.04904051172707889,0.24147121535181237,0.417910447761194,0.37899786780383793,0.03251599147121535,0.0,0.24147121535181237,6268.910447761194,9793.539445628998,1
2018-02-03 03:22:00,2018-02-03 03:23:00,CIC,1667,8685850.851829635,8521.557888422316,20771.0,9379456.0,6764497636572.663,97700.63323452351,19033.29379389918,0.40491901619676063,0.002999400119976005,0.04439112177564487,0.3251349730053989,0.4877024595080984,0.35692861427714456,0.01739652069586083,0.0,0.3251349730053989,6991.0833833233355,13310.332333533293,1
2018-02-03 03:23:00,2018-02-03 03:24:00,CIC,1342,8960476.91505216,9406.352459016394,13141.0,1996315.0,5215670523450.736,43293.70904960104,6236.319440220348,0.37332339791356184,0.0014903129657228018,0.020864381520119227,0.35469448584202684,0.5342771982116244,0.37257824143070045,0.026825633383010434,0.0,0.35469448584202684,8983.027570789865,15333.696721311475,1
2018-02-03 03:24:00,2018-02-03 03:25:00,CIC,1314,10821640.270928463,7723.8797564687975,11634.0,2852473.0,6439242207367.516,99924.41920759258,4196.161382005709,0.3828006088280061,0.0,0.0091324200913242,0.3797564687975647,0.5449010654490106,0.3287671232876712,0.00837138508371385,0.0,0.3797564687975647,8832.983257229833,15683.2800608828,1
2018-02-03 03:25:00,2018-02-03 03:26:00,CIC,2076,14720913.483140655,6974.71387283237,32533.0,18291532.0,7999427185187.102,109876.88389028813,7723.019379235844,0.5255298651252408,0.0019267822736030828,0.024084778420038536,0.22013487475915222,0.45664739884393063,0.27360308285163776,0.015895953757225433,0.0,0.22013487475915222,7076.504335260116,9296.088631984585,1
2018-02-03 03:26:00,2018-02-03 03:27:00,CIC,1939,5233081.470861268,5950.858174316658,13014.0,1372446.0,410218115634.7114,157235.9499828521,8584.163092076524,0.38267148014440433,0.0,0.0,0.26456936565239814,0.555440948942754,0.42083548220732336,0.013408973697782363,0.0,0.26456936565239814,7466.2145435791645,11153.40536358948,1
2018-02-03 03:27:00,2018-02-03 03:28:00,CIC,2222,13464750.201620162,8455.805130513052,21831.0,4447156.0,8851444484885.68,246198.49805729548,16901.93246541804,0.49684968496849685,0.004500450045004501,0.023402340234023402,0.21917191719171916,0.4365436543654365,0.3154815481548155,0.0288028802880288,0.0,0.21917191719171916,6378.65706570657,9630.691269126914,1
2018-02-03 03:28:00,2018-02-03 03:29:00,CIC,1805,12044656.298614958,9072.522991689752,16160.0,2728487.0,6564660071038.149,153644.50502623257,21012.20109027097,0.43601108033241,0.004986149584487534,0.05263157894736842,0.2930747922437673,0.47534626038781164,0.3335180055401662,0.026592797783933517,0.0,0.2930747922437673,7386.88864265928,12883.775623268699,1
2018-02-03 03:29:00,2018-02-03 03:30:00,CIC,1802,12020357.062153162,8718.013873473918,23248.0,7940633.0,7892151058434.482,361627.97711401095,16247.015044874011,0.4694783573806881,0.002774694783573807,0.02774694783573807,0.2902330743618202,0.4728079911209767,0.33684794672586016,0.04716981132075472,0.0,0.2902330743618202,7623.9367369589345,13129.22807991121,1
2018-02-03 03:30:00,2018-02-03 03:31:00,CIC,2422,12366345.265483072,8655.759289843105,21773.0,4318785.0,6166109491619.983,364344.8345799909,32087.09304948232,0.48678777869529316,0.007844756399669695,0.03963666391412056,0.2258464079273328,0.43641618497109824,0.3187448389760528,0.03468208092485549,0.0,0.2258464079273328,6958.156482246078,11328.10156895128,1
2018-02-03 03:31:00,2018-02-03 03:32:00,CIC,3592,7770930.1929287305,8289.206291759465,33076.0,7410061.0,4836888314968.573,106304.94417769549,12993.326203209645,0.6010579064587973,0.0013919821826280624,0.02032293986636971,0.38001113585746105,0.48747216035634744,0.39448775055679286,0.015033407572383074,0.0,0.38001113585746105,6439.994153674833,7660.711302895323,1
2018-02-03 03:32:00,2018-02-03 03:33:00,CIC,3533,5485223.3382394565,9119.70563260685,23574.0,2570799.0,3957417555932.0034,130785.49125534255,15692.36364017957,0.6003396546844042,0.002547410133031418,0.019813189923577695,0.3996603453155958,0.49363147466742147,0.43730540617039343,0.015567506368525332,0.0,0.3996603453155958,6605.318426266629,7526.94140956694,1
2018-02-03 03:33:00,2018-02-03 03:34:00,CIC,3769,6871610.773149377,8710.444414964182,32094.0,5771585.0,3377547959577.614,94420.22862683974,9393.810791985657,0.5988325815866278,0.0013266118333775537,0.013531440700451048,0.3815335632793844,0.4911117007163704,0.4016980631467233,0.027062881400902097,0.0,0.3815335632793844,6438.078270098169,8138.317060228177,1
2018-02-03 03:34:00,2018-02-03 03:35:00,CIC,3133,4259006.582189594,8773.069581870412,20598.0,1837687.0,3177260879131.0107,47382.71158001339,10106.857029735775,0.5480370252154485,0.0006383657835939994,0.012767315671879987,0.4605809128630705,0.5320778806255985,0.45164379189275455,0.012767315671879987,0.0,0.4605809128630705,6840.751994893074,8943.394829237153,1
2018-02-03 03:35:00,2018-02-03 03:36:00,CIC,4031,9060373.794095758,7771.751922599851,45555.0,15765756.0,4801883508482.93,154744.73274169173,11816.46026870745,0.6060530885636318,0.0017365418010419251,0.01885388241131233,0.3607045398164227,0.4768047630860829,0.36988340362193006,0.015132721409079633,0.0,0.3607045398164227,6272.131729099479,7728.864797816919,1
2018-02-03 03:36:00,2018-02-03 03:37:00,CIC,4391,8390136.11204737,7156.3764518332955,35811.0,6454128.0,8003006145453.306,127015.74679894946,12272.884046738682,0.6183101799134594,0.0006832156684126623,0.013664313368253245,0.33500341607834205,0.4755181052152129,0.3543611933500342,0.013664313368253245,0.0,0.33500341607834205,6019.09018446823,7402.137098610795,1
2018-02-03 03:37:00,2018-02-03 03:38:00,CIC,3845,6713665.567490247,8188.707932379714,32160.0,5849167.0,3628499649586.6753,73404.67521089915,6612.006668409608,0.6028608582574773,0.0015604681404421327,0.011703511053315995,0.3716514954486346,0.47698309492847857,0.4,0.01846553966189857,0.0,0.3716514954486346,6578.454616384915,7747.31833550065,1
2018-02-03 03:38:00,2018-02-03 03:39:00,CIC,3958,7597214.033350177,9171.186205154117,29453.0,4328992.0,3355179422497.1064,116054.09921067594,14906.458506318442,0.596766043456291,0.003284487114704396,0.029055078322385044,0.35977766548762,0.4615967660434563,0.42193026781202625,0.027539161192521474,0.0,0.35977766548762,6511.464123294593,7507.812278928752,1
2018-02-03 03:39:00,2018-02-03 03:40:00,CIC,3742,6051046.844468199,8717.592731159808,30645.0,5276041.0,4209345505210.8086,96049.41155822006,10180.11916918175,0.5403527525387494,0.0010689470871191875,0.022715125601282738,0.3824158204168894,0.5042757883484768,0.40860502405130944,0.022180652057723144,0.0,0.3824158204168894,6739.24478888295,8145.0106894708715,1
2018-02-03 03:40:00,2018-02-03 03:41:00,CIC,4333,8455494.939995384,7898.680129240711,39033.0,12535511.0,5680863112155.431,172152.38097647642,13895.136949065465,0.5529656127394414,0.00046157396722824835,0.02146318947611355,0.3339487652896377,0.45326563581813983,0.356796676667436,0.016847449803831065,0.0,0.3339487652896377,5912.423263327948,7304.9111470113085,1
2018-02-03 03:41:00,2018-02-03 03:42:00,CIC,4599,8148708.055664275,7098.782343987824,36527.0,7057136.0,5147492014404.127,100178.13848497342,10220.475628332442,0.5290280495759948,0.0010871928680147858,0.016960208741030658,0.3141987388562731,0.4633616003479017,0.37725592520113066,0.011524244400956729,0.0,0.3141987388562731,6103.652750597956,6639.06218743205,1
2018-02-03 03:42:00,2018-02-03 03:43:00,CIC,3943,4855393.791022064,8446.423281765154,25887.0,2914102.0,2561834749863.783,114229.88596082853,11732.755401505001,0.498351509003297,0.001521683996956632,0.01141262997717474,0.3641897032716206,0.4844027390311945,0.4151661171696678,0.022064417955871163,0.0,0.3641897032716206,6710.491757545016,8225.053258939894,1
2018-02-03 03:43:00,2018-02-03 03:44:00,CIC,4099,6990572.570870944,9890.184191266162,31775.0,4987078.0,5749013622811.699,170076.9035708936,20752.176972151763,0.4754818248353257,0.005855086606489388,0.03464259575506221,0.35594047328616735,0.455720907538424,0.41497926323493534,0.012442059038789949,0.0,0.35594047328616735,6254.3300805074405,7907.768968040986,1
2018-02-03 03:44:00,2018-02-03 03:45:00,CIC,3548,5963184.45011274,10595.495208568207,24597.0,3178344.0,4854929608004.219,75316.05691647569,10169.540778459575,0.4224915445321308,0.0008455467869222097,0.012401352874859075,0.41516347237880497,0.5014092446448704,0.4041713641488162,0.010992108229988726,0.0,0.41516347237880497,6706.128241262683,9038.640924464487,1
2018-02-03 03:45:00,2018-02-03 03:46:00,CIC,4092,7966757.854838709,10897.203812316715,37011.0,9238196.0,5486089991020.239,99625.92377187125,10505.648911255135,0.45039100684261973,0.003421309872922776,0.02346041055718475,0.3655913978494624,0.4596774193548387,0.3704789833822092,0.010752688172043012,0.0,0.3655913978494624,6018.489491691104,7443.929863147605,1
2018-02-03 03:46:00,2018-02-03 03:47:00,CIC,3567,5525197.696383515,11594.721895149985,23821.0,3201194.0,4296718509142.16,56790.695761284296,6632.402267194864,0.3723016540510233,0.0002803476310625175,0.007008690776562938,0.41519484160358844,0.5063078216989066,0.4095878889823381,0.009812167087188113,0.0,0.41519484160358844,7137.3347350714885,8424.796747967479,1
2018-02-03 03:47:00,2018-02-03 03:48:00,CIC,3391,6286989.800353878,12699.76437629018,24544.0,2449385.0,5403730240480.811,57485.318997097485,12100.709882566933,0.34473606605721024,0.0011795930404010617,0.01415511648481274,0.43674432320849305,0.5143025656148629,0.4278973754054851,0.009141846063108227,0.0,0.43674432320849305,6963.7174874668235,9034.88351518726,1
2018-02-03 03:48:00,2018-02-03 03:49:00,CIC,3776,6191550.115201271,12699.20127118644,25953.0,3128223.0,3945651457280.5786,134657.59469521206,18274.29207592144,0.3840042372881356,0.003707627118644068,0.020921610169491525,0.4054555084745763,0.4880826271186441,0.4046610169491525,0.018008474576271187,0.0,0.4054555084745763,6640.094809322034,8822.092955508475,1
2018-02-03 03:49:00,2018-02-03 03:50:00,CIC,4251,9831864.378263937,11227.374735356387,37401.0,6896798.0,6223967818286.701,43644.02495391066,5685.447899231826,0.4151964243707363,0.0004704775346977182,0.010820983298047518,0.3577981651376147,0.48176899553046343,0.3370971536109151,0.008468595624558928,0.0,0.3577981651376147,6322.913432133616,8412.591625499883,1
2018-02-03 03:50:00,2018-02-03 03:51:00,CIC,3985,6887628.38795483,13668.930489335005,38173.0,13902311.0,4692842171082.377,93417.78998928754,8177.5661604044235,0.37716436637390216,0.00150564617314931,0.010037641154328732,0.3711417816813049,0.479297365119197,0.3713927227101631,0.014303638644918444,0.0,0.3711417816813049,6271.0238393977415,8001.825345043914,1
2018-02-03 03:51:00,2018-02-03 03:52:00,CIC,3731,4686547.138568749,14639.41945859019,35548.0,14454462.0,2734234526740.675,112200.71386107129,11593.37297717738,0.38434735995711605,0.001876172607879925,0.016349504154382202,0.3808630393996248,0.46823907799517556,0.3985526668453498,0.016081479496113642,0.0,0.3808630393996248,6526.720986330743,7612.911283838113,1
2018-02-03 03:52:00,2018-02-03 03:53:00,CIC,3272,6554482.907090465,17289.2402200489,23418.0,3111237.0,3712537016358.286,99736.54135221377,7929.0937041401885,0.2438875305623472,0.0012224938875305623,0.010085574572127139,0.4367359413202934,0.5302567237163814,0.41136919315403425,0.003973105134474328,0.0,0.4367359413202934,6813.089853300734,8222.158312958436,1
2018-02-03 03:53:00,2018-02-03 03:54:00,CIC,2601,6050901.945405614,17830.610918877355,23653.0,2816493.0,2567038384757.52,23588.491467400447,3978.9375706161823,0.20915032679738563,0.0,0.005382545174932718,0.46943483275663206,0.5544021530180699,0.39946174548250674,0.008842752787389465,0.0,0.46943483275663206,8216.28950403691,11995.435217224145,1
2018-02-03 03:54:00,2018-02-03 03:55:00,CIC,1355,17403186.16605166,9568.2147601476,17166.0,4465034.0,11716255388474.73,236288.9652838037,25170.247109594082,0.3948339483394834,0.002952029520295203,0.03616236162361624,0.26642066420664207,0.5107011070110701,0.23542435424354244,0.020664206642066422,0.0,0.26642066420664207,9283.771955719558,18073.560147601474,0
2018-02-03 03:55:00,2018-02-03 03:56:00,CIC,878,19062760.882687926,9410.217539863326,15571.0,2476740.0,10018994696085.559,160765.17118059142,10182.368800633072,0.19362186788154898,0.0011389521640091116,0.022779043280182234,0.3678815489749431,0.5876993166287016,0.2744874715261959,0.03189066059225513,0.0,0.3678815489749431,13670.700455580865,28465.067198177676,0
2018-02-03 03:56:00,2018-02-03 03:57:00,CIC,1056,13384619.580492424,8135.815340909091,11223.0,2013295.0,4751810087724.688,99741.91870839176,7840.950225623967,0.2765151515151515,0.0,0.013257575757575758,0.3143939393939394,0.5795454545454546,0.3399621212121212,0.03598484848484849,0.0,0.3143939393939394,12004.588068181818,24369.61268939394,0
2018-02-03 03:57:00,2018-02-03 03:58:00,CIC,1766,12664311.447338618,6643.69818799547,20472.0,4015735.0,7529594354137.964,218784.2170368187,17602.053530399648,0.35900339750849375,0.0011325028312570782,0.03227633069082673,0.21064552661381652,0.5328425821064553,0.34031710079275196,0.01812004530011325,0.0,0.21064552661381652,9064.696489241223,15910.390147225367,0
2018-02-03 03:58:00,2018-02-03 03:59:00,CIC,1668,19919468.52697842,6560.073741007194,31603.0,17498660.0,7528362618147.27,209365.1551619546,13738.847097020844,0.486810551558753,0.005995203836930456,0.013189448441247002,0.26798561151079137,0.4922062350119904,0.17266187050359713,0.012589928057553957,0.0,0.26798561151079137,9172.608513189449,19731.192446043166,0
2018-02-03 03:59:00,2018-02-03 04:00:00,CIC,1722,18902655.81416957,8101.159698025552,22264.0,7096533.0,11813963894445.799,203106.11530229347,20006.18368749447,0.4523809523809524,0.008130081300813009,0.03484320557491289,0.21254355400696864,0.46631823461091754,0.22125435540069685,0.01916376306620209,0.0,0.21254355400696864,8989.758420441347,17071.81068524971,0
2018-02-03 04:00:00,2018-02-03 04:01:00,CIC,1199,17998816.40700584,11585.48874061718,12611.0,2008412.0,12508471024343.492,201479.36379093886,28075.044594662653,0.3244370308590492,0.0025020850708924102,0.02418682235195997,0.27606338615512926,0.5029190992493745,0.3094245204336947,0.06505421184320268,0.0,0.27606338615512926,11526.517097581318,23069.314428690577,0
2018-02-03 04:01:00,2018-02-03 04:02:00,CIC,1142,16100599.22329247,14300.412434325744,10780.0,1439125.0,12420162120844.219,393943.7104544221,55789.11213530554,0.212784588441331,0.009632224168126095,0.08844133099824869,0.3178633975481611,0.4921190893169877,0.4089316987740806,0.06217162872154115,0.0,0.3178633975481611,11094.526269702277,25415.867775831874,0
2018-02-03 04:02:00,2018-02-03 04:03:00,CIC,1295,18282833.58764479,8796.987644787645,13625.0,2413912.0,14469880564200.041,193481.48712776398,21003.990913106954,0.3598455598455598,0.0023166023166023165,0.03397683397683398,0.25328185328185326,0.4942084942084942,0.24092664092664093,0.022393822393822392,0.0,0.25328185328185326,10311.767567567567,20454.098069498068,0
2018-02-03 04:03:00,2018-02-03 04:04:00,CIC,1288,16991226.61801242,9257.884316770187,14007.0,3352162.0,7563971645895.43,60869.709702872504,14417.713522918195,0.3672360248447205,0.003105590062111801,0.02096273291925466,0.281055900621118,0.4767080745341615,0.2406832298136646,0.04114906832298137,0.0,0.281055900621118,9907.729813664597,21501.07841614907,0
2018-02-03 04:04:00,2018-02-03 04:05:00,CIC,1034,20617382.369439073,8870.845261121856,14072.0,3721803.0,7604392745748.452,217200.17030462538,12435.373082262658,0.29593810444874274,0.0009671179883945841,0.022243713733075435,0.31334622823984526,0.5773694390715667,0.24854932301740812,0.024177949709864602,0.0,0.31334622823984526,12224.738878143133,25717.599613152805,0
2018-02-03 04:05:00,2018-02-03 04:06:00,CIC,1059,16840043.925401323,9822.685552407933,11710.0,2324146.0,3900987986553.7725,162672.88128597825,29737.22083532157,0.3295561850802644,0.010387157695939566,0.03871576959395656,0.29933899905571293,0.5316336166194523,0.29084041548630785,0.02644003777148253,0.0,0.29933899905571293,12540.143531633617,24895.524079320112,0
2018-02-03 04:06:00,2018-02-03 04:07:00,CIC,1481,16043760.76772451,7079.453072248481,14889.0,3091500.0,10029960334949.139,224569.90244617034,12671.284807868327,0.4091829844699527,0.002025658338960162,0.02363268062120189,0.24240378122889938,0.474679270762998,0.26536124240378123,0.02228224172856178,0.0,0.24240378122889938,9136.486158001351,18190.571235651587,0
2018-02-03 04:07:00,2018-02-03 04:08:00,CIC,1281,16807298.493364558,8032.383294301327,13096.0,2421270.0,8533946480296.321,70286.44560135959,10931.33250203035,0.39344262295081966,0.00156128024980484,0.02654176424668228,0.24434035909445745,0.4785323965651834,0.258391881342701,0.02263856362217018,0.0,0.24434035909445745,10864.470725995316,20440.146760343483,0
2018-02-03 04:08:00,2018-02-03 04:09:00,CIC,1079,16792536.356811862,9694.91844300278,11412.0,1803398.0,7926643746155.552,172079.6793695282,21360.45011523092,0.3049119555143652,0.0027803521779425394,0.030583873957367932,0.32252085264133457,0.5338276181649676,0.2632066728452271,0.025023169601482854,0.0,0.32252085264133457,11444.012048192772,24528.519925857276,0
2018-02-03 04:09:00,2018-02-03 04:10:00,CIC,937,18904788.097118463,10373.98719316969,9313.0,1230354.0,2448837322416.099,521447.58714962145,34170.417344737245,0.20597652081109924,0.005336179295624333,0.04589114194236926,0.29882604055496265,0.5538954108858057,0.3223052294557097,0.023479188900747065,0.0,0.29882604055496265,13166.995731056564,25614.528281750267,0
2018-02-03 04:10:00,2018-02-03 04:11:00,CIC,1125,16742248.242666667,9556.733333333334,12647.0,2404373.0,5637782751866.207,343257.1642289998,31112.086949795405,0.2986666666666667,0.0044444444444444444,0.03911111111111111,0.26844444444444443,0.5288888888888889,0.27644444444444444,0.018666666666666668,0.0,0.26844444444444443,11510.243555555555,22845.210666666666,0
2018-02-03 04:11:00,2018-02-03 04:12:00,CIC,1019,17534895.191364083,9205.015701668302,11008.0,1921237.0,10480823648813.018,39909.92710691894,11082.455447980878,0.30225711481844947,0.001962708537782139,0.02747791952894995,0.3297350343473994,0.5407262021589794,0.2875368007850834,0.021589793915603533,0.0,0.3297350343473994,13285.808635917567,23754.63002944063,0
2018-02-03 04:12:00,2018-02-03 04:13:00,CIC,1951,14292075.818554588,5546.559200410046,28301.0,14294326.0,6425676461777.418,289009.4595925424,16172.489572677337,0.46437724243977446,0.0046130189646335215,0.018452075858534086,0.13121476166068682,0.45258841619682216,0.3034341363403383,0.010763710917478216,0.0,0.13121476166068682,7697.748846745259,10524.528959507945,0
2018-02-03 04:13:00,2018-02-03 04:14:00,CIC,1373,16320713.587035688,8171.9796067006555,13032.0,2106335.0,10558663631755.297,403725.65312383097,20040.7804765035,0.4457392571012382,0.003641660597232338,0.028404952658412235,0.19519300801165332,0.43699927166788055,0.2425345957756737,0.021849963583394028,0.0,0.19519300801165332,9372.150764748725,16233.335761107064,0
2018-02-03 04:14:00,2018-02-03 04:15:00,CIC,1155,19244219.116017316,10655.524675324676,11959.0,2400166.0,7990282784850.652,135331.40041508904,22547.727224723036,0.38614718614718613,0.005194805194805195,0.03982683982683983,0.2649350649350649,0.45454545454545453,0.3194805194805195,0.050216450216450215,0.0,0.2649350649350649,11397.439826839827,18177.72813852814,0
2018-02-03 04:15:00,2018-02-03 04:16:00,CIC,1379,20112508.144307468,8671.54604786077,24295.0,15128413.0,7785386779461.372,317637.16682481125,33217.16925263196,0.4467005076142132,0.010877447425670777,0.044960116026105876,0.17766497461928935,0.41551849166062366,0.2697606961566352,0.02102973168963017,0.0,0.17766497461928935,9629.297316896302,15366.585931834663,0
2018-02-03 04:16:00,2018-02-03 04:17:00,CIC,1534,14402017.829856584,8916.632985658409,18263.0,5860258.0,7132572557265.709,204412.94254336914,30702.28936559024,0.3833116036505867,0.010430247718383311,0.038461538461538464,0.17992177314211213,0.4485006518904824,0.29595827900912647,0.031942633637548894,0.0,0.17992177314211213,9649.050847457627,16826.827900912645,0
2018-02-03 04:17:00,2018-02-03 04:18:00,CIC,1148,18403641.478222996,10735.559233449478,11941.0,2288644.0,10483222008335.502,73820.60633481288,20293.201992521503,0.34668989547038326,0.002613240418118467,0.024390243902439025,0.23954703832752614,0.4921602787456446,0.304006968641115,0.040940766550522645,0.0,0.23954703832752614,11964.68031358885,19782.038327526134,0
2018-02-03 04:18:00,2018-02-03 04:19:00,CIC,916,19561954.66703057,13552.74017467249,9020.0,1331605.0,5957014023974.633,118172.14024197136,28518.24337381876,0.25,0.006550218340611353,0.05021834061135371,0.2521834061135371,0.49344978165938863,0.38209606986899564,0.05349344978165939,0.0,0.2521834061135371,13896.882096069869,22347.879912663757,0
2018-02-03 04:19:00,2018-02-03 04:20:00,CIC,1160,16647065.328448275,8445.391379310346,13703.0,4220680.0,9218511894244.354,142843.44701049308,30251.43169510941,0.4267241379310345,0.008620689655172414,0.03620689655172414,0.22586206896551725,0.4689655172413793,0.2853448275862069,0.020689655172413793,0.0,0.22586206896551725,10969.425862068965,18142.71120689655,0
2018-02-03 04:20:00,2018-02-03 04:21:00,CIC,776,22475163.48840206,10019.828608247422,8639.0,1287775.0,3630643725150.087,142559.45822108886,12113.363538088053,0.1791237113402062,0.001288659793814433,0.02577319587628866,0.35309278350515466,0.6005154639175257,0.2963917525773196,0.020618556701030927,0.0,0.35309278350515466,15161.423969072164,28987.909793814433,0
2018-02-03 04:21:00,2018-02-03 04:22:00,CIC,1552,22580440.280283507,7482.799613402062,22916.0,7863981.0,10642172251496.121,143332.59307375608,12002.332652865565,0.4948453608247423,0.001288659793814433,0.030283505154639175,0.16494845360824742,0.49226804123711343,0.18556701030927836,0.008376288659793814,0.0,0.16494845360824742,9506.452319587628,16387.078608247422,0
2018-02-03 04:22:00,2018-02-03 04:23:00,CIC,1074,18194135.633147113,8552.85009310987,22506.0,11595632.0,7290774801306.4795,166726.90778747285,9176.837392845606,0.3435754189944134,0.00931098696461825,0.017690875232774673,0.2616387337057728,0.542830540037244,0.2383612662942272,0.01303538175046555,0.0,0.2616387337057728,11794.234636871508,24144.680633147113,0
2018-02-03 04:23:00,2018-02-03 04:24:00,CIC,934,20569008.268736616,12324.811563169165,10786.0,1446994.0,9207442689506.791,34956.96686604623,10745.338454095778,0.19593147751605997,0.0010706638115631692,0.014989293361884369,0.3426124197002141,0.5642398286937902,0.3351177730192719,0.042826552462526764,0.0,0.3426124197002141,14815.435760171305,29715.01391862955,0
2018-02-03 04:24:00,2018-02-03 04:25:00,CIC,1367,16596159.906364301,10088.588149231895,21443.0,9168559.0,6915648708289.757,241398.1778338219,32011.10271323709,0.401609363569861,0.005852231163130944,0.06949524506217995,0.20263350402340893,0.4264813460131675,0.3130943672275055,0.02487198244330651,0.0,0.20263350402340893,9689.387710314557,16449.191660570592,0
2018-02-03 04:25:00,2018-02-03 04:26:00,CIC,1159,18914567.686798964,9942.521138912856,13897.0,2569914.0,5768690561000.042,165650.35620522927,21347.355969031916,0.30543572044866263,0.003451251078515962,0.0457290767903365,0.3097497842968076,0.5245901639344263,0.28386540120793785,0.01984469370146678,0.0,0.3097497842968076,12421.396893874029,21996.434857635893,0
2018-02-03 04:26:00,2018-02-03 04:27:00,CIC,940,19649576.071276594,9696.593617021277,8700.0,1201286.0,9157018987134.492,181056.45314785486,14938.409689399197,0.27872340425531916,0.002127659574468085,0.030851063829787233,0.2680851063829787,0.524468085106383,0.3574468085106383,0.02553191489361702,0.0,0.2680851063829787,12546.851063829787,21890.975531914894,0
2018-02-03 04:27:00,2018-02-03 04:28:00,CIC,1974,15597698.915906789,6942.101317122594,21956.0,4910620.0,7216074774046.888,204692.2929974005,15775.189883112569,0.4908814589665654,0.004559270516717325,0.028875379939209727,0.1778115501519757,0.44680851063829785,0.2695035460992908,0.022289766970618033,0.0,0.1778115501519757,8039.632725430598,13293.160081053698,0
2018-02-03 04:28:00,2018-02-03 04:29:00,CIC,1297,11855447.694680031,8240.164225134928,11836.0,1808730.0,530599933086.0851,136019.07418412188,19530.676351981056,0.28681572860447185,0.002313030069390902,0.017733230531996914,0.29760986892829605,0.5705474171164225,0.3353893600616808,0.016962220508866616,0.0,0.29760986892829605,11131.144178874325,21761.077872012334,0
2018-02-03 04:29:00,2018-02-03 04:30:00,CIC,1202,18659100.404326122,10680.537437603993,13167.0,1842346.0,7990696338841.553,198566.19963144822,22119.033238324817,0.3502495840266223,0.0024958402662229617,0.025790349417637273,0.2612312811980033,0.502495840266223,0.29201331114808654,0.03993344425956739,0.0,0.2612312811980033,11557.674708818635,22125.53660565724,0
2018-02-03 04:30:00,2018-02-03 04:31:00,CIC,1639,16164019.239780353,8503.03355704698,18930.0,5313688.0,10431165667971.445,155648.09288932255,24661.72361385199,0.42892007321537523,0.006101281269066504,0.050030506406345335,0.23672971323978034,0.46918852959121415,0.2336790726052471,0.018913971934106162,0.0,0.23672971323978034,9202.976815131178,17706.312995729102,0
2018-02-03 04:31:00,2018-02-03 04:32:00,CIC,1284,19559952.488317758,8595.696261682244,14349.0,2386388.0,12653999811498.22,248371.53200118113,14985.822558600781,0.3987538940809969,0.002336448598130841,0.017133956386292833,0.24922118380062305,0.48753894080996885,0.235202492211838,0.027258566978193146,0.0,0.24922118380062305,10512.669781931465,19556.639408099687,0
2018-02-03 04:32:00,2018-02-03 04:33:00,CIC,1235,18207250.94574899,9931.831578947369,16517.0,5002811.0,11428139226926.621,37824.36626893166,15347.266014785459,0.28097165991902834,0.0,0.02186234817813765,0.35060728744939273,0.5635627530364372,0.2639676113360324,0.03805668016194332,0.0,0.35060728744939273,11740.413765182186,26272.747368421053,0
2018-02-03 04:33:00,2018-02-03 04:34:00,CIC,1249,15328476.745396318,10750.728582866293,13578.0,2077547.0,4421594668065.225,102503.08499079163,20848.094813652297,0.3266613290632506,0.0008006405124099279,0.03923138510808647,0.33466773418734985,0.5116092874299439,0.3018414731785428,0.053642914331465175,0.0,0.33466773418734985,10927.06325060048,25088.564451561248,0
2018-02-03 04:34:00,2018-02-03 04:35:00,CIC,1453,15920134.695801789,8750.274604267033,14780.0,2436361.0,7056596505610.504,149508.07684228127,16694.2252139124,0.33035099793530626,0.0013764624913971094,0.051617343427391604,0.27391603578802476,0.5092911218169305,0.25258086717136957,0.022711631108052306,0.0,0.27391603578802476,10517.260151410874,23754.437715072265,0
2018-02-03 04:35:00,2018-02-03 04:36:00,CIC,1046,18432616.517208412,9169.31931166348,12621.0,2539698.0,4441526636993.137,52673.362869517245,13019.023197317614,0.28776290630975143,0.0009560229445506692,0.01338432122370937,0.3403441682600382,0.5736137667304015,0.2609942638623327,0.027724665391969407,0.0,0.3403441682600382,12417.168260038241,26982.029636711282,0
2018-02-03 04:36:00,2018-02-03 04:37:00,CIC,1163,15302806.889939811,8352.766122098023,12039.0,2060156.0,4325318988216.2246,122770.95456645975,14623.34912908744,0.32674118658641443,0.0017196904557179708,0.021496130696474634,0.2992261392949269,0.5520206362854686,0.292347377472055,0.02407566638005159,0.0,0.2992261392949269,11559.668099742046,23693.26569217541,0
2018-02-03 04:37:00,2018-02-03 04:38:00,CIC,1289,17751855.682699766,8279.615205585726,14468.0,3151204.0,7230601268897.586,232731.2417539563,14798.61529032623,0.33902249806051205,0.0031031807602792862,0.019394879751745538,0.30256012412723043,0.5321955003878976,0.24282389449185415,0.02094647013188518,0.0,0.30256012412723043,10974.126454615982,24448.951124903026,0
2018-02-03 04:38:00,2018-02-03 04:39:00,CIC,892,18579922.751121078,9375.902466367714,10351.0,1548449.0,2084151415680.8245,22807.207291665178,5450.905754139059,0.15358744394618834,0.0011210762331838565,0.013452914798206279,0.413677130044843,0.6434977578475336,0.27466367713004486,0.01569506726457399,0.0,0.413677130044843,15051.26793721973,34262.67264573991,0
2018-02-03 04:39:00,2018-02-03 04:40:00,CIC,983,17112746.125127163,10113.826042726349,10252.0,1497955.0,2024945418466.885,64746.56486028568,18270.84250760628,0.23296032553407936,0.00508646998982706,0.0254323499491353,0.3275686673448627,0.572736520854527,0.2960325534079349,0.011190233977619531,0.0,0.3275686673448627,14661.223804679552,27862.8504577823,0
2018-02-03 04:40:00,2018-02-03 04:41:00,CIC,1240,19165550.543548387,8805.798387096775,12880.0,1963481.0,8472789499355.428,43970.64437131885,18292.995603809355,0.2862903225806452,0.0032258064516129032,0.02338709677419355,0.2854838709677419,0.5362903225806451,0.24919354838709679,0.007258064516129033,0.0,0.2854838709677419,12851.375,24208.816935483872,0
2018-02-03 04:41:00,2018-02-03 04:42:00,CIC,831,18640341.55475331,9201.57761732852,9676.0,1402113.0,1048757362665.1779,23620.302622529565,2852.1718413321864,0.17328519855595667,0.0,0.0048134777376654635,0.42839951865222625,0.6582430806257521,0.26594464500601683,0.010830324909747292,0.0,0.42839951865222625,16644.589651022863,33198.84235860409,0
2018-02-03 04:42:00,2018-02-03 04:43:00,CIC,899,19009751.171301447,9518.234705228031,10206.0,1470591.0,3728006780512.5796,29159.732690970166,8670.87516085067,0.16796440489432704,0.0,0.002224694104560623,0.42046718576195774,0.628476084538376,0.27363737486095663,0.01557285873192436,0.0,0.42046718576195774,14672.427141268076,31762.450500556173,0
2018-02-03 04:43:00,2018-02-03 04:44:00,CIC,2208,15554894.355525363,5074.98731884058,28675.0,11461018.0,9558676423967.254,203287.01206317532,12537.111267960403,0.4479166666666667,0.0018115942028985507,0.019021739130434784,0.1598731884057971,0.4832427536231884,0.27355072463768115,0.006793478260869565,0.0,0.1598731884057971,8467.50634057971,13332.114583333334,0
2018-02-03 04:44:00,2018-02-03 04:45:00,CIC,1298,18264858.807395995,7988.342064714946,16753.0,4783042.0,11580258693932.66,168366.88594482042,13343.195951566002,0.3852080123266564,0.0007704160246533128,0.007704160246533128,0.28659476117103233,0.5261941448382126,0.24191063174114022,0.023112480739599383,0.0,0.28659476117103233,11559.72342064715,22229.875192604006,0
2018-02-03 04:45:00,2018-02-03 04:46:00,CIC,1054,18888378.724857684,11980.692599620494,10469.0,1474128.0,4772390681476.131,59826.40818877368,14410.805544293176,0.31499051233396586,0.0009487666034155598,0.012333965844402278,0.2656546489563567,0.4876660341555977,0.3235294117647059,0.051233396584440226,0.0,0.2656546489563567,13292.707779886148,22111.3605313093,0
2018-02-03 04:46:00,2018-02-03 04:47:00,CIC,1350,15636610.891111111,9798.714814814815,11494.0,1560525.0,5913752805734.168,331701.1250270117,32831.43336413325,0.29333333333333333,0.007407407407407408,0.06,0.21925925925925926,0.4451851851851852,0.3437037037037037,0.02,0.0,0.21925925925925926,11097.082222222221,17741.804444444446,0
2018-02-03 04:47:00,2018-02-03 04:48:00,CIC,1255,17440089.55936255,9025.791235059762,13209.0,2426001.0,11530066402199.156,147625.30690056088,14845.135254717565,0.32669322709163345,0.0031872509960159364,0.0199203187250996,0.30916334661354583,0.5258964143426295,0.250996015936255,0.022310756972111555,0.0,0.30916334661354583,11425.958565737052,21600.72669322709,0
2018-02-03 04:48:00,2018-02-03 04:49:00,CIC,1198,15582628.943238731,9433.692821368948,11765.0,1857845.0,1340511916516.5554,73359.93524390494,6757.395490983791,0.3013355592654424,0.0008347245409015025,0.01669449081803005,0.29716193656093487,0.5392320534223706,0.24874791318864775,0.0333889816360601,0.0,0.29716193656093487,12821.33222036728,24813.2245409015,0
2018-02-03 04:49:00,2018-02-03 04:50:00,CIC,1318,19262306.30804249,8503.767071320182,14387.0,2416292.0,5794613413421.377,382575.33434531733,23244.165344595865,0.3163884673748103,0.002276176024279211,0.015933232169954476,0.2822458270106222,0.5622154779969651,0.23444613050075871,0.012898330804248861,0.0,0.2822458270106222,11732.37708649469,22606.647951441577,0
2018-02-03 04:50:00,2018-02-03 04:51:00,CIC,1286,17308574.2348367,8929.660964230172,16103.0,4547390.0,4431691358125.566,353460.0610887931,21326.810082188542,0.33359253499222397,0.005443234836702955,0.017107309486780714,0.31026438569206843,0.5419906687402799,0.26594090202177295,0.02410575427682737,0.0,0.31026438569206843,12938.034214618974,23366.780715396577,0
2018-02-03 04:51:00,2018-02-03 04:52:00,CIC,1187,21966530.47851727,10012.308340353833,15025.0,4612012.0,9184617297227.658,235859.31530962163,11433.288792245176,0.32603201347935973,0.002527379949452401,0.006739679865206402,0.3024431339511373,0.5332771693344566,0.2763268744734625,0.02948609941027801,0.0,0.3024431339511373,13469.961246840776,23903.620050547597,0
2018-02-03 04:52:00,2018-02-03 04:53:00,CIC,1176,18638508.781462584,10661.823129251701,12545.0,1942503.0,3413226397411.8223,195124.45303578948,30239.9781266409,0.2227891156462585,0.006802721088435374,0.034013605442176874,0.32908163265306123,0.5620748299319728,0.30272108843537415,0.026360544217687076,0.0,0.32908163265306123,14448.96343537415,26485.733843537415,0
2018-02-03 04:53:00,2018-02-03 04:54:00,CIC,1159,18557671.405522,10840.526315789473,15606.0,6364940.0,3683128139997.633,468939.56106554624,40820.104682086334,0.28213977566867987,0.012079378774805867,0.04227782571182054,0.3399482312338223,0.5314926660914582,0.3080241587575496,0.024158757549611734,0.0,0.3399482312338223,13465.334771354615,25077.27868852459,0
2018-02-03 04:54:00,2018-02-03 04:55:00,CIC,1070,21180778.414953273,10641.05140186916,14386.0,4144642.0,5923610146870.354,334621.50256112864,23141.362363045544,0.18878504672897195,0.005607476635514018,0.026168224299065422,0.39532710280373834,0.6149532710280374,0.2897196261682243,0.019626168224299065,0.0,0.39532710280373834,14765.801869158879,30696.83457943925,0
2018-02-03 04:55:00,2018-02-03 04:56:00,CIC,1447,19443889.122322045,8181.935038009675,17581.0,4881351.0,9663899040111.785,309780.96427586535,22333.388097091447,0.39875604699378026,0.0034554250172771253,0.0248790601243953,0.2432619212163096,0.4948168624740843,0.24948168624740844,0.01520387007601935,0.0,0.2432619212163096,11679.18797512094,20003.739460953697,0
2018-02-03 04:56:00,2018-02-03 04:57:00,CIC,1239,16592532.912025828,8996.707021791768,13156.0,2448163.0,4412451485880.133,161528.6437846691,13165.034177553041,0.29136400322841,0.004842615012106538,0.01937046004842615,0.29539951573849876,0.5544794188861986,0.30347054075867635,0.020177562550443905,0.0,0.29539951573849876,12415.384180790961,23846.17675544794,0
2018-02-03 04:57:00,2018-02-03 04:58:00,CIC,1680,19984912.564285714,7984.247023809524,17886.0,3744118.0,9974045506883.943,211306.34471130016,16799.32348067048,0.44226190476190474,0.002380952380952381,0.025,0.21666666666666667,0.45654761904761904,0.22857142857142856,0.03154761904761905,0.0,0.21666666666666667,10528.569047619048,17759.902976190475,0
2018-02-03 04:58:00,2018-02-03 04:59:00,CIC,2087,12859166.294202205,6977.635361763297,19456.0,4590678.0,6339418155096.376,279736.60303216946,29036.44413490042,0.4451365596550072,0.006708193579300431,0.03497843794920939,0.17297556300910397,0.4494489698131289,0.319597508385242,0.017249640632486823,0.0,0.17297556300910397,8701.817441303307,13687.294681360805,0
2018-02-03 04:59:00,2018-02-03 05:00:00,CIC,1161,16523557.369509043,11787.713178294574,11527.0,1717622.0,4364340940607.6514,140419.179361324,21520.499757560276,0.28251507321274766,0.00516795865633075,0.01636520241171404,0.305770887166236,0.5624461670973299,0.35572782084409993,0.05598621877691645,0.0,0.305770887166236,13912.94659776055,25716.617571059433,0
2018-02-03 05:00:00,2018-02-03 05:01:00,CIC,1462,20651533.26538988,9670.51367989056,16489.0,3310221.0,9892095308429.756,70218.03006700607,22035.80214433748,0.3741450068399453,0.002051983584131327,0.03967168262653899,0.25170998632010944,0.4904240766073871,0.27906976744186046,0.029411764705882353,0.0,0.25170998632010944,11336.947332421341,20840.78727770178,0
2018-02-03 05:01:00,2018-02-03 05:02:00,CIC,2134,18419910.556232426,6823.19587628866,24314.0,6183049.0,11019838009528.309,134552.99587100095,15987.000098246946,0.49953139643861294,0.0018744142455482662,0.031865042174320526,0.19212746016869728,0.42924086223055297,0.19775070290534208,0.01218369259606373,0.0,0.19212746016869728,8729.76710402999,14768.799437675727,0
2018-02-03 05:02:00,2018-02-03 05:03:00,CIC,1820,18788550.38186813,8598.395054945055,17966.0,3281306.0,9925356351429.053,198214.87039665016,15923.60979251094,0.4104395604395604,0.00934065934065934,0.012087912087912088,0.2175824175824176,0.4461538461538462,0.2620879120879121,0.03571428571428571,0.0,0.2175824175824176,10820.812087912087,17655.551648351648,0
2018-02-03 05:03:00,2018-02-03 05:04:00,CIC,1547,19246707.87718164,11999.425339366517,16708.0,3513789.0,12609004598500.717,55097.77613364644,17199.60117799616,0.3445378151260504,0.003232062055591467,0.029088558500323207,0.27213962508080153,0.46864899806076277,0.3206205559146736,0.07692307692307693,0.0,0.27213962508080153,11599.110536522301,22002.104718810602,0
2018-02-03 05:04:00,2018-02-03 05:05:00,CIC,1988,16471637.527162978,9925.331488933602,27673.0,10936965.0,11686007442696.404,307341.85630073136,40856.517846834926,0.42203219315895374,0.006539235412474849,0.06740442655935613,0.20724346076458752,0.41448692152917505,0.3023138832997988,0.02716297786720322,0.0,0.20724346076458752,9682.76509054326,15694.713279678068,0
2018-02-03 05:05:00,2018-02-03 05:06:00,CIC,1198,20271696.07929883,11592.771285475794,12450.0,1796666.0,6281944220524.209,63421.63752779351,16618.75684399573,0.22454090150250416,0.007512520868113523,0.02003338898163606,0.3347245409015025,0.5392320534223706,0.32053422370617696,0.03171953255425709,0.0,0.3347245409015025,13839.87979966611,26549.16611018364,0
2018-02-03 05:06:00,2018-02-03 05:07:00,CIC,1301,18641089.7840123,10755.387394312067,13250.0,1913540.0,11150115117852.867,119040.29162720904,25463.753331499993,0.24750192159877019,0.005380476556495004,0.045349730976172176,0.31821675634127594,0.5149884704073789,0.3766333589546503,0.03151421983089931,0.0,0.31821675634127594,14068.232129131437,23251.70176787087,0
2018-02-03 05:07:00,2018-02-03 05:08:00,CIC,1670,18952364.691017963,8542.962874251498,17074.0,3188417.0,13691842840771.742,280081.30219716806,24688.85604881267,0.4359281437125748,0.006586826347305389,0.03473053892215569,0.2125748502994012,0.44011976047904194,0.26766467065868266,0.022754491017964073,0.0,0.2125748502994012,10129.370059880239,16037.94371257485,0
2018-02-03 05:08:00,2018-02-03 05:09:00,CIC,1172,22479351.318259384,9758.701365187713,12355.0,1947895.0,7252317252545.162,165439.20690466027,12703.350722543393,0.32849829351535836,0.0017064846416382253,0.016211604095563138,0.2687713310580205,0.5025597269624573,0.2790102389078498,0.025597269624573378,0.0,0.2687713310580205,14674.256825938566,23221.487201365188,0
2018-02-03 05:09:00,2018-02-03 05:10:00,CIC,1241,20234296.375503626,10538.179693795326,13422.0,2372529.0,9357071312384.936,66868.9289626108,12749.068690772845,0.36341659951651895,0.004834810636583401,0.018533440773569703,0.23690572119258663,0.49153908138597907,0.2860596293311845,0.0273972602739726,0.0,0.23690572119258663,14260.837228041903,20771.786462530217,0
2018-02-03 05:10:00,2018-02-03 05:11:00,CIC,1220,17911262.08032787,11092.005737704918,11102.0,1688792.0,7818524822954.81,275798.13693040586,37361.53366886251,0.35737704918032787,0.009016393442622951,0.05245901639344262,0.23442622950819672,0.4237704918032787,0.330327868852459,0.03524590163934426,0.0,0.23442622950819672,11795.423770491803,18522.480327868852,0
2018-02-03 05:11:00,2018-02-03 05:12:00,CIC,1360,21758763.180882353,8601.850735294118,21774.0,11261113.0,7917565898045.259,126329.72582671915,17661.4675682122,0.4183823529411765,0.003676470588235294,0.020588235294117647,0.2595588235294118,0.4676470588235294,0.25,0.016911764705882352,0.0,0.2595588235294118,12009.801470588236,19120.779411764706,0
2018-02-03 05:12:00,2018-02-03 05:13:00,CIC,1216,21239883.10444079,10122.651315789473,14749.0,3759199.0,7913242714462.315,48966.74751247942,21036.474597687582,0.3717105263157895,0.004111842105263158,0.023848684210526317,0.2590460526315789,0.46957236842105265,0.28207236842105265,0.02631578947368421,0.0,0.2590460526315789,12686.561677631578,19887.85279605263,0
2018-02-03 05:13:00,2018-02-03 05:14:00,CIC,1731,20341877.20161756,7718.454072790295,31079.0,15869148.0,11383302610547.074,167723.46485038317,21326.623514547962,0.4702484113229347,0.0028885037550548816,0.020219526285384173,0.17157712305025996,0.43443096476025417,0.2697862507221259,0.016753321779318313,0.0,0.17157712305025996,9964.029462738301,13407.90872328134,0
2018-02-03 05:14:00,2018-02-03 05:15:00,CIC,1564,15488924.191815857,8596.16368286445,13443.0,2299536.0,4778390243950.301,259460.15286870935,20057.734770358435,0.38107416879795397,0.0038363171355498722,0.034526854219948847,0.20012787723785166,0.46611253196930946,0.391304347826087,0.03644501278772379,0.0,0.20012787723785166,10033.44884910486,14483.932864450127,0
2018-02-03 05:15:00,2018-02-03 05:16:00,CIC,1964,16040277.042260693,8273.516802443992,26794.0,12501937.0,12795939246932.424,143478.00805418636,20087.57048057588,0.5234215885947047,0.004073319755600814,0.031568228105906315,0.1675152749490835,0.3559063136456212,0.2535641547861507,0.028513238289205704,0.0,0.1675152749490835,8788.090631364563,12981.30702647658,0
2018-02-03 05:16:00,2018-02-03 05:17:00,CIC,1307,14650041.66717674,8740.044376434584,11062.0,1573797.0,7869934617218.154,100609.2043907781,10703.05036701339,0.32823259372609026,0.0022953328232593728,0.013771996939556235,0.2570772762050497,0.4651874521805662,0.3175210405508799,0.026013771996939557,0.0,0.2570772762050497,11378.966335118592,18455.220351951033,0
2018-02-03 05:17:00,2018-02-03 05:18:00,CIC,1764,20870335.82936508,7447.030612244898,22811.0,7324443.0,12070505916802.271,155186.50501134034,10435.139366909481,0.4574829931972789,0.0005668934240362812,0.031179138321995464,0.19784580498866214,0.44727891156462585,0.20748299319727892,0.006802721088435374,0.0,0.19784580498866214,9310.431972789116,13054.006235827665,0
2018-02-03 05:18:00,2018-02-03 05:19:00,CIC,1045,20083265.98277512,11398.363636363636,10728.0,1651969.0,7981042111494.157,71897.5165762442,7242.397309278534,0.3320574162679426,0.003827751196172249,0.020095693779904306,0.29569377990430623,0.5043062200956938,0.307177033492823,0.05263157894736842,0.0,0.29569377990430623,14069.386602870813,22512.15980861244,0
2018-02-03 05:19:00,2018-02-03 05:20:00,CIC,1028,23823861.913424123,11704.863813229573,20987.0,11332500.0,13851474386257.543,128700.11944370114,10683.30984858738,0.30544747081712065,0.0038910505836575876,0.02237354085603113,0.301556420233463,0.5107003891050583,0.3326848249027237,0.04182879377431906,0.0,0.301556420233463,14037.793774319067,22372.110894941634,0
2018-02-03 05:20:00,2018-02-03 05:21:00,CIC,1312,16961803.676829267,10276.129573170732,12485.0,1989977.0,4541418146362.512,204956.51931599388,32620.32379848511,0.3589939024390244,0.009146341463414634,0.040396341463414635,0.2820121951219512,0.4649390243902439,0.2934451219512195,0.026676829268292682,0.0,0.2820121951219512,12557.379573170732,21835.98018292683,0
2018-02-03 05:21:00,2018-02-03 05:22:00,CIC,1733,22187276.344489325,8178.391229082516,35197.0,17980555.0,13085135828599.111,119813.88833100465,14258.250521060789,0.47316791690709753,0.002308136180034622,0.03231390652048471,0.19099826889786498,0.4593190998268898,0.2267743796884016,0.025966532025389497,0.0,0.19099826889786498,10115.461050201962,16144.759376803231,0
2018-02-03 05:22:00,2018-02-03 05:23:00,CIC,1673,20610363.480573818,8549.062761506277,22324.0,8051570.0,9821988241084.809,189930.36413169676,19167.475013427797,0.44411237298266587,0.005977286312014346,0.031679617453676034,0.20502092050209206,0.42498505678421994,0.24626419605499103,0.02630005977286312,0.0,0.20502092050209206,9756.75134488942,15369.493126120742,0
2018-02-03 05:23:00,2018-02-03 05:24:00,CIC,1061,20012981.737040527,14908.947219604148,17388.0,10421535.0,4400586607981.794,221624.05514975198,25956.113214797835,0.32045240339302544,0.002827521206409048,0.036757775683317624,0.25070688030160226,0.4297832233741753,0.43072573044297835,0.08011310084825636,0.0,0.25070688030160226,13633.450518378888,19928.195098963242,0
2018-02-03 05:24:00,2018-02-03 05:25:00,CIC,1923,17584746.80603224,8927.06864274571,21204.0,5821250.0,7886409468543.881,396354.2435536656,23907.125120202672,0.49817992719708787,0.003640145605824233,0.033281331253250133,0.15340613624544983,0.4118564742589704,0.2735309412376495,0.0265210608424337,0.0,0.15340613624544983,9183.873114924598,12881.967758710349,0
2018-02-03 05:25:00,2018-02-03 05:26:00,CIC,1183,20023674.0,12425.864750633982,18259.0,10027075.0,9420294679036.072,174131.6656697123,29476.345252954787,0.2180896027049873,0.00507185122569738,0.04564666103127642,0.27472527472527475,0.49535080304311074,0.37193575655114114,0.04818258664412511,0.0,0.27472527472527475,13345.06339814032,23752.524091293322,0
2018-02-03 05:26:00,2018-02-03 05:27:00,CIC,1459,16051232.19259767,9038.213845099383,15318.0,3258252.0,10616777977729.984,92490.26557989881,15707.30573229992,0.37834132967786155,0.0006854009595613434,0.021247429746401644,0.23783413296778616,0.4873200822481151,0.295407813570939,0.023303632625085675,0.0,0.23783413296778616,11325.778615490062,18546.135023989034,0
2018-02-03 05:27:00,2018-02-03 05:28:00,CIC,1477,16908572.31888964,8987.125253893026,21945.0,11030382.0,6823696223793.376,198977.7892123476,23895.02873492183,0.3818551117129316,0.003385240352064997,0.040622884224779957,0.2660798916723087,0.4515910629654705,0.27352742044685174,0.021665538253215978,0.0,0.2660798916723087,10566.810426540284,17981.974272173324,0
2018-02-03 05:28:00,2018-02-03 05:29:00,CIC,2126,14629824.62841016,6147.077610536218,22292.0,5323537.0,8959759911486.172,180255.698863053,11719.396325078931,0.5517403574788335,0.0023518344308560675,0.022107243650047036,0.17685794920037629,0.4129821260583255,0.16745061147695203,0.020696142991533398,0.0,0.17685794920037629,6582.034807149576,12706.075258701787,0
2018-02-03 05:29:00,2018-02-03 05:30:00,CIC,1835,3033284.498092643,6865.603814713896,27382.0,14470716.0,1775449210640.8152,362391.21192844916,34663.460723892684,0.420708446866485,0.006539509536784741,0.037057220708446865,0.1983651226158038,0.5220708446866485,0.33678474114441415,0.03487738419618529,0.0,0.1983651226158038,5469.3536784741145,15663.735694822888,0
2018-02-03 05:30:00,2018-02-03 05:31:00,CIC,259,840530.5250965251,6258.359073359074,43134.0,494817.0,116687283183.45209,42386.35528997591,8772.337786163873,10.50965250965251,0.007722007722007722,0.007722007722007722,0.2084942084942085,0.4594594594594595,0.1274131274131274,0.06563706563706563,0.0,0.2084942084942085,4171.285714285715,14445.11196911197,0
2018-02-03 05:31:00,2018-02-03 05:32:00,CIC,0,,,0.0,0.0,,,,,,,,,,,,,,,0
2018-02-03 05:32:00,2018-02-03 05:33:00,CIC,0,,,0.0,0.0,,,,,,,,,,,,,,,0
2018-02-03 05:33:00,2018-02-03 05:34:00,CIC,0,,,0.0,0.0,,,,,,,,,,,,,,,0
2018-02-03 05:34:00,2018-02-03 05:35:00,CIC,0,,,0.0,0.0,,,,,,,,,,,,,,,0
2018-02-03 05:35:00,2018-02-03 05:36:00,CIC,0,,,0.0,0.0,,,,,,,,,,,,,,,0
2018-02-03 05:36:00,2018-02-03 05:37:00,CIC,0,,,0.0,0.0,,,,,,,,,,,,,,,0
2018-02-03 05:37:00,2018-02-03 05:38:00,CIC,0,,,0.0,0.0,,,,,,,,,,,,,,,0
2018-02-03 05:38:00,2018-02-03 05:39:00,CIC,0,,,0.0,0.0,,,,,,,,,,,,,,,0
2018-02-03 05:39:00,2018-02-03 05:40:00,CIC,0,,,0.0,0.0,,,,,,,,,,,,,,,0
2018-02-03 05:40:00,2018-02-03 05:41:00,CIC,0,,,0.0,0.0,,,,,,,,,,,,,,,0
2018-02-03 05:41:00,2018-02-03 05:42:00,CIC,0,,,0.0,0.0,,,,,,,,,,,,,,,0
2018-02-03 05:42:00,2018-02-03 05:43:00,CIC,0,,,0.0,0.0,,,,,,,,,,,,,,,0
2018-02-03 05:43:00,2018-02-03 05:44:00,CIC,0,,,0.0,0.0,,,,,,,,,,,,,,,0
2018-02-03 05:44:00,2018-02-03 05:45:00,CIC,0,,,0.0,0.0,,,,,,,,,,,,,,,0
2018-02-03 05:45:00,2018-02-03 05:46:00,CIC,0,,,0.0,0.0,,,,,,,,,,,,,,,0
2018-02-03 05:46:00,2018-02-03 05:47:00,CIC,0,,,0.0,0.0,,,,,,,,,,,,,,,0
2018-02-03 05:47:00,2018-02-03 05:48:00,CIC,0,,,0.0,0.0,,,,,,,,,,,,,,,0
2018-02-03 05:48:00,2018-02-03 05:49:00,CIC,0,,,0.0,0.0,,,,,,,,,,,,,,,0
2018-02-03 05:49:00,2018-02-03 05:50:00,CIC,0,,,0.0,0.0,,,,,,,,,,,,,,,0
2018-02-03 05:50:00,2018-02-03 05:51:00,CIC,0,,,0.0,0.0,,,,,,,,,,,,,,,0
2018-02-03 05:51:00,2018-02-03 05:52:00,CIC,0,,,0.0,0.0,,,,,,,,,,,,,,,0
2018-02-03 05:52:00,2018-02-03 05:53:00,CIC,0,,,0.0,0.0,,,,,,,,,,,,,,,0
2018-02-03 05:53:00,2018-02-03 05:54:00,CIC,0,,,0.0,0.0,,,,,,,,,,,,,,,0
2018-02-03 05:54:00,2018-02-03 05:55:00,CIC,0,,,0.0,0.0,,,,,,,,,,,,,,,0
2018-02-03 05:55:00,2018-02-03 05:56:00,CIC,0,,,0.0,0.0,,,,,,,,,,,,,,,0
2018-02-03 05:56:00,2018-02-03 05:57:00,CIC,0,,,0.0,0.0,,,,,,,,,,,,,,,0
2018-02-03 05:57:00,2018-02-03 05:58:00,CIC,0,,,0.0,0.0,,,,,,,,,,,,,,,0
2018-02-03 05:58:00,2018-02-03 05:59:00,CIC,0,,,0.0,0.0,,,,,,,,,,,,,,,0
2018-02-03 05:59:00,2018-02-03 06:00:00,CIC,0,,,0.0,0.0,,,,,,,,,,,,,,,0
2018-02-03 06:00:00,2018-02-03 06:01:00,CIC,0,,,0.0,0.0,,,,,,,,,,,,,,,0
2018-02-03 06:01:00,2018-02-03 06:02:00,CIC,0,,,0.0,0.0,,,,,,,,,,,,,,,0
2018-02-03 06:02:00,2018-02-03 06:03:00,CIC,0,,,0.0,0.0,,,,,,,,,,,,,,,0
2018-02-03 06:03:00,2018-02-03 06:04:00,CIC,0,,,0.0,0.0,,,,,,,,,,,,,,,0
2018-02-03 06:04:00,2018-02-03 06:05:00,CIC,0,,,0.0,0.0,,,,,,,,,,,,,,,0
2018-02-03 06:05:00,2018-02-03 06:06:00,CIC,0,,,0.0,0.0,,,,,,,,,,,,,,,0
2018-02-03 06:06:00,2018-02-03 06:07:00,CIC,0,,,0.0,0.0,,,,,,,,,,,,,,,0
2018-02-03 06:07:00,2018-02-03 06:08:00,CIC,0,,,0.0,0.0,,,,,,,,,,,,,,,0
2018-02-03 06:08:00,2018-02-03 06:09:00,CIC,0,,,0.0,0.0,,,,,,,,,,,,,,,0
2018-02-03 06:09:00,2018-02-03 06:10:00,CIC,0,,,0.0,0.0,,,,,,,,,,,,,,,0
2018-02-03 06:10:00,2018-02-03 06:11:00,CIC,0,,,0.0,0.0,,,,,,,,,,,,,,,0
2018-02-03 06:11:00,2018-02-03 06:12:00,CIC,0,,,0.0,0.0,,,,,,,,,,,,,,,0
2018-02-03 06:12:00,2018-02-03 06:13:00,CIC,0,,,0.0,0.0,,,,,,,,,,,,,,,0
2018-02-03 06:13:00,2018-02-03 06:14:00,CIC,0,,,0.0,0.0,,,,,,,,,,,,,,,0
2018-02-03 06:14:00,2018-02-03 06:15:00,CIC,0,,,0.0,0.0,,,,,,,,,,,,,,,0
2018-02-03 06:15:00,2018-02-03 06:16:00,CIC,0,,,0.0,0.0,,,,,,,,,,,,,,,0
2018-02-03 06:16:00,2018-02-03 06:17:00,CIC,0,,,0.0,0.0,,,,,,,,,,,,,,,0
2018-02-03 06:17:00,2018-02-03 06:18:00,CIC,0,,,0.0,0.0,,,,,,,,,,,,,,,0
2018-02-03 06:18:00,2018-02-03 06:19:00,CIC,0,,,0.0,0.0,,,,,,,,,,,,,,,0
2018-02-03 06:19:00,2018-02-03 06:20:00,CIC,0,,,0.0,0.0,,,,,,,,,,,,,,,0
2018-02-03 06:20:00,2018-02-03 06:21:00,CIC,0,,,0.0,0.0,,,,,,,,,,,,,,,0
2018-02-03 06:21:00,2018-02-03 06:22:00,CIC,0,,,0.0,0.0,,,,,,,,,,,,,,,0
2018-02-03 06:22:00,2018-02-03 06:23:00,CIC,0,,,0.0,0.0,,,,,,,,,,,,,,,0
2018-02-03 06:23:00,2018-02-03 06:24:00,CIC,0,,,0.0,0.0,,,,,,,,,,,,,,,0
2018-02-03 06:24:00,2018-02-03 06:25:00,CIC,0,,,0.0,0.0,,,,,,,,,,,,,,,0
2018-02-03 06:25:00,2018-02-03 06:26:00,CIC,0,,,0.0,0.0,,,,,,,,,,,,,,,0
2018-02-03 06:26:00,2018-02-03 06:27:00,CIC,0,,,0.0,0.0,,,,,,,,,,,,,,,0
2018-02-03 06:27:00,2018-02-03 06:28:00,CIC,0,,,0.0,0.0,,,,,,,,,,,,,,,0
2018-02-03 06:28:00,2018-02-03 06:29:00,CIC,0,,,0.0,0.0,,,,,,,,,,,,,,,0
2018-02-03 06:29:00,2018-02-03 06:30:00,CIC,0,,,0.0,0.0,,,,,,,,,,,,,,,0
2018-02-03 06:30:00,2018-02-03 06:31:00,CIC,0,,,0.0,0.0,,,,,,,,,,,,,,,0
2018-02-03 06:31:00,2018-02-03 06:32:00,CIC,0,,,0.0,0.0,,,,,,,,,,,,,,,0
2018-02-03 06:32:00,2018-02-03 06:33:00,CIC,0,,,0.0,0.0,,,,,,,,,,,,,,,0
2018-02-03 06:33:00,2018-02-03 06:34:00,CIC,0,,,0.0,0.0,,,,,,,,,,,,,,,0
2018-02-03 06:34:00,2018-02-03 06:35:00,CIC,0,,,0.0,0.0,,,,,,,,,,,,,,,0
2018-02-03 06:35:00,2018-02-03 06:36:00,CIC,0,,,0.0,0.0,,,,,,,,,,,,,,,0
2018-02-03 06:36:00,2018-02-03 06:37:00,CIC,0,,,0.0,0.0,,,,,,,,,,,,,,,0
2018-02-03 06:37:00,2018-02-03 06:38:00,CIC,0,,,0.0,0.0,,,,,,,,,,,,,,,0
2018-02-03 06:38:00,2018-02-03 06:39:00,CIC,0,,,0.0,0.0,,,,,,,,,,,,,,,0
2018-02-03 06:39:00,2018-02-03 06:40:00,CIC,0,,,0.0,0.0,,,,,,,,,,,,,,,0
2018-02-03 06:40:00,2018-02-03 06:41:00,CIC,0,,,0.0,0.0,,,,,,,,,,,,,,,0
2018-02-03 06:41:00,2018-02-03 06:42:00,CIC,0,,,0.0,0.0,,,,,,,,,,,,,,,0
2018-02-03 06:42:00,2018-02-03 06:43:00,CIC,0,,,0.0,0.0,,,,,,,,,,,,,,,0
2018-02-03 06:43:00,2018-02-03 06:44:00,CIC,0,,,0.0,0.0,,,,,,,,,,,,,,,0
2018-02-03 06:44:00,2018-02-03 06:45:00,CIC,0,,,0.0,0.0,,,,,,,,,,,,,,,0
2018-02-03 06:45:00,2018-02-03 06:46:00,CIC,0,,,0.0,0.0,,,,,,,,,,,,,,,0
2018-02-03 06:46:00,2018-02-03 06:47:00,CIC,0,,,0.0,0.0,,,,,,,,,,,,,,,0
2018-02-03 06:47:00,2018-02-03 06:48:00,CIC,0,,,0.0,0.0,,,,,,,,,,,,,,,0
2018-02-03 06:48:00,2018-02-03 06:49:00,CIC,0,,,0.0,0.0,,,,,,,,,,,,,,,0
2018-02-03 06:49:00,2018-02-03 06:50:00,CIC,0,,,0.0,0.0,,,,,,,,,,,,,,,0
2018-02-03 06:50:00,2018-02-03 06:51:00,CIC,0,,,0.0,0.0,,,,,,,,,,,,,,,0
2018-02-03 06:51:00,2018-02-03 06:52:00,CIC,0,,,0.0,0.0,,,,,,,,,,,,,,,0
2018-02-03 06:52:00,2018-02-03 06:53:00,CIC,0,,,0.0,0.0,,,,,,,,,,,,,,,0
2018-02-03 06:53:00,2018-02-03 06:54:00,CIC,0,,,0.0,0.0,,,,,,,,,,,,,,,0
2018-02-03 06:54:00,2018-02-03 06:55:00,CIC,0,,,0.0,0.0,,,,,,,,,,,,,,,0
2018-02-03 06:55:00,2018-02-03 06:56:00,CIC,0,,,0.0,0.0,,,,,,,,,,,,,,,0
2018-02-03 06:56:00,2018-02-03 06:57:00,CIC,0,,,0.0,0.0,,,,,,,,,,,,,,,0
2018-02-03 06:57:00,2018-02-03 06:58:00,CIC,0,,,0.0,0.0,,,,,,,,,,,,,,,0
2018-02-03 06:58:00,2018-02-03 06:59:00,CIC,0,,,0.0,0.0,,,,,,,,,,,,,,,0
2018-02-03 06:59:00,2018-02-03 07:00:00,CIC,0,,,0.0,0.0,,,,,,,,,,,,,,,0
2018-02-03 07:00:00,2018-02-03 07:01:00,CIC,0,,,0.0,0.0,,,,,,,,,,,,,,,0
2018-02-03 07:01:00,2018-02-03 07:02:00,CIC,0,,,0.0,0.0,,,,,,,,,,,,,,,0
2018-02-03 07:02:00,2018-02-03 07:03:00,CIC,0,,,0.0,0.0,,,,,,,,,,,,,,,0
2018-02-03 07:03:00,2018-02-03 07:04:00,CIC,0,,,0.0,0.0,,,,,,,,,,,,,,,0
2018-02-03 07:04:00,2018-02-03 07:05:00,CIC,0,,,0.0,0.0,,,,,,,,,,,,,,,0
2018-02-03 07:05:00,2018-02-03 07:06:00,CIC,0,,,0.0,0.0,,,,,,,,,,,,,,,0
2018-02-03 07:06:00,2018-02-03 07:07:00,CIC,0,,,0.0,0.0,,,,,,,,,,,,,,,0
2018-02-03 07:07:00,2018-02-03 07:08:00,CIC,0,,,0.0,0.0,,,,,,,,,,,,,,,0
2018-02-03 07:08:00,2018-02-03 07:09:00,CIC,0,,,0.0,0.0,,,,,,,,,,,,,,,0
2018-02-03 07:09:00,2018-02-03 07:10:00,CIC,0,,,0.0,0.0,,,,,,,,,,,,,,,0
2018-02-03 07:10:00,2018-02-03 07:11:00,CIC,0,,,0.0,0.0,,,,,,,,,,,,,,,0
2018-02-03 07:11:00,2018-02-03 07:12:00,CIC,0,,,0.0,0.0,,,,,,,,,,,,,,,0
2018-02-03 07:12:00,2018-02-03 07:13:00,CIC,0,,,0.0,0.0,,,,,,,,,,,,,,,0
2018-02-03 07:13:00,2018-02-03 07:14:00,CIC,0,,,0.0,0.0,,,,,,,,,,,,,,,0
2018-02-03 07:14:00,2018-02-03 07:15:00,CIC,0,,,0.0,0.0,,,,,,,,,,,,,,,0
2018-02-03 07:15:00,2018-02-03 07:16:00,CIC,0,,,0.0,0.0,,,,,,,,,,,,,,,0
2018-02-03 07:16:00,2018-02-03 07:17:00,CIC,0,,,0.0,0.0,,,,,,,,,,,,,,,0
2018-02-03 07:17:00,2018-02-03 07:18:00,CIC,0,,,0.0,0.0,,,,,,,,,,,,,,,0
2018-02-03 07:18:00,2018-02-03 07:19:00,CIC,0,,,0.0,0.0,,,,,,,,,,,,,,,0
2018-02-03 07:19:00,2018-02-03 07:20:00,CIC,0,,,0.0,0.0,,,,,,,,,,,,,,,0
2018-02-03 07:20:00,2018-02-03 07:21:00,CIC,0,,,0.0,0.0,,,,,,,,,,,,,,,0
2018-02-03 07:21:00,2018-02-03 07:22:00,CIC,0,,,0.0,0.0,,,,,,,,,,,,,,,0
2018-02-03 07:22:00,2018-02-03 07:23:00,CIC,0,,,0.0,0.0,,,,,,,,,,,,,,,0
2018-02-03 07:23:00,2018-02-03 07:24:00,CIC,0,,,0.0,0.0,,,,,,,,,,,,,,,0
2018-02-03 07:24:00,2018-02-03 07:25:00,CIC,0,,,0.0,0.0,,,,,,,,,,,,,,,0
2018-02-03 07:25:00,2018-02-03 07:26:00,CIC,0,,,0.0,0.0,,,,,,,,,,,,,,,0
2018-02-03 07:26:00,2018-02-03 07:27:00,CIC,0,,,0.0,0.0,,,,,,,,,,,,,,,0
2018-02-03 07:27:00,2018-02-03 07:28:00,CIC,0,,,0.0,0.0,,,,,,,,,,,,,,,0
2018-02-03 07:28:00,2018-02-03 07:29:00,CIC,0,,,0.0,0.0,,,,,,,,,,,,,,,0
2018-02-03 07:29:00,2018-02-03 07:30:00,CIC,0,,,0.0,0.0,,,,,,,,,,,,,,,0
2018-02-03 07:30:00,2018-02-03 07:31:00,CIC,0,,,0.0,0.0,,,,,,,,,,,,,,,0
2018-02-03 07:31:00,2018-02-03 07:32:00,CIC,0,,,0.0,0.0,,,,,,,,,,,,,,,0
2018-02-03 07:32:00,2018-02-03 07:33:00,CIC,0,,,0.0,0.0,,,,,,,,,,,,,,,0
2018-02-03 07:33:00,2018-02-03 07:34:00,CIC,0,,,0.0,0.0,,,,,,,,,,,,,,,0
2018-02-03 07:34:00,2018-02-03 07:35:00,CIC,0,,,0.0,0.0,,,,,,,,,,,,,,,0
2018-02-03 07:35:00,2018-02-03 07:36:00,CIC,0,,,0.0,0.0,,,,,,,,,,,,,,,0
2018-02-03 07:36:00,2018-02-03 07:37:00,CIC,0,,,0.0,0.0,,,,,,,,,,,,,,,0
2018-02-03 07:37:00,2018-02-03 07:38:00,CIC,0,,,0.0,0.0,,,,,,,,,,,,,,,0
2018-02-03 07:38:00,2018-02-03 07:39:00,CIC,0,,,0.0,0.0,,,,,,,,,,,,,,,0
2018-02-03 07:39:00,2018-02-03 07:40:00,CIC,0,,,0.0,0.0,,,,,,,,,,,,,,,0
2018-02-03 07:40:00,2018-02-03 07:41:00,CIC,0,,,0.0,0.0,,,,,,,,,,,,,,,0
2018-02-03 07:41:00,2018-02-03 07:42:00,CIC,0,,,0.0,0.0,,,,,,,,,,,,,,,0
2018-02-03 07:42:00,2018-02-03 07:43:00,CIC,0,,,0.0,0.0,,,,,,,,,,,,,,,0
2018-02-03 07:43:00,2018-02-03 07:44:00,CIC,0,,,0.0,0.0,,,,,,,,,,,,,,,0
2018-02-03 07:44:00,2018-02-03 07:45:00,CIC,0,,,0.0,0.0,,,,,,,,,,,,,,,0
2018-02-03 07:45:00,2018-02-03 07:46:00,CIC,0,,,0.0,0.0,,,,,,,,,,,,,,,0
2018-02-03 07:46:00,2018-02-03 07:47:00,CIC,0,,,0.0,0.0,,,,,,,,,,,,,,,0
2018-02-03 07:47:00,2018-02-03 07:48:00,CIC,0,,,0.0,0.0,,,,,,,,,,,,,,,0
2018-02-03 07:48:00,2018-02-03 07:49:00,CIC,0,,,0.0,0.0,,,,,,,,,,,,,,,0
2018-02-03 07:49:00,2018-02-03 07:50:00,CIC,0,,,0.0,0.0,,,,,,,,,,,,,,,0
2018-02-03 07:50:00,2018-02-03 07:51:00,CIC,0,,,0.0,0.0,,,,,,,,,,,,,,,0
2018-02-03 07:51:00,2018-02-03 07:52:00,CIC,0,,,0.0,0.0,,,,,,,,,,,,,,,0
2018-02-03 07:52:00,2018-02-03 07:53:00,CIC,0,,,0.0,0.0,,,,,,,,,,,,,,,0
2018-02-03 07:53:00,2018-02-03 07:54:00,CIC,0,,,0.0,0.0,,,,,,,,,,,,,,,0
2018-02-03 07:54:00,2018-02-03 07:55:00,CIC,0,,,0.0,0.0,,,,,,,,,,,,,,,0
2018-02-03 07:55:00,2018-02-03 07:56:00,CIC,0,,,0.0,0.0,,,,,,,,,,,,,,,0
2018-02-03 07:56:00,2018-02-03 07:57:00,CIC,0,,,0.0,0.0,,,,,,,,,,,,,,,0
2018-02-03 07:57:00,2018-02-03 07:58:00,CIC,0,,,0.0,0.0,,,,,,,,,,,,,,,0
2018-02-03 07:58:00,2018-02-03 07:59:00,CIC,0,,,0.0,0.0,,,,,,,,,,,,,,,0
2018-02-03 07:59:00,2018-02-03 08:00:00,CIC,0,,,0.0,0.0,,,,,,,,,,,,,,,0
2018-02-03 08:00:00,2018-02-03 08:01:00,CIC,0,,,0.0,0.0,,,,,,,,,,,,,,,0
2018-02-03 08:01:00,2018-02-03 08:02:00,CIC,0,,,0.0,0.0,,,,,,,,,,,,,,,0
2018-02-03 08:02:00,2018-02-03 08:03:00,CIC,0,,,0.0,0.0,,,,,,,,,,,,,,,0
2018-02-03 08:03:00,2018-02-03 08:04:00,CIC,0,,,0.0,0.0,,,,,,,,,,,,,,,0
2018-02-03 08:04:00,2018-02-03 08:05:00,CIC,0,,,0.0,0.0,,,,,,,,,,,,,,,0
2018-02-03 08:05:00,2018-02-03 08:06:00,CIC,0,,,0.0,0.0,,,,,,,,,,,,,,,0
2018-02-03 08:06:00,2018-02-03 08:07:00,CIC,0,,,0.0,0.0,,,,,,,,,,,,,,,0
2018-02-03 08:07:00,2018-02-03 08:08:00,CIC,0,,,0.0,0.0,,,,,,,,,,,,,,,0
2018-02-03 08:08:00,2018-02-03 08:09:00,CIC,0,,,0.0,0.0,,,,,,,,,,,,,,,0
2018-02-03 08:09:00,2018-02-03 08:10:00,CIC,0,,,0.0,0.0,,,,,,,,,,,,,,,0
2018-02-03 08:10:00,2018-02-03 08:11:00,CIC,0,,,0.0,0.0,,,,,,,,,,,,,,,0
2018-02-03 08:11:00,2018-02-03 08:12:00,CIC,0,,,0.0,0.0,,,,,,,,,,,,,,,0
2018-02-03 08:12:00,2018-02-03 08:13:00,CIC,0,,,0.0,0.0,,,,,,,,,,,,,,,0
2018-02-03 08:13:00,2018-02-03 08:14:00,CIC,0,,,0.0,0.0,,,,,,,,,,,,,,,0
2018-02-03 08:14:00,2018-02-03 08:15:00,CIC,0,,,0.0,0.0,,,,,,,,,,,,,,,0
2018-02-03 08:15:00,2018-02-03 08:16:00,CIC,0,,,0.0,0.0,,,,,,,,,,,,,,,0
2018-02-03 08:16:00,2018-02-03 08:17:00,CIC,0,,,0.0,0.0,,,,,,,,,,,,,,,0
2018-02-03 08:17:00,2018-02-03 08:18:00,CIC,0,,,0.0,0.0,,,,,,,,,,,,,,,0
2018-02-03 08:18:00,2018-02-03 08:19:00,CIC,0,,,0.0,0.0,,,,,,,,,,,,,,,0
2018-02-03 08:19:00,2018-02-03 08:20:00,CIC,0,,,0.0,0.0,,,,,,,,,,,,,,,0
2018-02-03 08:20:00,2018-02-03 08:21:00,CIC,0,,,0.0,0.0,,,,,,,,,,,,,,,0
2018-02-03 08:21:00,2018-02-03 08:22:00,CIC,0,,,0.0,0.0,,,,,,,,,,,,,,,0
2018-02-03 08:22:00,2018-02-03 08:23:00,CIC,0,,,0.0,0.0,,,,,,,,,,,,,,,0
2018-02-03 08:23:00,2018-02-03 08:24:00,CIC,0,,,0.0,0.0,,,,,,,,,,,,,,,0
2018-02-03 08:24:00,2018-02-03 08:25:00,CIC,0,,,0.0,0.0,,,,,,,,,,,,,,,0
2018-02-03 08:25:00,2018-02-03 08:26:00,CIC,0,,,0.0,0.0,,,,,,,,,,,,,,,0
2018-02-03 08:26:00,2018-02-03 08:27:00,CIC,0,,,0.0,0.0,,,,,,,,,,,,,,,0
2018-02-03 08:27:00,2018-02-03 08:28:00,CIC,0,,,0.0,0.0,,,,,,,,,,,,,,,0
2018-02-03 08:28:00,2018-02-03 08:29:00,CIC,0,,,0.0,0.0,,,,,,,,,,,,,,,0
2018-02-03 08:29:00,2018-02-03 08:30:00,CIC,0,,,0.0,0.0,,,,,,,,,,,,,,,0
2018-02-03 08:30:00,2018-02-03 08:31:00,CIC,0,,,0.0,0.0,,,,,,,,,,,,,,,0
2018-02-03 08:31:00,2018-02-03 08:32:00,CIC,0,,,0.0,0.0,,,,,,,,,,,,,,,0
2018-02-03 08:32:00,2018-02-03 08:33:00,CIC,0,,,0.0,0.0,,,,,,,,,,,,,,,0
2018-02-03 08:33:00,2018-02-03 08:34:00,CIC,0,,,0.0,0.0,,,,,,,,,,,,,,,0
2018-02-03 08:34:00,2018-02-03 08:35:00,CIC,0,,,0.0,0.0,,,,,,,,,,,,,,,0
2018-02-03 08:35:00,2018-02-03 08:36:00,CIC,0,,,0.0,0.0,,,,,,,,,,,,,,,0
2018-02-03 08:36:00,2018-02-03 08:37:00,CIC,0,,,0.0,0.0,,,,,,,,,,,,,,,0
2018-02-03 08:37:00,2018-02-03 08:38:00,CIC,0,,,0.0,0.0,,,,,,,,,,,,,,,0
2018-02-03 08:38:00,2018-02-03 08:39:00,CIC,0,,,0.0,0.0,,,,,,,,,,,,,,,0
2018-02-03 08:39:00,2018-02-03 08:40:00,CIC,0,,,0.0,0.0,,,,,,,,,,,,,,,0
2018-02-03 08:40:00,2018-02-03 08:41:00,CIC,0,,,0.0,0.0,,,,,,,,,,,,,,,0
2018-02-03 08:41:00,2018-02-03 08:42:00,CIC,0,,,0.0,0.0,,,,,,,,,,,,,,,0
2018-02-03 08:42:00,2018-02-03 08:43:00,CIC,0,,,0.0,0.0,,,,,,,,,,,,,,,0
2018-02-03 08:43:00,2018-02-03 08:44:00,CIC,0,,,0.0,0.0,,,,,,,,,,,,,,,0
2018-02-03 08:44:00,2018-02-03 08:45:00,CIC,0,,,0.0,0.0,,,,,,,,,,,,,,,0
2018-02-03 08:45:00,2018-02-03 08:46:00,CIC,0,,,0.0,0.0,,,,,,,,,,,,,,,0
2018-02-03 08:46:00,2018-02-03 08:47:00,CIC,2334,21576564.84747215,2990.9224507283634,93746.0,86515355.0,26916380917760.504,132743.56882847883,6786.078049835526,0.7806341045415596,0.003427592116538132,0.03299057412167952,0.012853470437017995,0.3080548414738646,0.08697514995715509,0.00728363324764353,0.0,0.012853470437017995,3011.973007712082,2051.6392459297344,0
2018-02-03 08:47:00,2018-02-03 08:48:00,CIC,7240,19827144.506629836,4387.210635359116,130931.0,77427471.0,18996808623113.2,259429.86312262842,18239.555457577597,0.7288674033149172,0.008149171270718233,0.029281767955801105,0.06781767955801105,0.3238950276243094,0.14709944751381215,0.03522099447513812,0.0,0.06781767955801105,3508.718232044199,3681.9309392265195,0
2018-02-03 08:48:00,2018-02-03 08:49:00,CIC,1577,6848977.918199113,18033.7958148383,12383.0,3377920.0,26826809987743.836,163481.2193012901,47607.36576966159,0.5497780596068484,0.0019023462270133164,0.02599873176918199,0.12111604311984782,0.29549778059606846,0.5060240963855421,0.2853519340519975,0.0,0.12111604311984782,5151.611921369689,14166.35573874445,0
2018-02-03 08:49:00,2018-02-03 08:50:00,CIC,2543,13256937.116004718,17087.957137239482,66929.0,60736823.0,33107552759196.375,610267.9722195363,93787.93370251897,0.5395202516712544,0.017695635076681086,0.12465591820684231,0.09398348407392842,0.31262288635469915,0.5277231616201337,0.12780180888714118,0.0,0.09398348407392842,4818.857648446717,7759.357058592214,0
2018-02-03 08:50:00,2018-02-03 08:51:00,CIC,2835,15995793.087477954,12823.958024691357,101880.0,105451413.0,90454274265137.94,566076.6666266558,72755.02770597281,1.0320987654320988,0.016931216931216932,0.09911816578483246,0.09488536155202822,0.54673721340388,0.363668430335097,0.12310405643738977,0.0,0.09488536155202822,5742.8278659612,9227.37671957672,0
2018-02-03 08:51:00,2018-02-03 08:52:00,CIC,1868,14194752.32869379,5375.4619914346895,122365.0,139568767.0,48447068155494.336,149566.74315861185,15521.027237510534,0.5230192719486081,0.004817987152034261,0.026231263383297645,0.15256959314775162,0.39775160599571735,0.21199143468950749,0.0626338329764454,0.0,0.15256959314775162,6082.563704496788,11136.311563169165,0
2018-02-03 08:52:00,2018-02-03 08:53:00,CIC,3322,8275397.009030704,13768.62522576761,28922.0,15167742.0,23241575567026.93,115360.14652436641,17502.77575255777,0.34587597832630945,0.0358217940999398,0.013847080072245636,0.09723058398555087,0.22727272727272727,0.5171583383503914,0.4114990969295605,0.0,0.09723058398555087,3307.1459963877182,6945.994882600843,0
2018-02-03 08:53:00,2018-02-03 08:54:00,CIC,2782,16304972.265636234,6822.038102084831,39673.0,17456228.0,11962555943981.674,188330.69571109134,16290.283783919771,0.6290438533429188,0.004313443565780014,0.03055355859094177,0.08806613946800863,0.3407620416966211,0.18763479511143064,0.058231488138030196,0.0,0.08806613946800863,3828.8540618260245,8543.82135154565,0
2018-02-03 08:54:00,2018-02-03 08:55:00,CIC,1624,15243159.622536946,7845.73645320197,99557.0,116324321.0,30261384029960.004,247385.058659904,27573.05329209246,0.6816502463054187,0.003078817733990148,0.03879310344827586,0.16933497536945813,0.4304187192118227,0.2604679802955665,0.07450738916256158,0.0,0.16933497536945813,5030.546798029557,14074.116379310344,0
2018-02-03 08:55:00,2018-02-03 08:56:00,CIC,2575,15580692.813980583,6989.953009708738,52540.0,37182171.0,19394540011993.617,355395.400572275,32001.402398363465,0.8741747572815534,0.001941747572815534,0.044271844660194175,0.09514563106796116,0.44,0.2170873786407767,0.036893203883495145,0.0,0.09514563106796116,4707.679611650486,8772.918446601941,0
2018-02-03 08:56:00,2018-02-03 08:57:00,CIC,3503,14650633.294890095,6704.793034541822,420468.0,479131967.0,29558230236637.324,238678.60504240368,32785.876192355456,0.6445903511276049,0.004282043962318013,0.04653154439052241,0.0790750785041393,0.3305737938909506,0.23351413074507565,0.047102483585498144,0.0,0.0790750785041393,3927.1650014273478,6190.293748215815,0
2018-02-03 08:57:00,2018-02-03 08:58:00,CIC,1924,9120553.136694387,10333.964656964657,55367.0,57782245.0,17837071237245.812,305832.452340964,32181.253456895076,0.6034303534303534,0.005197505197505198,0.0420997920997921,0.10031185031185032,0.2972972972972973,0.46673596673596673,0.2739085239085239,0.0,0.10031185031185032,4290.723492723493,8969.93399168399,0
2018-02-03 08:58:00,2018-02-03 08:59:00,CIC,1611,15518926.097454997,11865.191806331472,30012.0,18793889.0,32828436404443.734,498093.1381664219,45427.811877693326,0.5015518311607697,0.006207324643078833,0.06207324643078833,0.11855990068280571,0.3196772191185599,0.35505896958410926,0.09124767225325885,0.0,0.11855990068280571,4389.6424581005585,9021.965859714463,0
2018-02-03 08:59:00,2018-02-03 09:00:00,CIC,1169,13030590.582549186,11167.544054747648,10509.0,1737200.0,21376264820308.426,715404.4252070854,57294.572040773535,0.4627887082976903,0.00427715996578272,0.09153122326775022,0.12745936698032506,0.3686911890504705,0.3781009409751925,0.0718562874251497,0.0,0.12745936698032506,6362.030795551754,13442.380667236956,0
2018-02-03 09:00:00,2018-02-03 09:01:00,CIC,4554,16792530.95652174,4287.719367588933,84736.0,51937632.0,14771772511674.463,206172.5902716644,18049.227826123813,0.751207729468599,0.007465963987703118,0.03535353535353535,0.06411945542380325,0.30632411067193677,0.13526570048309178,0.011638120333772508,0.0,0.06411945542380325,3298.142951251647,4371.485507246377,0
2018-02-03 09:01:00,2018-02-03 09:02:00,CIC,1467,14780151.188139059,7543.086571233811,15873.0,5119756.0,31004811617756.145,124616.58898441882,18295.145080979288,0.4996591683708248,0.010906612133605999,0.021813224267211998,0.10497614178595774,0.3994546693933197,0.321745057941377,0.0627130197682345,0.0,0.10497614178595774,5440.718473074301,12203.183367416495,0
2018-02-03 09:02:00,2018-02-03 09:03:00,CIC,1820,10872347.754395604,10615.203296703297,21734.0,9949126.0,42411936222121.8,299597.5579590205,33491.83617716552,0.4461538461538462,0.0,0.03956043956043956,0.09835164835164835,0.3879120879120879,0.4472527472527473,0.06813186813186813,0.0,0.09835164835164835,5193.520329670329,9478.866483516484,0
2018-02-03 09:03:00,2018-02-03 09:04:00,CIC,1509,11474760.512259774,13896.797879390324,11951.0,1926589.0,14270987043254.762,384750.87367729866,82564.74842158517,0.3817097415506958,0.013253810470510271,0.1517561298873426,0.13320079522862824,0.3121272365805169,0.46984758117958914,0.0636182902584493,0.0,0.13320079522862824,4915.214711729623,10224.213386348576,0
2018-02-03 09:04:00,2018-02-03 09:05:00,CIC,1629,17470527.905463476,6609.998772252916,32442.0,21492314.0,23037506447039.785,322069.2571487183,24292.69556497181,0.569060773480663,0.0024554941682013503,0.028238182934315532,0.1841620626151013,0.39594843462246776,0.22406384284837325,0.029465930018416207,0.0,0.1841620626151013,6622.252915899325,12376.534069981584,0
2018-02-03 09:05:00,2018-02-03 09:06:00,CIC,1507,18369679.475116126,6933.054412740544,18111.0,4478980.0,23547182341453.84,216797.357737507,16581.916402305298,0.5189117451891174,0.005972130059721301,0.019907100199071003,0.22561380225613803,0.45056403450564037,0.22627737226277372,0.023888520238885203,0.0,0.22561380225613803,8159.886529528865,15648.823490378234,0
2018-02-03 09:06:00,2018-02-03 09:07:00,CIC,1410,15247461.571631206,6441.329787234043,23652.0,11728863.0,13370387160184.94,264174.6797176315,18527.019884444664,0.4666666666666667,0.0,0.03333333333333333,0.13049645390070921,0.4347517730496454,0.2929078014184397,0.03404255319148936,0.0,0.13049645390070921,6966.570921985815,13427.028368794327,0
2018-02-03 09:07:00,2018-02-03 09:08:00,CIC,1451,14988887.72984149,7853.942798070297,16178.0,5257626.0,17222583485691.055,349710.85693745676,37391.76006333219,0.4900068917987595,0.010337698139214336,0.04893177119228118,0.1667815299793246,0.35837353549276363,0.28738800827015853,0.04066161268090972,0.0,0.1667815299793246,5899.749138525155,12012.62577532736,0
2018-02-03 09:08:00,2018-02-03 09:09:00,CIC,1477,12362503.157752201,7697.7853757616795,22927.0,12164175.0,27505204164109.79,140385.99523109914,25364.389676711304,0.46784021665538256,0.004062288422477996,0.05484089370345294,0.2017603249830738,0.37034529451591064,0.27488151658767773,0.015572105619498984,0.0,0.2017603249830738,4954.3513879485445,12552.002708192282,0
2018-02-03 09:09:00,2018-02-03 09:10:00,CIC,1496,16966637.79278075,6288.983288770053,19597.0,7904669.0,29756611572811.402,122890.26404432992,25145.43495140897,0.5200534759358288,0.006016042780748663,0.030080213903743314,0.19518716577540107,0.4324866310160428,0.22927807486631016,0.02072192513368984,0.0,0.19518716577540107,5806.726604278075,13606.256684491978,0
2018-02-03 09:10:00,2018-02-03 09:11:00,CIC,1225,14000962.63755102,9023.46693877551,20198.0,10637297.0,17713834891212.01,762146.3926685964,47736.96810129514,0.46040816326530615,0.005714285714285714,0.07918367346938776,0.1983673469387755,0.4163265306122449,0.30448979591836733,0.05959183673469388,0.0,0.1983673469387755,5542.527346938776,15899.081632653062,0
2018-02-03 09:11:00,2018-02-03 09:12:00,CIC,1199,13758747.047539616,7027.807339449541,14447.0,3665317.0,12458190265643.934,349964.8290395244,29173.669043141912,0.46371976647206004,0.0016680567139282735,0.045871559633027525,0.237698081734779,0.47706422018348627,0.2610508757297748,0.03502919099249374,0.0,0.237698081734779,6382.95329441201,19659.89908256881,0
2018-02-03 09:12:00,2018-02-03 09:13:00,CIC,1416,16225628.276836159,6282.261299435028,25291.0,13531995.0,23417141360229.555,278112.0268292322,20096.788821560793,0.4915254237288136,0.0035310734463276836,0.043785310734463276,0.1772598870056497,0.4187853107344633,0.23728813559322035,0.0211864406779661,0.0,0.1772598870056497,5736.760593220339,15003.360169491525,0
2018-02-03 09:13:00,2018-02-03 09:14:00,CIC,2494,14313455.826784283,4647.522453889334,38673.0,16944305.0,17718810617423.742,163738.13233758594,13650.58873568508,0.6263031275060145,0.0036086607858861267,0.01884522854851644,0.1206896551724138,0.392542101042502,0.15597433841218925,0.021251002405773857,0.0,0.1206896551724138,4786.323175621492,10756.845629510826,0
2018-02-03 09:14:00,2018-02-03 09:15:00,CIC,2520,11447693.291666666,5551.770238095238,36029.0,17667105.0,11337835773121.83,199497.17996781674,21309.05561127367,0.6309523809523809,0.005158730158730159,0.04325396825396825,0.08095238095238096,0.3376984126984127,0.21944444444444444,0.030555555555555555,0.0,0.08095238095238096,4773.589682539682,7884.846825396826,0
2018-02-03 09:15:00,2018-02-03 09:16:00,CIC,1162,10677892.112736661,7769.526678141136,10680.0,1593530.0,12708014895283.227,329917.61277249595,28544.35207284095,0.39328743545611017,0.006024096385542169,0.05421686746987952,0.2289156626506024,0.5,0.2917383820998279,0.04044750430292599,0.0,0.2289156626506024,6404.8528399311535,21051.86230636833,0
2018-02-03 09:16:00,2018-02-03 09:17:00,CIC,1659,11907098.06148282,3635.1320072332733,19590.0,6534760.0,20826699249558.465,167994.80464557814,6092.017500555798,0.45027124773960214,0.0006027727546714888,0.013261000602772756,0.26883664858348405,0.5093429776974081,0.16877637130801687,0.007836045810729355,0.0,0.26883664858348405,5804.701024713683,15823.195298372513,0
2018-02-03 09:17:00,2018-02-03 09:18:00,CIC,1549,7228561.593285991,4287.652033570045,12034.0,1597852.0,21979901097590.29,210273.92019929976,14097.988395829754,0.3847643641058748,0.0032278889606197547,0.005810200129115558,0.15106520335700452,0.551969012265978,0.3537766300839251,0.023240800516462233,0.0,0.15106520335700452,6671.004519044545,13861.245319561007,0
2018-02-03 09:18:00,2018-02-03 09:19:00,CIC,2771,19928439.557560448,5701.273547455792,51862.0,31124612.0,22192554608078.73,322675.59041055624,18346.92244292103,0.6192710212919523,0.003608805485384338,0.031035727174305305,0.12233850595452905,0.4258390472753519,0.17538794658967882,0.028148682785997834,0.0,0.12233850595452905,5137.52832912306,9933.531577047997,0
2018-02-03 09:19:00,2018-02-03 09:20:00,CIC,969,8561613.936016511,11759.224974200206,8006.0,1092416.0,25152477896393.402,504783.2381550302,53925.97771818573,0.3157894736842105,0.010319917440660475,0.06604747162022703,0.22910216718266255,0.4840041279669763,0.38802889576883387,0.08152734778121776,0.0,0.22910216718266255,7655.643962848298,20231.343653250773,0
2018-02-03 09:20:00,2018-02-03 09:21:00,CIC,1526,12248703.407601573,9214.28112712975,13856.0,2772859.0,35912182670332.81,222417.71200381973,27745.205710445767,0.44954128440366975,0.002621231979030144,0.03866317169069463,0.2018348623853211,0.4030144167758847,0.2837483617300131,0.06028833551769332,0.0,0.2018348623853211,5814.819790301442,14213.828309305374,0
2018-02-03 09:21:00,2018-02-03 09:22:00,CIC,2097,15108903.685741536,8487.049594659036,30394.0,13950009.0,13143661885858.541,543530.1783675301,58216.99718305719,0.48402479732951836,0.009537434430138292,0.100619933237959,0.17787315212207916,0.37720553171196947,0.2827849308536004,0.030042918454935622,0.0,0.17787315212207916,4982.1416309012875,11390.834525512637,0
2018-02-03 09:22:00,2018-02-03 09:23:00,CIC,913,10857280.03833516,10041.435925520263,8623.0,1195805.0,10123111365317.43,47830.1951566749,20996.97955319977,0.3143483023001095,0.007667031763417305,0.023001095290251915,0.2672508214676889,0.5257393209200438,0.3066812705366922,0.05585980284775466,0.0,0.2672508214676889,7388.265060240964,21128.180722891568,0
2018-02-03 09:23:00,2018-02-03 09:24:00,CIC,1473,13341106.849287169,9182.171079429736,13387.0,2983164.0,15965355130671.717,595649.5602006237,49995.55109457014,0.46911065852002715,0.005431093007467753,0.06381534283774609,0.24304141208418195,0.3923964697895451,0.2953156822810591,0.06653088934147998,0.0,0.24304141208418195,5690.98506449423,13707.006109979633,0
2018-02-03 09:24:00,2018-02-03 09:25:00,CIC,937,14593839.505869796,10051.897545357524,9622.0,1765316.0,31141676475430.543,850747.1652728538,55862.767954841926,0.26360725720384204,0.013874066168623266,0.09178228388473852,0.2550693703308431,0.5090715048025614,0.36926360725720386,0.060832443970117396,0.0,0.2550693703308431,6829.434364994664,22255.86446104589,0
2018-02-03 09:25:00,2018-02-03 09:26:00,CIC,1268,15561461.943217665,7208.013406940063,14709.0,3916793.0,29115573025394.02,232230.29031354454,25360.23245971808,0.5039432176656151,0.0031545741324921135,0.026025236593059938,0.17429022082018927,0.45662460567823343,0.22476340694006308,0.04416403785488959,0.0,0.17429022082018927,6110.967665615142,15296.889589905362,0
2018-02-03 09:26:00,2018-02-03 09:27:00,CIC,1043,11100107.511025887,6282.552253116011,9120.0,1209377.0,14241002115449.656,157042.05142105205,16242.865945813437,0.32502396931927136,0.004793863854266539,0.024928092042186004,0.22051773729626079,0.5455417066155321,0.3077660594439118,0.014381591562799617,0.0,0.22051773729626079,7058.665388302972,19692.28859060403,0
2018-02-03 09:27:00,2018-02-03 09:28:00,CIC,3951,17439759.75145533,4529.115920020248,56385.0,25233638.0,15399365898314.28,277870.8175885318,19516.62885514564,0.6729941786889395,0.006327512022272842,0.033409263477600606,0.10959250822576563,0.343204252088079,0.15439129334345736,0.020248038471273096,0.0,0.10959250822576563,4151.046570488484,5891.520121488231,0
2018-02-03 09:28:00,2018-02-03 09:29:00,CIC,1228,9400703.247557003,10221.649022801303,10094.0,1464234.0,16043182658508.268,512675.0424769384,38114.039641267955,0.3469055374592834,0.005700325732899023,0.06270358306188925,0.21986970684039087,0.43159609120521175,0.3265472312703583,0.09039087947882736,0.0,0.21986970684039087,7012.524429967427,18711.784201954397,0
2018-02-03 09:29:00,2018-02-03 09:30:00,CIC,1049,14631908.020019066,14392.038131553862,9615.0,1240569.0,36713825975382.87,456486.0874382578,54541.944933099345,0.3126787416587226,0.002859866539561487,0.055290753098188754,0.24118207816968543,0.4699714013346044,0.446139180171592,0.12392755004766444,0.0,0.24118207816968543,7327.383222116301,21637.38131553861,0
2018-02-03 09:30:00,2018-02-03 09:31:00,CIC,1256,7039045.949044586,13959.692675159236,9114.0,1202141.0,25497951235055.043,696146.3837932739,104728.20598927327,0.2921974522292994,0.025477707006369428,0.17277070063694266,0.15605095541401273,0.37977707006369427,0.4737261146496815,0.04538216560509554,0.0,0.15605095541401273,4865.656050955414,14482.964968152866,0
2018-02-03 09:31:00,2018-02-03 09:32:00,CIC,1318,16646844.10242792,5748.566767830045,29956.0,15185674.0,27385908999994.184,366728.29419468157,25209.446170021376,0.48558421851289835,0.005311077389984826,0.04628224582701062,0.19423368740515934,0.4673748103186646,0.2116843702579666,0.02276176024279211,0.0,0.19423368740515934,5479.475720789074,14464.399848254932,0
2018-02-03 09:32:00,2018-02-03 09:33:00,CIC,2538,13749914.853427896,4776.812450748621,24765.0,6209107.0,16936518958787.824,202400.91583228039,11252.996797779946,0.5606776989755713,0.00512214342001576,0.02442868400315209,0.1111111111111111,0.425531914893617,0.24428684003152087,0.024034672970843184,0.0,0.1111111111111111,4469.513002364066,7778.500394011032,0
2018-02-03 09:33:00,2018-02-03 09:34:00,CIC,951,9546949.662460567,9497.701366982124,11905.0,1641974.0,28559995073810.664,239945.67407969336,24281.813864580352,0.3470031545741325,0.0010515247108307045,0.03680336487907466,0.22187171398527866,0.5173501577287066,0.4037854889589905,0.0946372239747634,0.0,0.22187171398527866,6758.941114616194,19221.537329127234,0
2018-02-03 09:34:00,2018-02-03 09:35:00,CIC,1501,16692403.884743504,9382.676215856096,31381.0,15930073.0,41169108114037.58,305207.7857634963,36035.48608238753,0.46169220519653564,0.006662225183211193,0.06728847435043304,0.15856095936042638,0.42438374417055297,0.30046635576282477,0.05329780146568954,0.0,0.15856095936042638,5244.283144570287,11795.359760159894,0
2018-02-03 09:35:00,2018-02-03 09:36:00,CIC,1119,15130267.53440572,9660.363717605005,14316.0,5139671.0,17007874914798.48,201596.3464285222,48873.30922214665,0.3672922252010724,0.008936550491510277,0.09740840035746202,0.1876675603217158,0.45308310991957107,0.34316353887399464,0.05630026809651475,0.0,0.1876675603217158,6085.307417336908,16497.356568364612,0
2018-02-03 09:36:00,2018-02-03 09:37:00,CIC,1292,12325885.131578946,7147.934210526316,20945.0,10247238.0,31064940248426.508,137896.47129968644,11599.236982243303,0.41640866873065013,0.0030959752321981426,0.02631578947368421,0.18808049535603716,0.4791021671826625,0.30108359133126933,0.03637770897832817,0.0,0.18808049535603716,6150.763931888545,14910.044891640868,0
2018-02-03 09:37:00,2018-02-03 09:38:00,CIC,1113,14380335.504043126,8340.959568733153,14618.0,3215323.0,27345931718020.367,455922.05889503035,33691.36456300308,0.4420485175202156,0.0017969451931716084,0.0646900269541779,0.21473495058400718,0.45103324348607365,0.29559748427672955,0.0664869721473495,0.0,0.21473495058400718,5218.084456424079,14883.061096136567,0
2018-02-03 09:38:00,2018-02-03 09:39:00,CIC,976,13447044.783811476,8374.168032786885,22469.0,10769743.0,15746282985047.832,206993.48077440314,19023.074220530525,0.2858606557377049,0.005122950819672131,0.04815573770491803,0.22438524590163936,0.48258196721311475,0.2725409836065574,0.03483606557377049,0.0,0.22438524590163936,6032.851434426229,18388.054303278688,0
2018-02-03 09:39:00,2018-02-03 09:40:00,CIC,992,11751982.657258065,8948.453629032258,11551.0,2221515.0,22799451704946.297,268141.55029413063,34714.033554188405,0.3326612903225806,0.005040322580645161,0.06854838709677419,0.29939516129032256,0.5403225806451613,0.3004032258064516,0.03931451612903226,0.0,0.29939516129032256,6433.597782258064,23508.417338709678,0
2018-02-03 09:40:00,2018-02-03 09:41:00,CIC,2227,16287169.591378536,5134.449932644814,46681.0,28853892.0,17287742437436.156,227064.3515324374,21703.429113458824,0.6052986079928154,0.003143242029636282,0.03592276605298608,0.12707678491243826,0.38033228558599014,0.1674898967220476,0.01347103726986978,0.0,0.12707678491243826,4161.960484957342,10415.983385720701,0
2018-02-03 09:41:00,2018-02-03 09:42:00,CIC,3023,17687094.228250083,4438.681773073106,55643.0,27387335.0,18171739893272.99,189527.10876168497,15317.66079723043,0.6705259675818723,0.0016539861065167053,0.032748924909030766,0.09626199139927225,0.3466754879259014,0.1508435329143235,0.020509427720807147,0.0,0.09626199139927225,4154.351306649024,7722.192193185577,0
2018-02-03 09:42:00,2018-02-03 09:43:00,CIC,1097,7293002.565177757,12767.773928896991,35594.0,21982699.0,17583960031520.754,168171.22797321304,35650.32239774938,0.4029170464904284,0.004557885141294439,0.027347310847766638,0.22151321786690975,0.4457611668185962,0.3810391978122151,0.11759343664539654,0.0,0.22151321786690975,6429.278942570647,21001.47584320875,0
2018-02-03 09:43:00,2018-02-03 09:44:00,CIC,1470,9768248.636734694,11465.348979591838,19340.0,7291965.0,22667607871093.113,375294.9129741799,34409.90087758263,0.46122448979591835,0.003401360544217687,0.06870748299319727,0.17755102040816326,0.38299319727891157,0.34217687074829933,0.08571428571428572,0.0,0.17755102040816326,5635.9047619047615,13392.737414965986,0
2018-02-03 09:44:00,2018-02-03 09:45:00,CIC,1107,9958231.141824752,8144.8943089430895,51767.0,35316720.0,22744655319745.996,343536.9106240399,21935.220741575373,0.41192411924119243,0.0027100271002710027,0.03071364046973803,0.2719060523938573,0.5031616982836495,0.24480578139114725,0.04607046070460705,0.0,0.2728093947606143,6298.487804878048,19283.488708220415,0
2018-02-03 09:45:00,2018-02-03 09:46:00,CIC,1270,15628576.13070866,5639.365354330708,23156.0,8787301.0,18829057058106.734,68601.44906502051,4893.73812444368,0.5165354330708661,0.0,0.024409448818897637,0.1795275590551181,0.5015748031496063,0.17874015748031497,0.014173228346456693,0.0,0.1795275590551181,6474.735433070866,15015.774803149607,0
2018-02-03 09:46:00,2018-02-03 09:47:00,CIC,1531,14159855.71260614,5931.720444154148,15738.0,3051012.0,23562021389774.633,340843.6675200995,17297.150766142484,0.403004572175049,0.005878510777269758,0.03069888961463096,0.20444154147615937,0.45460483344219466,0.2155453951665578,0.020901371652514697,0.0,0.20444154147615937,5313.578706727629,13984.28870019595,0
2018-02-03 09:47:00,2018-02-03 09:48:00,CIC,1791,13916228.041876046,6222.379676158571,26462.0,10675148.0,16842622958650.906,178707.6905186833,19896.051691908564,0.5019542155220548,0.0016750418760469012,0.018983807928531545,0.16806253489670575,0.4584031267448353,0.2300390843104411,0.029034059184812954,0.0,0.16806253489670575,5879.231155778894,14097.926856504746,0
2018-02-03 09:48:00,2018-02-03 09:49:00,CIC,2366,8098901.494928149,6461.8474218089605,20327.0,3777722.0,9643116672083.227,188618.09632347245,21884.79643946413,0.46999154691462386,0.002113271344040575,0.032121724429416736,0.22020287404902789,0.437447168216399,0.30135249366018596,0.0452240067624683,0.0,0.22020287404902789,5346.093406593406,12244.690617075232,0
2018-02-03 09:49:00,2018-02-03 09:50:00,CIC,1639,15273512.220866382,8556.018913971933,22818.0,6444481.0,16419185671064.105,282467.42277774116,35802.195799262554,0.4643075045759609,0.006101281269066504,0.050030506406345335,0.2324588163514338,0.4423428920073215,0.24954240390482002,0.044539353264185476,0.0,0.2324588163514338,6731.20317266626,17019.845027455765,0
2018-02-03 09:50:00,2018-02-03 09:51:00,CIC,2096,19039780.7490458,7786.529580152672,36487.0,18668594.0,28694616256814.195,162895.80099495727,23327.04817755796,0.5004770992366412,0.004770992366412214,0.0491412213740458,0.2008587786259542,0.446087786259542,0.24188931297709923,0.035305343511450385,0.0,0.2008587786259542,6374.732824427481,12850.665553435114,0
2018-02-03 09:51:00,2018-02-03 09:52:00,CIC,1280,13437519.1671875,8651.1296875,26017.0,10211652.0,10906852443942.484,63079.72850854994,14660.289375989978,0.4125,0.00234375,0.03046875,0.25390625,0.4828125,0.271875,0.04609375,0.0,0.25390625,8054.48359375,20675.31171875,0
2018-02-03 09:52:00,2018-02-03 09:53:00,CIC,1844,15783447.353036877,10364.072125813449,21063.0,4558918.0,22682807314504.79,160093.51007116988,38390.001598162526,0.46637744034707157,0.0070498915401301515,0.050433839479392624,0.19468546637744036,0.39099783080260303,0.3080260303687636,0.06832971800433839,0.0,0.19468546637744036,6599.191973969631,13953.946854663775,0
2018-02-03 09:53:00,2018-02-03 09:54:00,CIC,1249,12852938.190552441,8672.831865492393,18215.0,4534889.0,8801413457160.324,347381.6750375911,36468.733668387315,0.41313050440352284,0.006405124099279423,0.06725380304243395,0.24739791833466773,0.47157726180944753,0.2922337870296237,0.02722177742193755,0.0,0.24739791833466773,8333.767013610888,19702.602081665333,0
2018-02-03 09:54:00,2018-02-03 09:55:00,CIC,3238,18034171.79802347,6108.725138974676,62054.0,32880786.0,16331811997669.555,168010.75401540622,14972.136164901993,0.6411365040148239,0.004632489190858555,0.03705991352686844,0.11334156886967264,0.3820259419394688,0.17387276096355775,0.027177269919703522,0.0,0.11334156886967264,5390.421247683756,10410.409512044473,0
2018-02-03 09:55:00,2018-02-03 09:56:00,CIC,1123,13581981.344612645,10160.966162065895,13182.0,2310007.0,7862959624666.655,40172.086889019156,22900.450573242695,0.3490650044523598,0.009795191451469279,0.024933214603739984,0.28138913624220835,0.5378450578806767,0.3134461264470169,0.07212822796081923,0.0,0.28138913624220835,9674.53517364203,26475.34372217275,0
2018-02-03 09:56:00,2018-02-03 09:57:00,CIC,1296,13684515.576388888,11148.891203703704,12996.0,1755362.0,22289159194000.113,260161.34551136006,26399.594418025634,0.3387345679012346,0.0007716049382716049,0.033179012345679014,0.22762345679012347,0.5046296296296297,0.39969135802469136,0.08873456790123457,0.0,0.22762345679012347,8606.625,19654.716049382718,0
2018-02-03 09:57:00,2018-02-03 09:58:00,CIC,1322,13554577.56354009,12431.192889561271,20631.0,7152342.0,11631352059930.879,449917.71971932956,64965.70415187719,0.3101361573373676,0.015128593040847202,0.12254160363086233,0.2118003025718608,0.4372163388804841,0.4198184568835098,0.059001512859304085,0.0,0.2118003025718608,8041.641452344932,19208.864599092285,0
2018-02-03 09:58:00,2018-02-03 09:59:00,CIC,1273,15335649.124901807,6324.129615082482,15195.0,3848952.0,16755095438876.418,91096.89374226982,6711.863900099655,0.4147682639434407,0.0007855459544383347,0.02749410840534171,0.21916732128829536,0.46190102120974075,0.20502749410840534,0.009426551453260016,0.0,0.21916732128829536,8221.193244304792,18805.620581304007,0
2018-02-03 09:59:00,2018-02-03 10:00:00,CIC,1839,14756790.239804242,6159.31430125068,23202.0,7542243.0,18539652697615.457,210570.29534361733,14244.367913259872,0.5889070146818923,0.004350190320826536,0.025013594344752584,0.1952147906470908,0.40402392604676457,0.1859706362153344,0.025013594344752584,0.0,0.1952147906470908,6668.591082109842,13602.879825992388,0
2018-02-03 10:00:00,2018-02-03 10:01:00,CIC,871,19901342.205510907,9475.545350172215,13970.0,2350265.0,23685345307418.805,38840.78685036635,13293.34446206443,0.22502870264064295,0.003444316877152698,0.021814006888633754,0.38461538461538464,0.5843857634902411,0.3157290470723307,0.03214695752009185,0.0,0.38461538461538464,11138.39150401837,27551.553386911597,0
2018-02-03 10:01:00,2018-02-03 10:02:00,CIC,1177,17610888.002548855,9206.446898895498,18459.0,6648065.0,36858036358766.77,102413.47126611586,33480.46277430412,0.3466440101954121,0.004248088360237893,0.05777400169923534,0.25658453695836875,0.4817332200509771,0.2812234494477485,0.026338147833474938,0.0,0.25658453695836875,8407.92948173322,19381.953271028036,0
2018-02-03 10:02:00,2018-02-03 10:03:00,CIC,1067,15972438.920337394,9294.927835051547,16522.0,4017085.0,27783406078130.99,314758.6521465311,32868.00400184156,0.316776007497657,0.004686035613870665,0.05435801312089972,0.30927835051546393,0.5248359887535146,0.30740393626991563,0.046860356138706656,0.0,0.30927835051546393,9041.411433926898,22781.641049671976,0
2018-02-03 10:03:00,2018-02-03 10:04:00,CIC,2001,15820435.994002998,5583.921039480259,28579.0,10247912.0,10215634879890.787,230081.94800681065,16273.318788420189,0.4897551224387806,0.0,0.02148925537231384,0.13143428285857073,0.4917541229385307,0.3148425787106447,0.02948525737131434,0.0,0.13143428285857073,6687.632683658171,10280.933033483258,0
2018-02-03 10:04:00,2018-02-03 10:05:00,CIC,777,16084968.54054054,10724.722007722008,9214.0,1349062.0,17911332200503.207,437972.3080184264,34867.30476239391,0.28314028314028317,0.009009009009009009,0.09266409266409266,0.25225225225225223,0.5057915057915058,0.40025740025740025,0.07464607464607464,0.0,0.25225225225225223,10100.66924066924,21157.749034749035,0
2018-02-03 10:05:00,2018-02-03 10:06:00,CIC,742,17009507.766846363,13879.417789757412,8073.0,879454.0,11463925874634.037,299328.2661112917,33721.923027768724,0.1954177897574124,0.006738544474393531,0.07412398921832884,0.24123989218328842,0.5107816711590296,0.42048517520215634,0.05256064690026954,0.0,0.24123989218328842,11286.454177897574,21963.656334231808,0
2018-02-03 10:06:00,2018-02-03 10:07:00,CIC,986,14564377.19979716,9600.7261663286,10616.0,1254938.0,12050654579031.78,337635.456281817,30267.09462893576,0.22616632860040567,0.002028397565922921,0.06490872210953347,0.20588235294117646,0.5304259634888439,0.39655172413793105,0.017241379310344827,0.0,0.20588235294117646,10089.470588235294,19892.44827586207,0
2018-02-03 10:07:00,2018-02-03 10:08:00,CIC,1915,16733893.473629244,4986.1227154047,33490.0,15286103.0,9761804615107.285,136437.663402008,7234.33975296511,0.5921671018276763,0.0020887728459530026,0.02454308093994778,0.11436031331592689,0.38746736292428197,0.15091383812010445,0.006266318537859008,0.0,0.11436031331592689,5650.198433420365,10194.980678851174,0
2018-02-03 10:08:00,2018-02-03 10:09:00,CIC,3814,17423782.65941269,4646.9630309386475,52078.0,18803808.0,15193875725681.44,181874.14571851527,11683.880868501985,0.6641321447299423,0.008127949659150499,0.0254326166754064,0.06633455689564761,0.3337703198741479,0.16832721552176194,0.018615626638699527,0.0,0.06633455689564761,4615.334819087572,6257.772155217619,0
2018-02-03 10:09:00,2018-02-03 10:10:00,CIC,1113,14048131.033243487,13691.703504043127,10133.0,1219624.0,14042196917941.885,263595.73850599723,29409.547275549787,0.3971248876909254,0.0026954177897574125,0.028751123090745734,0.20305480682839172,0.4168912848158131,0.3836477987421384,0.11859838274932614,0.0,0.20305480682839172,9278.928122192274,18781.723270440252,0
2018-02-03 10:10:00,2018-02-03 10:11:00,CIC,1553,13086311.562137797,14337.144880875725,16561.0,3500536.0,24379039609339.375,481965.1367264169,72095.14641941285,0.3837733419188667,0.0103026400515132,0.14359304571796522,0.12749517063747584,0.31036703155183515,0.5028976175144881,0.07276239536381197,0.0,0.12749517063747584,6258.251126851255,11256.964584674823,0
2018-02-03 10:11:00,2018-02-03 10:12:00,CIC,1026,14195052.13645224,11260.37037037037,9327.0,1091306.0,7956955801383.581,296987.98144459777,67547.44232052543,0.3079922027290448,0.004873294346978557,0.09649122807017543,0.20175438596491227,0.4191033138401559,0.38791423001949316,0.03313840155945419,0.0,0.20175438596491227,7845.858674463938,16705.56335282651,0
2018-02-03 10:12:00,2018-02-03 10:13:00,CIC,611,19129187.327332243,8253.936170212766,7631.0,968935.0,10515622934958.89,129519.0449689631,6816.1388619277395,0.220949263502455,0.0,0.009819967266775777,0.2945990180032733,0.5891980360065466,0.28314238952536824,0.009819967266775777,0.0,0.2945990180032733,12033.265139116203,25142.06055646481,1
2018-02-03 10:13:00,2018-02-03 10:14:00,CIC,594,17030996.557239056,9848.035353535353,7258.0,816202.0,4052215898967.986,166609.28108897418,9392.994608127094,0.18855218855218855,0.0,0.021885521885521887,0.3434343434343434,0.6481481481481481,0.3164983164983165,0.016835016835016835,0.0,0.3434343434343434,14667.06228956229,27314.890572390574,1
2018-02-03 10:14:00,2018-02-03 10:15:00,CIC,1661,20281351.992775436,6005.909692956051,25421.0,10521618.0,8832316147962.62,146724.668274241,5932.046572936348,0.5484647802528597,0.0012040939193257074,0.02588801926550271,0.11980734497290789,0.4244431065623119,0.19566526189042746,0.012642986152919929,0.0,0.11980734497290789,6613.650210716436,10087.099337748345,1
2018-02-03 10:15:00,2018-02-03 10:16:00,CIC,782,15546702.89258312,10438.056265984655,9590.0,1015470.0,21251148427510.492,71191.19264368535,17199.51220191989,0.3145780051150895,0.0038363171355498722,0.02557544757033248,0.23273657289002558,0.5076726342710998,0.3414322250639386,0.06010230179028133,0.0,0.23273657289002558,10410.212276214834,20691.358056265984,1
2018-02-03 10:16:00,2018-02-03 10:17:00,CIC,1642,15847142.984774666,7539.336175395859,20412.0,6578716.0,14792037429974.797,174294.0377134949,15872.82618332972,0.4853836784409257,0.001218026796589525,0.021315468940316686,0.11632155907429964,0.40803897685749085,0.2630937880633374,0.043239951278928136,0.0,0.11632155907429964,6161.18209500609,9787.107795371498,1
2018-02-03 10:17:00,2018-02-03 10:18:00,CIC,1913,18684502.178254053,7881.193936225824,24942.0,9755402.0,15159136163202.514,510600.7222852288,42638.518922011324,0.4976476738107684,0.01097752221641401,0.05802404600104548,0.12232096184004182,0.4014636696288552,0.279665446941976,0.029796131730266597,0.0,0.12232096184004182,6291.21484579195,8388.06272869838,1
2018-02-03 10:18:00,2018-02-03 10:19:00,CIC,1389,8416581.05975522,9862.011519078475,11900.0,1418544.0,4910127267277.365,278101.04775445635,22487.937293831037,0.3484521238300936,0.0,0.019438444924406047,0.21166306695464362,0.4895608351331893,0.4132469402447804,0.08135349172066235,0.0,0.21166306695464362,7574.735061195104,14307.399568034558,1
2018-02-03 10:19:00,2018-02-03 10:20:00,CIC,1500,11486741.497333333,10061.588666666667,14332.0,2104821.0,8848865622925.523,501483.735448277,38196.65215414985,0.3413333333333333,0.004,0.07133333333333333,0.20333333333333334,0.484,0.42933333333333334,0.04733333333333333,0.0,0.20333333333333334,7371.636,13817.680666666667,1
2018-02-03 10:20:00,2018-02-03 10:21:00,CIC,1068,14007502.32022472,11613.389513108614,9567.0,992722.0,18250317099035.086,302930.121377816,47669.258902374226,0.2687265917602996,0.0056179775280898875,0.07584269662921349,0.2649812734082397,0.48408239700374533,0.4035580524344569,0.03932584269662921,0.0,0.2649812734082397,9534.227528089888,16236.794943820225,1
2018-02-03 10:21:00,2018-02-03 10:22:00,CIC,3431,19265608.237540077,5272.185368697173,65115.0,35251303.0,13868871195730.377,186225.23843846878,11157.9730649462,0.672398717575051,0.0034975225881667153,0.02856310113669484,0.08160886039055669,0.3576216846400466,0.17429320897697465,0.019236374234916934,0.0,0.08160886039055669,4876.237248615564,5419.898571844943,1
2018-02-03 10:22:00,2018-02-03 10:23:00,CIC,1141,10157803.386503067,9544.56879929886,9702.0,1289691.0,8551202105968.235,45487.155005871704,19490.37988697185,0.39263803680981596,0.0026292725679228747,0.020157756354075372,0.25503943908851884,0.4645048203330412,0.3628396143733567,0.06573181419807186,0.0,0.25503943908851884,8110.7616126205085,16194.955302366345,1
2018-02-03 10:23:00,2018-02-03 10:24:00,CIC,1399,12110582.31165118,12406.80343102216,11236.0,1599589.0,26676459982346.44,65348.69954656701,21065.747488993547,0.511794138670479,0.0028591851322373124,0.07290922087205147,0.17441029306647604,0.39671193709792707,0.4431736954967834,0.10221586847748391,0.0,0.17441029306647604,6450.828448892065,10250.96283059328,1
2018-02-03 10:24:00,2018-02-03 10:25:00,CIC,1550,8740870.80516129,10619.18064516129,22900.0,4113303.0,10963390684576.93,475228.78900226194,62540.78047193036,0.3832258064516129,0.003870967741935484,0.10064516129032258,0.24387096774193548,0.44193548387096776,0.40516129032258064,0.054838709677419356,0.0,0.24387096774193548,5484.365161290322,12196.191612903225,1
2018-02-03 10:25:00,2018-02-03 10:26:00,CIC,1746,15955725.825887743,5440.588201603666,24817.0,10783609.0,13180268806430.686,82170.44172519067,6021.9213999443755,0.5698739977090492,0.0,0.013172966781214204,0.15406643757159222,0.3963344788087056,0.2124856815578465,0.015463917525773196,0.0,0.15406643757159222,5422.030355097366,9467.420962199312,1
2018-02-03 10:26:00,2018-02-03 10:27:00,CIC,2413,14009998.973477,5611.733526730211,40156.0,21182310.0,11058716771946.146,346918.1763788083,23701.445998767187,0.6195607128056362,0.0016576875259013675,0.033568172399502695,0.11147948611686698,0.35557397430584337,0.22876087857438873,0.022793203481143803,0.0,0.11147948611686698,5636.04765851637,7891.10940737671,1
2018-02-03 10:27:00,2018-02-03 10:28:00,CIC,1165,10127456.669527898,11334.7339055794,9038.0,1309556.0,10581905445572.02,160608.82965369945,36565.92819019263,0.40600858369098713,0.0,0.022317596566523604,0.20515021459227467,0.4248927038626609,0.4034334763948498,0.04978540772532189,0.0,0.20515021459227467,8280.60600858369,12557.16566523605,1
2018-02-03 10:28:00,2018-02-03 10:29:00,CIC,2184,14840070.90430403,8720.123626373626,55492.0,37593011.0,12163180871109.574,247131.89894839708,37900.73440168653,0.5677655677655677,0.005494505494505495,0.061813186813186816,0.1043956043956044,0.30723443223443225,0.29716117216117216,0.04075091575091575,0.0,0.1043956043956044,5033.882783882784,6694.627747252747,1
2018-02-03 10:29:00,2018-02-03 10:30:00,CIC,1266,12874671.306477094,7937.232227488152,15337.0,5660137.0,7646036327214.58,88737.14424279031,18592.47876674323,0.4731437598736177,0.001579778830963665,0.026066350710900472,0.18641390205371247,0.4470774091627172,0.2962085308056872,0.023696682464454975,0.0,0.18641390205371247,6739.73775671406,12897.627962085307,1
2018-02-03 10:30:00,2018-02-03 10:31:00,CIC,2028,18511755.31903353,6620.035009861933,39725.0,17877219.0,15473380135013.602,347399.446169064,23028.090849533182,0.618836291913215,0.0019723865877712033,0.029585798816568046,0.11932938856015779,0.3732741617357002,0.24309664694280078,0.03057199211045365,0.0,0.11932938856015779,6081.790927021696,8469.527120315583,1
2018-02-03 10:31:00,2018-02-03 10:32:00,CIC,1349,14063477.357301705,10073.810971089697,11099.0,1932280.0,19376421963967.92,295515.4345543372,43304.77239329496,0.43217197924388434,0.007412898443291327,0.061527057079318014,0.20237212750185324,0.3936249073387695,0.37212750185322463,0.048183839881393624,0.0,0.20237212750185324,6400.448480355819,12160.171979243883,1
2018-02-03 10:32:00,2018-02-03 10:33:00,CIC,1409,12160291.86941093,9850.68488289567,26027.0,11022984.0,11286058933046.535,268072.0449605411,25153.359172848566,0.47196593328601844,0.0021291696238466998,0.048970901348474094,0.2313697657913414,0.42299503193754434,0.38325053229240597,0.056068133427963095,0.0,0.2313697657913414,7134.50177430802,12900.869410929738,1
2018-02-03 10:33:00,2018-02-03 10:34:00,CIC,1338,9644293.018684603,9507.303437967115,11060.0,1705394.0,4065030055480.5566,116899.96097539704,23117.104631711558,0.4499252615844544,0.00523168908819133,0.03961136023916293,0.25411061285500747,0.45739910313901344,0.375186846038864,0.04185351270553064,0.0,0.25411061285500747,6928.499252615845,13128.784005979072,1
2018-02-03 10:34:00,2018-02-03 10:35:00,CIC,4919,14333723.903232364,3763.2030900589552,68974.0,28477565.0,9856042061007.955,360926.17039265047,18809.404962861492,0.6836755438097174,0.002642813579995934,0.025005082333807684,0.07216914006911974,0.3559666598902216,0.20329335230737955,0.00955478755844684,0.0,0.07216914006911974,4244.645049806872,4203.269770278512,1
2018-02-03 10:35:00,2018-02-03 10:36:00,CIC,3032,15189158.069920843,6873.857849604222,36765.0,12088256.0,10546650696560.42,194957.51263960204,19496.953761867873,0.6091688654353562,0.007255936675461741,0.01978891820580475,0.12434036939313985,0.36807387862796836,0.24472295514511874,0.03924802110817942,0.0,0.12434036939313985,5306.013192612138,7522.40963060686,1
2018-02-03 10:36:00,2018-02-03 10:37:00,CIC,2062,10900597.874878759,11436.973811833172,33174.0,13388805.0,12386940659067.113,239151.83610712946,35432.044841012,0.4961202715809893,0.0024248302618816685,0.025703200775945685,0.17022308438409312,0.3792434529582929,0.42870999030067897,0.09117361784675072,0.0,0.17022308438409312,6357.507274490786,9710.258001939865,1
2018-02-03 10:37:00,2018-02-03 10:38:00,CIC,2448,11099341.03880719,12164.279003267973,55293.0,30595295.0,12588571326004.61,502178.92146347044,74656.26981135161,0.4440359477124183,0.008169934640522876,0.10620915032679738,0.18423202614379086,0.3451797385620915,0.4616013071895425,0.059640522875817,0.0,0.18423202614379086,5413.8325163398695,9100.748774509804,1
2018-02-03 10:38:00,2018-02-03 10:39:00,CIC,1552,8698731.3125,9770.855670103092,24806.0,9297894.0,5565054810587.435,274515.26812175586,20029.521432008052,0.41365979381443296,0.0019329896907216496,0.05283505154639175,0.3176546391752577,0.4639175257731959,0.38337628865979384,0.04188144329896907,0.0,0.3176546391752577,7284.478092783505,14620.896262886597,1
2018-02-03 10:39:00,2018-02-03 10:40:00,CIC,2129,8373322.982620949,6236.467355565994,25350.0,11706855.0,4467091441777.138,199801.40139847688,16083.128948261834,0.5777360263034288,0.0014091122592766556,0.02160638797557539,0.22498825739783937,0.4316580554250822,0.26632221700328795,0.02160638797557539,0.0,0.22498825739783937,5876.339596054486,10156.651949271958,1
2018-02-03 10:40:00,2018-02-03 10:41:00,CIC,1528,11768906.638743455,8960.275523560209,15546.0,2231419.0,4434616293023.599,370653.2455515982,26899.640536285613,0.4096858638743455,0.005235602094240838,0.05235602094240838,0.30955497382198954,0.4882198952879581,0.3606020942408377,0.0281413612565445,0.0,0.30955497382198954,7327.035994764398,12586.695026178011,1
2018-02-03 10:41:00,2018-02-03 10:42:00,CIC,1468,11014279.988419618,7419.372615803814,19915.0,7695899.0,5780090026108.693,193739.75841205489,10401.089825955087,0.4380108991825613,0.0013623978201634877,0.006811989100817439,0.3010899182561308,0.5272479564032697,0.30517711171662126,0.012942779291553134,0.0,0.3010899182561308,8238.947547683923,12743.108310626703,1
2018-02-03 10:42:00,2018-02-03 10:43:00,CIC,1131,11152876.41821397,8964.930150309461,15784.0,2451610.0,1998047738193.868,51241.20052198866,8597.6595870409,0.3572060123784262,0.0017683465959328027,0.010610079575596816,0.3740053050397878,0.5313881520778072,0.394341290893015,0.029177718832891247,0.0,0.3740053050397878,8886.324491600353,13959.485411140584,1
2018-02-03 10:43:00,2018-02-03 10:44:00,CIC,2103,14768910.577746077,6921.084165477889,29097.0,12199996.0,6830587598065.69,210702.84278197505,15758.476388414818,0.5520684736091298,0.007132667617689016,0.030432715168806468,0.2187351402757965,0.4455539705183072,0.268188302425107,0.019020446980504042,0.0,0.2187351402757965,5750.383262006657,8078.925344745601,1
2018-02-03 10:44:00,2018-02-03 10:45:00,CIC,2027,9642857.891958559,9295.245683275776,17875.0,2646607.0,6432973227088.358,429368.8646454038,30044.23195102436,0.47705969412925503,0.005426739023186976,0.04538727183029107,0.31623088307844105,0.4568327577701036,0.39368524913665515,0.048347311297483965,0.0,0.31623088307844105,6476.215589541194,9093.125308337445,1
2018-02-03 10:45:00,2018-02-03 10:46:00,CIC,3678,5873554.450244698,8737.641653072322,97183.0,58058385.0,2433802341176.007,169426.45481925076,9429.471893804692,0.5236541598694943,0.0002718868950516585,0.014410005437737902,0.3681348558999456,0.4573137574768896,0.42088091353996737,0.028004350190320826,0.0,0.3681348558999456,5447.454866775422,3959.1810766721046,1
2018-02-03 10:46:00,2018-02-03 10:47:00,CIC,4818,11616111.677044416,6962.6222498962225,102725.0,66756911.0,29220731065142.363,140476.31392190672,13568.423421975025,0.7181403071814031,0.0026982150269821504,0.02262349522623495,0.29286010792860107,0.49564134495641343,0.363013698630137,0.014321295143212951,0.0,0.29286010792860107,5551.306143628061,3743.978829389788,1
2018-02-03 10:47:00,2018-02-03 10:48:00,CIC,4446,5145579.184660369,11936.937246963562,66528.0,51343586.0,8398992503524.429,182774.7104031104,27362.924710433424,0.9916779127305443,0.0006747638326585695,0.016644174538911382,0.30476833108412055,0.5155195681511471,0.4471434997750787,0.11313540260908682,0.0,0.30476833108412055,5689.972334682861,3323.910481331534,1
2018-02-03 10:48:00,2018-02-03 10:49:00,CIC,5908,13796441.553148273,7012.179756262694,100704.0,54126686.0,10085372113802.82,233212.06430294775,20121.022533475494,0.6428571428571429,0.003215978334461747,0.03114421123899797,0.15876777251184834,0.3578199052132701,0.27014218009478674,0.03859174001354096,0.0,0.15876777251184834,4421.571767095464,3413.9879823967503,1
2018-02-03 10:49:00,2018-02-03 10:50:00,CIC,2516,4163366.5763116055,7045.10413354531,205368.0,142901962.0,877429132459.5256,190109.30630429712,17706.18900070279,0.5135135135135135,0.001589825119236884,0.010731319554848967,0.178060413354531,0.37201907790143085,0.5826709062003179,0.27503974562798095,0.0,0.178060413354531,5116.885930047695,6906.827901430843,1
2018-02-03 10:50:00,2018-02-03 10:51:00,CIC,2165,8792704.790300231,14623.212009237875,17084.0,1890065.0,9354282948654.916,171202.7554676026,24117.32660264219,0.40277136258660506,0.0018475750577367205,0.026327944572748268,0.2817551963048499,0.4235565819861432,0.5187066974595843,0.12933025404157045,0.0,0.2817551963048499,6814.723325635104,8347.185219399538,1
2018-02-03 10:51:00,2018-02-03 10:52:00,CIC,3511,5417934.232412418,10729.636570777557,27125.0,8117800.0,2521222757364.625,244259.73105849785,46106.4035563789,0.439475932782683,0.008829393335232128,0.07433779549985758,0.3383651381372828,0.41953859299344914,0.48333808031899744,0.03218456280262034,0.0,0.3383651381372828,5222.827114782113,5073.261463970379,1
2018-02-03 10:52:00,2018-02-03 10:53:00,CIC,2274,11405450.084432717,5184.982849604222,24084.0,7247882.0,12339215176064.316,113368.44922744887,6815.148578009425,0.6292875989445911,0.0008795074758135445,0.017150395778364115,0.2339489885664028,0.3966578715919085,0.24802110817941952,0.010114335971855761,0.0,0.2339489885664028,5101.1376429199645,6517.390941072999,1
2018-02-03 10:53:00,2018-02-03 10:54:00,CIC,1828,10431471.495623633,6543.623085339169,18400.0,5487796.0,8210924347250.57,134104.25591856052,16307.08010790007,0.5185995623632386,0.0,0.027899343544857767,0.25601750547045954,0.4272428884026258,0.3068927789934354,0.0175054704595186,0.0,0.25601750547045954,5492.222100656455,8574.827133479212,1
2018-02-03 10:54:00,2018-02-03 10:55:00,CIC,2190,12147490.326940639,8317.918721461187,22653.0,5401567.0,5503743706320.19,148111.72209888021,16630.42593633001,0.536986301369863,0.0013698630136986301,0.026940639269406392,0.2187214611872146,0.4324200913242009,0.3141552511415525,0.047031963470319633,0.0,0.2187214611872146,5908.280365296803,8937.810502283104,1
2018-02-03 10:55:00,2018-02-03 10:56:00,CIC,2456,13046277.643729642,8349.740635179152,32991.0,17729929.0,9445759167060.69,373524.43116354506,35652.882483472036,0.5724755700325733,0.005293159609120521,0.03745928338762215,0.18322475570032573,0.3916938110749186,0.3253257328990228,0.037866449511400654,0.0,0.18322475570032573,5798.7096905537455,7152.517100977198,1
2018-02-03 10:56:00,2018-02-03 10:57:00,CIC,1938,9761303.302889576,8939.19814241486,22375.0,8218994.0,6725950527533.276,149003.2613908969,13383.988798421138,0.4716202270381837,0.0015479876160990713,0.025283797729618165,0.23168214654282765,0.43653250773993807,0.37770897832817335,0.037667698658410735,0.0,0.23168214654282765,6641.38080495356,9186.452012383901,1
2018-02-03 10:57:00,2018-02-03 10:58:00,CIC,2140,11652119.16682243,8870.010280373832,25096.0,12618179.0,9001033419298.959,335049.9710309132,26640.119956109233,0.4780373831775701,0.001869158878504673,0.043457943925233646,0.22009345794392524,0.4102803738317757,0.3719626168224299,0.032242990654205606,0.0,0.22009345794392524,6230.428037383178,8138.835514018691,1
2018-02-03 10:58:00,2018-02-03 10:59:00,CIC,1570,9879149.447133757,10619.435031847133,17948.0,6515753.0,6215183952850.831,334805.3158368491,27374.524103209227,0.44203821656050957,0.001910828025477707,0.05732484076433121,0.27961783439490445,0.44012738853503186,0.4171974522292994,0.06178343949044586,0.0,0.27961783439490445,7171.106369426751,9277.54331210191,1
2018-02-03 10:59:00,2018-02-03 11:00:00,CIC,1793,13204297.847741216,8689.415504740658,24777.0,13231443.0,8052303480894.635,392375.48125269415,23633.36427007496,0.5052983825989961,0.0039040713887339654,0.04796430563301729,0.24428332403792527,0.4210819854991634,0.36809815950920244,0.03625209146681539,0.0,0.24428332403792527,6002.02175125488,7033.250976017847,1
2018-02-03 11:00:00,2018-02-03 11:01:00,CIC,1469,7858970.540503744,10320.994554118448,12146.0,1163031.0,8085676032916.563,166385.13414099297,28712.137799623673,0.3880190605854323,0.006126616746085773,0.055820285908781485,0.2988427501701838,0.4690265486725664,0.43022464261402316,0.04084411164057182,0.0,0.2988427501701838,6801.162014976174,11012.882232811437,1
2018-02-03 11:01:00,2018-02-03 11:02:00,CIC,3805,16000600.508804206,5354.254664914586,70123.0,42483690.0,14842380070759.773,222128.71710153949,15297.26503739764,0.6756898817345598,0.0031537450722733244,0.029434954007884363,0.11116951379763469,0.36898817345597895,0.192904073587385,0.01366622864651774,0.0,0.11116951379763469,4172.6515111695135,5315.37976346912,1
2018-02-03 11:02:00,2018-02-03 11:03:00,CIC,3626,14227804.955598455,5788.408990623277,54514.0,32715560.0,11040212612382.832,145110.8561193314,13617.810927914275,0.6398234969663541,0.0027578599007170436,0.02923331494760066,0.1252068394925538,0.3480419194704909,0.23469387755102042,0.02399338113623828,0.0,0.1252068394925538,4621.451737451737,5238.2040816326535,1
2018-02-03 11:03:00,2018-02-03 11:04:00,CIC,1776,8630752.851914415,14128.11936936937,18103.0,9997165.0,7404593645474.38,184835.71506179773,33734.694915073815,0.4797297297297297,0.0045045045045045045,0.03153153153153153,0.24887387387387389,0.3581081081081081,0.4954954954954955,0.1204954954954955,0.0,0.24887387387387389,5034.918355855856,7440.269707207207,1
2018-02-03 11:04:00,2018-02-03 11:05:00,CIC,2499,11049902.615446178,11078.456982793117,34755.0,19133347.0,12766259405001.209,457249.2276848587,57299.83470034224,0.49019607843137253,0.009203681472589036,0.10524209683873549,0.17807122849139656,0.3557422969187675,0.468187274909964,0.05922368947579031,0.0,0.17807122849139656,4783.264105642257,5696.3181272509,1
2018-02-03 11:05:00,2018-02-03 11:06:00,CIC,2442,9764785.154791154,6676.602784602785,26294.0,13652865.0,5712260111929.332,274290.96382562706,24674.337302337204,0.5028665028665029,0.006142506142506142,0.036855036855036855,0.1850941850941851,0.42465192465192464,0.38001638001638,0.019656019656019656,0.0,0.1850941850941851,5181.572891072891,5996.057739557739,1
2018-02-03 11:06:00,2018-02-03 11:07:00,CIC,3730,5703134.871849866,8073.9372654155495,37281.0,19288756.0,6971109540708.287,130204.37614620497,13317.783142080403,0.5300268096514745,0.0029490616621983914,0.015549597855227882,0.3546916890080429,0.4576407506702413,0.4171581769436997,0.013404825737265416,0.0,0.3546916890080429,5765.713672922252,4485.028686327078,1
2018-02-03 11:07:00,2018-02-03 11:08:00,CIC,2712,5058444.420722714,8679.834439528024,27529.0,13068304.0,5112440059164.962,138450.9605031408,13681.108263585822,0.4797197640117994,0.0029498525073746312,0.0306047197640118,0.37573746312684364,0.4690265486725664,0.4358407079646018,0.018436578171091445,0.0,0.37573746312684364,5424.27691740413,5737.242256637168,1
2018-02-03 11:08:00,2018-02-03 11:09:00,CIC,3818,5694200.968046097,7380.087742273442,31100.0,8050483.0,3619808547972.7495,98012.75995172047,8416.674385103699,0.534049240440021,0.001571503404924044,0.012048192771084338,0.37244630696699843,0.4714510214772132,0.393399685699319,0.009429020429544265,0.0,0.37244630696699843,5526.383446830801,4957.225772655841,1
2018-02-03 11:09:00,2018-02-03 11:10:00,CIC,2955,2615520.111675127,8552.895431472081,16765.0,1311899.0,2944194377291.639,102776.89347879031,6852.77658752489,0.4720812182741117,0.0006768189509306261,0.0054145516074450084,0.45380710659898477,0.5262267343485617,0.46328257191201355,0.012521150592216581,0.0,0.45380710659898477,5955.5147208121825,5104.899153976311,1
2018-02-03 11:10:00,2018-02-03 11:11:00,CIC,2733,11166265.243322356,7021.11818514453,32103.0,11403699.0,6385365964188.004,163330.59631422648,11738.257057399382,0.5492133186974021,0.0014635931211123307,0.015367727771679473,0.28613245517746067,0.4588364434687157,0.3311379436516648,0.010245151847786316,0.0,0.28613245517746067,5781.60519575558,5818.211855104281,1
2018-02-03 11:11:00,2018-02-03 11:12:00,CIC,3889,6424476.200051427,8257.08691180252,34923.0,15061146.0,2726297919730.6333,131954.90167221776,13849.196198786372,0.5327847775777835,0.0023142195937258937,0.022370789406016972,0.34944715865260995,0.4697865775263564,0.4060169709436873,0.014399588583183338,0.0,0.34944715865260995,5729.522499357161,4031.7328362046796,1
2018-02-03 11:12:00,2018-02-03 11:13:00,CIC,3358,4583835.203990471,9095.698630136987,22229.0,2323492.0,4227774183456.8706,68942.87714072141,9902.403249712705,0.5148898153662894,0.0023823704586063135,0.008933889219773675,0.4035139964264443,0.48272781417510424,0.44937462775461584,0.023823704586063133,0.0,0.4035139964264443,5883.297796307325,4178.394580107207,1
2018-02-03 11:13:00,2018-02-03 11:14:00,CIC,3515,4838397.491607397,9468.82332859175,37864.0,19926739.0,4020222073199.9927,191121.41725309394,20009.879916755697,0.4972972972972973,0.005974395448079659,0.033854907539118066,0.3871977240398293,0.46372688477951635,0.46913229018492175,0.01991465149359886,0.0,0.3871977240398293,5380.676813655761,3991.0998577524892,1
2018-02-03 11:14:00,2018-02-03 11:15:00,CIC,3202,3655023.1464709556,9153.917863835102,20066.0,1437851.0,2075721276491.8108,229830.3070029903,15513.503235230717,0.4884447220487195,0.0028107432854465957,0.0221736414740787,0.4241099312929419,0.4971892567145534,0.47158026233604,0.01967520299812617,0.0,0.4241099312929419,5895.921611492817,4642.04309806371,1
2018-02-03 11:15:00,2018-02-03 11:16:00,CIC,6815,12225942.36346295,5805.5195891416,95748.0,52233151.0,8081571081852.59,152463.06578922088,13572.230020690193,0.6641232575201761,0.0038151137197358766,0.020983125458547323,0.20924431401320617,0.3951577402787968,0.26867204695524577,0.011005135730007337,0.0,0.20924431401320617,4540.753631694791,3130.4955245781366,1
2018-02-03 11:16:00,2018-02-03 11:17:00,CIC,3883,4583140.419263456,7983.368787020345,23465.0,1885096.0,5278349557553.199,114764.1896736636,12556.375704964961,0.5055369559618852,0.0010301313417460727,0.012104043265516354,0.3654390934844193,0.45300025753283546,0.42544424414112797,0.026010816379088333,0.0,0.3654390934844193,5394.131341746072,5362.066701004378,1
2018-02-03 11:17:00,2018-02-03 11:18:00,CIC,3832,4977455.637787056,10436.031315240083,36326.0,19896039.0,7426778389027.108,105842.43553002327,19398.370568267426,0.5039144050104384,0.0020876826722338203,0.013569937369519834,0.37265135699373697,0.4553757828810021,0.4744258872651357,0.040970772442588725,0.0,0.37265135699373697,5274.106471816284,4733.760699373695,1
2018-02-03 11:18:00,2018-02-03 11:19:00,CIC,4247,5158763.436307983,9706.036496350365,33560.0,8706475.0,3513626558601.053,247903.4356739164,31776.849689455303,0.5142453496585825,0.006828349423122204,0.0593360018836826,0.33388274075818225,0.4127619496114905,0.45702849069931717,0.02943254061690605,0.0,0.33388274075818225,4946.803861549329,4159.1657640687545,1
2018-02-03 11:19:00,2018-02-03 11:20:00,CIC,5139,9013748.936563535,6113.026658883051,72108.0,43808085.0,6161484469944.334,173869.53333849448,7578.970520363122,0.6205487448920023,0.002918855808523059,0.01303755594473633,0.27845884413309985,0.42128818836349485,0.3117338003502627,0.008561977038334306,0.0,0.27845884413309985,4666.062268923915,3837.7513134851138,1
2018-02-03 11:20:00,2018-02-03 11:21:00,CIC,5991,7225495.292438658,6114.330996494742,49296.0,11885727.0,5070170682215.71,144936.6968807076,12241.689001964338,0.5867134034384911,0.0030045067601402104,0.012685695209480888,0.2383575363044567,0.42513770655983973,0.357035553329995,0.013353363378400934,0.0,0.2383575363044567,5200.881989651143,3766.519612752462,1
2018-02-03 11:21:00,2018-02-03 11:22:00,CIC,3684,4088371.158794788,10232.929695982628,34816.0,19338972.0,4103353188401.721,137335.31757960914,19478.39498489029,0.507600434310532,0.003528773072747014,0.020901194353963082,0.3808360477741585,0.4611834961997828,0.4733984799131379,0.04017372421281216,0.0,0.3808360477741585,5808.106948968512,5482.904180238871,1
2018-02-03 11:22:00,2018-02-03 11:23:00,CIC,3937,4767645.5796291595,10105.536195072391,27296.0,4195546.0,4262837692965.8115,260445.05628054164,37458.34691880681,0.4696469392938786,0.004826009652019304,0.048260096520193044,0.3683007366014732,0.44729489458978916,0.47396494792989585,0.020574041148082298,0.0,0.3683007366014732,5453.521463042926,5844.5885191770385,1
2018-02-03 11:23:00,2018-02-03 11:24:00,CIC,3654,4386991.311986864,8609.573891625616,42573.0,25552846.0,2973679315750.1797,97657.76035214747,16808.944344881143,0.5207991242474002,0.0024630541871921183,0.023809523809523808,0.3946360153256705,0.47865353037766833,0.43486590038314177,0.011494252873563218,0.0,0.3946360153256705,5446.775588396278,5180.34564860427,1
2018-02-03 11:24:00,2018-02-03 11:25:00,CIC,3325,4206125.000902256,8107.30947368421,24838.0,3756996.0,2076084859784.516,63254.87054594482,11371.0308884079,0.5124812030075188,0.002105263157894737,0.011729323308270676,0.42406015037593986,0.49142857142857144,0.43609022556390975,0.0081203007518797,0.0,0.42406015037593986,5746.778045112782,4966.950676691729,1
2018-02-03 11:25:00,2018-02-03 11:26:00,CIC,3341,4682155.7273271475,8444.291828793774,34372.0,19143668.0,3074597193046.8477,231710.81291602942,12926.188198866459,0.5031427716252619,0.0008979347500748278,0.018856629751571385,0.42891349895240943,0.5022448368751871,0.44657288237054776,0.01346902125112242,0.0,0.42891349895240943,5758.11493564801,5476.769530080815,1
2018-02-03 11:26:00,2018-02-03 11:27:00,CIC,4109,6818306.939157946,7320.701387198832,44630.0,15250978.0,5034775027394.906,183217.54531334664,13524.413251534239,0.535410075444147,0.0021903139449987834,0.015575565831102457,0.3424190800681431,0.4760282307130689,0.38914577756145047,0.007544414699440253,0.0,0.3424190800681431,5382.01192504259,4608.111706011195,1
2018-02-03 11:27:00,2018-02-03 11:28:00,CIC,3431,4567979.534538035,7968.333721946954,33789.0,18848181.0,3748498470242.409,38750.100453529034,6754.228059173588,0.496356747303993,0.001457301078402798,0.009326726901777908,0.4170795686388808,0.49956280967647915,0.42757213640338093,0.006703584960652871,0.0,0.4170795686388808,5763.781987758671,5343.874963567473,1
2018-02-03 11:28:00,2018-02-03 11:29:00,CIC,6566,11163446.814346634,5940.192354553762,96107.0,45409363.0,8902617637877.93,132674.19317349454,9263.397352188582,0.6460554371002132,0.0028936947913493754,0.019342065184282668,0.2094121230581785,0.3834907097167225,0.2715504112092598,0.01416387450502589,0.0,0.2094121230581785,4407.425525434054,2971.856990557417,1
2018-02-03 11:29:00,2018-02-03 11:30:00,CIC,5474,8942797.218487395,7441.909024479357,54743.0,25450582.0,7731622567120.188,229345.43579273083,21883.383407901074,0.5853123858238948,0.0047497259773474606,0.03215199123127512,0.2524662038728535,0.3847278041651443,0.35421994884910485,0.027584947022287174,0.0,0.2524662038728535,4538.095177201315,3324.129704055535,1
2018-02-03 11:30:00,2018-02-03 11:31:00,CIC,3891,4474506.337445387,11416.020303263942,23070.0,1801041.0,5164225421277.486,144037.33438382315,17907.533014703757,0.5052685684913903,0.0025700334104343356,0.023387304034952455,0.3546646106399383,0.4271395528141866,0.47905422770496014,0.06527884862503212,0.0,0.3546646106399383,5386.028013364174,4441.673605756875,1
2018-02-03 11:31:00,2018-02-03 11:32:00,CIC,4009,4811739.531055126,11150.812172611624,35055.0,18681655.0,7546685279164.955,430902.99452211015,50893.32793680346,0.4657021701172362,0.009229234222998255,0.08156647543028187,0.3414816662509354,0.40583686704913946,0.5245697181341981,0.032676477924669496,0.0,0.3414816662509354,5187.101521576453,3660.2130207034174,1
2018-02-03 11:32:00,2018-02-03 11:33:00,CIC,3823,5964936.631964426,7530.38425320429,29256.0,5939355.0,5702959925729.764,143186.70020171898,12976.657358487655,0.5333507716453048,0.0018310227569971226,0.016217630133403087,0.3612346324875752,0.4588019879675647,0.3981166623070887,0.011509285901124771,0.0,0.3612346324875752,5291.15275961287,3894.3808527334554,1
2018-02-03 11:33:00,2018-02-03 11:34:00,CIC,3722,6859191.806824288,8022.65797958087,44322.0,24737528.0,2912921824710.624,76549.87976545354,9178.230239982855,0.5284793121977431,0.0018807092960773778,0.009134873723804407,0.37748522299838794,0.4744760881246642,0.415368081676518,0.02015045674368619,0.0,0.37748522299838794,5709.502149382052,4617.796614723267,1
2018-02-03 11:34:00,2018-02-03 11:35:00,CIC,3949,7052311.8637629775,7929.0701443403395,41787.0,16164762.0,6762353062134.593,97773.5984508311,10950.620233110545,0.5338060268422385,0.0012661433274246644,0.014687262598126107,0.34996201570017726,0.46290200050645736,0.40136743479361864,0.014940491263611041,0.0,0.34996201570017726,5823.577361357306,4437.147125854647,1
2018-02-03 11:35:00,2018-02-03 11:36:00,CIC,3484,5663285.644374282,7729.683696900115,43590.0,23667661.0,5209081608938.593,314654.327529216,27475.327116703065,0.5022962112514351,0.004592422502870264,0.02812858783008037,0.2807118254879449,0.45464982778415614,0.4190585533869116,0.022962112514351322,0.0,0.2807118254879449,5591.545350172216,5422.23392652124,1
2018-02-03 11:36:00,2018-02-03 11:37:00,CIC,1732,7599114.682448037,8698.607967667436,14666.0,2613919.0,3068141612840.9517,178930.48373533727,18196.4573902455,0.38625866050808316,0.0040415704387990765,0.034064665127020784,0.27886836027713624,0.4722863741339492,0.4387990762124711,0.025981524249422634,0.0,0.27886836027713624,6993.048498845265,10495.2396073903,1
2018-02-03 11:37:00,2018-02-03 11:38:00,CIC,1601,13445711.575890068,6904.4409743910055,19347.0,7019168.0,11341459545207.496,53531.7334509969,3451.8207510485563,0.4853216739537789,0.0,0.021236727045596503,0.2798251093066833,0.5003123048094941,0.29606495940037475,0.007495315427857589,0.0,0.2798251093066833,6416.966271080574,9428.479075577763,1
2018-02-03 11:38:00,2018-02-03 11:39:00,CIC,1472,12503942.30638587,7741.527173913043,14111.0,1875952.0,5836693374476.472,100217.84703098201,8935.172829374966,0.44429347826086957,0.001358695652173913,0.021059782608695652,0.30027173913043476,0.4782608695652174,0.33152173913043476,0.027853260869565216,0.0,0.30027173913043476,7559.173233695652,10978.823369565218,1
2018-02-03 11:39:00,2018-02-03 11:40:00,CIC,1243,9701907.489139179,10366.708769107,9209.0,1009755.0,6310685550478.897,132127.31313069997,11019.933568529324,0.3676588897827836,0.0008045052292839903,0.014481094127111826,0.36283185840707965,0.5317779565567177,0.4102976669348351,0.04907481898632341,0.0,0.36283185840707965,7603.88817377313,13391.95414320193,1
2018-02-03 11:40:00,2018-02-03 11:41:00,CIC,1634,11059381.67380661,9724.7576499388,22653.0,8808155.0,8477395787535.931,191937.90757135063,28516.189217208223,0.4283965728274174,0.004283965728274173,0.052019583843329255,0.2711138310893513,0.4755201958384333,0.3935128518971848,0.02937576499388005,0.0,0.2711138310893513,7377.708690330477,11067.490208078336,1
2018-02-03 11:41:00,2018-02-03 11:42:00,CIC,1129,8962298.417183349,9296.795394154118,8488.0,1086808.0,4227389754727.8096,92450.0436982864,14286.218897704417,0.3436669619131975,0.002657218777679362,0.015943312666076175,0.3755535872453499,0.537643932683791,0.39681133746678476,0.015943312666076175,0.0,0.3755535872453499,8709.653675819309,12986.466784765278,1
2018-02-03 11:42:00,2018-02-03 11:43:00,CIC,3285,17630981.47853881,5581.878538812785,59320.0,33678933.0,10630807149727.52,295609.4007546773,18911.359850921537,0.6423135464231354,0.007001522070015221,0.024048706240487064,0.13211567732115678,0.37838660578386607,0.2121765601217656,0.01796042617960426,0.0,0.13211567732115678,4874.351598173516,5490.023135464231,1
2018-02-03 11:43:00,2018-02-03 11:44:00,CIC,1474,6931820.222523745,11101.113975576662,10531.0,1216293.0,2833427021565.3057,140724.65114720742,16949.515698713265,0.39077340569877883,0.0033921302578018998,0.023066485753052916,0.291044776119403,0.4789687924016282,0.40094979647218454,0.04748982360922659,0.0,0.291044776119403,7577.62143826323,12347.225237449118,1
2018-02-03 11:44:00,2018-02-03 11:45:00,CIC,2509,13664528.89039458,8817.454762853726,33904.0,16476964.0,12053829204501.623,330242.7809980403,21324.222080462656,0.5707453168593065,0.00438421681944998,0.03427660422479075,0.1725787166201674,0.374651255480271,0.3132722200079713,0.04065364687126345,0.0,0.1725787166201674,5274.415703467517,7022.589079314468,1
2018-02-03 11:45:00,2018-02-03 11:46:00,CIC,2153,9276745.57826289,10070.44078030655,16316.0,2853041.0,4570742510298.787,244468.1493488743,43361.42945804209,0.46632605666511845,0.013469577333952624,0.07849512308406874,0.19647004180213656,0.3822573153738969,0.4003715745471435,0.04366000928936368,0.0,0.19647004180213656,5875.956339990711,8224.092893636785,1
2018-02-03 11:46:00,2018-02-03 11:47:00,CIC,2126,9919665.218720602,7987.16698024459,26998.0,13345296.0,14907878635433.373,115573.43023963447,11625.903332916658,0.5070555032925682,0.0009407337723424271,0.023047977422389464,0.19285042333019756,0.4021636876763876,0.3222013170272813,0.029633113828786452,0.0,0.19285042333019756,5859.329727187206,8118.662276575729,1
2018-02-03 11:47:00,2018-02-03 11:48:00,CIC,2136,10560428.254213484,8652.62265917603,16831.0,2954416.0,7860131942303.341,194974.36460562557,28382.58662276302,0.46722846441947563,0.007022471910112359,0.04728464419475655,0.20084269662921347,0.4101123595505618,0.34222846441947563,0.028089887640449437,0.0,0.20084269662921347,5941.282303370786,9082.956928838952,1
2018-02-03 11:48:00,2018-02-03 11:49:00,CIC,1406,9598397.803698435,10620.054765291607,19096.0,9582262.0,2602083690534.419,30632.003452177578,13891.86613996081,0.42318634423897583,0.002844950213371266,0.02418207681365576,0.3015647226173542,0.4850640113798009,0.39758179231863444,0.05476529160739687,0.0,0.3015647226173542,7401.0106685633,12131.370554765292,1
2018-02-03 11:49:00,2018-02-03 11:50:00,CIC,2090,12388413.489473684,7230.924401913876,24582.0,9467181.0,11124297612461.154,204246.79905297223,18410.769696041632,0.5454545454545454,0.006220095693779904,0.03253588516746411,0.19856459330143542,0.40095693779904307,0.2985645933014354,0.019138755980861243,0.0,0.19856459330143542,5557.040191387559,7975.311004784689,1
2018-02-03 11:50:00,2018-02-03 11:51:00,CIC,1325,10582112.549433962,8417.04,18397.0,9539429.0,974245677246.1802,122505.93644221255,11478.494907216975,0.38264150943396225,0.0,0.022641509433962263,0.3169811320754717,0.510188679245283,0.41132075471698115,0.021132075471698115,0.0,0.3169811320754717,7798.804528301886,12307.695849056603,1
2018-02-03 11:51:00,2018-02-03 11:52:00,CIC,3859,12686194.23088883,5144.869914485618,51585.0,28013357.0,9328121738110.863,301805.9491923426,17717.120829085412,0.6537963202902306,0.003627882871210158,0.017362010883648613,0.10158072039388442,0.3778180875874579,0.25576574242031613,0.013215859030837005,0.0,0.10158072039388442,4762.2394402695,4214.096138896087,1
2018-02-03 11:52:00,2018-02-03 11:53:00,CIC,1819,9298284.915887851,9923.258933479934,24670.0,12826191.0,2700521863079.136,131817.68908704593,28498.96095457495,0.4392523364485981,0.007146783947223749,0.04892798240791644,0.24354040681693237,0.43870258383727323,0.39692138537658056,0.05002748763056625,0.0,0.24354040681693237,7211.782297965915,11789.18691588785,1
2018-02-03 11:53:00,2018-02-03 11:54:00,CIC,2215,12260662.021670429,8919.87223476298,20068.0,5108144.0,8674956209065.701,210941.16734322943,24314.790394863754,0.5286681715575621,0.003160270880361174,0.019413092550790066,0.1986455981941309,0.381941309255079,0.3182844243792325,0.040632054176072234,0.0,0.1986455981941309,6090.908803611738,7790.495259593679,1
2018-02-03 11:54:00,2018-02-03 11:55:00,CIC,1565,8015884.670926518,12743.139936102236,19379.0,9666617.0,3482614403935.7725,616916.7178708359,59572.82447723279,0.36996805111821085,0.0134185303514377,0.09840255591054313,0.28626198083067095,0.43130990415335463,0.48434504792332267,0.049201277955271565,0.0,0.28626198083067095,7699.69840255591,11762.938019169329,1
2018-02-03 11:55:00,2018-02-03 11:56:00,CIC,2495,16276212.801202405,7204.551903807615,37821.0,20596051.0,10659237756956.205,248550.6452367167,20593.625937597168,0.5643286573146292,0.0012024048096192384,0.030460921843687375,0.19278557114228456,0.4288577154308617,0.26533066132264527,0.023647294589178358,0.0,0.19278557114228456,5637.264529058116,8114.72625250501,1
2018-02-03 11:56:00,2018-02-03 11:57:00,CIC,2243,12252280.037004013,7318.813642443157,35488.0,22818900.0,6114804653887.083,178023.68999429158,19018.05976442324,0.543468568880963,0.003120820329915292,0.034774855104770394,0.1966116807846634,0.4159607668301382,0.3152028533214445,0.020954079358002677,0.0,0.1966116807846634,5967.723584485065,8184.796255015604,1
2018-02-03 11:57:00,2018-02-03 11:58:00,CIC,1697,9825813.738361815,11148.520919269298,19313.0,10103135.0,10624671843047.412,129739.3562310319,20833.997611448754,0.45197407189157335,0.002357100766057749,0.01767825574543312,0.26812021213906895,0.44843842074248674,0.4048320565704184,0.05892751915144372,0.0,0.26812021213906895,7299.093694755451,11346.223924572776,1
2018-02-03 11:58:00,2018-02-03 11:59:00,CIC,1865,11222370.091689007,10247.040214477212,29694.0,19689769.0,6863334526049.0625,261206.96755839165,54756.04635481451,0.4289544235924933,0.005898123324396783,0.0772117962466488,0.25361930294906165,0.41126005361930296,0.40214477211796246,0.023056300268096516,0.0,0.25361930294906165,6297.063806970509,9809.386595174263,1
2018-02-03 11:59:00,2018-02-03 12:00:00,CIC,1915,15127453.296605743,7052.1148825065275,33042.0,19863532.0,7773945210849.62,174316.47300058117,13660.240841478559,0.5493472584856397,0.0020887728459530026,0.03237597911227154,0.22924281984334205,0.43342036553524804,0.2934725848563969,0.019321148825065273,0.0,0.22924281984334205,6055.250652741514,8296.372845953003,1
2018-02-03 12:00:00,2018-02-03 12:01:00,CIC,1546,10187265.675937904,8497.330530401036,29050.0,20893562.0,13982599102496.404,324222.2894647634,21869.29448162932,0.47283311772315656,0.005821474773609315,0.03040103492884864,0.296248382923674,0.4715394566623545,0.36610608020698576,0.0258732212160414,0.0,0.296248382923674,8151.106080206986,11837.239327296249,1
2018-02-03 12:01:00,2018-02-03 12:02:00,CIC,1666,14320764.93637455,8214.047418967588,24695.0,13966788.0,9999519915672.916,148731.04956459044,14974.095097918807,0.4897959183673469,0.0024009603841536613,0.025210084033613446,0.27310924369747897,0.4447779111644658,0.3397358943577431,0.02100840336134454,0.0,0.27310924369747897,6516.59243697479,10132.454981992798,1
2018-02-03 12:02:00,2018-02-03 12:03:00,CIC,2652,14231534.718702866,6345.156108597285,43820.0,27397570.0,10835567673838.537,119880.02591214677,12524.382539669783,0.5999245852187028,0.003393665158371041,0.03129713423831071,0.1689291101055807,0.38461538461538464,0.25452488687782804,0.021116138763197588,0.0,0.1689291101055807,5181.595399698341,7270.243212669683,1
2018-02-03 12:03:00,2018-02-03 12:04:00,CIC,1373,8854240.692643845,12087.217771303714,14611.0,7409634.0,1940590481231.8645,303549.69212332036,28939.74368467404,0.4289876183539694,0.005826656955571741,0.02986161689730517,0.3211944646758922,0.4420975965040058,0.46613255644573925,0.07356154406409322,0.0,0.3211944646758922,8174.485069191552,12016.045156591406,1
2018-02-03 12:04:00,2018-02-03 12:05:00,CIC,2182,8453937.67827681,8115.376260311641,28062.0,13676732.0,4300483225565.0933,198869.80050566193,19894.855688546846,0.5123739688359303,0.002749770852428964,0.03253895508707608,0.23006416131989002,0.4303391384051329,0.2997250229147571,0.0307057745187901,0.0,0.23006416131989002,6030.473877176902,10066.25022914757,1
2018-02-03 12:05:00,2018-02-03 12:06:00,CIC,1541,6039226.385463985,7974.024659312135,12384.0,1964040.0,1479495016248.5925,104835.57729199066,6840.173557602055,0.4172615184944841,0.0006489292667099286,0.02336145360155743,0.3264114211550941,0.5288773523685918,0.3303049967553537,0.011031797534068787,0.0,0.3264114211550941,7586.19922128488,12737.133679428942,1
2018-02-03 12:06:00,2018-02-03 12:07:00,CIC,1960,5440606.302040816,5541.395918367347,15212.0,1431820.0,1142110004740.9556,237870.65000623075,11545.502109077634,0.3903061224489796,0.0,0.012244897959183673,0.27448979591836736,0.564795918367347,0.413265306122449,0.01020408163265306,0.0,0.27448979591836736,7492.444387755102,11035.135714285714,1
2018-02-03 12:07:00,2018-02-03 12:08:00,CIC,1301,9471533.92083013,7376.643351268255,10737.0,1313531.0,1625409747744.932,96296.18476753397,6008.408189814386,0.3543428132205995,0.0,0.006149116064565719,0.39584934665641813,0.5757109915449654,0.345119139123751,0.004611837048424289,0.0,0.39584934665641813,8356.52959262106,16215.757878554958,1
2018-02-03 12:08:00,2018-02-03 12:09:00,CIC,1877,13435932.192860948,6735.267980820458,24651.0,8212037.0,5955681643938.213,107509.5356149635,6355.972857320469,0.5327650506126798,0.002131060202450719,0.013851891315929675,0.2402770378263186,0.45711241342567926,0.2674480554075653,0.009057005860415556,0.0,0.2402770378263186,6499.374533830581,9004.70431539691,1
2018-02-03 12:09:00,2018-02-03 12:10:00,CIC,2811,14764213.12522234,5842.691924581999,28854.0,7115121.0,16656560919401.482,205030.25974559167,15187.390035006636,0.5923159018143009,0.0035574528637495554,0.0192102454642476,0.1575951618641053,0.40946282461757383,0.22732123799359658,0.026680896478121666,0.0,0.1575951618641053,5257.693347563145,7933.107790821771,1
2018-02-03 12:10:00,2018-02-03 12:11:00,CIC,2042,12478386.103330068,8188.949559255631,24039.0,8415690.0,6424235947557.922,100685.6433405084,17403.335164013584,0.4931439764936337,0.0019588638589618022,0.01665034280117532,0.2218413320274241,0.44123408423114596,0.31929480901077373,0.034280117531831536,0.0,0.2218413320274241,7040.257100881488,10453.523016650342,1
2018-02-03 12:11:00,2018-02-03 12:12:00,CIC,1749,6967441.070897656,10718.146369353917,13043.0,2394837.0,10517067395579.395,345690.09075021365,34695.5200893575,0.5317324185248714,0.0017152658662092624,0.051457975986277875,0.24642652944539736,0.41909662664379643,0.42424242424242425,0.07318467695826186,0.0,0.24642652944539736,6092.034877072613,8759.3704974271,1
2018-02-03 12:12:00,2018-02-03 12:13:00,CIC,1917,8549068.3448096,9444.56285863328,21498.0,4520178.0,9223789530627.121,269905.73416895006,36386.530292630276,0.4715701617110068,0.004694835680751174,0.07772561293688054,0.26291079812206575,0.41001564945226915,0.40688575899843504,0.056859676577986434,0.0,0.26291079812206575,6028.57381324987,8521.180490349505,1
2018-02-03 12:13:00,2018-02-03 12:14:00,CIC,1396,13186428.866045846,8139.835243553009,16223.0,5087243.0,7085610907978.92,115921.98397463904,10769.286786557517,0.47564469914040114,0.009312320916905445,0.045845272206303724,0.2507163323782235,0.4835243553008596,0.28724928366762176,0.03151862464183381,0.0,0.2507163323782235,7787.295128939828,15843.9111747851,1
2018-02-03 12:14:00,2018-02-03 12:15:00,CIC,1535,11145065.622149836,8523.657328990228,22036.0,9935409.0,7950276748260.872,156474.22689439706,23731.20971370595,0.44560260586319217,0.0,0.02996742671009772,0.32638436482084693,0.48925081433224754,0.35700325732899024,0.03257328990228013,0.0,0.32638436482084693,7426.429315960912,13099.86319218241,1
2018-02-03 12:15:00,2018-02-03 12:16:00,CIC,1235,9102692.264777329,9247.281781376518,9777.0,1129948.0,2483473356943.724,52802.75570163496,7765.9746238279795,0.3255060728744939,0.0008097165991902834,0.008097165991902834,0.4234817813765182,0.5595141700404859,0.37894736842105264,0.015384615384615385,0.0,0.4234817813765182,7866.917408906883,15231.623481781377,1
2018-02-03 12:16:00,2018-02-03 12:17:00,CIC,2625,13000752.477714285,5823.8190476190475,30227.0,12261554.0,11283531751547.775,115918.90360080221,14467.596346187931,0.576,0.0034285714285714284,0.027047619047619046,0.15619047619047619,0.368,0.2540952380952381,0.01638095238095238,0.0,0.15619047619047619,5075.715047619047,5789.953904761905,1
2018-02-03 12:17:00,2018-02-03 12:18:00,CIC,1323,7675110.258503402,9067.78231292517,10209.0,1270638.0,5190360334281.73,97365.85458589332,18991.89102060076,0.35827664399092973,0.0022675736961451248,0.022675736961451247,0.34618291761148906,0.5336356764928194,0.3801965230536659,0.019652305366591082,0.0,0.34618291761148906,7803.874527588813,13534.820105820107,1
2018-02-03 12:18:00,2018-02-03 12:19:00,CIC,2830,13796860.84770318,7392.101766784453,34200.0,12735760.0,8463369213866.107,327761.97429458366,18616.65731558676,0.6014134275618375,0.0038869257950530037,0.028268551236749116,0.15830388692579506,0.37526501766784454,0.26501766784452296,0.040282685512367494,0.0,0.15830388692579506,5073.778445229682,7281.975971731449,1
2018-02-03 12:19:00,2018-02-03 12:20:00,CIC,2024,10379534.95256917,8350.90266798419,22445.0,7873719.0,7344725838154.685,251280.1714908341,33711.73506007596,0.4688735177865613,0.00691699604743083,0.0533596837944664,0.25,0.4431818181818182,0.3364624505928854,0.026185770750988144,0.0,0.25,6800.494071146245,11841.963932806324,1
2018-02-03 12:20:00,2018-02-03 12:21:00,CIC,1717,11509359.60629004,8847.993593476995,15619.0,2163541.0,13389640354787.443,318787.9588584978,25377.29525976552,0.48631333721607456,0.0017472335468841002,0.035527082119976704,0.25334886429819453,0.43564356435643564,0.35294117647058826,0.037274315666860805,0.0,0.25334886429819453,6653.91613278975,10006.985439720444,1
2018-02-03 12:21:00,2018-02-03 12:22:00,CIC,1748,7166451.883867277,10091.565789473685,11530.0,1181052.0,1075852710344.404,221431.4495632816,40953.1399615849,0.36041189931350115,0.005720823798627002,0.05320366132723112,0.284324942791762,0.4765446224256293,0.4668192219679634,0.03546910755148741,0.0,0.284324942791762,6451.028604118993,10714.41819221968,1
2018-02-03 12:22:00,2018-02-03 12:23:00,CIC,2810,10605529.649110321,6650.645551601424,27248.0,6026801.0,6585349069057.266,321807.0390064366,26117.093677269128,0.5338078291814946,0.008540925266903915,0.043772241992882564,0.17402135231316726,0.42562277580071173,0.31494661921708184,0.020284697508896797,0.0,0.17402135231316726,5753.993950177936,7877.564768683274,1
2018-02-03 12:23:00,2018-02-03 12:24:00,CIC,1758,9951520.843003413,8437.058589306029,15523.0,3365333.0,5518853318678.819,129463.46598262989,18120.815921411187,0.46757679180887374,0.006825938566552901,0.023321956769055744,0.2912400455062571,0.46188850967007966,0.3333333333333333,0.032423208191126277,0.0,0.2912400455062571,6750.430602957907,11677.935722411832,1
2018-02-03 12:24:00,2018-02-03 12:25:00,CIC,1797,15362890.422370618,7702.710072342794,34464.0,17837232.0,10217037797051.613,209026.78548034353,17713.260006634806,0.48414023372287146,0.0011129660545353367,0.021702838063439065,0.2621035058430718,0.4590984974958264,0.32109070673344464,0.025041736227045076,0.0,0.2621035058430718,6544.895381190874,10656.443516972733,1
2018-02-03 12:25:00,2018-02-03 12:26:00,CIC,1750,13185442.674285714,10241.957714285714,29759.0,15037621.0,5784414104065.8125,197963.90135796866,43255.912582794444,0.38857142857142857,0.009142857142857144,0.060571428571428575,0.2737142857142857,0.512,0.40114285714285713,0.030857142857142857,0.0,0.2737142857142857,7301.272571428572,11551.359428571428,1
2018-02-03 12:26:00,2018-02-03 12:27:00,CIC,1915,10558772.178590078,7386.250652741514,29013.0,12427744.0,8286006576960.73,209563.4248102653,18112.20074477367,0.4370757180156658,0.0020887728459530026,0.02454308093994778,0.27362924281984335,0.5028720626631854,0.3263707571801567,0.013577023498694517,0.0,0.27362924281984335,6955.387467362924,13876.61044386423,1
2018-02-03 12:27:00,2018-02-03 12:28:00,CIC,2702,12902962.823464101,6572.891561806069,38048.0,20373647.0,11106245029196.115,370248.2475813574,24245.00138714913,0.5473723168023686,0.0048112509252405625,0.03145817912657291,0.19245003700962252,0.4030347890451517,0.27054034048852704,0.019615099925980754,0.0,0.19245003700962252,5259.677276091784,8530.743893412287,1
2018-02-03 12:28:00,2018-02-03 12:29:00,CIC,1603,9043140.427947598,9008.30442919526,25515.0,11140636.0,6415849526329.222,44701.62602401193,18799.43616476234,0.39737991266375544,0.0012476606363069245,0.03867747972551466,0.31815346225826574,0.5077978789769183,0.36119775421085465,0.040548970679975045,0.0,0.31815346225826574,6967.323144104804,16146.145976294449,1
2018-02-03 12:29:00,2018-02-03 12:30:00,CIC,2747,14474830.809974518,6946.6774663269025,42247.0,21520708.0,19465385590281.16,205583.71512883168,23901.31764173911,0.586093920640699,0.002184200946487077,0.028030578813250818,0.1700036403349108,0.3957044048052421,0.25081907535493264,0.02766654532216964,0.0,0.1700036403349108,4812.197306152166,7268.701856570805,1
2018-02-03 12:30:00,2018-02-03 12:31:00,CIC,1652,9990493.561743341,10416.21186440678,24073.0,11116319.0,6771769552262.136,446908.23375788523,53495.85054028724,0.43341404358353514,0.012106537530266344,0.06779661016949153,0.2929782082324455,0.4328087167070218,0.41646489104116224,0.044794188861985475,0.0,0.2929782082324455,6002.736682808717,12124.608353510896,1
2018-02-03 12:31:00,2018-02-03 12:32:00,CIC,2197,11259011.980883023,7301.584433318161,32298.0,15902355.0,10726365928845.553,118950.48172345299,16368.502588482634,0.5534820209376422,0.0027309968138370506,0.016385980883022302,0.2316795630405098,0.4260355029585799,0.2758306781975421,0.02639963586709149,0.0,0.2316795630405098,5656.250796540738,10472.371415566682,1
2018-02-03 12:32:00,2018-02-03 12:33:00,CIC,2175,9823230.371494252,8980.67908045977,24313.0,8507309.0,7770164080640.522,196618.56075923532,33415.31071080739,0.447816091954023,0.0073563218390804595,0.06712643678160919,0.21701149425287355,0.4110344827586207,0.34988505747126436,0.029885057471264367,0.0,0.21701149425287355,5766.0225287356325,10282.736551724138,1
2018-02-03 12:33:00,2018-02-03 12:34:00,CIC,1297,7378578.387047032,8788.572089437163,10861.0,1350693.0,2986789414445.711,162612.48571260614,13684.97114070977,0.37702390131071706,0.0015420200462606013,0.008481110254433308,0.41326137239784116,0.5682343870470317,0.35774865073245954,0.030069390902081727,0.0,0.41326137239784116,7039.582883577486,17865.38627602159,1
2018-02-03 12:34:00,2018-02-03 12:35:00,CIC,1260,7634028.823015873,8165.594444444445,12097.0,1320440.0,2698754327998.0117,286135.0100012458,12946.31168765029,0.3380952380952381,0.0,0.022222222222222223,0.3968253968253968,0.5753968253968254,0.3595238095238095,0.011904761904761904,0.0,0.3968253968253968,8523.777777777777,16202.26507936508,1
2018-02-03 12:35:00,2018-02-03 12:36:00,CIC,1434,11542825.345885634,7785.576011157601,14948.0,4561641.0,4808530158996.6,59581.13462143147,5766.14750858567,0.38493723849372385,0.0,0.008368200836820083,0.33472803347280333,0.5404463040446305,0.33472803347280333,0.0048814504881450485,0.0,0.33472803347280333,7556.331241283124,12705.998605299861,1
2018-02-03 12:36:00,2018-02-03 12:37:00,CIC,1695,9878338.774041299,6938.264896755162,20737.0,6691062.0,3468803796162.074,72496.74751087453,9758.661376661954,0.440117994100295,0.0035398230088495575,0.012389380530973451,0.2855457227138643,0.5227138643067847,0.3374631268436578,0.008259587020648967,0.0,0.2855457227138643,7172.089675516224,11496.513274336283,1
2018-02-03 12:37:00,2018-02-03 12:38:00,CIC,2344,8511628.81569966,5942.764931740614,19716.0,4356304.0,3853385901731.179,210032.59958652046,11684.093732843858,0.45563139931740615,0.0017064846416382253,0.016638225255972697,0.21843003412969283,0.5,0.3643344709897611,0.02303754266211604,0.0,0.21843003412969283,6606.389505119454,9380.877986348123,1
2018-02-03 12:38:00,2018-02-03 12:39:00,CIC,1430,13752959.14965035,9500.736363636364,14439.0,1925824.0,9412851465347.95,193424.03998071278,14651.797071254758,0.34335664335664334,0.004195804195804196,0.027972027972027972,0.36013986013986016,0.5363636363636364,0.3825174825174825,0.03566433566433566,0.0,0.36013986013986016,8672.681118881119,15180.853146853147,1
2018-02-03 12:39:00,2018-02-03 12:40:00,CIC,1477,9513760.264725795,9993.905890318212,11800.0,1461160.0,9371090317286.791,159108.72834442373,17820.971999427016,0.35409614082599866,0.002031144211238998,0.03656059580230196,0.36018957345971564,0.5260663507109005,0.3899796885578876,0.03926878808395396,0.0,0.36018957345971564,8526.271496276235,15019.09681787407,1
2018-02-03 12:40:00,2018-02-03 12:41:00,CIC,1442,9882276.25034674,9046.330097087379,13379.0,1726946.0,8329645283625.4795,178255.24010405896,20060.50536611588,0.3737864077669903,0.0048543689320388345,0.046463245492371706,0.3522884882108183,0.5180305131761442,0.3751733703190014,0.01872399445214979,0.0,0.3522884882108183,8363.873786407767,14579.859223300971,1
2018-02-03 12:41:00,2018-02-03 12:42:00,CIC,1462,11258427.134746922,8522.37756497948,11920.0,1443086.0,6690230949699.654,199486.03784761942,22308.652288125155,0.3385772913816689,0.0047879616963064295,0.018467852257181942,0.3590971272229822,0.5430916552667578,0.34678522571819426,0.008891928864569083,0.0,0.3590971272229822,8088.303009575923,15373.859097127222,1
2018-02-03 12:42:00,2018-02-03 12:43:00,CIC,1228,9379360.958469056,8908.081433224756,12167.0,1241073.0,10177436705352.338,19578.41684203782,7430.282632700902,0.3257328990228013,0.0016286644951140066,0.007328990228013029,0.42996742671009774,0.5895765472312704,0.36726384364820847,0.015472312703583062,0.0,0.42996742671009774,9158.470684039088,18808.951954397395,1
2018-02-03 12:43:00,2018-02-03 12:44:00,CIC,1483,11113712.246797033,7877.754551584626,13376.0,2929913.0,6862428551367.927,36764.687997812594,10326.966372156643,0.39514497639919083,0.004045853000674309,0.012811867835468645,0.349291975724882,0.5327039784221174,0.32434254888739045,0.008766014834794335,0.0,0.349291975724882,8189.8024275118005,14556.790289952798,1
2018-02-03 12:44:00,2018-02-03 12:45:00,CIC,1341,9623683.62266965,8558.362416107382,12589.0,1265888.0,6024073193830.468,29875.410838100757,5693.411014692422,0.3452647278150634,0.0014914243102162564,0.009694258016405667,0.40268456375838924,0.5689783743475019,0.3497390007457122,0.007457121551081283,0.0,0.40268456375838924,9091.829977628635,16714.232662192393,1
2018-02-03 12:45:00,2018-02-03 12:46:00,CIC,2602,13887062.576095311,5871.107225211376,25944.0,6680812.0,13031483939804.018,142221.22896088587,15579.001662595334,0.5607225211375865,0.002690238278247502,0.023443504996156803,0.19561875480399693,0.4142966948501153,0.22867025365103766,0.012298232129131437,0.0,0.19561875480399693,5884.539584934666,8620.324365872406,1
2018-02-03 12:46:00,2018-02-03 12:47:00,CIC,1863,9760615.876543209,6745.134192163177,16803.0,3185217.0,11058157964988.691,99077.90786695539,8638.032816050223,0.4363929146537842,0.0010735373054213634,0.005367686527106817,0.2909286097691895,0.4524959742351047,0.2946859903381642,0.017713365539452495,0.0,0.2909286097691895,6962.495437466452,12508.811057434246,1
2018-02-03 12:47:00,2018-02-03 12:48:00,CIC,1483,10000334.312879298,9418.695886716116,11777.0,1494166.0,12428398921425.326,249852.09379650056,20628.93184994043,0.366149696561025,0.0020229265003371545,0.007417397167902899,0.366149696561025,0.5340525960890088,0.38233310856372216,0.045853000674308836,0.0,0.366149696561025,7542.472016183412,15126.409979770735,1
2018-02-03 12:48:00,2018-02-03 12:49:00,CIC,1654,8031458.850060459,11436.975816203143,14691.0,1520898.0,8284321734013.97,176646.20187437648,36456.18506503882,0.33313180169286577,0.006650544135429262,0.06106408706166868,0.36275695284159615,0.5120918984280532,0.405683192261185,0.04050785973397823,0.0,0.36275695284159615,7927.206166868198,17076.26360338573,1
2018-02-03 12:49:00,2018-02-03 12:50:00,CIC,2122,13750506.319038643,6813.577285579642,26814.0,10740939.0,10164013170617.133,159031.71768033475,19193.073173556444,0.4830348727615457,0.008011310084825637,0.020263901979264844,0.2704995287464656,0.47690857681432614,0.2639019792648445,0.010367577756833177,0.0,0.2704995287464656,6221.776625824694,11462.804429783224,1
2018-02-03 12:50:00,2018-02-03 12:51:00,CIC,1520,9292128.717105264,8034.070394736842,14562.0,1682289.0,7248461502189.992,52101.22716625245,8496.16019890007,0.39539473684210524,0.004605263157894736,0.01118421052631579,0.38355263157894737,0.55,0.3375,0.018421052631578946,0.0,0.38355263157894737,8156.744736842105,16454.007236842106,1
2018-02-03 12:51:00,2018-02-03 12:52:00,CIC,1343,9275504.143708115,9465.903946388682,11688.0,1424208.0,8575437364020.843,17140.11969654306,9413.144680869265,0.3454951600893522,0.0014892032762472078,0.010424422933730455,0.44899478778853313,0.5919583023082651,0.3603871928518243,0.03127326880119136,0.0,0.44899478778853313,9445.953090096798,19883.975428145943,1
2018-02-03 12:52:00,2018-02-03 12:53:00,CIC,2216,9318992.641696751,7407.590703971119,20920.0,3873442.0,7089438005514.536,257076.13444570007,27323.485398960234,0.3628158844765343,0.00631768953068592,0.04693140794223827,0.26173285198555957,0.5324909747292419,0.40613718411552346,0.010379061371841155,0.0,0.26173285198555957,7037.50225631769,12517.230144404331,1
2018-02-03 12:53:00,2018-02-03 12:54:00,CIC,1357,7715204.551952837,7958.0427413411935,11514.0,1381125.0,2612640662314.01,102477.48249136287,10473.086187274886,0.33087693441414884,0.002210759027266028,0.0029476787030213707,0.4148857774502579,0.6086956521739131,0.3522476050110538,0.0029476787030213707,0.0,0.4148857774502579,9042.269712601326,18377.105379513632,1
2018-02-03 12:54:00,2018-02-03 12:55:00,CIC,1678,11410517.620977353,6881.738974970202,17591.0,2819962.0,5874720253944.194,99200.33998882593,8340.209320957776,0.4135876042908224,0.0017878426698450535,0.009535160905840286,0.35160905840286055,0.5482717520858165,0.2938021454112038,0.013110846245530394,0.0,0.35160905840286055,7783.823003575685,15836.190703218117,1
2018-02-03 12:55:00,2018-02-03 12:56:00,CIC,1643,12636672.088253194,7814.882531953743,15695.0,3342760.0,10424303319281.67,145426.93377043813,13599.986283329126,0.4023128423615338,0.004869141813755326,0.023128423615337797,0.3371880706025563,0.5209981740718198,0.30736457699330494,0.012172854534388313,0.0,0.3371880706025563,7300.290931223371,15124.62325015216,1
2018-02-03 12:56:00,2018-02-03 12:57:00,CIC,1878,10227776.35942492,6818.0500532481365,18632.0,2895155.0,4211356689717.3203,156291.08266540384,11947.419137416671,0.4520766773162939,0.002129925452609159,0.012779552715654952,0.28753993610223644,0.5223642172523961,0.32161874334398294,0.019701810436634718,0.0,0.28753993610223644,7619.612353567625,13565.61661341853,1
2018-02-03 12:57:00,2018-02-03 12:58:00,CIC,1577,9826416.078630311,9040.696258719086,13029.0,2002338.0,3297263657282.484,257843.00819786222,24033.744046756725,0.4083703233988586,0.006975269499048827,0.029803424223208624,0.34115409004438807,0.5066582117945466,0.3639822447685479,0.030437539632213063,0.0,0.34115409004438807,7751.845275840203,14595.600507292327,1
2018-02-03 12:58:00,2018-02-03 12:59:00,CIC,3028,14866678.426354028,6489.958388375165,33702.0,9004164.0,12662219051950.385,182617.07114307178,17311.47800177158,0.5663804491413474,0.0033025099075297227,0.028401585204755615,0.17767503302509907,0.40653896961690883,0.23216644649933948,0.017173051519154558,0.0,0.17767503302509907,5815.528401585205,8773.298216644649,1
2011-08-10 09:46:00,2011-08-10 09:47:00,CTU13,1654,1279.3881594050786,12782.049291435613,930731.0,732586769.0,,,,,,,,,,,,,,,0
2011-08-10 09:47:00,2011-08-10 09:48:00,CTU13,10191,1235.6530180582868,12623.321435712858,405862.0,83439709.0,,,,,,,,,,,,,,,0
2011-08-10 09:48:00,2011-08-10 09:49:00,CTU13,8657,1110.4049347034768,13274.64637749675,234592.0,151787302.0,,,,,,,,,,,,,,,0
2011-08-10 09:49:00,2011-08-10 09:50:00,CTU13,9321,922.117819277009,11927.165774232324,126459.0,32235116.0,,,,,,,,,,,,,,,0
2011-08-10 09:50:00,2011-08-10 09:51:00,CTU13,9194,897.5732357643028,10952.259480375898,115358.0,48639643.0,,,,,,,,,,,,,,,0
2011-08-10 09:51:00,2011-08-10 09:52:00,CTU13,8449,919.3470909518286,11237.77426717924,115509.0,50581943.0,,,,,,,,,,,,,,,0
2011-08-10 09:52:00,2011-08-10 09:53:00,CTU13,9524,854.4613882233306,11387.711853517507,224824.0,176224159.0,,,,,,,,,,,,,,,0
2011-08-10 09:53:00,2011-08-10 09:54:00,CTU13,8391,870.024378142772,11599.676143237359,76048.0,29535839.0,,,,,,,,,,,,,,,0
2011-08-10 09:54:00,2011-08-10 09:55:00,CTU13,8534,860.3779481495196,11028.424952426261,1081942.0,892950079.0,,,,,,,,,,,,,,,0
2011-08-10 09:55:00,2011-08-10 09:56:00,CTU13,8307,852.180794847478,10670.07459578638,106330.0,57322363.0,,,,,,,,,,,,,,,0
2011-08-10 09:56:00,2011-08-10 09:57:00,CTU13,8737,768.8525045063524,9555.304880869766,83429.0,33673990.0,,,,,,,,,,,,,,,0
2011-08-10 09:57:00,2011-08-10 09:58:00,CTU13,7126,832.8357674079427,10675.437803831855,95614.0,73719469.0,,,,,,,,,,,,,,,0
2011-08-10 09:58:00,2011-08-10 09:59:00,CTU13,8162,648.0764453107082,8756.638221451572,75341.0,36787339.0,,,,,,,,,,,,,,,0
2011-08-10 09:59:00,2011-08-10 10:00:00,CTU13,8160,726.8599634796568,10263.354433528168,102893.0,54035153.0,,,,,,,,,,,,,,,0
2011-08-10 10:00:00,2011-08-10 10:01:00,CTU13,8151,650.3452920461293,8638.151793471516,59056.0,19178627.0,,,,,,,,,,,,,,,0
2011-08-10 10:01:00,2011-08-10 10:02:00,CTU13,7140,742.0692404773109,9634.742411347517,126132.0,89946776.0,,,,,,,,,,,,,,,0
2011-08-10 10:02:00,2011-08-10 10:03:00,CTU13,7454,665.7566477365173,9702.815178815179,204621.0,149521705.0,,,,,,,,,,,,,,,0
2011-08-10 10:03:00,2011-08-10 10:04:00,CTU13,8274,647.6945770535413,10307.802039813221,807680.0,734365743.0,,,,,,,,,,,,,,,0
2011-08-10 10:04:00,2011-08-10 10:05:00,CTU13,8207,608.3368267827465,9474.94388133498,140586.0,99385557.0,,,,,,,,,,,,,,,0
2011-08-10 10:05:00,2011-08-10 10:06:00,CTU13,7724,725.2769631852667,11319.362057623997,123047.0,65034210.0,,,,,,,,,,,,,,,0
2011-08-10 10:06:00,2011-08-10 10:07:00,CTU13,9303,573.7239782151994,7726.304668838219,93057.0,43988776.0,,,,,,,,,,,,,,,0
2011-08-10 10:07:00,2011-08-10 10:08:00,CTU13,8220,602.2067066075425,8610.474898236092,75942.0,37572355.0,,,,,,,,,,,,,,,0
2011-08-10 10:08:00,2011-08-10 10:09:00,CTU13,7035,636.6680951041933,8752.52045520023,95560.0,67927469.0,,,,,,,,,,,,,,,0
2011-08-10 10:09:00,2011-08-10 10:10:00,CTU13,6842,629.6363382962585,9578.665033407573,80410.0,51977389.0,,,,,,,,,,,,,,,0
2011-08-10 10:10:00,2011-08-10 10:11:00,CTU13,9365,481.8598452884143,7272.040435626483,98035.0,43765912.0,,,,,,,,,,,,,,,0
2011-08-10 10:11:00,2011-08-10 10:12:00,CTU13,8045,497.97868520696085,7424.757142857143,69492.0,32577603.0,,,,,,,,,,,,,,,0
2011-08-10 10:12:00,2011-08-10 10:13:00,CTU13,7515,535.9298924017298,8140.05442543446,107847.0,72058671.0,,,,,,,,,,,,,,,0
2011-08-10 10:13:00,2011-08-10 10:14:00,CTU13,8137,518.0001060685756,8339.254740518962,90788.0,48447114.0,,,,,,,,,,,,,,,0
2011-08-10 10:14:00,2011-08-10 10:15:00,CTU13,9314,430.32377940627015,6754.591761517615,98251.0,49429945.0,,,,,,,,,,,,,,,0
2011-08-10 10:15:00,2011-08-10 10:16:00,CTU13,9227,453.8789115699577,6989.438863910516,94190.0,47726584.0,,,,,,,,,,,,,,,0
2011-08-10 10:16:00,2011-08-10 10:17:00,CTU13,7771,619.2424944861665,10384.261396196925,197886.0,120988189.0,,,,,,,,,,,,,,,0
2011-08-10 10:17:00,2011-08-10 10:18:00,CTU13,7361,493.15925272136934,10003.879043406137,83034.0,59789542.0,,,,,,,,,,,,,,,0
2011-08-10 10:18:00,2011-08-10 10:19:00,CTU13,14878,244.1826236244791,7359.985140753868,102436.0,43046744.0,,,,,,,,,,,,,,,0
2011-08-10 10:19:00,2011-08-10 10:20:00,CTU13,70155,49.325500095531325,30721.278610948288,291190.0,87290177.0,,,,,,,,,,,,,,,0
2011-08-10 10:20:00,2011-08-10 10:21:00,CTU13,10427,329.09710111479814,6428.27678138633,84030.0,45156348.0,,,,,,,,,,,,,,,0
2011-08-10 10:21:00,2011-08-10 10:22:00,CTU13,11670,317.1199267470437,6325.589623052146,110554.0,61508452.0,,,,,,,,,,,,,,,0
2011-08-10 10:22:00,2011-08-10 10:23:00,CTU13,14929,240.51556411105904,4313.598219104156,100018.0,54212299.0,,,,,,,,,,,,,,,0
2011-08-10 10:23:00,2011-08-10 10:24:00,CTU13,16966,191.61983282724273,3571.569347839011,114131.0,65697419.0,,,,,,,,,,,,,,,0
2011-08-10 10:24:00,2011-08-10 10:25:00,CTU13,8489,437.4516227309459,8038.803503336511,77125.0,43770293.0,,,,,,,,,,,,,,,0
2011-08-10 10:25:00,2011-08-10 10:26:00,CTU13,7443,481.7330243185544,9612.380867416963,63969.0,27099156.0,,,,,,,,,,,,,,,0
2011-08-10 10:26:00,2011-08-10 10:27:00,CTU13,7443,454.388749817278,8645.24202780049,64158.0,29837422.0,,,,,,,,,,,,,,,0
2011-08-10 10:27:00,2011-08-10 10:28:00,CTU13,7065,431.90884794819533,8104.901294964029,83171.0,44108449.0,,,,,,,,,,,,,,,0
2011-08-10 10:28:00,2011-08-10 10:29:00,CTU13,7236,399.7275325892758,7959.614285714286,96953.0,63705684.0,,,,,,,,,,,,,,,0
2011-08-10 10:29:00,2011-08-10 10:30:00,CTU13,6298,353.64186266878374,7812.141404358354,161362.0,123976814.0,,,,,,,,,,,,,,,0
2011-08-10 10:30:00,2011-08-10 10:31:00,CTU13,6395,369.03250225394834,7387.416944841838,51756.0,23108082.0,,,,,,,,,,,,,,,0
2011-08-10 10:31:00,2011-08-10 10:32:00,CTU13,6564,351.25750222714805,7563.760694358339,94834.0,64184048.0,,,,,,,,,,,,,,,0
2011-08-10 10:32:00,2011-08-10 10:33:00,CTU13,7272,303.8419303558856,7559.680239854972,168654.0,154606094.0,,,,,,,,,,,,,,,0
2011-08-10 10:33:00,2011-08-10 10:34:00,CTU13,6545,342.9894672102368,8455.725326617347,45101.0,19585786.0,,,,,,,,,,,,,,,0
2011-08-10 10:34:00,2011-08-10 10:35:00,CTU13,5635,380.8990119687667,8051.037445730825,51434.0,25594096.0,,,,,,,,,,,,,,,0
2011-08-10 10:35:00,2011-08-10 10:36:00,CTU13,6502,340.59500465902795,9191.707441711913,96769.0,72040598.0,,,,,,,,,,,,,,,0
2011-08-10 10:36:00,2011-08-10 10:37:00,CTU13,7990,302.6407247033792,8715.181139843047,109797.0,66755453.0,,,,,,,,,,,,,,,0
2011-08-10 10:37:00,2011-08-10 10:38:00,CTU13,6470,339.8630918669243,9236.062569477528,134535.0,84258934.0,,,,,,,,,,,,,,,0
2011-08-10 10:38:00,2011-08-10 10:39:00,CTU13,6201,277.7377220667634,7044.60632805995,301945.0,300295053.0,,,,,,,,,,,,,,,0
2011-08-10 10:39:00,2011-08-10 10:40:00,CTU13,5710,290.01460266742555,7537.326039783002,151161.0,117026015.0,,,,,,,,,,,,,,,0
2011-08-10 10:40:00,2011-08-10 10:41:00,CTU13,6535,261.75885033205816,6680.01114599686,67859.0,36158884.0,,,,,,,,,,,,,,,0
2011-08-10 10:41:00,2011-08-10 10:42:00,CTU13,5818,294.85859545393606,7952.869741242739,1476833.0,1300867562.0,,,,,,,,,,,,,,,0
2011-08-10 10:42:00,2011-08-10 10:43:00,CTU13,6314,246.2712675429205,6345.648160103293,79565.0,48842532.0,,,,,,,,,,,,,,,0
2011-08-10 10:43:00,2011-08-10 10:44:00,CTU13,5873,280.16855467256937,7257.312686436217,248196.0,192627969.0,,,,,,,,,,,,,,,0
2011-08-10 10:44:00,2011-08-10 10:45:00,CTU13,5775,279.8486262550649,7403.172006443529,118878.0,84598011.0,,,,,,,,,,,,,,,0
2011-08-10 10:45:00,2011-08-10 10:46:00,CTU13,5642,304.0866327557604,8127.076023391813,40683.0,16045491.0,,,,,,,,,,,,,,,0
2011-08-10 10:46:00,2011-08-10 10:47:00,CTU13,5947,285.7224288501766,6925.82830705963,336666.0,252091281.0,,,,,,,,,,,,,,,0
2011-08-10 10:47:00,2011-08-10 10:48:00,CTU13,6623,557.4007951189793,7491.80754544066,386804.0,131174416.0,,,,,,,,,,,,,,,0
2011-08-10 10:48:00,2011-08-10 10:49:00,CTU13,6678,575.2572419161426,9037.893668954996,174030.0,55859571.0,,,,,,,,,,,,,,,0
2011-08-10 10:49:00,2011-08-10 10:50:00,CTU13,7203,523.0939980526169,10022.942189947316,152846.0,76049716.0,,,,,,,,,,,,,,,0
2011-08-10 10:50:00,2011-08-10 10:51:00,CTU13,7154,492.0144491934582,10243.458578607322,86413.0,43144517.0,,,,,,,,,,,,,,,0
2011-08-10 10:51:00,2011-08-10 10:52:00,CTU13,7883,457.7672813390841,7823.9537000910395,126422.0,83968472.0,,,,,,,,,,,,,,,0
2011-08-10 10:52:00,2011-08-10 10:53:00,CTU13,6391,575.880105725708,8378.659936406995,136551.0,97399513.0,,,,,,,,,,,,,,,0
2011-08-10 10:53:00,2011-08-10 10:54:00,CTU13,6923,614.1137306462516,8702.064298297122,74398.0,29215904.0,,,,,,,,,,,,,,,0
2011-08-10 10:54:00,2011-08-10 10:55:00,CTU13,7280,510.1440366980769,7540.418763982103,79360.0,34264200.0,,,,,,,,,,,,,,,0
2011-08-10 10:55:00,2011-08-10 10:56:00,CTU13,7478,498.7713448581172,7722.692692828146,116790.0,57101489.0,,,,,,,,,,,,,,,0
2011-08-10 10:56:00,2011-08-10 10:57:00,CTU13,6777,627.22096830574,9168.433588473661,129102.0,75771230.0,,,,,,,,,,,,,,,0
2011-08-10 10:57:00,2011-08-10 10:58:00,CTU13,7711,554.3165333999481,8650.668808181461,88145.0,42050550.0,,,,,,,,,,,,,,,0
2011-08-10 10:58:00,2011-08-10 10:59:00,CTU13,6689,613.6992422249963,9938.179650721337,92231.0,53785139.0,,,,,,,,,,,,,,,0
2011-08-10 10:59:00,2011-08-10 11:00:00,CTU13,7077,575.6049561534549,9227.047198494281,122163.0,73503849.0,,,,,,,,,,,,,,,0
2011-08-10 11:00:00,2011-08-10 11:01:00,CTU13,8054,500.1677266124907,8381.699910952804,190997.0,145058914.0,,,,,,,,,,,,,,,0
2011-08-10 11:01:00,2011-08-10 11:02:00,CTU13,10305,354.88608764492966,11615.56752490875,83149.0,39209853.0,,,,,,,,,,,,,,,0
2011-08-10 11:02:00,2011-08-10 11:03:00,CTU13,6451,549.3918899764377,8865.421754826557,202305.0,144030142.0,,,,,,,,,,,,,,,0
2011-08-10 11:03:00,2011-08-10 11:04:00,CTU13,6263,603.6089930919687,9645.758452535762,408604.0,359615281.0,,,,,,,,,,,,,,,1
2011-08-10 11:04:00,2011-08-10 11:05:00,CTU13,7206,540.4873791387732,9909.076333711691,126113.0,85029485.0,,,,,,,,,,,,,,,0
2011-08-10 11:05:00,2011-08-10 11:06:00,CTU13,7200,573.5911411566667,12152.28478137422,241703.0,171151450.0,,,,,,,,,,,,,,,1
2011-08-10 11:06:00,2011-08-10 11:07:00,CTU13,7694,511.93841407213415,10167.886141232479,175441.0,118323544.0,,,,,,,,,,,,,,,1
2011-08-10 11:07:00,2011-08-10 11:08:00,CTU13,6402,614.0393546044986,9302.255093981994,57446.0,25267975.0,,,,,,,,,,,,,,,1
2011-08-10 11:08:00,2011-08-10 11:09:00,CTU13,7107,517.9397886676516,8837.314645308925,92797.0,57392217.0,,,,,,,,,,,,,,,1
2011-08-10 11:09:00,2011-08-10 11:10:00,CTU13,7366,528.4871170920445,8583.649592710202,127647.0,76145930.0,,,,,,,,,,,,,,,1
2011-08-10 11:10:00,2011-08-10 11:11:00,CTU13,7284,552.0252559279241,9317.561891515994,202181.0,166802120.0,,,,,,,,,,,,,,,1
2011-08-10 11:11:00,2011-08-10 11:12:00,CTU13,7612,486.6945953124015,7920.619218979075,220882.0,207157716.0,,,,,,,,,,,,,,,1
2011-08-10 11:12:00,2011-08-10 11:13:00,CTU13,7792,489.4073818909137,7981.369089260267,133735.0,79419031.0,,,,,,,,,,,,,,,1
2011-08-10 11:13:00,2011-08-10 11:14:00,CTU13,8623,470.52257747767595,8245.267348859092,129365.0,78392717.0,,,,,,,,,,,,,,,1
2011-08-10 11:14:00,2011-08-10 11:15:00,CTU13,7598,511.9169390369834,8365.93041616486,111074.0,63370880.0,,,,,,,,,,,,,,,1
2011-08-10 11:15:00,2011-08-10 11:16:00,CTU13,7498,468.9726929431848,7749.354485184684,76820.0,33504370.0,,,,,,,,,,,,,,,1
2011-08-10 11:16:00,2011-08-10 11:17:00,CTU13,8133,441.5564175844092,7042.425632714126,101222.0,52289681.0,,,,,,,,,,,,,,,1
2011-08-10 11:17:00,2011-08-10 11:18:00,CTU13,8436,430.28929332159794,7109.914230953522,812158.0,836066713.0,,,,,,,,,,,,,,,1
2011-08-10 11:18:00,2011-08-10 11:19:00,CTU13,8264,449.9780511946999,7349.235771358328,138301.0,107693648.0,,,,,,,,,,,,,,,1
2011-08-10 11:19:00,2011-08-10 11:20:00,CTU13,7054,500.8313156719592,8419.740424916896,67747.0,34510435.0,,,,,,,,,,,,,,,1
2011-08-10 11:20:00,2011-08-10 11:21:00,CTU13,7763,472.9589568687363,9986.58814229249,68673.0,28415844.0,,,,,,,,,,,,,,,1
2011-08-10 11:21:00,2011-08-10 11:22:00,CTU13,7670,478.3347502496741,9950.44104686874,90290.0,47528967.0,,,,,,,,,,,,,,,1
2011-08-10 11:22:00,2011-08-10 11:23:00,CTU13,6903,545.8909552691583,9867.015709881074,89111.0,52033420.0,,,,,,,,,,,,,,,1
2011-08-10 11:23:00,2011-08-10 11:24:00,CTU13,7515,516.0683216155688,8518.95343800758,74252.0,31424552.0,,,,,,,,,,,,,,,1
2011-08-10 11:24:00,2011-08-10 11:25:00,CTU13,6185,562.2556450661277,9283.894216510134,72868.0,38769201.0,,,,,,,,,,,,,,,1
2011-08-10 11:25:00,2011-08-10 11:26:00,CTU13,6782,497.89788359377764,8451.461993627674,96235.0,57350409.0,,,,,,,,,,,,,,,1
2011-08-10 11:26:00,2011-08-10 11:27:00,CTU13,7144,531.2000472779955,9033.618653736452,95060.0,62997375.0,,,,,,,,,,,,,,,1
2011-08-10 11:27:00,2011-08-10 11:28:00,CTU13,6985,476.0224154057266,8301.104475443186,154433.0,113413573.0,,,,,,,,,,,,,,,1
2011-08-10 11:28:00,2011-08-10 11:29:00,CTU13,6803,484.7496466951345,8295.616181326928,119355.0,89233539.0,,,,,,,,,,,,,,,1
2011-08-10 11:29:00,2011-08-10 11:30:00,CTU13,6270,516.3704225416268,8969.6398771022,54737.0,28320317.0,,,,,,,,,,,,,,,1
2011-08-10 11:30:00,2011-08-10 11:31:00,CTU13,6548,523.0127944957238,9454.4071875,75277.0,34106936.0,,,,,,,,,,,,,,,1
2011-08-10 11:31:00,2011-08-10 11:32:00,CTU13,6609,529.0479976253594,9139.009990777744,78062.0,49284398.0,,,,,,,,,,,,,,,1
2011-08-10 11:32:00,2011-08-10 11:33:00,CTU13,6551,505.3694314965654,8818.7675282464,71425.0,34916486.0,,,,,,,,,,,,,,,1
2011-08-10 11:33:00,2011-08-10 11:34:00,CTU13,6655,530.6682913208115,9577.65341690873,56892.0,25895972.0,,,,,,,,,,,,,,,1
2011-08-10 11:34:00,2011-08-10 11:35:00,CTU13,7203,480.29132637873107,9879.95681110167,55365.0,26048301.0,,,,,,,,,,,,,,,1
2011-08-10 11:35:00,2011-08-10 11:36:00,CTU13,6454,481.73533229175706,9887.436660268713,57326.0,29926743.0,,,,,,,,,,,,,,,1
2011-08-10 11:36:00,2011-08-10 11:37:00,CTU13,6682,510.70425876653695,10470.384756097561,54445.0,24497723.0,,,,,,,,,,,,,,,1
2011-08-10 11:37:00,2011-08-10 11:38:00,CTU13,7156,458.2877731743991,8818.432128628343,104921.0,71168922.0,,,,,,,,,,,,,,,1
2011-08-10 11:38:00,2011-08-10 11:39:00,CTU13,6968,477.0226206126579,9372.148812126512,103261.0,76318136.0,,,,,,,,,,,,,,,1
2011-08-10 11:39:00,2011-08-10 11:40:00,CTU13,6351,513.3885815144072,9176.643074459567,998946.0,824605735.0,,,,,,,,,,,,,,,1
2011-08-10 11:40:00,2011-08-10 11:41:00,CTU13,6429,494.31656692844916,8732.206354249405,200556.0,85104376.0,,,,,,,,,,,,,,,1
2011-08-10 11:41:00,2011-08-10 11:42:00,CTU13,6274,495.738239240357,9277.926204081632,76262.0,44184007.0,,,,,,,,,,,,,,,1
2011-08-10 11:42:00,2011-08-10 11:43:00,CTU13,6271,521.9692120709616,9851.349128806383,84554.0,54060906.0,,,,,,,,,,,,,,,1
2011-08-10 11:43:00,2011-08-10 11:44:00,CTU13,6687,521.4059167294752,10852.265560797443,319325.0,279471461.0,,,,,,,,,,,,,,,1
2011-08-10 11:44:00,2011-08-10 11:45:00,CTU13,7047,452.0837384108131,9718.511624548737,78724.0,48912122.0,,,,,,,,,,,,,,,1
2011-08-10 11:45:00,2011-08-10 11:46:00,CTU13,6475,478.15681158393824,8978.670670037927,102507.0,98986592.0,,,,,,,,,,,,,,,1
2011-08-10 11:46:00,2011-08-10 11:47:00,CTU13,6359,479.6835529603711,9055.30798783416,277429.0,236468603.0,,,,,,,,,,,,,,,1
2011-08-10 11:47:00,2011-08-10 11:48:00,CTU13,6714,615.1807461377718,9374.10460506252,268500.0,51178860.0,,,,,,,,,,,,,,,1
2011-08-10 11:48:00,2011-08-10 11:49:00,CTU13,7002,635.5340187433591,10398.32252435655,143049.0,37996976.0,,,,,,,,,,,,,,,1
2011-08-10 11:49:00,2011-08-10 11:50:00,CTU13,6710,523.9607083888227,9086.673701791678,125675.0,51165892.0,,,,,,,,,,,,,,,1
2011-08-10 11:50:00,2011-08-10 11:51:00,CTU13,7877,453.4692017129618,7705.11016291699,625063.0,589630567.0,,,,,,,,,,,,,,,1
2011-08-10 11:51:00,2011-08-10 11:52:00,CTU13,6731,565.2039385204279,10083.593354671544,91242.0,43718268.0,,,,,,,,,,,,,,,1
2011-08-10 11:52:00,2011-08-10 11:53:00,CTU13,7729,476.5364421111399,8652.31159228941,123907.0,59130248.0,,,,,,,,,,,,,,,1
2011-08-10 11:53:00,2011-08-10 11:54:00,CTU13,7414,530.8725791613164,7886.416415042548,93815.0,51105591.0,,,,,,,,,,,,,,,1
2011-08-10 11:54:00,2011-08-10 11:55:00,CTU13,7113,551.3681827560804,8409.524094667808,111775.0,79398067.0,,,,,,,,,,,,,,,1
2011-08-10 11:55:00,2011-08-10 11:56:00,CTU13,6927,551.384027673163,8431.542365401589,111233.0,64347330.0,,,,,,,,,,,,,,,1
2011-08-10 11:56:00,2011-08-10 11:57:00,CTU13,6914,565.9382019032398,8682.098904352975,71199.0,32685393.0,,,,,,,,,,,,,,,1
2011-08-10 11:57:00,2011-08-10 11:58:00,CTU13,7113,567.2976119748348,8675.143573577876,100069.0,49955231.0,,,,,,,,,,,,,,,1
2011-08-10 11:58:00,2011-08-10 11:59:00,CTU13,6453,639.9365250503641,9265.656742281033,54363.0,15681997.0,,,,,,,,,,,,,,,1
2011-08-10 11:59:00,2011-08-10 12:00:00,CTU13,6627,576.8702393552135,8679.33169984686,140001.0,107303875.0,,,,,,,,,,,,,,,1
2011-08-10 12:00:00,2011-08-10 12:01:00,CTU13,7252,533.3469311802261,8368.052315009092,83843.0,38371826.0,,,,,,,,,,,,,,,1
2011-08-10 12:01:00,2011-08-10 12:02:00,CTU13,6749,566.8170093182694,8916.655099257463,84088.0,50612305.0,,,,,,,,,,,,,,,1
2011-08-10 12:02:00,2011-08-10 12:03:00,CTU13,6680,595.3717224462574,9968.245117638013,183058.0,122375721.0,,,,,,,,,,,,,,,1
2011-08-10 12:03:00,2011-08-10 12:04:00,CTU13,7561,525.1480786954106,9548.64911089996,85509.0,38161097.0,,,,,,,,,,,,,,,1
2011-08-10 12:04:00,2011-08-10 12:05:00,CTU13,6496,545.1815614679803,9256.77334584702,73157.0,36997608.0,,,,,,,,,,,,,,,1
2011-08-10 12:05:00,2011-08-10 12:06:00,CTU13,6828,569.0777208431458,9489.133502386634,81253.0,39838715.0,,,,,,,,,,,,,,,1
2011-08-10 12:06:00,2011-08-10 12:07:00,CTU13,7114,538.6382561608096,10559.27765789095,150147.0,95987428.0,,,,,,,,,,,,,,,1
2011-08-10 12:07:00,2011-08-10 12:08:00,CTU13,7147,536.8174491818945,9447.907082798916,53810.0,17366405.0,,,,,,,,,,,,,,,1
2011-08-10 12:08:00,2011-08-10 12:09:00,CTU13,6762,557.9285696076605,8544.479867290001,69456.0,36745514.0,,,,,,,,,,,,,,,1
2011-08-10 12:09:00,2011-08-10 12:10:00,CTU13,6517,590.0721098740217,9522.256230529594,67802.0,29552831.0,,,,,,,,,,,,,,,1
2011-08-10 12:10:00,2011-08-10 12:11:00,CTU13,6362,578.9279298360578,9924.992170022371,55731.0,20679428.0,,,,,,,,,,,,,,,1
2011-08-10 12:11:00,2011-08-10 12:12:00,CTU13,6225,586.2900784734137,9400.80768599113,90577.0,65605571.0,,,,,,,,,,,,,,,1
2011-08-10 12:12:00,2011-08-10 12:13:00,CTU13,5799,572.6872242407312,9304.820287820288,53441.0,24672190.0,,,,,,,,,,,,,,,1
2011-08-10 12:13:00,2011-08-10 12:14:00,CTU13,7205,516.5986682992367,8078.209640938649,121556.0,102635682.0,,,,,,,,,,,,,,,1
2011-08-10 12:14:00,2011-08-10 12:15:00,CTU13,6728,574.7935832190844,9581.12392711941,81148.0,37853713.0,,,,,,,,,,,,,,,1
2011-08-10 12:15:00,2011-08-10 12:16:00,CTU13,6549,543.4099771641472,9239.818449156477,92465.0,47703915.0,,,,,,,,,,,,,,,1
2011-08-10 12:16:00,2011-08-10 12:17:00,CTU13,6284,588.8887291169638,9603.580901426718,56034.0,18771648.0,,,,,,,,,,,,,,,1
2011-08-10 12:17:00,2011-08-10 12:18:00,CTU13,6196,598.0390026977082,9476.656645309677,406590.0,472624780.0,,,,,,,,,,,,,,,1
2011-08-10 12:18:00,2011-08-10 12:19:00,CTU13,6721,516.4572881249815,9710.289993917275,67770.0,30729890.0,,,,,,,,,,,,,,,1
2011-08-10 12:19:00,2011-08-10 12:20:00,CTU13,6765,519.7993013631929,9365.005114320096,67826.0,29464233.0,,,,,,,,,,,,,,,1
2011-08-10 12:20:00,2011-08-10 12:21:00,CTU13,6782,464.93816042421116,7753.819928507596,69808.0,32494907.0,,,,,,,,,,,,,,,1
2011-08-10 12:21:00,2011-08-10 12:22:00,CTU13,7581,498.15715328083365,9388.184991273996,121439.0,77593563.0,,,,,,,,,,,,,,,1
2011-08-10 12:22:00,2011-08-10 12:23:00,CTU13,6845,510.0750096847334,10259.944129916566,4347030.0,4330243298.0,,,,,,,,,,,,,,,1
2011-08-10 12:23:00,2011-08-10 12:24:00,CTU13,6535,524.0252929677123,8994.719794744207,57721.0,22082058.0,,,,,,,,,,,,,,,1
2011-08-10 12:24:00,2011-08-10 12:25:00,CTU13,6438,547.0926783738739,9251.764317180618,68718.0,27661450.0,,,,,,,,,,,,,,,1
2011-08-10 12:25:00,2011-08-10 12:26:00,CTU13,7146,484.7187840155332,8141.298896122275,87201.0,41943895.0,,,,,,,,,,,,,,,1
2011-08-10 12:26:00,2011-08-10 12:27:00,CTU13,6585,499.43731589309033,8991.294090489382,99020.0,66929472.0,,,,,,,,,,,,,,,1
2011-08-10 12:27:00,2011-08-10 12:28:00,CTU13,6906,473.3495284242687,8425.279049295774,166377.0,119557614.0,,,,,,,,,,,,,,,1
2011-08-10 12:28:00,2011-08-10 12:29:00,CTU13,6885,488.398005221496,8379.130633284241,105724.0,66765369.0,,,,,,,,,,,,,,,1
2011-08-10 12:29:00,2011-08-10 12:30:00,CTU13,7082,466.9510271992375,8351.80223880597,81209.0,41440753.0,,,,,,,,,,,,,,,1
2011-08-10 12:30:00,2011-08-10 12:31:00,CTU13,7296,435.7123935371436,7855.0301724137935,77521.0,40050966.0,,,,,,,,,,,,,,,1
2011-08-10 12:31:00,2011-08-10 12:32:00,CTU13,7832,441.21497973097553,8038.951991695861,316052.0,261631663.0,,,,,,,,,,,,,,,1
2011-08-10 12:32:00,2011-08-10 12:33:00,CTU13,6524,485.81539180916616,10436.516027159325,164232.0,104143018.0,,,,,,,,,,,,,,,1
2011-08-10 12:33:00,2011-08-10 12:34:00,CTU13,7565,393.3937246159947,8937.17105970952,328063.0,326669882.0,,,,,,,,,,,,,,,1
2011-08-10 12:34:00,2011-08-10 12:35:00,CTU13,7004,421.9724609104797,8131.4879044010495,197943.0,157462325.0,,,,,,,,,,,,,,,1
2011-08-10 12:35:00,2011-08-10 12:36:00,CTU13,7679,397.1382094228415,8728.380535666933,77053.0,40734118.0,,,,,,,,,,,,,,,1
2011-08-10 12:36:00,2011-08-10 12:37:00,CTU13,7656,393.4189520933908,8610.905590227061,96698.0,56435283.0,,,,,,,,,,,,,,,1
2011-08-10 12:37:00,2011-08-10 12:38:00,CTU13,6942,425.62813943906656,8695.252893772893,78819.0,41494968.0,,,,,,,,,,,,,,,1
2011-08-10 12:38:00,2011-08-10 12:39:00,CTU13,6611,419.66066287732565,8134.216054128864,62127.0,26536047.0,,,,,,,,,,,,,,,1
2011-08-10 12:39:00,2011-08-10 12:40:00,CTU13,7215,426.9699939223839,8266.982948139797,76929.0,34128812.0,,,,,,,,,,,,,,,1
2011-08-10 12:40:00,2011-08-10 12:41:00,CTU13,6711,439.1096017931754,9071.64613288936,62643.0,28240621.0,,,,,,,,,,,,,,,1
2011-08-10 12:41:00,2011-08-10 12:42:00,CTU13,6409,499.67480329474176,9212.139549635269,84119.0,43701195.0,,,,,,,,,,,,,,,1
2011-08-10 12:42:00,2011-08-10 12:43:00,CTU13,7404,794.6600845902215,12665.350440286185,69633.0,28215925.0,,,,,,,,,,,,,,,1
2011-08-10 12:43:00,2011-08-10 12:44:00,CTU13,6493,513.6708813357462,9415.516516048614,104527.0,51992157.0,,,,,,,,,,,,,,,1
2011-08-10 12:44:00,2011-08-10 12:45:00,CTU13,6559,452.6173650013722,9116.290362565851,134548.0,98559475.0,,,,,,,,,,,,,,,1
2011-08-10 12:45:00,2011-08-10 12:46:00,CTU13,7221,441.6480853762637,9010.017985106084,74340.0,40158622.0,,,,,,,,,,,,,,,1
2011-08-10 12:46:00,2011-08-10 12:47:00,CTU13,6634,481.26483984157375,8889.502285191957,125807.0,77449461.0,,,,,,,,,,,,,,,1
2011-08-10 12:47:00,2011-08-10 12:48:00,CTU13,7580,466.4428512126649,16027.097332082049,291756.0,86896716.0,,,,,,,,,,,,,,,1
2011-08-10 12:48:00,2011-08-10 12:49:00,CTU13,6478,564.7174026253474,9092.58510638298,142225.0,42338416.0,,,,,,,,,,,,,,,1
2011-08-10 12:49:00,2011-08-10 12:50:00,CTU13,6679,573.7572826493487,9243.19589977221,137448.0,51414511.0,,,,,,,,,,,,,,,1
2011-08-10 12:50:00,2011-08-10 12:51:00,CTU13,6860,541.3984593533528,9421.219817432273,136191.0,75231457.0,,,,,,,,,,,,,,,1
2011-08-10 12:51:00,2011-08-10 12:52:00,CTU13,7009,497.0289238527607,10322.856687436604,110974.0,62098676.0,,,,,,,,,,,,,,,1
2011-08-10 12:52:00,2011-08-10 12:53:00,CTU13,7533,406.9739750057082,8589.711592836946,730471.0,745315855.0,,,,,,,,,,,,,,,1
2011-08-10 12:53:00,2011-08-10 12:54:00,CTU13,6965,487.65926654903086,9282.532584924917,127459.0,109069414.0,,,,,,,,,,,,,,,1
2011-08-10 12:54:00,2011-08-10 12:55:00,CTU13,6995,497.1369220025733,8736.96849593496,75455.0,34860407.0,,,,,,,,,,,,,,,1
2011-08-10 12:55:00,2011-08-10 12:56:00,CTU13,6744,545.341463268535,9569.060183100706,544549.0,564324759.0,,,,,,,,,,,,,,,1
2011-08-10 12:56:00,2011-08-10 12:57:00,CTU13,6890,510.12612767648767,8667.810013213919,82582.0,39565474.0,,,,,,,,,,,,,,,1
2011-08-10 12:57:00,2011-08-10 12:58:00,CTU13,7393,457.5107515572839,7964.132194121667,157202.0,101344570.0,,,,,,,,,,,,,,,1
2011-08-10 12:58:00,2011-08-10 12:59:00,CTU13,7473,479.9416466562291,8161.687117398993,92150.0,41651872.0,,,,,,,,,,,,,,,1
2011-08-10 12:59:00,2011-08-10 13:00:00,CTU13,7050,570.1332980692198,9687.375880408223,115503.0,61326683.0,,,,,,,,,,,,,,,1
2011-08-10 13:00:00,2011-08-10 13:01:00,CTU13,6747,544.2898358062843,9267.04557761733,394434.0,353224906.0,,,,,,,,,,,,,,,1
2011-08-10 13:01:00,2011-08-10 13:02:00,CTU13,7742,532.1439767095067,9492.56150222455,1603865.0,1579051260.0,,,,,,,,,,,,,,,1
2011-08-10 13:02:00,2011-08-10 13:03:00,CTU13,7190,515.3806696709319,8697.886095505619,202694.0,154008205.0,,,,,,,,,,,,,,,1
2011-08-10 13:03:00,2011-08-10 13:04:00,CTU13,7382,514.3292144659983,8966.835959983555,63178.0,20587581.0,,,,,,,,,,,,,,,1
2011-08-10 13:04:00,2011-08-10 13:05:00,CTU13,7344,499.07039734912854,8406.89943518391,89037.0,44542046.0,,,,,,,,,,,,,,,1
2011-08-10 13:05:00,2011-08-10 13:06:00,CTU13,6771,490.17056633215185,8290.808768517132,126415.0,73968342.0,,,,,,,,,,,,,,,1
2011-08-10 13:06:00,2011-08-10 13:07:00,CTU13,7192,494.36422670494994,8568.388303106987,307634.0,252634798.0,,,,,,,,,,,,,,,1
2011-08-10 13:07:00,2011-08-10 13:08:00,CTU13,8037,492.2248319710091,10006.240448871516,205570.0,156417480.0,,,,,,,,,,,,,,,1
2011-08-10 13:08:00,2011-08-10 13:09:00,CTU13,7331,492.2798884884736,9812.258257008049,63558.0,24476519.0,,,,,,,,,,,,,,,1
2011-08-10 13:09:00,2011-08-10 13:10:00,CTU13,8511,423.4881560260839,7444.475318187225,126687.0,73426054.0,,,,,,,,,,,,,,,1
2011-08-10 13:10:00,2011-08-10 13:11:00,CTU13,8006,451.19121679440417,8232.871584008097,104308.0,52964641.0,,,,,,,,,,,,,,,1
2011-08-10 13:11:00,2011-08-10 13:12:00,CTU13,7661,467.62443679506595,8016.521905515967,297400.0,293716066.0,,,,,,,,,,,,,,,1
2011-08-10 13:12:00,2011-08-10 13:13:00,CTU13,7385,479.09309307758974,8310.747872632446,165795.0,127747061.0,,,,,,,,,,,,,,,1
2011-08-10 13:13:00,2011-08-10 13:14:00,CTU13,7478,463.6017328603905,8048.337298904961,88176.0,45540209.0,,,,,,,,,,,,,,,1
2011-08-10 13:14:00,2011-08-10 13:15:00,CTU13,7412,458.8814566434161,7858.986504907307,98772.0,52412607.0,,,,,,,,,,,,,,,1
2011-08-10 13:15:00,2011-08-10 13:16:00,CTU13,8799,381.84661747959996,6758.2053324099725,126698.0,92427889.0,,,,,,,,,,,,,,,1
2011-08-10 13:16:00,2011-08-10 13:17:00,CTU13,8221,455.5713681694441,7840.971393034826,79511.0,32856955.0,,,,,,,,,,,,,,,1
2011-08-10 13:17:00,2011-08-10 13:18:00,CTU13,7889,418.5765262675878,7624.290231724491,82206.0,39235630.0,,,,,,,,,,,,,,,1
2011-08-10 13:18:00,2011-08-10 13:19:00,CTU13,7645,451.83725109574885,7601.638819012313,99708.0,55642790.0,,,,,,,,,,,,,,,1
2011-08-10 13:19:00,2011-08-10 13:20:00,CTU13,13295,275.39684076419707,13955.817518802705,100057.0,39382461.0,,,,,,,,,,,,,,,1
2011-08-10 13:20:00,2011-08-10 13:21:00,CTU13,7174,496.34571620936714,9088.130440927078,87140.0,48141229.0,,,,,,,,,,,,,,,1
2011-08-10 13:21:00,2011-08-10 13:22:00,CTU13,7285,419.4924044833219,8787.884556681005,96917.0,51825480.0,,,,,,,,,,,,,,,1
2011-08-10 13:22:00,2011-08-10 13:23:00,CTU13,7544,456.0298717953341,8938.603459836395,83220.0,44816783.0,,,,,,,,,,,,,,,1
2011-08-10 13:23:00,2011-08-10 13:24:00,CTU13,6539,529.7701513739104,9296.271587743733,102647.0,50260092.0,,,,,,,,,,,,,,,1
2011-08-10 13:24:00,2011-08-10 13:25:00,CTU13,8065,420.2753814699318,7071.192298043151,82709.0,37570405.0,,,,,,,,,,,,,,,1
2011-08-10 13:25:00,2011-08-10 13:26:00,CTU13,7005,475.7063487551749,8378.179676206997,66198.0,29965375.0,,,,,,,,,,,,,,,1
2011-08-10 13:26:00,2011-08-10 13:27:00,CTU13,8840,419.86079097194573,7383.018757863433,80368.0,31125846.0,,,,,,,,,,,,,,,1
2011-08-10 13:27:00,2011-08-10 13:28:00,CTU13,7829,420.51132725086217,7866.614082687339,164044.0,113159508.0,,,,,,,,,,,,,,,1
2011-08-10 13:28:00,2011-08-10 13:29:00,CTU13,7585,442.12968822966377,8258.095842801764,75886.0,30654520.0,,,,,,,,,,,,,,,1
2011-08-10 13:29:00,2011-08-10 13:30:00,CTU13,7706,459.0033848425902,8556.81928345627,175832.0,149154951.0,,,,,,,,,,,,,,,1
2011-08-10 13:30:00,2011-08-10 13:31:00,CTU13,7087,484.3772696471003,8775.149371069183,150682.0,119578806.0,,,,,,,,,,,,,,,1
2011-08-10 13:31:00,2011-08-10 13:32:00,CTU13,6868,460.7918387399534,8145.991750147319,69032.0,33038094.0,,,,,,,,,,,,,,,1
2011-08-10 13:32:00,2011-08-10 13:33:00,CTU13,8083,455.04087384708646,8356.794926268432,543040.0,559589228.0,,,,,,,,,,,,,,,1
2011-08-10 13:33:00,2011-08-10 13:34:00,CTU13,7357,444.47287349490284,7988.609078404402,185869.0,112543508.0,,,,,,,,,,,,,,,1
2011-08-10 13:34:00,2011-08-10 13:35:00,CTU13,6714,483.21121279758717,8341.350226244344,253223.0,221844530.0,,,,,,,,,,,,,,,1
2011-08-10 13:35:00,2011-08-10 13:36:00,CTU13,9217,343.46022423792994,13087.973242680118,68048.0,32393942.0,,,,,,,,,,,,,,,1
2011-08-10 13:36:00,2011-08-10 13:37:00,CTU13,7933,424.04171255010715,10049.993982074264,195045.0,155768576.0,,,,,,,,,,,,,,,1
2011-08-10 13:37:00,2011-08-10 13:38:00,CTU13,8663,429.7351439466698,11143.075268817205,231851.0,185705113.0,,,,,,,,,,,,,,,1
2011-08-10 13:38:00,2011-08-10 13:39:00,CTU13,7462,456.6442553968105,8669.877706659403,1510064.0,1497941136.0,,,,,,,,,,,,,,,1
2011-08-10 13:39:00,2011-08-10 13:40:00,CTU13,7397,425.44260656103825,8440.966310599835,461311.0,489983732.0,,,,,,,,,,,,,,,1
2011-08-10 13:40:00,2011-08-10 13:41:00,CTU13,7321,448.5509214799891,8434.724343841133,183597.0,132427203.0,,,,,,,,,,,,,,,1
2011-08-10 13:41:00,2011-08-10 13:42:00,CTU13,6753,493.8989601048423,8782.617478941034,315275.0,287827953.0,,,,,,,,,,,,,,,1
2011-08-10 13:42:00,2011-08-10 13:43:00,CTU13,7226,450.8340803697758,8513.566116857703,2776333.0,3373902422.0,,,,,,,,,,,,,,,1
2011-08-10 13:43:00,2011-08-10 13:44:00,CTU13,6846,464.5207545303827,8810.186822970767,176475.0,109709386.0,,,,,,,,,,,,,,,1
2011-08-10 13:44:00,2011-08-10 13:45:00,CTU13,6701,510.7213390871512,9400.649191720804,124112.0,80934741.0,,,,,,,,,,,,,,,1
2011-08-10 13:45:00,2011-08-10 13:46:00,CTU13,7473,482.2851553277131,8680.976138828633,134489.0,93514247.0,,,,,,,,,,,,,,,1
2011-08-10 13:46:00,2011-08-10 13:47:00,CTU13,6684,498.3333678230102,9640.745342571208,352823.0,128707135.0,,,,,,,,,,,,,,,1
2011-08-10 13:47:00,2011-08-10 13:48:00,CTU13,7693,444.83200494891463,8369.58274904088,1294666.0,897764842.0,,,,,,,,,,,,,,,1
2011-08-10 13:48:00,2011-08-10 13:49:00,CTU13,10903,341.35139785673664,5665.668887655006,393965.0,161555079.0,,,,,,,,,,,,,,,1
2011-08-10 13:49:00,2011-08-10 13:50:00,CTU13,13312,289.5180261371695,4533.491498526411,270603.0,167882625.0,,,,,,,,,,,,,,,1
2011-08-10 13:50:00,2011-08-10 13:51:00,CTU13,12204,302.18521964233037,5101.989843943523,167034.0,66331001.0,,,,,,,,,,,,,,,1
2011-08-10 13:51:00,2011-08-10 13:52:00,CTU13,12539,306.40553155331366,5900.214838709678,145620.0,53441231.0,,,,,,,,,,,,,,,1
2011-08-10 13:52:00,2011-08-10 13:53:00,CTU13,11831,292.0510819888429,5824.445032434278,208808.0,141637932.0,,,,,,,,,,,,,,,1
2011-08-10 13:53:00,2011-08-10 13:54:00,CTU13,10437,344.66338495381814,5972.587042579898,288397.0,231751734.0,,,,,,,,,,,,,,,1
2011-08-10 13:54:00,2011-08-10 13:55:00,CTU13,10643,338.9068480359861,5642.420494364997,113483.0,43639534.0,,,,,,,,,,,,,,,1
2011-08-10 13:55:00,2011-08-10 13:56:00,CTU13,11515,332.1982068857143,5546.357098955132,197049.0,126551683.0,,,,,,,,,,,,,,,1
2011-08-10 13:56:00,2011-08-10 13:57:00,CTU13,10813,327.68789265606216,5850.552972060754,173823.0,114370526.0,,,,,,,,,,,,,,,1
2011-08-10 13:57:00,2011-08-10 13:58:00,CTU13,10035,351.8097837220728,6287.5447693699125,211763.0,147371902.0,,,,,,,,,,,,,,,1
2011-08-10 13:58:00,2011-08-10 13:59:00,CTU13,9693,345.8748282663778,5934.6063197413705,106631.0,52835090.0,,,,,,,,,,,,,,,1
2011-08-10 13:59:00,2011-08-10 14:00:00,CTU13,9545,352.32623006631746,5737.911721224921,110626.0,51793846.0,,,,,,,,,,,,,,,1
2011-08-10 14:00:00,2011-08-10 14:01:00,CTU13,7337,496.13419339403026,8704.082032868388,90185.0,46158899.0,,,,,,,,,,,,,,,1
2011-08-10 14:01:00,2011-08-10 14:02:00,CTU13,7344,516.4073449219771,9054.62650435745,603507.0,564542610.0,,,,,,,,,,,,,,,1
2011-08-10 14:02:00,2011-08-10 14:03:00,CTU13,7243,551.9436852925584,9825.12700421941,106366.0,62418334.0,,,,,,,,,,,,,,,1
2011-08-10 14:03:00,2011-08-10 14:04:00,CTU13,7225,484.3443816290657,8421.95593600898,102830.0,82406333.0,,,,,,,,,,,,,,,1
2011-08-10 14:04:00,2011-08-10 14:05:00,CTU13,6742,540.2539468181549,9190.966351209254,83816.0,47134822.0,,,,,,,,,,,,,,,1
2011-08-10 14:05:00,2011-08-10 14:06:00,CTU13,7857,454.68531796359935,9293.727237454734,167934.0,125373768.0,,,,,,,,,,,,,,,1
2011-08-10 14:06:00,2011-08-10 14:07:00,CTU13,7791,418.6741323845463,8494.603889323937,226506.0,125816709.0,,,,,,,,,,,,,,,1
2011-08-10 14:07:00,2011-08-10 14:08:00,CTU13,8224,456.3858587884242,8272.10382244143,127061.0,71685268.0,,,,,,,,,,,,,,,1
2011-08-10 14:08:00,2011-08-10 14:09:00,CTU13,7084,514.6114168929982,9956.792138860996,96628.0,55292893.0,,,,,,,,,,,,,,,1
2011-08-10 14:09:00,2011-08-10 14:10:00,CTU13,6615,499.695936117158,8712.850412970327,430218.0,363154538.0,,,,,,,,,,,,,,,1
2011-08-10 14:10:00,2011-08-10 14:11:00,CTU13,6009,563.4197386718256,10044.87147917018,116805.0,73167839.0,,,,,,,,,,,,,,,1
2011-08-10 14:11:00,2011-08-10 14:12:00,CTU13,6967,508.4456298225922,9079.252563726926,77154.0,32966145.0,,,,,,,,,,,,,,,1
2011-08-10 14:12:00,2011-08-10 14:13:00,CTU13,6832,503.5818031585187,9010.56049822064,74343.0,33751003.0,,,,,,,,,,,,,,,1
2011-08-10 14:13:00,2011-08-10 14:14:00,CTU13,7519,436.432354705413,7657.447765212709,145673.0,113109105.0,,,,,,,,,,,,,,,1
2011-08-10 14:14:00,2011-08-10 14:15:00,CTU13,6003,531.4982151967349,9350.926705981467,82386.0,50606484.0,,,,,,,,,,,,,,,1
2011-08-10 14:15:00,2011-08-10 14:16:00,CTU13,7059,484.5315515155121,8476.734969149089,130939.0,89310575.0,,,,,,,,,,,,,,,1
2011-08-10 14:16:00,2011-08-10 14:17:00,CTU13,7775,439.5073169279743,7659.055909504616,100506.0,56901698.0,,,,,,,,,,,,,,,1
2011-08-10 14:17:00,2011-08-10 14:18:00,CTU13,6859,504.96133592068816,8843.386508524833,64734.0,24146321.0,,,,,,,,,,,,,,,1
2011-08-10 14:18:00,2011-08-10 14:19:00,CTU13,6653,506.35196161686457,9216.631747973695,181582.0,131488153.0,,,,,,,,,,,,,,,1
2011-08-10 14:19:00,2011-08-10 14:20:00,CTU13,7256,447.9841059226847,8230.54902234637,490822.0,538191725.0,,,,,,,,,,,,,,,1
2011-08-10 14:20:00,2011-08-10 14:21:00,CTU13,6730,534.6903561728084,10422.701791359326,207059.0,126936646.0,,,,,,,,,,,,,,,1
2011-08-10 14:21:00,2011-08-10 14:22:00,CTU13,7195,505.40873232675466,10248.533408673542,79634.0,40040757.0,,,,,,,,,,,,,,,1
2011-08-10 14:22:00,2011-08-10 14:23:00,CTU13,7531,494.87044511034395,9359.683504875406,209548.0,182581903.0,,,,,,,,,,,,,,,1
2011-08-10 14:23:00,2011-08-10 14:24:00,CTU13,7258,533.1234939827776,9107.448362720403,554972.0,538832272.0,,,,,,,,,,,,,,,1
2011-08-10 14:24:00,2011-08-10 14:25:00,CTU13,7426,483.64584343320763,8531.538608198283,224527.0,178804696.0,,,,,,,,,,,,,,,1
2011-08-10 14:25:00,2011-08-10 14:26:00,CTU13,6910,497.6774221743849,8963.94193548387,82870.0,43888911.0,,,,,,,,,,,,,,,1
2011-08-10 14:26:00,2011-08-10 14:27:00,CTU13,7419,491.6335366492789,8712.210339653526,68929.0,29055130.0,,,,,,,,,,,,,,,1
2011-08-10 14:27:00,2011-08-10 14:28:00,CTU13,7055,484.1492435251594,8261.64067698539,113296.0,66128674.0,,,,,,,,,,,,,,,1
2011-08-10 14:28:00,2011-08-10 14:29:00,CTU13,7009,493.14061787059495,8719.992765156996,78951.0,41916641.0,,,,,,,,,,,,,,,1
2011-08-10 14:29:00,2011-08-10 14:30:00,CTU13,7030,502.9236476721195,9177.616106220234,735117.0,828443020.0,,,,,,,,,,,,,,,1
2011-08-10 14:30:00,2011-08-10 14:31:00,CTU13,5868,572.3249371273006,10139.656136716727,52744.0,21978748.0,,,,,,,,,,,,,,,1
2011-08-10 14:31:00,2011-08-10 14:32:00,CTU13,6688,477.82117264548447,8592.529010755947,91644.0,59751786.0,,,,,,,,,,,,,,,1
2011-08-10 14:32:00,2011-08-10 14:33:00,CTU13,6938,493.77511022110116,8400.75727871251,120953.0,65776927.0,,,,,,,,,,,,,,,1
2011-08-10 14:33:00,2011-08-10 14:34:00,CTU13,8032,444.30324649365036,7907.816290505611,178706.0,131050080.0,,,,,,,,,,,,,,,1
2011-08-10 14:34:00,2011-08-10 14:35:00,CTU13,6968,503.2868295252583,8740.043105950654,69200.0,28561245.0,,,,,,,,,,,,,,,1
2011-08-10 14:35:00,2011-08-10 14:36:00,CTU13,6397,548.2836385887135,9537.482233502538,129811.0,98796188.0,,,,,,,,,,,,,,,1
2011-08-10 14:36:00,2011-08-10 14:37:00,CTU13,7342,470.0340869314901,9482.860330578513,786119.0,548840611.0,,,,,,,,,,,,,,,1
2011-08-10 14:37:00,2011-08-10 14:38:00,CTU13,7913,439.8253497922406,8711.479327170005,176498.0,132582176.0,,,,,,,,,,,,,,,1
2011-08-10 14:38:00,2011-08-10 14:39:00,CTU13,7211,486.5815714656775,9722.394520159001,722186.0,811825095.0,,,,,,,,,,,,,,,1
2011-08-10 14:39:00,2011-08-10 14:40:00,CTU13,6475,518.0118333115057,9375.868355222014,74813.0,38853986.0,,,,,,,,,,,,,,,1
2011-08-10 14:40:00,2011-08-10 14:41:00,CTU13,7631,414.6104520729918,7703.376695929768,63792.0,23274424.0,,,,,,,,,,,,,,,1
2011-08-10 14:41:00,2011-08-10 14:42:00,CTU13,6684,530.2508809974565,9321.76499165022,90688.0,57118517.0,,,,,,,,,,,,,,,1
2011-08-10 14:42:00,2011-08-10 14:43:00,CTU13,7328,461.3476477854803,8780.618665189699,179976.0,68165544.0,,,,,,,,,,,,,,,1
2011-08-10 14:43:00,2011-08-10 14:44:00,CTU13,6495,488.6197746016936,9008.453524641298,94598.0,63203948.0,,,,,,,,,,,,,,,1
2011-08-10 14:44:00,2011-08-10 14:45:00,CTU13,6534,481.98428150428526,9176.042879256966,253952.0,205758430.0,,,,,,,,,,,,,,,1
2011-08-10 14:45:00,2011-08-10 14:46:00,CTU13,6398,541.5652143285402,9677.47350941009,125021.0,90358895.0,,,,,,,,,,,,,,,1
2011-08-10 14:46:00,2011-08-10 14:47:00,CTU13,6991,508.36856048347875,9408.927494199535,300972.0,248175209.0,,,,,,,,,,,,,,,1
2011-08-10 14:47:00,2011-08-10 14:48:00,CTU13,6263,558.7546235977966,9452.881859264042,248451.0,69740916.0,,,,,,,,,,,,,,,1
2011-08-10 14:48:00,2011-08-10 14:49:00,CTU13,7131,507.95328416603564,8725.755087519567,753422.0,802095759.0,,,,,,,,,,,,,,,1
2011-08-10 14:49:00,2011-08-10 14:50:00,CTU13,6956,544.7096339782921,8946.867239871757,239413.0,203789798.0,,,,,,,,,,,,,,,1
2011-08-10 14:50:00,2011-08-10 14:51:00,CTU13,7169,518.8614337266006,9698.45671178793,104935.0,38859910.0,,,,,,,,,,,,,,,1
2011-08-10 14:51:00,2011-08-10 14:52:00,CTU13,7487,527.2046480909577,10215.284708113233,128491.0,60618583.0,,,,,,,,,,,,,,,1
2011-08-10 14:52:00,2011-08-10 14:53:00,CTU13,7082,506.5069334298221,9250.307052752294,103240.0,42792662.0,,,,,,,,,,,,,,,1
2011-08-10 14:53:00,2011-08-10 14:54:00,CTU13,7775,487.31191250032157,8458.940984887962,286773.0,231178417.0,,,,,,,,,,,,,,,1
2011-08-10 14:54:00,2011-08-10 14:55:00,CTU13,7591,437.8903126765907,7935.206164931946,111880.0,58633728.0,,,,,,,,,,,,,,,1
2011-08-10 14:55:00,2011-08-10 14:56:00,CTU13,7410,470.469619771525,9009.849120894098,129558.0,94032981.0,,,,,,,,,,,,,,,1
2011-08-10 14:56:00,2011-08-10 14:57:00,CTU13,7478,501.40963942845684,8916.275003383407,80783.0,45141044.0,,,,,,,,,,,,,,,1
2011-08-10 14:57:00,2011-08-10 14:58:00,CTU13,7007,485.70573752889965,9639.011296162202,107822.0,67389141.0,,,,,,,,,,,,,,,1
2011-08-10 14:58:00,2011-08-10 14:59:00,CTU13,7206,475.10034488037746,9431.176187782805,74775.0,33913649.0,,,,,,,,,,,,,,,1
2011-08-10 14:59:00,2011-08-10 15:00:00,CTU13,7797,432.09104109221494,8047.29235966736,88037.0,32617985.0,,,,,,,,,,,,,,,1
2011-08-10 15:00:00,2011-08-10 15:01:00,CTU13,9210,372.53844430673183,10532.170871433293,93297.0,44397143.0,,,,,,,,,,,,,,,1
2011-08-10 15:01:00,2011-08-10 15:02:00,CTU13,7411,417.1931106594252,8424.779642516032,112383.0,65680066.0,,,,,,,,,,,,,,,1
2011-08-10 15:02:00,2011-08-10 15:03:00,CTU13,7512,417.8078139494143,9264.095925526173,445742.0,127029918.0,,,,,,,,,,,,,,,1
2011-08-10 15:03:00,2011-08-10 15:04:00,CTU13,7431,364.7341388251918,10419.187542967138,251561.0,201481021.0,,,,,,,,,,,,,,,1
2011-08-10 15:04:00,2011-08-10 15:05:00,CTU13,8241,304.64738703616064,9946.94957774466,648874.0,592423027.0,,,,,,,,,,,,,,,1
2011-08-10 15:05:00,2011-08-10 15:06:00,CTU13,7825,326.26796417929717,9947.653315994798,89531.0,50131198.0,,,,,,,,,,,,,,,1
2011-08-10 15:06:00,2011-08-10 15:07:00,CTU13,7791,309.88575480028237,8637.360182173064,178659.0,134195039.0,,,,,,,,,,,,,,,1
2011-08-10 15:07:00,2011-08-10 15:08:00,CTU13,6803,350.4546811905042,9805.492734082398,295916.0,261135328.0,,,,,,,,,,,,,,,1
2011-08-10 15:08:00,2011-08-10 15:09:00,CTU13,7515,319.49154966640054,9097.687000135556,282596.0,239984577.0,,,,,,,,,,,,,,,1
2011-08-10 15:09:00,2011-08-10 15:10:00,CTU13,7106,319.8106702506332,9464.532638194543,189831.0,125174106.0,,,,,,,,,,,,,,,1
2011-08-10 15:10:00,2011-08-10 15:11:00,CTU13,7733,294.4903173587224,9406.288,82287.0,47059561.0,,,,,,,,,,,,,,,1
2011-08-10 15:11:00,2011-08-10 15:12:00,CTU13,7860,296.26555494631043,9746.315809968848,369210.0,314385233.0,,,,,,,,,,,,,,,1
2011-08-10 15:12:00,2011-08-10 15:13:00,CTU13,7275,289.0397255780068,9469.205422023477,175550.0,136568431.0,,,,,,,,,,,,,,,1
2011-08-10 15:13:00,2011-08-10 15:14:00,CTU13,7171,237.24645712146145,9124.388628287135,72297.0,37615398.0,,,,,,,,,,,,,,,1
2011-08-10 15:14:00,2011-08-10 15:15:00,CTU13,6772,237.20718556334907,10091.289552686882,88554.0,51098378.0,,,,,,,,,,,,,,,1
2011-08-10 15:15:00,2011-08-10 15:16:00,CTU13,7646,212.23198126536752,9315.429063908778,76282.0,28626179.0,,,,,,,,,,,,,,,1
2011-08-10 15:16:00,2011-08-10 15:17:00,CTU13,7597,242.5423884915098,10074.169518716577,210228.0,158082092.0,,,,,,,,,,,,,,,1
2011-08-10 15:17:00,2011-08-10 15:18:00,CTU13,7521,209.20300832336127,9812.285287325092,132331.0,95057120.0,,,,,,,,,,,,,,,1
2011-08-10 15:18:00,2011-08-10 15:19:00,CTU13,8093,171.4416176784876,8771.624635660879,115730.0,68800156.0,,,,,,,,,,,,,,,1
2011-08-10 15:19:00,2011-08-10 15:20:00,CTU13,7692,169.15973996762872,9296.702928315886,320308.0,286101181.0,,,,,,,,,,,,,,,1
2011-08-10 15:20:00,2011-08-10 15:21:00,CTU13,7742,164.69076216610696,10061.48705820523,92700.0,54019049.0,,,,,,,,,,,,,,,1
2011-08-10 15:21:00,2011-08-10 15:22:00,CTU13,8203,134.37032429830552,9114.569944341372,72257.0,33981136.0,,,,,,,,,,,,,,,1
2011-08-10 15:22:00,2011-08-10 15:23:00,CTU13,7524,153.1541476621478,9454.262206636095,130620.0,87989789.0,,,,,,,,,,,,,,,1
2011-08-10 15:23:00,2011-08-10 15:24:00,CTU13,7015,154.1483547707769,10002.929132712456,119119.0,84415140.0,,,,,,,,,,,,,,,1
2011-08-10 15:24:00,2011-08-10 15:25:00,CTU13,7488,125.95262599278846,8270.804736129905,164191.0,138335963.0,,,,,,,,,,,,,,,1
2011-08-10 15:25:00,2011-08-10 15:26:00,CTU13,7533,118.46944298234436,9154.967654986523,63037.0,24951680.0,,,,,,,,,,,,,,,1
2011-08-10 15:26:00,2011-08-10 15:27:00,CTU13,7904,104.61267699860831,8685.02934016656,58259.0,22579527.0,,,,,,,,,,,,,,,1
2011-08-10 15:27:00,2011-08-10 15:28:00,CTU13,8049,98.3256708096658,7846.98370518927,119480.0,71573971.0,,,,,,,,,,,,,,,1
2011-08-10 15:28:00,2011-08-10 15:29:00,CTU13,7159,124.24548419611678,9595.449539985846,49811.0,17717673.0,,,,,,,,,,,,,,,1
2011-08-10 15:29:00,2011-08-10 15:30:00,CTU13,8935,98.47228191751539,7592.330573826264,660763.0,625418538.0,,,,,,,,,,,,,,,1
2011-08-10 15:30:00,2011-08-10 15:31:00,CTU13,7965,95.29475283226617,9143.337326366764,73236.0,42306754.0,,,,,,,,,,,,,,,1
2011-08-10 15:31:00,2011-08-10 15:32:00,CTU13,7929,80.11838905498803,8275.69466428389,162364.0,135592676.0,,,,,,,,,,,,,,,1
2011-08-10 15:32:00,2011-08-10 15:33:00,CTU13,7349,91.93388048455573,9573.484101858225,101504.0,68168375.0,,,,,,,,,,,,,,,1
2011-08-10 15:33:00,2011-08-10 15:34:00,CTU13,7493,76.81320373802215,9645.473217936486,122327.0,41577278.0,,,,,,,,,,,,,,,1
2011-08-10 15:34:00,2011-08-10 15:35:00,CTU13,8422,55.9906578062218,8684.627122726726,137936.0,97454971.0,,,,,,,,,,,,,,,1
2011-08-10 15:35:00,2011-08-10 15:36:00,CTU13,7529,56.976895536459025,9220.686319481922,166498.0,135616309.0,,,,,,,,,,,,,,,1
2011-08-10 15:36:00,2011-08-10 15:37:00,CTU13,7552,57.723022806144066,9936.182026407976,472744.0,388610666.0,,,,,,,,,,,,,,,1
2011-08-10 15:37:00,2011-08-10 15:38:00,CTU13,7444,53.451669198952175,9497.079618268575,71115.0,41873367.0,,,,,,,,,,,,,,,1
2011-08-10 15:38:00,2011-08-10 15:39:00,CTU13,7836,52.80815553279734,8825.156526261051,71774.0,36483684.0,,,,,,,,,,,,,,,1
2011-08-10 15:39:00,2011-08-10 15:40:00,CTU13,7572,46.16333282514527,9249.173247381144,180336.0,145811332.0,,,,,,,,,,,,,,,1
2011-08-10 15:40:00,2011-08-10 15:41:00,CTU13,6961,49.08435399569027,9428.766710353866,83965.0,56961667.0,,,,,,,,,,,,,,,1
2011-08-10 15:41:00,2011-08-10 15:42:00,CTU13,7046,37.95154827661085,8436.926703075596,63497.0,33786696.0,,,,,,,,,,,,,,,1
2011-08-10 15:42:00,2011-08-10 15:43:00,CTU13,7356,39.360432007612836,8952.646385209713,104317.0,67875421.0,,,,,,,,,,,,,,,1
2011-08-10 15:43:00,2011-08-10 15:44:00,CTU13,8517,29.60935218645063,8109.614899440676,96549.0,61637523.0,,,,,,,,,,,,,,,1
2011-08-10 15:44:00,2011-08-10 15:45:00,CTU13,8784,19.33460924692623,7320.043222003929,92739.0,57769025.0,,,,,,,,,,,,,,,1
2011-08-10 15:45:00,2011-08-10 15:46:00,CTU13,8261,18.508717020578622,7959.954807103491,69442.0,37290601.0,,,,,,,,,,,,,,,1
2011-08-10 15:46:00,2011-08-10 15:47:00,CTU13,7714,15.586777446201712,8141.189426734882,89600.0,51388115.0,,,,,,,,,,,,,,,1
2011-08-10 15:47:00,2011-08-10 15:48:00,CTU13,8566,15.779505422134019,9003.78804347826,72477.0,33926849.0,,,,,,,,,,,,,,,1
2011-08-10 15:48:00,2011-08-10 15:49:00,CTU13,7942,15.25356290430622,8605.57237936772,216514.0,167143466.0,,,,,,,,,,,,,,,0
2011-08-10 15:49:00,2011-08-10 15:50:00,CTU13,7923,14.251108235643065,9518.474704673858,75492.0,41247256.0,,,,,,,,,,,,,,,0
2011-08-10 15:50:00,2011-08-10 15:51:00,CTU13,7985,12.71024131521603,10979.119437340154,103889.0,71209700.0,,,,,,,,,,,,,,,0
2011-08-10 15:51:00,2011-08-10 15:52:00,CTU13,7479,7.981853553282524,9251.28446866485,140218.0,99557767.0,,,,,,,,,,,,,,,0
2011-08-10 15:52:00,2011-08-10 15:53:00,CTU13,6880,3.8329511593023256,9425.410811607011,41052.0,20414504.0,,,,,,,,,,,,,,,0
2011-08-10 15:53:00,2011-08-10 15:54:00,CTU13,6572,1.5821870337796713,9781.591653786709,34319.0,15425872.0,,,,,,,,,,,,,,,0
