window_start,window_end,dataset_source,number_of_flows,mean_dst_port,mean_flow_duration,mean_total_packets,total_packets,mean_total_bytes,total_bytes,mean_source_bytes,source_bytes,mean_iat_variance,mean_s_tos,mean_d_tos,mean_tot_fwd_pkts,mean_tot_bwd_pkts,mean_totlen_fwd_pkts,mean_totlen_bwd_pkts,mean_flow_byts_s,mean_flow_pkts_s,mean_flow_iat_mean,mean_flow_iat_std,mean_flow_iat_max,mean_flow_iat_min,mean_fwd_pkts_s,mean_bwd_pkts_s,mean_down_up_ratio,mean_fin_flag_cnt,mean_syn_flag_cnt,mean_rst_flag_cnt,mean_psh_flag_cnt,mean_ack_flag_cnt,mean_urg_flag_cnt,mean_cwe_flag_count,mean_ece_flag_cnt,mean_init_fwd_win_byts,mean_init_bwd_win_byts,mean_fwd_pkt_len_max,mean_fwd_pkt_len_min,mean_fwd_pkt_len_mean,mean_fwd_pkt_len_std,mean_bwd_pkt_len_max,mean_bwd_pkt_len_min,mean_bwd_pkt_len_mean,mean_bwd_pkt_len_std,mean_pkt_len_min,mean_pkt_len_max,mean_pkt_len_mean,mean_pkt_len_std,mean_pkt_len_var,mean_pkt_size_avg,mean_fwd_seg_size_avg,mean_bwd_seg_size_avg,target_next_window
2011-08-10 09:46:00,2011-08-10 09:47:00,CTU13,1654,12782.049291435613,1279.3881594050786,562.7152357920194,930731.0,442918.2400241838,732586769.0,419831.4516324063,694401221.0,,0.0018214936247723133,0.0,,,,,,,,,,,,,,,,,,,,,,,,,,,,,,,,,,,,,,,,0
2011-08-10 09:47:00,2011-08-10 09:48:00,CTU13,10191,12623.321435712858,1235.6530180582868,39.8255323324502,405862.0,8187.587969777254,83439709.0,3464.6359532921206,35308105.0,,0.04169541646131099,0.00031453134829104634,,,,,,,,,,,,,,,,,,,,,,,,,,,,,,,,,,,,,,,,0
2011-08-10 09:48:00,2011-08-10 09:49:00,CTU13,8657,13274.64637749675,1110.4049347034768,27.098532979092063,234592.0,17533.476030957605,151787302.0,1125.6070232182049,9744380.0,,0.024854819976771195,0.0023643603782976604,,,,,,,,,,,,,,,,,,,,,,,,,,,,,,,,,,,,,,,,0
2011-08-10 09:49:00,2011-08-10 09:50:00,CTU13,9321,11927.165774232324,922.117819277009,13.56710653363373,126459.0,3458.3323677716985,32235116.0,1027.0345456496084,9572989.0,,0.023957885689729265,0.00034722222222222224,,,,,,,,,,,,,,,,,,,,,,,,,,,,,,,,,,,,,,,,0
2011-08-10 09:50:00,2011-08-10 09:51:00,CTU13,9194,10952.259480375898,897.5732357643028,12.54709593212965,115358.0,5290.367957363498,48639643.0,839.8135740700457,7721246.0,,0.0223457597558317,0.0006919617114519663,,,,,,,,,,,,,,,,,,,,,,,,,,,,,,,,,,,,,,,,0
2011-08-10 09:51:00,2011-08-10 09:52:00,CTU13,8449,11237.77426717924,919.3470909518286,13.67132204994674,115509.0,5986.737247011481,50581943.0,887.8359569179785,7501326.0,,0.026250148473690463,0.0007530120481927711,,,,,,,,,,,,,,,,,,,,,,,,,,,,,,,,,,,,,,,,0
2011-08-10 09:52:00,2011-08-10 09:53:00,CTU13,9524,11387.711853517507,854.4613882233306,23.606047879042418,224824.0,18503.166631667365,176224159.0,1015.0921881562368,9667738.0,,0.0246092099704267,0.0002260397830018083,,,,,,,,,,,,,,,,,,,,,,,,,,,,,,,,,,,,,,,,0
2011-08-10 09:53:00,2011-08-10 09:54:00,CTU13,8391,11599.676143237359,870.024378142772,9.063043737337624,76048.0,3519.9426766773922,29535839.0,729.510189488738,6121320.0,,0.023914863087408825,0.0,,,,,,,,,,,,,,,,,,,,,,,,,,,,,,,,,,,,,,,,0
2011-08-10 09:54:00,2011-08-10 09:55:00,CTU13,8534,11028.424952426261,860.3779481495196,126.78017342395125,1081942.0,104634.412819311,892950079.0,3660.8834075462855,31241979.0,,0.02569845573499941,0.0011177347242921013,,,,,,,,,,,,,,,,,,,,,,,,,,,,,,,,,,,,,,,,0
2011-08-10 09:55:00,2011-08-10 09:56:00,CTU13,8307,10670.07459578638,852.180794847478,12.800048152160828,106330.0,6900.4891055736125,57322363.0,1496.2572529192248,12429409.0,,0.025966183574879228,0.0002564102564102564,,,,,,,,,,,,,,,,,,,,,,,,,,,,,,,,,,,,,,,,0
2011-08-10 09:56:00,2011-08-10 09:57:00,CTU13,8737,9555.304880869766,768.8525045063524,9.548929838617374,83429.0,3854.1822135744533,33673990.0,735.0578001602381,6422200.0,,0.024295209718083886,0.0002388630120625821,,,,,,,,,,,,,,,,,,,,,,,,,,,,,,,,,,,,,,,,0
2011-08-10 09:57:00,2011-08-10 09:58:00,CTU13,7126,10675.437803831855,832.8357674079427,13.417625596407522,95614.0,10345.140190850407,73719469.0,552.8388998035364,3939530.0,,0.02997737556561086,0.0004440497335701599,,,,,,,,,,,,,,,,,,,,,,,,,,,,,,,,,,,,,,,,0
2011-08-10 09:58:00,2011-08-10 09:59:00,CTU13,8162,8756.638221451572,648.0764453107082,9.230703259005146,75341.0,4507.147635383484,36787339.0,909.9264886057339,7426820.0,,0.025411244782715444,0.00025936973155232785,,,,,,,,,,,,,,,,,,,,,,,,,,,,,,,,,,,,,,,,0
2011-08-10 09:59:00,2011-08-10 10:00:00,CTU13,8160,10263.354433528168,726.8599634796568,12.609436274509804,102893.0,6621.9550245098035,54035153.0,1437.4117647058824,11729280.0,,0.025584255842558426,0.0002609262883235486,,,,,,,,,,,,,,,,,,,,,,,,,,,,,,,,,,,,,,,,0
2011-08-10 10:00:00,2011-08-10 10:01:00,CTU13,8151,8638.151793471516,650.3452920461293,7.245245982088087,59056.0,2352.9170653907495,19178627.0,504.0504232609496,4108515.0,,0.02643225965084829,0.00012822156686754713,,,,,,,,,,,,,,,,,,,,,,,,,,,,,,,,,,,,,,,,0
2011-08-10 10:01:00,2011-08-10 10:02:00,CTU13,7140,9634.742411347517,742.0692404773109,17.665546218487396,126132.0,12597.587675070028,89946776.0,829.006862745098,5919109.0,,0.029333333333333333,0.0004404639553663192,,,,,,,,,,,,,,,,,,,,,,,,,,,,,,,,,,,,,,,,0
2011-08-10 10:02:00,2011-08-10 10:03:00,CTU13,7454,9702.815178815179,665.7566477365173,27.451167158572577,204621.0,20059.257445666757,149521705.0,1015.5393077542259,7569830.0,,0.027129167229045754,0.0,,,,,,,,,,,,,,,,,,,,,,,,,,,,,,,,,,,,,,,,0
2011-08-10 10:03:00,2011-08-10 10:04:00,CTU13,8274,10307.802039813221,647.6945770535413,97.61663040850858,807680.0,88755.83067440175,734365743.0,2774.437515107566,22955696.0,,0.024869586315661774,0.0006567713122290818,,,,,,,,,,,,,,,,,,,,,,,,,,,,,,,,,,,,,,,,0
2011-08-10 10:04:00,2011-08-10 10:05:00,CTU13,8207,9474.94388133498,608.3368267827465,17.130010966248324,140586.0,12109.852199342025,99385557.0,3695.0252223711464,30325072.0,,0.026954177897574125,0.00038724667613269654,,,,,,,,,,,,,,,,,,,,,,,,,,,,,,,,,,,,,,,,0
2011-08-10 10:05:00,2011-08-10 10:06:00,CTU13,7724,11319.362057623997,725.2769631852667,15.930476437079234,123047.0,8419.757897462454,65034210.0,2259.326903158985,17451041.0,,0.02781388094619184,0.00027843519420854795,,,,,,,,,,,,,,,,,,,,,,,,,,,,,,,,,,,,,,,,0
2011-08-10 10:06:00,2011-08-10 10:07:00,CTU13,9303,7726.304668838219,573.7239782151994,10.002902289584005,93057.0,4728.4506073309685,43988776.0,612.5993765452005,5699012.0,,0.023891519586741284,0.0005839075090505664,,,,,,,,,,,,,,,,,,,,,,,,,,,,,,,,,,,,,,,,0
2011-08-10 10:07:00,2011-08-10 10:08:00,CTU13,8220,8610.474898236092,602.2067066075425,9.238686131386862,75942.0,4570.8461070559615,37572355.0,492.67822384428223,4049815.0,,0.024929732371990712,0.00038153376573826786,,,,,,,,,,,,,,,,,,,,,,,,,,,,,,,,,,,,,,,,0
2011-08-10 10:08:00,2011-08-10 10:09:00,CTU13,7035,8752.52045520023,636.6680951041933,13.583511016346836,95560.0,9655.64591329069,67927469.0,637.7512437810946,4486580.0,,0.030264097073518913,0.0007389890629618681,,,,,,,,,,,,,,,,,,,,,,,,,,,,,,,,,,,,,,,,0
2011-08-10 10:09:00,2011-08-10 10:10:00,CTU13,6842,9578.665033407573,629.6363382962585,11.7524115755627,80410.0,7596.812189418299,51977389.0,591.0043846828413,4043652.0,,0.030107211044206196,0.0006111535523300229,,,,,,,,,,,,,,,,,,,,,,,,,,,,,,,,,,,,,,,,0
2011-08-10 10:10:00,2011-08-10 10:11:00,CTU13,9365,7272.040435626483,481.8598452884143,10.468232781633743,98035.0,4673.348852108917,43765912.0,584.6205018686599,5474971.0,,0.022357723577235773,0.0,,,,,,,,,,,,,,,,,,,,,,,,,,,,,,,,,,,,,,,,0
2011-08-10 10:11:00,2011-08-10 10:12:00,CTU13,8045,7424.757142857143,497.97868520696085,8.637911746426353,69492.0,4049.422374145432,32577603.0,592.069608452455,4763200.0,,0.0253889234598631,0.0,,,,,,,,,,,,,,,,,,,,,,,,,,,,,,,,,,,,,,,,0
2011-08-10 10:12:00,2011-08-10 10:13:00,CTU13,7515,8140.05442543446,535.9298924017298,14.350898203592815,107847.0,9588.645508982036,72058671.0,4409.797870924817,33139631.0,,0.027247228529451047,0.00041499515838981876,,,,,,,,,,,,,,,,,,,,,,,,,,,,,,,,,,,,,,,,0
2011-08-10 10:13:00,2011-08-10 10:14:00,CTU13,8137,8339.254740518962,518.0001060685756,11.15742902789726,90788.0,5953.928229077055,48447114.0,575.1435418458891,4679943.0,,0.025435238918384985,0.0003852080123266564,,,,,,,,,,,,,,,,,,,,,,,,,,,,,,,,,,,,,,,,0
2011-08-10 10:14:00,2011-08-10 10:15:00,CTU13,9314,6754.591761517615,430.32377940627015,10.548743826497745,98251.0,5307.058728795362,49429945.0,557.8741679192614,5196040.0,,0.02224381816218551,0.0002207505518763797,,,,,,,,,,,,,,,,,,,,,,,,,,,,,,,,,,,,,,,,0
2011-08-10 10:15:00,2011-08-10 10:16:00,CTU13,9227,6989.438863910516,453.8789115699577,10.208084968028611,94190.0,5172.492034247318,47726584.0,814.5499078790506,7515852.0,,0.02324066029539531,0.00045300113250283127,,,,,,,,,,,,,,,,,,,,,,,,,,,,,,,,,,,,,,,,0
2011-08-10 10:16:00,2011-08-10 10:17:00,CTU13,7771,10384.261396196925,619.2424944861665,25.464676360828722,197886.0,15569.191738514992,120988189.0,3047.066400720628,23678753.0,,0.02693298969072165,0.0016304347826086956,,,,,,,,,,,,,,,,,,,,,,,,,,,,,,,,,,,,,,,,0
2011-08-10 10:17:00,2011-08-10 10:18:00,CTU13,7361,10003.879043406137,493.15925272136934,11.280260834125798,83034.0,8122.4754788751525,59789542.0,540.6590137209619,3979791.0,,0.028618152085036794,0.0,,,,,,,,,,,,,,,,,,,,,,,,,,,,,,,,,,,,,,,,0
2011-08-10 10:18:00,2011-08-10 10:19:00,CTU13,14878,7359.985140753868,244.1826236244791,6.885065196935072,102436.0,2893.3152305417393,43046744.0,375.7829681408792,5590899.0,,0.014498617573673208,0.000312256049960968,,,,,,,,,,,,,,,,,,,,,,,,,,,,,,,,,,,,,,,,0
2011-08-10 10:19:00,2011-08-10 10:20:00,CTU13,70155,30721.278610948288,49.325500095531325,4.150666381583636,291190.0,1244.2474093079609,87290177.0,176.4069845342456,12375832.0,,0.0028670460866960503,3.88123423248593e-05,,,,,,,,,,,,,,,,,,,,,,,,,,,,,,,,,,,,,,,,0
2011-08-10 10:20:00,2011-08-10 10:21:00,CTU13,10427,6428.27678138633,329.09710111479814,8.058885585499185,84030.0,4330.7133403663565,45156348.0,553.82324733864,5774715.0,,0.01911990776325903,0.0003043831168831169,,,,,,,,,,,,,,,,,,,,,,,,,,,,,,,,,,,,,,,,0
2011-08-10 10:21:00,2011-08-10 10:22:00,CTU13,11670,6325.589623052146,317.1199267470437,9.473350471293916,110554.0,5270.647129391602,61508452.0,579.0413024850043,6757412.0,,0.035074178886887915,0.0001802451333813987,,,,,,,,,,,,,,,,,,,,,,,,,,,,,,,,,,,,,,,,0
2011-08-10 10:22:00,2011-08-10 10:23:00,CTU13,14929,4313.598219104156,240.51556411105904,6.6995780025453815,100018.0,3631.341616987072,54212299.0,481.9172081184272,7194542.0,,0.013408420488066506,0.00020562028786840302,,,,,,,,,,,,,,,,,,,,,,,,,,,,,,,,,,,,,,,,0
2011-08-10 10:23:00,2011-08-10 10:24:00,CTU13,16966,3571.569347839011,191.61983282724273,6.727042319933986,114131.0,3872.298656135801,65697419.0,310.2453141577272,5263622.0,,0.012357358245136877,0.0007820019249278152,,,,,,,,,,,,,,,,,,,,,,,,,,,,,,,,,,,,,,,,0
2011-08-10 10:24:00,2011-08-10 10:25:00,CTU13,8489,8038.803503336511,437.4516227309459,9.085286841795265,77125.0,5156.1188597007895,43770293.0,446.90222641064906,3793753.0,,0.023913815555818632,0.0,,,,,,,,,,,,,,,,,,,,,,,,,,,,,,,,,,,,,,,,0
2011-08-10 10:25:00,2011-08-10 10:26:00,CTU13,7443,9612.380867416963,481.7330243185544,8.594518339379283,63969.0,3640.8915759774286,27099156.0,647.3256751309956,4818045.0,,0.028305701577031946,0.0,,,,,,,,,,,,,,,,,,,,,,,,,,,,,,,,,,,,,,,,0
2011-08-10 10:26:00,2011-08-10 10:27:00,CTU13,7443,8645.24202780049,454.388749817278,8.619911326078194,64158.0,4008.789735321779,29837422.0,605.0564288593309,4503435.0,,0.027594561852200834,0.0,,,,,,,,,,,,,,,,,,,,,,,,,,,,,,,,,,,,,,,,0
2011-08-10 10:27:00,2011-08-10 10:28:00,CTU13,7065,8104.901294964029,431.90884794819533,11.772257607926397,83171.0,6243.234111818825,44108449.0,649.6680820948337,4589905.0,,0.028340654669122858,0.0013448894202032278,,,,,,,,,,,,,,,,,,,,,,,,,,,,,,,,,,,,,,,,0
2011-08-10 10:28:00,2011-08-10 10:29:00,CTU13,7236,7959.614285714286,399.7275325892758,13.398700939745716,96953.0,8803.991708126037,63705684.0,808.620232172471,5851176.0,,0.029153298925931093,0.0,,,,,,,,,,,,,,,,,,,,,,,,,,,,,,,,,,,,,,,,0
2011-08-10 10:29:00,2011-08-10 10:30:00,CTU13,6298,7812.141404358354,353.64186266878374,25.621149571292474,161362.0,19685.108605906637,123976814.0,7398.483645601778,46595650.0,,0.03207276208712303,0.0,,,,,,,,,,,,,,,,,,,,,,,,,,,,,,,,,,,,,,,,0
2011-08-10 10:30:00,2011-08-10 10:31:00,CTU13,6395,7387.416944841838,369.03250225394834,8.093197810789679,51756.0,3613.4608287724786,23108082.0,608.9677873338546,3894349.0,,0.031578947368421054,0.0,,,,,,,,,,,,,,,,,,,,,,,,,,,,,,,,,,,,,,,,0
2011-08-10 10:31:00,2011-08-10 10:32:00,CTU13,6564,7563.760694358339,351.25750222714805,14.44759293113955,94834.0,9778.191346739794,64184048.0,860.7669104204754,5650074.0,,0.03096872616323417,0.0,,,,,,,,,,,,,,,,,,,,,,,,,,,,,,,,,,,,,,,,0
2011-08-10 10:32:00,2011-08-10 10:33:00,CTU13,7272,7559.680239854972,303.8419303558856,23.192244224422442,168654.0,21260.46397139714,154606094.0,838.8479097909791,6100102.0,,0.027946035242290748,0.00014560279557367502,,,,,,,,,,,,,,,,,,,,,,,,,,,,,,,,,,,,,,,,0
2011-08-10 10:33:00,2011-08-10 10:34:00,CTU13,6545,8455.725326617347,342.9894672102368,6.890909090909091,45101.0,2992.4806722689077,19585786.0,490.89640947288007,3212917.0,,0.031288532675709003,0.0,,,,,,,,,,,,,,,,,,,,,,,,,,,,,,,,,,,,,,,,0
2011-08-10 10:34:00,2011-08-10 10:35:00,CTU13,5635,8051.037445730825,380.8990119687667,9.127595385980479,51434.0,4541.986867790594,25594096.0,661.7164152617569,3728772.0,,0.03811739441660701,0.0,,,,,,,,,,,,,,,,,,,,,,,,,,,,,,,,,,,,,,,,0
2011-08-10 10:35:00,2011-08-10 10:36:00,CTU13,6502,9191.707441711913,340.59500465902795,14.88295908951092,96769.0,11079.759766225776,72040598.0,725.6298062134728,4718045.0,,0.03276661514683153,0.0,,,,,,,,,,,,,,,,,,,,,,,,,,,,,,,,,,,,,,,,0
2011-08-10 10:36:00,2011-08-10 10:37:00,CTU13,7990,8715.181139843047,302.6407247033792,13.74180225281602,109797.0,8354.87521902378,66755453.0,817.645181476846,6532985.0,,0.026061897005387795,0.0002747252747252747,,,,,,,,,,,,,,,,,,,,,,,,,,,,,,,,,,,,,,,,0
2011-08-10 10:37:00,2011-08-10 10:38:00,CTU13,6470,9236.062569477528,339.8630918669243,20.793663060278206,134535.0,13023.019165378671,84258934.0,950.1797527047913,6147663.0,,0.032512772875058056,0.0,,,,,,,,,,,,,,,,,,,,,,,,,,,,,,,,,,,,,,,,0
2011-08-10 10:38:00,2011-08-10 10:39:00,CTU13,6201,7044.60632805995,277.7377220667634,48.692952749556525,301945.0,48426.87518142235,300295053.0,1359.401386873085,8429648.0,,0.03257328990228013,0.00033967391304347825,,,,,,,,,,,,,,,,,,,,,,,,,,,,,,,,,,,,,,,,0
2011-08-10 10:39:00,2011-08-10 10:40:00,CTU13,5710,7537.326039783002,290.01460266742555,26.473029772329248,151161.0,20494.923817863397,117026015.0,959.3080560420315,5477649.0,,0.03456180567801093,0.0,,,,,,,,,,,,,,,,,,,,,,,,,,,,,,,,,,,,,,,,0
2011-08-10 10:40:00,2011-08-10 10:41:00,CTU13,6535,6680.01114599686,261.75885033205816,10.383932670237185,67859.0,5533.11155317521,36158884.0,724.7914307574598,4736512.0,,0.03262040313894445,0.0008039877793857533,,,,,,,,,,,,,,,,,,,,,,,,,,,,,,,,,,,,,,,,0
2011-08-10 10:41:00,2011-08-10 10:42:00,CTU13,5818,7952.869741242739,294.85859545393606,253.83860433138537,1476833.0,223593.59951873496,1300867562.0,8208.681333791681,47758108.0,,0.03531438415159346,0.0003621220351258374,,,,,,,,,,,,,,,,,,,,,,,,,,,,,,,,,,,,,,,,0
2011-08-10 10:42:00,2011-08-10 10:43:00,CTU13,6314,6345.648160103293,246.2712675429205,12.601362052581564,79565.0,7735.592651251188,48842532.0,774.068894520114,4887471.0,,0.03156225218080888,0.0,,,,,,,,,,,,,,,,,,,,,,,,,,,,,,,,,,,,,,,,0
2011-08-10 10:43:00,2011-08-10 10:44:00,CTU13,5873,7257.312686436217,280.16855467256937,42.260514217605994,248196.0,32798.9049889324,192627969.0,17856.98109994892,104874050.0,,0.03496743229345218,0.0010762331838565023,,,,,,,,,,,,,,,,,,,,,,,,,,,,,,,,,,,,,,,,0
2011-08-10 10:44:00,2011-08-10 10:45:00,CTU13,5775,7403.172006443529,279.8486262550649,20.584935064935063,118878.0,14649.006233766233,84598011.0,10104.092467532468,58351134.0,,0.03498950314905528,0.0,,,,,,,,,,,,,,,,,,,,,,,,,,,,,,,,,,,,,,,,0
2011-08-10 10:45:00,2011-08-10 10:46:00,CTU13,5642,8127.076023391813,304.0866327557604,7.210740872031194,40683.0,2843.936724565757,16045491.0,545.1141439205956,3075534.0,,0.03707004099091071,0.0,,,,,,,,,,,,,,,,,,,,,,,,,,,,,,,,,,,,,,,,0
2011-08-10 10:46:00,2011-08-10 10:47:00,CTU13,5947,6925.82830705963,285.7224288501766,56.611064402219604,336666.0,42389.6554565327,252091281.0,30270.86194720027,180020816.0,,0.03336141533277169,0.0,,,,,,,,,,,,,,,,,,,,,,,,,,,,,,,,,,,,,,,,0
2011-08-10 10:47:00,2011-08-10 10:48:00,CTU13,6623,7491.80754544066,557.4007951189793,58.40314057073834,386804.0,19805.890985958024,131174416.0,4319.827872565303,28610220.0,,0.05979412655161974,0.00046918986549890525,,,,,,,,,,,,,,,,,,,,,,,,,,,,,,,,,,,,,,,,0
2011-08-10 10:48:00,2011-08-10 10:49:00,CTU13,6678,9037.893668954996,575.2572419161426,26.06019766397125,174030.0,8364.71563342318,55859571.0,1526.3956274333632,10193270.0,,0.03113250112798917,0.0,,,,,,,,,,,,,,,,,,,,,,,,,,,,,,,,,,,,,,,,0
2011-08-10 10:49:00,2011-08-10 10:50:00,CTU13,7203,10022.942189947316,523.0939980526169,21.219769540469247,152846.0,10558.061363320838,76049716.0,1330.175204775788,9581252.0,,0.028699426011479772,0.00045696877380045696,,,,,,,,,,,,,,,,,,,,,,,,,,,,,,,,,,,,,,,,0
2011-08-10 10:50:00,2011-08-10 10:51:00,CTU13,7154,10243.458578607322,492.0144491934582,12.078976796197932,86413.0,6030.824294101202,43144517.0,817.5503214984624,5848755.0,,0.02950681466910215,0.0003127443315089914,,,,,,,,,,,,,,,,,,,,,,,,,,,,,,,,,,,,,,,,0
2011-08-10 10:51:00,2011-08-10 10:52:00,CTU13,7883,7823.9537000910395,457.7672813390841,16.037295445896234,126422.0,10651.84219205886,83968472.0,832.2526956742357,6560648.0,,0.026693784161688064,0.0010939422945439629,,,,,,,,,,,,,,,,,,,,,,,,,,,,,,,,,,,,,,,,0
2011-08-10 10:52:00,2011-08-10 10:53:00,CTU13,6391,8378.659936406995,575.880105725708,21.366139884212174,136551.0,15240.10530433422,97399513.0,1375.552808637146,8791158.0,,0.03293084522502744,0.00033140016570008286,,,,,,,,,,,,,,,,,,,,,,,,,,,,,,,,,,,,,,,,0
2011-08-10 10:53:00,2011-08-10 10:54:00,CTU13,6923,8702.064298297122,614.1137306462516,10.746497183302036,74398.0,4220.121912465694,29215904.0,734.2462805142279,5083187.0,,0.02957807742496738,0.00030446034404018875,,,,,,,,,,,,,,,,,,,,,,,,,,,,,,,,,,,,,,,,0
2011-08-10 10:54:00,2011-08-10 10:55:00,CTU13,7280,7540.418763982103,510.1440366980769,10.901098901098901,79360.0,4706.620879120879,34264200.0,710.0318681318681,5169032.0,,0.030547070258261595,0.0,,,,,,,,,,,,,,,,,,,,,,,,,,,,,,,,,,,,,,,,0
2011-08-10 10:55:00,2011-08-10 10:56:00,CTU13,7478,7722.692692828146,498.7713448581172,15.617812249264508,116790.0,7635.930596416154,57101489.0,2225.394757956673,16641502.0,,0.02707774798927614,0.0006977393245883338,,,,,,,,,,,,,,,,,,,,,,,,,,,,,,,,,,,,,,,,0
2011-08-10 10:56:00,2011-08-10 10:57:00,CTU13,6777,9168.433588473661,627.22096830574,19.050022133687474,129102.0,11180.644828095028,75771230.0,1070.8624760218386,7257235.0,,0.03156023114535487,0.0006244146113019045,,,,,,,,,,,,,,,,,,,,,,,,,,,,,,,,,,,,,,,,0
2011-08-10 10:57:00,2011-08-10 10:58:00,CTU13,7711,8650.668808181461,554.3165333999481,11.431072493839968,88145.0,5453.31993256387,42050550.0,716.0103747892621,5521156.0,,0.027391925223938726,0.00040749796251018743,,,,,,,,,,,,,,,,,,,,,,,,,,,,,,,,,,,,,,,,0
2011-08-10 10:58:00,2011-08-10 10:59:00,CTU13,6689,9938.179650721337,613.6992422249963,13.788458663477352,92231.0,8040.834055912693,53785139.0,811.9280908955001,5430987.0,,0.03118440779610195,0.0006371455877668047,,,,,,,,,,,,,,,,,,,,,,,,,,,,,,,,,,,,,,,,0
2011-08-10 10:59:00,2011-08-10 11:00:00,CTU13,7077,9227.047198494281,575.6049561534549,17.261975413310726,122163.0,10386.300551080967,73503849.0,1284.6885686025153,9091741.0,,0.030138551635480647,0.0002986857825567503,,,,,,,,,,,,,,,,,,,,,,,,,,,,,,,,,,,,,,,,0
2011-08-10 11:00:00,2011-08-10 11:01:00,CTU13,8054,8381.699910952804,500.1677266124907,23.71455177551527,190997.0,18010.79140799603,145058914.0,10241.75589769059,82487102.0,,0.025886745488487864,0.0,,,,,,,,,,,,,,,,,,,,,,,,,,,,,,,,,,,,,,,,0
2011-08-10 11:01:00,2011-08-10 11:02:00,CTU13,10305,11615.56752490875,354.88608764492966,8.068801552644347,83149.0,3804.934788937409,39209853.0,516.192916060165,5319368.0,,0.02241933911687299,0.0002608242044861763,,,,,,,,,,,,,,,,,,,,,,,,,,,,,,,,,,,,,,,,0
2011-08-10 11:02:00,2011-08-10 11:03:00,CTU13,6451,8865.421754826557,549.3918899764377,31.360254224151294,202305.0,22326.79305534026,144030142.0,1287.2842970082158,8304271.0,,0.03183229813664596,0.0006478781988986071,,,,,,,,,,,,,,,,,,,,,,,,,,,,,,,,,,,,,,,,0
2011-08-10 11:03:00,2011-08-10 11:04:00,CTU13,6263,9645.758452535762,603.6089930919687,65.24093884719782,408604.0,57419.013412102824,359615281.0,1940.453935813508,12153063.0,,0.031094726719025485,0.0,,,,,,,,,,,,,,,,,,,,,,,,,,,,,,,,,,,,,,,,1
2011-08-10 11:04:00,2011-08-10 11:05:00,CTU13,7206,9909.076333711691,540.4873791387732,17.501110185956147,126113.0,11799.817513183458,85029485.0,898.5795170691091,6475164.0,,0.028467255644369655,0.0002981070204203309,,,,,,,,,,,,,,,,,,,,,,,,,,,,,,,,,,,,,,,,0
2011-08-10 11:05:00,2011-08-10 11:06:00,CTU13,7200,12152.28478137422,573.5911411566667,33.56986111111111,241703.0,23771.034722222223,171151450.0,2908.749027777778,20942993.0,,0.029411764705882353,0.0001554001554001554,,,,,,,,,,,,,,,,,,,,,,,,,,,,,,,,,,,,,,,,1
2011-08-10 11:06:00,2011-08-10 11:07:00,CTU13,7694,10167.886141232479,511.93841407213415,22.802313491031974,175441.0,15378.677410969587,118323544.0,1495.4026514166883,11505628.0,,0.026621427639305754,0.0,,,,,,,,,,,,,,,,,,,,,,,,,,,,,,,,,,,,,,,,1
2011-08-10 11:07:00,2011-08-10 11:08:00,CTU13,6402,9302.255093981994,614.0393546044986,8.973133395813807,57446.0,3946.887691346454,25267975.0,521.7516401124649,3340254.0,,0.03221770409759149,0.0011471648639790233,,,,,,,,,,,,,,,,,,,,,,,,,,,,,,,,,,,,,,,,1
2011-08-10 11:08:00,2011-08-10 11:09:00,CTU13,7107,8837.314645308925,517.9397886676516,13.057126776417617,92797.0,8075.449134655973,57392217.0,647.7346278317152,4603450.0,,0.029208409764357273,0.00044829647340107593,,,,,,,,,,,,,,,,,,,,,,,,,,,,,,,,,,,,,,,,1
2011-08-10 11:09:00,2011-08-10 11:10:00,CTU13,7366,8583.649592710202,528.4871170920445,17.32921531360304,127647.0,10337.487102905241,76145930.0,917.3449633450991,6757163.0,,0.02777017783857729,0.0002852253280091272,,,,,,,,,,,,,,,,,,,,,,,,,,,,,,,,,,,,,,,,1
2011-08-10 11:10:00,2011-08-10 11:11:00,CTU13,7284,9317.561891515994,552.0252559279241,27.756864360241625,202181.0,22899.796814936846,166802120.0,1095.910626029654,7982613.0,,0.028508469907726208,0.00028665615594094884,,,,,,,,,,,,,,,,,,,,,,,,,,,,,,,,,,,,,,,,1
2011-08-10 11:11:00,2011-08-10 11:12:00,CTU13,7612,7920.619218979075,486.6945953124015,29.017603783499737,220882.0,27214.623751970572,207157716.0,904.0831581713085,6881881.0,,0.028224742811922974,0.0,,,,,,,,,,,,,,,,,,,,,,,,,,,,,,,,,,,,,,,,1
2011-08-10 11:12:00,2011-08-10 11:13:00,CTU13,7792,7981.369089260267,489.4073818909137,17.163116016427104,133735.0,10192.380775154004,79419031.0,3593.332392197125,27999246.0,,0.02697495183044316,0.0,,,,,,,,,,,,,,,,,,,,,,,,,,,,,,,,,,,,,,,,1
2011-08-10 11:13:00,2011-08-10 11:14:00,CTU13,8623,8245.267348859092,470.52257747767595,15.002319378406588,129365.0,9091.118752174418,78392717.0,999.0548532993158,8614850.0,,0.023696131954930887,0.00024301336573511544,,,,,,,,,,,,,,,,,,,,,,,,,,,,,,,,,,,,,,,,1
2011-08-10 11:14:00,2011-08-10 11:15:00,CTU13,7598,8365.93041616486,511.9169390369834,14.61884706501711,111074.0,8340.468544353776,63370880.0,758.57567780995,5763658.0,,0.028662420382165606,0.00041453641011468843,,,,,,,,,,,,,,,,,,,,,,,,,,,,,,,,,,,,,,,,1
2011-08-10 11:15:00,2011-08-10 11:16:00,CTU13,7498,7749.354485184684,468.9726929431848,10.245398773006135,76820.0,4468.440917578021,33504370.0,631.8885036009602,4737900.0,,0.026146419951729685,0.0006944444444444445,,,,,,,,,,,,,,,,,,,,,,,,,,,,,,,,,,,,,,,,1
2011-08-10 11:16:00,2011-08-10 11:17:00,CTU13,8133,7042.425632714126,441.5564175844092,12.44583794417804,101222.0,6429.322636173613,52289681.0,1092.2907906061723,8883601.0,,0.025182076286878165,0.0007714065312419646,,,,,,,,,,,,,,,,,,,,,,,,,,,,,,,,,,,,,,,,1
2011-08-10 11:17:00,2011-08-10 11:18:00,CTU13,8436,7109.914230953522,430.28929332159794,96.27287814129919,812158.0,99107.00723091513,836066713.0,2044.0109056424847,17243276.0,,0.02349311817750356,0.00037230081906180194,,,,,,,,,,,,,,,,,,,,,,,,,,,,,,,,,,,,,,,,1
2011-08-10 11:18:00,2011-08-10 11:19:00,CTU13,8264,7349.235771358328,449.9780511946999,16.735358180058082,138301.0,13031.661181026138,107693648.0,773.2575024201356,6390200.0,,0.025728155339805825,0.0003824091778202677,,,,,,,,,,,,,,,,,,,,,,,,,,,,,,,,,,,,,,,,1
2011-08-10 11:19:00,2011-08-10 11:20:00,CTU13,7054,8419.740424916896,500.8313156719592,9.604054437198753,67747.0,4892.321377941594,34510435.0,638.531187978452,4504199.0,,0.029927319367250963,0.0009078529278256923,,,,,,,,,,,,,,,,,,,,,,,,,,,,,,,,,,,,,,,,1
2011-08-10 11:20:00,2011-08-10 11:21:00,CTU13,7763,9986.58814229249,472.9589568687363,8.846193481901327,68673.0,3660.420456009275,28415844.0,668.7229163982996,5191296.0,,0.027730983542827523,0.0,,,,,,,,,,,,,,,,,,,,,,,,,,,,,,,,,,,,,,,,1
2011-08-10 11:21:00,2011-08-10 11:22:00,CTU13,7670,9950.44104686874,478.3347502496741,11.771838331160366,90290.0,6196.736245110821,47528967.0,833.1428943937418,6390206.0,,0.027519329052548815,0.00043184108248164676,,,,,,,,,,,,,,,,,,,,,,,,,,,,,,,,,,,,,,,,1
2011-08-10 11:22:00,2011-08-10 11:23:00,CTU13,6903,9867.015709881074,545.8909552691583,12.909025061567434,89111.0,7537.798058815008,52033420.0,1005.1970157902362,6938875.0,,0.030298637286169904,0.0,,,,,,,,,,,,,,,,,,,,,,,,,,,,,,,,,,,,,,,,1
2011-08-10 11:23:00,2011-08-10 11:24:00,CTU13,7515,8518.95343800758,516.0683216155688,9.880505655355956,74252.0,4181.577112441783,31424552.0,704.5096473719228,5294390.0,,0.02866284495400613,0.0005639362752009023,,,,,,,,,,,,,,,,,,,,,,,,,,,,,,,,,,,,,,,,1
2011-08-10 11:24:00,2011-08-10 11:25:00,CTU13,6185,9283.894216510134,562.2556450661277,11.781406628940987,72868.0,6268.262085691188,38769201.0,567.8493128536783,3512148.0,,0.03452768729641694,0.00034328870580157915,,,,,,,,,,,,,,,,,,,,,,,,,,,,,,,,,,,,,,,,1
2011-08-10 11:25:00,2011-08-10 11:26:00,CTU13,6782,8451.461993627674,497.89788359377764,14.18976703037452,96235.0,8456.2679150693,57350409.0,1016.5914184606311,6894523.0,,0.030537762550275585,0.0,,,,,,,,,,,,,,,,,,,,,,,,,,,,,,,,,,,,,,,,1
2011-08-10 11:26:00,2011-08-10 11:27:00,CTU13,7144,9033.618653736452,531.2000472779955,13.306270996640537,95060.0,8818.221584546473,62997375.0,672.2005879059351,4802201.0,,0.02961819202695115,0.0006034092623321768,,,,,,,,,,,,,,,,,,,,,,,,,,,,,,,,,,,,,,,,1
2011-08-10 11:27:00,2011-08-10 11:28:00,CTU13,6985,8301.104475443186,476.0224154057266,22.1092340730136,154433.0,16236.731997136721,113413573.0,934.888618468146,6530197.0,,0.02812858783008037,0.0,,,,,,,,,,,,,,,,,,,,,,,,,,,,,,,,,,,,,,,,1
2011-08-10 11:28:00,2011-08-10 11:29:00,CTU13,6803,8295.616181326928,484.7496466951345,17.544465676907247,119355.0,13116.792444509774,89233539.0,845.6677936204616,5753078.0,,0.030798703212496316,0.0,,,,,,,,,,,,,,,,,,,,,,,,,,,,,,,,,,,,,,,,1
2011-08-10 11:29:00,2011-08-10 11:30:00,CTU13,6270,8969.6398771022,516.3704225416268,8.729984051036682,54737.0,4516.796969696969,28320317.0,577.7551834130782,3622525.0,,0.03342395650087958,0.0005073566717402334,,,,,,,,,,,,,,,,,,,,,,,,,,,,,,,,,,,,,,,,1
2011-08-10 11:30:00,2011-08-10 11:31:00,CTU13,6548,9454.4071875,523.0127944957238,11.496182040317654,75277.0,5208.756261453879,34106936.0,2636.883628588882,17266314.0,,0.0331636587999383,0.0,,,,,,,,,,,,,,,,,,,,,,,,,,,,,,,,,,,,,,,,1
2011-08-10 11:31:00,2011-08-10 11:32:00,CTU13,6609,9139.009990777744,529.0479976253594,11.811469208654865,78062.0,7457.164170071115,49284398.0,561.869723104857,3713397.0,,0.031748442959137174,0.0004818503051718599,,,,,,,,,,,,,,,,,,,,,,,,,,,,,,,,,,,,,,,,1
2011-08-10 11:32:00,2011-08-10 11:33:00,CTU13,6551,8818.7675282464,505.3694314965654,10.902915585406808,71425.0,5329.947488932988,34916486.0,1179.8629216913448,7729282.0,,0.03047939960177669,0.0008087997411840828,,,,,,,,,,,,,,,,,,,,,,,,,,,,,,,,,,,,,,,,1
2011-08-10 11:33:00,2011-08-10 11:34:00,CTU13,6655,9577.65341690873,530.6682913208115,8.548760330578512,56892.0,3891.2054094665664,25895972.0,639.370848985725,4255013.0,,0.03147116398132811,0.0008045052292839903,,,,,,,,,,,,,,,,,,,,,,,,,,,,,,,,,,,,,,,,1
2011-08-10 11:34:00,2011-08-10 11:35:00,CTU13,7203,9879.95681110167,480.29132637873107,7.686380674718867,55365.0,3616.3127863390255,26048301.0,468.4209357212273,3374036.0,,0.02887029288702929,0.0004525569467491326,,,,,,,,,,,,,,,,,,,,,,,,,,,,,,,,,,,,,,,,1
2011-08-10 11:35:00,2011-08-10 11:36:00,CTU13,6454,9887.436660268713,481.73533229175706,8.882243569879146,57326.0,4636.929501084599,29926743.0,490.5994731949179,3166329.0,,0.03156743241131427,0.0,,,,,,,,,,,,,,,,,,,,,,,,,,,,,,,,,,,,,,,,1
2011-08-10 11:36:00,2011-08-10 11:37:00,CTU13,6682,10470.384756097561,510.70425876653695,8.148009577970667,54445.0,3666.226129901227,24497723.0,666.3820712361569,4452765.0,,0.030494216614090432,0.001302295295458245,,,,,,,,,,,,,,,,,,,,,,,,,,,,,,,,,,,,,,,,1
2011-08-10 11:37:00,2011-08-10 11:38:00,CTU13,7156,8818.432128628343,458.2877731743991,14.661961989938513,104921.0,9945.34963666853,71168922.0,800.9700950251537,5731742.0,,0.03028178886863872,0.0005995203836930455,,,,,,,,,,,,,,,,,,,,,,,,,,,,,,,,,,,,,,,,1
2011-08-10 11:38:00,2011-08-10 11:39:00,CTU13,6968,9372.148812126512,477.0226206126579,14.819316877152698,103261.0,10952.660160734787,76318136.0,879.2837256027555,6126849.0,,0.029035503809113124,0.00030627871362940275,,,,,,,,,,,,,,,,,,,,,,,,,,,,,,,,,,,,,,,,1
2011-08-10 11:39:00,2011-08-10 11:40:00,CTU13,6351,9176.643074459567,513.3885815144072,157.2895606991025,998946.0,129838.72382302,824605735.0,4531.234766178554,28777872.0,,0.03283864856330913,0.0,,,,,,,,,,,,,,,,,,,,,,,,,,,,,,,,,,,,,,,,1
2011-08-10 11:40:00,2011-08-10 11:41:00,CTU13,6429,8732.206354249405,494.31656692844916,31.195520298646755,200556.0,13237.5759838233,85104376.0,5955.4249494478145,38287427.0,,0.03226311667971809,0.0,,,,,,,,,,,,,,,,,,,,,,,,,,,,,,,,,,,,,,,,1
2011-08-10 11:41:00,2011-08-10 11:42:00,CTU13,6274,9277.926204081632,495.738239240357,12.155243863563914,76262.0,7042.398310487727,44184007.0,609.4767293592604,3823857.0,,0.03410728582866293,0.0003413551800648575,,,,,,,,,,,,,,,,,,,,,,,,,,,,,,,,,,,,,,,,1
2011-08-10 11:42:00,2011-08-10 11:43:00,CTU13,6271,9851.349128806383,521.9692120709616,13.483335991070005,84554.0,8620.779142082603,54060906.0,637.5691277308244,3998196.0,,0.03394715772618095,0.0,,,,,,,,,,,,,,,,,,,,,,,,,,,,,,,,,,,,,,,,1
2011-08-10 11:43:00,2011-08-10 11:44:00,CTU13,6687,10852.265560797443,521.4059167294752,47.75310303574099,319325.0,41793.24973829819,279471461.0,3365.043068640646,22502043.0,,0.03162470023980815,0.00081913499344692,,,,,,,,,,,,,,,,,,,,,,,,,,,,,,,,,,,,,,,,1
2011-08-10 11:44:00,2011-08-10 11:45:00,CTU13,7047,9718.511624548737,452.0837384108131,11.171278558251739,78724.0,6940.843195686108,48912122.0,1279.3136086277848,9015323.0,,0.030692362598144184,0.0006330115524608325,,,,,,,,,,,,,,,,,,,,,,,,,,,,,,,,,,,,,,,,1
2011-08-10 11:45:00,2011-08-10 11:46:00,CTU13,6475,8978.670670037927,478.15681158393824,15.831196911196912,102507.0,15287.504555984557,98986592.0,517.8117374517375,3352831.0,,0.03345262175198382,0.0006596306068601583,,,,,,,,,,,,,,,,,,,,,,,,,,,,,,,,,,,,,,,,1
2011-08-10 11:46:00,2011-08-10 11:47:00,CTU13,6359,9055.30798783416,479.6835529603711,43.62777166221104,277429.0,37186.44488127064,236468603.0,22771.28919641453,144802628.0,,0.03243157728207562,0.0003361344537815126,,,,,,,,,,,,,,,,,,,,,,,,,,,,,,,,,,,,,,,,1
2011-08-10 11:47:00,2011-08-10 11:48:00,CTU13,6714,9374.10460506252,615.1807461377718,39.99106344950849,268500.0,7622.707774798928,51178860.0,2596.586088769735,17433479.0,,0.0594044590752656,0.0003183192742320548,,,,,,,,,,,,,,,,,,,,,,,,,,,,,,,,,,,,,,,,1
2011-08-10 11:48:00,2011-08-10 11:49:00,CTU13,7002,10398.32252435655,635.5340187433591,20.42973436161097,143049.0,5426.588974578692,37996976.0,1361.0768351899458,9530260.0,,0.02922217447357112,0.0012370496366166692,,,,,,,,,,,,,,,,,,,,,,,,,,,,,,,,,,,,,,,,1
2011-08-10 11:49:00,2011-08-10 11:50:00,CTU13,6710,9086.673701791678,523.9607083888227,18.729508196721312,125675.0,7625.319225037258,51165892.0,1160.638002980626,7787881.0,,0.03092321481924111,0.0004841833440929632,,,,,,,,,,,,,,,,,,,,,,,,,,,,,,,,,,,,,,,,1
2011-08-10 11:50:00,2011-08-10 11:51:00,CTU13,7877,7705.11016291699,453.4692017129618,79.35292624095467,625063.0,74854.71207312429,589630567.0,2137.9721975371335,16840807.0,,0.026043661432401378,0.0006720430107526882,,,,,,,,,,,,,,,,,,,,,,,,,,,,,,,,,,,,,,,,1
2011-08-10 11:51:00,2011-08-10 11:52:00,CTU13,6731,10083.593354671544,565.2039385204279,13.555489526073393,91242.0,6495.062843559649,43718268.0,807.7157926013965,5436735.0,,0.031638926375768484,0.0,,,,,,,,,,,,,,,,,,,,,,,,,,,,,,,,,,,,,,,,1
2011-08-10 11:52:00,2011-08-10 11:53:00,CTU13,7729,8652.31159228941,476.5364421111399,16.031440031051883,123907.0,7650.439642903351,59130248.0,3025.3658946823653,23383053.0,,0.02629181309384355,0.0006966699177929497,,,,,,,,,,,,,,,,,,,,,,,,,,,,,,,,,,,,,,,,1
2011-08-10 11:53:00,2011-08-10 11:54:00,CTU13,7414,7886.416415042548,530.8725791613164,12.653763150795792,93815.0,6893.119908281629,51105591.0,756.521715673051,5608852.0,,0.027571293418029462,0.00042893909064912783,,,,,,,,,,,,,,,,,,,,,,,,,,,,,,,,,,,,,,,,1
2011-08-10 11:54:00,2011-08-10 11:55:00,CTU13,7113,8409.524094667808,551.3681827560804,15.71418529453114,111775.0,11162.388162519332,79398067.0,955.8658793757908,6799074.0,,0.02979805112272278,0.0,,,,,,,,,,,,,,,,,,,,,,,,,,,,,,,,,,,,,,,,1
2011-08-10 11:55:00,2011-08-10 11:56:00,CTU13,6927,8431.542365401589,551.384027673163,16.057889418218565,111233.0,9289.35036812473,64347330.0,4363.887252778981,30228647.0,,0.030434782608695653,0.0,,,,,,,,,,,,,,,,,,,,,,,,,,,,,,,,,,,,,,,,1
2011-08-10 11:56:00,2011-08-10 11:57:00,CTU13,6914,8682.098904352975,565.9382019032398,10.297801562048019,71199.0,4727.421608330923,32685393.0,672.6508533410472,4650708.0,,0.02959183673469388,0.0006119951040391676,,,,,,,,,,,,,,,,,,,,,,,,,,,,,,,,,,,,,,,,1
2011-08-10 11:57:00,2011-08-10 11:58:00,CTU13,7113,8675.143573577876,567.2976119748348,14.068466188668635,100069.0,7023.0888513988475,49955231.0,1020.6519049627443,7259897.0,,0.031170662905500704,0.0005971931919976113,,,,,,,,,,,,,,,,,,,,,,,,,,,,,,,,,,,,,,,,1
2011-08-10 11:58:00,2011-08-10 11:59:00,CTU13,6453,9265.656742281033,639.9365250503641,8.424453742445374,54363.0,2430.187044785371,15681997.0,570.2022315202231,3679515.0,,0.03250388802488336,0.0004979253112033195,,,,,,,,,,,,,,,,,,,,,,,,,,,,,,,,,,,,,,,,1
2011-08-10 11:59:00,2011-08-10 12:00:00,CTU13,6627,8679.33169984686,576.8702393552135,21.125848800362157,140001.0,16191.92319299834,107303875.0,924.7713897691264,6128460.0,,0.031476997578692496,0.0,,,,,,,,,,,,,,,,,,,,,,,,,,,,,,,,,,,,,,,,1
2011-08-10 12:00:00,2011-08-10 12:01:00,CTU13,7252,8368.052315009092,533.3469311802261,11.561362382790954,83843.0,5291.206012134584,38371826.0,820.5405405405405,5950560.0,,0.028606965174129355,0.0002896451846488052,,,,,,,,,,,,,,,,,,,,,,,,,,,,,,,,,,,,,,,,1
2011-08-10 12:01:00,2011-08-10 12:02:00,CTU13,6749,8916.655099257463,566.8170093182694,12.459327307749296,84088.0,7499.230256334272,50612305.0,638.4086531337975,4308620.0,,0.031833806605888505,0.0,,,,,,,,,,,,,,,,,,,,,,,,,,,,,,,,,,,,,,,,1
2011-08-10 12:02:00,2011-08-10 12:03:00,CTU13,6680,9968.245117638013,595.3717224462574,27.403892215568863,183058.0,18319.71871257485,122375721.0,1230.7461077844312,8221384.0,,0.033203125,0.00033025099075297226,,,,,,,,,,,,,,,,,,,,,,,,,,,,,,,,,,,,,,,,1
2011-08-10 12:03:00,2011-08-10 12:04:00,CTU13,7561,9548.64911089996,525.1480786954106,11.309218357360137,85509.0,5047.096548075651,38161097.0,769.6692236476656,5819469.0,,0.02869669190912714,0.00028989708653428034,,,,,,,,,,,,,,,,,,,,,,,,,,,,,,,,,,,,,,,,1
2011-08-10 12:04:00,2011-08-10 12:05:00,CTU13,6496,9256.77334584702,545.1815614679803,11.261853448275861,73157.0,5695.444581280788,36997608.0,749.212592364532,4866885.0,,0.03062645011600928,0.0006507239303725395,,,,,,,,,,,,,,,,,,,,,,,,,,,,,,,,,,,,,,,,1
2011-08-10 12:05:00,2011-08-10 12:06:00,CTU13,6828,9489.133502386634,569.0777208431458,11.89997070884593,81253.0,5834.609695371998,39838715.0,2510.7772407732864,17143587.0,,0.03065415077735406,0.0,,,,,,,,,,,,,,,,,,,,,,,,,,,,,,,,,,,,,,,,1
2011-08-10 12:06:00,2011-08-10 12:07:00,CTU13,7114,10559.27765789095,538.6382561608096,21.105847624402585,150147.0,13492.750632555524,95987428.0,884.4418048917627,6291919.0,,0.02988668555240793,0.0003040437823046519,,,,,,,,,,,,,,,,,,,,,,,,,,,,,,,,,,,,,,,,1
2011-08-10 12:07:00,2011-08-10 12:08:00,CTU13,7147,9447.907082798916,536.8174491818945,7.5290331607667556,53810.0,2429.88736532811,17366405.0,487.20735973135584,3482071.0,,0.0287800084234171,0.0005967477248992988,,,,,,,,,,,,,,,,,,,,,,,,,,,,,,,,,,,,,,,,1
2011-08-10 12:08:00,2011-08-10 12:09:00,CTU13,6762,8544.479867290001,557.9285696076605,10.271517302573203,69456.0,5434.119195504289,36745514.0,748.4556344276841,5061057.0,,0.03005058018446891,0.00046678076863233234,,,,,,,,,,,,,,,,,,,,,,,,,,,,,,,,,,,,,,,,1
2011-08-10 12:09:00,2011-08-10 12:10:00,CTU13,6517,9522.256230529594,590.0721098740217,10.403866809881848,67802.0,4534.729323308271,29552831.0,634.7374558846095,4136584.0,,0.03151421983089931,0.0008161932745674175,,,,,,,,,,,,,,,,,,,,,,,,,,,,,,,,,,,,,,,,1
2011-08-10 12:10:00,2011-08-10 12:11:00,CTU13,6362,9924.992170022371,578.9279298360578,8.759981138006916,55731.0,3250.460232631248,20679428.0,720.6735303363722,4584925.0,,0.03321788413098237,0.0,,,,,,,,,,,,,,,,,,,,,,,,,,,,,,,,,,,,,,,,1
2011-08-10 12:11:00,2011-08-10 12:12:00,CTU13,6225,9400.80768599113,586.2900784734137,14.550522088353414,90577.0,10539.047550200803,65605571.0,1503.0322891566266,9356376.0,,0.0325295355235475,0.0,,,,,,,,,,,,,,,,,,,,,,,,,,,,,,,,,,,,,,,,1
2011-08-10 12:12:00,2011-08-10 12:13:00,CTU13,5799,9304.820287820288,572.6872242407312,9.215554405932057,53441.0,4254.559406794275,24672190.0,564.1743404035178,3271647.0,,0.037549749091538326,0.0,,,,,,,,,,,,,,,,,,,,,,,,,,,,,,,,,,,,,,,,1
2011-08-10 12:13:00,2011-08-10 12:14:00,CTU13,7205,8078.209640938649,516.5986682992367,16.871061762664816,121556.0,14245.063428174879,102635682.0,3911.8946564885496,28185201.0,,0.028471737613398464,0.0005834305717619603,,,,,,,,,,,,,,,,,,,,,,,,,,,,,,,,,,,,,,,,1
2011-08-10 12:14:00,2011-08-10 12:15:00,CTU13,6728,9581.12392711941,574.7935832190844,12.061236623067776,81148.0,5626.295035671819,37853713.0,789.5112960760998,5311832.0,,0.031067961165048542,0.0007814942169427947,,,,,,,,,,,,,,,,,,,,,,,,,,,,,,,,,,,,,,,,1
2011-08-10 12:15:00,2011-08-10 12:16:00,CTU13,6549,9239.818449156477,543.4099771641472,14.118949457932509,92465.0,7284.152542372882,47703915.0,765.9531226141396,5016227.0,,0.031044502217464444,0.0,,,,,,,,,,,,,,,,,,,,,,,,,,,,,,,,,,,,,,,,1
2011-08-10 12:16:00,2011-08-10 12:17:00,CTU13,6284,9603.580901426718,588.8887291169638,8.916931890515595,56034.0,2987.2132399745387,18771648.0,590.0954805856143,3708160.0,,0.03329598207139427,0.0008434547908232119,,,,,,,,,,,,,,,,,,,,,,,,,,,,,,,,,,,,,,,,1
2011-08-10 12:17:00,2011-08-10 12:18:00,CTU13,6196,9476.656645309677,598.0390026977082,65.6213686249193,406590.0,76279.01549386702,472624780.0,1138.1857650096836,7052199.0,,0.0327496757457847,0.0005118580447022692,,,,,,,,,,,,,,,,,,,,,,,,,,,,,,,,,,,,,,,,1
2011-08-10 12:18:00,2011-08-10 12:19:00,CTU13,6721,9710.289993917275,516.4572881249815,10.083320934384764,67770.0,4572.219907751823,30729890.0,640.3063532212468,4303499.0,,0.032088768930874194,0.00031852205765249244,,,,,,,,,,,,,,,,,,,,,,,,,,,,,,,,,,,,,,,,1
2011-08-10 12:19:00,2011-08-10 12:20:00,CTU13,6765,9365.005114320096,519.7993013631929,10.026016260162601,67826.0,4355.392904656319,29464233.0,623.3325942350333,4216845.0,,0.032018974206937445,0.0009511731135066582,,,,,,,,,,,,,,,,,,,,,,,,,,,,,,,,,,,,,,,,1
2011-08-10 12:20:00,2011-08-10 12:21:00,CTU13,6782,7753.819928507596,464.93816042421116,10.293128870539665,69808.0,4791.345768209968,32494907.0,698.0318490120908,4734052.0,,0.02982870643827525,0.0,,,,,,,,,,,,,,,,,,,,,,,,,,,,,,,,,,,,,,,,1
2011-08-10 12:21:00,2011-08-10 12:22:00,CTU13,7581,9388.184991273996,498.15715328083365,16.018862946840787,121439.0,10235.26751088247,77593563.0,797.5422767444928,6046168.0,,0.02727393088838872,0.0005645730416372619,,,,,,,,,,,,,,,,,,,,,,,,,,,,,,,,,,,,,,,,1
2011-08-10 12:22:00,2011-08-10 12:23:00,CTU13,6845,10259.944129916566,510.0750096847334,635.0664718772827,4347030.0,632614.0683710738,4330243298.0,391093.6683710738,2677036160.0,,0.02866382478318389,0.0006292276230926538,,,,,,,,,,,,,,,,,,,,,,,,,,,,,,,,,,,,,,,,1
2011-08-10 12:23:00,2011-08-10 12:24:00,CTU13,6535,8994.719794744207,524.0252929677123,8.832593726090282,57721.0,3379.0448355011476,22082058.0,539.5178270849273,3525749.0,,0.03235248806039131,0.0,,,,,,,,,,,,,,,,,,,,,,,,,,,,,,,,,,,,,,,,1
2011-08-10 12:24:00,2011-08-10 12:25:00,CTU13,6438,9251.764317180618,547.0926783738739,10.67381174277726,68718.0,4296.5905560733145,27661450.0,687.2505436470954,4424519.0,,0.03200624512099922,0.0001621796951021732,,,,,,,,,,,,,,,,,,,,,,,,,,,,,,,,,,,,,,,,1
2011-08-10 12:25:00,2011-08-10 12:26:00,CTU13,7146,8141.298896122275,484.7187840155332,12.202770780856422,87201.0,5869.562692415338,41943895.0,653.6978729359082,4671325.0,,0.028747721217220586,0.0005819874872690237,,,,,,,,,,,,,,,,,,,,,,,,,,,,,,,,,,,,,,,,1
2011-08-10 12:26:00,2011-08-10 12:27:00,CTU13,6585,8991.294090489382,499.43731589309033,15.037205770690964,99020.0,10163.928929384965,66929472.0,1574.5334851936218,10368303.0,,0.03184519274721926,0.0,,,,,,,,,,,,,,,,,,,,,,,,,,,,,,,,,,,,,,,,1
2011-08-10 12:27:00,2011-08-10 12:28:00,CTU13,6906,8425.279049295774,473.3495284242687,24.09165942658558,166377.0,17312.136403127715,119557614.0,4045.937590501014,27941245.0,,0.031336539862993736,0.0003022061045633122,,,,,,,,,,,,,,,,,,,,,,,,,,,,,,,,,,,,,,,,1
2011-08-10 12:28:00,2011-08-10 12:29:00,CTU13,6885,8379.130633284241,488.398005221496,15.355700798838054,105724.0,9697.221350762527,66765369.0,1946.2303558460421,13399796.0,,0.030466472303206996,0.0004589261128958238,,,,,,,,,,,,,,,,,,,,,,,,,,,,,,,,,,,,,,,,1
2011-08-10 12:29:00,2011-08-10 12:30:00,CTU13,7082,8351.80223880597,466.9510271992375,11.466958486303303,81209.0,5851.560717311494,41440753.0,2654.8712228184127,18801798.0,,0.02820694542877392,0.0004489673750374139,,,,,,,,,,,,,,,,,,,,,,,,,,,,,,,,,,,,,,,,1
2011-08-10 12:30:00,2011-08-10 12:31:00,CTU13,7296,7855.0301724137935,435.7123935371436,10.625137061403509,77521.0,5489.441611842105,40050966.0,658.5180921052631,4804548.0,,0.028434065934065934,0.00043390222736476716,,,,,,,,,,,,,,,,,,,,,,,,,,,,,,,,,,,,,,,,1
2011-08-10 12:31:00,2011-08-10 12:32:00,CTU13,7832,8038.951991695861,441.21497973097553,40.353932584269664,316052.0,33405.47280388151,261631663.0,12923.37397854954,101215865.0,,0.027037416709379807,0.0002704530087897228,,,,,,,,,,,,,,,,,,,,,,,,,,,,,,,,,,,,,,,,1
2011-08-10 12:32:00,2011-08-10 12:33:00,CTU13,6524,10436.516027159325,485.81539180916616,25.173513182096872,164232.0,15963.062231759657,104143018.0,4953.098099325567,32314012.0,,0.03475440222428174,0.0006780810306831666,,,,,,,,,,,,,,,,,,,,,,,,,,,,,,,,,,,,,,,,1
2011-08-10 12:33:00,2011-08-10 12:34:00,CTU13,7565,8937.17105970952,393.3937246159947,43.36589557171183,328063.0,43181.74249834765,326669882.0,2711.506807666887,20512549.0,,0.027446300715990454,0.00042893909064912783,,,,,,,,,,,,,,,,,,,,,,,,,,,,,,,,,,,,,,,,1
2011-08-10 12:34:00,2011-08-10 12:35:00,CTU13,7004,8131.4879044010495,421.9724609104797,28.261422044545974,197943.0,22481.77113078241,157462325.0,12196.848657909766,85426728.0,,0.02935251798561151,0.0003039975680194558,,,,,,,,,,,,,,,,,,,,,,,,,,,,,,,,,,,,,,,,1
2011-08-10 12:35:00,2011-08-10 12:36:00,CTU13,7679,8728.380535666933,397.1382094228415,10.034249251204583,77053.0,5304.61231931241,40734118.0,593.5483786951426,4557858.0,,0.02727747324458366,0.0,,,,,,,,,,,,,,,,,,,,,,,,,,,,,,,,,,,,,,,,1
2011-08-10 12:36:00,2011-08-10 12:37:00,CTU13,7656,8610.905590227061,393.4189520933908,12.630355276907,96698.0,7371.379702194357,56435283.0,1610.6880877742947,12331428.0,,0.027596128694742348,0.0007027406886858749,,,,,,,,,,,,,,,,,,,,,,,,,,,,,,,,,,,,,,,,1
2011-08-10 12:37:00,2011-08-10 12:38:00,CTU13,6942,8695.252893772893,425.62813943906656,11.353932584269662,78819.0,5977.379429559205,41494968.0,1558.613079804091,10819892.0,,0.029454439930354032,0.000306044376434583,,,,,,,,,,,,,,,,,,,,,,,,,,,,,,,,,,,,,,,,1
2011-08-10 12:38:00,2011-08-10 12:39:00,CTU13,6611,8134.216054128864,419.66066287732565,9.39751928603842,62127.0,4013.923309635456,26536047.0,620.8490394796552,4104433.0,,0.031914893617021274,0.00048,,,,,,,,,,,,,,,,,,,,,,,,,,,,,,,,,,,,,,,,1
2011-08-10 12:39:00,2011-08-10 12:40:00,CTU13,7215,8266.982948139797,426.9699939223839,10.662370062370062,76929.0,4730.258073458073,34128812.0,750.5282051282052,5415061.0,,0.02866286350354807,0.0,,,,,,,,,,,,,,,,,,,,,,,,,,,,,,,,,,,,,,,,1
2011-08-10 12:40:00,2011-08-10 12:41:00,CTU13,6711,9071.64613288936,439.1096017931754,9.334376396960215,62643.0,4208.109223662644,28240621.0,757.9746684547757,5086768.0,,0.030615292712066904,0.0,,,,,,,,,,,,,,,,,,,,,,,,,,,,,,,,,,,,,,,,1
2011-08-10 12:41:00,2011-08-10 12:42:00,CTU13,6409,9212.139549635269,499.67480329474176,13.125136526759245,84119.0,6818.722889686379,43701195.0,2053.395225464191,13160210.0,,0.03329685790214163,0.0005047955577990914,,,,,,,,,,,,,,,,,,,,,,,,,,,,,,,,,,,,,,,,1
2011-08-10 12:42:00,2011-08-10 12:43:00,CTU13,7404,12665.350440286185,794.6600845902215,9.404781199351701,69633.0,3810.9028903295516,28215925.0,841.5367368989736,6230738.0,,0.029903493271714012,0.0,,,,,,,,,,,,,,,,,,,,,,,,,,,,,,,,,,,,,,,,1
2011-08-10 12:43:00,2011-08-10 12:44:00,CTU13,6493,9415.516516048614,513.6708813357462,16.09841367626675,104527.0,8007.416756507007,51992157.0,945.7643616202064,6140848.0,,0.03094538140182578,0.0008285004142502071,,,,,,,,,,,,,,,,,,,,,,,,,,,,,,,,,,,,,,,,1
2011-08-10 12:44:00,2011-08-10 12:45:00,CTU13,6559,9116.290362565851,452.6173650013722,20.51349291050465,134548.0,15026.600853788686,98559475.0,5409.6758652233575,35482064.0,,0.03221828271928472,0.0004903563255966002,,,,,,,,,,,,,,,,,,,,,,,,,,,,,,,,,,,,,,,,1
2011-08-10 12:45:00,2011-08-10 12:46:00,CTU13,7221,9010.017985106084,441.6480853762637,10.294972995429996,74340.0,5561.365738817339,40158622.0,712.4567234455062,5144650.0,,0.030833333333333334,0.0004453681710213777,,,,,,,,,,,,,,,,,,,,,,,,,,,,,,,,,,,,,,,,1
2011-08-10 12:46:00,2011-08-10 12:47:00,CTU13,6634,8889.502285191957,481.26483984157375,18.963973470003015,125807.0,11674.624811576727,77449461.0,6509.37187217365,43183173.0,,0.03201933242712581,0.0003213883978788366,,,,,,,,,,,,,,,,,,,,,,,,,,,,,,,,,,,,,,,,1
2011-08-10 12:47:00,2011-08-10 12:48:00,CTU13,7580,16027.097332082049,466.4428512126649,38.49023746701847,291756.0,11463.946701846966,86896716.0,4832.725461741425,36632059.0,,0.028385727550072955,0.0,,,,,,,,,,,,,,,,,,,,,,,,,,,,,,,,,,,,,,,,1
2011-08-10 12:48:00,2011-08-10 12:49:00,CTU13,6478,9092.58510638298,564.7174026253474,21.95507872800247,142225.0,6535.723371410929,42338416.0,1539.489502933004,9972813.0,,0.061801242236024845,0.00016283992835043154,,,,,,,,,,,,,,,,,,,,,,,,,,,,,,,,,,,,,,,,1
2011-08-10 12:49:00,2011-08-10 12:50:00,CTU13,6679,9243.19589977221,573.7572826493487,20.579128612067674,137448.0,7697.935469381644,51414511.0,1910.6956131157358,12761536.0,,0.030403371462974112,0.0006369426751592356,,,,,,,,,,,,,,,,,,,,,,,,,,,,,,,,,,,,,,,,1
2011-08-10 12:50:00,2011-08-10 12:51:00,CTU13,6860,9421.219817432273,541.3984593533528,19.852915451895043,136191.0,10966.68469387755,75231457.0,1536.760058309038,10542174.0,,0.03128654970760234,0.0,,,,,,,,,,,,,,,,,,,,,,,,,,,,,,,,,,,,,,,,1
2011-08-10 12:51:00,2011-08-10 12:52:00,CTU13,7009,10322.856687436604,497.0289238527607,15.833071764873734,110974.0,8859.848195177628,62098676.0,1058.8684548437723,7421609.0,,0.030012862655423755,0.0009325458501709667,,,,,,,,,,,,,,,,,,,,,,,,,,,,,,,,,,,,,,,,1
2011-08-10 12:52:00,2011-08-10 12:53:00,CTU13,7533,8589.711592836946,406.9739750057082,96.96946767556086,730471.0,98940.11084561264,745315855.0,2338.5361741669985,17616193.0,,0.02797016515716569,0.00014277555682467162,,,,,,,,,,,,,,,,,,,,,,,,,,,,,,,,,,,,,,,,1
2011-08-10 12:53:00,2011-08-10 12:54:00,CTU13,6965,9282.532584924917,487.65926654903086,18.299928212491025,127459.0,15659.643072505383,109069414.0,1045.081407035176,7278992.0,,0.02937346259586167,0.001070172756459257,,,,,,,,,,,,,,,,,,,,,,,,,,,,,,,,,,,,,,,,1
2011-08-10 12:54:00,2011-08-10 12:55:00,CTU13,6995,8736.96849593496,497.1369220025733,10.78699070764832,75455.0,4983.617869907076,34860407.0,924.7758398856326,6468807.0,,0.029725829725829725,0.0006035913686434284,,,,,,,,,,,,,,,,,,,,,,,,,,,,,,,,,,,,,,,,1
2011-08-10 12:55:00,2011-08-10 12:56:00,CTU13,6744,9569.060183100706,545.341463268535,80.74569988137604,544549.0,83678.04848754448,564324759.0,38861.01897983393,262078712.0,,0.032387461001337096,0.0003167564143173899,,,,,,,,,,,,,,,,,,,,,,,,,,,,,,,,,,,,,,,,1
2011-08-10 12:56:00,2011-08-10 12:57:00,CTU13,6890,8667.810013213919,510.12612767648767,11.98577648766328,82582.0,5742.449056603774,39565474.0,1371.1721335268505,9447376.0,,0.029818181818181817,0.0004631773969430292,,,,,,,,,,,,,,,,,,,,,,,,,,,,,,,,,,,,,,,,1
2011-08-10 12:57:00,2011-08-10 12:58:00,CTU13,7393,7964.132194121667,457.5107515572839,21.263627755985393,157202.0,13708.179358852969,101344570.0,3263.5635060192076,24127525.0,,0.02779284164859002,0.000285591889190347,,,,,,,,,,,,,,,,,,,,,,,,,,,,,,,,,,,,,,,,1
2011-08-10 12:58:00,2011-08-10 12:59:00,CTU13,7473,8161.687117398993,479.9416466562291,12.33105847718453,92150.0,5573.648066372273,41651872.0,800.4046567643517,5981424.0,,0.027140156629759653,0.00099361249112846,,,,,,,,,,,,,,,,,,,,,,,,,,,,,,,,,,,,,,,,1
2011-08-10 12:59:00,2011-08-10 13:00:00,CTU13,7050,9687.375880408223,570.1332980692198,16.38340425531915,115503.0,8698.820283687943,61326683.0,1027.1141843971632,7241155.0,,0.029888983774551667,0.0007567731194187983,,,,,,,,,,,,,,,,,,,,,,,,,,,,,,,,,,,,,,,,1
2011-08-10 13:00:00,2011-08-10 13:01:00,CTU13,6747,9267.04557761733,544.2898358062843,58.460649177412186,394434.0,52352.88365199348,353224906.0,2792.686823773529,18842258.0,,0.030654761904761903,0.0,,,,,,,,,,,,,,,,,,,,,,,,,,,,,,,,,,,,,,,,1
2011-08-10 13:01:00,2011-08-10 13:02:00,CTU13,7742,9492.56150222455,532.1439767095067,207.16416946525445,1603865.0,203959.08809093258,1579051260.0,195488.0877034358,1513468775.0,,0.02641118591403418,0.0,,,,,,,,,,,,,,,,,,,,,,,,,,,,,,,,,,,,,,,,1
2011-08-10 13:02:00,2011-08-10 13:03:00,CTU13,7190,8697.886095505619,515.3806696709319,28.191098748261474,202694.0,21419.77816411683,154008205.0,1595.8678720445062,11474290.0,,0.0285555091238334,0.0,,,,,,,,,,,,,,,,,,,,,,,,,,,,,,,,,,,,,,,,1
2011-08-10 13:03:00,2011-08-10 13:04:00,CTU13,7382,8966.835959983555,514.3292144659983,8.558385261446762,63178.0,2788.8893253860742,20587581.0,869.2293416418315,6416651.0,,0.028959891230455472,0.0002915026963999417,,,,,,,,,,,,,,,,,,,,,,,,,,,,,,,,,,,,,,,,1
2011-08-10 13:04:00,2011-08-10 13:05:00,CTU13,7344,8406.89943518391,499.07039734912854,12.123774509803921,89037.0,6065.093409586057,44542046.0,2426.5507897603484,17820589.0,,0.028286417053839847,0.0,,,,,,,,,,,,,,,,,,,,,,,,,,,,,,,,,,,,,,,,1
2011-08-10 13:05:00,2011-08-10 13:06:00,CTU13,6771,8290.808768517132,490.17056633215185,18.67006350612908,126415.0,10924.286220646876,73968342.0,1014.5141042682026,6869275.0,,0.030213270142180094,0.0003143171460003143,,,,,,,,,,,,,,,,,,,,,,,,,,,,,,,,,,,,,,,,1
2011-08-10 13:06:00,2011-08-10 13:07:00,CTU13,7192,8568.388303106987,494.36422670494994,42.774471635150164,307634.0,35127.19660734149,252634798.0,1376.8891824249165,9902587.0,,0.028428093645484948,0.0004433934377771209,,,,,,,,,,,,,,,,,,,,,,,,,,,,,,,,,,,,,,,,1
2011-08-10 13:07:00,2011-08-10 13:08:00,CTU13,8037,10006.240448871516,492.2248319710091,25.577951972128904,205570.0,19462.172452407616,156417480.0,1799.8348886400397,14465273.0,,0.025797607178464608,0.0008227067050596463,,,,,,,,,,,,,,,,,,,,,,,,,,,,,,,,,,,,,,,,1
2011-08-10 13:08:00,2011-08-10 13:09:00,CTU13,7331,9812.258257008049,492.2798884884736,8.669758559541672,63558.0,3338.7694721047606,24476519.0,598.7828399945437,4389677.0,,0.027252807450013693,0.00029994001199760045,,,,,,,,,,,,,,,,,,,,,,,,,,,,,,,,,,,,,,,,1
2011-08-10 13:09:00,2011-08-10 13:10:00,CTU13,8511,7444.475318187225,423.4881560260839,14.885089883679944,126687.0,8627.194689225707,73426054.0,1916.4014804370813,16310493.0,,0.024982323827480557,0.0008720568082720817,,,,,,,,,,,,,,,,,,,,,,,,,,,,,,,,,,,,,,,,1
2011-08-10 13:10:00,2011-08-10 13:11:00,CTU13,8006,8232.871584008097,451.19121679440417,13.028728453659756,104308.0,6615.618411191606,52964641.0,787.9164376717462,6308059.0,,0.026414621932899347,0.00040257648953301127,,,,,,,,,,,,,,,,,,,,,,,,,,,,,,,,,,,,,,,,1
2011-08-10 13:11:00,2011-08-10 13:12:00,CTU13,7661,8016.521905515967,467.62443679506595,38.819997389374755,297400.0,38339.128834355826,293716066.0,1763.2643258060305,13508368.0,,0.02733455401517133,0.0,,,,,,,,,,,,,,,,,,,,,,,,,,,,,,,,,,,,,,,,1
2011-08-10 13:12:00,2011-08-10 13:13:00,CTU13,7385,8310.747872632446,479.09309307758974,22.450236966824644,165795.0,17298.180230196343,127747061.0,9056.34624238321,66881117.0,,0.027777777777777776,0.0,,,,,,,,,,,,,,,,,,,,,,,,,,,,,,,,,,,,,,,,1
2011-08-10 13:13:00,2011-08-10 13:14:00,CTU13,7478,8048.337298904961,463.6017328603905,11.791388071676918,88176.0,6089.891548542391,45540209.0,755.7782829633592,5651710.0,,0.029498525073746312,0.00028764562059542645,,,,,,,,,,,,,,,,,,,,,,,,,,,,,,,,,,,,,,,,1
2011-08-10 13:14:00,2011-08-10 13:15:00,CTU13,7412,7858.986504907307,458.8814566434161,13.32595790609822,98772.0,7071.317728008635,52412607.0,750.9809767943875,5566271.0,,0.02893064755982155,0.00043060140663126167,,,,,,,,,,,,,,,,,,,,,,,,,,,,,,,,,,,,,,,,1
2011-08-10 13:15:00,2011-08-10 13:16:00,CTU13,8799,6758.2053324099725,381.84661747959996,14.399136265484714,126698.0,10504.362882145699,92427889.0,6868.936356404137,60439771.0,,0.02357630979498861,0.00024113817217265494,,,,,,,,,,,,,,,,,,,,,,,,,,,,,,,,,,,,,,,,1
2011-08-10 13:16:00,2011-08-10 13:17:00,CTU13,8221,7840.971393034826,455.5713681694441,9.671694441065563,79511.0,3996.7102542269795,32856955.0,683.4175891010826,5618376.0,,0.02508218677706076,0.0,,,,,,,,,,,,,,,,,,,,,,,,,,,,,,,,,,,,,,,,1
2011-08-10 13:17:00,2011-08-10 13:18:00,CTU13,7889,7624.290231724491,418.5765262675878,10.42033210799848,82206.0,4973.460514640639,39235630.0,1095.2078843959944,8640095.0,,0.02526663280853225,0.00041022836045398605,,,,,,,,,,,,,,,,,,,,,,,,,,,,,,,,,,,,,,,,1
2011-08-10 13:18:00,2011-08-10 13:19:00,CTU13,7645,7601.638819012313,451.83725109574885,13.042249836494442,99708.0,7278.324395029431,55642790.0,885.477828646174,6769478.0,,0.027686655294580764,0.0008894159501927068,,,,,,,,,,,,,,,,,,,,,,,,,,,,,,,,,,,,,,,,1
2011-08-10 13:19:00,2011-08-10 13:20:00,CTU13,13295,13955.817518802705,275.39684076419707,7.52591199699135,100057.0,2962.2009025949606,39382461.0,928.051222264009,12338441.0,,0.01778179626280892,0.0,,,,,,,,,,,,,,,,,,,,,,,,,,,,,,,,,,,,,,,,1
2011-08-10 13:20:00,2011-08-10 13:21:00,CTU13,7174,9088.130440927078,496.34571620936714,12.146640646780039,87140.0,6710.514218009479,48141229.0,1164.62001672707,8354984.0,,0.02933780385582565,0.0009053870529651426,,,,,,,,,,,,,,,,,,,,,,,,,,,,,,,,,,,,,,,,1
2011-08-10 13:21:00,2011-08-10 13:22:00,CTU13,7285,8787.884556681005,419.4924044833219,13.303637611530542,96917.0,7113.998627316403,51825480.0,1026.502676733013,7478072.0,,0.02928237558427275,0.00029568302779420464,,,,,,,,,,,,,,,,,,,,,,,,,,,,,,,,,,,,,,,,1
2011-08-10 13:22:00,2011-08-10 13:23:00,CTU13,7544,8938.603459836395,456.0298717953341,11.031283138918345,83220.0,5940.718849416755,44816783.0,807.6248674443266,6092722.0,,0.02826058113307682,0.000718803910293272,,,,,,,,,,,,,,,,,,,,,,,,,,,,,,,,,,,,,,,,1
2011-08-10 13:23:00,2011-08-10 13:24:00,CTU13,6539,9296.271587743733,529.7701513739104,15.697660192690014,102647.0,7686.204618443187,50260092.0,806.4844777488913,5273602.0,,0.03097209444955535,0.0,,,,,,,,,,,,,,,,,,,,,,,,,,,,,,,,,,,,,,,,1
2011-08-10 13:24:00,2011-08-10 13:25:00,CTU13,8065,7071.192298043151,420.2753814699318,10.255300681959083,82709.0,4658.450712957223,37570405.0,1093.4205827650342,8818437.0,,0.026515623054898543,0.0002611306959133046,,,,,,,,,,,,,,,,,,,,,,,,,,,,,,,,,,,,,,,,1
2011-08-10 13:25:00,2011-08-10 13:26:00,CTU13,7005,8378.179676206997,475.7063487551749,9.450107066381156,66198.0,4277.712348322627,29965375.0,651.5713062098501,4564257.0,,0.029921259842519685,0.00030316810671517357,,,,,,,,,,,,,,,,,,,,,,,,,,,,,,,,,,,,,,,,1
2011-08-10 13:26:00,2011-08-10 13:27:00,CTU13,8840,7383.018757863433,419.86079097194573,9.091402714932126,80368.0,3521.0233031674206,31125846.0,1131.9214932126697,10006186.0,,0.023450776028095616,0.00047841167324482717,,,,,,,,,,,,,,,,,,,,,,,,,,,,,,,,,,,,,,,,1
2011-08-10 13:27:00,2011-08-10 13:28:00,CTU13,7829,7866.614082687339,420.51132725086217,20.95337846468259,164044.0,14453.890407459445,113159508.0,3546.4911227487546,27765479.0,,0.026332608973539562,0.0,,,,,,,,,,,,,,,,,,,,,,,,,,,,,,,,,,,,,,,,1
2011-08-10 13:28:00,2011-08-10 13:29:00,CTU13,7585,8258.095842801764,442.12968822966377,10.004746209624258,75886.0,4041.466051417271,30654520.0,622.8837178642057,4724573.0,,0.02827321971198309,0.00028555111364934324,,,,,,,,,,,,,,,,,,,,,,,,,,,,,,,,,,,,,,,,1
2011-08-10 13:29:00,2011-08-10 13:30:00,CTU13,7706,8556.81928345627,459.0033848425902,22.81754477030885,175832.0,19355.690500908382,149154951.0,784.179081235401,6042884.0,,0.027357998957790515,0.00014007564084605686,,,,,,,,,,,,,,,,,,,,,,,,,,,,,,,,,,,,,,,,1
2011-08-10 13:30:00,2011-08-10 13:31:00,CTU13,7087,8775.149371069183,484.3772696471003,21.26174686044871,150682.0,16872.979540002823,119578806.0,996.7182164526598,7063742.0,,0.029814893316376996,0.0,,,,,,,,,,,,,,,,,,,,,,,,,,,,,,,,,,,,,,,,1
2011-08-10 13:31:00,2011-08-10 13:32:00,CTU13,6868,8145.991750147319,460.7918387399534,10.051252184041934,69032.0,4810.438846825859,33038094.0,1411.9663657542226,9697385.0,,0.03040491156263704,0.0003083564600678384,,,,,,,,,,,,,,,,,,,,,,,,,,,,,,,,,,,,,,,,1
2011-08-10 13:32:00,2011-08-10 13:33:00,CTU13,8083,8356.794926268432,455.04087384708646,67.18297661759247,543040.0,69230.38822219473,559589228.0,11055.669058517877,89362973.0,,0.025986882811533225,0.0001319609395618897,,,,,,,,,,,,,,,,,,,,,,,,,,,,,,,,,,,,,,,,1
2011-08-10 13:33:00,2011-08-10 13:34:00,CTU13,7357,7988.609078404402,444.47287349490284,25.264238140546418,185869.0,15297.472882968601,112543508.0,2406.9479407367135,17707916.0,,0.02819779321618308,0.0002891008962127783,,,,,,,,,,,,,,,,,,,,,,,,,,,,,,,,,,,,,,,,1
2011-08-10 13:34:00,2011-08-10 13:35:00,CTU13,6714,8341.350226244344,483.21121279758717,37.715668751861784,253223.0,33042.08072683944,221844530.0,12047.151772415848,80884577.0,,0.030185295875672445,0.0,,,,,,,,,,,,,,,,,,,,,,,,,,,,,,,,,,,,,,,,1
2011-08-10 13:35:00,2011-08-10 13:36:00,CTU13,9217,13087.973242680118,343.46022423792994,7.382879461863947,68048.0,3514.586307909298,32393942.0,426.40978626451124,3930219.0,,0.021951749619647902,0.0009448446911538916,,,,,,,,,,,,,,,,,,,,,,,,,,,,,,,,,,,,,,,,1
2011-08-10 13:36:00,2011-08-10 13:37:00,CTU13,7933,10049.993982074264,424.04171255010715,24.586537249464264,195045.0,19635.51947560822,155768576.0,4153.334803983361,32948405.0,,0.026777819881268157,0.000827357970215113,,,,,,,,,,,,,,,,,,,,,,,,,,,,,,,,,,,,,,,,1
2011-08-10 13:37:00,2011-08-10 13:38:00,CTU13,8663,11143.075268817205,429.7351439466698,26.763361422140136,231851.0,21436.58236176844,185705113.0,5225.102851206279,45265066.0,,0.024364896073903002,0.0011422769386978044,,,,,,,,,,,,,,,,,,,,,,,,,,,,,,,,,,,,,,,,1
2011-08-10 13:38:00,2011-08-10 13:39:00,CTU13,7462,8669.877706659403,456.6442553968105,202.36719378182792,1510064.0,200742.5805414098,1497941136.0,4795.066872152238,35780789.0,,0.027415669936836445,0.0002914602156805596,,,,,,,,,,,,,,,,,,,,,,,,,,,,,,,,,,,,,,,,1
2011-08-10 13:39:00,2011-08-10 13:40:00,CTU13,7397,8440.966310599835,425.44260656103825,62.36460727321887,461311.0,66240.87224550493,489983732.0,1858.619169933757,13748206.0,,0.028199566160520606,0.000437636761487965,,,,,,,,,,,,,,,,,,,,,,,,,,,,,,,,,,,,,,,,1
2011-08-10 13:40:00,2011-08-10 13:41:00,CTU13,7321,8434.724343841133,448.5509214799891,25.078131402813824,183597.0,18088.676820106542,132427203.0,1883.749214588171,13790928.0,,0.02891203069334064,0.0008873114463176575,,,,,,,,,,,,,,,,,,,,,,,,,,,,,,,,,,,,,,,,1
2011-08-10 13:41:00,2011-08-10 13:42:00,CTU13,6753,8782.617478941034,493.8989601048423,46.68665778172664,315275.0,42622.23500666371,287827953.0,1470.5729305493855,9930779.0,,0.031050363987520428,0.0,,,,,,,,,,,,,,,,,,,,,,,,,,,,,,,,,,,,,,,,1
2011-08-10 13:42:00,2011-08-10 13:43:00,CTU13,7226,8513.566116857703,450.8340803697758,384.21436479380014,2776333.0,466911.48934403545,3373902422.0,9868.547190700248,71310122.0,,0.028247022985322626,0.00029308323563892143,,,,,,,,,,,,,,,,,,,,,,,,,,,,,,,,,,,,,,,,1
2011-08-10 13:43:00,2011-08-10 13:44:00,CTU13,6846,8810.186822970767,464.5207545303827,25.777826468010517,176475.0,16025.326614081216,109709386.0,1543.710341805434,10568241.0,,0.030631686941228198,0.000630715862503942,,,,,,,,,,,,,,,,,,,,,,,,,,,,,,,,,,,,,,,,1
2011-08-10 13:44:00,2011-08-10 13:45:00,CTU13,6701,9400.649191720804,510.7213390871512,18.52141471422176,124112.0,12078.009401581854,80934741.0,5768.519474705268,38654849.0,,0.028751123090745734,0.0006348198698619266,,,,,,,,,,,,,,,,,,,,,,,,,,,,,,,,,,,,,,,,1
2011-08-10 13:45:00,2011-08-10 13:46:00,CTU13,7473,8680.976138828633,482.2851553277131,17.996654623310583,134489.0,12513.615281680717,93514247.0,835.8475846380303,6246289.0,,0.028816512531832195,0.00014232849416453175,,,,,,,,,,,,,,,,,,,,,,,,,,,,,,,,,,,,,,,,1
2011-08-10 13:46:00,2011-08-10 13:47:00,CTU13,6684,9640.745342571208,498.3333678230102,52.78620586475164,352823.0,19256.00463794135,128707135.0,6901.6026331538005,46130312.0,,0.030385900941962928,0.00048410521219945134,,,,,,,,,,,,,,,,,,,,,,,,,,,,,,,,,,,,,,,,1
2011-08-10 13:47:00,2011-08-10 13:48:00,CTU13,7693,8369.58274904088,444.83200494891463,168.29143377096062,1294666.0,116698.9265566099,897764842.0,9744.269595736383,74962666.0,,0.025339602925809824,0.0002772002772002772,,,,,,,,,,,,,,,,,,,,,,,,,,,,,,,,,,,,,,,,1
2011-08-10 13:48:00,2011-08-10 13:49:00,CTU13,10903,5665.668887655006,341.35139785673664,36.133632945060995,393965.0,14817.488672842337,161555079.0,11648.96101990278,127008622.0,,0.03666942376619796,0.0,,,,,,,,,,,,,,,,,,,,,,,,,,,,,,,,,,,,,,,,1
2011-08-10 13:49:00,2011-08-10 13:50:00,CTU13,13312,4533.491498526411,289.5180261371695,20.32774939903846,270603.0,12611.375075120191,167882625.0,964.4592848557693,12838882.0,,0.015423971108268753,0.00030945381401825775,,,,,,,,,,,,,,,,,,,,,,,,,,,,,,,,,,,,,,,,1
2011-08-10 13:50:00,2011-08-10 13:51:00,CTU13,12204,5101.989843943523,302.18521964233037,13.686823992133727,167034.0,5435.185267125533,66331001.0,795.8335791543756,9712353.0,,0.0174919931017492,0.0,,,,,,,,,,,,,,,,,,,,,,,,,,,,,,,,,,,,,,,,1
2011-08-10 13:51:00,2011-08-10 13:52:00,CTU13,12539,5900.214838709678,306.40553155331366,11.613366297152883,145620.0,4262.001036765292,53441231.0,907.4864024244357,11378972.0,,0.016752164155177943,0.00016736401673640169,,,,,,,,,,,,,,,,,,,,,,,,,,,,,,,,,,,,,,,,1
2011-08-10 13:52:00,2011-08-10 13:53:00,CTU13,11831,5824.445032434278,292.0510819888429,17.64922660806356,208808.0,11971.76333361508,141637932.0,1221.6138111740343,14452913.0,,0.01747095242133831,0.00026721296873608263,,,,,,,,,,,,,,,,,,,,,,,,,,,,,,,,,,,,,,,,1
2011-08-10 13:53:00,2011-08-10 13:54:00,CTU13,10437,5972.587042579898,344.66338495381814,27.632173996359107,288397.0,22204.822650186834,231751734.0,943.5203602567788,9847522.0,,0.02015355086372361,0.0,,,,,,,,,,,,,,,,,,,,,,,,,,,,,,,,,,,,,,,,1
2011-08-10 13:54:00,2011-08-10 13:55:00,CTU13,10643,5642.420494364997,338.9068480359861,10.662689091421592,113483.0,4100.303861693132,43639534.0,903.2656205956966,9613456.0,,0.019842016174534512,0.00029319781078967946,,,,,,,,,,,,,,,,,,,,,,,,,,,,,,,,,,,,,,,,1
2011-08-10 13:55:00,2011-08-10 13:56:00,CTU13,11515,5546.357098955132,332.1982068857143,17.11237516283109,197049.0,10990.15918367347,126551683.0,990.2223187147199,11402410.0,,0.018639491333507535,0.0,,,,,,,,,,,,,,,,,,,,,,,,,,,,,,,,,,,,,,,,1
2011-08-10 13:56:00,2011-08-10 13:57:00,CTU13,10813,5850.552972060754,327.68789265606216,16.075372237121982,173823.0,10577.131785813373,114370526.0,707.9850180338482,7655442.0,,0.020324445273168002,0.00019256691700365877,,,,,,,,,,,,,,,,,,,,,,,,,,,,,,,,,,,,,,,,1
2011-08-10 13:57:00,2011-08-10 13:58:00,CTU13,10035,6287.5447693699125,351.8097837220728,21.102441454907822,211763.0,14685.789935226707,147371902.0,1112.3884404583955,11162818.0,,0.020295940811837634,0.0006237006237006237,,,,,,,,,,,,,,,,,,,,,,,,,,,,,,,,,,,,,,,,1
2011-08-10 13:58:00,2011-08-10 13:59:00,CTU13,9693,5934.6063197413705,345.8748282663778,11.000825337872692,106631.0,5450.850098008872,52835090.0,813.227896420097,7882618.0,,0.021208359197186014,0.0,,,,,,,,,,,,,,,,,,,,,,,,,,,,,,,,,,,,,,,,1
2011-08-10 13:59:00,2011-08-10 14:00:00,CTU13,9545,5737.911721224921,352.32623006631746,11.589942378208486,110626.0,5426.280356207439,51793846.0,616.5593504452593,5885059.0,,0.02214293210200441,0.0010890873448050533,,,,,,,,,,,,,,,,,,,,,,,,,,,,,,,,,,,,,,,,1
2011-08-10 14:00:00,2011-08-10 14:01:00,CTU13,7337,8704.082032868388,496.13419339403026,12.29180864113398,90185.0,6291.24969333515,46158899.0,948.1232111217118,6956380.0,,0.027910794910384458,0.0,,,,,,,,,,,,,,,,,,,,,,,,,,,,,,,,,,,,,,,,1
2011-08-10 14:01:00,2011-08-10 14:02:00,CTU13,7344,9054.62650435745,516.4073449219771,82.17687908496733,603507.0,76871.2704248366,564542610.0,62163.165849673205,456526290.0,,0.02930703916735141,0.0007290755322251386,,,,,,,,,,,,,,,,,,,,,,,,,,,,,,,,,,,,,,,,1
2011-08-10 14:02:00,2011-08-10 14:03:00,CTU13,7243,9825.12700421941,551.9436852925584,14.685351373740163,106366.0,8617.745961618113,62418334.0,3193.052050255419,23127276.0,,0.028567466370822355,0.000297000297000297,,,,,,,,,,,,,,,,,,,,,,,,,,,,,,,,,,,,,,,,1
2018-02-03 01:00:00,2018-02-03 01:01:00,CIC,1525,11347.743606557377,9559732.331803279,8.752786885245902,13348.0,931.1711475409836,1420036.0,,0.0,6876679882856.864,,,4.965245901639344,3.7875409836065574,367.3862295081967,563.7849180327869,182621.64326962136,26056.804124076225,5605809.311508862,449221.6424347988,6650223.94557377,5363640.166557377,23159.851074766422,2811.5209047555686,0.34885245901639345,0.005901639344262295,0.015081967213114755,0.3501639344262295,0.49311475409836064,0.41442622950819674,0.04262295081967213,0.0,0.3501639344262295,7598.67737704918,14239.606557377048,228.91475409836065,2.745573770491803,56.10823235967016,89.14368197627476,315.672131147541,6.654426229508196,71.99875023297705,117.07796744678689,2.6898360655737705,358.0098360655738,57.645029882123275,103.64232685194361,27524.454137965742,63.664889056574424,56.10823235967016,71.99875023297705,1
2018-02-03 01:01:00,2018-02-03 01:02:00,CIC,1628,9496.130835380836,7558521.837837838,7.990786240786241,13009.0,1340.396805896806,2182166.0,,0.0,4324016183305.983,,,4.5712530712530715,3.4195331695331697,391.16339066339066,949.2334152334153,480140.42264401854,42462.62164875102,4713807.85312899,401702.7735877727,5878128.5552825555,4530687.512285012,38719.713890656094,3429.915460944473,0.3538083538083538,0.007985257985257985,0.06326781326781326,0.343980343980344,0.4907862407862408,0.4023341523341523,0.019656019656019656,0.0,0.343980343980344,7429.478501228501,14290.004914004914,243.81019656019657,3.585995085995086,59.95401608886609,93.83171447813513,340.80896805896805,7.746928746928747,85.21721990533783,126.0025560770086,3.4717444717444716,384.8421375921376,67.74630291428808,113.65904038316769,32797.03646094503,75.03852645723342,59.95401608886609,85.21721990533783,1
2018-02-03 01:02:00,2018-02-03 01:03:00,CIC,1897,7206.706905640485,11909692.266736953,15.414338429098576,29241.0,8054.830785450712,15280014.0,,0.0,9628841183573.494,,,6.416974169741698,8.99736425935688,458.54243542435427,7596.288350026357,105932.40232078164,8516.606027663895,4307168.377157021,845244.1160054574,7105759.918819188,3984734.4944649446,7922.723869980845,562.4555671827708,0.43595150237216657,0.0031628887717448603,0.021085925144965736,0.30205587770163417,0.503953610964681,0.286768581971534,0.005271481286241434,0.0,0.30205587770163417,7810.048497627833,13384.357406431207,246.65577227200845,9.49235635213495,63.32126818114707,90.25337035765261,405.0822351080654,21.31576172904586,117.98893820349659,148.22075716144332,9.472324723247233,440.2920400632578,84.44364918717449,132.04205839741013,42343.86404641204,95.49079831710701,63.32126818114707,117.98893820349659,1
2018-02-03 01:03:00,2018-02-03 01:04:00,CIC,2246,7093.494657168299,13782466.143365985,9.626447016918966,21621.0,2019.1999109528049,4535123.0,,0.0,6630030815068.668,,,5.18833481745325,4.438112199465717,415.8873552983081,1603.312555654497,95081.86068032826,7390.331020303587,4607146.046170903,747620.9052317906,7013091.580142476,4295170.9986642925,6152.08480007105,1221.7940140336248,0.45547640249332144,0.003116651825467498,0.015583259127337488,0.27025823686553874,0.4772929652715939,0.2680320569902048,0.030276046304541407,0.0,0.27025823686553874,7022.277827248442,12850.924755120213,232.45235975066785,10.804541406945681,59.26339123624666,82.8170075000472,422.3192341941229,23.878005342831703,123.83084035735219,152.5307418944657,10.756455921638468,451.2724844167409,85.3912530731024,134.6990775477747,44450.458876514786,97.0195622164773,59.26339123624666,123.83084035735219,1
2018-02-03 01:04:00,2018-02-03 01:05:00,CIC,1513,8768.942498347653,9666860.687376074,11.368803701255784,17201.0,2366.397884996695,3580360.0,,0.0,4275639244893.0044,,,6.089226701916722,5.279576999339062,465.5558493060145,1900.8420356906809,133297.5646479367,11347.350374295202,5082669.747405029,461724.03705147153,6358125.159947125,4852249.3231989425,8497.997102229172,2841.853370977265,0.33773959021810973,0.005287508261731659,0.015862524785194978,0.4058162590879048,0.5809649702577661,0.34831460674157305,0.020489094514210177,0.0,0.4058162590879048,8942.848645076008,20345.067415730337,283.9874421678784,2.2756113681427625,64.96618382788103,105.42701993726503,424.6470588235294,6.165895571711831,93.94203357580304,155.4863185966755,2.1639127561136813,464.3139458030403,71.98009860981956,131.2288346264653,36586.05028171107,78.49053535953603,64.96618382788103,93.94203357580304,1
2018-02-03 01:05:00,2018-02-03 01:06:00,CIC,1351,10701.162102146558,8115765.141376758,8.019245003700963,10834.0,917.9548482605477,1240157.0,,0.0,2173018319478.5515,,,4.66321243523316,3.3560325684678016,415.99333826794964,501.96150999259805,166134.6077713869,20646.677727354767,5440034.278330256,304433.3258328358,6152453.540340489,5261166.828275352,19326.84334769392,1258.7043198600384,0.34122871946706146,0.0044411547002220575,0.02146558105107328,0.39748334566987414,0.5655070318282753,0.41080680977054035,0.03256846780162842,0.0,0.39748334566987414,8465.294596595115,16846.58401184308,254.32642487046633,0.47150259067357514,60.69648250322502,99.4839565422376,350.47742413027385,1.07179866765359,71.21658434342709,130.42330764510734,0.4707623982235381,394.8704663212435,59.072263282378984,111.95354108266469,28633.67770796982,64.17570752188601,60.69648250322502,71.21658434342709,1
2018-02-03 01:06:00,2018-02-03 01:07:00,CIC,2065,7719.908474576271,11394129.201937046,9.749152542372881,20132.0,1945.1990314769976,4016836.0,,0.0,5343358715577.175,,,5.232929782082325,4.516222760290557,343.63438256658594,1601.5646489104117,141509.04214482216,23053.8510553317,4280391.385392101,549869.189473669,6067383.256174334,4048931.87409201,21420.944039244787,1554.75836848952,0.4687651331719128,0.001937046004842615,0.04019370460048426,0.2179176755447942,0.45811138014527847,0.3525423728813559,0.024697336561743343,0.0,0.2179176755447942,7124.269733656174,10235.497820823244,199.77578692493947,6.907021791767554,51.96155167549201,76.17105232562035,343.69975786924937,19.415496368038742,105.32432716444262,126.77977859774043,6.906537530266344,374.53898305084743,73.47838380013414,116.45678610139274,37414.02316226437,82.82645439638014,51.96155167549201,105.32432716444262,1
2018-02-03 01:07:00,2018-02-03 01:08:00,CIC,1493,7441.52913596785,8126961.158740791,7.362357669122572,10992.0,865.786336235767,1292619.0,,0.0,4749291607165.127,,,4.2337575351640995,3.128600133958473,332.3114534494307,533.4748827863363,160042.01739031373,12500.523602173342,4873432.352885143,396440.5864328937,5824559.770261219,4663663.44474213,10882.682627456335,1609.468219478943,0.3945077026121902,0.003348961821835231,0.008707300736771601,0.29872739450770264,0.5304755525787006,0.3985264567983925,0.013395847287340924,0.0,0.29872739450770264,7956.008707300737,11756.873409243135,209.00669792364366,2.377762893503014,53.008397147401205,84.61603886282384,307.476222371065,4.8734092431346285,70.01716616252111,117.55251335442667,2.359008707300737,346.5552578700603,55.307154514755524,101.90557480174347,25221.1728557876,61.27204463192364,53.008397147401205,70.01716616252111,1
2018-02-03 01:08:00,2018-02-03 01:09:00,CIC,2020,6417.180693069307,8723497.093564356,8.64059405940594,17454.0,1090.9688118811882,2203757.0,,0.0,5994291786594.258,,,4.8,3.8405940594059405,323.1693069306931,767.799504950495,217483.28982304374,14856.237142544805,3731431.890420713,493976.9994797403,5138974.987128713,3506908.0886138612,11723.126398171558,3103.692453004379,0.44356435643564357,0.0014851485148514852,0.011386138613861386,0.2301980198019802,0.5064356435643564,0.36633663366336633,0.009900990099009901,0.0,0.2301980198019802,7587.134158415842,10149.682673267327,194.8480198019802,4.882673267326733,51.39624179316584,77.57344443060198,330.3757425742574,12.220297029702971,85.38882110696535,126.04639407498317,4.8094059405940595,360.01633663366334,62.11885339474604,108.4934216735693,28790.580225174337,70.08139866480397,51.39624179316584,85.38882110696535,1
2018-02-03 01:09:00,2018-02-03 01:10:00,CIC,1332,9977.725975975976,9781880.50900901,7.704954954954955,10263.0,920.1403903903904,1225627.0,,0.0,1592259818675.8848,,,4.453453453453453,3.2515015015015014,404.1569069069069,515.9834834834835,305540.5002025966,27136.901642074117,6529936.432127145,269009.8428731427,7218609.272522522,6387538.706456456,23087.354291886935,3906.936005264601,0.3415915915915916,0.0015015015015015015,0.02927927927927928,0.36036036036036034,0.5427927927927928,0.40615615615615613,0.023273273273273273,0.0,0.36036036036036034,8737.64114114114,16317.933183183182,247.05555555555554,1.09984984984985,59.93675775312087,96.7064876601374,342.2950450450451,1.8633633633633633,70.65955640990465,126.72879722955706,1.0082582582582582,387.18243243243245,58.984785312472226,109.99289611384384,28395.44376184984,64.3502503990075,59.93675775312087,70.65955640990465,1
2018-02-03 01:10:00,2018-02-03 01:11:00,CIC,1487,8005.700739744452,11211407.700739745,10.429724277067923,15509.0,1304.31338264963,1939514.0,,0.0,6453343875773.436,,,5.847343644922663,4.5823806321452585,428.0948217888366,876.2185608607936,136690.87535912433,10289.792764741096,4754655.3891482605,603979.1208040332,6483716.7794216545,4474794.408876933,9696.333438381032,572.6998251490558,0.3934095494283793,0.0020174848688634837,0.01882985877605918,0.30800268997982516,0.5514458641560188,0.3369199731002018,0.014794889038332213,0.0,0.30800268997982516,8930.605917955616,16186.593140551446,258.1149966375252,4.354404841963685,61.84390622608272,96.90176856838869,394.44989912575653,10.615332885003362,93.59408162213653,143.93828304600473,4.353732347007398,434.147276395427,70.27539547765232,124.54668179172832,35062.29298482891,77.85107701531741,61.84390622608272,93.59408162213653,1
2018-02-03 01:11:00,2018-02-03 01:12:00,CIC,1384,8734.665462427745,8738118.21965318,8.210260115606937,11363.0,1367.512283236994,1892637.0,,0.0,3712693151173.6465,,,4.632947976878612,3.5773121387283235,413.95592485549133,953.556358381503,222007.8968858725,14603.979559212394,5416059.8847179655,362170.25247683947,6395688.76950867,5241424.264450867,12328.747733923028,2211.919775235219,0.3663294797687861,0.002890173410404624,0.02167630057803468,0.3338150289017341,0.5375722543352601,0.36127167630057805,0.014450867052023121,0.0,0.3338150289017341,8643.122109826589,14671.717485549132,239.05057803468208,3.4205202312138727,59.35024008872833,92.87489237255781,342.50939306358384,7.382947976878612,81.75346312374278,125.2705278451734,3.3742774566473988,385.71820809248555,64.25542816248843,111.38872233275217,30449.91844708852,70.81805313238439,59.35024008872833,81.75346312374278,1
2018-02-03 01:12:00,2018-02-03 01:13:00,CIC,1656,8013.759057971014,13113190.236714976,9.766908212560386,16174.0,1301.269927536232,2154903.0,,0.0,6482728770527.787,,,5.420289855072464,4.346618357487923,375.5754830917874,925.6944444444445,81611.80025753699,8190.996932807632,5295949.57024913,630634.7125064009,7253809.303743961,5025764.6908212565,6511.233631980233,1650.0857756687687,0.42995169082125606,0.0006038647342995169,0.03804347826086957,0.2995169082125604,0.4867149758454106,0.3164251207729469,0.0320048309178744,0.0,0.2995169082125604,7415.290458937198,13665.750603864733,226.1225845410628,7.4981884057971016,57.08146102123732,83.72101558890036,361.65458937198065,16.743961352657006,93.69666083272342,130.22994344219202,7.330917874396135,398.0676328502415,68.40652665959904,115.51799528601933,33152.979028825204,77.29964746795713,57.08146102123732,93.69666083272342,1
2018-02-03 01:13:00,2018-02-03 01:14:00,CIC,1227,9823.35696821516,7638883.507742462,7.786471067644662,9554.0,877.5411572942136,1076743.0,,0.0,2383335508558.397,,,4.601466992665037,3.185004074979625,399.42216788916056,478.11898940505296,192081.8459073413,16353.698238122328,5614054.717582593,291398.7535555375,6341860.020374898,5456254.8818255905,12624.724694867207,3675.660753567499,0.31295843520782396,0.0016299918500407497,0.027709861450692746,0.37489812550937246,0.5713121434392828,0.39364303178484106,0.019559902200488997,0.0,0.37489812550937246,9257.303993480033,16171.334963325184,251.0684596577017,1.4938875305623471,61.1118183308965,98.97700338303993,335.8704156479218,1.8663406682966586,69.94185383252078,125.03616386789732,1.3365933170334148,384.4327628361858,58.55423382283619,109.11295287336675,27362.01032815085,64.07245455193807,61.1118183308965,69.94185383252078,1
2018-02-03 01:14:00,2018-02-03 01:15:00,CIC,1190,9522.604201680671,11433206.461344538,9.490756302521008,11294.0,878.0655462184874,1044898.0,,0.0,3915998343500.342,,,5.451260504201681,4.039495798319328,380.88487394957986,497.1806722689076,99695.06885488424,10782.418833679387,6951016.850122621,378973.53011148213,7746173.559663866,6721002.626890756,9764.319052597222,999.9780688734244,0.32941176470588235,0.0016806722689075631,0.024369747899159664,0.3739495798319328,0.5487394957983194,0.4092436974789916,0.023529411764705882,0.0,0.3739495798319328,9054.764705882353,15304.076470588236,244.64453781512606,0.7151260504201681,58.718526876473945,97.33163028975042,317.20588235294116,1.3764705882352941,65.32896367803362,117.99847182882353,0.6403361344537815,367.90588235294115,55.20269993714622,104.7282219780563,25930.164878428914,60.119535332029415,58.718526876473945,65.32896367803362,1
2018-02-03 01:15:00,2018-02-03 01:16:00,CIC,1553,8629.795235028976,8957316.392788151,10.018029620090148,15558.0,2983.578235672891,4633497.0,,0.0,3778549450158.0283,,,5.369607211848036,4.648422408242112,416.4771410173857,2567.1010946555057,59028.1716728939,14708.529058259719,4949062.825367134,397253.9165481491,6109018.173213135,4771295.093367675,13988.007927890474,635.2817475665036,0.3715389568576948,0.0025756600128783,0.02704443013522215,0.3148744365743722,0.5183515775917579,0.3399871216999356,0.010946555054732776,0.0,0.3148744365743722,7843.406954282034,14049.033483580168,233.06117192530587,4.971667739858339,57.53780592035222,88.0544468004881,339.37862202189314,11.140373470701867,86.00960059193176,123.06353164033935,4.971667739858339,378.77784932388926,65.56083659788409,109.93478160275144,30528.444294869587,73.05790365599742,57.53780592035222,86.00960059193176,1
2018-02-03 01:16:00,2018-02-03 01:17:00,CIC,2095,5694.740334128878,10609312.339379475,10.42529832935561,21841.0,2978.4410501193315,6239834.0,,0.0,13723467007486.7,,,5.301670644391408,5.123627684964201,336.4377088305489,2642.003341288783,279716.5228400633,9608.74353445409,3752974.838534927,855768.7476806992,6280476.077326969,3370713.0520286397,6627.569266294028,2981.1742681259625,0.49785202863961814,0.0,0.01909307875894988,0.23007159904534608,0.4295942720763723,0.26348448687350834,0.014797136038186158,0.0,0.23007159904534608,6957.78138424821,10463.861575178998,200.81050119331744,15.633890214797136,58.220557186345104,72.00671550171695,332.7780429594272,27.017661097852027,102.30594553535084,119.22960831758091,15.3618138424821,363.6272076372315,74.19508718942912,107.30206627972412,32045.926159198018,87.01235405140382,58.220557186345104,102.30594553535084,1
2018-02-03 01:17:00,2018-02-03 01:18:00,CIC,1660,7021.750602409638,12651299.010240965,8.975301204819278,14899.0,1957.044578313253,3248694.0,,0.0,7291575198407.083,,,4.874698795180723,4.1006024096385545,413.80180722891566,1543.2427710843374,92059.23671456988,6157.301484692748,5890637.174363413,683141.1382953366,8228417.640963855,5626841.439156626,5284.076592198655,862.097239232247,0.4602409638554217,0.0030120481927710845,0.012048192771084338,0.286144578313253,0.48614457831325303,0.30903614457831324,0.013855421686746987,0.0,0.286144578313253,7554.76265060241,11598.278313253011,222.80361445783132,7.8186746987951805,59.48728140137951,84.82965142809941,350.52168674698794,16.831927710843374,99.0712868943976,127.44857604951507,7.764457831325301,386.9909638554217,73.873802471897,115.25385317811808,35080.47798270305,83.0534944155259,59.48728140137951,99.0712868943976,1
2018-02-03 01:18:00,2018-02-03 01:19:00,CIC,1477,9652.37779282329,11027777.011509817,9.448882870683818,13956.0,1077.350710900474,1591247.0,,0.0,6090515389428.99,,,5.29113067027759,4.157752200406229,404.4116452268111,672.9390656736629,102650.100921821,10418.571760113948,6133103.459413538,493961.14972379553,7237280.989844279,5860241.804333108,8832.912764851475,1578.6051213311287,0.3933649289099526,0.002031144211238998,0.025050778605280974,0.3392010832769127,0.5152335815842924,0.36831415030467163,0.04197698036560596,0.0,0.3392010832769127,9291.789438050102,15675.698036560596,242.06364251861882,4.842247799593771,59.44985571330061,91.4312479078436,349.58970886932974,8.769126607989167,78.94217357760326,126.24348103943805,4.142857142857143,391.0209884901828,62.51750270972105,110.72767823088897,29841.88544757548,69.57671341060257,59.44985571330061,78.94217357760326,1
2018-02-03 01:19:00,2018-02-03 01:20:00,CIC,1322,10992.353252647505,9116090.39183056,7.513615733736763,9933.0,813.5196671709531,1075473.0,,0.0,7197074665415.075,,,4.521936459909228,2.991679273827534,377.88880484114975,435.63086232980334,189145.6242681691,29442.047057579017,6553556.941573217,457806.48321468785,7483951.883509833,6289061.279878971,26555.93232343742,2574.3230103523115,0.3245083207261725,0.0030257186081694403,0.05370650529500756,0.3555219364599092,0.5113464447806354,0.45310136157337366,0.023449319213313162,0.0,0.3555219364599092,8700.817700453857,14044.720877458396,227.66111951588502,0.9924357034795764,55.62623058186082,90.13781726995538,299.1641452344932,1.6444780635400909,61.59057269243571,110.97659221182299,0.8419062027231468,345.21860816944024,52.9484007157587,98.25892140150151,24123.577046794835,58.00409554969289,55.62623058186082,61.59057269243571,1
2018-02-03 01:20:00,2018-02-03 01:21:00,CIC,1475,8828.45627118644,14100770.047457628,10.28406779661017,15169.0,1686.6501694915255,2487809.0,,0.0,5044437831528.943,,,5.606101694915254,4.677966101694915,418.2345762711864,1268.415593220339,56478.74031853542,9148.734180462676,6773495.1907859035,502742.10331985133,8092117.68,6513284.0155932205,8557.139251982682,554.379738594417,0.36406779661016947,0.002711864406779661,0.022372881355932205,0.3328813559322034,0.5206779661016949,0.351864406779661,0.008135593220338983,0.0,0.3328813559322034,9239.871186440678,14128.44813559322,236.19593220338984,4.021694915254237,57.81756560059864,90.22942118720339,341.65898305084744,10.282033898305086,84.9680987922983,124.50068969257627,4.021694915254237,383.92542372881354,65.06771084387118,112.04206190689693,31605.07261983564,71.95510128859796,57.81756560059864,84.9680987922983,1
2018-02-03 01:21:00,2018-02-03 01:22:00,CIC,1457,8098.817433081675,9726813.79409746,9.479066575154427,13811.0,2388.8064516129034,3480491.0,,0.0,5756857608025.791,,,4.987645847632121,4.491420727522306,412.1180507892931,1976.6884008236102,34575.17642286394,3489.523378036623,5510177.759619433,464651.31870207185,6649280.921070693,5243057.827041867,3027.4460394187,454.89232138333153,0.37405628002745367,0.0006863417982155113,0.016472203157172273,0.3164035689773507,0.5497597803706246,0.3335621139327385,0.009608785175017159,0.0,0.3164035689773507,8742.825669183254,15256.000686341798,245.82155113246398,4.210020590253946,60.14892154734386,93.58835710153055,360.83115991763896,9.239533287577213,86.89355618768704,132.90546826879205,4.170212765957447,401.79958819492106,66.69248056670143,116.05484448701648,31743.404018288107,73.82202588664379,60.14892154734386,86.89355618768704,1
2018-02-03 01:22:00,2018-02-03 01:23:00,CIC,1311,8890.671243325705,8950728.43020595,9.329519450800916,12231.0,1015.091533180778,1330785.0,,0.0,2479716149721.191,,,5.245614035087719,4.083905415713196,409.4561403508772,605.6353928299009,25866.444431958436,4491.834102230323,5605566.566313363,292513.57543088036,6268450.814645309,5430423.33180778,3358.8350210882363,1132.9990811782998,0.35926773455377575,0.0,0.010678871090770405,0.39893211289092295,0.5530129672006102,0.35926773455377575,0.02212051868802441,0.0,0.39893211289092295,9505.62242562929,16565.234935163997,248.46224256292905,2.887109077040427,61.169746906390536,96.75526978828375,343.0587337909992,5.836003051106026,75.68068613088711,126.4549888245614,2.8634630053394354,388.001525553013,61.35921593532723,110.74878367591685,28601.89929149638,67.57586532802975,61.169746906390536,75.68068613088711,1
2018-02-03 01:23:00,2018-02-03 01:24:00,CIC,1921,5948.31962519521,8357011.347214992,7.035918792295679,13516.0,803.3685580426861,1543271.0,,0.0,4428817485787.371,,,4.045288912024987,2.9906298802706925,297.3112961998959,506.05726184279024,299209.66332463827,19015.957878394216,4523712.515095167,335052.629290132,5255822.740239458,4329065.579906299,16651.21334118296,2344.9465592239503,0.418011452368558,0.0015616866215512754,0.015616866215512754,0.24362311296199896,0.5174388339406559,0.4096824570536179,0.015616866215512754,0.0,0.24362311296199896,7621.61374284227,9076.99427381572,181.64914107235813,2.14679854242582,47.14757177247215,76.04174324929308,293.20093701197294,4.256637168141593,68.09807156051171,117.94258229701197,2.1004685059864654,324.57470067673086,52.19148751049349,98.42437575592399,23223.867228686857,58.18264336585893,47.14757177247215,68.09807156051171,1
2018-02-03 01:24:00,2018-02-03 01:25:00,CIC,1311,8487.245614035088,10692948.534706332,9.926773455377575,13014.0,1643.6506483600306,2154826.0,,0.0,9941653796596.035,,,5.452326468344775,4.474446987032799,407.04042715484366,1236.610221205187,195917.01831993315,13739.587305354307,5331439.127278121,669068.8334624678,7045938.667429443,4994056.669717773,13211.736204271507,485.93016344481237,0.37452326468344777,0.006102212051868803,0.028985507246376812,0.37681159420289856,0.5385202135774219,0.36384439359267734,0.010678871090770405,0.0,0.37681159420289856,9002.33180778032,14440.643020594965,240.89931350114418,3.414187643020595,59.86889993003432,94.42346074975973,346.4347826086956,7.682684973302822,87.50564051020595,128.7565098267864,3.3905415713196034,393.6994660564455,67.45879953637224,116.18755533531883,33246.02407309097,74.26532338852783,59.86889993003432,87.50564051020595,1
2018-02-03 01:25:00,2018-02-03 01:26:00,CIC,1676,7504.879474940334,11657228.38365155,8.912291169451073,14937.0,1295.752983293556,2171682.0,,0.0,6793855294180.464,,,4.951670644391408,3.960620525059666,433.14797136038186,862.6050119331742,363087.00231934816,15630.596765364033,5220459.402319812,632722.3425926247,7043735.193317423,4928301.9970167065,14208.378074870829,1422.21869053934,0.42899761336515513,0.0017899761336515514,0.019689737470167064,0.3424821002386635,0.5208830548926014,0.30071599045346065,0.015513126491646777,0.0,0.3424821002386635,8192.270883054893,14795.75477326969,245.6634844868735,6.587112171837709,60.942511554906325,90.95550014913067,383.59486873508354,14.257159904534607,94.71943477545943,138.33770232629473,6.486276849642005,420.74940334128877,70.65604308735561,120.78301605441051,34675.75478431575,79.28130881123985,60.942511554906325,94.71943477545943,1
2018-02-03 01:26:00,2018-02-03 01:27:00,CIC,2271,6561.248348745046,13184651.741083223,16.551298987230297,37588.0,7909.667107001321,17962854.0,,0.0,7008532290322.814,,,7.5297225891677675,9.021576398062528,408.18273888155,7501.484368119771,127166.94475966104,15311.628878184414,4398240.128639901,677843.457960532,6241297.392778512,4068675.6886833995,14346.714575196069,964.9143030391805,0.4623513870541612,0.0030823425803610744,0.014090708938793483,0.25803610744165567,0.48304711580801407,0.2884191985909291,0.009247027741083224,0.0,0.25803610744165567,7644.669308674593,12349.32892998679,224.40774988991635,8.13518273888155,55.48105713639542,81.2661502951572,387.0453544693967,21.17129018053721,114.33966148589741,141.43841118587187,8.13518273888155,415.8502862175253,79.50093539611933,127.11781992412418,41721.59686730832,89.4486550420317,55.48105713639542,114.33966148589741,1
2018-02-03 01:27:00,2018-02-03 01:28:00,CIC,1796,8717.810690423163,9386442.409242762,11.829064587973274,21245.0,4081.5501113585747,7330464.0,,0.0,6161639440194.528,,,5.976057906458798,5.853006681514477,485.9008908685969,3595.649220489978,107212.83848555537,12707.93334838435,4781411.406751333,487310.7162711555,6016081.975501114,4530614.259465479,11159.20508126504,1506.274146840523,0.38585746102449886,0.0033407572383073497,0.021158129175946547,0.321826280623608,0.5378619153674833,0.33853006681514475,0.030623608017817373,0.0,0.321826280623608,8245.059020044544,17182.628619153675,264.50501113585744,4.621380846325167,63.68342527631125,98.08219109571492,411.20991091314033,12.478285077951002,97.60868134556794,149.60578941823832,4.543986636971047,447.521714922049,73.24487120658686,128.78410241182794,36970.04071895065,81.2752255916147,63.68342527631125,97.60868134556794,1
2018-02-03 01:28:00,2018-02-03 01:29:00,CIC,1594,10161.181932245921,9644104.893350063,14.058343789209536,22409.0,5444.614805520702,8678716.0,,0.0,3552028455664.5093,,,7.023212045169386,7.03513174404015,477.87703889585947,4966.737766624843,165217.83736130106,18341.160814730734,5953819.311243916,377584.9549105677,6840086.218318695,5741143.295483061,15300.240360222591,2948.8694592171287,0.2904642409033877,0.006273525721455458,0.04015056461731493,0.3958594730238394,0.5633626097867002,0.3851944792973651,0.02258469259723965,0.0,0.3958594730238394,9897.387076537014,21290.52070263488,287.45796737766625,1.2296110414052697,65.37008549776034,106.64494594389085,415.86260978670015,2.2785445420326225,84.58190693062107,152.02999041964242,1.141154328732748,455.5439146800502,68.08055840440088,126.8619704150207,34283.45865657565,73.93935829610477,65.37008549776034,84.58190693062107,1
2018-02-03 01:29:00,2018-02-03 01:30:00,CIC,1707,8704.36438195665,10273448.402460458,8.948447568834212,15275.0,1493.8359695371998,2549978.0,,0.0,6814508948030.134,,,5.080843585237258,3.8676039835969536,548.2706502636204,945.5653192735793,139172.35844692148,17667.498139842188,5897584.022378038,559139.5170748841,7490333.052724077,5625191.277680141,16321.87134191068,1314.5767133345203,0.36496777973052136,0.0035149384885764497,0.025776215582893967,0.335676625659051,0.5284124194493263,0.3298183948447569,0.014059753954305799,0.0,0.335676625659051,8631.042179261864,16645.727006444053,261.4879906268307,5.8107791446983015,67.40350545530814,96.64945743817107,395.908611599297,11.7709431751611,98.25526716120093,144.89832066650263,4.813708260105448,437.8705330990041,78.09683307556766,127.16115762648975,37493.75442217353,86.43565106915057,67.40350545530814,98.25526716120093,1
2018-02-03 01:30:00,2018-02-03 01:31:00,CIC,2875,6296.451478260869,16010699.981913043,14.336347826086957,41217.0,6995.990260869566,20113472.0,,0.0,11737428981435.736,,,5.988869565217391,8.347478260869565,388.8093913043478,6607.180869565217,340347.0911220056,13602.30748065066,3457327.348371009,1105634.4898214506,7115270.221565218,3003186.299826087,12412.696256403255,1137.567613045098,0.5547826086956522,0.0038260869565217392,0.028521739130434782,0.2066086956521739,0.44521739130434784,0.2194782608695652,0.008695652173913044,0.0,0.2066086956521739,6365.046956521739,9901.940173913043,209.0326956521739,13.193739130434782,55.50715685283583,72.13027796718922,416.2758260869565,32.86782608695652,134.38417502432105,146.84779301668453,13.129391304347827,439.7537391304348,89.65739749118887,134.12716868969076,46220.902583296556,102.54978374745183,55.50715685283583,134.38417502432105,1
2018-02-03 01:31:00,2018-02-03 01:32:00,CIC,1635,8592.421406727828,12059417.03853211,10.98165137614679,17955.0,2950.616513761468,4824258.0,,0.0,6499195207508.59,,,5.781039755351682,5.200611620795107,467.5571865443425,2483.0593272171254,29945.671760852307,4524.345338213911,6384241.319353957,535151.7732037563,8088789.606116208,6156218.316207951,3627.1253230053544,891.6856477764801,0.3785932721712538,0.0030581039755351682,0.009174311926605505,0.381651376146789,0.5535168195718655,0.3186544342507645,0.018960244648318043,0.0,0.381651376146789,9227.628134556575,18076.404281345567,262.48623853211006,4.2629969418960245,62.52112202272783,96.98381363800978,404.1553516819572,10.658715596330275,100.43154507654435,145.25509568009787,4.2629969418960245,440.5535168195719,74.85847489482813,127.1381261196416,37765.374488977955,82.29182178938837,62.52112202272783,100.43154507654435,1
2018-02-03 01:32:00,2018-02-03 01:33:00,CIC,1839,9550.888526373028,14944408.621533442,15.191408374116367,27937.0,6239.810222947254,11475011.0,,0.0,12734509237371.621,,,7.2724306688417615,7.918977705274606,516.852637302882,5722.957585644372,36760.70820204157,14325.191011107596,5304081.300863747,1060681.7234506917,8572802.983143013,4857901.088635128,11946.98836817901,2300.3060089108435,0.41381185426862427,0.002175095160413268,0.022294725394236,0.3306144643828168,0.5165851005981512,0.34692767808591624,0.051658510059815116,0.0,0.3306144643828168,8285.292006525286,14818.847199564982,260.5138662316476,5.094072865687874,62.597956488986405,95.64647267916693,426.6715606307776,12.918433931484502,115.4684568205492,157.1718098268461,5.0935290918977705,462.18814573137576,83.5503613376993,137.83489151416856,45840.32904141628,91.82097281056281,62.597956488986405,115.4684568205492,1
2018-02-03 01:33:00,2018-02-03 01:34:00,CIC,1829,12591.52597047567,9496081.78622198,10.140513942044834,18547.0,2847.0382722799345,5207233.0,,0.0,2676155256738.6514,,,5.389830508474576,4.750683433570257,380.4609075997813,2466.577364680153,323022.721884081,60327.76471184577,4790075.17271714,388917.4030407868,5957620.837069437,4610503.8884636415,55990.56948647142,3512.594832908486,0.3553854565336249,0.007107709130672498,0.08529250956806998,0.30344450519409516,0.47020229633679606,0.45653362493165667,0.06560962274466922,0.0,0.30344450519409516,8421.539639147075,14044.542919628213,220.66429743028976,2.9332968835429196,53.08528192041225,83.0043923744773,332.22963367960637,6.641880809185348,80.87010807055222,120.94100070399672,2.822854018589393,368.944231820667,63.02194972900383,107.0812688868223,31056.344649588533,69.61783887668125,53.08528192041225,80.87010807055222,1
2018-02-03 01:34:00,2018-02-03 01:35:00,CIC,1663,8593.346361996391,13665677.868310282,11.100420926037282,18460.0,3041.4497895369814,5057931.0,,0.0,6685268395076.415,,,5.582681900180397,5.517739025856885,439.0781719783524,2602.371617558629,70924.81024209701,11996.535104707886,6188922.755460506,627052.52654097,7963600.299458809,5902380.657847264,10575.882721496188,1406.224800444959,0.39025856885147325,0.0018039687312086591,0.030667468430547205,0.34996993385447983,0.5273601924233313,0.3409500901984366,0.01803968731208659,0.0,0.34996993385447983,8788.593505712568,15722.1791942273,251.8959711365003,4.997594708358388,61.02387058106434,93.71619865361636,390.54660252555624,9.923030667468431,95.56070120501744,141.73137659093146,4.297053517739026,428.1262778111846,73.18067962512568,123.5964947413205,36192.34086041666,80.69273962844558,61.02387058106434,95.56070120501744,1
2018-02-03 01:35:00,2018-02-03 01:36:00,CIC,2662,6103.438767843727,14221538.36701728,11.892937640871525,31659.0,3413.426746806912,9086542.0,,0.0,8101107580071.802,,,6.021412471825695,5.87152516904583,450.5244177310293,2962.902329075883,112737.90273472191,12064.709691460923,3688830.9236542387,866792.4979908736,6574485.299774606,3334615.2118707737,11094.453401844552,924.9343148535894,0.5522163786626596,0.003005259203606311,0.02667167543200601,0.22577009767092412,0.44440270473328325,0.23553719008264462,0.009767092411720512,0.0,0.22577009767092412,6918.43388429752,11538.384673178061,230.2907588279489,12.931254695717506,58.54195387253118,78.32319426173329,420.32757325319307,33.958302028549966,138.8565657528674,147.27148596871788,12.89969947407964,445.77610818933135,92.85273038102105,137.1409116391375,47645.72764707072,105.53040518422577,58.54195387253118,138.8565657528674,1
2018-02-03 01:36:00,2018-02-03 01:37:00,CIC,2068,8527.543036750483,11450525.250967119,14.789651837524177,30585.0,6869.290135396518,14205692.0,,0.0,6990523290190.301,,,6.848646034816247,7.94100580270793,384.6228239845261,6484.667311411992,228486.15057282042,19481.95251451676,4396549.553774981,610284.1456721743,6022535.034332689,4082054.736943907,15905.58263185433,3501.0044957728787,0.46083172147001933,0.0038684719535783366,0.023694390715667313,0.26450676982591875,0.4738878143133462,0.344294003868472,0.03239845261121857,0.0,0.26450676982591875,7723.761121856866,12154.293036750483,215.77852998065765,7.009671179883946,54.256812936904254,80.15301003481237,351.17117988394585,16.76402321083172,95.41257497616054,126.151235089294,6.925531914893617,383.7282398452611,69.73226497594779,113.68778117402032,33465.95025533344,78.30002762134575,54.256812936904254,95.41257497616054,1
2018-02-03 01:37:00,2018-02-03 01:38:00,CIC,1861,10339.929070392262,12877509.959161742,8.505104782375067,15828.0,1426.8033315421817,2655281.0,,0.0,10829720219712.443,,,4.672756582482537,3.832348199892531,330.5077915099409,1096.2955400322408,188381.45846601808,24395.62151734022,5672660.652674051,771340.347373173,7535041.760343901,5284058.050510478,21869.10199252262,2342.9952362130216,0.42235357334766255,0.0032240730789897904,0.039763567974207416,0.27028479312197745,0.44223535733476627,0.39602364320257927,0.03600214938205266,0.0,0.27028479312197745,7858.933369156368,11100.51101558302,199.73885008060182,5.61579795808705,50.295258678938204,75.31457790585975,302.5013433637829,13.961311123052122,80.3725758494519,109.4589551408576,5.577646426652337,338.472326706072,60.96488045654863,100.43219126338097,28995.36022517312,68.59078021727404,50.295258678938204,80.3725758494519,1
2018-02-03 01:38:00,2018-02-03 01:39:00,CIC,2442,7864.396805896806,10069596.499180999,12.909090909090908,31524.0,5203.542588042588,12707051.0,,0.0,7054563772348.465,,,6.232186732186732,6.676904176904177,360.24037674037675,4843.302211302212,180239.75566890722,23147.708651478213,3630610.9450790584,544522.2773144054,4988956.816953317,3340039.1433251435,21064.880542713163,2006.9961394503714,0.43161343161343163,0.001638001638001638,0.04176904176904177,0.2534807534807535,0.48034398034398035,0.38042588042588044,0.022113022113022112,0.0,0.2534807534807535,7163.308353808354,11931.604013104014,210.9807534807535,5.260851760851761,51.9889811619222,79.54722654188124,357.94553644553645,13.185913185913186,96.48329481191236,135.12851444372072,5.2481572481572485,386.26617526617525,69.82803532511016,117.43145760949426,35078.345891898214,77.9593860868448,51.9889811619222,96.48329481191236,1
2018-02-03 01:39:00,2018-02-03 01:40:00,CIC,2625,6119.929142857143,12685457.99504762,13.467809523809525,35353.0,6812.516952380953,17882857.0,,0.0,7749997505106.951,,,5.543619047619048,7.924190476190476,403.30742857142855,6409.2095238095235,134807.1298935833,13476.97549886597,3606573.642846934,760924.0645787545,5906963.001142858,3278469.024761905,11982.93273335506,1452.970078306801,0.5398095238095239,0.001142857142857143,0.025523809523809525,0.22095238095238096,0.44114285714285717,0.28114285714285714,0.016761904761904763,0.0,0.22095238095238096,6135.647619047619,10101.288380952381,213.54590476190475,10.884952380952381,55.29766989565409,76.37577636995734,379.1424761904762,26.174857142857142,119.79109772808154,136.6699468947958,10.775238095238095,405.9478095238095,83.40282391091276,125.53776084959809,42014.85193043502,94.62557842364153,55.29766989565409,119.79109772808154,1
2018-02-03 01:40:00,2018-02-03 01:41:00,CIC,2209,7872.971027614305,13331700.49932096,13.878225441376188,30657.0,6367.841104572205,14066561.0,,0.0,7692154750811.074,,,6.492530556813038,7.385694884563151,380.22996831145315,5987.611136260752,222132.72793249038,17806.96229104527,4696971.419449682,734104.1794540717,6889243.398822997,4367662.35174287,13734.363501742038,4048.415499634792,0.5065640561339972,0.002716161158895428,0.025803531009506563,0.2494341330918968,0.419194205522861,0.3110004526935265,0.03712086917157085,0.0,0.2494341330918968,6819.964237211408,11453.732458125849,208.39610683567224,9.992756903576279,54.55953035326664,75.50012230129107,349.2494341330919,24.016749660479856,105.32747623423268,122.88289384127478,9.887732005432323,380.2824807605251,75.02249707458986,114.71084104252286,36515.23919618154,85.59203827980353,54.55953035326664,105.32747623423268,1
2018-02-03 01:41:00,2018-02-03 01:42:00,CIC,2559,7806.138726064869,12952253.474013286,22.128956623681127,56628.0,15138.732708089097,38740017.0,,0.0,8335770559319.172,,,8.39116842516608,13.737788198515045,406.45525595935914,14732.277452129738,203577.5438308904,15297.13316445244,3461960.6364140417,849358.7532196537,6158806.690894881,3106487.3501367723,13043.242241435282,2218.024256724273,0.5345838218053928,0.0031262211801484957,0.025400547088706527,0.23251270027354434,0.43259085580304807,0.2833137944509574,0.023446658851113716,0.0,0.23251270027354434,6514.630715123095,10877.07698319656,210.9558421258304,11.553731926533802,55.787502187056276,74.61858171987652,390.34779210629154,28.56232903477921,122.56176662034389,137.4959541641098,11.060570535365377,417.4110980851895,83.95163049239234,126.40173243724736,42084.1293330725,95.7071436416182,55.787502187056276,122.56176662034389,1
2018-02-03 01:42:00,2018-02-03 01:43:00,CIC,1791,9680.072585147962,11066168.88442211,13.85427135678392,24813.0,6408.810161920715,11478179.0,,0.0,7016121935517.479,,,6.498045784477945,7.356225572305974,386.24064768285876,6022.569514237856,182486.72601915823,26692.863538013196,5103799.012830098,605215.4665851335,6830045.671133445,4827181.795644891,24874.08123330238,1684.6473122100442,0.41987716359575655,0.006141820212171971,0.0413176996091569,0.32551647124511446,0.4712451144611949,0.3729759910664433,0.03796761585706309,0.0,0.32551647124511446,7813.548855388051,14527.805695142379,225.4896705750977,5.411501954215522,55.91371309826968,83.76350511497152,348.70407593523174,12.700167504187604,86.17239754067559,124.74063303018426,5.375767727526521,383.55388051367953,65.79399140580458,110.39347996261475,31425.81287321749,73.52984161157454,55.91371309826968,86.17239754067559,1
2018-02-03 01:43:00,2018-02-03 01:44:00,CIC,2094,8636.448424068767,11166675.382999046,12.940783190066858,27098.0,7008.383954154728,14675556.0,,0.0,6299353939726.297,,,5.15090735434575,7.789875835721108,355.1002865329513,6653.283667621777,316728.2634590796,30708.733071141836,4714530.245130554,573156.5012544533,6316662.401623687,4444016.710124164,26942.314447751447,3605.1024515987947,0.4909264565425024,0.0033428844317096467,0.049665711556829036,0.26504297994269344,0.4178605539637058,0.3271251193887297,0.03199617956064948,0.0,0.26504297994269344,6679.077841451767,12056.993314231137,202.6647564469914,9.349570200573066,53.80444763155826,73.7877513482784,325.56733524355303,21.40974212034384,94.22963832175454,114.04127916034432,9.230659025787965,356.725405921681,69.5724323646275,104.81124848646179,30508.933335173555,79.35292048900574,53.80444763155826,94.22963832175454,1
2018-02-03 01:44:00,2018-02-03 01:45:00,CIC,2204,8368.454174228675,11684128.348911071,14.294464609800363,31505.0,6433.427858439201,14179275.0,,0.0,5463836037230.124,,,6.6415607985480944,7.652903811252268,410.56941923774957,6022.858439201452,212325.03695146064,24507.300152736556,3948857.7149198535,621363.9580678985,5929151.316696915,3672596.2318511796,22756.760691582465,1605.9864203646116,0.46960072595281305,0.008166969147005444,0.05172413793103448,0.2572595281306715,0.44872958257713247,0.3253176043557169,0.02676950998185118,0.0,0.2572595281306715,6615.829854809437,12240.141560798547,228.11252268602541,8.78130671506352,57.14853126095599,81.85497403586524,376.62295825771326,21.63157894736842,109.72804912237295,134.05942409669285,8.721869328493648,408.3325771324864,79.50715791640563,122.69964509062206,39587.11962257753,89.62046219715516,57.14853126095599,109.72804912237295,1
2018-02-03 01:45:00,2018-02-03 01:46:00,CIC,1938,9734.26367389061,11514977.323529411,12.546955624355006,24316.0,6329.470588235294,12266514.0,,0.0,4745210866882.265,,,5.165118679050567,7.381836945304437,369.22910216718265,5960.241486068111,198020.94804256465,20150.52434731558,5057510.9812955,526363.4973219215,6623386.146026832,4804699.753869969,16306.388623368019,3781.7501997075965,0.4504643962848297,0.0025799793601651187,0.0392156862745098,0.27347781217750256,0.45614035087719296,0.33900928792569657,0.04076367389060888,0.0,0.27347781217750256,7586.853973168215,12215.203818369453,209.3266253869969,7.520123839009288,53.95998167330702,77.5071624334644,339.51599587203305,17.11919504643963,96.69325487086172,123.42843936485552,7.389576883384933,372.6202270381837,69.84980626856192,111.06356929060681,33931.096941572934,78.61699262998143,53.95998167330702,96.69325487086172,1
2018-02-03 01:46:00,2018-02-03 01:47:00,CIC,2761,6910.455632017385,14440984.806954002,13.011227816008693,35924.0,5429.508873596523,14990874.0,,0.0,13685999706309.355,,,6.2220210068815645,6.789206809127128,362.3027888446215,5067.2060847519015,312280.67843021447,20802.319792696177,3767308.783224239,1050447.9130668454,6817279.2089822525,3339358.452372329,17959.510884908454,2767.4654822004354,0.4987323433538573,0.0050706265845708075,0.03223469757334299,0.1915972473741398,0.40492575153929733,0.2872147772546179,0.018833755885548715,0.0,0.1915972473741398,6114.320173850055,8539.877218399131,197.25063382832306,14.997464686707714,54.47841263368054,68.0311750098573,348.2107931908729,30.56392611372691,110.96302560725353,122.83524126582688,14.721115537848606,376.2491850778703,77.8777378743488,113.50764333083593,36738.25248340866,90.95267898688664,54.47841263368054,110.96302560725353,1
2018-02-03 01:47:00,2018-02-03 01:48:00,CIC,1782,9459.28507295174,10544782.335016835,12.868125701459034,22931.0,6225.216049382716,11093335.0,,0.0,9344213551706.508,,,5.337261503928171,7.530864197530864,438.8327721661055,5786.383277216611,105512.66047534705,17319.304062517007,4134771.9635240766,755545.3831450308,6548559.526936027,3825343.1021324354,14464.799733553038,2796.1901739438254,0.41245791245791247,0.003367003367003367,0.03423120089786756,0.2940516273849607,0.4792368125701459,0.3613916947250281,0.03254769921436588,0.0,0.2940516273849607,8304.513468013469,13605.53142536476,235.1324354657688,6.878226711560045,61.676835106094835,88.58718428452133,358.62177328843995,15.809203142536475,93.54796235945567,129.12418417118406,6.793490460157127,394.42648709315375,71.30405621250841,115.07687298889843,33097.18439655682,80.21769761095399,61.676835106094835,93.54796235945567,1
2018-02-03 01:48:00,2018-02-03 01:49:00,CIC,2046,9692.66715542522,13512403.074780058,17.966275659824046,36759.0,10258.532258064517,20988957.0,,0.0,7048343502063.609,,,7.883675464320626,10.08260019550342,380.55913978494624,9877.97311827957,326831.1034512589,29232.91428645793,4850393.359371461,709415.1141660333,7025226.822091887,4526183.52394917,26485.010385586134,2605.0255319354487,0.4613880742913001,0.005376344086021506,0.039100684261974585,0.25562072336265884,0.43841642228739003,0.34701857282502446,0.03616813294232649,0.0,0.25562072336265884,6349.559139784947,12058.231182795698,216.1642228739003,8.40175953079179,55.20212939442522,78.49324539727566,352.1041055718475,19.16813294232649,96.39689717301076,124.76861945551808,8.322091886608016,385.13880742913,71.63785848546775,113.44475518063636,34215.893932644365,81.56371259107868,55.20212939442522,96.39689717301076,1
2018-02-03 01:49:00,2018-02-03 01:50:00,CIC,2038,8091.894995093228,13061012.027968597,13.295387634936212,27096.0,6615.67222767419,13482740.0,,0.0,7556873791101.378,,,5.3253189401373895,7.970068694798822,405.04268891069677,6210.629538763494,362044.0359221467,26934.332414964145,4324451.793924461,713988.5815334519,6285535.736015702,3991122.1104023554,25280.890766557106,1521.2810379618027,0.4916584887144259,0.003925417075564278,0.04612365063788027,0.2649656526005888,0.45093228655544654,0.31894013738959764,0.02649656526005888,0.0,0.2649656526005888,6791.435230618254,11920.527968596663,220.4062806673209,9.377821393523062,56.3351014528734,79.45132506427821,352.2924435721295,21.54170755642787,100.27800264850835,126.23938995400393,9.254661432777233,386.72767419038274,73.89356035193671,115.45072936602111,35731.9235557883,84.16126711017615,56.3351014528734,100.27800264850835,1
2018-02-03 01:50:00,2018-02-03 01:51:00,CIC,1895,8560.210026385224,11771847.868601583,14.077572559366754,26677.0,6162.827440633246,11678558.0,,0.0,8277458844353.695,,,6.672823218997362,7.404749340369393,422.41266490765173,5740.414775725593,210846.01627688488,20018.238784191144,4110089.316264657,718433.742531927,6126965.002110818,3773575.4422163586,17023.926893534528,2909.802175508953,0.4474934036939314,0.0031662269129287598,0.0316622691292876,0.2912928759894459,0.48179419525065964,0.32189973614775724,0.02849604221635884,0.0,0.2912928759894459,7436.776253298153,14386.404749340369,236.32242744063325,7.726121372031662,58.95027050270396,86.00600810706437,385.68601583113457,18.31820580474934,105.32198666931399,139.24864536192877,7.6448548812664905,419.9931398416887,76.14482413762693,124.03718953894513,38312.19771642193,85.64105018507652,58.95027050270396,105.32198666931399,1
2018-02-03 01:51:00,2018-02-03 01:52:00,CIC,1996,9692.900300601203,13682032.31513026,12.480961923847696,24912.0,5830.101703406814,11636883.0,,0.0,10631923475821.59,,,5.240480961923848,7.240480961923848,372.44939879759517,5457.652304609219,205107.24837699402,24200.847581424572,4648166.631534971,824530.0732010037,6949981.4684368735,4273042.378757515,21335.32086841322,2683.6566159999884,0.43987975951903807,0.004008016032064128,0.05460921843687375,0.2715430861723447,0.4498997995991984,0.3502004008016032,0.028056112224448898,0.0,0.2715430861723447,7064.953907815631,12006.445891783567,215.6487975951904,7.31563126252505,54.52284205683467,79.12834406331663,338.6743486973948,17.670841683366735,90.18593463754509,120.95361840301102,7.08316633266533,373.72895791583164,67.50863042553958,109.57079252308617,31747.95107275977,76.46580616749148,54.52284205683467,90.18593463754509,1
2018-02-03 01:52:00,2018-02-03 01:53:00,CIC,2470,7107.034412955466,13310703.386639677,17.128744939271254,42308.0,9274.348178137652,22907640.0,,0.0,10678997658436.764,,,7.38502024291498,9.743724696356276,418.7914979757085,8855.556680161942,158739.62558847092,16582.810351352302,3287338.1281751464,881330.9493836664,5972583.121052631,2904307.848987854,14504.596137117594,2004.36364184426,0.5412955465587045,0.002834008097165992,0.029959514170040485,0.23076923076923078,0.42105263157894735,0.26558704453441295,0.01659919028340081,0.0,0.23076923076923078,6336.754655870445,10404.224696356276,207.06437246963563,12.252226720647773,54.50063609861822,72.20056880802146,374.7206477732793,28.875708502024292,124.12221415891457,130.79619814340728,12.218218623481782,402.1429149797571,86.32506576361175,123.13887218633603,41966.28866373516,98.04039293967692,54.50063609861822,124.12221415891457,1
2018-02-03 01:53:00,2018-02-03 01:54:00,CIC,2121,8399.034417727487,11506961.519094767,12.168316831683168,25809.0,5489.612446958981,11643468.0,,0.0,6004195350822.411,,,5.194719471947194,6.973597359735973,353.970297029703,5135.642149929278,278610.63800514553,22133.41237402061,3709181.3713606647,621990.3363410358,5562036.249410655,3426374.3569071195,17923.43733184301,4074.3152775153962,0.4691183404054691,0.004243281471004243,0.04809052333804809,0.2512965582272513,0.4347006129184347,0.3371051390853371,0.031588873173031586,0.0,0.2512965582272513,6830.6214049976425,10790.724658180105,200.998585572843,8.947666195190948,52.784632481300335,73.81340163578878,337.72465818010375,21.543140028288544,97.92286039144741,121.54958254293729,8.78076379066478,368.7590759075908,69.55401003847241,110.34986705409523,33051.76764827508,79.41276137502783,52.784632481300335,97.92286039144741,1
2018-02-03 01:54:00,2018-02-03 01:55:00,CIC,2352,7944.841411564626,9143450.621598639,12.207057823129253,28711.0,5813.167517006803,13672570.0,,0.0,6405394134563.161,,,5.554421768707483,6.652636054421769,311.2857142857143,5501.881802721088,364839.55190959136,34552.615649529456,3960235.083984421,423864.1838021365,4994581.255102041,3747186.268282313,29066.46441918049,5295.171637102604,0.4460034013605442,0.004251700680272109,0.03784013605442177,0.23341836734693877,0.45875850340136054,0.40433673469387754,0.03316326530612245,0.0,0.23341836734693877,6376.4294217687075,9878.86862244898,186.87457482993196,4.811649659863946,48.63930059497364,73.6744630429069,309.80229591836735,11.52295918367347,83.76807900286565,119.27196698534864,4.657738095238095,338.61139455782313,62.89622504259779,103.98747010601787,28233.96770111329,70.63501975540817,48.63930059497364,83.76807900286565,1
2018-02-03 01:55:00,2018-02-03 01:56:00,CIC,1863,8949.462157809983,11982258.161567364,13.271068169618895,24724.0,6342.150295222759,11815426.0,,0.0,7980870389829.956,,,5.5179817498658075,7.753086419753086,386.0681696188943,5956.082125603864,362844.7584339351,35774.13192121632,4065217.626927096,730532.0408231462,6003748.913580247,3703945.6022544284,32094.627238667563,3487.480356575258,0.43585614600107353,0.005367686527106817,0.06333870101986044,0.3022007514761138,0.45410628019323673,0.3639291465378422,0.02254428341384863,0.0,0.3022007514761138,7201.43370907139,12909.207192699947,222.06655931293614,7.12614063338701,55.72067763140956,82.01673365629415,344.5764895330113,17.92753623188406,91.13217660011166,123.05282041621739,6.995169082125604,379.1894793344069,68.12793347487923,110.91976789680676,31556.826299948218,77.23436766419807,55.72067763140956,91.13217660011166,1
2018-02-03 01:56:00,2018-02-03 01:57:00,CIC,1954,8116.647389969294,11619016.848004093,13.680655066530194,26732.0,6406.231320368475,12517776.0,,0.0,9778248093646.871,,,6.362333674513818,7.318321392016377,386.73132036847494,6019.5,228052.8867041437,24359.515950108787,4204106.601995716,660929.9762401037,5881266.379733879,3880030.0854657115,20695.74762999424,3539.1034482946397,0.4467758444216991,0.00255885363357216,0.030194472876151485,0.2712384851586489,0.45496417604913,0.35670419651995905,0.028659160696008188,0.0,0.2712384851586489,6911.937052200614,11002.648413510748,212.3367451381781,7.281473899692937,53.79995328582753,79.58361598040531,320.5675537359263,17.37410440122825,85.24874948444217,116.2491200080128,7.158648925281474,357.4984646878199,64.0641916415476,106.20655003657778,29842.695904665798,72.85109324134083,53.79995328582753,85.24874948444217,1
2018-02-03 01:57:00,2018-02-03 01:58:00,CIC,2659,6627.682211357654,11587644.683715682,17.447160586686724,46392.0,9731.242196314404,25875373.0,,0.0,8247516075291.61,,,7.441895449417074,10.00526513726965,387.44114328694997,9343.801053027453,293154.0140587216,17247.43240712489,3398312.119388249,904539.5201602267,6940930.839789394,3044935.089883415,15195.318441767726,2032.6546583659165,0.5652500940203083,0.003384731101918014,0.03196690485144791,0.1966904851447913,0.42008273787138023,0.2557352388115833,0.0236931177134261,0.0,0.1966904851447913,6344.751786385859,9195.53666792027,201.19330575404288,12.236931177134261,53.74462826603009,70.851231239569,375.9439638962016,30.197442647611883,131.6605908568033,134.48127449045882,12.150808574652125,402.4866491162091,89.00970781366492,126.83676736668673,44820.063209460815,101.28744445063708,53.74462826603009,131.6605908568033,1
2018-02-03 01:58:00,2018-02-03 01:59:00,CIC,1620,10099.382098765433,8200635.265432099,9.289506172839506,15049.0,2713.1364197530866,4395281.0,,0.0,2515820832542.7373,,,4.783333333333333,4.506172839506172,375.40246913580245,2337.733950617284,130542.70340694905,16328.33626414954,4317089.437124534,389377.71602710406,5393011.625925926,4120747.2191358022,14909.78988691635,1388.3087174981717,0.3987654320987654,0.001851851851851852,0.02654320987654321,0.32901234567901233,0.48641975308641977,0.37407407407407406,0.030864197530864196,0.0,0.32901234567901233,7664.170370370371,13451.988888888889,225.32283950617284,5.445679012345679,56.90087389487654,85.79727807419012,332.8179012345679,12.057407407407407,85.8110864008642,120.43922208258641,5.354938271604938,371.7135802469136,66.68757066548334,108.70678573124135,30352.35935148216,74.50645851364753,56.90087389487654,85.8110864008642,1
2018-02-03 01:59:00,2018-02-03 02:00:00,CIC,1527,8781.832351015062,12802421.29535036,10.925998690242306,16684.0,1511.8657498362802,2308619.0,,0.0,4783869421336.66,,,6.102815979043877,4.823182711198428,460.0464963981663,1051.819253438114,247154.87518792084,14090.886532024848,5304888.242994361,585778.183147148,7033425.822527832,5034319.722986247,10240.779460667402,3840.879247799471,0.32220039292730845,0.0013097576948264572,0.021611001964636542,0.36738703339882123,0.5972495088408645,0.33136869679109365,0.019646365422396856,0.0,0.36738703339882123,9528.422396856582,17253.83038637852,271.1944990176817,2.637851997380485,63.142402615138835,102.056902266148,422.99738048461035,5.523903077930583,98.14018480592665,157.72904367557302,2.4453176162409953,463.9882121807466,73.28933832137328,133.47216520189195,39277.40118895392,79.78947683540929,63.142402615138835,98.14018480592665,1
2018-02-03 02:00:00,2018-02-03 02:01:00,CIC,1419,8413.758985200846,9476394.437632136,8.589147286821705,12188.0,1116.6913319238902,1584585.0,,0.0,2676010999119.7817,,,4.946441155743481,3.6427061310782243,452.877378435518,663.8139534883721,108801.57027950244,8429.90654287793,5605312.755623484,344739.36004791094,6508553.058491896,5422879.4524312895,5654.868190305372,2769.0976150686647,0.31994362226920364,0.0007047216349541931,0.009161381254404511,0.41296687808315713,0.5842142353770261,0.33051444679351655,0.018322762508809022,0.0,0.41296687808315713,8019.208597603946,18588.529950669486,279.22128259337563,2.8534178999295277,65.75250675644538,105.42189027536998,404.69344608879493,5.769556025369979,87.19032378892179,148.62833708785766,2.7906976744186047,447.54686398872445,68.57245324966878,125.85006306973642,33839.7426321741,75.22499943690627,65.75250675644538,87.19032378892179,1
2018-02-03 02:01:00,2018-02-03 02:02:00,CIC,1715,8120.468221574344,12329573.542274052,15.151603498542274,25985.0,7826.712536443149,13422812.0,,0.0,7810392881501.998,,,6.039067055393586,9.112536443148688,432.865306122449,7393.8472303207,176658.00379444676,19187.5385176766,4183506.1113976547,690628.3453362745,6175491.894460642,3878637.560349854,17825.319054439537,1295.0910485791055,0.4262390670553936,0.0029154518950437317,0.03206997084548105,0.30145772594752185,0.5212827988338192,0.3131195335276968,0.01924198250728863,0.0,0.30145772594752185,7856.561516034985,13949.5416909621,243.5591836734694,6.426822157434402,59.437368842829734,90.2046975957341,399.3574344023324,16.41807580174927,113.84349248413994,147.95812515376034,6.39067055393586,435.62915451895043,81.77802805133936,132.50121226355276,43916.18119140769,90.66100928618543,59.437368842829734,113.84349248413994,1
2018-02-03 02:02:00,2018-02-03 02:03:00,CIC,2347,6496.975713677035,15458393.913506605,15.776310183212612,37027.0,7752.816787388155,18195861.0,,0.0,9267187387931.963,,,7.226246271836387,8.550063911376226,430.26288879420537,7322.553898593949,189617.09337757723,11302.214185766186,4247745.091480444,933945.5121151732,7106389.624201108,3859596.4985087346,9039.557348650485,2224.132033767528,0.48487430762675754,0.0012782275244993609,0.022155943757988922,0.2224115892628888,0.45930975713677036,0.2582019599488709,0.015764806135492117,0.0,0.2224115892628888,6655.772049424798,10351.847038772901,228.27098423519385,11.72177247550064,57.93869047402343,80.2859318259527,409.6322965487857,27.53983809118023,130.5969873858287,147.4076184075769,11.68129527055816,439.09203238176394,89.07280485792714,135.3545076075867,47395.59336210144,101.26486755491351,57.93869047402343,130.5969873858287,1
2018-02-03 02:03:00,2018-02-03 02:04:00,CIC,1676,10713.49940334129,11214264.945107399,13.44272076372315,22530.0,6579.005966587112,11026414.0,,0.0,4677533868306.724,,,5.538782816229117,7.9039379474940334,390.34785202863964,6188.658114558472,119881.38238291473,14022.249660822676,5057010.113207613,455384.14356029057,6201444.421837709,4818500.325178998,12072.808364068258,1924.3418045568474,0.39916467780429593,0.0005966587112171838,0.02028639618138425,0.3126491646778043,0.48389021479713606,0.37828162291169454,0.053102625298329355,0.0,0.3126491646778043,7705.072195704057,13934.747613365154,221.11038186157518,6.7243436754176615,56.700153001601436,83.24773949941886,327.87649164677805,11.557875894988067,83.84526195764319,118.7215126777148,6.6891408114558475,366.62947494033415,66.1287497305,106.66345749968615,30165.909410514643,74.31207828836277,56.700153001601436,83.84526195764319,1
2018-02-03 02:04:00,2018-02-03 02:05:00,CIC,1752,10210.872146118722,9061893.576484019,15.084474885844749,26428.0,7603.134132420091,13320691.0,,0.0,5796868101403.448,,,6.960616438356165,8.123858447488585,416.90296803652967,7186.231164383562,161954.24570339735,21803.229296382808,3693097.8693853947,537729.111552045,5168890.066780822,3437674.8418949773,19102.34441004096,2675.995355196864,0.3807077625570776,0.00228310502283105,0.023401826484018264,0.3162100456621005,0.514269406392694,0.3738584474885845,0.030251141552511414,0.0,0.3162100456621005,7065.672374429224,14631.160958904109,240.0222602739726,4.207191780821918,58.96707247718836,90.7934892435468,372.67009132420094,11.33390410958904,93.69873186207191,135.23004389053995,4.180365296803653,409.07762557077626,70.47353101198802,119.73627573505193,34830.46044886308,78.18476657601883,58.96707247718836,93.69873186207191,1
2018-02-03 02:05:00,2018-02-03 02:06:00,CIC,1408,10368.03409090909,9243928.561079545,13.640625,19206.0,6879.745028409091,9686681.0,,0.0,970111515862.4586,,,5.4538352272727275,8.186789772727273,417.3728693181818,6462.372159090909,109823.25354488306,20611.242352892597,5024823.468909777,245606.4444975119,5670856.800426137,4887408.443181818,18346.47971070273,2206.2079764602627,0.3494318181818182,0.002130681818181818,0.04332386363636364,0.37357954545454547,0.5383522727272727,0.41051136363636365,0.053267045454545456,0.0,0.37357954545454547,8397.759943181818,17164.865767045456,249.28480113636363,1.2833806818181819,60.26459439736647,97.07763318707386,347.9019886363636,3.202414772727273,74.2057304967145,128.9241738959652,1.2279829545454546,390.9098011363636,61.1503697109091,111.32767415799503,29041.190194727504,66.83048240241762,60.26459439736647,74.2057304967145,1
2018-02-03 02:06:00,2018-02-03 02:07:00,CIC,1777,7612.639842431064,10027319.935284186,13.945413618458076,24781.0,6432.5661226786715,11430670.0,,0.0,4296146786126.669,,,6.562183455261677,7.383230163196399,399.9352841868317,6032.63083849184,226509.86091954607,14557.272703243067,3629521.297666765,532058.9341798602,5200061.063590321,3378609.3697242546,10748.61532883191,3751.313024954389,0.43387732132808104,0.0016882386043894203,0.027011817670230726,0.317388857625211,0.522228474957794,0.3185143500281373,0.025323579065841307,0.0,0.317388857625211,6887.824423185143,13726.236353404614,235.69667979741138,6.450196961170512,58.80555818405908,88.32280752250816,380.48339898705683,14.432751828925154,99.85631221829713,139.6215238740118,6.264490714687676,414.9814293753517,73.18140110338493,122.39496660899043,35837.49152922422,81.74791537287113,58.80555818405908,99.85631221829713,1
2018-02-03 02:07:00,2018-02-03 02:08:00,CIC,1536,7577.057291666667,9854693.966796875,13.723307291666666,21079.0,6576.951822916667,10102198.0,,0.0,2662452807826.518,,,5.61328125,8.110026041666666,410.84765625,6166.104166666667,126587.75343905897,14526.321210534345,4012031.9764842656,411888.480311228,5237417.260416667,3813664.8704427085,12308.730519302459,2189.2189701359143,0.4108072916666667,0.001953125,0.025390625,0.3567708333333333,0.5299479166666666,0.337890625,0.014322916666666666,0.0,0.3567708333333333,7810.421875,14733.776041666666,242.986328125,5.233723958333333,59.778623823920576,92.0593099650625,365.7337239583333,12.4921875,88.26340798435547,132.8928583672044,5.157552083333333,406.4778645833333,67.14429805013673,116.69595371163736,31339.52349626239,75.18341412810156,59.778623823920576,88.26340798435547,1
2018-02-03 02:08:00,2018-02-03 02:09:00,CIC,1292,9194.15479876161,9002520.264705881,14.620743034055728,18890.0,7340.350619195046,9483733.0,,0.0,523619168280.634,,,6.811919504643963,7.8088235294117645,418.3869969040248,6921.963622291021,29560.235627664286,8112.423794342595,5469930.369917841,209530.75526914725,5998882.435758514,5349325.506965945,6806.365448992303,1293.5004138533134,0.32894736842105265,0.0,0.0023219814241486067,0.4195046439628483,0.5781733746130031,0.35526315789473684,0.02631578947368421,0.0,0.4195046439628483,8006.488390092879,17172.740712074305,257.5704334365325,1.4195046439628483,62.95172257349303,101.25532351996362,354.04334365325076,2.569659442724458,73.65077601078947,130.51926657393963,1.4195046439628483,399.4481424148607,61.26129719280418,113.29036866321593,29151.571330627703,66.82739537803948,62.95172257349303,73.65077601078947,1
2018-02-03 02:09:00,2018-02-03 02:10:00,CIC,2288,6362.232517482517,6528890.987325175,10.954982517482517,25065.0,4766.751748251748,10906328.0,,0.0,2932131209242.045,,,4.643793706293707,6.311188811188811,315.0804195804196,4451.671328671328,154739.34955692088,13085.71225870088,2540679.14396811,328079.5804391281,3468613.3994755247,2387714.237762238,11464.439986967469,1564.0794734575252,0.4624125874125874,0.004807692307692308,0.025349650349650348,0.23164335664335664,0.49082167832167833,0.3631993006993007,0.015297202797202798,0.0,0.23164335664335664,6659.926136363636,10101.595279720279,186.02316433566435,5.490821678321678,50.06484108863986,74.27063307815473,319.50917832167835,12.740384615384615,85.45975558371941,123.88367626537848,5.446678321678322,347.38024475524475,62.59939059736188,106.20873460377928,28293.818595726458,70.69280875579021,50.06484108863986,85.45975558371941,1
2018-02-03 02:10:00,2018-02-03 02:11:00,CIC,1531,7372.383409536251,11339576.064663619,15.364467668190725,23523.0,8115.816459830176,12425315.0,,0.0,4175840017691.682,,,6.7883736120182885,8.576094056172437,390.0143696930111,7725.802090137166,231411.83589605405,16738.256148931054,4091062.3461403945,532272.0286645791,5797901.461136512,3852367.101241019,15988.618894804738,749.6372541761966,0.4441541476159373,0.0032658393207054214,0.018941868060091443,0.3043762246897453,0.5166557805355977,0.3193990855649902,0.011757021554539516,0.0,0.3043762246897453,7196.251469627694,12213.485956890921,225.92161985630307,5.8974526453298495,56.99364555977662,86.68700822737297,351.6721097322012,13.561071195297192,99.26953737418681,129.4238593171914,5.8974526453298495,390.6708033964729,74.18880592323971,117.82034662260352,35682.2284426078,82.32735286244285,56.99364555977662,99.26953737418681,1
2018-02-03 02:11:00,2018-02-03 02:12:00,CIC,1429,7841.103568929321,13193608.591322603,15.25962211336599,21806.0,8436.353393981806,12055549.0,,0.0,4662491193295.14,,,5.801259622113366,9.458362491252624,433.08327501749477,8003.27011896431,65961.10166120317,7339.8355253442205,5225976.85890244,539376.5919608821,6826339.493351994,4981615.753673898,6506.967788344045,822.595049124767,0.4534639608117565,0.0,0.011896431070678797,0.3002099370188943,0.49685094471658503,0.3261021693491952,0.01609517144856543,0.0,0.3002099370188943,8535.44156752974,11483.625612316306,222.80335899230232,5.903428971308608,56.54098377271379,85.95396442325752,320.38558432470256,14.6445066480056,85.19722675310707,114.26963571309308,5.903428971308608,366.90412876137157,65.88923161225823,108.25015917957032,31219.569754420547,73.8601090719874,56.54098377271379,85.19722675310707,1
2018-02-03 02:12:00,2018-02-03 02:13:00,CIC,1882,8300.263018065887,11946986.768862912,14.171625929861849,26671.0,6731.837938363443,12669319.0,,0.0,5642876671526.118,,,6.475557917109458,7.6960680127523915,381.7353878852285,6350.102550478215,271544.6602230892,25903.03842791897,3242894.2628640365,677178.8945045742,5062429.290116897,2922268.5579171097,22480.72496078051,3339.732048131787,0.5148777895855473,0.005313496280552604,0.021785334750265676,0.22741764080765142,0.4303931987247609,0.31296493092454836,0.03294367693942614,0.0,0.22741764080765142,6079.230605738576,8459.264612114772,198.3193411264612,10.232199787460148,52.49537085976833,72.67731446634697,311.82359192348565,24.413390010626994,93.03345634235919,109.52546093879171,10.139744952178534,349.615302869288,67.3377585110239,105.09052954225717,31832.580966601472,77.49187529039851,52.49537085976833,93.03345634235919,1
2018-02-03 02:13:00,2018-02-03 02:14:00,CIC,1446,9321.190179806363,9784762.906639004,8.715076071922544,12602.0,1031.9529737206085,1492204.0,,0.0,6022285280639.645,,,4.831950207468879,3.8831258644536653,348.93637621023515,683.0165975103735,73375.50091737641,13788.14721692647,4532746.79752327,517262.0758803045,5790251.979253112,4278981.771784232,12259.34617080937,1452.5180739512045,0.4287690179806362,0.003457814661134163,0.035269709543568464,0.2959889349930844,0.4605809128630705,0.3914246196403873,0.029045643153526972,0.0,0.2959889349930844,7399.169432918396,11419.451590594745,202.65836791147996,5.592669432918395,54.35370691576902,80.88888833677179,280.66874135546334,13.297372060857539,72.60894983744329,102.21028655780567,5.504840940525588,324.5131396957123,57.75672887264039,96.53800390432917,25489.855462908705,65.55047293795435,54.35370691576902,72.60894983744329,1
2018-02-03 02:14:00,2018-02-03 02:15:00,CIC,1725,9128.402318840579,11703835.129275363,19.676521739130436,33942.0,13473.96115942029,23242583.0,,0.0,6026131980830.766,,,7.552463768115942,12.124057971014492,360.43710144927536,13113.524057971015,94533.50326705677,16375.957670589507,4035845.44274776,622417.1753675595,6101150.971014493,3787956.595942029,14713.401627932793,1605.5961899014817,0.4736231884057971,0.0005797101449275362,0.02608695652173913,0.25043478260869567,0.4371014492753623,0.343768115942029,0.020289855072463767,0.0,0.25043478260869567,6528.4040579710145,9673.40579710145,197.4063768115942,8.28927536231884,52.567060375106664,74.59968717832174,316.9669565217391,21.027826086956523,98.24764632604638,113.12636660558492,8.245217391304347,353.6672463768116,70.43569487891016,108.56805247013565,33707.952814927165,79.73269997122608,52.567060375106664,98.24764632604638,1
2018-02-03 02:15:00,2018-02-03 02:16:00,CIC,1862,7093.889903329753,10850021.17991407,9.83297529538131,18309.0,1917.5338345864661,3570448.0,,0.0,10338296303701.234,,,5.098818474758325,4.734156820622986,365.0451127819549,1552.4887218045112,76003.09809767474,11279.187859555326,3323646.8102,672828.5301788636,5110953.060687433,2996570.440923738,10131.65972676348,1135.4130008491907,0.5429645542427497,0.001611170784103115,0.02631578947368421,0.24973147153598282,0.4280343716433942,0.29484425349087,0.01664876476906552,0.0,0.24973147153598282,6415.6079484425345,10020.537056928035,201.91944146079484,10.552631578947368,54.41468920740172,74.71899194936144,315.906015037594,25.925349087003223,100.45354404250806,110.99513141369496,10.532223415682063,351.0870032223416,72.94466534622234,108.15726357633298,33925.129921023705,83.68934348944737,54.41468920740172,100.45354404250806,1
2018-02-03 02:16:00,2018-02-03 02:17:00,CIC,2878,5786.362056984017,11321974.660875607,13.485406532314107,38811.0,7800.9645587213345,22451176.0,,0.0,9532925637523.082,,,5.408269631688673,8.077136900625435,325.33877692842253,7475.625781792912,189182.98177812994,11761.197052046104,2690843.953526624,831541.8267379513,5331624.145934677,2364323.754343294,10114.59356640336,1626.170551210696,0.5753995830437804,0.002432244614315497,0.022237665045170257,0.15010423905489922,0.3690062543432939,0.25573314801945796,0.015983321751216122,0.0,0.15010423905489922,5276.293606671299,6433.62022237665,173.22585128561502,17.253300903405144,53.55963024320153,61.83069449512405,325.2171646977067,35.5632383599722,117.26357393098331,114.78775852698574,17.059763724808896,350.50799166087563,80.73243035912196,109.40798343606602,36878.49006814161,95.28579851457053,53.55963024320153,117.26357393098331,1
2018-02-03 02:17:00,2018-02-03 02:18:00,CIC,1603,9917.82096069869,9039190.877729258,8.46475358702433,13569.0,979.5171553337492,1570166.0,,0.0,5434268115687.875,,,4.797878976918279,3.666874610106051,384.25077978789767,595.2663755458515,85883.14639653313,20483.93904984017,4146571.802110989,528603.3521597901,5921734.9781659385,3948921.663131628,18343.21885667172,2038.4921756646963,0.4104803493449782,0.004990642545227698,0.039301310043668124,0.27822832189644414,0.44666250779787897,0.4023705552089832,0.040548970679975045,0.0,0.27822832189644414,7585.796631316282,11302.860885839053,205.35059263880225,5.88646288209607,56.61231370648721,81.88823183436995,284.2495321272614,14.021210230817218,75.46215981126014,104.01107036177791,5.825951341235184,326.4809731752963,59.89502518978228,97.0758353116968,26011.034952524133,67.83558143821584,56.61231370648721,75.46215981126014,1
2018-02-03 02:18:00,2018-02-03 02:19:00,CIC,1317,12291.699316628701,7387295.898253607,18.4958238420653,24359.0,13456.586940015186,17722325.0,,0.0,4611133423079.252,,,6.514047076689446,11.981776765375853,379.5132877752468,13077.073652239938,205825.7036484129,19411.208198410484,4424426.846103431,373706.7129582786,5228062.314350797,4220647.561123766,14954.4218797412,4368.352568226593,0.3720577069096431,0.0037965072133637054,0.02885345482156416,0.33940774487471526,0.5064540622627183,0.44495064540622625,0.05466970387243736,0.0,0.33940774487471526,8412.113135914959,13867.782080485953,218.89749430523918,1.6886864085041762,55.08181371442292,88.0262264666325,285.59453302961276,2.7312072892938497,62.19571486160213,105.69260668775246,1.580865603644647,331.75474563401673,53.30445520916477,95.33316622057099,23442.602768369256,58.498572760761576,55.08181371442292,62.19571486160213,1
2018-02-03 02:19:00,2018-02-03 02:20:00,CIC,2032,8619.980807086615,9643876.635334646,9.053641732283465,18397.0,1623.0585629921259,3298055.0,,0.0,5091868080779.878,,,4.8922244094488185,4.161417322834645,354.28543307086613,1268.7731299212599,322078.399318513,28618.392785029566,3650880.601930884,462529.12694919476,5081507.04527559,3448847.5108267716,26763.934327681534,1516.4459441667534,0.4734251968503937,0.007874015748031496,0.05561023622047244,0.22785433070866143,0.41437007874015747,0.328248031496063,0.02066929133858268,0.0,0.22785433070866143,6191.0802165354335,10609.63779527559,191.1166338582677,9.361220472440944,52.21404311200541,71.0524926114252,313.92372047244095,20.951771653543307,95.06731452439321,112.48715812525099,9.361220472440944,346.26377952755905,68.8034738433873,104.23762307374606,32015.092322123917,78.59478058402412,52.21404311200541,95.06731452439321,1
2018-02-03 02:20:00,2018-02-03 02:21:00,CIC,1519,7032.044766293614,11952956.631336406,19.030283080974325,28907.0,12738.151415404871,19349252.0,,0.0,7491006017152.25,,,7.0368663594470044,11.993416721527321,422.92692560895324,12315.224489795919,80662.22962798766,11538.145814195557,4225984.716409297,679942.715868165,6188163.805134958,3927363.4549045423,11096.10270494679,411.65957846559843,0.46807109940750496,0.0013166556945358788,0.009874917709019092,0.3021724818959842,0.5095457537853851,0.30809743252139565,0.004608294930875576,0.0,0.3021724818959842,7680.218564845293,12626.994075049375,234.49769585253455,6.8341013824884795,59.20974185545951,88.75640573882751,358.778801843318,16.56484529295589,96.03360449049639,129.4225322251738,6.8334430546412115,399.32784726793943,71.60930381263661,118.31137602428835,34784.24984603179,80.54049258359578,59.20974185545951,96.03360449049639,1
2018-02-03 02:21:00,2018-02-03 02:22:00,CIC,1286,9877.012441679626,7934301.221617418,9.794712286158632,12596.0,1039.7783825816484,1337155.0,,0.0,2977789804833.334,,,5.461119751166407,4.333592534992224,448.17185069984447,591.606531881804,48175.732206209716,9334.28183710493,4656256.75174441,277741.0122674545,5306557.548211508,4504261.525660965,8072.748166678947,1261.5336704863685,0.3654743390357698,0.0,0.013219284603421462,0.36391912908242613,0.5645412130637636,0.3833592534992224,0.02410575427682737,0.0,0.36391912908242613,9717.300933125973,16745.540435458788,251.1407465007776,1.6858475894245724,62.09759890066719,99.14337694023872,341.38335925349924,4.0528771384136855,71.39384939913685,124.84274832538104,1.640746500777605,387.8942457231726,59.73308676289813,110.38718922830404,28013.234414368068,65.37064944316485,62.09759890066719,71.39384939913685,1
2018-02-03 02:22:00,2018-02-03 02:23:00,CIC,1483,9105.614969656102,10857897.799730277,20.66014834794336,30639.0,14315.13486176669,21229345.0,,0.0,7689958102954.94,,,7.811867835468645,12.848280512474714,436.80984490896833,13878.325016857721,509775.02912977705,30227.0415180602,4956308.853572153,482835.6397354692,6260685.165205664,4716791.521915037,24199.63267216979,5925.497040365008,0.39919082939986517,0.006068779501011463,0.05057316250842886,0.3115306810519218,0.5057316250842886,0.3749157113958193,0.012811867835468645,0.0,0.3115306810519218,7920.898853674983,13203.680377612947,222.82737693863788,3.7316250842886043,56.44602513728186,86.60020854939987,320.30006743088336,6.985165205664194,83.45190011844235,116.32356913768038,3.574511126095752,363.403910991234,66.74881095791301,107.92749378212272,31042.221565586147,73.32993593143493,56.44602513728186,83.45190011844235,1
2018-02-03 02:23:00,2018-02-03 02:24:00,CIC,1969,6430.404266124937,10529467.166582022,14.182326053834434,27925.0,5224.074657186389,10286203.0,,0.0,9009074751914.643,,,6.97613001523616,7.206196038598273,464.19146775012695,4759.883189436262,107848.24242599496,6651.982279789981,3036776.417994163,654579.5831584781,5031715.950736415,2763478.5474860333,5672.132465342404,969.7147474889472,0.4951752158456069,0.0015236160487557136,0.014220416455053326,0.32706957846622653,0.5119349923819198,0.31132554596241746,0.0030472320975114273,0.0,0.32706957846622653,7749.671406805485,11704.188420518029,232.9852717115287,6.9014728288471305,60.35482928255358,90.27518132776486,348.26764855256476,17.82884713052311,101.71152236558305,125.44732279269223,6.878110716099543,395.08075165058403,74.94643958757288,120.60220117123362,36952.8531888701,84.07133462198374,60.35482928255358,101.71152236558305,1
2018-02-03 02:24:00,2018-02-03 02:25:00,CIC,3673,7441.994010345767,5484739.74407841,10.961611761502859,40262.0,5623.029676014157,20653388.0,,0.0,3344664957549.755,,,4.545875306289137,6.415736455213722,279.8998094200926,5343.129866594065,162023.4333062868,8349.427137608125,1692057.45982772,308053.9692938736,2452784.643071059,1531106.15300844,5842.071170436266,2498.2632068882926,0.5205554043016608,0.0,0.009256738361012797,0.3520283147291043,0.4965967873672747,0.41110808603321536,0.01442962156275524,0.0,0.3520283147291043,5783.375714674653,5289.441873128233,179.79090661584536,3.6005989654233597,53.716490918646606,84.26267460339913,197.45330792267902,8.520827661312278,55.21581153804057,76.43153971250912,3.4739994554859788,265.06615845358016,48.968715061520555,84.50325573942771,19162.76859010305,55.44221355641601,53.716490918646606,55.21581153804057,1
2018-02-03 02:25:00,2018-02-03 02:26:00,CIC,4147,7131.107547624789,5732333.369905956,7.20255606462503,29869.0,1012.4354955389438,4198570.0,,0.0,3132901298930.0,,,3.9054738365083193,3.297082228116711,263.308656860381,749.1268386785628,146426.8078628188,11775.767566793806,1877282.229070384,368344.5423506347,3022009.5782493367,1717641.3785869302,10450.470608359705,1316.7781972117223,0.5186882083433808,0.0014468290330359296,0.010851217747769471,0.3211960453339764,0.4752833373523029,0.3879913190258018,0.013021461297323367,0.0,0.3211960453339764,5612.394260911502,5481.644080057873,177.33735230286953,5.073064866168314,52.21028428733711,80.52040054553919,216.15939233180612,12.506149023390403,65.25890020317965,82.59844408870075,5.0050639016156255,276.44417651314205,53.08280157933856,88.87583690791247,22749.097597120293,60.55034887738968,52.21028428733711,65.25890020317965,1
2018-02-03 02:26:00,2018-02-03 02:27:00,CIC,3297,8460.244464664847,2658834.8095238097,7.002426448286321,23087.0,1864.0306339096148,6145709.0,,0.0,502927667779.25336,,,3.516530178950561,3.48589626933576,257.4816499848347,1606.54898392478,58724.434290119345,8938.958103565521,1629441.1782928577,138683.92868837604,1965721.058234759,1552838.966029724,7873.222899303321,1049.4677646002644,0.4986351228389445,0.001213224143160449,0.013952077646345162,0.3970276008492569,0.49984834698210495,0.4510160752198969,0.016075219896875947,0.0,0.3970276008492569,5978.989990900819,6037.500454959054,186.61146496815286,1.789505611161662,55.34956058560843,89.69769452168637,176.67637245981194,4.576281468001214,44.8187786883027,68.45643448648772,1.7661510464058234,251.03184713375796,44.4071848861565,79.6089355515596,16543.92297782288,49.96421821914407,55.34956058560843,44.8187786883027,1
2018-02-03 02:27:00,2018-02-03 02:28:00,CIC,3401,7470.286092325787,5514068.496030579,8.36930314613349,28464.0,1880.5269038518084,6395672.0,,0.0,2507006420595.01,,,4.332843281387827,4.036459864745663,292.44633931196705,1588.0805645398411,72075.28508413509,5420.303936231557,1529819.6360655644,320632.16940349777,2607238.4836812704,1403323.665980594,4446.2769369878615,967.6520460659012,0.5157306674507498,0.0011761246692149367,0.012349309026756836,0.3784181123199059,0.4998529844163481,0.3866509850044105,0.0020582181711261394,0.0,0.3784181123199059,5644.968832696266,5452.690091149662,192.2596295207292,4.407233166715672,57.16672575468362,88.99282932718758,216.59306086445164,11.014113496030578,67.72716932236754,83.46282951900618,4.3901793590120555,289.8756248162305,55.75518588859335,94.08866808617907,25446.18768467397,62.96351515559542,57.16672575468362,67.72716932236754,1
2018-02-03 02:28:00,2018-02-03 02:29:00,CIC,3262,7614.982526057634,6456519.123543838,7.8740036787247085,25685.0,1908.419068056407,6225263.0,,0.0,3593591051696.8223,,,4.0665236051502145,3.807480073574494,297.12047823421216,1611.298589822195,127775.57912687413,7291.089872282867,1826443.4580927605,356725.90875528334,2976332.615879828,1676771.3142244022,6913.244863272232,359.9637340271082,0.49693439607602696,0.0030656039239730227,0.007050889025137952,0.38565297363580625,0.5045984058859595,0.3868792152053955,0.0030656039239730227,0.0,0.38565297363580625,5804.378602084611,5599.783568362967,194.58951563458,4.5076640098099325,57.39303789668884,89.00550169926088,216.15266707541386,9.734518700183937,66.41117440639914,82.09722786303189,4.079705702023299,289.95861434702636,56.56774647313611,93.11400785695248,24833.37487533636,63.578490645970874,57.39303789668884,66.41117440639914,1
2018-02-03 02:29:00,2018-02-03 02:30:00,CIC,3123,6749.077809798271,10541110.245917387,9.314761447326289,29090.0,2022.683957732949,6316842.0,,0.0,7114211224571.561,,,4.752161383285302,4.5626000640409865,328.0413064361191,1694.64265129683,163533.78370848243,13489.102959949707,1725479.1035951634,719783.2673443587,4017835.1975664427,1424928.0874159462,11569.087264073185,1859.545813896562,0.5712455971821966,0.005443483829650976,0.01985270573166827,0.25360230547550433,0.43547870637207814,0.30547550432276654,0.012808197246237591,0.0,0.25360230547550433,5554.625040025617,6463.074607748959,192.34710214537304,10.416906820365034,55.40723289539801,76.59104283180947,323.856227985911,28.12712135766891,113.52936137598144,117.84623805458085,10.357348703170029,368.521613832853,79.72684004146558,119.09923757654371,40164.2057445021,91.43399072977746,55.40723289539801,113.52936137598144,1
2018-02-03 02:30:00,2018-02-03 02:31:00,CIC,1919,9920.11464304325,9774159.14174049,8.909848879624805,17098.0,1979.8217821782177,3799278.0,,0.0,6913670584490.088,,,4.78843147472642,4.121417404898384,374.6420010422095,1605.1797811360084,113288.56049141646,16881.07819279824,3027267.037764562,638839.6587151269,4733476.892652423,2720997.0687858257,14684.270052883368,2100.0432311832665,0.4179260031266285,0.004689942678478374,0.027618551328817093,0.27879103699843666,0.47420531526836895,0.3611255862428348,0.03908285565398645,0.0,0.27879103699843666,6507.625846795206,12328.856696195935,219.48775403856175,6.090151120375196,55.862092675871814,83.41610778175195,356.9765502866076,14.620114643043252,98.0464726456592,130.5752337442001,6.02813965607087,391.0406461698801,72.067793856037,117.3324748974716,37084.41330693585,80.58192614258624,55.862092675871814,98.0464726456592,1
2018-02-03 02:31:00,2018-02-03 02:32:00,CIC,1579,12173.393286890438,8783224.53831539,8.7188093730209,13767.0,938.1849271690944,1481394.0,,0.0,8957823115743.68,,,4.993666877770741,3.725142495250158,351.64914502849905,586.5357821405953,308476.913461542,39182.40833314976,3528053.249568053,583559.9164376314,5051098.162127929,3260117.854971501,34347.49598730811,4413.062477658552,0.3400886637112096,0.010766307789740342,0.06206459784673844,0.3147561747941735,0.47118429385687144,0.4420519316022799,0.04623179227359088,0.0,0.3147561747941735,6233.673844205193,14070.94996833439,219.0120329322356,2.8144395186827107,54.69963829784737,85.80077924936163,313.5307156428119,6.580747308423053,74.61008127290691,117.16354736221344,2.7302089930335653,353.461684610513,58.86304883534959,103.45828814714376,28400.274172899037,65.34770642375744,54.69963829784737,74.61008127290691,1
2018-02-03 02:32:00,2018-02-03 02:33:00,CIC,1664,8750.91766826923,8599267.11358173,8.764423076923077,14584.0,1711.3245192307693,2847644.0,,0.0,8507779711955.303,,,4.838341346153846,3.926081730769231,402.1754807692308,1309.1490384615386,117506.65266402275,36849.55101968881,2864603.131797763,751641.6390344937,5269547.822115385,2557834.353966346,35575.09014040374,1163.7350648185607,0.40564903846153844,0.005408653846153846,0.045072115384615384,0.3173076923076923,0.4873798076923077,0.35396634615384615,0.025240384615384616,0.0,0.3173076923076923,6696.498197115385,13425.905649038461,234.96634615384616,6.453725961538462,59.99822011255529,89.27296526403846,357.0066105769231,15.361778846153847,95.62021517790264,130.82978974634614,6.426081730769231,396.29627403846155,70.87010140221935,116.9818635145619,34415.1704930011,79.81762551654688,59.99822011255529,95.62021517790264,1
2018-02-03 02:33:00,2018-02-03 02:34:00,CIC,1803,7287.099833610649,13038986.409317805,12.910704381586244,23278.0,3025.413754853023,5454821.0,,0.0,9102894198194.646,,,6.749861342207432,6.160843039378813,446.8657792567942,2578.5479755962283,53582.115611273235,5994.541390364712,3545152.128949796,791538.966366561,5777423.908485857,3164379.590127565,4899.380837050064,1091.835793723862,0.45202440377149194,0.0005546311702717693,0.00887409872434831,0.29506378258458127,0.5074875207986689,0.2839711591791459,0.027176927343316695,0.0,0.29506378258458127,6866.281752634498,13818.65612867443,235.12201885745978,7.699389905712701,59.23271067893123,86.99326837268607,395.57293399889073,19.823072656683305,110.08873558314032,140.96048199603828,7.65501941209096,428.3649473100388,78.21309428451691,126.76343081928454,38986.02640078635,87.96798266409317,59.23271067893123,110.08873558314032,1
2018-02-03 02:34:00,2018-02-03 02:35:00,CIC,1352,8665.504437869822,8793468.866124261,8.308431952662723,11233.0,1093.9223372781064,1478983.0,,0.0,9970364615845.914,,,4.665680473372781,3.6427514792899407,403.8439349112426,690.0784023668639,35858.17802152707,7986.454111826567,3984770.6771197836,621803.6555568794,5328244.239644971,3663888.203402367,6334.960330373478,1633.7723596265591,0.3661242603550296,0.0022189349112426036,0.019230769230769232,0.3890532544378698,0.5562130177514792,0.35798816568047337,0.03328402366863906,0.0,0.3890532544378698,7217.12573964497,16295.80547337278,255.59985207100593,2.848372781065089,62.796782203576925,99.91772552970414,372.7204142011834,7.633875739644971,83.35430366238388,137.14670433727812,2.848372781065089,417.219674556213,65.56631826953107,119.84281160863536,32119.761823873934,72.4557572975148,62.796782203576925,83.35430366238388,1
2018-02-03 02:35:00,2018-02-03 02:36:00,CIC,1430,9460.186713286714,9237969.126573427,14.468531468531468,20690.0,4418.658741258741,6318682.0,,0.0,6363755150687.469,,,7.5874125874125875,6.881118881118881,417.34125874125874,4001.3174825174824,108298.95881219226,17258.318153082582,3318894.045392097,541863.511819735,4846081.895104895,3036225.562937063,14215.980401630588,2981.9939817482364,0.3734265734265734,0.007692307692307693,0.025874125874125874,0.33986013986013985,0.527972027972028,0.3657342657342657,0.027972027972027972,0.0,0.33986013986013985,8039.947552447553,14346.04055944056,234.25244755244756,3.5783216783216782,58.661768863380416,91.51551887310909,348.47202797202794,8.725874125874126,87.34383185835664,128.79919500562238,3.5013986013986016,390.1881118881119,66.40777219197481,114.97018367982167,32768.2179649679,73.4094482924888,58.661768863380416,87.34383185835664,1
2018-02-03 02:36:00,2018-02-03 02:37:00,CIC,1472,8660.767663043478,7984932.503396739,7.321331521739131,10777.0,845.4524456521739,1244506.0,,0.0,3599494663973.2583,,,4.188179347826087,3.1331521739130435,353.52377717391306,491.9286684782609,172698.64025367404,24588.113048454754,4152254.981915319,342757.61504796287,5036554.323369565,3974331.836277174,23113.844727407763,1390.7489153461352,0.360054347826087,0.0033967391304347825,0.029891304347826088,0.35529891304347827,0.5366847826086957,0.389945652173913,0.02377717391304348,0.0,0.35529891304347827,6407.639945652174,13378.208559782608,222.05638586956522,1.8111413043478262,56.79561538776494,90.02334698280299,318.6671195652174,4.270380434782608,70.1771288142731,120.58548761650137,1.8111413043478262,359.5991847826087,57.32558129349185,105.05874610649117,26542.237563394057,63.37787024920176,56.79561538776494,70.1771288142731,1
2018-02-03 02:37:00,2018-02-03 02:38:00,CIC,1966,6247.624618514751,11502661.246185148,10.9587995930824,21545.0,2357.087995930824,4634035.0,,0.0,8891170296316.988,,,5.702441505595117,5.256358087487284,425.99593082400816,1931.0920651068159,170677.69597319103,11496.486994301518,2528114.947064574,757346.6792211107,4673338.3097660225,2179153.427263479,7990.385571168451,3459.3201942564965,0.5061037639877924,0.001017293997965412,0.021363173957273652,0.2614445574771109,0.47812817904374366,0.2599186164801628,0.011698880976602238,0.0,0.2614445574771109,6050.468972533062,11628.597660223804,227.9674465920651,10.416073245167853,59.83878774002289,83.53919390948016,384.83723296032554,26.61444557477111,116.17184567258393,137.60093005618006,10.321973550356052,418.44862665310274,82.02561481513581,126.91867093193642,40138.28421079147,93.33316707039013,59.83878774002289,116.17184567258393,1
2018-02-03 02:38:00,2018-02-03 02:39:00,CIC,1424,8053.931179775281,10537487.836376404,14.535814606741573,20699.0,9142.615870786516,13019085.0,,0.0,9210683118431.088,,,5.365870786516854,9.169943820224718,396.75351123595505,8745.862359550561,267364.69507903483,16744.7593892426,3615618.3798151766,703248.7450012421,5207908.764044944,3235598.0758426967,13501.92350637614,3207.559002233813,0.4473314606741573,0.0014044943820224719,0.025280898876404494,0.3539325842696629,0.5105337078651685,0.34480337078651685,0.023876404494382022,0.0,0.3539325842696629,6668.505617977528,13538.080758426966,238.1123595505618,5.525280898876405,59.86874994974017,92.04436584823807,357.0540730337079,13.34691011235955,96.77444289931181,129.74276027936097,5.325140449438202,401.15168539325845,72.84953729459971,120.3713578089663,36344.44963725802,81.10042091166432,59.86874994974017,96.77444289931181,1
2018-02-03 02:39:00,2018-02-03 02:40:00,CIC,1997,8284.36304456685,12824399.603905858,10.468202303455183,20905.0,2395.654481722584,4784122.0,,0.0,9034901500435.783,,,5.373560340510767,5.094641962944417,360.1196795192789,2035.534802203305,224685.88578244386,17311.112460539996,3686859.2640752234,730224.8561234981,5688394.452178268,3321454.869303956,12535.044093782204,4724.057012282765,0.4927391086629945,0.00200300450676014,0.02503755633450175,0.2653980971457186,0.44066099148723087,0.30796194291437157,0.03605408112168253,0.0,0.2653980971457186,6184.8372558838255,11380.876314471707,212.39058587881823,9.561842764146219,55.05413087260891,77.91010394720631,351.2919379068603,23.046569854782174,105.25311149020531,125.319745770667,9.371557336004006,385.50575863795694,75.79224231770556,116.43441988935153,36439.78881745974,85.8514293137937,55.05413087260891,105.25311149020531,1
2018-02-03 02:40:00,2018-02-03 02:41:00,CIC,2604,7446.037634408603,8128162.599462366,14.287250384024578,37204.0,8506.003456221199,22149633.0,,0.0,5380943630555.551,,,5.807603686635945,8.479646697388633,331.04070660522274,8174.962749615976,230135.84516781598,18687.323939702284,2419978.2418962014,511249.6850044624,3783624.7073732717,2173505.6528417817,15873.72836428366,2734.6552668364297,0.4662058371735791,0.002304147465437788,0.03379416282642089,0.20238095238095238,0.46543778801843316,0.36789554531490015,0.031874039938556066,0.0,0.20238095238095238,5964.333333333333,9487.870583717358,194.4784946236559,6.6443932411674345,50.550471883096385,74.83006333090361,344.03033794162826,16.325652841781874,98.62972326688556,132.76279995330646,6.553763440860215,371.19969278033795,69.6202684340219,115.40639279461405,34374.71286779397,78.75810096688825,50.550471883096385,98.62972326688556,1
2018-02-03 02:41:00,2018-02-03 02:42:00,CIC,1461,9031.156057494867,9072455.518822724,9.286789869952088,13568.0,957.9760438056126,1399603.0,,0.0,8165513684635.108,,,5.231348391512663,4.055441478439425,361.5140314852841,596.4620123203285,144885.87501441315,23597.240389115566,4362149.421901909,526342.496783261,5427653.910335387,4067453.3148528407,22001.736994156465,1530.897671684423,0.4086242299794661,0.0027378507871321013,0.03216974674880219,0.3271731690622861,0.4791238877481177,0.3655030800821355,0.03148528405201916,0.0,0.3271731690622861,7312.263518138261,13922.635181382615,219.07802874743325,5.3757700205338805,57.40685360369815,85.77855197576044,307.95277207392195,12.46611909650924,75.4233029580794,111.54462553053183,5.375085557837098,349.6714579055442,59.90527040926763,101.55543050936413,26408.263298866914,67.58683490828679,57.40685360369815,75.4233029580794,1
2018-02-03 02:42:00,2018-02-03 02:43:00,CIC,2348,7058.715928449745,12798733.70911414,19.05494037478705,44741.0,12320.600511073253,28928770.0,,0.0,7350643378852.696,,,7.643526405451448,11.411413969335605,768.25,11552.350511073253,131725.3662644488,11574.555558329383,3334438.6300178305,728591.8856733784,5718635.190800682,3017013.7968483814,9417.401353578905,2127.5769759202362,0.5489778534923339,0.002981260647359455,0.0217206132879046,0.217206132879046,0.4058773424190801,0.2559625212947189,0.019165247018739354,0.0,0.217206132879046,5515.507240204429,9592.628620102214,200.10689948892676,12.977427597955707,54.762956249617545,70.61385875208177,357.1320272572402,30.63756388415673,121.03401680608816,124.4251327729804,12.897359454855195,386.44505962521293,83.57009537662223,119.55881590035987,40665.9010993632,95.55853991465288,54.762956249617545,121.03401680608816,1
2018-02-03 02:43:00,2018-02-03 02:44:00,CIC,1491,8191.264252179745,9354651.458081825,10.036217303822937,14964.0,1513.5258215962442,2256667.0,,0.0,7137566925983.371,,,5.4279007377598925,4.608316566063045,409.64721663313213,1103.878604963112,77020.59565640723,14100.217377562698,3929876.747807384,494078.66265658074,4999194.555331992,3639825.2085848423,13009.03001892926,1034.4460412814976,0.41851106639839036,0.004694835680751174,0.02682763246143528,0.3487592219986586,0.5130784708249497,0.34339369550637155,0.02079141515761234,0.0,0.3487592219986586,7639.5902079141515,15602.146881287727,243.88464118041583,5.093226022803488,60.93859923842321,93.39541167775923,364.58014755197854,12.373574782025486,91.7329120908719,132.68874618993965,5.093226022803488,407.1193829644534,71.07543278806439,118.92692764119585,34310.919775870876,78.916399566499,60.93859923842321,91.7329120908719,1
2018-02-03 02:44:00,2018-02-03 02:45:00,CIC,1416,9515.50141242938,10208137.420903955,17.63771186440678,24975.0,13290.666666666666,18819584.0,,0.0,14460490372681.525,,,5.607344632768362,12.030367231638419,421.4343220338983,12869.232344632768,151967.89163032777,13878.88824926732,4802995.994994009,718864.3381453656,6299723.388418079,4412831.30720339,10404.184480931965,3445.2993441954477,0.3997175141242938,0.0007062146892655367,0.01977401129943503,0.3721751412429379,0.5346045197740112,0.3707627118644068,0.02401129943502825,0.0,0.3721751412429379,7912.581214689266,16631.851694915254,255.30014124293785,3.055084745762712,61.49146874384816,97.71938343802755,370.0967514124294,7.624293785310734,87.75835416967091,135.68743591463206,2.869350282485876,412.47033898305085,69.66569190198234,119.34953133162358,33305.33535308656,76.24448334922953,61.49146874384816,87.75835416967091,1
2018-02-03 02:45:00,2018-02-03 02:46:00,CIC,1415,9751.6777385159,9957274.328621909,9.373851590106007,13264.0,1022.3653710247349,1446647.0,,0.0,6392251738481.658,,,5.282685512367491,4.0911660777385155,400.7024734982332,621.6628975265018,113439.62894392795,20682.976222550256,4950096.239480378,436519.80294062133,5968739.30106007,4719889.649469964,19401.491192543443,1120.6986422942664,0.34275618374558303,0.005653710247349823,0.04734982332155477,0.3667844522968198,0.511660777385159,0.3908127208480565,0.018374558303886925,0.0,0.3667844522968198,7360.698233215548,15979.86219081272,243.626148409894,2.8395759717314486,59.762366570486925,94.76830052999435,340.1519434628975,6.949823321554771,76.03849390116608,125.29972577947704,2.807067137809187,384.46148409893993,61.690298046353355,110.4783746527569,29099.924953852995,68.25160624746997,59.762366570486925,76.03849390116608,1
2018-02-03 02:46:00,2018-02-03 02:47:00,CIC,2786,5308.625628140703,11486179.37150036,14.214644651830582,39602.0,8832.058865757359,24606116.0,,0.0,9291259945703.32,,,5.136755204594401,9.077889447236181,355.15793251974156,8476.900933237617,175178.28188754225,12370.368329405614,2303551.8296577698,819700.5366825231,5041393.396984925,1963152.3158650396,11453.013777035243,886.2732249051236,0.5789662598707824,0.0003589375448671931,0.01722900215362527,0.17552045944005742,0.4063173007896626,0.2185929648241206,0.006460875807609476,0.0,0.17552045944005742,5019.778535534817,8713.656855707108,197.56568557071068,18.031227566403444,57.220508997314425,67.61266252802261,371.9253409906676,36.1586503948313,129.12792691897704,129.70072448911344,17.849605168700645,395.7631012203876,89.77486450921572,121.10428455301329,41238.40255937853,104.60792212257142,57.220508997314425,129.12792691897704,1
2018-02-03 02:47:00,2018-02-03 02:48:00,CIC,2124,6511.569679849341,12046998.075800376,9.792843691148775,20800.0,1915.7999058380415,4069159.0,,0.0,8132419486821.451,,,5.1403013182674195,4.6525423728813555,398.08239171374765,1517.7175141242938,200486.31009200326,13943.184312099651,3618206.277847687,737094.2675583427,5853861.086158192,3303003.2241054615,12688.766020719802,1215.030765152911,0.5117702448210922,0.002824858757062147,0.018361581920903956,0.2245762711864407,0.4246704331450094,0.2612994350282486,0.01977401129943503,0.0,0.2245762711864407,6060.83945386064,10269.014595103577,203.8177966101695,11.859227871939737,58.205091923522126,75.21286240615113,330.81403013182677,28.240583804143125,105.83435587759416,117.31976071129331,11.752824858757062,363.84651600753295,76.27260842798493,111.49693109273352,34577.54638727785,87.9518721964986,58.205091923522126,105.83435587759416,1
2018-02-03 02:48:00,2018-02-03 02:49:00,CIC,2125,9142.832470588235,13844937.088470588,16.41176470588235,34875.0,11504.126117647058,24446268.0,,0.0,12281318329911.475,,,5.410823529411765,11.000941176470588,409.26447058823527,11094.861647058824,271153.6605238117,17444.50369029012,3657976.202336084,965773.323927869,6347688.787764706,3241666.3694117647,15130.841285608733,2264.407335406848,0.5505882352941176,0.0032941176470588237,0.02258823529411765,0.232,0.4192941176470588,0.3096470588235294,0.046588235294117646,0.0,0.232,5822.197647058823,9810.030588235295,210.68329411764705,10.958588235294117,57.04921318508235,76.38890783422683,345.08941176470586,24.837647058823528,107.70905256770824,122.06466491695483,10.934588235294118,383.5289411764706,79.44337654356423,117.25184345763954,39023.46115881787,90.34969975071859,57.04921318508235,107.70905256770824,1
2018-02-03 02:49:00,2018-02-03 02:50:00,CIC,1759,11356.090960773166,8818868.221716885,9.17396247868107,16137.0,1489.2472996020467,2619586.0,,0.0,9009250554868.355,,,4.977259806708357,4.196702671972711,363.1534963047186,1126.0938032973281,309564.07267908356,42762.75064042985,3681619.203466838,570138.6545658674,5207865.25298465,3413380.623081296,40345.80379857922,2125.2168774063703,0.38942581011938604,0.0045480386583285955,0.053439454235361,0.2762933484934622,0.4519613416714042,0.4076179647527004,0.041500852757248435,0.0,0.2762933484934622,7550.154633314383,13105.366117111995,213.04718590108016,5.4394542353610005,54.9995714027129,81.74983579558955,312.41046048891417,12.175099488345651,81.20270309335419,113.805110500415,5.413303013075611,351.53780557134735,63.81225452995452,103.94874918589198,29316.882694959804,71.68209976635076,54.9995714027129,81.20270309335419,1
2018-02-03 02:50:00,2018-02-03 02:51:00,CIC,2412,7450.023217247098,13394060.614013268,15.288142620232172,36875.0,9411.605721393034,22700793.0,,0.0,10200711198465.904,,,5.711442786069652,9.57669983416252,409.9303482587065,9001.675373134329,163792.36830092987,21416.09583760043,3462416.197390084,858200.9361203064,5756248.24668325,3067244.7093698177,20219.908383660328,1134.0346053663127,0.49792703150912104,0.002902155887230514,0.028192371475953566,0.2296849087893864,0.4324212271973466,0.2943615257048093,0.017412935323383085,0.0,0.2296849087893864,5774.978855721393,10956.280679933665,217.93366500829188,10.016583747927031,55.14562206020232,77.83203093470813,370.73258706467664,25.837064676616915,110.76007965767121,131.68033098326285,9.97636815920398,402.54353233830847,78.17188048071932,121.47150166621351,39310.756434677365,89.11579565423838,55.14562206020232,110.76007965767121,1
2018-02-03 02:51:00,2018-02-03 02:52:00,CIC,2181,7356.408069692801,12648309.79825768,16.414947271893627,35801.0,7711.773039889958,16819377.0,,0.0,9298694020826.812,,,7.484640073360843,8.930307198532784,477.447959651536,7234.325080238423,325333.1903638882,20706.62200549356,3057049.4751519333,842454.8034242163,5694052.633654287,2682611.9220541036,19195.733363249677,1377.9713070631653,0.5121503897294819,0.010087116001834021,0.03255387436955525,0.24346629986244842,0.45896377808344796,0.29298486932599727,0.026134800550206328,0.0,0.24346629986244842,6790.680421824851,12352.891334250344,218.92847317744153,9.252636405318661,56.1281740114796,78.69609576356763,383.750573131591,23.447501146263182,118.389121316254,137.40401337618982,9.213663457129757,414.59743237047223,83.9597166866387,126.66421702777029,42842.46674840297,94.28259834742732,56.1281740114796,118.389121316254,1
2018-02-03 02:52:00,2018-02-03 02:53:00,CIC,1632,8391.069852941177,9434627.619485294,15.835171568627452,25843.0,11275.15931372549,18401060.0,,0.0,4818414203466.045,,,5.331495098039215,10.503676470588236,360.8841911764706,10914.27512254902,205162.63402839925,30027.71480082592,3947195.129217609,513316.5807745795,5113590.824142157,3672548.038602941,27497.471915290884,2493.444215468334,0.4338235294117647,0.0012254901960784314,0.025735294117647058,0.3118872549019608,0.46629901960784315,0.35110294117647056,0.01715686274509804,0.0,0.3118872549019608,6771.7837009803925,12882.072303921568,215.97426470588235,6.590686274509804,55.96234494248836,82.74457498634007,321.60110294117646,16.073529411764707,83.82395909194852,115.22157816182231,6.547181372549019,361.25796568627453,64.64895170843015,106.17273193531372,29376.699196375535,73.26122737380577,55.96234494248836,83.82395909194852,1
2018-02-03 02:53:00,2018-02-03 02:54:00,CIC,1546,9814.006468305304,10154670.236093143,9.201164294954722,14225.0,1102.633893919793,1704672.0,,0.0,4201724514358.1587,,,5.134540750323415,4.066623544631307,367.3893919793014,735.2445019404915,250211.70345517126,29798.082643457034,4954809.043758806,395547.34889250074,6022710.234799483,4751354.2632600255,25923.826034657566,3720.0621319080483,0.4003880983182406,0.004527813712807244,0.04398447606727038,0.3318240620957309,0.46377749029754206,0.38809831824062097,0.03622250970245795,0.0,0.3318240620957309,7604.282018111255,13792.559508408796,221.61190168175938,5.005821474773609,56.08265672679107,85.20029533103428,312.96248382923676,11.406856403622252,76.52593472456662,113.31083170563389,4.926261319534282,354.07567917205694,60.71461110672962,102.8774068403189,27885.291007499687,68.12483133832276,56.08265672679107,76.52593472456662,1
2018-02-03 02:54:00,2018-02-03 02:55:00,CIC,1697,8125.177371832646,6720078.945197407,11.616971125515615,19714.0,6017.197407189157,10211184.0,,0.0,5740702946187.1455,,,4.893341190335887,6.723629935179729,386.06010606953447,5631.137301119623,155339.52631956278,27424.57629894192,3486371.1116890023,491463.0445122739,4823888.704773129,3250479.4814378317,25768.58913154562,1607.505300115897,0.4354743665291691,0.0017678255745433118,0.038892162639952856,0.3182086034177961,0.48556275780789626,0.33470830878020036,0.014142604596346494,0.0,0.3182086034177961,6974.649381261049,14144.918680023571,239.88332351208015,6.801414260459635,59.684504875701826,89.8768633344455,368.6205067766647,16.152032999410725,100.73286776754273,134.93514655011197,6.704183853859752,406.65939893930465,74.63974452938892,120.620587122132,35615.66748450181,84.06879651747201,59.684504875701826,100.73286776754273,1
2018-02-03 02:55:00,2018-02-03 02:56:00,CIC,2369,5096.298860278598,10446401.96496412,10.960320810468552,25965.0,2991.4605318699873,7086770.0,,0.0,6302264200063.391,,,5.596032081046856,5.3642887294216965,412.15407344871255,2579.306458421275,171889.9646406441,8336.371549420588,2681333.213537999,625265.9220686749,4754764.6753904605,2436570.1831996622,7306.475773059431,1019.3389529164406,0.48290417897847193,0.002110595187842972,0.016884761502743775,0.23554242296327565,0.5040101308569016,0.3051920641620937,0.003799071338117349,0.0,0.23554242296327565,6295.989447024061,10178.390882228789,206.22119037568595,8.09624314056564,54.983662929773324,78.05873670724357,381.45588856057407,18.891093288307303,115.31915536826509,145.16979252697342,7.495145631067961,409.1979738286197,80.84339201757874,127.80266433349347,39903.42083193544,90.71251293642044,54.983662929773324,115.31915536826509,1
2018-02-03 02:56:00,2018-02-03 02:57:00,CIC,2741,6271.799708135717,12808273.4855892,12.487048522437068,34227.0,5951.805180591025,16313898.0,,0.0,8094171172681.239,,,5.311929952572054,7.175118569865012,486.3276176577891,5465.477562933236,292643.7148680002,16324.15799375804,3044411.4809948076,788675.5635989794,5399238.264866837,2697911.05144108,13065.88066897517,3198.721841413492,0.5118569865012769,0.003283473184968989,0.01897117840204305,0.209047792776359,0.45749726377234584,0.2659613279824881,0.01568770521707406,0.0,0.209047792776359,5935.736957314849,9762.558920102152,214.2477198102882,11.069317767238234,57.029777139095216,76.47545795167969,401.88653775994163,28.84385260853703,125.47681479556366,145.596892153,10.743159430864647,430.53557095950384,86.21497729943451,132.76331983556403,44795.95658692911,98.19823342420284,57.029777139095216,125.47681479556366,1
2018-02-03 02:57:00,2018-02-03 02:58:00,CIC,1542,10102.806744487678,8795432.877431907,9.09662775616083,14027.0,1166.0129701686121,1797992.0,,0.0,5799525019921.169,,,5.060959792477302,4.035667963683528,354.632944228275,811.3800259403372,123703.45301680177,16547.23879125842,3790529.0422893055,509033.8990938508,5199094.7749675745,3549068.1316472115,14242.524281463673,2272.5214381335863,0.4066147859922179,0.0,0.017509727626459144,0.3333333333333333,0.5006485084306096,0.3845654993514916,0.054474708171206226,0.0,0.3333333333333333,7391.57392996109,13821.206225680933,220.7036316472114,4.2905317769131,55.924252145476,86.24922885443256,331.3469520103761,9.98378728923476,81.19793039533722,123.10219986830091,4.252918287937743,370.00064850843063,62.15894218472763,108.72324036863101,29927.40023863333,69.33275493091828,55.924252145476,81.19793039533722,1
2018-02-03 02:58:00,2018-02-03 02:59:00,CIC,1639,12584.506406345332,7680666.716900549,10.84685784014643,17778.0,5872.976815131177,9625809.0,,0.0,4719104323033.306,,,4.372788285539963,6.4740695546064675,338.8981086028066,5534.078706528371,455134.4310392282,42053.4335659391,4059287.328909132,442681.87359102204,5113970.406345333,3827550.077486272,36730.35278591861,4989.527005650495,0.3428920073215375,0.005491153142159854,0.07077486272117145,0.3068944478340451,0.46186699206833437,0.45698596705308114,0.04270896888346553,0.0,0.3068944478340451,6983.652226967663,12610.651006711409,205.9798657718121,2.9798657718120807,53.0100755768859,81.19378009717998,287.1336180597926,5.537522879804759,65.6005345785601,105.56749368587553,2.8035387431360586,327.86577181208054,54.834913650391705,94.7667308562831,24566.338084907602,61.06072669191275,53.0100755768859,65.6005345785601,1
2018-02-03 02:59:00,2018-02-03 03:00:00,CIC,1373,9644.573197378004,8819381.019664967,9.391114348142754,12894.0,1001.1412964311726,1374567.0,,0.0,1696998873362.6716,,,5.333576110706482,4.057538237436271,412.7771303714494,588.3641660597233,201473.29672501705,30198.060504239995,5005826.966126789,261349.05980660007,5696490.955571741,4863356.770575383,27714.894564851544,2329.2064175646183,0.3299344501092498,0.005098324836125273,0.04806991988346686,0.38528769118718137,0.5506190823015294,0.39038601602330664,0.019664967225054626,0.0,0.38528769118718137,7979.620538965768,17563.005098324837,258.0553532410779,1.6278222869628551,63.24278751034887,100.83205865412381,360.32993445010925,3.0284049526584123,76.6943914337145,134.20630228302986,1.4763292061179898,405.26074289876186,63.59351980931828,116.3521850047633,30853.099440045928,69.61750830493445,63.24278751034887,76.6943914337145,1
2018-02-03 03:00:00,2018-02-03 03:01:00,CIC,2232,6715.097222222223,14316538.912634408,14.379032258064516,32094.0,7383.610663082437,16480219.0,,0.0,11923322552396.531,,,5.794354838709677,8.584677419354838,446.3373655913978,6937.27329749104,216153.22299248417,13218.869797327538,3584154.994273352,1003736.082570145,6504089.503136201,3130387.0833333335,10968.436160278336,2244.5112043620566,0.5318100358422939,0.0017921146953405018,0.017921146953405017,0.23790322580645162,0.48700716845878134,0.24238351254480286,0.01478494623655914,0.0,0.23790322580645162,6614.6792114695345,12736.908154121864,238.12410394265234,10.819444444444445,60.35325476436514,83.72837793347895,421.35618279569894,26.30510752688172,126.70504766483602,149.71068747777733,10.619175627240143,452.11648745519716,89.23705565094981,136.64281202185663,45989.87729217918,100.47865750650851,60.35325476436514,126.70504766483602,1
2018-02-03 03:01:00,2018-02-03 03:02:00,CIC,1665,7663.933933933934,12564859.21081081,10.85045045045045,18066.0,2377.4,3958371.0,,0.0,8944910880120.512,,,5.6954954954954955,5.154954954954955,421.28228228228227,1956.1177177177178,59153.56510699539,8790.256577549908,5112439.627772938,703747.9155629383,7241924.7003003005,4810896.342342342,7985.000900205515,784.1379437598414,0.4018018018018018,0.006006006006006006,0.018018018018018018,0.3219219219219219,0.5231231231231231,0.3009009009009009,0.015015015015015015,0.0,0.3219219219219219,8326.237237237237,16295.861861861862,255.12972972972972,6.165165165165165,62.43541567325526,94.884426766806,400.2690690690691,15.332732732732733,101.84672797963965,144.4629106765225,6.118918918918919,437.7357357357357,75.34311183826246,127.12043919719699,37227.986926516074,84.1878541807928,62.43541567325526,101.84672797963965,1
2018-02-03 03:02:00,2018-02-03 03:03:00,CIC,1619,10200.644842495367,10634314.154416306,11.88202594193947,19237.0,6138.641136504015,9938460.0,,0.0,9554454310697.814,,,4.7998764669549105,7.082149474984559,434.92711550339715,5703.714021000617,35666.265034540025,10317.640366123544,5612510.267324846,706878.5165612424,7552791.717109327,5298321.02717727,8531.225643841857,1767.2961794232563,0.3730697961704756,0.0006176652254478073,0.008029647930821495,0.3292155651636813,0.5206917850525016,0.355775169857937,0.032736256948733784,0.0,0.3292155651636813,7474.271772699197,15421.155651636813,252.61519456454602,5.826436071649166,64.21910233378999,95.6585138419994,366.1902408894379,9.499691167387276,87.7867375605065,134.61644096152563,5.823965410747375,406.17788758492895,69.50104801999629,116.59933226360592,32654.648383132662,77.74045161827117,64.21910233378999,87.7867375605065,1
2018-02-03 03:03:00,2018-02-03 03:04:00,CIC,2059,9352.78824672171,11268751.174842156,10.499757163671685,21619.0,1988.0811073336572,4093459.0,,0.0,8531864301447.173,,,5.627974745021855,4.87178241864983,404.2030111704711,1583.878096163186,223994.67600699686,24768.37226635555,3922723.011640384,719053.0125143855,6225459.649830014,3627603.3895094707,22580.867839420498,2019.0939307065012,0.46673142302088394,0.003885381253035454,0.045653229723166586,0.2656629431762992,0.4463331714424478,0.3254006799417193,0.033997085964060224,0.0,0.2656629431762992,6591.5925206410875,12306.739679456046,219.5410393394852,10.275862068965518,57.74607076924381,79.18418055813065,365.973773676542,21.809130645944634,104.38051171219038,130.0010639511559,10.244779018941234,399.2030111704711,75.9192839774648,118.08608487784458,36707.474341668196,86.56778644740797,57.74607076924381,104.38051171219038,1
2018-02-03 03:04:00,2018-02-03 03:05:00,CIC,1756,8043.53986332574,10531405.128701594,12.495444191343964,21942.0,6154.944191343963,10808082.0,,0.0,3195284239773.321,,,5.1082004555808656,7.387243735763098,428.5603644646925,5726.3838268792715,85202.10116047674,14198.671306678249,4835656.948175872,436075.5645440769,6104000.120159454,4624282.724373576,13184.67986511704,981.6482266930461,0.43337129840546695,0.0028473804100227792,0.018223234624145785,0.3365603644646925,0.5187927107061503,0.30751708428246016,0.01879271070615034,0.0,0.3365603644646925,7433.407744874715,16596.59965831435,251.40717539863326,6.063781321184511,62.166044503895215,92.97991178767938,391.9345102505695,14.137243735763098,93.95742590482688,140.3973006565638,6.039863325740319,426.98974943052394,71.14641186698006,121.6052580078041,34215.645493911696,79.6392756335262,62.166044503895215,93.95742590482688,1
2018-02-03 03:05:00,2018-02-03 03:06:00,CIC,1526,9249.84141546527,9092075.112712976,9.998034076015728,15257.0,1127.7306684141547,1720917.0,,0.0,5984371955990.249,,,5.600262123197903,4.397771952817824,472.7057667103539,655.0249017038008,36667.82519963136,13148.473810936493,4946071.202216522,492653.27081781277,6131985.840760157,4702973.677588467,12333.116937676916,806.7405732341639,0.3401048492791612,0.000655307994757536,0.02817824377457405,0.37418086500655307,0.5760157273918742,0.3577981651376147,0.01834862385321101,0.0,0.37418086500655307,8897.513106159895,20418.673656618612,279.9580602883355,2.1422018348623855,66.84520561178964,105.94137511214679,408.848623853211,5.368938401048493,85.09552156622543,148.40501815768675,2.1107470511140236,448.408256880734,68.73132247573133,125.7468300972844,33826.04265967917,75.0930679328945,66.84520561178964,85.09552156622543,1
2018-02-03 03:06:00,2018-02-03 03:07:00,CIC,1723,8439.852002321531,7165115.337202554,13.28554846198491,22891.0,7445.4428322692975,12828498.0,,0.0,2381263973897.9126,,,5.254207777132907,8.031340684852003,445.5060940220546,6999.936738247243,233567.6325751454,23016.51039343135,3948160.9557125443,318058.8892290941,4951577.080092861,3794789.210098665,21683.91353684202,1265.8048937888962,0.4045269878119559,0.006964596633778294,0.02379570516540917,0.343006384213581,0.5438189204875218,0.3505513639001741,0.016831108531630876,0.0,0.343006384213581,7646.508995937319,16421.684852002323,248.90365641323274,3.71329077190946,61.07940072899826,94.81456850163435,381.89553105049333,7.745792222867093,91.32649301252468,140.16091716784098,3.71329077190946,417.95473012188046,71.19290261637202,120.93332764369994,33691.20728456967,78.35604651860534,61.07940072899826,91.32649301252468,1
2018-02-03 03:07:00,2018-02-03 03:08:00,CIC,1771,6768.572557876906,13034153.804630153,12.058159232072276,21355.0,3577.5194805194806,6335787.0,,0.0,4916693703839.79,,,5.888763410502541,6.169395821569735,430.13099943534723,3147.388481084133,78350.41665181526,8925.472370225401,4333733.906037118,569561.012402472,6108741.383963862,4079188.9796725013,8149.181731509826,751.0916766442806,0.4579333709768492,0.0033879164313946925,0.023150762281197064,0.30434782608695654,0.5042348955392434,0.28063241106719367,0.00846979107848673,0.0,0.30434782608695654,7471.499153020892,14486.328627893845,244.38848108413325,7.709203839638622,61.19259529850198,89.77008268265386,400.44268774703556,17.773009599096557,110.46586439130323,144.861302792546,7.670807453416149,435.40880858272163,80.99755739415019,129.73015768710673,41069.47326132201,90.35885315924563,61.19259529850198,110.46586439130323,1
2018-02-03 03:08:00,2018-02-03 03:09:00,CIC,1448,7326.08908839779,8261716.296270718,13.25207182320442,19189.0,7028.870165745856,10177804.0,,0.0,2853652002428.292,,,5.2430939226519335,8.008977900552486,465.1574585635359,6563.712707182321,164186.56657390215,10012.21854802931,4050014.4432910206,404073.27786983177,5210779.884668509,3851450.516574586,9535.764335830974,455.7106655108929,0.4005524861878453,0.003453038674033149,0.016574585635359115,0.3825966850828729,0.5697513812154696,0.3080110497237569,0.004143646408839779,0.0,0.3825966850828729,7605.724447513812,18252.55317679558,277.4046961325967,4.548342541436464,67.76950800815608,104.79987491562156,416.0738950276243,10.262430939226519,95.15701699454421,150.9161731918025,4.548342541436464,457.8425414364641,74.17273488616021,130.5072653186775,36272.63436220079,82.03484776092542,67.76950800815608,95.15701699454421,1
2018-02-03 03:09:00,2018-02-03 03:10:00,CIC,2111,6851.634770251066,11547109.914258646,12.541449549976315,26475.0,4032.5618190431073,8512738.0,,0.0,8333005285602.842,,,6.219327333017527,6.322122216958787,414.76835622927524,3617.7934628138323,130318.24097278652,9819.199931729467,3135276.022717257,764216.3722054728,5384115.387494079,2804014.349123638,8727.27890011454,1068.6638077501411,0.5054476551397442,0.0004737091425864519,0.01752723827569872,0.26148744670772145,0.45902415916627193,0.27048792041686404,0.008526764566556135,0.0,0.26148744670772145,6424.0018948365705,12353.429180483183,226.22122216958786,10.595926101373756,59.79005432652723,82.62462094145619,392.868308858361,26.402652771198483,113.69942340678826,140.39033158772858,10.593557555660825,423.21885362387496,79.42820570858835,126.32526176914163,39564.541731930134,91.00977608078873,59.79005432652723,113.69942340678826,1
2018-02-03 03:10:00,2018-02-03 03:11:00,CIC,1584,8158.517676767677,8655305.033459596,11.250631313131313,17821.0,6047.722853535353,9579593.0,,0.0,4453993451374.765,,,4.659090909090909,6.591540404040404,336.97222222222223,5710.750631313132,263582.17528829374,22584.538999278546,4664935.022843078,370067.47332765284,5602555.186237373,4461824.659722222,17832.468857943302,4723.554309229195,0.4034090909090909,0.0025252525252525255,0.028409090909090908,0.30303030303030304,0.494949494949495,0.3869949494949495,0.025252525252525252,0.0,0.30303030303030304,6869.894570707071,12359.337121212122,209.61174242424244,3.706439393939394,53.89508176188131,83.9654054948264,303.92676767676767,8.408459595959595,72.01773510664773,114.66778730608586,3.5795454545454546,343.61805555555554,57.010888437026516,100.96924312497853,25202.434420679267,63.846092862318805,53.89508176188131,72.01773510664773,1
2018-02-03 03:11:00,2018-02-03 03:12:00,CIC,1646,6738.105710814095,7652290.45200486,8.448967193195626,13907.0,778.0382746051033,1280651.0,,0.0,3745411067511.8647,,,4.755771567436209,3.693195625759417,314.10874848116646,463.9295261239368,201337.03722316807,17410.966250437847,3671647.075799325,352627.2302190391,4480931.188335358,3470530.616038882,14730.270133607959,2659.540629391856,0.4198055893074119,0.001215066828675577,0.018833535844471446,0.28128797083839613,0.5151883353584447,0.42345078979343864,0.013365735115431349,0.0,0.28128797083839613,7431.976306196841,10912.323207776428,200.4775212636695,2.114216281895504,50.71712495416707,82.81731306329405,303.52004860267317,5.484204131227218,68.01709369233294,118.16139225574423,2.0716889428918592,340.2047387606318,53.00070156939247,100.65458895504071,23171.014839357893,59.211873724597204,50.71712495416707,68.01709369233294,1
2018-02-03 03:12:00,2018-02-03 03:13:00,CIC,1250,9525.3712,8051399.292,13.1904,16488.0,7446.4808,9308101.0,,0.0,2872623709951.5776,,,5.5624,7.628,373.124,7073.3568,97628.08067216446,17153.708362853875,4979977.535742657,304284.33732433687,5642652.5656,4791145.5944,16467.06881988197,631.7476762033232,0.3528,0.0048,0.04,0.3672,0.5216,0.3968,0.008,0.0,0.3672,8454.8144,13867.4432,232.5256,2.44,58.376780485342394,93.0415993798088,305.8104,5.3088,66.490694931808,111.96892261897601,2.44,354.7656,56.3746051477792,101.5443949198416,24812.061441405564,62.559301567468,58.376780485342394,66.490694931808,1
2018-02-03 03:13:00,2018-02-03 03:14:00,CIC,1796,6527.403118040089,13547645.928173719,13.199331848552339,23706.0,5908.809020044543,10612221.0,,0.0,8267993202181.391,,,5.709910913140312,7.489420935412027,361.8719376391982,5546.937082405345,128041.51751999512,9184.18057243984,4199061.654795751,759429.3841373454,6428400.793986637,3852624.925389755,7916.200313111809,1237.2981415980585,0.5373051224944321,0.0005567928730512249,0.022271714922048998,0.2410913140311804,0.4209354120267261,0.2700445434298441,0.008908685968819599,0.0,0.2410913140311804,6330.260579064588,9079.473830734967,194.17427616926503,11.714365256124722,53.44049230131737,71.58429078813474,315.81347438752783,28.420935412026726,100.47405930747607,110.27874827448386,11.696547884187082,350.50167037861917,71.22128637518263,106.40267103547106,32223.38695384568,82.58546563720935,53.44049230131737,100.47405930747607,1
2018-02-03 03:14:00,2018-02-03 03:15:00,CIC,1686,7069.364768683274,11885019.021945434,14.904507710557533,25129.0,8359.632858837485,14094341.0,,0.0,7332475453944.919,,,6.260379596678529,8.644128113879004,347.2538552787663,8012.379003558719,76353.08437626714,5900.414059583035,3583707.204298869,711670.5795263691,5771667.65539739,3270315.9258600236,4980.695784378602,902.2200128422058,0.5225385527876631,0.0005931198102016608,0.01542111506524318,0.24970344009489917,0.4555160142348754,0.28825622775800713,0.013048635824436536,0.0,0.24970344009489917,6489.741992882562,9454.956109134046,202.73428232502965,9.9282325029656,53.805761560049824,75.27209929111744,334.04389086595495,22.927046263345197,106.30276738973903,119.73064522668447,9.905693950177936,371.04922894424675,75.34511276648695,113.77547097902728,36653.66426572018,85.52390048297153,53.805761560049824,106.30276738973903,1
2018-02-03 03:15:00,2018-02-03 03:16:00,CIC,1265,9056.573913043478,11553940.163636364,9.312252964426877,11780.0,942.7517786561265,1192581.0,,0.0,8103667616372.925,,,5.241897233201581,4.0703557312252965,370.2608695652174,572.4909090909091,136505.71245734268,11715.816546367369,5360707.026176675,614837.7003008162,6865277.283794466,5041782.1802371545,10465.385231069911,1241.169800290792,0.3897233201581028,0.0015810276679841897,0.015019762845849802,0.324901185770751,0.5019762845849802,0.38023715415019765,0.023715415019762844,0.0,0.324901185770751,8162.874308300396,12679.837154150198,222.6197628458498,4.665612648221344,57.487168831856124,88.87992311406957,294.9533596837945,8.071146245059289,71.13870597173914,109.48440914949407,3.8703557312252963,342.896442687747,57.60995365155731,100.69278360958893,26235.53443350214,64.50081922678815,57.487168831856124,71.13870597173914,1
2018-02-03 03:16:00,2018-02-03 03:17:00,CIC,1890,8748.57671957672,10226011.975661376,16.4989417989418,31183.0,10350.808465608465,19563028.0,,0.0,7886622744568.465,,,6.965079365079365,9.533862433862433,296.14550264550263,10054.662962962962,321454.76310928696,23445.569901907886,3761132.067992771,623648.163186256,5705802.847089947,3488892.003174603,20743.34729045543,2565.766913637922,0.4544973544973545,0.007407407407407408,0.039153439153439155,0.22433862433862434,0.40793650793650793,0.3582010582010582,0.020105820105820106,0.0,0.22433862433862434,6083.765079365079,7695.663492063492,174.76455026455025,12.880952380952381,52.390791991097885,66.38369841162486,268.75343915343916,20.682010582010584,83.52340993885184,96.55788221888889,12.571957671957671,304.0084656084656,64.12654298377566,91.2791593014873,25994.221849812377,75.36116991735184,52.390791991097885,83.52340993885184,1
2018-02-03 03:17:00,2018-02-03 03:18:00,CIC,2057,7540.153135634419,12236099.577540107,14.907146329606222,30664.0,6630.80068060282,13639557.0,,0.0,8685972693741.889,,,6.93048128342246,7.976665046183763,406.64948954788525,6224.151191054934,153311.61378263088,16082.3724022012,3252768.7911002007,831302.080868636,5777760.895964998,2897788.607681089,14857.328707885832,1217.2253314148809,0.49538162372386974,0.002916869227029655,0.03354399611084103,0.21633446767136608,0.43509965969859016,0.3087019931939718,0.021876519202722412,0.0,0.21633446767136608,7073.858531842489,8802.95478852698,210.95819154107923,10.385999027710257,57.05293477217161,78.11630476846572,348.24890617403986,26.17841516771998,112.6622706907506,126.7485141423364,10.366553232863394,381.02333495381623,78.64726942889645,119.24916950117307,40129.184174151604,89.8072726099475,57.05293477217161,112.6622706907506,1
2018-02-03 03:18:00,2018-02-03 03:19:00,CIC,2176,7605.044117647059,13463316.6484375,14.737132352941176,32068.0,9037.198988970587,19664945.0,,0.0,13075036460892.273,,,5.689797794117647,9.047334558823529,335.2904411764706,8701.908547794117,311100.5339949226,13348.964914408762,3654593.538685374,960935.5015955626,6517985.028952206,3252646.9595588236,11653.803783702842,1658.3533230294352,0.5739889705882353,0.001838235294117647,0.022518382352941176,0.20818014705882354,0.3952205882352941,0.28768382352941174,0.04411764705882353,0.0,0.20818014705882354,6371.998161764706,7889.180606617647,181.39935661764707,11.902573529411764,51.38171900466958,66.56353700837224,326.1897977941176,29.530330882352942,105.45510166745588,114.81679747025781,11.893841911764707,355.93704044117646,73.09209078052712,108.79104067372243,34556.25407331175,84.73209288910478,51.38171900466958,105.45510166745588,1
2018-02-03 03:19:00,2018-02-03 03:20:00,CIC,2319,8325.969814575248,13302295.492453644,13.302285467874084,30848.0,5201.968952134541,12063366.0,,0.0,9946843933830.09,,,6.32514014661492,6.977145321259163,333.58516601983615,4868.383786114705,283816.7930946575,24605.109673568088,3133603.11689645,906714.1241556213,5640761.64553687,2718722.4920224235,21379.818612359977,3108.5785962749233,0.5252263906856404,0.0038809831824062097,0.031910306166451054,0.19103061664510565,0.3962915049590341,0.30444156964208713,0.028891763691246228,0.0,0.19103061664510565,5941.515739542906,7796.72100043122,180.20827943078913,11.821474773609314,50.504210317967654,64.95539503525269,313.0198361362656,30.36783096162139,105.22709529596378,109.55241042492455,11.702026735661923,344.7438551099612,72.83211093248771,107.1330058454338,34244.78958354956,84.55807666124579,50.504210317967654,105.22709529596378,1
2018-02-03 03:20:00,2018-02-03 03:21:00,CIC,1409,10380.52945351313,7680951.352732434,13.049680624556423,18387.0,6759.39105748758,9523982.0,,0.0,6804437832737.28,,,5.970901348474095,7.078779276082328,357.1433640880057,6402.247693399574,463449.5004107945,22910.446172414573,4227112.094615324,503143.2146281219,5293852.632363378,3946435.7317246273,19309.945962782123,3551.7199836414006,0.3924769339957417,0.0021291696238466998,0.028388928317955996,0.32150461320085166,0.49041873669268987,0.4151880766501065,0.044712562100780694,0.0,0.32150461320085166,7601.183818310858,12830.10078069553,214.4208658623137,3.707594038325053,55.24127523737615,85.4035549477445,280.11071682044,7.503903477643719,65.25149923810504,102.76786550966644,3.5422285308729595,324.9524485450674,54.57320954526189,94.59485408934279,23460.775791742522,61.02845689114053,55.24127523737615,65.25149923810504,1
2018-02-03 03:21:00,2018-02-03 03:22:00,CIC,1876,9873.693496801705,11132967.274520256,13.636993603411513,25583.0,5819.032515991471,10916505.0,,0.0,4570397661482.922,,,6.509594882729211,7.127398720682303,343.81130063965884,5475.221215351812,183762.89518136004,25803.49790141184,4204266.09095488,519056.7754195704,5648889.483475479,3945354.117803838,23879.195611262036,1759.2479326259936,0.43816631130063965,0.006929637526652452,0.04904051172707889,0.24147121535181237,0.417910447761194,0.37899786780383793,0.03251599147121535,0.0,0.24147121535181237,6268.910447761194,9793.539445628998,186.8678038379531,7.228678038379531,50.599020679879,71.51765029520736,281.22014925373134,16.64498933901919,80.85679843802453,100.2609909988694,6.905117270788913,317.27078891258,61.33824310742217,95.24890742596536,27204.160473848657,69.78653761801546,50.599020679879,80.85679843802453,1
2018-02-03 03:22:00,2018-02-03 03:23:00,CIC,1667,8521.557888422316,8685850.851829635,12.460107978404318,20771.0,5626.5482903419315,9379456.0,,0.0,6764497636572.663,,,5.958008398320336,6.502099580083983,387.29394121175767,5239.254349130174,97700.63323452351,19033.29379389918,4042106.8362497496,599093.7135263062,5696762.852429514,3741018.606478704,17688.627222798954,1241.9073365595273,0.40491901619676063,0.002999400119976005,0.04439112177564487,0.3251349730053989,0.4877024595080984,0.35692861427714456,0.01739652069586083,0.0,0.3251349730053989,6991.0833833233355,13310.332333533293,232.19676064787043,5.8068386322735455,58.089594186983206,88.03466242743431,354.1007798440312,13.815836832633474,92.6935970569886,129.59821078773845,5.8068386322735455,392.6712657468506,69.33387471479725,115.94761629672945,33930.87801171683,77.77925652589622,58.089594186983206,92.6935970569886,1
2018-02-03 03:23:00,2018-02-03 03:24:00,CIC,1342,9406.352459016394,8960476.91505216,9.792101341281668,13141.0,1487.5670640834576,1996315.0,,0.0,5215670523450.736,,,5.403129657228018,4.388971684053652,379.58047690014905,1107.9865871833085,43293.70904960104,6236.319440220348,5543624.525181427,393552.05225457274,6532237.020864381,5341390.522354694,5118.957125782747,1089.4801113061983,0.37332339791356184,0.0014903129657228018,0.020864381520119227,0.35469448584202684,0.5342771982116244,0.37257824143070045,0.026825633383010434,0.0,0.35469448584202684,8983.027570789865,15333.696721311475,241.91430700447094,3.470938897168405,58.769463385453804,93.55834924630254,340.96199701937405,7.576005961251863,78.59699661265276,125.0166404074143,3.390461997019374,385.93517138599105,61.68652316962742,110.62552815497988,29258.2234578918,68.41201401572057,58.769463385453804,78.59699661265276,1
2018-02-03 03:24:00,2018-02-03 03:25:00,CIC,1314,7723.8797564687975,10821640.270928463,8.853881278538813,11634.0,2170.8318112633183,2852473.0,,0.0,6439242207367.516,,,4.691019786910198,4.162861491628615,400.20928462709287,1770.6225266362253,99924.41920759258,4196.161382005709,6657875.932917338,395119.10248348705,7715321.04109589,6453821.359969558,3146.001777761923,1046.9661785191272,0.3828006088280061,0.0,0.0091324200913242,0.3797564687975647,0.5449010654490106,0.3287671232876712,0.00837138508371385,0.0,0.3797564687975647,8832.983257229833,15683.2800608828,250.01978691019787,4.356925418569254,62.17947309276255,96.6110501054376,357.14307458143077,10.592846270928463,85.49629728434552,129.8280965314688,4.268645357686453,400.89497716894977,67.0804323369764,115.26316320672755,30355.24478342302,74.39808215782877,62.17947309276255,85.49629728434552,1
2018-02-03 03:25:00,2018-02-03 03:26:00,CIC,2076,6974.71387283237,14720913.483140655,15.671001926782274,32533.0,8810.949903660887,18291532.0,,0.0,7999427185187.102,,,6.007707129094412,9.663294797687861,434.7153179190751,8376.234585741811,109876.88389028813,7723.019379235844,3776877.089615393,865316.2313057345,6458399.43689788,3406538.3843930634,6474.322015575492,1222.6563542284628,0.5255298651252408,0.0019267822736030828,0.024084778420038536,0.22013487475915222,0.45664739884393063,0.27360308285163776,0.015895953757225433,0.0,0.22013487475915222,7076.504335260116,9296.088631984585,210.27312138728323,10.946050096339114,55.41647014142004,75.94530999659682,375.5149325626204,27.36078998073218,119.05377891544798,133.76095353598748,10.695568400770712,407.99662813102117,83.07631367976107,124.54765061866281,41043.21677856679,94.31638687359344,55.41647014142004,119.05377891544798,1
2018-02-03 03:26:00,2018-02-03 03:27:00,CIC,1939,5950.858174316658,5233081.470861268,6.711707065497679,13014.0,707.8112429087158,1372446.0,,0.0,410218115634.7114,,,3.8633316142341414,2.848375451263538,299.57813305827744,408.2331098504384,157235.9499828521,8584.163092076524,3848715.139585667,129459.54783250726,4202472.016503353,3782393.4878803506,7210.113585197904,1365.1952901729278,0.38267148014440433,0.0,0.0,0.26456936565239814,0.555440948942754,0.42083548220732336,0.013408973697782363,0.0,0.26456936565239814,7466.2145435791645,11153.40536358948,198.45177926766374,0.6699329551315111,50.50918024653274,83.5152191171707,318.2485817431666,1.3826714801444044,69.52828337024755,129.58388917051573,0.6699329551315111,348.59773078906653,53.901760996940176,105.23971666737081,24285.5025054936,59.50576302051985,50.50918024653274,69.52828337024755,1
2018-02-03 03:27:00,2018-02-03 03:28:00,CIC,2222,8455.805130513052,13464750.201620162,9.824932493249324,21831.0,2001.4203420342035,4447156.0,,0.0,8851444484885.68,,,5.2349234923492345,4.59000900090009,390.45589558955896,1610.9644464446444,246198.49805729548,16901.93246541804,4069164.94419663,804731.6344814219,6378456.393789379,3720488.074707471,14911.810592982907,1906.4489395438382,0.49684968496849685,0.004500450045004501,0.023402340234023402,0.21917191719171916,0.4365436543654365,0.3154815481548155,0.0288028802880288,0.0,0.21917191719171916,6378.65706570657,9630.691269126914,203.8928892889289,9.531503150315032,56.13424657958011,74.93273389074032,356.9081908190819,24.415841584158414,111.41129013116112,129.0798076280468,9.183168316831683,389.86498649864984,80.0484336425198,120.24342432586454,39923.657117498406,91.05935167429523,56.13424657958011,111.41129013116112,1
2018-02-03 03:28:00,2018-02-03 03:29:00,CIC,1805,9072.522991689752,12044656.298614958,8.952908587257618,16160.0,1511.6271468144043,2728487.0,,0.0,6564660071038.149,,,4.954016620498615,3.9988919667590026,402.80831024930745,1108.818836565097,153644.50502623257,21012.20109027097,4196414.039026301,704670.2275769515,6463166.021052632,3916264.385041551,19442.5858072416,1406.6397621707983,0.43601108033241,0.004986149584487534,0.05263157894736842,0.2930747922437673,0.47534626038781164,0.3335180055401662,0.026592797783933517,0.0,0.2930747922437673,7386.88864265928,12883.775623268699,231.6005540166205,8.316897506925208,58.210053860271465,84.78900403367369,390.3584487534626,18.44487534626039,106.01245281373961,140.50572360019945,7.610526315789474,426.1036011080332,75.49263183594128,125.45166442244599,39207.23645074426,85.38025961785041,58.210053860271465,106.01245281373961,1
2018-02-03 03:29:00,2018-02-03 03:30:00,CIC,1802,8718.013873473918,12020357.062153162,12.901220865704772,23248.0,4406.566592674806,7940633.0,,0.0,7892151058434.482,,,6.40677025527192,6.494450610432852,405.56548279689235,4001.001109877913,361627.97711401095,16247.015044874011,4458793.039128536,727469.9212802144,6619467.860155383,4131704.973917869,11624.825751812316,4595.14098852028,0.4694783573806881,0.002774694783573807,0.02774694783573807,0.2902330743618202,0.4728079911209767,0.33684794672586016,0.04716981132075472,0.0,0.2902330743618202,7623.9367369589345,13129.22807991121,227.47169811320754,7.774139844617092,58.46154068707103,84.96353422349002,373.142064372919,19.540510543840178,101.65287210049611,134.86135606968313,7.54661487236404,408.0815760266371,72.88086686781021,120.77987351895949,36596.12161318193,82.59161614097502,58.46154068707103,101.65287210049611,1
2018-02-03 03:30:00,2018-02-03 03:31:00,CIC,2422,8655.759289843105,12366345.265483072,8.989677952105698,21773.0,1783.1482246077621,4318785.0,,0.0,6166109491619.983,,,4.78654004954583,4.203137902559868,366.331544178365,1416.8166804293971,364344.8345799909,32087.09304948232,3927850.7093131235,713730.0990438578,6060075.946738233,3612494.831131296,28247.53316759576,3574.5962728703194,0.48678777869529316,0.007844756399669695,0.03963666391412056,0.2258464079273328,0.43641618497109824,0.3187448389760528,0.03468208092485549,0.0,0.2258464079273328,6958.156482246078,11328.10156895128,208.9748142031379,9.326589595375722,54.13297705613914,75.86651795041412,376.11601981833195,25.105697770437654,112.4325284095871,135.33120546593807,9.242774566473988,404.92857142857144,78.21832295741537,123.66633988233772,40721.32416051273,89.23946472274608,54.13297705613914,112.4325284095871,1
2018-02-03 03:31:00,2018-02-03 03:32:00,CIC,3592,8289.206291759465,7770930.1929287305,9.208240534521158,33076.0,2062.9345768374164,7410061.0,,0.0,4836888314968.573,,,4.714922048997773,4.493318485523385,335.1316815144766,1727.8028953229398,106304.94417769549,12993.326203209645,2479643.330841082,438246.2890657555,3707682.7140868595,2270828.042873051,12020.555134332275,951.067294643559,0.6010579064587973,0.0013919821826280624,0.02032293986636971,0.38001113585746105,0.48747216035634744,0.39448775055679286,0.015033407572383074,0.0,0.38001113585746105,6439.994153674833,7660.711302895323,204.4142538975501,4.932349665924276,57.03950232136108,89.21515430062666,233.4053452115813,11.33630289532294,69.03635776770992,85.84438709249443,4.456570155902004,299.50723830734967,58.10795408658352,94.06728419379203,25268.650118845697,65.37741924108464,57.03950232136108,69.03635776770992,1
2018-02-03 03:32:00,2018-02-03 03:33:00,CIC,3533,9119.70563260685,5485223.3382394565,6.672516275120294,23574.0,727.6532691763374,2570799.0,,0.0,3957417555932.0034,,,3.5561845457118597,3.1163317294084347,284.4593829606567,443.1938862156807,130785.49125534255,15692.36364017957,2766329.666794354,336774.4004661478,3734442.823945655,2621747.3566374187,14297.695405498449,1368.018310574598,0.6003396546844042,0.002547410133031418,0.019813189923577695,0.3996603453155958,0.49363147466742147,0.43730540617039343,0.015567506368525332,0.0,0.3996603453155958,6605.318426266629,7526.94140956694,201.45711859609398,2.513727710161336,56.84498009909256,91.66599845263318,209.32946504387206,6.210302858760261,52.876994622758566,79.26030575548711,2.457401641664308,278.85847721483157,48.029805008763375,85.72355520729268,19670.981711613884,54.124723220593545,56.84498009909256,52.876994622758566,1
2018-02-03 03:33:00,2018-02-03 03:34:00,CIC,3769,8710.444414964182,6871610.773149377,8.515256036083843,32094.0,1531.3305916688778,5771585.0,,0.0,3377547959577.614,,,4.459007694348633,4.056248341735208,311.4404351286814,1219.8901565401964,94420.22862683974,9393.810791985657,2531057.5095880167,363965.486585622,3596611.519501194,2364506.920933935,7738.364650306946,1645.4765892284966,0.5988325815866278,0.0013266118333775537,0.013531440700451048,0.3815335632793844,0.4911117007163704,0.4016980631467233,0.027062881400902097,0.0,0.3815335632793844,6438.078270098169,8138.317060228177,205.38418678694615,4.185725656672857,57.51547882019315,90.34131719405597,238.12178296630407,10.440435128681347,64.27853031482992,87.83818603187292,4.162642610772088,304.47811090474926,54.55677956998355,93.41932122852428,23345.63277340376,61.623541118146456,57.51547882019315,64.27853031482992,1
2018-02-03 03:34:00,2018-02-03 03:35:00,CIC,3133,8773.069581870412,4259006.582189594,6.574529205234599,20598.0,586.5582508777529,1837687.0,,0.0,3177260879131.0107,,,3.5735716565592086,3.000957548675391,295.4656878391318,291.0925630386211,47382.71158001339,10106.857029735775,2770797.9478063937,205144.0657038344,3203756.75167571,2651095.9990424514,9269.82673546609,824.1265508940846,0.5480370252154485,0.0006383657835939994,0.012767315671879987,0.4605809128630705,0.5320778806255985,0.45164379189275455,0.012767315671879987,0.0,0.4605809128630705,6840.751994893074,8943.394829237153,215.06958187041175,0.5946377274178104,59.37700406222119,99.64959027822917,206.9996808171082,1.2709862751356527,44.42141683208363,79.17819729201692,0.5556974146185765,286.48451962974787,44.545010701455155,86.17692954463135,18056.99274010213,49.362961948165974,59.37700406222119,44.42141683208363,1
2018-02-03 03:35:00,2018-02-03 03:36:00,CIC,4031,7771.751922599851,9060373.794095758,11.301165963780699,45555.0,3911.127759861077,15765756.0,,0.0,4801883508482.93,,,5.455470106673282,5.845695857107417,339.99106921359464,3571.136690647482,154744.73274169173,11816.46026870745,2605535.3796455516,491679.02996822266,4100354.0449020094,2382989.1463656663,9173.412100287062,2613.734201002329,0.6060530885636318,0.0017365418010419251,0.01885388241131233,0.3607045398164227,0.4768047630860829,0.36988340362193006,0.015132721409079633,0.0,0.3607045398164227,6272.131729099479,7728.864797816919,208.79930538327957,6.149342594889606,58.07545714508286,89.05436692744331,265.52443562391466,14.673778218804268,79.53752714792657,97.52472107350037,5.9188786901513275,328.1947407591168,62.90021300170553,102.51403243964499,29178.255060295196,71.1229725474433,58.07545714508286,79.53752714792657,1
2018-02-03 03:36:00,2018-02-03 03:37:00,CIC,4391,7156.3764518332955,8390136.11204737,8.155545433841949,35811.0,1469.8537918469597,6454128.0,,0.0,8003006145453.306,,,4.172170348439991,3.9833750854019585,321.33135959918013,1148.5224322477795,127015.74679894946,12272.884046738682,2316901.0316493,536662.2896107322,3703670.2352539287,2050794.40537463,11099.376927603374,1145.5570301978505,0.6183101799134594,0.0006832156684126623,0.013664313368253245,0.33500341607834205,0.4755181052152129,0.3543611933500342,0.013664313368253245,0.0,0.33500341607834205,6019.09018446823,7402.137098610795,201.385789114097,6.839216579366886,56.18855698749555,85.19592266048394,263.6959690275564,17.021635162833068,79.50210388045252,96.54176022834115,6.678433158733774,321.77772716920975,61.650555945522655,100.75047594194625,28125.156485487216,70.1776315302537,56.18855698749555,79.50210388045252,1
2018-02-03 03:37:00,2018-02-03 03:38:00,CIC,3845,8188.707932379714,6713665.567490247,8.364109232769831,32160.0,1521.2397919375812,5849167.0,,0.0,3628499649586.6753,,,4.399219765929779,3.964889466840052,293.6808842652796,1227.5589076723018,73404.67521089915,6612.006668409608,2729244.7408511327,359439.5831775352,3640428.4624187257,2543591.910793238,4989.686431951558,1617.1613236490236,0.6028608582574773,0.0015604681404421327,0.011703511053315995,0.3716514954486346,0.47698309492847857,0.4,0.01846553966189857,0.0,0.3716514954486346,6578.454616384915,7747.31833550065,198.07282184655398,4.680884265279584,56.06294234012276,87.5506338090385,223.5557867360208,11.422366710013003,59.61286655272172,81.43949809720104,4.625227568270481,288.9261378413524,51.12534957267751,88.09571282291391,20798.895575660743,58.14836469881534,56.06294234012276,59.61286655272172,1
2018-02-03 03:38:00,2018-02-03 03:39:00,CIC,3958,9171.186205154117,7597214.033350177,7.441384537645275,29453.0,1093.7321879737242,4328992.0,,0.0,3355179422497.1064,,,3.918645780697322,3.5227387569479536,282.56846892369884,811.1637190500253,116054.09921067594,14906.458506318442,3043345.4575390765,376369.355129756,4102953.6068721577,2863089.4535118747,13109.913459455687,1755.1172945636208,0.596766043456291,0.003284487114704396,0.029055078322385044,0.35977766548762,0.4615967660434563,0.42193026781202625,0.027539161192521474,0.0,0.35977766548762,6511.464123294593,7507.812278928752,193.46968165740273,4.103082364830723,53.89892406377539,85.43728897268367,231.8244062657908,10.528044466902475,64.3214399947471,86.02915058256342,4.051793835270338,296.5535624052552,53.30928932583426,91.94662404050933,24361.609771922842,60.23386713818873,53.89892406377539,64.3214399947471,1
2018-02-03 03:39:00,2018-02-03 03:40:00,CIC,3742,8717.592731159808,6051046.844468199,8.189470871191876,30645.0,1409.9521646178514,5276041.0,,0.0,4209345505210.8086,,,4.383484767504009,3.8059861036878675,353.0518439337253,1056.9003206841262,96049.41155822006,10180.11916918175,2713550.0734404535,358133.8016236567,3662196.1079636556,2538744.3661143775,7683.085423252475,2477.9902307125762,0.5403527525387494,0.0010689470871191875,0.022715125601282738,0.3824158204168894,0.5042757883484768,0.40860502405130944,0.022180652057723144,0.0,0.3824158204168894,6739.24478888295,8145.0106894708715,204.15793693212186,4.014965259219669,59.56210991411812,90.10022685333244,225.52084446819882,8.022180652057724,59.87932656090032,84.088095761876,3.2071084981293425,294.03340459647245,54.45575363099198,90.56934778940112,22261.49144217549,61.14176565149519,59.56210991411812,59.87932656090032,1
2018-02-03 03:40:00,2018-02-03 03:41:00,CIC,4333,7898.680129240711,8455494.939995384,9.008308331410108,39033.0,2893.0327717516734,12535511.0,,0.0,5680863112155.431,,,4.261020078467574,4.747288252942534,305.19570736210477,2587.8370643895682,172152.38097647642,13895.136949065465,2599162.106202095,502585.62712196104,4097865.168705285,2367223.916455112,10850.619634116863,3015.655964222171,0.5529656127394414,0.00046157396722824835,0.02146318947611355,0.3339487652896377,0.45326563581813983,0.356796676667436,0.016847449803831065,0.0,0.3339487652896377,5912.423263327948,7304.9111470113085,194.03323332564042,7.723978767597507,55.02393182226979,81.26057790102608,261.8742210939303,18.494576505885068,80.95615502230696,94.56231763846803,7.535887375951996,318.34271867066695,62.428833217679205,99.01997800183638,27997.07665019407,71.23509005993745,55.02393182226979,80.95615502230696,1
2018-02-03 03:41:00,2018-02-03 03:42:00,CIC,4599,7098.782343987824,8148708.055664275,7.942378777995216,36527.0,1534.4935855620788,7057136.0,,0.0,5147492014404.127,,,4.141987388562731,3.8003913894324852,278.8758425744727,1255.617742987606,100178.13848497342,10220.475628332442,2636255.386102327,425792.00524499523,3826681.1232876712,2430692.98021309,9255.908658275952,933.4544110580324,0.5290280495759948,0.0010871928680147858,0.016960208741030658,0.3141987388562731,0.4633616003479017,0.37725592520113066,0.011524244400956729,0.0,0.3141987388562731,6103.652750597956,6639.06218743205,184.97977821265494,5.855620787127636,52.435528959879754,79.73209151412699,247.09197651663405,14.734724940204392,73.13911781746161,92.01943434946075,5.855620787127636,300.8823657316808,57.76481107417613,94.53383113537029,24963.831668195922,65.91625297009828,52.435528959879754,73.13911781746161,1
2018-02-03 03:42:00,2018-02-03 03:43:00,CIC,3943,8446.423281765154,4855393.791022064,6.565305604869389,25887.0,739.0570631498858,2914102.0,,0.0,2561834749863.783,,,3.63403499873193,2.931270606137459,286.105503423789,452.9515597260969,114229.88596082853,11732.755401505001,2554217.175576734,244893.7228363998,3239134.2099923915,2442580.077098656,9914.085959423983,1803.7914870269356,0.498351509003297,0.001521683996956632,0.01141262997717474,0.3641897032716206,0.4844027390311945,0.4151661171696678,0.022064417955871163,0.0,0.3641897032716206,6710.491757545016,8225.053258939894,197.46030940907937,3.7811311184377376,55.27256739848288,87.16521196615749,232.36748668526502,8.816383464367233,59.40583559593913,87.69964445430865,3.7567841744864316,293.4542226730916,50.852526445717224,89.92658761692087,21292.03862689146,57.57053623980751,55.27256739848288,59.40583559593913,1
2018-02-03 03:43:00,2018-02-03 03:44:00,CIC,4099,9890.184191266162,6990572.570870944,7.7518907050500125,31775.0,1216.6572334715784,4987078.0,,0.0,5749013622811.699,,,4.238106855330568,3.513783849719444,294.2554281532081,922.4018053183703,170076.9035708936,20752.176972151763,2699019.2993605626,463640.67427513335,4020686.694315687,2491369.3183703343,19650.1418145384,1000.7803297303697,0.4754818248353257,0.005855086606489388,0.03464259575506221,0.35594047328616735,0.455720907538424,0.41497926323493534,0.012442059038789949,0.0,0.35594047328616735,6254.3300805074405,7907.768968040986,191.15613564283973,4.790436691876067,52.95415148715833,81.81943504747915,237.8899731641864,11.87143205659917,68.53933158135375,88.64329381444352,4.756769943888753,295.2664064405953,54.95219522017931,91.47429025129958,24187.014437445567,62.23595417510954,52.95415148715833,68.53933158135375,1
2018-02-03 03:44:00,2018-02-03 03:45:00,CIC,3548,10595.495208568207,5963184.45011274,6.932638105975197,24597.0,895.8128523111612,3178344.0,,0.0,4854929608004.219,,,3.947012401352875,2.9856257046223225,294.98618940248025,600.826662908681,75316.05691647569,10169.540778459575,3199137.6385173067,295498.24604385206,3992015.499718151,3055930.785794814,9241.758142530982,913.4512650444589,0.4224915445321308,0.0008455467869222097,0.012401352874859075,0.41516347237880497,0.5014092446448704,0.4041713641488162,0.010992108229988726,0.0,0.41516347237880497,6706.128241262683,9038.640924464487,198.6034385569335,3.449267192784667,53.41053109841995,85.07637377621955,245.5791995490417,7.77705749718151,64.39301139538529,96.44280772329961,3.3850056369785797,302.3458286358512,50.80899458551296,91.16998974974493,21244.897930190447,57.150152041415446,53.41053109841995,64.39301139538529,1
2018-02-03 03:45:00,2018-02-03 03:46:00,CIC,4092,10897.203812316715,7966757.854838709,9.044721407624634,37011.0,2257.6236559139784,9238196.0,,0.0,5486089991020.239,,,4.819159335288368,4.225562072336266,282.7817693059629,1974.8418866080156,99625.92377187125,10505.648911255135,2530439.249297338,505715.00454303564,4079873.6063049855,2312913.0215053763,9463.040918253799,1006.6649126639428,0.45039100684261973,0.003421309872922776,0.02346041055718475,0.3655913978494624,0.4596774193548387,0.3704789833822092,0.010752688172043012,0.0,0.3655913978494624,6018.489491691104,7443.929863147605,181.6759530791789,6.628299120234604,49.71306353141178,73.97895047433992,266.31304985337243,16.532746823069402,84.45537104380865,104.25021992002908,6.556451612903226,312.0268817204301,59.011575646964324,96.90893036746186,26101.36448816786,67.55909191827712,49.71306353141178,84.45537104380865,1
2018-02-03 03:46:00,2018-02-03 03:47:00,CIC,3567,11594.721895149985,5525197.696383515,6.67816091954023,23821.0,897.4471544715448,3201194.0,,0.0,4296718509142.16,,,3.869918699186992,2.8082422203532382,273.27193720213063,624.175217269414,56790.695761284296,6632.402267194864,3077185.08404225,294496.30894983414,3869307.5492010093,2941972.729464536,5825.008994848745,799.9557593400373,0.3723016540510233,0.0002803476310625175,0.007008690776562938,0.41519484160358844,0.5063078216989066,0.4095878889823381,0.009812167087188113,0.0,0.41519484160358844,7137.3347350714885,8424.796747967479,187.3596860106532,5.3748247827305855,52.01456601679002,79.37718825214606,235.65853658536585,7.425567703952901,65.99887421376506,97.00307996853546,5.234650967199327,286.12671712924026,50.950163952544436,86.69723276650939,19639.70979371213,58.17088709205411,52.01456601679002,65.99887421376506,1
2018-02-03 03:47:00,2018-02-03 03:48:00,CIC,3391,12699.76437629018,6286989.800353878,7.237982895900914,24544.0,722.3193748156885,2449385.0,,0.0,5403730240480.811,,,4.292539074019463,2.945443821881451,303.6608670008847,418.6585078148039,57485.318997097485,12100.709882566933,3193852.01893985,385330.5541445393,4281161.608375111,3022372.3066941905,10787.63352504216,1313.0763575227365,0.34473606605721024,0.0011795930404010617,0.01415511648481274,0.43674432320849305,0.5143025656148629,0.4278973754054851,0.009141846063108227,0.0,0.43674432320849305,6963.7174874668235,9034.88351518726,196.21527572987318,2.115305219699204,52.51938458310763,84.34980865869154,246.93158360365675,5.069301091123562,66.22390274739104,102.2689191780982,2.0672368033028605,298.5458566794456,50.05823246245651,90.70243346501385,20634.296762962975,55.941217931114124,52.51938458310763,66.22390274739104,1
2018-02-03 03:48:00,2018-02-03 03:49:00,CIC,3776,12699.20127118644,6191550.115201271,6.873146186440678,25953.0,828.4488877118644,3128223.0,,0.0,3945651457280.5786,,,3.9981461864406778,2.875,289.78972457627117,538.6591631355932,134657.59469521206,18274.29207592144,2978038.4204128818,334617.81407106074,3927220.3360699154,2827310.6930614407,17332.3637960937,859.6552487852331,0.3840042372881356,0.003707627118644068,0.020921610169491525,0.4054555084745763,0.4880826271186441,0.4046610169491525,0.018008474576271187,0.0,0.4054555084745763,6640.094809322034,8822.092955508475,190.20391949152543,4.54104872881356,50.20916704437632,78.12203800498041,264.62155720338984,10.046875,74.39930033902093,106.40972922836069,4.529396186440678,311.4912605932203,53.76024393489751,93.98606927032547,22975.704148790268,61.139524494645926,50.20916704437632,74.39930033902093,1
2018-02-03 03:49:00,2018-02-03 03:50:00,CIC,4251,11227.374735356387,9831864.378263937,8.79816513761468,37401.0,1622.3942601740766,6896798.0,,0.0,6223967818286.701,,,4.88661491413785,3.911550223476829,320.5083509762409,1301.8859091978359,43644.02495391066,5685.447899231826,2891018.819748317,576718.4670026116,4587283.890613973,2635282.822159492,4946.295364689793,735.1402212994121,0.4151964243707363,0.0004704775346977182,0.010820983298047518,0.3577981651376147,0.48176899553046343,0.3370971536109151,0.008468595624558928,0.0,0.3577981651376147,6322.913432133616,8412.591625499883,188.7005410491649,7.019289578922606,49.167873057131494,72.93713855501153,305.14796518466244,17.701482004234297,98.25475319372242,120.82738715151258,6.993648553281581,341.82639378969657,64.86890616650693,105.74513891361185,30245.743596638433,73.71722772370902,49.167873057131494,98.25475319372242,1
2018-02-03 03:50:00,2018-02-03 03:51:00,CIC,3985,13668.930489335005,6887628.38795483,9.579171894604768,38173.0,3488.660225846926,13902311.0,,0.0,4692842171082.377,,,4.910664993726474,4.668506900878294,276.6599749058971,3212.0002509410288,93417.78998928754,8177.5661604044235,2627971.9844382987,450836.05465454754,4015567.776411543,2429842.57565872,7070.667052151667,1078.169892140913,0.37716436637390216,0.00150564617314931,0.010037641154328732,0.3711417816813049,0.479297365119197,0.3713927227101631,0.014303638644918444,0.0,0.3711417816813049,6271.0238393977415,8001.825345043914,174.70012547051442,5.721957340025094,45.745109756846674,68.93460060121858,283.6263488080301,14.302383939774153,90.83686826074856,116.77575244596336,5.7151819322459225,317.5106649937265,58.7372061836404,98.12426387813575,26307.53285593104,66.80840680205972,45.745109756846674,90.83686826074856,1
2018-02-03 03:51:00,2018-02-03 03:52:00,CIC,3731,14639.41945859019,4686547.138568749,9.527740552130796,35548.0,3874.1522380058964,14454462.0,,0.0,2734234526740.675,,,4.5548110426159205,4.972929509514875,257.50227820959526,3616.649959796301,112200.71386107129,11593.37297717738,2382253.4360246505,274136.8661748976,3202222.953899759,2257474.347359957,10500.190918819959,1071.430889539405,0.38434735995711605,0.001876172607879925,0.016349504154382202,0.3808630393996248,0.46823907799517556,0.3985526668453498,0.016081479496113642,0.0,0.3808630393996248,6526.720986330743,7612.911283838113,162.22380058965425,5.2154918252479225,44.0694373293227,66.10833168278987,254.12650763870275,14.003216295899223,87.15593451853229,108.61071623081212,5.2154918252479225,288.9067274189225,55.72812245071402,91.23816495762985,23491.48574993718,63.56619428893942,44.0694373293227,87.15593451853229,1
2018-02-03 03:52:00,2018-02-03 03:53:00,CIC,3272,17289.2402200489,6554482.907090465,7.157090464547677,23418.0,950.867053789731,3111237.0,,0.0,3712537016358.286,,,4.346271393643032,2.8108190709046457,268.41473105134475,682.4523227383863,99736.54135221377,7929.0937041401885,3086677.7901672674,307291.87085189455,3993699.8805012223,2943174.3438264057,7626.6261667090475,290.3509516880205,0.2438875305623472,0.0012224938875305623,0.010085574572127139,0.4367359413202934,0.5302567237163814,0.41136919315403425,0.003973105134474328,0.0,0.4367359413202934,6813.089853300734,8222.158312958436,168.13294621026895,1.8267114914425429,41.14275350642084,67.40127587220967,277.23899755501225,4.2038508557457215,84.37650183520478,125.31857193188937,1.8261002444987775,306.7001833740831,51.090971129613386,94.09777311517237,22875.674918226967,56.75521392071271,41.14275350642084,84.37650183520478,1
2018-02-03 03:53:00,2018-02-03 03:54:00,CIC,2601,17830.610918877355,6050901.945405614,9.093810073048827,23653.0,1082.850057670127,2816493.0,,0.0,2567038384757.52,,,5.5455594002306805,3.548250672818147,326.03498654363705,756.8150711264898,23588.491467400447,3978.9375706161823,3803731.397487615,210199.66365726673,4358124.613225683,3690642.579777009,3533.4528117811424,443.9549866310891,0.20915032679738563,0.0,0.005382545174932718,0.46943483275663206,0.5544021530180699,0.39946174548250674,0.008842752787389465,0.0,0.46943483275663206,8216.28950403691,11995.435217224145,186.28450595924645,1.4402153018069974,43.78950731420185,71.69600451968819,306.27143406382163,2.970780469050365,85.34091808319494,134.47364542557477,1.4402153018069974,331.5678585159554,52.64394529291272,98.40063006476086,23534.25259144515,58.02231379587428,43.78950731420185,85.34091808319494,1
2018-02-03 03:54:00,2018-02-03 03:55:00,CIC,1355,9568.2147601476,17403186.16605166,12.668634686346863,17166.0,3295.2280442804426,4465034.0,,0.0,11716255388474.73,,,6.661992619926199,6.006642066420664,496.7239852398524,2798.5040590405906,236288.9652838037,25170.247109594082,7609234.759830709,971297.0541239631,10521868.302583026,7167459.161623616,22351.92634989773,2688.289962830639,0.3948339483394834,0.002952029520295203,0.03616236162361624,0.26642066420664207,0.5107011070110701,0.23542435424354244,0.020664206642066422,0.0,0.26642066420664207,9283.771955719558,18073.560147601474,249.890036900369,9.870848708487085,55.92778386436088,77.07145625060369,488.2184501845018,23.615498154981548,134.47969675279705,173.26562041028043,9.748339483394833,492.1284132841328,89.43322982810776,141.4204571298524,47547.31733197113,100.10890590609225,55.92778386436088,134.47969675279705,0
2018-02-03 03:55:00,2018-02-03 03:56:00,CIC,878,9410.217539863326,19062760.882687926,17.734624145785876,15571.0,2820.8883826879273,2476740.0,,0.0,10018994696085.559,,,10.383826879271071,7.350797266514807,731.502277904328,2089.386104783599,160765.17118059142,10182.368800633072,12885346.518689036,637735.8060230454,14604868.608200455,12565814.558086561,7037.582372768579,3121.5919659005876,0.19362186788154898,0.0011389521640091116,0.022779043280182234,0.3678815489749431,0.5876993166287016,0.2744874715261959,0.03189066059225513,0.0,0.3678815489749431,13670.700455580865,28465.067198177676,311.5353075170843,4.019362186788155,65.2665879160353,99.07434276754215,551.3599088838268,8.791571753986332,117.4935785491549,197.8949479040205,3.917995444191344,553.4088838268792,83.41780187034169,148.26110315617996,43641.15441136241,90.88929870928816,65.2665879160353,117.4935785491549,0
2018-02-03 03:56:00,2018-02-03 03:57:00,CIC,1056,8135.815340909091,13384619.580492424,10.627840909090908,11223.0,1906.529356060606,2013295.0,,0.0,4751810087724.688,,,6.020833333333333,4.607007575757576,539.7414772727273,1366.7878787878788,99741.91870839176,7840.950225623967,10217173.320480173,437320.23906322016,11324864.458333334,9987277.385416666,5804.293523686445,2029.2315598110047,0.2765151515151515,0.0,0.013257575757575758,0.3143939393939394,0.5795454545454546,0.3399621212121212,0.03598484848484849,0.0,0.3143939393939394,12004.588068181818,24369.61268939394,292.59185606060606,3.008522727272727,60.98483299752462,96.59765594901799,531.4412878787879,7.0293560606060606,114.3811899621591,197.85800988475378,2.964962121212121,532.9933712121212,80.25086723766856,147.27862767942236,42486.1929182401,87.48140789952083,60.98483299752462,114.3811899621591,0
2018-02-03 03:57:00,2018-02-03 03:58:00,CIC,1766,6643.69818799547,12664311.447338618,11.592298980747453,20472.0,2273.9156285390713,4015735.0,,0.0,7529594354137.964,,,6.399773499433748,5.192525481313703,431.4088335220838,1842.5067950169876,218784.2170368187,17602.053530399648,6572401.051491506,616871.6268579166,8385210.291619479,6294897.620611551,15460.032301762358,2092.185289981806,0.35900339750849375,0.0011325028312570782,0.03227633069082673,0.21064552661381652,0.5328425821064553,0.34031710079275196,0.01812004530011325,0.0,0.21064552661381652,9064.696489241223,15910.390147225367,222.43318233295582,4.922989807474519,50.56378102192355,75.81964903041224,445.9813137032843,11.157417893544734,108.76395648129106,170.51404875651303,4.886749716874292,448.5158550396376,74.40808983342072,130.49288304317216,37694.32371967101,82.63046671157417,50.56378102192355,108.76395648129106,0
2018-02-03 03:58:00,2018-02-03 03:59:00,CIC,1668,6560.073741007194,19919468.52697842,18.94664268585132,31603.0,10490.80335731415,17498660.0,,0.0,7528362618147.27,,,7.9556354916067145,10.991007194244604,619.810551558753,9870.992805755395,209365.1551619546,13738.847097020844,7669324.197601635,885757.1807900352,10510850.403477218,7272409.811750599,12720.002174511515,936.477733689319,0.486810551558753,0.005995203836930456,0.013189448441247002,0.26798561151079137,0.4922062350119904,0.17266187050359713,0.012589928057553957,0.0,0.26798561151079137,9172.608513189449,19731.192446043166,277.1474820143885,12.934652278177458,63.79378517561571,84.81436239226619,553.9598321342926,30.676858513189448,157.17950368559352,193.32900300093524,12.925059952038369,559.8405275779377,107.00808799067985,160.80314571545384,55599.532234884995,119.89099612545564,63.79378517561571,157.17950368559352,0
2018-02-03 03:59:00,2018-02-03 04:00:00,CIC,1722,8101.159698025552,18902655.81416957,12.929152148664343,22264.0,4121.0993031358885,7096533.0,,0.0,11813963894445.799,,,6.498838559814169,6.430313588850174,496.88850174216026,3624.210801393728,203106.11530229347,20006.18368749447,6833431.692771102,1090226.6554394998,10211496.017421603,6370253.101626016,18180.1240973043,1721.4976545743962,0.4523809523809524,0.008130081300813009,0.03484320557491289,0.21254355400696864,0.46631823461091754,0.22125435540069685,0.01916376306620209,0.0,0.21254355400696864,8989.758420441347,17071.81068524971,257.5162601626016,13.249709639953542,58.531019527043554,77.73649219980895,525.7067363530779,30.267711962833914,153.4393532492915,185.94619010517073,12.383855981416957,531.4570267131243,101.2773401279094,155.40580098019686,55547.40049801395,114.05574045194658,58.531019527043554,153.4393532492915,0
2018-02-03 04:00:00,2018-02-03 04:01:00,CIC,1199,11585.48874061718,17998816.40700584,10.51793160967473,12611.0,1675.0725604670558,2008412.0,,0.0,12508471024343.492,,,6.028356964136781,4.489574645537949,562.0066722268557,1113.0658882402001,201479.36379093886,28075.044594662653,9917639.512621365,872862.0845403515,12077381.183486238,9463423.493744787,22967.92442482048,5060.289403164774,0.3244370308590492,0.0025020850708924102,0.02418682235195997,0.27606338615512926,0.5029190992493745,0.3094245204336947,0.06505421184320268,0.0,0.27606338615512926,11526.517097581318,23069.314428690577,290.2952460383653,6.94161801501251,61.099370589206835,90.84543563414012,524.1451209341118,16.85654712260217,122.21894427765638,187.13299541346956,6.8190158465387825,528.5721434528774,84.54696783019932,145.2556191558507,44959.63115562304,93.59172648270058,61.099370589206835,122.21894427765638,0
2018-02-03 04:01:00,2018-02-03 04:02:00,CIC,1142,14300.412434325744,16100599.22329247,9.439579684763572,10780.0,1260.1795096322242,1439125.0,,0.0,12420162120844.219,,,5.727670753064799,3.711908931698774,530.8975481611209,729.2819614711033,393943.7104544221,55789.11213530554,10802576.844070965,750068.4080520471,12657755.164623467,10448305.325744309,52056.03728170721,3195.701619349613,0.212784588441331,0.009632224168126095,0.08844133099824869,0.3178633975481611,0.4921190893169877,0.4089316987740806,0.06217162872154115,0.0,0.3178633975481611,11094.526269702277,25415.867775831874,291.3117338003503,2.9334500875656744,59.66471433123293,93.08356342745884,495.1479859894921,6.804728546409807,102.7734622914711,178.08756948823995,2.90630472854641,502.1182136602452,75.04756637122942,134.59094359356217,39472.20005800755,82.03533111685901,59.66471433123293,102.7734622914711,0
2018-02-03 04:02:00,2018-02-03 04:03:00,CIC,1295,8796.987644787645,18282833.58764479,10.521235521235521,13625.0,1864.0247104247105,2413912.0,,0.0,14469880564200.041,,,5.943629343629343,4.577606177606177,575.607722007722,1288.4169884169885,193481.48712776398,21003.990913106954,9444174.93170356,1108219.8726892876,12926988.347490348,9007024.952895753,19437.49028239347,1452.9655447360024,0.3598455598455598,0.0023166023166023165,0.03397683397683398,0.25328185328185326,0.4942084942084942,0.24092664092664093,0.022393822393822392,0.0,0.25328185328185326,10311.767567567567,20454.098069498068,291.00617760617763,12.122779922779923,67.64612085118996,91.22748093114286,540.4772200772201,22.966023166023167,141.07706452012357,195.0283188946332,12.0988416988417,547.2911196911197,97.6468140795444,154.83142668833128,51386.35060415465,110.36048879678457,67.64612085118996,141.07706452012357,0
2018-02-03 04:03:00,2018-02-03 04:04:00,CIC,1288,9257.884316770187,16991226.61801242,10.875,14007.0,2602.610248447205,3352162.0,,0.0,7563971645895.43,,,5.919254658385094,4.955745341614906,516.2717391304348,2086.3385093167703,60869.709702872504,14417.713522918195,10056046.144050818,614143.5021959356,11814673.874223603,9767763.155279502,12544.542990123735,1828.3950249672555,0.3672360248447205,0.003105590062111801,0.02096273291925466,0.281055900621118,0.4767080745341615,0.2406832298136646,0.04114906832298137,0.0,0.281055900621118,9907.729813664597,21501.07841614907,276.2476708074534,11.92003105590062,63.78650382285714,85.47149447688199,497.9425465838509,22.336180124223603,123.95328686119021,173.0914190901351,11.895962732919255,505.69642857142856,88.52296634849145,138.89072029680358,42787.437874890085,100.15808466092159,63.78650382285714,123.95328686119021,0
2018-02-03 04:04:00,2018-02-03 04:05:00,CIC,1034,8870.845261121856,20617382.369439073,13.609284332688588,14072.0,3599.4226305609286,3721803.0,,0.0,7604392745748.452,,,7.320116054158607,6.2891682785299805,640.8297872340426,2958.592843326886,217200.17030462538,12435.373082262658,11215758.861220311,838430.2006961969,13918420.111218568,10843914.290135397,7242.749236805521,5192.62384563691,0.29593810444874274,0.0009671179883945841,0.022243713733075435,0.31334622823984526,0.5773694390715667,0.24854932301740812,0.024177949709864602,0.0,0.31334622823984526,12224.738878143133,25717.599613152805,321.65087040618954,6.500967117988394,67.64049315535203,101.2481369316412,597.3820116054159,15.866537717601547,141.18184668079306,213.63761249763056,6.228239845261122,600.7350096711799,96.92955041954642,166.38454610609477,53194.35753218122,106.15221122364119,67.64049315535203,141.18184668079306,0
2018-02-03 04:05:00,2018-02-03 04:06:00,CIC,1059,9822.685552407933,16840043.925401323,11.057601510859302,11710.0,2194.661000944287,2324146.0,,0.0,3900987986553.7725,,,6.110481586402266,4.947119924457035,585.5826251180359,1609.0783758262512,162672.88128597825,29737.22083532157,10497443.345424065,553264.4525728822,12093911.669499528,10229859.985835694,27611.341806069642,1788.9133540956866,0.3295561850802644,0.010387157695939566,0.03871576959395656,0.29933899905571293,0.5316336166194523,0.29084041548630785,0.02644003777148253,0.0,0.29933899905571293,12540.143531633617,24895.524079320112,304.25212464589237,6.7507082152974505,65.30971717016715,96.27428145740888,554.957507082153,15.206798866855523,131.42278207179416,197.06211982440038,6.721435316336166,560.9877242681775,93.56236235941171,154.48793606559585,49220.70475192578,102.80310141756374,65.30971717016715,131.42278207179416,0
2018-02-03 04:06:00,2018-02-03 04:07:00,CIC,1481,7079.453072248481,16043760.76772451,10.053342336259284,14889.0,2087.440918298447,3091500.0,,0.0,10029960334949.139,,,5.640108035111411,4.413234301147873,616.1850101282917,1471.2559081701554,224569.90244617034,12671.284807868327,8517364.935099559,746764.73281817,10742730.320054017,8199677.704253882,10710.844563237664,1891.9930614713996,0.4091829844699527,0.002025658338960162,0.02363268062120189,0.24240378122889938,0.474679270762998,0.26536124240378123,0.02228224172856178,0.0,0.24240378122889938,9136.486158001351,18190.571235651587,260.4942606347063,10.189736664415936,64.11936025015193,83.01566300099933,489.30182309250506,23.332883187035787,130.5695081389804,174.66401653120863,9.446995273463875,499.05131667792034,93.36983325199594,142.8729241623876,46517.97814114098,104.83205503097233,64.11936025015193,130.5695081389804,0
2018-02-03 04:07:00,2018-02-03 04:08:00,CIC,1281,8032.383294301327,16807298.493364558,10.223263075722093,13096.0,1890.1405152224825,2421270.0,,0.0,8533946480296.321,,,5.70647931303669,4.516783762685402,502.8774395003903,1387.263075722092,70286.44560135959,10931.33250203035,9193289.815990694,743607.7804012696,11384804.894613583,8877542.87119438,9600.684241517836,1313.5813870109,0.39344262295081966,0.00156128024980484,0.02654176424668228,0.24434035909445745,0.4785323965651834,0.258391881342701,0.02263856362217018,0.0,0.24434035909445745,10864.470725995316,20440.146760343483,265.9960967993755,10.008587041373927,59.75532715973692,82.76396686351913,497.1576893052303,22.917252146760344,127.60129638825137,176.07700219221468,9.984387197501952,500.9383294301327,87.40784943687197,140.70220599787197,45086.890476998786,98.1687774931975,59.75532715973692,127.60129638825137,0
2018-02-03 04:08:00,2018-02-03 04:09:00,CIC,1079,9694.91844300278,16792536.356811862,10.57645968489342,11412.0,1671.3605189990733,1803398.0,,0.0,7926643746155.552,,,6.026876737720111,4.549582947173309,594.9805375347544,1076.379981464319,172079.6793695282,21360.45011523092,10507588.691566756,662535.0648977226,12458770.658016682,10211706.117701575,17915.797482299196,3365.466534343529,0.3049119555143652,0.0027803521779425394,0.030583873957367932,0.32252085264133457,0.5338276181649676,0.2632066728452271,0.025023169601482854,0.0,0.32252085264133457,11444.012048192772,24528.519925857276,300.3317886932345,7.67840593141798,65.71689372430676,94.42889707779611,541.3234476367006,16.529193697868397,125.46451275486561,192.96604237456904,7.592215013901761,546.5625579240037,88.06436412809083,149.4453909133392,45942.19364758989,97.79657729262001,65.71689372430676,125.46451275486561,0
2018-02-03 04:09:00,2018-02-03 04:10:00,CIC,937,10373.98719316969,18904788.097118463,9.939167556029883,9313.0,1313.0779082177162,1230354.0,,0.0,2448837322416.099,,,5.998932764140875,3.9402347918890075,555.5581643543223,757.5197438633938,521447.58714962145,34170.417344737245,13535150.817958266,389621.3665017968,14534978.115261473,13322783.834578441,29593.154466006716,4394.923405390063,0.20597652081109924,0.005336179295624333,0.04589114194236926,0.29882604055496265,0.5538954108858057,0.3223052294557097,0.023479188900747065,0.0,0.29882604055496265,13166.995731056564,25614.528281750267,302.01921024546425,3.833511205976521,62.59594752298826,96.20310778311845,510.0672358591249,8.263607257203843,106.50183331221984,183.0860991957097,3.641408751334045,517.6083244397012,77.61367524784845,138.6728127566254,39847.2336911609,84.91480863406616,62.59594752298826,106.50183331221984,0
2018-02-03 04:10:00,2018-02-03 04:11:00,CIC,1125,9556.733333333334,16742248.242666667,11.241777777777777,12647.0,2137.2204444444446,2404373.0,,0.0,5637782751866.207,,,6.351111111111111,4.890666666666666,600.2373333333334,1536.9831111111112,343257.1642289998,31112.086949795405,9808473.25520531,675243.0086073934,11857242.931555556,9497208.40888889,27618.837331898892,3354.9736759209236,0.2986666666666667,0.0044444444444444444,0.03911111111111111,0.26844444444444443,0.5288888888888889,0.27644444444444444,0.018666666666666668,0.0,0.26844444444444443,11510.243555555555,22845.210666666666,286.9173333333333,7.412444444444445,61.29185392278133,89.42953964617689,522.8595555555555,16.784,126.91219210611555,186.95656656248534,7.309333333333333,527.7173333333334,87.74065753232621,146.14221538304267,46166.380982210125,96.91177056059556,61.29185392278133,126.91219210611555,0
2018-02-03 04:11:00,2018-02-03 04:12:00,CIC,1019,9205.015701668302,17534895.191364083,10.802747791952894,11008.0,1885.414131501472,1921237.0,,0.0,10480823648813.018,,,6.209028459273798,4.593719332679097,563.2649656526006,1322.1491658488715,39909.92710691894,11082.455447980878,11252888.703490486,745679.6301941666,13511381.003925417,10915422.319921492,9824.05926123357,1225.7687419275298,0.30225711481844947,0.001962708537782139,0.02747791952894995,0.3297350343473994,0.5407262021589794,0.2875368007850834,0.021589793915603533,0.0,0.3297350343473994,13285.808635917567,23754.63002944063,301.14720314033366,6.380765456329735,62.79797374005594,94.45726275376154,550.2904808635917,14.839057899901865,132.87167618097155,198.91757859167814,6.350343473994112,553.9293424926399,90.98589941848871,153.6992136611835,49879.818486260716,100.20098970984199,62.79797374005594,132.87167618097155,0
2018-02-03 04:12:00,2018-02-03 04:13:00,CIC,1951,5546.559200410046,14292075.818554588,14.505894413121476,28301.0,7326.6663249615585,14294326.0,,0.0,6425676461777.418,,,6.626858021527422,7.879036391594054,412.57611481291644,6914.090210148642,289009.4595925424,16172.489572677337,6582814.2154703075,644036.8321885963,8713317.237826755,6316605.717580728,14730.494286523188,1392.259285440271,0.46437724243977446,0.0046130189646335215,0.018452075858534086,0.13121476166068682,0.45258841619682216,0.3034341363403383,0.010763710917478216,0.0,0.13121476166068682,7697.748846745259,10524.528959507945,187.2157867760123,8.870322911327523,46.021041157347,62.91026733807894,393.1055868785238,20.793951819579704,112.18048614786775,148.00014123750384,8.853921066119938,397.8298308559713,74.66591798619528,119.47890760349975,36399.08282792365,84.81692159642235,46.021041157347,112.18048614786775,0
2018-02-03 04:13:00,2018-02-03 04:14:00,CIC,1373,8171.9796067006555,16320713.587035688,9.491624180626365,13032.0,1534.1114348142753,2106335.0,,0.0,10558663631755.297,,,5.37946103423161,4.112163146394756,441.0349599417334,1093.076474872542,403725.65312383097,20040.7804765035,8178112.735990646,895040.5998106158,10925272.109249817,7815937.358339403,16957.891521283258,3024.503578729221,0.4457392571012382,0.003641660597232338,0.028404952658412235,0.19519300801165332,0.43699927166788055,0.2425345957756737,0.021849963583394028,0.0,0.19519300801165332,9372.150764748725,16233.335761107064,228.85433357611072,12.440640932265113,54.26335991988784,69.92878464358557,448.3415877640204,27.5360524399126,123.66583349794611,158.65964718034232,12.375819373634377,453.01165331391115,82.43248079457247,128.41721830893226,40835.02640339949,94.34854374515076,54.26335991988784,123.66583349794611,0
2018-02-03 04:14:00,2018-02-03 04:15:00,CIC,1155,10655.524675324676,19244219.116017316,10.354112554112554,11959.0,2078.065800865801,2400166.0,,0.0,7990282784850.652,,,5.792207792207792,4.561904761904762,489.6034632034632,1588.4623376623376,135331.40041508904,22547.727224723036,10705035.462064056,809392.0350574923,12790541.362770563,10319442.858874459,19293.320126841143,3156.7978892427054,0.38614718614718613,0.005194805194805195,0.03982683982683983,0.2649350649350649,0.45454545454545453,0.3194805194805195,0.050216450216450215,0.0,0.2649350649350649,11397.439826839827,18177.72813852814,237.07272727272726,8.531601731601732,51.73561175971342,72.74327403792813,433.55670995670994,21.27099567099567,115.22518102652815,152.10043784544936,8.464935064935064,441.74891774891773,79.06954275998008,124.11000506860172,39291.98010432467,88.21159405846493,51.73561175971342,115.22518102652815,0
2018-02-03 04:15:00,2018-02-03 04:16:00,CIC,1379,8671.54604786077,20112508.144307468,17.6178390137781,24295.0,10970.56780275562,15128413.0,,0.0,7785386779461.372,,,6.873096446700508,10.744742567077592,521.9079042784626,10448.659898477157,317637.16682481125,33217.16925263196,9509547.744861137,809413.8604473193,12021963.980420595,9149864.63306744,30953.469001610418,2095.085178824044,0.4467005076142132,0.010877447425670777,0.044960116026105876,0.17766497461928935,0.41551849166062366,0.2697606961566352,0.02102973168963017,0.0,0.17766497461928935,9629.297316896302,15366.585931834663,234.47643219724438,11.71718636693256,53.94017465998043,71.73563109440609,468.73604060913704,30.28208846990573,141.12342630039885,162.64947457406092,11.614938361131255,474.21899927483685,93.04173545683103,138.52200760721973,48058.05625822428,105.27717965143076,53.94017465998043,141.12342630039885,0
2018-02-03 04:16:00,2018-02-03 04:17:00,CIC,1534,8916.632985658409,14402017.829856584,11.905475880052151,18263.0,3820.2464146023467,5860258.0,,0.0,7132572557265.709,,,6.2887874837027375,5.616688396349414,476.83572359843544,3343.4106910039113,204412.94254336914,30702.28936559024,7711206.753613546,697100.837136059,9944972.805084746,7424281.156453716,27820.87562557078,2641.2393773032522,0.3833116036505867,0.010430247718383311,0.038461538461538464,0.17992177314211213,0.4485006518904824,0.29595827900912647,0.031942633637548894,0.0,0.17992177314211213,9649.050847457627,16826.827900912645,237.41525423728814,15.228813559322035,58.89238466370339,72.60740716345437,443.59647979139504,24.5632333767927,119.75310790707302,156.8241044290417,14.903520208604954,449.03389830508473,84.60834310175815,125.66984365802347,39938.39449346075,97.57895681441786,58.89238466370339,119.75310790707302,0
2018-02-03 04:17:00,2018-02-03 04:18:00,CIC,1148,10735.559233449478,18403641.478222996,10.401567944250871,11941.0,1993.5923344947735,2288644.0,,0.0,10483222008335.502,,,5.882404181184669,4.519163763066202,581.2717770034843,1412.3205574912893,73820.60633481288,20293.201992521503,11189407.995001893,888581.8419127265,14249890.897212544,10857599.083623694,17581.34767794251,2676.500304317229,0.34668989547038326,0.002613240418118467,0.024390243902439025,0.23954703832752614,0.4921602787456446,0.304006968641115,0.040940766550522645,0.0,0.23954703832752614,11964.68031358885,19782.038327526134,273.31271777003485,7.974738675958188,62.57332957384581,87.35226495078571,485.9137630662021,18.28745644599303,122.47530142905052,174.42286482115853,7.939895470383275,492.1759581881533,84.97240880116202,137.38735302126307,42989.841568396056,94.5850910837256,62.57332957384581,122.47530142905052,0
2018-02-03 04:18:00,2018-02-03 04:19:00,CIC,916,13552.74017467249,19561954.66703057,9.847161572052402,9020.0,1453.717248908297,1331605.0,,0.0,5957014023974.633,,,5.958515283842795,3.888646288209607,518.5371179039302,935.1801310043668,118172.14024197136,28518.24337381876,13960278.078684665,563189.9469387525,15404673.394104803,13671853.070960699,26434.1031972398,1959.6063627085546,0.25,0.006550218340611353,0.05021834061135371,0.2521834061135371,0.49344978165938863,0.38209606986899564,0.05349344978165939,0.0,0.2521834061135371,13896.882096069869,22347.879912663757,262.4028384279476,3.881004366812227,54.627211629601526,82.47722401196944,447.4301310043668,7.961790393013101,95.87251473378713,159.73537760861353,3.8329694323144103,453.19541484716154,69.9730721008013,122.17996221066375,36032.35550720823,76.54723906984279,54.627211629601526,95.87251473378713,0
2018-02-03 04:19:00,2018-02-03 04:20:00,CIC,1160,8445.391379310346,16647065.328448275,11.812931034482759,13703.0,3638.5172413793102,4220680.0,,0.0,9218511894244.354,,,5.993103448275862,5.819827586206896,521.1879310344827,3117.3293103448277,142843.44701049308,30251.43169510941,10323596.536402436,860156.8716206526,13304041.310344828,9962406.776724137,28760.058359086528,1230.5851317289698,0.4267241379310345,0.008620689655172414,0.03620689655172414,0.22586206896551725,0.4689655172413793,0.2853448275862069,0.020689655172413793,0.0,0.22586206896551725,10969.425862068965,18142.71120689655,263.4681034482759,9.702586206896552,58.38590748503363,81.79368597009052,498.17672413793105,24.493965517241378,138.14148285399054,174.54303868005002,9.702586206896552,504.4051724137931,94.59543823501207,144.42196948753534,47979.18493505378,105.50402058569225,58.38590748503363,138.14148285399054,0
2018-02-03 04:20:00,2018-02-03 04:21:00,CIC,776,10019.828608247422,22475163.48840206,11.132731958762887,8639.0,1659.5038659793815,1287775.0,,0.0,3630643725150.087,,,6.721649484536083,4.411082474226804,624.3646907216495,1035.139175257732,142559.45822108886,12113.363538088053,16711802.749309992,494017.3337764733,18074494.24097938,16472947.979381444,11123.446292493705,943.0872320643351,0.1791237113402062,0.001288659793814433,0.02577319587628866,0.35309278350515466,0.6005154639175257,0.2963917525773196,0.020618556701030927,0.0,0.35309278350515466,15161.423969072164,28987.909793814433,339.40850515463916,2.6842783505154637,67.20744782784794,106.91183945322294,593.4291237113403,6.027061855670103,123.62696396916238,213.66810273110826,2.6842783505154637,597.0012886597938,87.0275562247384,159.56991457922422,47948.747418170926,94.04773931524484,67.20744782784794,123.62696396916238,0
2018-02-03 04:21:00,2018-02-03 04:22:00,CIC,1552,7482.799613402062,22580440.280283507,14.765463917525773,22916.0,5066.99806701031,7863981.0,,0.0,10642172251496.121,,,7.070231958762887,7.695231958762887,552.1726804123712,4514.825386597938,143332.59307375608,12002.332652865565,8132837.766036365,1133697.1909380606,11763326.92847938,7668410.5889175255,11029.285170467523,942.113635346308,0.4948453608247423,0.001288659793814433,0.030283505154639175,0.16494845360824742,0.49226804123711343,0.18556701030927836,0.008376288659793814,0.0,0.16494845360824742,9506.452319587628,16387.078608247422,269.7287371134021,13.001288659793815,59.60293536330541,80.71982963485954,557.6469072164948,31.973582474226806,168.89414396873713,197.3213227451933,12.97680412371134,562.9677835051547,109.7548624863576,166.6129416453241,61706.195626904504,122.48858778632088,59.60293536330541,168.89414396873713,0
2018-02-03 04:22:00,2018-02-03 04:23:00,CIC,1074,8552.85009310987,18194135.633147113,20.955307262569832,22506.0,10796.677839851025,11595632.0,,0.0,7290774801306.4795,,,10.03072625698324,10.924581005586592,588.7039106145252,10207.9739292365,166726.90778747285,9176.837392845606,10961711.36594574,678876.3376837356,13299261.637802606,10669971.090316573,8308.20058858954,868.636804258082,0.3435754189944134,0.00931098696461825,0.017690875232774673,0.2616387337057728,0.542830540037244,0.2383612662942272,0.01303538175046555,0.0,0.2616387337057728,11794.234636871508,24144.680633147113,304.0633147113594,8.563314711359403,65.09513729508194,94.26026982143576,577.3081936685288,19.999068901303538,142.0503519690782,204.08966045547484,8.155493482309124,579.8891992551211,95.88624641833054,161.0347983615149,52001.27446747214,106.47561009374023,65.09513729508194,142.0503519690782,0
2018-02-03 04:23:00,2018-02-03 04:24:00,CIC,934,12324.811563169165,20569008.268736616,11.548179871520343,10786.0,1549.2441113490363,1446994.0,,0.0,9207442689506.791,,,6.67558886509636,4.872591006423983,628.7944325481799,920.4496788008565,34956.96686604623,10745.338454095778,14660949.15670285,592345.576978857,15850603.992505353,14328781.080299785,7960.87175487009,2772.962054167731,0.19593147751605997,0.0010706638115631692,0.014989293361884369,0.3426124197002141,0.5642398286937902,0.3351177730192719,0.042826552462526764,0.0,0.3426124197002141,14815.435760171305,29715.01391862955,332.3511777301927,2.73661670235546,66.5153430893758,105.22305847858672,568.458244111349,5.539614561027837,113.38250407880085,203.2564783646895,2.728051391862955,572.1498929336188,82.04436865630835,151.21450560175802,44394.070484899654,88.65342504649036,66.5153430893758,113.38250407880085,0
2018-02-03 04:24:00,2018-02-03 04:25:00,CIC,1367,10088.588149231895,16596159.906364301,15.686174103877104,21443.0,6707.065837600585,9168559.0,,0.0,6915648708289.757,,,7.772494513533284,7.913679590343818,463.8792977322604,6243.186539868325,241398.1778338219,32011.10271323709,8847648.355345933,752123.6689489647,11429937.005120702,8539703.874908559,28350.878241959537,3543.139238216847,0.401609363569861,0.005852231163130944,0.06949524506217995,0.20263350402340893,0.4264813460131675,0.3130943672275055,0.02487198244330651,0.0,0.20263350402340893,9689.387710314557,16449.191660570592,237.9743964886613,10.466715435259692,54.381310592197515,73.0786512168376,465.7959034381858,26.875640087783466,129.57774432098026,163.08513560410387,10.377468910021946,471.70592538405265,86.23871974749598,135.18046443685662,44744.195841359935,97.43774307687858,54.381310592197515,129.57774432098026,0
2018-02-03 04:25:00,2018-02-03 04:26:00,CIC,1159,9942.521138912856,18914567.686798964,11.990509059534082,13897.0,2217.3546160483174,2569914.0,,0.0,5768690561000.042,,,6.647972389991372,5.342536669542709,550.0293356341674,1667.32528041415,165650.35620522927,21347.355969031916,10413661.881751526,702529.1100578383,12578729.897325281,10092315.258843832,20225.971707634297,1047.7091760946705,0.30543572044866263,0.003451251078515962,0.0457290767903365,0.3097497842968076,0.5245901639344263,0.28386540120793785,0.01984469370146678,0.0,0.3097497842968076,12421.396893874029,21996.434857635893,281.98964624676444,7.267471958584987,60.313873787627266,88.42549809779723,536.3011216566006,16.74374460742019,135.62124370409146,193.87785290884213,7.260569456427955,540.9568593615186,91.60749980066781,152.08720699386194,50121.27308533494,101.19901896324072,60.313873787627266,135.62124370409146,0
2018-02-03 04:26:00,2018-02-03 04:27:00,CIC,940,9696.593617021277,19649576.071276594,9.25531914893617,8700.0,1277.963829787234,1201286.0,,0.0,9157018987134.492,,,5.548936170212766,3.706382978723404,478.25,799.7138297872341,181056.45314785486,14938.409689399197,14372856.05107938,653882.854784497,15897016.514893617,14059553.679787233,13518.164865322049,1404.3528988053927,0.27872340425531916,0.002127659574468085,0.030851063829787233,0.2680851063829787,0.524468085106383,0.3574468085106383,0.02553191489361702,0.0,0.2680851063829787,12546.851063829787,21890.975531914894,267.9031914893617,3.7053191489361703,54.49061628934362,85.51094172065426,476.09148936170214,9.656382978723403,102.7407579292766,172.1997193596915,3.6212765957446806,478.8829787234043,71.60344069828405,129.73370923292873,36410.93206253105,78.59991196488085,54.49061628934362,102.7407579292766,0
2018-02-03 04:27:00,2018-02-03 04:28:00,CIC,1974,6942.101317122594,15597698.915906789,11.122593718338399,21956.0,2487.649442755826,4910620.0,,0.0,7216074774046.888,,,5.826747720364741,5.295845997973657,440.60233029381965,2047.047112462006,204692.2929974005,15775.189883112569,6146034.43258899,760412.0535298359,8435987.284701115,5787223.770010131,13674.783038717429,2028.48348627536,0.4908814589665654,0.004559270516717325,0.028875379939209727,0.1778115501519757,0.44680851063829785,0.2695035460992908,0.022289766970618033,0.0,0.1778115501519757,8039.632725430598,13293.160081053698,215.44123606889565,11.065349544072948,52.092375070392094,68.67089832594327,441.9083080040527,27.789260385005065,128.29860422803597,159.37576590613932,10.970618034447822,448.5678824721378,85.48933329445795,133.11813893374872,43308.07994042071,97.16317411640982,52.092375070392094,128.29860422803597,0
2018-02-03 04:28:00,2018-02-03 04:29:00,CIC,1297,8240.164225134928,11855447.694680031,9.125674633770238,11836.0,1394.5489591364687,1808730.0,,0.0,530599933086.0851,,,5.294525828835775,3.831148804934464,478.12027756360834,916.4286815728605,136019.07418412188,19530.676351981056,9295209.623346947,224731.09025928724,9917786.00308404,9177216.546646107,17508.749188872458,1991.8104687198213,0.28681572860447185,0.002313030069390902,0.017733230531996914,0.29760986892829605,0.5705474171164225,0.3353893600616808,0.016962220508866616,0.0,0.29760986892829605,11131.144178874325,21761.077872012334,270.1549730146492,3.407864302235929,59.041060684065535,90.9639622950316,492.48188126445643,7.7509637625289125,106.57314084522744,183.52307089199692,3.3839629915188896,495.8835774865073,76.51852152157593,138.3797199017317,38654.092863399106,84.18304339025829,59.041060684065535,106.57314084522744,0
2018-02-03 04:29:00,2018-02-03 04:30:00,CIC,1202,10680.537437603993,18659100.404326122,10.95424292845258,13167.0,1532.7337770382696,1842346.0,,0.0,7990696338841.553,,,6.240432612312812,4.713810316139767,524.4068219633943,1008.3269550748752,198566.19963144822,22119.033238324817,10997728.209200446,711780.5283966863,13022183.180532446,10666303.311148087,19082.300694596714,2999.928828015643,0.3502495840266223,0.0024958402662229617,0.025790349417637273,0.2612312811980033,0.502495840266223,0.29201331114808654,0.03993344425956739,0.0,0.2612312811980033,11557.674708818635,22125.53660565724,270.2903494176373,6.853577371048253,58.5221465330025,84.83410670075207,489.3627287853577,16.015806988352747,113.42088322371049,173.6134576526123,6.799500831946755,494.4517470881864,78.72657918447005,134.9740761374842,40826.596431076796,87.49521942360482,58.5221465330025,113.42088322371049,0
2018-02-03 04:30:00,2018-02-03 04:31:00,CIC,1639,8503.03355704698,16164019.239780353,11.549725442342892,18930.0,3242.0305064063455,5313688.0,,0.0,10431165667971.445,,,5.981086028065894,5.568639414276999,478.4478340451495,2763.582672361196,155648.09288932255,24661.72361385199,7316457.314053336,877355.3373630584,9995310.206223307,6929748.1647345945,23066.027029823017,1400.0880380767107,0.42892007321537523,0.006101281269066504,0.050030506406345335,0.23672971323978034,0.46918852959121415,0.2336790726052471,0.018913971934106162,0.0,0.23672971323978034,9202.976815131178,17706.312995729102,252.31360585723002,11.602806589383771,58.67804391337218,78.47652144133984,512.9066503965832,29.475899938987187,144.98550636118364,180.937143698903,11.579621720561319,518.0939597315436,95.15883617671018,149.55069218411532,51018.869922438826,107.42556879265773,58.67804391337218,144.98550636118364,0
2018-02-03 04:31:00,2018-02-03 04:32:00,CIC,1284,8595.696261682244,19559952.488317758,11.175233644859814,14349.0,1858.5576323987539,2386388.0,,0.0,12653999811498.22,,,6.209501557632398,4.965732087227415,520.7211838006231,1337.8364485981308,248371.53200118113,14985.822558600781,9946179.958204422,1002085.6393239675,13007395.253894081,9547674.351246106,13553.566763943165,1385.5709892496277,0.3987538940809969,0.002336448598130841,0.017133956386292833,0.24922118380062305,0.48753894080996885,0.235202492211838,0.027258566978193146,0.0,0.24922118380062305,10512.669781931465,19556.639408099687,271.26635514018693,10.959501557632398,60.74698978863162,83.47163297379673,520.5163551401869,28.376168224299064,138.71518303433803,183.09835104029597,10.947819314641745,524.1222741433022,92.01697139720171,148.18984850702725,48125.527027553995,103.79028315434735,60.74698978863162,138.71518303433803,0
2018-02-03 04:32:00,2018-02-03 04:33:00,CIC,1235,9931.831578947369,18207250.94574899,13.374089068825912,16517.0,4050.8591093117407,5002811.0,,0.0,11428139226926.621,,,7.020242914979757,6.3538461538461535,642.8526315789474,3408.0064777327934,37824.36626893166,15347.266014785459,10636748.279173315,947653.8598625399,13571609.306882592,10264543.89797571,13621.232122629954,1676.326147830047,0.28097165991902834,0.0,0.02186234817813765,0.35060728744939273,0.5635627530364372,0.2639676113360324,0.03805668016194332,0.0,0.35060728744939273,11740.413765182186,26272.747368421053,333.5514170040486,6.37165991902834,70.28477107002348,105.69617430381538,592.8591093117409,16.032388663967613,142.05940745080972,212.08225239564374,6.37165991902834,596.0663967611335,98.11138822481863,165.1068153834583,53110.13776712113,107.86710943802348,70.28477107002348,142.05940745080972,0
2018-02-03 04:33:00,2018-02-03 04:34:00,CIC,1249,10750.728582866293,15328476.745396318,10.871096877502001,13578.0,1663.3682946357085,2077547.0,,0.0,4421594668065.225,,,6.216172938350681,4.654923939151321,569.0328262610088,1094.3354683746998,102503.08499079163,20848.094813652297,9483874.669080075,536426.5180570142,11042895.240192154,9233026.178542834,18666.820390447123,2114.5071061380618,0.3266613290632506,0.0008006405124099279,0.03923138510808647,0.33466773418734985,0.5116092874299439,0.3018414731785428,0.053642914331465175,0.0,0.33466773418734985,10927.06325060048,25088.564451561248,310.742193755004,7.237790232185748,66.12256115120177,97.75123853108887,557.4971977582065,15.679743795036028,128.39600295667736,198.51726238185748,7.170536429143315,561.9503602882306,89.80857538219936,153.90126414921698,48622.59634690329,99.33710312866693,66.12256115120177,128.39600295667736,0
2018-02-03 04:34:00,2018-02-03 04:35:00,CIC,1453,8750.274604267033,15920134.695801789,10.172057811424638,14780.0,1676.7797660013764,2436361.0,,0.0,7056596505610.504,,,5.7398485891259465,4.432209222298693,538.869924294563,1137.9098417068135,149508.07684228127,16694.2252139124,9144140.40419986,627338.6498949536,10876613.254645562,8837007.121816931,14173.881696752273,2485.8750550508457,0.33035099793530626,0.0013764624913971094,0.051617343427391604,0.27391603578802476,0.5092911218169305,0.25258086717136957,0.022711631108052306,0.0,0.27391603578802476,10517.260151410874,23754.437715072265,296.6235375086029,8.901582931865107,65.81427420709979,93.57204409251756,552.6242257398486,21.41500344115623,134.3761543232691,196.70919081289057,8.779077770130764,557.2780454232623,92.59996697681143,154.98990559647558,49026.49864537504,103.6733133600647,65.81427420709979,134.3761543232691,0
2018-02-03 04:35:00,2018-02-03 04:36:00,CIC,1046,9169.31931166348,18432616.517208412,12.065965583173996,12621.0,2428.0095602294455,2539698.0,,0.0,4441526636993.137,,,6.749521988527724,5.316443594646271,610.4321223709369,1817.5774378585086,52673.362869517245,13019.023197317614,11644797.474251298,538024.2659010295,13246514.435946463,11394390.95124283,11269.642571948185,1724.4876559887716,0.28776290630975143,0.0009560229445506692,0.01338432122370937,0.3403441682600382,0.5736137667304015,0.2609942638623327,0.027724665391969407,0.0,0.3403441682600382,12417.168260038241,26982.029636711282,331.65774378585087,5.848948374760994,68.27559947741109,103.767947830826,583.8728489483748,14.321223709369026,134.8813195284608,208.5726123049044,5.819311663479923,588.5028680688337,94.25347550325144,161.9417687652132,51137.01933373577,103.27395525483365,68.27559947741109,134.8813195284608,0
2018-02-03 04:36:00,2018-02-03 04:37:00,CIC,1163,8352.766122098023,15302806.889939811,10.351676698194325,12039.0,1771.4153052450558,2060156.0,,0.0,4325318988216.2246,,,5.806534823731728,4.545141874462597,535.8916595012897,1235.523645743766,122770.95456645975,14623.34912908744,10156956.62973811,522216.045680484,11770747.511607911,9927600.13327601,13096.136131982606,1502.0653631068574,0.32674118658641443,0.0017196904557179708,0.021496130696474634,0.2992261392949269,0.5520206362854686,0.292347377472055,0.02407566638005159,0.0,0.2992261392949269,11559.668099742046,23693.26569217541,293.4780739466896,6.137575236457438,63.60344047660877,94.32981073341874,543.0558899398109,16.091143594153053,126.15657657679279,195.80723903686157,6.137575236457438,546.8417884780739,87.63035162708856,151.99066014420464,46182.2562990825,96.75569751070506,63.60344047660877,126.15657657679279,0
2018-02-03 04:37:00,2018-02-03 04:38:00,CIC,1289,8279.615205585726,17751855.682699766,11.224204809930178,14468.0,2444.688906128782,3151204.0,,0.0,7230601268897.586,,,6.138867339022498,5.08533747090768,568.0318076027928,1876.657098525989,232731.2417539563,14798.61529032623,10661147.718960114,602095.1401191327,12539970.478665633,10390201.442979053,12034.626908938304,2718.0656031571334,0.33902249806051205,0.0031031807602792862,0.019394879751745538,0.30256012412723043,0.5321955003878976,0.24282389449185415,0.02094647013188518,0.0,0.30256012412723043,10974.126454615982,24448.951124903026,302.67028704422034,7.658650116369278,64.74862888727385,95.06324197847168,553.1171450737005,17.386346004654772,134.11851699766487,198.0673360559651,7.584173778122576,556.1613653995345,93.32206883583707,154.70456806133203,49368.27129011087,102.76209622164625,64.74862888727385,134.11851699766487,0
2018-02-03 04:38:00,2018-02-03 04:39:00,CIC,892,9375.902466367714,18579922.751121078,11.604260089686099,10351.0,1735.9293721973095,1548449.0,,0.0,2084151415680.8245,,,6.871076233183857,4.733183856502242,691.5246636771301,1044.4047085201794,22807.207291665178,5450.905754139059,14880090.933477586,384360.3369371813,15897980.603139013,14676444.198430493,4734.185610624151,698.3875008213296,0.15358744394618834,0.0011210762331838565,0.013452914798206279,0.413677130044843,0.6434977578475336,0.27466367713004486,0.01569506726457399,0.0,0.413677130044843,15051.26793721973,34262.67264573991,386.0067264573991,2.7645739910313902,75.81756618250337,121.30700816888117,666.1255605381166,6.4641255605381165,135.7961735112332,240.9294795475,2.7645739910313902,667.6008968609865,96.26658674871524,177.9038284717601,53496.859549388784,103.91702215897533,75.81756618250337,135.7961735112332,0
2018-02-03 04:39:00,2018-02-03 04:40:00,CIC,983,10113.826042726349,17112746.125127163,10.429298067141405,10252.0,1523.8606307222788,1497955.0,,0.0,2024945418466.885,,,6.091556459816887,4.337741607324517,592.9643947100712,930.8962360122075,64746.56486028568,18270.84250760628,13454098.477382082,352267.3717774395,14389061.151576806,13272975.611393692,17381.221769285665,703.7525540713286,0.23296032553407936,0.00508646998982706,0.0254323499491353,0.3275686673448627,0.572736520854527,0.2960325534079349,0.011190233977619531,0.0,0.3275686673448627,14661.223804679552,27862.8504577823,320.6144455747711,4.640895218718209,65.84039712603256,100.82182852797558,559.381485249237,11.018311291963377,118.76466312450663,199.22564902659207,4.640895218718209,561.8392675483215,84.36514638232248,150.13934413299697,44355.0443102907,92.32232340918006,65.84039712603256,118.76466312450663,0
2018-02-03 04:40:00,2018-02-03 04:41:00,CIC,1240,8805.798387096775,19165550.543548387,10.387096774193548,12880.0,1583.4524193548386,1963481.0,,0.0,8472789499355.428,,,6.029032258064516,4.358064516129033,549.1991935483871,1034.2532258064516,43970.64437131885,18292.995603809355,11697113.088855589,642664.2050991373,13509288.123387096,11397224.504838709,17562.526240435047,627.202452645341,0.2862903225806452,0.0032258064516129032,0.02338709677419355,0.2854838709677419,0.5362903225806451,0.24919354838709679,0.007258064516129033,0.0,0.2854838709677419,12851.375,24208.816935483872,300.0838709677419,7.237903225806452,64.92830099201855,94.32853091936856,543.8298387096775,17.16693548387097,124.91512861783065,193.09816294576612,7.237903225806452,546.9233870967741,87.34404600746532,149.20986880045322,45645.24445302921,97.04296536691695,64.92830099201855,124.91512861783065,0
2018-02-03 04:41:00,2018-02-03 04:42:00,CIC,831,9201.57761732852,18640341.55475331,11.643802647412755,9676.0,1687.2599277978338,1402113.0,,0.0,1048757362665.1779,,,6.77496991576414,4.868832731648616,702.6028880866426,984.6570397111914,23620.302622529565,2852.1718413321864,15393111.915871821,337701.4849487343,16331167.323706377,15215412.246690733,2465.285148766745,386.8866925531312,0.17328519855595667,0.0,0.0048134777376654635,0.42839951865222625,0.6582430806257521,0.26594464500601683,0.010830324909747292,0.0,0.42839951865222625,16644.589651022863,33198.84235860409,386.9037304452467,3.3802647412755715,76.74160377724067,121.88812342227315,654.8580024067388,7.406738868832732,133.12930573501805,234.29377942359807,3.3802647412755715,659.4777376654633,95.60711080097472,174.8140407543538,51958.79179078002,103.47492158737666,76.74160377724067,133.12930573501805,0
2018-02-03 04:42:00,2018-02-03 04:43:00,CIC,899,9518.234705228031,19009751.171301447,11.35261401557286,10206.0,1635.8075639599556,1470591.0,,0.0,3728006780512.5796,,,6.781979977753059,4.5706340378198,655.9199110122358,979.8876529477197,29159.732690970166,8670.87516085067,14764181.71794035,403432.82499459595,15771640.657397108,14543391.274749722,7733.949498318565,927.2806402382926,0.16796440489432704,0.0,0.002224694104560623,0.42046718576195774,0.628476084538376,0.27363737486095663,0.01557285873192436,0.0,0.42046718576195774,14672.427141268076,31762.450500556173,362.6674082313682,3.21357063403782,71.3296058630823,113.68472077766518,628.2825361512791,6.373748609566185,126.46939940234705,226.14685998157952,3.21357063403782,630.817575083426,89.97334561979643,166.7346307484249,49087.131893241894,97.37822350969967,71.3296058630823,126.46939940234705,0
2018-02-03 04:43:00,2018-02-03 04:44:00,CIC,2208,5074.98731884058,15554894.355525363,12.986865942028986,28675.0,5190.678442028986,11461018.0,,0.0,9558676423967.254,,,6.33106884057971,6.655797101449275,426.5421195652174,4764.136322463768,203287.01206317532,12537.111267960403,6761280.767378194,780002.1308581969,9175669.79981884,6442779.764492754,11228.64740920761,1274.3956216243002,0.4479166666666667,0.0018115942028985507,0.019021739130434784,0.1598731884057971,0.4832427536231884,0.27355072463768115,0.006793478260869565,0.0,0.1598731884057971,8467.50634057971,13332.114583333334,225.72916666666666,9.365036231884059,53.154718772741845,74.99729310494203,466.2685688405797,23.183876811594203,129.19760908365942,174.05108374755616,9.347826086956522,470.3201992753623,84.85902921758152,139.78052384981567,44196.25945714705,96.18725606457427,53.154718772741845,129.19760908365942,0
2018-02-03 04:44:00,2018-02-03 04:45:00,CIC,1298,7988.342064714946,18264858.807395995,12.90677966101695,16753.0,3684.9322033898306,4783042.0,,0.0,11580258693932.66,,,6.852080123266564,6.054699537750385,584.7596302003082,3100.172573189522,168366.88594482042,13343.195951566002,10064009.742249103,802778.1560139881,12339080.588597843,9695473.823574731,11886.102391275099,1415.9743123737258,0.3852080123266564,0.0007704160246533128,0.007704160246533128,0.28659476117103233,0.5261941448382126,0.24191063174114022,0.023112480739599383,0.0,0.28659476117103233,11559.72342064715,22229.875192604006,299.10323574730353,9.003081664098612,64.45177328963328,92.66734837181433,555.9753466872111,22.49075500770416,143.5971173013251,196.86965035307858,8.912942989214176,558.8536209553158,97.40497168738136,158.15624271938754,52519.610474615496,108.23705849629046,64.45177328963328,143.5971173013251,0
2018-02-03 04:45:00,2018-02-03 04:46:00,CIC,1054,11980.692599620494,18888378.724857684,9.932637571157496,10469.0,1398.6034155597722,1474128.0,,0.0,4772390681476.131,,,5.808349146110057,4.124288425047438,528.1309297912713,870.472485768501,59826.40818877368,14410.805544293176,12989794.80153629,545084.1083200198,14521852.67552182,12732090.532258065,11365.718316450024,2990.39726389974,0.31499051233396586,0.0009487666034155598,0.012333965844402278,0.2656546489563567,0.4876660341555977,0.3235294117647059,0.051233396584440226,0.0,0.2656546489563567,13292.707779886148,22111.3605313093,278.0180265654649,6.732447817836812,57.52584899424098,85.73510134450663,491.5559772296015,16.37381404174573,112.07198878911764,173.14256752518975,6.732447817836812,496.6679316888046,76.81293513146396,133.46109670276851,39740.50551904778,85.23878695586812,57.52584899424098,112.07198878911764,0
2018-02-03 04:46:00,2018-02-03 04:47:00,CIC,1350,9798.714814814815,15636610.891111111,8.514074074074074,11494.0,1155.9444444444443,1560525.0,,0.0,5913752805734.168,,,5.192592592592592,3.3214814814814817,429.80518518518517,726.1392592592592,331701.1250270117,32831.43336413325,10655815.974411359,506045.8919413397,12082826.107407408,10428062.968888888,29786.77438019753,2801.463181246998,0.29333333333333333,0.007407407407407408,0.06,0.21925925925925926,0.4451851851851852,0.3437037037037037,0.02,0.0,0.21925925925925926,11097.082222222221,17741.804444444446,235.96,13.757777777777777,58.71606411105111,73.23254371019999,412.4925925925926,18.742962962962963,100.95363068751111,147.67328764185925,13.363703703703704,417.9237037037037,75.19936675937036,114.14235878287036,33265.98272853085,87.16969785382963,58.71606411105111,100.95363068751111,0
2018-02-03 04:47:00,2018-02-03 04:48:00,CIC,1255,9025.791235059762,17440089.55936255,10.525099601593626,13209.0,1933.0685258964143,2426001.0,,0.0,11530066402199.156,,,5.981673306772908,4.543426294820717,597.4390438247012,1335.6294820717133,147625.30690056088,14845.135254717565,10424025.895216478,961628.8201841403,13876308.404780876,10074814.351394422,13401.906851542486,1395.9132310975451,0.32669322709163345,0.0031872509960159364,0.0199203187250996,0.30916334661354583,0.5258964143426295,0.250996015936255,0.022310756972111555,0.0,0.30916334661354583,11425.958565737052,21600.72669322709,304.19123505976097,9.646215139442232,68.90884319341036,96.21376416848366,551.388844621514,22.346613545816734,140.0123527998247,196.84656632074103,9.568924302788844,555.2709163346614,96.14424928431633,155.20820452181434,49783.16067883993,107.53516525990437,68.90884319341036,140.0123527998247,0
2018-02-03 04:48:00,2018-02-03 04:49:00,CIC,1198,9433.692821368948,15582628.943238731,9.820534223706177,11765.0,1550.7888146911519,1857845.0,,0.0,1340511916516.5554,,,5.803839732888147,4.01669449081803,557.2245409015025,993.5642737896494,73359.93524390494,6757.395490983791,12511437.955291513,331044.3907722768,13468625.440734558,12356215.74791319,5351.454744035774,1405.9407469895293,0.3013355592654424,0.0008347245409015025,0.01669449081803005,0.29716193656093487,0.5392320534223706,0.24874791318864775,0.0333889816360601,0.0,0.29716193656093487,12821.33222036728,24813.2245409015,308.01669449081805,9.13355592654424,68.10150335274624,97.43832965580634,572.9749582637729,17.735392320534224,142.30270786205344,209.0554056695409,9.122704507512521,576.5358931552588,96.69683981189483,160.51625438286976,51951.39497744945,107.92690975204508,68.10150335274624,142.30270786205344,0
2018-02-03 04:49:00,2018-02-03 04:50:00,CIC,1318,8503.767071320182,19262306.30804249,10.91578148710167,14387.0,1833.3019726858877,2416292.0,,0.0,5794613413421.377,,,6.208649468892261,4.707132018209408,560.8338391502276,1272.4681335356602,382575.33434531733,23244.165344595865,11035651.724944046,709498.6744775523,13194669.940819424,10726698.487101668,22145.57791381791,975.1358697785387,0.3163884673748103,0.002276176024279211,0.015933232169954476,0.2822458270106222,0.5622154779969651,0.23444613050075871,0.012898330804248861,0.0,0.2822458270106222,11732.37708649469,22606.647951441577,300.87784522003034,8.38391502276176,64.89350809163885,94.3112073665349,566.3869499241275,19.47268588770865,136.67118871896284,202.48986934058422,8.38391502276176,571.1350531107739,92.82749163445143,158.04440545368436,49977.5998081656,103.30519431304249,64.89350809163885,136.67118871896284,0
2018-02-03 04:50:00,2018-02-03 04:51:00,CIC,1286,8929.660964230172,17308574.2348367,12.521772939346812,16103.0,3536.073094867807,4547390.0,,0.0,4431691358125.566,,,6.787713841368585,5.734059097978227,601.7908242612752,2934.2822706065317,353460.0610887931,21326.810082188542,11224163.056917464,622929.9417874869,13295665.919906687,10972856.281493,19512.150419487956,1731.7404943792224,0.33359253499222397,0.005443234836702955,0.017107309486780714,0.31026438569206843,0.5419906687402799,0.26594090202177295,0.02410575427682737,0.0,0.31026438569206843,12938.034214618974,23366.780715396577,302.9673405909798,7.282270606531882,63.41119584914697,94.6384365657605,575.6570762052877,20.02877138413686,148.76765085941682,205.63941991494556,7.282270606531882,578.4860031104199,98.20404166157387,163.32110461965476,54513.18616033167,108.4430780770941,63.41119584914697,148.76765085941682,0
2018-02-03 04:51:00,2018-02-03 04:52:00,CIC,1187,10012.308340353833,21966530.47851727,12.657961246840776,15025.0,3885.435551811289,4612012.0,,0.0,9184617297227.658,,,6.73715248525695,5.9208087615838245,692.658803706824,3192.7767481044652,235859.31530962163,11433.288792245176,13921983.062635256,721626.2052402679,16024125.765796125,13586914.096882898,8870.514698495841,2543.5099172015557,0.32603201347935973,0.002527379949452401,0.006739679865206402,0.3024431339511373,0.5332771693344566,0.2763268744734625,0.02948609941027801,0.0,0.3024431339511373,13469.961246840776,23903.620050547597,310.5501263689975,8.398483572030328,70.79864856802021,95.66988440174305,567.4717775905644,17.41027801179444,142.64155078145745,200.58077933151728,6.406908171861836,579.3496208930076,105.13359513602275,162.21058759126876,54489.26168647345,114.91757784420976,70.79864856802021,142.64155078145745,0
2018-02-03 04:52:00,2018-02-03 04:53:00,CIC,1176,10661.823129251701,18638508.781462584,10.66751700680272,12545.0,1651.7882653061224,1942503.0,,0.0,3413226397411.8223,,,6.320578231292517,4.346938775510204,585.7882653061224,1066.0,195124.45303578948,30239.9781266409,13067055.560383087,523487.0028153231,14687554.293367347,12831520.596938776,27157.794494861628,2799.326693517819,0.2227891156462585,0.006802721088435374,0.034013605442176874,0.32908163265306123,0.5620748299319728,0.30272108843537415,0.026360544217687076,0.0,0.32908163265306123,14448.96343537415,26485.733843537415,318.5603741496599,4.858843537414966,64.74522819817177,99.51506386724066,572.4396258503401,11.29421768707483,126.46934512785714,205.34602552414967,4.804421768707483,574.999149659864,87.82378625621598,155.29848632806295,47601.41266100341,96.08935869414711,64.74522819817177,126.46934512785714,0
2018-02-03 04:53:00,2018-02-03 04:54:00,CIC,1159,10840.526315789473,18557671.405522,13.465056082830026,15606.0,5491.7515099223465,6364940.0,,0.0,3683128139997.633,,,6.41932700603969,7.045729076790336,627.9214840379638,4863.830025884383,468939.56106554624,40820.104682086334,13192246.862824487,516500.57580547174,14796851.188955996,12950069.13977567,37836.36814469171,2666.755569145772,0.28213977566867987,0.012079378774805867,0.04227782571182054,0.3399482312338223,0.5314926660914582,0.3080241587575496,0.024158757549611734,0.0,0.3399482312338223,13465.334771354615,25077.27868852459,310.7411561691113,6.101811906816221,65.67879443282226,96.2475990825988,551.0819672131148,14.074201898188093,124.84892186723036,194.04179061821398,6.0465918895599655,557.9456427955133,90.38892196300604,150.70069770497756,46420.34349086524,99.06153734223038,65.67879443282226,124.84892186723036,0
2018-02-03 04:54:00,2018-02-03 04:55:00,CIC,1070,10641.05140186916,21180778.414953273,13.444859813084111,14386.0,3873.4971962616823,4144642.0,,0.0,5923610146870.354,,,7.347663551401869,6.097196261682243,652.0158878504673,3221.4813084112147,334621.50256112864,23141.362363045544,15595182.921242097,534398.743265459,17026177.18411215,15317992.714953272,17045.514685975282,5922.828145395349,0.18878504672897195,0.005607476635514018,0.026168224299065422,0.39532710280373834,0.6149532710280374,0.2897196261682243,0.019626168224299065,0.0,0.39532710280373834,14765.801869158879,30696.83457943925,354.496261682243,2.622429906542056,70.13113766764953,111.69946975271964,623.1719626168224,4.935514018691589,129.5081983928598,224.40266975002802,2.4598130841121497,626.4598130841122,91.74584237635514,167.7492836504215,51440.632661926815,98.69953172436448,70.13113766764953,129.5081983928598,0
2018-02-03 04:55:00,2018-02-03 04:56:00,CIC,1447,8181.935038009675,19443889.122322045,12.149965445749828,17581.0,3373.4284727021422,4881351.0,,0.0,9663899040111.785,,,6.407049067035246,5.742916378714582,558.4678645473393,2814.960608154803,309780.96427586535,22333.388097091447,10214991.508515282,906751.3285325359,12927227.966136836,9820837.394609537,21207.520069034035,1017.8281408880234,0.39875604699378026,0.0034554250172771253,0.0248790601243953,0.2432619212163096,0.4948168624740843,0.24948168624740844,0.01520387007601935,0.0,0.2432619212163096,11679.18797512094,20003.739460953697,281.0345542501728,10.106427090532135,61.68629863779061,86.88781332857637,546.8908085694541,26.200414651002074,144.80694022742918,191.5680761110643,10.106427090532135,549.643400138217,96.96391864665792,155.34571850730407,51212.639592015556,108.36849629051486,61.68629863779061,144.80694022742918,0
2018-02-03 04:56:00,2018-02-03 04:57:00,CIC,1239,8996.707021791768,16592532.912025828,10.618240516545601,13156.0,1975.9184826472963,2448163.0,,0.0,4412451485880.133,,,6.078288942695722,4.539951573849879,537.1081517352703,1438.8103309120258,161528.6437846691,13165.034177553041,11597160.918965038,504472.42760253686,13221898.03874092,11368258.269572236,11148.036370452031,1974.4956790170056,0.29136400322841,0.004842615012106538,0.01937046004842615,0.29539951573849876,0.5544794188861986,0.30347054075867635,0.020177562550443905,0.0,0.29539951573849876,12415.384180790961,23846.17675544794,293.42453591606136,5.468119451170298,61.734433155113805,93.36087753707587,532.5407586763519,12.58272800645682,119.7862228748749,192.24051359472963,5.3591606133979015,534.0387409200969,83.37804093398708,146.32841099657387,43518.613090530394,91.63955345467312,61.734433155113805,119.7862228748749,0
2018-02-03 04:57:00,2018-02-03 04:58:00,CIC,1680,7984.247023809524,19984912.564285714,10.646428571428572,17886.0,2228.641666666667,3744118.0,,0.0,9974045506883.943,,,5.752976190476191,4.893452380952381,479.6684523809524,1748.9732142857142,211306.34471130016,16799.32348067048,9744458.217525216,872465.0522512936,12051342.482142856,9326846.477380952,13865.77453294647,2893.5505584533403,0.44226190476190474,0.002380952380952381,0.025,0.21666666666666667,0.45654761904761904,0.22857142857142856,0.03154761904761905,0.0,0.21666666666666667,10528.569047619048,17759.902976190475,250.96309523809524,11.51845238095238,57.09195607101845,76.87995236089107,496.1690476190476,27.235119047619047,136.98357459518454,175.38616817316074,11.32797619047619,500.35059523809525,91.52058954359167,143.15325199456308,48099.73557281567,103.18747327383988,57.09195607101845,136.98357459518454,0
2018-02-03 04:58:00,2018-02-03 04:59:00,CIC,2087,6977.635361763297,12859166.294202205,9.322472448490656,19456.0,2199.654048873982,4590678.0,,0.0,6339418155096.376,,,4.975083852419742,4.347388596070915,393.03114518447535,1806.6229036895065,279736.60303216946,29036.44413490042,7059837.673521254,562126.1245881792,8722722.561571633,6807694.430761859,27309.968952670268,1489.95407520626,0.4451365596550072,0.006708193579300431,0.03497843794920939,0.17297556300910397,0.4494489698131289,0.319597508385242,0.017249640632486823,0.0,0.17297556300910397,8701.817441303307,13687.294681360805,211.84523239099187,8.891231432678486,50.38554476491615,69.51521340747533,428.7556300910398,22.235745088643988,118.14751128527072,157.2880570000757,8.873023478677528,432.538572113081,80.3410723533493,127.06810269041543,38867.538455581314,90.69580170193579,50.38554476491615,118.14751128527072,0
2018-02-03 04:59:00,2018-02-03 05:00:00,CIC,1161,11787.713178294574,16523557.369509043,9.928509905254092,11527.0,1479.433247200689,1717622.0,,0.0,4364340940607.6514,,,5.796726959517657,4.131782945736434,566.7769164513351,912.656330749354,140419.179361324,21520.499757560276,12722326.533111649,410584.55843270855,13668738.446167096,12481010.45994832,18604.291656206333,2842.0633996051292,0.28251507321274766,0.00516795865633075,0.01636520241171404,0.305770887166236,0.5624461670973299,0.35572782084409993,0.05598621877691645,0.0,0.305770887166236,13912.94659776055,25716.617571059433,302.8811369509044,2.657192075796727,63.27311401152627,97.8658985185392,529.5503875968992,6.444444444444445,109.37016305239449,191.48858892385874,2.657192075796727,534.0801033591731,79.74436969367528,144.33304644977864,41784.67243946912,86.51605909461499,63.27311401152627,109.37016305239449,0
2018-02-03 05:00:00,2018-02-03 05:01:00,CIC,1462,9670.51367989056,20651533.26538988,11.278385772913817,16489.0,2264.173050615595,3310221.0,,0.0,9892095308429.756,,,6.26265389876881,5.015731874145007,565.4582763337893,1698.7147742818058,70218.03006700607,22035.80214433748,11006986.752683671,900189.920553545,13395529.284541724,10583701.175786594,20201.361215520476,1713.8619841610212,0.3741450068399453,0.002051983584131327,0.03967168262653899,0.25170998632010944,0.4904240766073871,0.27906976744186046,0.029411764705882353,0.0,0.25170998632010944,11336.947332421341,20840.78727770178,281.3057455540356,8.955540355677154,61.58225948945281,86.9710064520424,517.7236662106703,21.663474692202463,133.23883801106703,183.19949100364434,8.020519835841313,527.0013679890561,92.29812509506566,149.46463227504447,49650.54373708312,102.65456434268332,61.58225948945281,133.23883801106703,0
2018-02-03 05:01:00,2018-02-03 05:02:00,CIC,2134,6823.19587628866,18419910.556232426,11.393626991565135,24314.0,2897.3987816307404,6183049.0,,0.0,11019838009528.309,,,5.994376757263355,5.399250234301781,492.7961574507966,2404.6026241799436,134552.99587100095,15987.000098246946,7407396.106706659,1032598.7166249325,10750266.139175259,6984402.406747892,14049.804148679495,1899.7381236467756,0.49953139643861294,0.0018744142455482662,0.031865042174320526,0.19212746016869728,0.42924086223055297,0.19775070290534208,0.01218369259606373,0.0,0.19212746016869728,8729.76710402999,14768.799437675727,247.06326148078725,14.937207122774133,57.88511723522118,74.55280400010966,495.54592314901595,36.79100281162137,154.69115655091377,172.80461377246766,14.910028116213683,501.89784442361764,100.55915713488612,148.58744759482897,53147.86054428619,114.44906836819212,57.88511723522118,154.69115655091377,0
2018-02-03 05:02:00,2018-02-03 05:03:00,CIC,1820,8598.395054945055,18788550.38186813,9.871428571428572,17966.0,1802.9153846153847,3281306.0,,0.0,9925356351429.053,,,5.5697802197802195,4.3016483516483515,485.1824175824176,1317.732967032967,198214.87039665016,15923.60979251094,10030591.917917458,967337.5645503788,13034286.288461538,9633755.79065934,13059.76288059766,2820.1007311931053,0.4104395604395604,0.00934065934065934,0.012087912087912088,0.2175824175824176,0.4461538461538462,0.2620879120879121,0.03571428571428571,0.0,0.2175824175824176,10820.812087912087,17655.551648351648,260.6714285714286,12.353296703296703,60.171975301032965,80.55728431506154,498.67527472527473,27.364285714285714,138.64512885497803,177.2031195375275,12.320879120879122,505.08351648351646,93.16723565080714,144.9458031723467,49427.97047248997,105.63761866036482,60.171975301032965,138.64512885497803,0
2018-02-03 05:03:00,2018-02-03 05:04:00,CIC,1547,11999.425339366517,19246707.87718164,10.800258564964448,16708.0,2271.3568196509373,3513789.0,,0.0,12609004598500.717,,,6.045895281189399,4.7543632837750485,531.7078215901745,1739.6489980607628,55097.77613364644,17199.60117799616,11375956.456623338,878378.6824520606,13553660.195216548,10927054.706528766,13573.644099466332,3570.366900269762,0.3445378151260504,0.003232062055591467,0.029088558500323207,0.27213962508080153,0.46864899806076277,0.3206205559146736,0.07692307692307693,0.0,0.27213962508080153,11599.110536522301,22002.104718810602,275.97349709114417,9.04524886877828,59.703489075988365,84.40583946908468,492.25921137685845,16.884938590820944,122.69222496142405,175.69316412034905,9.042663219133807,501.19974143503555,86.92103523251843,139.41451362413963,45310.661987016596,96.78846635614738,59.703489075988365,122.69222496142405,0
2018-02-03 05:04:00,2018-02-03 05:05:00,CIC,1988,9925.331488933602,16471637.527162978,13.920020120724345,27673.0,5501.4914486921525,10936965.0,,0.0,11686007442696.404,,,6.826458752515091,7.093561368209255,471.34507042253523,5030.146378269617,307341.85630073136,40856.517846834926,8036628.895819733,925011.8845347437,10889966.655432595,7638452.245975855,37546.15500746136,2919.883041068043,0.42203219315895374,0.006539235412474849,0.06740442655935613,0.20724346076458752,0.41448692152917505,0.3023138832997988,0.02716297786720322,0.0,0.20724346076458752,9682.76509054326,15694.713279678068,242.64336016096578,11.229879275653923,55.64120990098642,75.16878408669768,478.08903420523137,28.330482897384307,135.4322772808652,168.68314700397386,11.158953722334005,485.50653923541245,89.46370105461419,140.22924969082143,47829.73237161075,101.45273307983803,55.64120990098642,135.4322772808652,0
2018-02-03 05:05:00,2018-02-03 05:06:00,CIC,1198,11592.771285475794,20271696.07929883,10.392320534223707,12450.0,1499.721202003339,1796666.0,,0.0,6281944220524.209,,,6.167779632721202,4.224540901502504,589.3722871452421,910.3489148580968,63421.63752779351,16618.75684399573,14265939.339346727,575213.3697742674,15624565.098497495,13942616.559265442,15140.882188457317,1408.514234664661,0.22454090150250416,0.007512520868113523,0.02003338898163606,0.3347245409015025,0.5392320534223706,0.32053422370617696,0.03171953255425709,0.0,0.3347245409015025,13839.87979966611,26549.16611018364,313.08681135225373,4.278797996661102,63.39944956752588,97.96798117969115,546.4373956594324,10.825542570951585,117.22962274941236,194.47221879341902,4.226210350584307,549.0859766277129,82.24793136007513,147.02710153206428,43806.71111029402,89.96262778157846,63.39944956752588,117.22962274941236,0
2018-02-03 05:06:00,2018-02-03 05:07:00,CIC,1301,10755.387394312067,18641089.7840123,10.18447348193697,13250.0,1470.8224442736357,1913540.0,,0.0,11150115117852.867,,,5.950807071483474,4.233666410453497,531.152190622598,939.6702536510377,119040.29162720904,25463.753331499993,12716596.463421166,774113.2191966436,14484760.627978478,12319315.543428132,23490.171231831322,1758.2851845164612,0.24750192159877019,0.005380476556495004,0.045349730976172176,0.31821675634127594,0.5149884704073789,0.3766333589546503,0.03151421983089931,0.0,0.31821675634127594,14068.232129131437,23251.70176787087,285.1813989239047,3.3604919292851654,58.288598344212915,91.41238084767949,503.9208301306687,8.370484242890084,107.88572286040277,182.88972400332744,3.3597232897770946,509.1552651806303,76.59476090415603,138.33697928382168,40766.42950016568,83.67233412309608,58.288598344212915,107.88572286040277,0
2018-02-03 05:07:00,2018-02-03 05:08:00,CIC,1670,8542.962874251498,18952364.691017963,10.223952095808384,17074.0,1909.2317365269462,3188417.0,,0.0,13691842840771.742,,,5.691017964071857,4.532934131736527,473.7754491017964,1435.4562874251496,280081.30219716806,24688.85604881267,9633159.954935677,995082.1434440714,12365433.35269461,9172726.739520958,23066.758590123954,1503.827489640944,0.4359281437125748,0.006586826347305389,0.03473053892215569,0.2125748502994012,0.44011976047904194,0.26766467065868266,0.022754491017964073,0.0,0.2125748502994012,10129.370059880239,16037.94371257485,245.04251497005987,11.240119760479041,56.27458429588024,75.64530042402335,479.8526946107784,28.568263473053893,130.53582078473653,167.02815662887667,11.240119760479041,485.5922155688623,87.48767950837545,137.87815888497843,44535.501216944416,99.27857260852694,56.27458429588024,130.53582078473653,0
2018-02-03 05:08:00,2018-02-03 05:09:00,CIC,1172,9758.701365187713,22479351.318259384,10.541808873720136,12355.0,1662.0264505119453,1947895.0,,0.0,7252317252545.162,,,6.087030716723549,4.454778156996587,540.2926621160409,1121.7337883959044,165439.20690466027,12703.350722543393,14815982.577283569,648629.9318456233,16477404.751706485,14477981.885665528,9092.626173740739,3578.2074393910752,0.32849829351535836,0.0017064846416382253,0.016211604095563138,0.2687713310580205,0.5025597269624573,0.2790102389078498,0.025597269624573378,0.0,0.2687713310580205,14674.256825938566,23221.487201365188,284.67320819112626,7.272184300341297,59.1247825554087,87.04716203326535,505.85409556313994,16.880546075085324,116.39347026360069,177.59119648902728,7.1305460750853245,512.0819112627986,81.14226934224489,138.5740037689488,42149.320873667784,89.75602048004266,59.1247825554087,116.39347026360069,0
2018-02-03 05:09:00,2018-02-03 05:10:00,CIC,1241,10538.179693795326,20234296.375503626,10.815471394037067,13422.0,1911.788074133763,2372529.0,,0.0,9357071312384.936,,,6.071716357775987,4.74375503626108,534.3376309427881,1377.450443190975,66868.9289626108,12749.068690772845,12560723.309524061,822482.9229027797,14914495.80902498,12176786.116035456,11237.791293636134,1470.1845085675318,0.36341659951651895,0.004834810636583401,0.018533440773569703,0.23690572119258663,0.49153908138597907,0.2860596293311845,0.0273972602739726,0.0,0.23690572119258663,14260.837228041903,20771.786462530217,281.00725221595485,8.344883158742949,59.34976039921515,85.8171471461805,507.82191780821915,20.413376309427882,125.230341863585,178.4241015265834,8.282836422240129,513.8517324738115,85.23073660588477,141.570005899635,44618.216584606016,94.48079795597342,59.34976039921515,125.230341863585,0
2018-02-03 05:10:00,2018-02-03 05:11:00,CIC,1220,11092.005737704918,17911262.08032787,9.1,11102.0,1384.255737704918,1688792.0,,0.0,7818524822954.81,,,5.335245901639344,3.7647540983606556,435.23196721311473,949.0237704918032,275798.13693040586,37361.53366886251,12115933.903520022,597682.5684689744,13426148.559836065,11783060.164754098,33534.249685427996,3582.2903202194802,0.35737704918032787,0.009016393442622951,0.05245901639344262,0.23442622950819672,0.4237704918032787,0.330327868852459,0.03524590163934426,0.0,0.23442622950819672,11795.423770491803,18522.480327868852,233.50901639344264,8.65327868852459,51.85375712086393,71.32090700396886,419.22049180327866,20.18360655737705,103.26502708821312,146.22080603089756,8.569672131147541,425.3106557377049,71.8339496118959,116.85219835194835,35136.93798944107,81.22043729937214,51.85375712086393,103.26502708821312,0
2018-02-03 05:11:00,2018-02-03 05:12:00,CIC,1360,8601.850735294118,21758763.180882353,16.01029411764706,21774.0,8280.230147058823,11261113.0,,0.0,7917565898045.259,,,6.848529411764706,9.161764705882353,614.8014705882352,7665.4286764705885,126329.72582671915,17661.4675682122,11930887.19037511,819389.2252966308,14414469.763970587,11564953.993382353,16656.785275511626,926.764053446084,0.4183823529411765,0.003676470588235294,0.020588235294117647,0.2595588235294118,0.4676470588235294,0.25,0.016911764705882352,0.0,0.2595588235294118,12009.801470588236,19120.779411764706,271.6397058823529,10.368382352941177,58.96079218852794,81.48961318005588,506.89632352941175,27.226470588235294,137.3632182590956,175.80968439890444,10.368382352941177,514.4639705882353,93.49488555069559,145.03355324704705,47795.46212547081,104.39628694136839,58.96079218852794,137.3632182590956,0
2018-02-03 05:12:00,2018-02-03 05:13:00,CIC,1216,10122.651315789473,21239883.10444079,12.129111842105264,14749.0,3091.4465460526317,3759199.0,,0.0,7913242714462.315,,,6.579769736842105,5.5493421052631575,527.5855263157895,2563.861019736842,48966.74751247942,21036.474597687582,11951876.30006097,784567.6976484125,13998977.310855264,11542596.545230264,19306.76436611539,1677.8110344812237,0.3717105263157895,0.004111842105263158,0.023848684210526317,0.2590460526315789,0.46957236842105265,0.28207236842105265,0.02631578947368421,0.0,0.2590460526315789,12686.561677631578,19887.85279605263,261.2368421052632,9.017269736842104,55.1641409569227,78.34489699218915,488.2993421052632,20.16200657894737,129.30547577644737,172.23838729226068,9.017269736842104,493.34292763157896,87.9638021686324,139.6945939498339,47540.55395907344,97.4696160655584,55.1641409569227,129.30547577644737,0
2018-02-03 05:13:00,2018-02-03 05:14:00,CIC,1731,7718.454072790295,20341877.20161756,17.954361640670133,31079.0,9167.618717504332,15869148.0,,0.0,11383302610547.074,,,8.088388214904679,9.865973425765453,484.96071634893127,8682.658001155402,167723.46485038317,21326.623514547962,8776761.411997287,942632.5239139787,11188813.848642403,8304570.796071635,18646.409712474477,2655.572989224186,0.4702484113229347,0.0028885037550548816,0.020219526285384173,0.17157712305025996,0.43443096476025417,0.2697862507221259,0.016753321779318313,0.0,0.17157712305025996,9964.029462738301,13407.90872328134,232.60600808781052,11.222992489890236,50.96350913561467,71.46920330109417,438.87637203928364,28.813402657423456,134.22093763376662,155.36916913912017,11.186019641825535,448.77700751010974,89.00917424684403,134.63394896858003,46613.809236757384,100.20440003650492,50.96350913561467,134.22093763376662,0
2018-02-03 05:14:00,2018-02-03 05:15:00,CIC,1564,8596.16368286445,15488924.191815857,8.595268542199488,13443.0,1470.291560102302,2299536.0,,0.0,4778390243950.301,,,4.876598465473146,3.7186700767263425,369.1118925831202,1101.1796675191815,259460.15286870935,20057.734770358435,10137108.340535209,448240.35263003246,11213245.560102303,9885099.500639386,16685.172961906163,3308.4386154026824,0.38107416879795397,0.0038363171355498722,0.034526854219948847,0.20012787723785166,0.46611253196930946,0.391304347826087,0.03644501278772379,0.0,0.20012787723785166,10033.44884910486,14483.932864450127,209.9507672634271,5.044117647058823,47.1555339217986,70.94124095979156,393.68797953964196,11.85549872122762,95.07404453474425,148.0819346786573,4.9648337595907925,398.2851662404092,66.4070753754546,115.43468777611444,32116.35933798836,74.31895079492966,47.1555339217986,95.07404453474425,0
2018-02-03 05:15:00,2018-02-03 05:16:00,CIC,1964,8273.516802443992,16040277.042260693,13.64256619144603,26794.0,6365.548370672098,12501937.0,,0.0,12795939246932.424,,,6.261710794297352,7.380855397148676,404.20570264765786,5961.34266802444,143478.00805418636,20087.57048057588,7751016.2841425305,1027678.2766404066,10674460.68533605,7256479.332484725,18300.860358333604,1745.798573347286,0.5234215885947047,0.004073319755600814,0.031568228105906315,0.1675152749490835,0.3559063136456212,0.2535641547861507,0.028513238289205704,0.0,0.1675152749490835,8788.090631364563,12981.30702647658,208.3854378818737,15.05193482688391,50.94446144106568,62.37960605274745,412.95773930753563,36.55753564154786,129.34651150537678,140.9914509106451,15.028004073319755,420.78971486761714,84.92821340931975,122.80274787846334,41163.71411243315,98.19725572147199,50.94446144106568,129.34651150537678,0
2018-02-03 05:16:00,2018-02-03 05:17:00,CIC,1307,8740.044376434584,14650041.66717674,8.463657230298393,11062.0,1204.1293037490436,1573797.0,,0.0,7869934617218.154,,,5.093343534812548,3.3703136954858453,446.9364957918898,757.1928079571538,100609.2043907781,10703.05036701339,11556021.451967614,553232.2660961929,12975782.582249425,11294609.970160672,8944.467115748812,1725.8271674409573,0.32823259372609026,0.0022953328232593728,0.013771996939556235,0.2570772762050497,0.4651874521805662,0.3175210405508799,0.026013771996939557,0.0,0.2570772762050497,11378.966335118592,18455.220351951033,248.58607498087224,14.24407039020658,61.19083868153252,77.43527715541163,426.28538638102526,19.51644988523336,105.27080530379494,151.1453288307192,13.885998469778118,432.24100994644226,77.78043451054859,117.50980766297552,34697.93532363707,89.72548108127774,61.19083868153252,105.27080530379494,0
2018-02-03 05:17:00,2018-02-03 05:18:00,CIC,1764,7447.030612244898,20870335.82936508,12.93140589569161,22811.0,4152.178571428572,7324443.0,,0.0,12070505916802.271,,,6.670068027210885,6.261337868480726,491.48356009070295,3660.6950113378684,155186.50501134034,10435.139366909481,9001680.550062742,1123408.677181989,12999100.48015873,8571414.011337869,8974.752412601223,1436.7245068211625,0.4574829931972789,0.0005668934240362812,0.031179138321995464,0.19784580498866214,0.44727891156462585,0.20748299319727892,0.006802721088435374,0.0,0.19784580498866214,9310.431972789116,13054.006235827665,231.5362811791383,13.75907029478458,56.51951925183787,70.69992423446541,487.421768707483,33.87641723356009,152.0259863215363,172.3678601130465,13.680272108843537,491.7607709750567,97.1147918674813,145.08602147908562,51399.09529065307,110.34306927911564,56.51951925183787,152.0259863215363,0
2018-02-03 05:18:00,2018-02-03 05:19:00,CIC,1045,11398.363636363636,20083265.98277512,10.266028708133971,10728.0,1580.8315789473684,1651969.0,,0.0,7981042111494.157,,,5.978947368421053,4.287081339712919,529.9933014354067,1050.8382775119617,71897.5165762442,7242.397309278534,13920189.429521542,653004.7312182183,15709203.593301436,13609062.004784688,4500.1999819566145,2735.2668034877033,0.3320574162679426,0.003827751196172249,0.020095693779904306,0.29569377990430623,0.5043062200956938,0.307177033492823,0.05263157894736842,0.0,0.29569377990430623,14069.386602870813,22512.15980861244,282.42870813397127,8.045933014354066,59.49454865222679,86.24149221206315,535.3971291866029,18.24306220095694,126.23701750989474,189.06792419275598,8.003827751196173,536.8306220095694,84.98639344274737,145.9562784826402,45892.47543533634,94.69315748574832,59.49454865222679,126.23701750989474,0
2018-02-03 05:19:00,2018-02-03 05:20:00,CIC,1028,11704.863813229573,23823861.913424123,20.41536964980545,20987.0,11023.832684824903,11332500.0,,0.0,13851474386257.543,,,9.376459143968871,11.038910505836576,564.0476653696498,10459.785019455252,128700.11944370114,10683.30984858738,15144949.832865309,993928.0334366484,17965046.7422179,14681681.898832684,8397.850863199756,2254.282011239228,0.30544747081712065,0.0038910505836575876,0.02237354085603113,0.301556420233463,0.5107003891050583,0.3326848249027237,0.04182879377431906,0.0,0.301556420233463,14037.793774319067,22372.110894941634,282.3356031128405,5.319066147859922,57.498965313589494,87.18409232501071,513.9824902723735,13.34727626459144,122.05383007325875,181.68239861836577,5.262645914396887,518.9221789883269,84.4718156041751,142.11413551517606,44739.25960015913,92.02577847314299,57.498965313589494,122.05383007325875,0
2018-02-03 05:20:00,2018-02-03 05:21:00,CIC,1312,10276.129573170732,16961803.676829267,9.516006097560975,12485.0,1516.750762195122,1989977.0,,0.0,4541418146362.512,,,5.538109756097561,3.9778963414634148,488.8658536585366,1027.8849085365853,204956.51931599388,32620.32379848511,11629291.282291519,513582.62324972195,13125150.358993903,11393934.359756097,30714.074242671417,1632.7559874840524,0.3589939024390244,0.009146341463414634,0.040396341463414635,0.2820121951219512,0.4649390243902439,0.2934451219512195,0.026676829268292682,0.0,0.2820121951219512,12557.379573170732,21835.98018292683,269.2888719512195,9.108231707317072,57.77479900409528,82.02962925317226,484.4428353658537,22.92530487804878,117.62238863303352,167.80038422155488,9.079268292682928,487.8094512195122,80.61304468866388,133.10763494556707,40073.31205648082,90.82337307836814,57.77479900409528,117.62238863303352,0
2018-02-03 05:21:00,2018-02-03 05:22:00,CIC,1733,8178.391229082516,22187276.344489325,20.309867282169648,35197.0,10375.392383150605,17980555.0,,0.0,13085135828599.111,,,9.22792844777842,11.081938834391229,564.863819965378,9810.528563185228,119813.88833100465,14258.250521060789,8702222.813565422,1101339.9473238185,11750725.418926716,8179928.817080208,12736.241572067756,1464.4164771805897,0.47316791690709753,0.002308136180034622,0.03231390652048471,0.19099826889786498,0.4593190998268898,0.2267743796884016,0.025966532025389497,0.0,0.19099826889786498,10115.461050201962,16144.759376803231,260.76283900750144,12.72071552221581,56.854635603246976,78.12542403510618,531.533756491633,34.032313906520486,162.7766101722158,184.31526807701673,12.552798615118292,537.3658395845355,104.48724340807502,158.33581872814486,57474.72124518718,117.12231227642124,56.854635603246976,162.77661017279286,0
2018-02-03 05:22:00,2018-02-03 05:23:00,CIC,1673,8549.062761506277,20610363.480573818,13.343693962940824,22324.0,4812.653915122534,8051570.0,,0.0,9821988241084.809,,,6.800358637178721,6.543335325762104,468.74118350268975,4343.912731619845,189930.36413169676,19167.475013427797,9728344.628544077,885435.5545865133,12490486.893604303,9348254.631201435,15695.875303446177,3322.659378091131,0.44411237298266587,0.005977286312014346,0.031679617453676034,0.20502092050209206,0.42498505678421994,0.24626419605499103,0.02630005977286312,0.0,0.20502092050209206,9756.75134488942,15369.493126120742,238.4190077704722,12.622833233711894,54.1418386255541,71.35898379096832,474.3466826060968,31.188882247459652,143.91741877596533,167.2494890356485,12.540944411237298,480.9503885236103,93.5743864557065,141.850806069743,50251.312770421784,105.87258589616258,54.1418386255541,143.91741877596533,0
2018-02-03 05:23:00,2018-02-03 05:24:00,CIC,1061,14908.947219604148,20012981.737040527,16.388312912346844,17388.0,9822.37040527804,10421535.0,,0.0,4400586607981.794,,,6.737983034872761,9.65032987747408,482.8878416588124,9339.482563619227,221624.05514975198,25956.113214797835,14066500.874100525,546243.8960608687,15532674.174363807,13780315.816211121,21867.800826533,4014.920927767232,0.32045240339302544,0.002827521206409048,0.036757775683317624,0.25070688030160226,0.4297832233741753,0.43072573044297835,0.08011310084825636,0.0,0.25070688030160226,13633.450518378888,19928.195098963242,253.90103675777567,4.87181903864279,50.62408429595287,78.55670647090292,426.4147031102733,10.582469368520265,101.18356394483507,148.15781481176248,4.8454288407163055,436.4062205466541,73.89033366840717,117.81543876639773,35738.90203249527,80.76685329184448,50.62408429595287,101.18356394483507,0
2018-02-03 05:24:00,2018-02-03 05:25:00,CIC,1923,8927.06864274571,17584746.80603224,11.026521060842434,21204.0,3027.171086843474,5821250.0,,0.0,7886409468543.881,,,5.740509620384816,5.286011440457618,442.24700988039524,2584.9240769630787,396354.2435536656,23907.125120202672,7754390.7031732695,864169.3386337011,10497546.183567343,7393684.355174207,21001.975914943276,2644.072955945481,0.49817992719708787,0.003640145605824233,0.033281331253250133,0.15340613624544983,0.4118564742589704,0.2735309412376495,0.0265210608424337,0.0,0.15340613624544983,9183.873114924598,12881.967758710349,222.65366614664586,12.620904836193448,52.35331491882683,68.84975839187156,469.66250650026,33.85907436297452,153.731063749948,167.5374726071659,12.59074362974519,473.9386375455018,99.43669181086688,145.43940285173792,54606.12749883097,112.59262212125482,52.35331491882683,153.731063749948,0
2018-02-03 05:25:00,2018-02-03 05:26:00,CIC,1183,12425.864750633982,20023674.0,15.434488588334743,18259.0,8475.972104818258,10027075.0,,0.0,9420294679036.072,,,6.646661031276416,8.787827557058327,529.6001690617076,7946.3719357565515,174131.6656697123,29476.345252954787,13720210.526913812,530990.0401422309,14961400.681318682,13412993.82079459,27083.897689750687,2267.8645317464006,0.2180896027049873,0.00507185122569738,0.04564666103127642,0.27472527472527475,0.49535080304311074,0.37193575655114114,0.04818258664412511,0.0,0.27472527472527475,13345.06339814032,23752.524091293322,278.84615384615387,3.985629754860524,55.77405126764835,86.6099199648377,482.4742180896027,9.409129332206255,104.75980296481319,171.86308278678698,3.9585798816568047,488.6348267117498,74.58243524286813,131.15071181445646,38736.23836143112,81.68949982607862,55.77405126764835,104.75980296481319,0
2018-02-03 05:26:00,2018-02-03 05:27:00,CIC,1459,9038.213845099383,16051232.19259767,10.498971898560658,15318.0,2233.209047292666,3258252.0,,0.0,10616777977729.984,,,5.814256339958876,4.684715558601782,469.4379712131597,1763.7710760795064,92490.26557989881,15707.30573229992,9774188.31720895,777682.6920125071,11949724.505825909,9428535.37217272,13961.49122131437,1713.517103667383,0.37834132967786155,0.0006854009595613434,0.021247429746401644,0.23783413296778616,0.4873200822481151,0.295407813570939,0.023303632625085675,0.0,0.23783413296778616,11325.778615490062,18546.135023989034,249.68197395476355,8.364633310486635,54.56400454009664,77.91754027862851,466.34201507882113,19.976010966415352,118.52909461367581,167.0527518529472,8.342700479780671,469.90335846470185,79.79941062420973,131.93771414250855,40649.813832242595,89.31505901666964,54.56400454009664,118.52909461367581,0
2018-02-03 05:27:00,2018-02-03 05:28:00,CIC,1477,8987.125253893026,16908572.31888964,14.85781990521327,21945.0,7468.09884901828,11030382.0,,0.0,6823696223793.376,,,6.637779282329046,8.220040622884225,484.40893703452946,6983.689911983751,198977.7892123476,23895.02873492183,9116492.61344403,680328.2428504431,11192947.394719025,8822971.505077861,22392.67227996193,1356.7537070692986,0.3818551117129316,0.003385240352064997,0.040622884224779957,0.2660798916723087,0.4515910629654705,0.27352742044685174,0.021665538253215978,0.0,0.2660798916723087,10566.810426540284,17981.974272173324,249.1828029790115,10.127962085308058,56.077617733385914,76.89134662424036,469.2708192281652,24.07244414353419,122.96936628418416,165.28610079077183,10.106973595125254,476.3236289776574,83.0494357031977,133.54166661368924,42100.42603933866,93.950747882283,56.077617733385914,122.96936628418416,0
2018-02-03 05:28:00,2018-02-03 05:29:00,CIC,2126,6147.077610536218,14629824.62841016,10.485418626528693,22292.0,2504.0155221072437,5323537.0,,0.0,8959759911486.172,,,5.5136406396989655,4.971777986829728,450.22295390404514,2053.7925682031987,180255.698863053,11719.396325078931,5847149.6723322775,1005849.784857471,9425160.514581373,5469351.6707431795,10135.883717952205,1544.9256955455267,0.5517403574788335,0.0023518344308560675,0.022107243650047036,0.17685794920037629,0.4129821260583255,0.16745061147695203,0.020696142991533398,0.0,0.17685794920037629,6582.034807149576,12706.075258701787,229.40122295390404,15.921448730009407,56.15872079721213,69.55512468627282,487.20978363123237,38.890874882408276,156.65563741363124,173.2566176655969,15.920978363123236,492.19661335841954,100.39205688735653,148.45705866217074,53953.68247058706,114.92135297271308,56.15872079721213,156.65563741363124,0
2018-02-03 05:29:00,2018-02-03 05:30:00,CIC,1835,6865.603814713896,3033284.498092643,14.92207084468665,27382.0,7885.948773841962,14470716.0,,0.0,1775449210640.8152,,,6.7460490463215255,8.176021798365122,405.7198910081744,7480.228882833788,362391.21192844916,34663.460723892684,562876.449130288,318584.9536758836,1483630.034877384,409572.5634877384,31893.621296257403,2429.8163797569737,0.420708446866485,0.006539509536784741,0.037057220708446865,0.1983651226158038,0.5220708446866485,0.33678474114441415,0.03487738419618529,0.0,0.1983651226158038,5469.3536784741145,15663.735694822888,228.02288828337873,5.712261580381472,52.96829051962343,78.73273061770736,448.91062670299726,14.037602179836512,113.98819912598366,171.10814466907354,5.694277929155313,452.67465940054495,78.25491720508448,133.57916980927303,39126.132869383466,87.37954644733242,52.96829051962343,113.98819912598366,0
2018-02-03 05:30:00,2018-02-03 05:31:00,CIC,259,6258.359073359074,840530.5250965251,166.54054054054055,43134.0,1910.4903474903474,494817.0,,0.0,116687283183.45209,,,50.22393822393823,116.31660231660231,1018.2818532818533,892.2084942084942,42386.35528997591,8772.337786163873,87435.47718684518,99634.60695521305,476723.3166023166,33272.40540540541,5418.377562728007,3353.9602231068807,10.50965250965251,0.007722007722007722,0.007722007722007722,0.2084942084942085,0.4594594594594595,0.1274131274131274,0.06563706563706563,0.0,0.2084942084942085,4171.285714285715,14445.11196911197,348.65250965250965,10.563706563706564,99.88034912621622,124.0445004130502,504.27799227799227,19.826254826254825,80.3382692272857,119.2117122699614,10.563706563706564,510.4092664092664,54.220326463783785,98.74295810647877,25972.102668929805,63.89279528202317,99.88034912621622,80.3382692272857,0
2018-02-03 05:31:00,2018-02-03 05:32:00,CIC,0,,,,0.0,,0.0,,0.0,,,,,,,,,,,,,,,,,,,,,,,,,,,,,,,,,,,,,,,,,,,0
2018-02-03 05:32:00,2018-02-03 05:33:00,CIC,0,,,,0.0,,0.0,,0.0,,,,,,,,,,,,,,,,,,,,,,,,,,,,,,,,,,,,,,,,,,,0
2018-02-03 05:33:00,2018-02-03 05:34:00,CIC,0,,,,0.0,,0.0,,0.0,,,,,,,,,,,,,,,,,,,,,,,,,,,,,,,,,,,,,,,,,,,0
2018-02-03 05:34:00,2018-02-03 05:35:00,CIC,0,,,,0.0,,0.0,,0.0,,,,,,,,,,,,,,,,,,,,,,,,,,,,,,,,,,,,,,,,,,,0
2018-02-03 05:35:00,2018-02-03 05:36:00,CIC,0,,,,0.0,,0.0,,0.0,,,,,,,,,,,,,,,,,,,,,,,,,,,,,,,,,,,,,,,,,,,0
2018-02-03 05:36:00,2018-02-03 05:37:00,CIC,0,,,,0.0,,0.0,,0.0,,,,,,,,,,,,,,,,,,,,,,,,,,,,,,,,,,,,,,,,,,,0
2018-02-03 05:37:00,2018-02-03 05:38:00,CIC,0,,,,0.0,,0.0,,0.0,,,,,,,,,,,,,,,,,,,,,,,,,,,,,,,,,,,,,,,,,,,0
2018-02-03 05:38:00,2018-02-03 05:39:00,CIC,0,,,,0.0,,0.0,,0.0,,,,,,,,,,,,,,,,,,,,,,,,,,,,,,,,,,,,,,,,,,,0
2018-02-03 05:39:00,2018-02-03 05:40:00,CIC,0,,,,0.0,,0.0,,0.0,,,,,,,,,,,,,,,,,,,,,,,,,,,,,,,,,,,,,,,,,,,0
2018-02-03 05:40:00,2018-02-03 05:41:00,CIC,0,,,,0.0,,0.0,,0.0,,,,,,,,,,,,,,,,,,,,,,,,,,,,,,,,,,,,,,,,,,,0
2018-02-03 05:41:00,2018-02-03 05:42:00,CIC,0,,,,0.0,,0.0,,0.0,,,,,,,,,,,,,,,,,,,,,,,,,,,,,,,,,,,,,,,,,,,0
2018-02-03 05:42:00,2018-02-03 05:43:00,CIC,0,,,,0.0,,0.0,,0.0,,,,,,,,,,,,,,,,,,,,,,,,,,,,,,,,,,,,,,,,,,,0
2018-02-03 05:43:00,2018-02-03 05:44:00,CIC,0,,,,0.0,,0.0,,0.0,,,,,,,,,,,,,,,,,,,,,,,,,,,,,,,,,,,,,,,,,,,0
2018-02-03 05:44:00,2018-02-03 05:45:00,CIC,0,,,,0.0,,0.0,,0.0,,,,,,,,,,,,,,,,,,,,,,,,,,,,,,,,,,,,,,,,,,,0
2018-02-03 05:45:00,2018-02-03 05:46:00,CIC,0,,,,0.0,,0.0,,0.0,,,,,,,,,,,,,,,,,,,,,,,,,,,,,,,,,,,,,,,,,,,0
2018-02-03 05:46:00,2018-02-03 05:47:00,CIC,0,,,,0.0,,0.0,,0.0,,,,,,,,,,,,,,,,,,,,,,,,,,,,,,,,,,,,,,,,,,,0
2018-02-03 05:47:00,2018-02-03 05:48:00,CIC,0,,,,0.0,,0.0,,0.0,,,,,,,,,,,,,,,,,,,,,,,,,,,,,,,,,,,,,,,,,,,0
2018-02-03 05:48:00,2018-02-03 05:49:00,CIC,0,,,,0.0,,0.0,,0.0,,,,,,,,,,,,,,,,,,,,,,,,,,,,,,,,,,,,,,,,,,,0
2018-02-03 05:49:00,2018-02-03 05:50:00,CIC,0,,,,0.0,,0.0,,0.0,,,,,,,,,,,,,,,,,,,,,,,,,,,,,,,,,,,,,,,,,,,0
2018-02-03 05:50:00,2018-02-03 05:51:00,CIC,0,,,,0.0,,0.0,,0.0,,,,,,,,,,,,,,,,,,,,,,,,,,,,,,,,,,,,,,,,,,,0
2018-02-03 05:51:00,2018-02-03 05:52:00,CIC,0,,,,0.0,,0.0,,0.0,,,,,,,,,,,,,,,,,,,,,,,,,,,,,,,,,,,,,,,,,,,0
2018-02-03 05:52:00,2018-02-03 05:53:00,CIC,0,,,,0.0,,0.0,,0.0,,,,,,,,,,,,,,,,,,,,,,,,,,,,,,,,,,,,,,,,,,,0
2018-02-03 05:53:00,2018-02-03 05:54:00,CIC,0,,,,0.0,,0.0,,0.0,,,,,,,,,,,,,,,,,,,,,,,,,,,,,,,,,,,,,,,,,,,0
2018-02-03 05:54:00,2018-02-03 05:55:00,CIC,0,,,,0.0,,0.0,,0.0,,,,,,,,,,,,,,,,,,,,,,,,,,,,,,,,,,,,,,,,,,,0
2018-02-03 05:55:00,2018-02-03 05:56:00,CIC,0,,,,0.0,,0.0,,0.0,,,,,,,,,,,,,,,,,,,,,,,,,,,,,,,,,,,,,,,,,,,0
2018-02-03 05:56:00,2018-02-03 05:57:00,CIC,0,,,,0.0,,0.0,,0.0,,,,,,,,,,,,,,,,,,,,,,,,,,,,,,,,,,,,,,,,,,,0
2018-02-03 05:57:00,2018-02-03 05:58:00,CIC,0,,,,0.0,,0.0,,0.0,,,,,,,,,,,,,,,,,,,,,,,,,,,,,,,,,,,,,,,,,,,0
2018-02-03 05:58:00,2018-02-03 05:59:00,CIC,0,,,,0.0,,0.0,,0.0,,,,,,,,,,,,,,,,,,,,,,,,,,,,,,,,,,,,,,,,,,,0
2018-02-03 05:59:00,2018-02-03 06:00:00,CIC,0,,,,0.0,,0.0,,0.0,,,,,,,,,,,,,,,,,,,,,,,,,,,,,,,,,,,,,,,,,,,0
2018-02-03 06:00:00,2018-02-03 06:01:00,CIC,0,,,,0.0,,0.0,,0.0,,,,,,,,,,,,,,,,,,,,,,,,,,,,,,,,,,,,,,,,,,,0
2018-02-03 06:01:00,2018-02-03 06:02:00,CIC,0,,,,0.0,,0.0,,0.0,,,,,,,,,,,,,,,,,,,,,,,,,,,,,,,,,,,,,,,,,,,0
2018-02-03 06:02:00,2018-02-03 06:03:00,CIC,0,,,,0.0,,0.0,,0.0,,,,,,,,,,,,,,,,,,,,,,,,,,,,,,,,,,,,,,,,,,,0
2018-02-03 06:03:00,2018-02-03 06:04:00,CIC,0,,,,0.0,,0.0,,0.0,,,,,,,,,,,,,,,,,,,,,,,,,,,,,,,,,,,,,,,,,,,0
2018-02-03 06:04:00,2018-02-03 06:05:00,CIC,0,,,,0.0,,0.0,,0.0,,,,,,,,,,,,,,,,,,,,,,,,,,,,,,,,,,,,,,,,,,,0
2018-02-03 06:05:00,2018-02-03 06:06:00,CIC,0,,,,0.0,,0.0,,0.0,,,,,,,,,,,,,,,,,,,,,,,,,,,,,,,,,,,,,,,,,,,0
2018-02-03 06:06:00,2018-02-03 06:07:00,CIC,0,,,,0.0,,0.0,,0.0,,,,,,,,,,,,,,,,,,,,,,,,,,,,,,,,,,,,,,,,,,,0
2018-02-03 06:07:00,2018-02-03 06:08:00,CIC,0,,,,0.0,,0.0,,0.0,,,,,,,,,,,,,,,,,,,,,,,,,,,,,,,,,,,,,,,,,,,0
2018-02-03 06:08:00,2018-02-03 06:09:00,CIC,0,,,,0.0,,0.0,,0.0,,,,,,,,,,,,,,,,,,,,,,,,,,,,,,,,,,,,,,,,,,,0
2018-02-03 06:09:00,2018-02-03 06:10:00,CIC,0,,,,0.0,,0.0,,0.0,,,,,,,,,,,,,,,,,,,,,,,,,,,,,,,,,,,,,,,,,,,0
2018-02-03 06:10:00,2018-02-03 06:11:00,CIC,0,,,,0.0,,0.0,,0.0,,,,,,,,,,,,,,,,,,,,,,,,,,,,,,,,,,,,,,,,,,,0
2018-02-03 06:11:00,2018-02-03 06:12:00,CIC,0,,,,0.0,,0.0,,0.0,,,,,,,,,,,,,,,,,,,,,,,,,,,,,,,,,,,,,,,,,,,0
2018-02-03 06:12:00,2018-02-03 06:13:00,CIC,0,,,,0.0,,0.0,,0.0,,,,,,,,,,,,,,,,,,,,,,,,,,,,,,,,,,,,,,,,,,,0
2018-02-03 06:13:00,2018-02-03 06:14:00,CIC,0,,,,0.0,,0.0,,0.0,,,,,,,,,,,,,,,,,,,,,,,,,,,,,,,,,,,,,,,,,,,0
2018-02-03 06:14:00,2018-02-03 06:15:00,CIC,0,,,,0.0,,0.0,,0.0,,,,,,,,,,,,,,,,,,,,,,,,,,,,,,,,,,,,,,,,,,,0
2018-02-03 06:15:00,2018-02-03 06:16:00,CIC,0,,,,0.0,,0.0,,0.0,,,,,,,,,,,,,,,,,,,,,,,,,,,,,,,,,,,,,,,,,,,0
2018-02-03 06:16:00,2018-02-03 06:17:00,CIC,0,,,,0.0,,0.0,,0.0,,,,,,,,,,,,,,,,,,,,,,,,,,,,,,,,,,,,,,,,,,,0
2018-02-03 06:17:00,2018-02-03 06:18:00,CIC,0,,,,0.0,,0.0,,0.0,,,,,,,,,,,,,,,,,,,,,,,,,,,,,,,,,,,,,,,,,,,0
2018-02-03 06:18:00,2018-02-03 06:19:00,CIC,0,,,,0.0,,0.0,,0.0,,,,,,,,,,,,,,,,,,,,,,,,,,,,,,,,,,,,,,,,,,,0
2018-02-03 06:19:00,2018-02-03 06:20:00,CIC,0,,,,0.0,,0.0,,0.0,,,,,,,,,,,,,,,,,,,,,,,,,,,,,,,,,,,,,,,,,,,0
2018-02-03 06:20:00,2018-02-03 06:21:00,CIC,0,,,,0.0,,0.0,,0.0,,,,,,,,,,,,,,,,,,,,,,,,,,,,,,,,,,,,,,,,,,,0
2018-02-03 06:21:00,2018-02-03 06:22:00,CIC,0,,,,0.0,,0.0,,0.0,,,,,,,,,,,,,,,,,,,,,,,,,,,,,,,,,,,,,,,,,,,0
2018-02-03 06:22:00,2018-02-03 06:23:00,CIC,0,,,,0.0,,0.0,,0.0,,,,,,,,,,,,,,,,,,,,,,,,,,,,,,,,,,,,,,,,,,,0
2018-02-03 06:23:00,2018-02-03 06:24:00,CIC,0,,,,0.0,,0.0,,0.0,,,,,,,,,,,,,,,,,,,,,,,,,,,,,,,,,,,,,,,,,,,0
2018-02-03 06:24:00,2018-02-03 06:25:00,CIC,0,,,,0.0,,0.0,,0.0,,,,,,,,,,,,,,,,,,,,,,,,,,,,,,,,,,,,,,,,,,,0
2018-02-03 06:25:00,2018-02-03 06:26:00,CIC,0,,,,0.0,,0.0,,0.0,,,,,,,,,,,,,,,,,,,,,,,,,,,,,,,,,,,,,,,,,,,0
2018-02-03 06:26:00,2018-02-03 06:27:00,CIC,0,,,,0.0,,0.0,,0.0,,,,,,,,,,,,,,,,,,,,,,,,,,,,,,,,,,,,,,,,,,,0
2018-02-03 06:27:00,2018-02-03 06:28:00,CIC,0,,,,0.0,,0.0,,0.0,,,,,,,,,,,,,,,,,,,,,,,,,,,,,,,,,,,,,,,,,,,0
2018-02-03 06:28:00,2018-02-03 06:29:00,CIC,0,,,,0.0,,0.0,,0.0,,,,,,,,,,,,,,,,,,,,,,,,,,,,,,,,,,,,,,,,,,,0
2018-02-03 06:29:00,2018-02-03 06:30:00,CIC,0,,,,0.0,,0.0,,0.0,,,,,,,,,,,,,,,,,,,,,,,,,,,,,,,,,,,,,,,,,,,0
2018-02-03 06:30:00,2018-02-03 06:31:00,CIC,0,,,,0.0,,0.0,,0.0,,,,,,,,,,,,,,,,,,,,,,,,,,,,,,,,,,,,,,,,,,,0
2018-02-03 06:31:00,2018-02-03 06:32:00,CIC,0,,,,0.0,,0.0,,0.0,,,,,,,,,,,,,,,,,,,,,,,,,,,,,,,,,,,,,,,,,,,0
2018-02-03 06:32:00,2018-02-03 06:33:00,CIC,0,,,,0.0,,0.0,,0.0,,,,,,,,,,,,,,,,,,,,,,,,,,,,,,,,,,,,,,,,,,,0
2018-02-03 06:33:00,2018-02-03 06:34:00,CIC,0,,,,0.0,,0.0,,0.0,,,,,,,,,,,,,,,,,,,,,,,,,,,,,,,,,,,,,,,,,,,0
2018-02-03 06:34:00,2018-02-03 06:35:00,CIC,0,,,,0.0,,0.0,,0.0,,,,,,,,,,,,,,,,,,,,,,,,,,,,,,,,,,,,,,,,,,,0
2018-02-03 06:35:00,2018-02-03 06:36:00,CIC,0,,,,0.0,,0.0,,0.0,,,,,,,,,,,,,,,,,,,,,,,,,,,,,,,,,,,,,,,,,,,0
2018-02-03 06:36:00,2018-02-03 06:37:00,CIC,0,,,,0.0,,0.0,,0.0,,,,,,,,,,,,,,,,,,,,,,,,,,,,,,,,,,,,,,,,,,,0
2018-02-03 06:37:00,2018-02-03 06:38:00,CIC,0,,,,0.0,,0.0,,0.0,,,,,,,,,,,,,,,,,,,,,,,,,,,,,,,,,,,,,,,,,,,0
2018-02-03 06:38:00,2018-02-03 06:39:00,CIC,0,,,,0.0,,0.0,,0.0,,,,,,,,,,,,,,,,,,,,,,,,,,,,,,,,,,,,,,,,,,,0
2018-02-03 06:39:00,2018-02-03 06:40:00,CIC,0,,,,0.0,,0.0,,0.0,,,,,,,,,,,,,,,,,,,,,,,,,,,,,,,,,,,,,,,,,,,0
2018-02-03 06:40:00,2018-02-03 06:41:00,CIC,0,,,,0.0,,0.0,,0.0,,,,,,,,,,,,,,,,,,,,,,,,,,,,,,,,,,,,,,,,,,,0
2018-02-03 06:41:00,2018-02-03 06:42:00,CIC,0,,,,0.0,,0.0,,0.0,,,,,,,,,,,,,,,,,,,,,,,,,,,,,,,,,,,,,,,,,,,0
2018-02-03 06:42:00,2018-02-03 06:43:00,CIC,0,,,,0.0,,0.0,,0.0,,,,,,,,,,,,,,,,,,,,,,,,,,,,,,,,,,,,,,,,,,,0
2018-02-03 06:43:00,2018-02-03 06:44:00,CIC,0,,,,0.0,,0.0,,0.0,,,,,,,,,,,,,,,,,,,,,,,,,,,,,,,,,,,,,,,,,,,0
2018-02-03 06:44:00,2018-02-03 06:45:00,CIC,0,,,,0.0,,0.0,,0.0,,,,,,,,,,,,,,,,,,,,,,,,,,,,,,,,,,,,,,,,,,,0
2018-02-03 06:45:00,2018-02-03 06:46:00,CIC,0,,,,0.0,,0.0,,0.0,,,,,,,,,,,,,,,,,,,,,,,,,,,,,,,,,,,,,,,,,,,0
2018-02-03 06:46:00,2018-02-03 06:47:00,CIC,0,,,,0.0,,0.0,,0.0,,,,,,,,,,,,,,,,,,,,,,,,,,,,,,,,,,,,,,,,,,,0
2018-02-03 06:47:00,2018-02-03 06:48:00,CIC,0,,,,0.0,,0.0,,0.0,,,,,,,,,,,,,,,,,,,,,,,,,,,,,,,,,,,,,,,,,,,0
2018-02-03 06:48:00,2018-02-03 06:49:00,CIC,0,,,,0.0,,0.0,,0.0,,,,,,,,,,,,,,,,,,,,,,,,,,,,,,,,,,,,,,,,,,,0
2018-02-03 06:49:00,2018-02-03 06:50:00,CIC,0,,,,0.0,,0.0,,0.0,,,,,,,,,,,,,,,,,,,,,,,,,,,,,,,,,,,,,,,,,,,0
2018-02-03 06:50:00,2018-02-03 06:51:00,CIC,0,,,,0.0,,0.0,,0.0,,,,,,,,,,,,,,,,,,,,,,,,,,,,,,,,,,,,,,,,,,,0
2018-02-03 06:51:00,2018-02-03 06:52:00,CIC,0,,,,0.0,,0.0,,0.0,,,,,,,,,,,,,,,,,,,,,,,,,,,,,,,,,,,,,,,,,,,0
2018-02-03 06:52:00,2018-02-03 06:53:00,CIC,0,,,,0.0,,0.0,,0.0,,,,,,,,,,,,,,,,,,,,,,,,,,,,,,,,,,,,,,,,,,,0
2018-02-03 06:53:00,2018-02-03 06:54:00,CIC,0,,,,0.0,,0.0,,0.0,,,,,,,,,,,,,,,,,,,,,,,,,,,,,,,,,,,,,,,,,,,0
2018-02-03 06:54:00,2018-02-03 06:55:00,CIC,0,,,,0.0,,0.0,,0.0,,,,,,,,,,,,,,,,,,,,,,,,,,,,,,,,,,,,,,,,,,,0
2018-02-03 06:55:00,2018-02-03 06:56:00,CIC,0,,,,0.0,,0.0,,0.0,,,,,,,,,,,,,,,,,,,,,,,,,,,,,,,,,,,,,,,,,,,0
2018-02-03 06:56:00,2018-02-03 06:57:00,CIC,0,,,,0.0,,0.0,,0.0,,,,,,,,,,,,,,,,,,,,,,,,,,,,,,,,,,,,,,,,,,,0
2018-02-03 06:57:00,2018-02-03 06:58:00,CIC,0,,,,0.0,,0.0,,0.0,,,,,,,,,,,,,,,,,,,,,,,,,,,,,,,,,,,,,,,,,,,0
2018-02-03 06:58:00,2018-02-03 06:59:00,CIC,0,,,,0.0,,0.0,,0.0,,,,,,,,,,,,,,,,,,,,,,,,,,,,,,,,,,,,,,,,,,,0
2018-02-03 06:59:00,2018-02-03 07:00:00,CIC,0,,,,0.0,,0.0,,0.0,,,,,,,,,,,,,,,,,,,,,,,,,,,,,,,,,,,,,,,,,,,0
2018-02-03 07:00:00,2018-02-03 07:01:00,CIC,0,,,,0.0,,0.0,,0.0,,,,,,,,,,,,,,,,,,,,,,,,,,,,,,,,,,,,,,,,,,,0
2018-02-03 07:01:00,2018-02-03 07:02:00,CIC,0,,,,0.0,,0.0,,0.0,,,,,,,,,,,,,,,,,,,,,,,,,,,,,,,,,,,,,,,,,,,0
2018-02-03 07:02:00,2018-02-03 07:03:00,CIC,0,,,,0.0,,0.0,,0.0,,,,,,,,,,,,,,,,,,,,,,,,,,,,,,,,,,,,,,,,,,,0
2018-02-03 07:03:00,2018-02-03 07:04:00,CIC,0,,,,0.0,,0.0,,0.0,,,,,,,,,,,,,,,,,,,,,,,,,,,,,,,,,,,,,,,,,,,0
2018-02-03 07:04:00,2018-02-03 07:05:00,CIC,0,,,,0.0,,0.0,,0.0,,,,,,,,,,,,,,,,,,,,,,,,,,,,,,,,,,,,,,,,,,,0
2018-02-03 07:05:00,2018-02-03 07:06:00,CIC,0,,,,0.0,,0.0,,0.0,,,,,,,,,,,,,,,,,,,,,,,,,,,,,,,,,,,,,,,,,,,0
2018-02-03 07:06:00,2018-02-03 07:07:00,CIC,0,,,,0.0,,0.0,,0.0,,,,,,,,,,,,,,,,,,,,,,,,,,,,,,,,,,,,,,,,,,,0
2018-02-03 07:07:00,2018-02-03 07:08:00,CIC,0,,,,0.0,,0.0,,0.0,,,,,,,,,,,,,,,,,,,,,,,,,,,,,,,,,,,,,,,,,,,0
2018-02-03 07:08:00,2018-02-03 07:09:00,CIC,0,,,,0.0,,0.0,,0.0,,,,,,,,,,,,,,,,,,,,,,,,,,,,,,,,,,,,,,,,,,,0
2018-02-03 07:09:00,2018-02-03 07:10:00,CIC,0,,,,0.0,,0.0,,0.0,,,,,,,,,,,,,,,,,,,,,,,,,,,,,,,,,,,,,,,,,,,0
2018-02-03 07:10:00,2018-02-03 07:11:00,CIC,0,,,,0.0,,0.0,,0.0,,,,,,,,,,,,,,,,,,,,,,,,,,,,,,,,,,,,,,,,,,,0
2018-02-03 07:11:00,2018-02-03 07:12:00,CIC,0,,,,0.0,,0.0,,0.0,,,,,,,,,,,,,,,,,,,,,,,,,,,,,,,,,,,,,,,,,,,0
2018-02-03 07:12:00,2018-02-03 07:13:00,CIC,0,,,,0.0,,0.0,,0.0,,,,,,,,,,,,,,,,,,,,,,,,,,,,,,,,,,,,,,,,,,,0
2018-02-03 07:13:00,2018-02-03 07:14:00,CIC,0,,,,0.0,,0.0,,0.0,,,,,,,,,,,,,,,,,,,,,,,,,,,,,,,,,,,,,,,,,,,0
2018-02-03 07:14:00,2018-02-03 07:15:00,CIC,0,,,,0.0,,0.0,,0.0,,,,,,,,,,,,,,,,,,,,,,,,,,,,,,,,,,,,,,,,,,,0
2018-02-03 07:15:00,2018-02-03 07:16:00,CIC,0,,,,0.0,,0.0,,0.0,,,,,,,,,,,,,,,,,,,,,,,,,,,,,,,,,,,,,,,,,,,0
2018-02-03 07:16:00,2018-02-03 07:17:00,CIC,0,,,,0.0,,0.0,,0.0,,,,,,,,,,,,,,,,,,,,,,,,,,,,,,,,,,,,,,,,,,,0
2018-02-03 07:17:00,2018-02-03 07:18:00,CIC,0,,,,0.0,,0.0,,0.0,,,,,,,,,,,,,,,,,,,,,,,,,,,,,,,,,,,,,,,,,,,0
2018-02-03 07:18:00,2018-02-03 07:19:00,CIC,0,,,,0.0,,0.0,,0.0,,,,,,,,,,,,,,,,,,,,,,,,,,,,,,,,,,,,,,,,,,,0
2018-02-03 07:19:00,2018-02-03 07:20:00,CIC,0,,,,0.0,,0.0,,0.0,,,,,,,,,,,,,,,,,,,,,,,,,,,,,,,,,,,,,,,,,,,0
2018-02-03 07:20:00,2018-02-03 07:21:00,CIC,0,,,,0.0,,0.0,,0.0,,,,,,,,,,,,,,,,,,,,,,,,,,,,,,,,,,,,,,,,,,,0
2018-02-03 07:21:00,2018-02-03 07:22:00,CIC,0,,,,0.0,,0.0,,0.0,,,,,,,,,,,,,,,,,,,,,,,,,,,,,,,,,,,,,,,,,,,0
2018-02-03 07:22:00,2018-02-03 07:23:00,CIC,0,,,,0.0,,0.0,,0.0,,,,,,,,,,,,,,,,,,,,,,,,,,,,,,,,,,,,,,,,,,,0
2018-02-03 07:23:00,2018-02-03 07:24:00,CIC,0,,,,0.0,,0.0,,0.0,,,,,,,,,,,,,,,,,,,,,,,,,,,,,,,,,,,,,,,,,,,0
2018-02-03 07:24:00,2018-02-03 07:25:00,CIC,0,,,,0.0,,0.0,,0.0,,,,,,,,,,,,,,,,,,,,,,,,,,,,,,,,,,,,,,,,,,,0
2018-02-03 07:25:00,2018-02-03 07:26:00,CIC,0,,,,0.0,,0.0,,0.0,,,,,,,,,,,,,,,,,,,,,,,,,,,,,,,,,,,,,,,,,,,0
2018-02-03 07:26:00,2018-02-03 07:27:00,CIC,0,,,,0.0,,0.0,,0.0,,,,,,,,,,,,,,,,,,,,,,,,,,,,,,,,,,,,,,,,,,,0
2018-02-03 07:27:00,2018-02-03 07:28:00,CIC,0,,,,0.0,,0.0,,0.0,,,,,,,,,,,,,,,,,,,,,,,,,,,,,,,,,,,,,,,,,,,0
2018-02-03 07:28:00,2018-02-03 07:29:00,CIC,0,,,,0.0,,0.0,,0.0,,,,,,,,,,,,,,,,,,,,,,,,,,,,,,,,,,,,,,,,,,,0
2018-02-03 07:29:00,2018-02-03 07:30:00,CIC,0,,,,0.0,,0.0,,0.0,,,,,,,,,,,,,,,,,,,,,,,,,,,,,,,,,,,,,,,,,,,0
2018-02-03 07:30:00,2018-02-03 07:31:00,CIC,0,,,,0.0,,0.0,,0.0,,,,,,,,,,,,,,,,,,,,,,,,,,,,,,,,,,,,,,,,,,,0
2018-02-03 07:31:00,2018-02-03 07:32:00,CIC,0,,,,0.0,,0.0,,0.0,,,,,,,,,,,,,,,,,,,,,,,,,,,,,,,,,,,,,,,,,,,0
2018-02-03 07:32:00,2018-02-03 07:33:00,CIC,0,,,,0.0,,0.0,,0.0,,,,,,,,,,,,,,,,,,,,,,,,,,,,,,,,,,,,,,,,,,,0
2018-02-03 07:33:00,2018-02-03 07:34:00,CIC,0,,,,0.0,,0.0,,0.0,,,,,,,,,,,,,,,,,,,,,,,,,,,,,,,,,,,,,,,,,,,0
2018-02-03 07:34:00,2018-02-03 07:35:00,CIC,0,,,,0.0,,0.0,,0.0,,,,,,,,,,,,,,,,,,,,,,,,,,,,,,,,,,,,,,,,,,,0
2018-02-03 07:35:00,2018-02-03 07:36:00,CIC,0,,,,0.0,,0.0,,0.0,,,,,,,,,,,,,,,,,,,,,,,,,,,,,,,,,,,,,,,,,,,0
2018-02-03 07:36:00,2018-02-03 07:37:00,CIC,0,,,,0.0,,0.0,,0.0,,,,,,,,,,,,,,,,,,,,,,,,,,,,,,,,,,,,,,,,,,,0
2018-02-03 07:37:00,2018-02-03 07:38:00,CIC,0,,,,0.0,,0.0,,0.0,,,,,,,,,,,,,,,,,,,,,,,,,,,,,,,,,,,,,,,,,,,0
2018-02-03 07:38:00,2018-02-03 07:39:00,CIC,0,,,,0.0,,0.0,,0.0,,,,,,,,,,,,,,,,,,,,,,,,,,,,,,,,,,,,,,,,,,,0
2018-02-03 07:39:00,2018-02-03 07:40:00,CIC,0,,,,0.0,,0.0,,0.0,,,,,,,,,,,,,,,,,,,,,,,,,,,,,,,,,,,,,,,,,,,0
2018-02-03 07:40:00,2018-02-03 07:41:00,CIC,0,,,,0.0,,0.0,,0.0,,,,,,,,,,,,,,,,,,,,,,,,,,,,,,,,,,,,,,,,,,,0
2018-02-03 07:41:00,2018-02-03 07:42:00,CIC,0,,,,0.0,,0.0,,0.0,,,,,,,,,,,,,,,,,,,,,,,,,,,,,,,,,,,,,,,,,,,0
2018-02-03 07:42:00,2018-02-03 07:43:00,CIC,0,,,,0.0,,0.0,,0.0,,,,,,,,,,,,,,,,,,,,,,,,,,,,,,,,,,,,,,,,,,,0
2018-02-03 07:43:00,2018-02-03 07:44:00,CIC,0,,,,0.0,,0.0,,0.0,,,,,,,,,,,,,,,,,,,,,,,,,,,,,,,,,,,,,,,,,,,0
2018-02-03 07:44:00,2018-02-03 07:45:00,CIC,0,,,,0.0,,0.0,,0.0,,,,,,,,,,,,,,,,,,,,,,,,,,,,,,,,,,,,,,,,,,,0
2018-02-03 07:45:00,2018-02-03 07:46:00,CIC,0,,,,0.0,,0.0,,0.0,,,,,,,,,,,,,,,,,,,,,,,,,,,,,,,,,,,,,,,,,,,0
2018-02-03 07:46:00,2018-02-03 07:47:00,CIC,0,,,,0.0,,0.0,,0.0,,,,,,,,,,,,,,,,,,,,,,,,,,,,,,,,,,,,,,,,,,,0
2018-02-03 07:47:00,2018-02-03 07:48:00,CIC,0,,,,0.0,,0.0,,0.0,,,,,,,,,,,,,,,,,,,,,,,,,,,,,,,,,,,,,,,,,,,0
2018-02-03 07:48:00,2018-02-03 07:49:00,CIC,0,,,,0.0,,0.0,,0.0,,,,,,,,,,,,,,,,,,,,,,,,,,,,,,,,,,,,,,,,,,,0
2018-02-03 07:49:00,2018-02-03 07:50:00,CIC,0,,,,0.0,,0.0,,0.0,,,,,,,,,,,,,,,,,,,,,,,,,,,,,,,,,,,,,,,,,,,0
2018-02-03 07:50:00,2018-02-03 07:51:00,CIC,0,,,,0.0,,0.0,,0.0,,,,,,,,,,,,,,,,,,,,,,,,,,,,,,,,,,,,,,,,,,,0
2018-02-03 07:51:00,2018-02-03 07:52:00,CIC,0,,,,0.0,,0.0,,0.0,,,,,,,,,,,,,,,,,,,,,,,,,,,,,,,,,,,,,,,,,,,0
2018-02-03 07:52:00,2018-02-03 07:53:00,CIC,0,,,,0.0,,0.0,,0.0,,,,,,,,,,,,,,,,,,,,,,,,,,,,,,,,,,,,,,,,,,,0
2018-02-03 07:53:00,2018-02-03 07:54:00,CIC,0,,,,0.0,,0.0,,0.0,,,,,,,,,,,,,,,,,,,,,,,,,,,,,,,,,,,,,,,,,,,0
2018-02-03 07:54:00,2018-02-03 07:55:00,CIC,0,,,,0.0,,0.0,,0.0,,,,,,,,,,,,,,,,,,,,,,,,,,,,,,,,,,,,,,,,,,,0
2018-02-03 07:55:00,2018-02-03 07:56:00,CIC,0,,,,0.0,,0.0,,0.0,,,,,,,,,,,,,,,,,,,,,,,,,,,,,,,,,,,,,,,,,,,0
2018-02-03 07:56:00,2018-02-03 07:57:00,CIC,0,,,,0.0,,0.0,,0.0,,,,,,,,,,,,,,,,,,,,,,,,,,,,,,,,,,,,,,,,,,,0
2018-02-03 07:57:00,2018-02-03 07:58:00,CIC,0,,,,0.0,,0.0,,0.0,,,,,,,,,,,,,,,,,,,,,,,,,,,,,,,,,,,,,,,,,,,0
2018-02-03 07:58:00,2018-02-03 07:59:00,CIC,0,,,,0.0,,0.0,,0.0,,,,,,,,,,,,,,,,,,,,,,,,,,,,,,,,,,,,,,,,,,,0
2018-02-03 07:59:00,2018-02-03 08:00:00,CIC,0,,,,0.0,,0.0,,0.0,,,,,,,,,,,,,,,,,,,,,,,,,,,,,,,,,,,,,,,,,,,0
2018-02-03 08:00:00,2018-02-03 08:01:00,CIC,0,,,,0.0,,0.0,,0.0,,,,,,,,,,,,,,,,,,,,,,,,,,,,,,,,,,,,,,,,,,,0
2018-02-03 08:01:00,2018-02-03 08:02:00,CIC,0,,,,0.0,,0.0,,0.0,,,,,,,,,,,,,,,,,,,,,,,,,,,,,,,,,,,,,,,,,,,0
2018-02-03 08:02:00,2018-02-03 08:03:00,CIC,0,,,,0.0,,0.0,,0.0,,,,,,,,,,,,,,,,,,,,,,,,,,,,,,,,,,,,,,,,,,,0
2018-02-03 08:03:00,2018-02-03 08:04:00,CIC,0,,,,0.0,,0.0,,0.0,,,,,,,,,,,,,,,,,,,,,,,,,,,,,,,,,,,,,,,,,,,0
2018-02-03 08:04:00,2018-02-03 08:05:00,CIC,0,,,,0.0,,0.0,,0.0,,,,,,,,,,,,,,,,,,,,,,,,,,,,,,,,,,,,,,,,,,,0
2018-02-03 08:05:00,2018-02-03 08:06:00,CIC,0,,,,0.0,,0.0,,0.0,,,,,,,,,,,,,,,,,,,,,,,,,,,,,,,,,,,,,,,,,,,0
2018-02-03 08:06:00,2018-02-03 08:07:00,CIC,0,,,,0.0,,0.0,,0.0,,,,,,,,,,,,,,,,,,,,,,,,,,,,,,,,,,,,,,,,,,,0
2018-02-03 08:07:00,2018-02-03 08:08:00,CIC,0,,,,0.0,,0.0,,0.0,,,,,,,,,,,,,,,,,,,,,,,,,,,,,,,,,,,,,,,,,,,0
2018-02-03 08:08:00,2018-02-03 08:09:00,CIC,0,,,,0.0,,0.0,,0.0,,,,,,,,,,,,,,,,,,,,,,,,,,,,,,,,,,,,,,,,,,,0
2018-02-03 08:09:00,2018-02-03 08:10:00,CIC,0,,,,0.0,,0.0,,0.0,,,,,,,,,,,,,,,,,,,,,,,,,,,,,,,,,,,,,,,,,,,0
2018-02-03 08:10:00,2018-02-03 08:11:00,CIC,0,,,,0.0,,0.0,,0.0,,,,,,,,,,,,,,,,,,,,,,,,,,,,,,,,,,,,,,,,,,,0
2018-02-03 08:11:00,2018-02-03 08:12:00,CIC,0,,,,0.0,,0.0,,0.0,,,,,,,,,,,,,,,,,,,,,,,,,,,,,,,,,,,,,,,,,,,0
2018-02-03 08:12:00,2018-02-03 08:13:00,CIC,0,,,,0.0,,0.0,,0.0,,,,,,,,,,,,,,,,,,,,,,,,,,,,,,,,,,,,,,,,,,,0
2018-02-03 08:13:00,2018-02-03 08:14:00,CIC,0,,,,0.0,,0.0,,0.0,,,,,,,,,,,,,,,,,,,,,,,,,,,,,,,,,,,,,,,,,,,0
2018-02-03 08:14:00,2018-02-03 08:15:00,CIC,0,,,,0.0,,0.0,,0.0,,,,,,,,,,,,,,,,,,,,,,,,,,,,,,,,,,,,,,,,,,,0
2018-02-03 08:15:00,2018-02-03 08:16:00,CIC,0,,,,0.0,,0.0,,0.0,,,,,,,,,,,,,,,,,,,,,,,,,,,,,,,,,,,,,,,,,,,0
2018-02-03 08:16:00,2018-02-03 08:17:00,CIC,0,,,,0.0,,0.0,,0.0,,,,,,,,,,,,,,,,,,,,,,,,,,,,,,,,,,,,,,,,,,,0
2018-02-03 08:17:00,2018-02-03 08:18:00,CIC,0,,,,0.0,,0.0,,0.0,,,,,,,,,,,,,,,,,,,,,,,,,,,,,,,,,,,,,,,,,,,0
2018-02-03 08:18:00,2018-02-03 08:19:00,CIC,0,,,,0.0,,0.0,,0.0,,,,,,,,,,,,,,,,,,,,,,,,,,,,,,,,,,,,,,,,,,,0
2018-02-03 08:19:00,2018-02-03 08:20:00,CIC,0,,,,0.0,,0.0,,0.0,,,,,,,,,,,,,,,,,,,,,,,,,,,,,,,,,,,,,,,,,,,0
2018-02-03 08:20:00,2018-02-03 08:21:00,CIC,0,,,,0.0,,0.0,,0.0,,,,,,,,,,,,,,,,,,,,,,,,,,,,,,,,,,,,,,,,,,,0
2018-02-03 08:21:00,2018-02-03 08:22:00,CIC,0,,,,0.0,,0.0,,0.0,,,,,,,,,,,,,,,,,,,,,,,,,,,,,,,,,,,,,,,,,,,0
2018-02-03 08:22:00,2018-02-03 08:23:00,CIC,0,,,,0.0,,0.0,,0.0,,,,,,,,,,,,,,,,,,,,,,,,,,,,,,,,,,,,,,,,,,,0
2018-02-03 08:23:00,2018-02-03 08:24:00,CIC,0,,,,0.0,,0.0,,0.0,,,,,,,,,,,,,,,,,,,,,,,,,,,,,,,,,,,,,,,,,,,0
2018-02-03 08:24:00,2018-02-03 08:25:00,CIC,0,,,,0.0,,0.0,,0.0,,,,,,,,,,,,,,,,,,,,,,,,,,,,,,,,,,,,,,,,,,,0
2018-02-03 08:25:00,2018-02-03 08:26:00,CIC,0,,,,0.0,,0.0,,0.0,,,,,,,,,,,,,,,,,,,,,,,,,,,,,,,,,,,,,,,,,,,0
2018-02-03 08:26:00,2018-02-03 08:27:00,CIC,0,,,,0.0,,0.0,,0.0,,,,,,,,,,,,,,,,,,,,,,,,,,,,,,,,,,,,,,,,,,,0
2018-02-03 08:27:00,2018-02-03 08:28:00,CIC,0,,,,0.0,,0.0,,0.0,,,,,,,,,,,,,,,,,,,,,,,,,,,,,,,,,,,,,,,,,,,0
2018-02-03 08:28:00,2018-02-03 08:29:00,CIC,0,,,,0.0,,0.0,,0.0,,,,,,,,,,,,,,,,,,,,,,,,,,,,,,,,,,,,,,,,,,,0
2018-02-03 08:29:00,2018-02-03 08:30:00,CIC,0,,,,0.0,,0.0,,0.0,,,,,,,,,,,,,,,,,,,,,,,,,,,,,,,,,,,,,,,,,,,0
2018-02-03 08:30:00,2018-02-03 08:31:00,CIC,0,,,,0.0,,0.0,,0.0,,,,,,,,,,,,,,,,,,,,,,,,,,,,,,,,,,,,,,,,,,,0
2018-02-03 08:31:00,2018-02-03 08:32:00,CIC,0,,,,0.0,,0.0,,0.0,,,,,,,,,,,,,,,,,,,,,,,,,,,,,,,,,,,,,,,,,,,0
2018-02-03 08:32:00,2018-02-03 08:33:00,CIC,0,,,,0.0,,0.0,,0.0,,,,,,,,,,,,,,,,,,,,,,,,,,,,,,,,,,,,,,,,,,,0
2018-02-03 08:33:00,2018-02-03 08:34:00,CIC,0,,,,0.0,,0.0,,0.0,,,,,,,,,,,,,,,,,,,,,,,,,,,,,,,,,,,,,,,,,,,0
2018-02-03 08:34:00,2018-02-03 08:35:00,CIC,0,,,,0.0,,0.0,,0.0,,,,,,,,,,,,,,,,,,,,,,,,,,,,,,,,,,,,,,,,,,,0
2018-02-03 08:35:00,2018-02-03 08:36:00,CIC,0,,,,0.0,,0.0,,0.0,,,,,,,,,,,,,,,,,,,,,,,,,,,,,,,,,,,,,,,,,,,0
2018-02-03 08:36:00,2018-02-03 08:37:00,CIC,0,,,,0.0,,0.0,,0.0,,,,,,,,,,,,,,,,,,,,,,,,,,,,,,,,,,,,,,,,,,,0
2018-02-03 08:37:00,2018-02-03 08:38:00,CIC,0,,,,0.0,,0.0,,0.0,,,,,,,,,,,,,,,,,,,,,,,,,,,,,,,,,,,,,,,,,,,0
2018-02-03 08:38:00,2018-02-03 08:39:00,CIC,0,,,,0.0,,0.0,,0.0,,,,,,,,,,,,,,,,,,,,,,,,,,,,,,,,,,,,,,,,,,,0
2018-02-03 08:39:00,2018-02-03 08:40:00,CIC,0,,,,0.0,,0.0,,0.0,,,,,,,,,,,,,,,,,,,,,,,,,,,,,,,,,,,,,,,,,,,0
2018-02-03 08:40:00,2018-02-03 08:41:00,CIC,0,,,,0.0,,0.0,,0.0,,,,,,,,,,,,,,,,,,,,,,,,,,,,,,,,,,,,,,,,,,,0
2018-02-03 08:41:00,2018-02-03 08:42:00,CIC,0,,,,0.0,,0.0,,0.0,,,,,,,,,,,,,,,,,,,,,,,,,,,,,,,,,,,,,,,,,,,0
2018-02-03 08:42:00,2018-02-03 08:43:00,CIC,0,,,,0.0,,0.0,,0.0,,,,,,,,,,,,,,,,,,,,,,,,,,,,,,,,,,,,,,,,,,,0
2018-02-03 08:43:00,2018-02-03 08:44:00,CIC,0,,,,0.0,,0.0,,0.0,,,,,,,,,,,,,,,,,,,,,,,,,,,,,,,,,,,,,,,,,,,0
2018-02-03 08:44:00,2018-02-03 08:45:00,CIC,0,,,,0.0,,0.0,,0.0,,,,,,,,,,,,,,,,,,,,,,,,,,,,,,,,,,,,,,,,,,,0
2018-02-03 08:45:00,2018-02-03 08:46:00,CIC,0,,,,0.0,,0.0,,0.0,,,,,,,,,,,,,,,,,,,,,,,,,,,,,,,,,,,,,,,,,,,0
2018-02-03 08:46:00,2018-02-03 08:47:00,CIC,2334,2990.9224507283634,21576564.84747215,40.165381319622966,93746.0,37067.41859468723,86515355.0,,0.0,26916380917760.504,,,10.790916880891174,29.374464438731792,456.87660668380465,36610.541988003424,132743.56882847883,6786.078049835526,1248932.6820051945,1864387.1768219024,7405100.857326478,459252.08954584406,5771.751690053,999.7889174924181,0.7806341045415596,0.003427592116538132,0.03299057412167952,0.012853470437017995,0.3080548414738646,0.08697514995715509,0.00728363324764353,0.0,0.012853470437017995,3011.973007712082,2051.6392459297344,164.7669237360754,28.562553556126822,54.162138100043705,44.85115844976264,433.30762639245927,58.596829477292204,212.80125135379606,146.35161284060712,28.217652099400173,446.31876606683807,140.11355884471806,155.51949240920436,70013.1095513877,162.72701478896445,54.162138100043705,212.80125135379606,0
2018-02-03 08:47:00,2018-02-03 08:48:00,CIC,7240,4387.210635359116,19827144.506629836,18.08439226519337,130931.0,10694.402071823204,77427471.0,,0.0,18996808623113.2,,,7.050552486187845,11.033839779005525,408.78770718232045,10285.614364640884,259429.86312262842,18239.555457577597,1350568.2214734212,1558824.523214148,6525503.6714088395,715327.2461325966,16645.042093767617,1521.4543709938157,0.7288674033149172,0.008149171270718233,0.029281767955801105,0.06781767955801105,0.3238950276243094,0.14709944751381215,0.03522099447513812,0.0,0.06781767955801105,3508.718232044199,3681.9309392265195,168.45801104972375,23.004005524861878,50.94679943115607,48.57917522228619,438.23411602209944,54.50649171270718,187.1021902699061,150.64130619677638,22.377624309392264,448.7802486187845,119.29357036896312,148.77657280995967,62229.95599391682,139.45878032825178,50.94679943115607,187.1021902699061,0
2018-02-03 08:48:00,2018-02-03 08:49:00,CIC,1577,18033.7958148383,6848977.918199113,7.852251109701966,12383.0,2141.991122384274,3377920.0,,0.0,26826809987743.836,,,4.138237159162967,3.714013950538998,287.76220672162333,1854.2289156626507,163481.2193012901,47607.36576966159,2953477.4425919103,1032107.6047044782,4730070.06214331,2395112.886493342,37615.00569761965,9841.417251296476,0.5497780596068484,0.0019023462270133164,0.02599873176918199,0.12111604311984782,0.29549778059606846,0.5060240963855421,0.2853519340519975,0.0,0.12111604311984782,5151.611921369689,14166.35573874445,159.30183893468612,9.743183259353202,42.091432569154094,51.79742886686937,282.90361445783134,19.353836398224477,77.15410145374763,98.60137189435002,9.743183259353202,296.8072289156627,56.73301647224414,84.94194411235321,25839.872507751457,66.35117971848574,42.091432569154094,77.15410145374763,0
2018-02-03 08:49:00,2018-02-03 08:50:00,CIC,2543,17087.957137239482,13256937.116004718,26.318914667715298,66929.0,23883.92567833268,60736823.0,,0.0,33107552759196.375,,,7.576484467164766,18.74243020055053,372.5041289815179,23511.42154935116,610267.9722195363,93787.93370251897,2620427.341367784,1931454.7628890816,9069770.41525757,1855518.6704679513,81676.66975392401,10377.865252708343,0.5395202516712544,0.017695635076681086,0.12465591820684231,0.09398348407392842,0.31262288635469915,0.5277231616201337,0.12780180888714118,0.0,0.09398348407392842,4818.857648446717,7759.357058592214,150.97719229256782,6.182854895792371,37.730839001753836,50.69123056312898,346.41840346047974,15.863546991742037,171.3761212675698,119.05741754755013,5.976012583562722,359.23240267400706,117.8707235180067,130.6528939488675,63978.339357670615,127.79540124061698,37.730839001753836,171.3761212675698,0
2018-02-03 08:50:00,2018-02-03 08:51:00,CIC,2835,12823.958024691357,15995793.087477954,35.93650793650794,101880.0,37196.26560846561,105451413.0,,0.0,90454274265137.94,,,8.307936507936509,27.62857142857143,308.4303350970018,36887.835273368604,566076.6666266558,72755.02770597281,3049740.844185729,3149213.903030312,14604741.521693122,2153862.3601410934,67320.2398651013,4536.577622398332,1.0320987654320988,0.016931216931216932,0.09911816578483246,0.09488536155202822,0.54673721340388,0.363668430335097,0.12310405643738977,0.0,0.09488536155202822,5742.8278659612,9227.37671957672,200.8395061728395,2.8617283950617285,42.194736299891005,72.38492049960388,694.9477954144621,7.472310405643739,434.377729502776,263.28032852893125,2.8455026455026453,703.6190476190476,288.69532650991465,292.0739482965756,178352.02019511446,305.5055306629312,42.194736299891005,434.377729502776,0
2018-02-03 08:51:00,2018-02-03 08:52:00,CIC,1868,5375.4619914346895,14194752.32869379,65.5058886509636,122365.0,74715.61402569593,139568767.0,,0.0,48447068155494.336,,,11.339935760171306,54.16595289079229,437.71038543897214,74277.90364025696,149566.74315861185,15521.027237510534,2669572.1940012313,1947807.86609901,9063103.99732334,1983597.9014989294,14116.246631553087,1379.8539027059028,0.5230192719486081,0.004817987152034261,0.026231263383297645,0.15256959314775162,0.39775160599571735,0.21199143468950749,0.0626338329764454,0.0,0.15256959314775162,6082.563704496788,11136.311563169165,198.55299785867237,14.26338329764454,53.53788813894058,64.05030960722965,461.2296573875803,36.76605995717345,172.6022069760787,169.13477204021092,14.228051391862955,469.0968950749465,109.25325126359368,152.2282244790771,61570.01026149162,124.70679726200535,53.53788813894058,172.6022069760787,0
2018-02-03 08:52:00,2018-02-03 08:53:00,CIC,3322,13768.62522576761,8275397.009030704,8.706201083684528,28922.0,4565.846478025286,15167742.0,,0.0,23241575567026.93,,,3.922335942203492,4.783865141481035,221.41691751956654,4344.42956050572,115360.14652436641,17502.77575255777,2844424.696558488,978253.3895599201,5771238.190246839,2474353.645093317,15486.624911891256,1984.5383619389268,0.34587597832630945,0.0358217940999398,0.013847080072245636,0.09723058398555087,0.22727272727272727,0.5171583383503914,0.4114990969295605,0.0,0.09723058398555087,3307.1459963877182,6945.994882600843,109.77664057796508,7.960264900662252,29.788470949763997,35.38877656894973,250.76279349789283,19.652919927754365,85.36329874530404,90.79038806037599,7.960264900662252,254.1742925948224,54.652779548333534,78.47383470120711,28766.030415383146,62.777752519322696,29.788470949763997,85.36329874530404,0
2018-02-03 08:53:00,2018-02-03 08:54:00,CIC,2782,6822.038102084831,16304972.265636234,14.26060388209921,39673.0,6274.704529115744,17456228.0,,0.0,11962555943981.674,,,6.5233644859813085,7.737239396117901,396.1265276779296,5878.578001437814,188330.69571109134,16290.283783919771,2968193.5114187994,1036405.1231225709,6469054.896836808,2531850.9644140904,13976.01683037539,2173.7325140634844,0.6290438533429188,0.004313443565780014,0.03055355859094177,0.08806613946800863,0.3407620416966211,0.18763479511143064,0.058231488138030196,0.0,0.08806613946800863,3828.8540618260245,8543.82135154565,188.89288281811648,19.68511861969806,52.6924743791844,56.94978486656002,413.7667145938174,44.780733285406185,155.13852645188246,141.2792741146348,19.68475916606758,423.48705966930265,102.09960927894069,133.07541813354672,50465.28071976157,119.06600737987166,52.6924743791844,155.13852645188246,0
2018-02-03 08:54:00,2018-02-03 08:55:00,CIC,1624,7845.73645320197,15243159.622536946,61.30357142857143,99557.0,71628.2764778325,116324321.0,,0.0,30261384029960.004,,,9.100369458128078,52.20320197044335,468.14963054187194,71160.12684729064,247385.058659904,27573.05329209246,3437413.905777465,1726580.1468106257,9561103.16133005,2777919.9883004925,24227.200053002864,3210.0253904700207,0.6816502463054187,0.003078817733990148,0.03879310344827586,0.16933497536945813,0.4304187192118227,0.2604679802955665,0.07450738916256158,0.0,0.16933497536945813,5030.546798029557,14074.116379310344,226.2192118226601,13.186576354679802,55.781158592726605,71.7390620196995,483.6773399014778,29.151477832512317,183.08558008291257,167.7113177535222,13.186576354679802,494.365763546798,130.4638776058017,154.71661289563792,60929.36372214193,144.5866276864729,55.781158592726605,183.08558008291257,0
2018-02-03 08:55:00,2018-02-03 08:56:00,CIC,2575,6989.953009708738,15580692.813980583,20.40388349514563,52540.0,14439.678058252428,37182171.0,,0.0,19394540011993.617,,,7.197281553398058,13.206601941747573,427.36233009708735,14012.31572815534,355395.400572275,32001.402398363465,2517898.531045938,1262626.5467192638,5921053.884660195,1940728.0054368933,28808.175815454513,2969.527459410731,0.8741747572815534,0.001941747572815534,0.044271844660194175,0.09514563106796116,0.44,0.2170873786407767,0.036893203883495145,0.0,0.09514563106796116,4707.679611650486,8772.918446601941,205.31883495145632,13.152621359223302,52.2849896343468,68.83652946825747,537.4411650485437,33.731650485436894,265.3553080248932,193.58653243313785,13.080388349514562,545.6772815533981,183.734076390499,197.76492477615923,99552.97293206809,201.75338566426254,52.2849896343468,265.3553080248932,0
2018-02-03 08:56:00,2018-02-03 08:57:00,CIC,3503,6704.793034541822,14650633.294890095,120.03083071652868,420468.0,136777.60976306023,479131967.0,,0.0,29558230236637.324,,,23.515843562660578,96.51498715386812,411.2038252926063,136366.40593776762,238678.60504240368,32785.876192355456,2190395.358082946,1704669.5972107202,7218976.482729089,1513420.881530117,29352.890075704498,3236.439328330848,0.6445903511276049,0.004282043962318013,0.04653154439052241,0.0790750785041393,0.3305737938909506,0.23351413074507565,0.047102483585498144,0.0,0.0790750785041393,3927.1650014273478,6190.293748215815,170.55152726234655,16.970882101056237,48.954937045335996,53.73619664192578,391.6719954324864,44.59834427633457,158.89377557133002,137.6406632214933,16.9012275192692,400.6854125035684,100.9846107667131,131.63701111365287,51680.61776462543,117.02042393506365,48.954937045335996,158.89377557133002,0
2018-02-03 08:57:00,2018-02-03 08:58:00,CIC,1924,10333.964656964657,9120553.136694387,28.777027027027028,55367.0,30032.35187110187,57782245.0,,0.0,17837071237245.812,,,5.5732848232848236,23.203742203742205,314.16112266112265,29718.19074844075,305832.452340964,32181.253456895076,2448250.2495491416,1026450.8344067823,4975389.291580042,1973044.5353430354,25037.404819641488,6976.586405378618,0.6034303534303534,0.005197505197505198,0.0420997920997921,0.10031185031185032,0.2972972972972973,0.46673596673596673,0.2739085239085239,0.0,0.10031185031185032,4290.723492723493,8969.93399168399,145.34823284823284,9.296257796257796,39.18342006980769,49.051462632997406,299.8466735966736,22.66060291060291,104.18683800055094,110.76829540361746,9.16943866943867,311.0472972972973,68.04975570214553,98.14729703791113,35720.66533178699,78.07855467165489,39.18342006980769,104.18683800055094,0
2018-02-03 08:58:00,2018-02-03 08:59:00,CIC,1611,11865.191806331472,15518926.097454997,18.629422718808193,30012.0,11665.97703289882,18793889.0,,0.0,32828436404443.734,,,7.8249534450651765,10.804469273743017,361.8957169459963,11304.081315952824,498093.1381664219,45427.811877693326,3911813.3195455475,1508988.7714080648,7713926.3947858475,3189240.1011793916,39797.07870453803,5207.755408801329,0.5015518311607697,0.006207324643078833,0.06207324643078833,0.11855990068280571,0.3196772191185599,0.35505896958410926,0.09124767225325885,0.0,0.11855990068280571,4389.6424581005585,9021.965859714463,171.79205462445685,11.677839851024208,44.62389830773308,54.66307363855555,337.40285536933584,27.561762880198636,119.53918574828678,118.08952357614214,11.546244568590938,351.7343265052762,81.62549430323153,110.4057530572483,41304.332996987716,93.04421295926629,44.62389830773308,119.53918574828678,0
2018-02-03 08:59:00,2018-02-03 09:00:00,CIC,1169,11167.544054747648,13030590.582549186,8.989734816082121,10509.0,1486.0564585115483,1737200.0,,0.0,21376264820308.426,,,4.981180496150556,4.008554319931566,387.2266894781865,1098.8297690333618,715404.4252070854,57294.572040773535,4111548.6861585197,1059494.848540209,6526305.496150556,3530024.5355004277,53682.45209287011,3122.0038485175264,0.4627887082976903,0.00427715996578272,0.09153122326775022,0.12745936698032506,0.3686911890504705,0.3781009409751925,0.0718562874251497,0.0,0.12745936698032506,6362.030795551754,13442.380667236956,196.35671514114628,9.39863130881095,49.84102965083833,65.40952211572711,336.57998289136015,22.357570573139437,90.5845185707545,115.47928432138151,9.355859709153123,352.5158254918734,67.54316946569803,102.01992017362788,30402.412981650934,78.06354095012917,49.84102965083833,90.5845185707545,0
2018-02-03 09:00:00,2018-02-03 09:01:00,CIC,4554,4287.719367588933,16792530.95652174,18.60693895476504,84736.0,11404.837944664032,51937632.0,,0.0,14771772511674.463,,,7.189942907334212,11.41699604743083,369.7288098375055,11035.109134826525,206172.5902716644,18049.227826123813,1357421.85105175,1295941.9363421225,5662483.743302591,836244.2064119455,16474.059107706707,1444.377212544488,0.751207729468599,0.007465963987703118,0.03535353535353535,0.06411945542380325,0.30632411067193677,0.13526570048309178,0.011638120333772508,0.0,0.06411945542380325,3298.142951251647,4371.485507246377,165.08190601668863,22.08937198067633,48.50793581953733,47.493088525139,409.83640755379884,55.420729029424685,168.33165047769126,137.9169793003252,22.08080808080808,418.1282389108476,106.42269720830852,135.15495838241787,53519.55365231903,124.60944267377162,48.50793581953733,168.33165047769126,0
2018-02-03 09:01:00,2018-02-03 09:02:00,CIC,1467,7543.086571233811,14780151.188139059,10.8200408997955,15873.0,3489.949556918882,5119756.0,,0.0,31004811617756.145,,,5.509884117246081,5.310156782549421,386.7089297886844,3103.2406271301975,124616.58898441882,18295.145080979288,4685861.88867172,1353311.706732277,8147234.162917519,4072571.7082481254,15409.482261543993,2848.24943468946,0.4996591683708248,0.010906612133605999,0.021813224267211998,0.10497614178595774,0.3994546693933197,0.321745057941377,0.0627130197682345,0.0,0.10497614178595774,5440.718473074301,12203.183367416495,193.47171097477846,9.990456714383095,47.90893099734969,64.35822332144649,373.1383776414451,24.320381731424675,113.18246383904568,135.41313424673893,9.903203817314246,379.76278118609406,75.92283110894411,115.03524026430401,37458.51137991136,86.81374857190798,47.90893099734969,113.18246383904568,0
2018-02-03 09:02:00,2018-02-03 09:03:00,CIC,1820,10615.203296703297,10872347.754395604,11.941758241758242,21734.0,5466.552747252747,9949126.0,,0.0,42411936222121.8,,,5.765934065934066,6.175824175824176,310.7912087912088,5155.761538461538,299597.5579590205,33491.83617716552,3767666.341121156,1608686.0678947663,7275310.792307693,2986417.418681319,26523.100435233242,6895.127310742541,0.4461538461538462,0.0,0.03956043956043956,0.09835164835164835,0.3879120879120879,0.4472527472527473,0.06813186813186813,0.0,0.09835164835164835,5193.520329670329,9478.866483516484,169.7131868131868,6.14945054945055,41.98279030006704,59.8519562954489,314.4989010989011,16.364835164835164,85.96388590835166,119.61902155892308,6.007142857142857,320.82307692307694,58.99972886128516,97.71935156462582,27514.55462028425,67.38559912436703,41.98279030006704,85.96388590835166,0
2018-02-03 09:03:00,2018-02-03 09:04:00,CIC,1509,13896.797879390324,11474760.512259774,7.919814446653413,11951.0,1276.7322730284957,1926589.0,,0.0,14270987043254.762,,,4.510934393638171,3.408880053015242,325.28694499668654,951.4453280318091,384750.87367729866,82564.74842158517,3996799.0971926297,832392.2272195346,6102440.170311465,3597675.092113983,77786.31541661156,3465.27597263815,0.3817097415506958,0.013253810470510271,0.1517561298873426,0.13320079522862824,0.3121272365805169,0.46984758117958914,0.0636182902584493,0.0,0.13320079522862824,4915.214711729623,10224.213386348576,164.9893969516236,7.656726308813784,41.69672924100597,53.81908601147382,281.9635520212061,19.084824387011267,80.88452826241219,99.14648488764082,7.570576540755467,299.208084824387,59.77955746625646,89.04781846674089,27784.315184020168,69.06268809133664,41.69672924100597,80.88452826241219,0
2018-02-03 09:04:00,2018-02-03 09:05:00,CIC,1629,6609.998772252916,17470527.905463476,19.915285451197054,32442.0,13193.56292203806,21492314.0,,0.0,23037506447039.785,,,7.582565991405771,12.332719459791283,410.18232044198896,12783.38060159607,322069.2571487183,24292.69556497181,5798978.621484291,1138882.4805930236,8820227.274401473,5227669.505217925,20899.920032308764,3362.9502465036903,0.569060773480663,0.0024554941682013503,0.028238182934315532,0.1841620626151013,0.39594843462246776,0.22406384284837325,0.029465930018416207,0.0,0.1841620626151013,6622.252915899325,12376.534069981584,197.65807243707795,14.497237569060774,52.2080963363051,61.467749245457334,395.9459791282996,36.369551872314304,129.61064920333763,134.9569681567219,14.358502148557397,406.2062615101289,87.61067340259238,121.98852737722038,41750.237007967255,101.2705141247078,52.2080963363051,129.61064920333763,0
2018-02-03 09:05:00,2018-02-03 09:06:00,CIC,1507,6933.054412740544,18369679.475116126,12.017916390179163,18111.0,2972.116788321168,4478980.0,,0.0,23547182341453.84,,,6.009953550099535,6.007962840079628,499.1094890510949,2473.007299270073,216797.357737507,16581.916402305298,5616806.728644204,1338906.2991995793,9067650.428666225,4967229.692767087,15010.033021492618,1483.8572818874886,0.5189117451891174,0.005972130059721301,0.019907100199071003,0.22561380225613803,0.45056403450564037,0.22627737226277372,0.023888520238885203,0.0,0.22561380225613803,8159.886529528865,15648.823490378234,228.57929661579297,12.57730590577306,56.11366892885667,71.98009184767685,443.88321167883214,31.562707365627073,131.8831724180199,153.92799005884473,12.52156602521566,455.2249502322495,89.45685702918647,134.41996826786928,45730.160405043556,101.95269778688056,56.11366892885667,131.88317241868347,0
2018-02-03 09:06:00,2018-02-03 09:07:00,CIC,1410,6441.329787234043,15247461.571631206,16.77446808510638,23652.0,8318.342553191489,11728863.0,,0.0,13370387160184.94,,,7.782269503546099,8.992198581560285,461.76524822695035,7856.577304964539,264174.6797176315,18527.019884444664,4817559.543381103,1024094.2486052851,7359969.575177305,4311024.3,12922.552187952537,5551.90877481983,0.4666666666666667,0.0,0.03333333333333333,0.13049645390070921,0.4347517730496454,0.2929078014184397,0.03404255319148936,0.0,0.13049645390070921,6966.570921985815,13427.028368794327,214.68652482269505,10.299290780141844,52.9911993188617,70.67807199913901,385.76808510638296,25.887943262411348,105.18979364143972,136.2992804250213,10.127659574468085,399.49432624113473,73.4137384350383,116.13635876943617,34485.872050375605,84.39072546016524,52.9911993188617,105.18979364143972,0
2018-02-03 09:07:00,2018-02-03 09:08:00,CIC,1451,7853.942798070297,14988887.72984149,11.149552033080633,16178.0,3623.4500344589937,5257626.0,,0.0,17222583485691.055,,,5.588559614059269,5.560992419021365,417.27429359062717,3206.1757408683666,349710.85693745676,37391.76006333219,4918011.5206437735,980314.838683963,7557125.22191592,4451337.481047553,34425.41007201925,2811.7321001026216,0.4900068917987595,0.010337698139214336,0.04893177119228118,0.1667815299793246,0.35837353549276363,0.28738800827015853,0.04066161268090972,0.0,0.1667815299793246,5899.749138525155,12012.62577532736,183.6629910406616,12.90696071674707,47.75908973568092,57.96338538366161,354.30599586492076,30.455547898001377,115.040930977898,122.08515977445968,12.90696071674707,363.1026878015162,78.46635931700551,109.09287063657203,36404.10856241401,90.73412163494625,47.75908973568092,115.040930977898,0
2018-02-03 09:08:00,2018-02-03 09:09:00,CIC,1477,7697.7853757616795,12362503.157752201,15.522681110358835,22927.0,8235.731211916045,12164175.0,,0.0,27505204164109.79,,,6.980365605958023,8.542315504400813,380.478672985782,7855.252538930264,140385.99523109914,25364.389676711304,3701222.7453961694,1190008.9333908649,6356390.314827353,3068825.9972918076,23575.608227698925,1582.7065160399343,0.46784021665538256,0.004062288422477996,0.05484089370345294,0.2017603249830738,0.37034529451591064,0.27488151658767773,0.015572105619498984,0.0,0.2017603249830738,4954.3513879485445,12552.002708192282,196.78266756939743,14.048070412999323,52.0259148402214,61.774527110104266,370.1956668923494,31.52809749492214,112.99763487101556,126.55382987508938,14.016249153689913,381.1821259309411,79.61654633287677,111.82791143880232,36021.02867486857,92.80540904122275,52.0259148402214,112.99763487101556,0
2018-02-03 09:09:00,2018-02-03 09:10:00,CIC,1496,6288.983288770053,16966637.79278075,13.099598930481283,19597.0,5283.869652406417,7904669.0,,0.0,29756611572811.402,,,6.32620320855615,6.773395721925134,1184.4625668449198,4099.407085561497,122890.26404432992,25145.43495140897,4683109.201338201,1235546.8607497348,7804624.911096256,4063684.6651069517,23825.500951851674,1252.7002163441964,0.5200534759358288,0.006016042780748663,0.030080213903743314,0.19518716577540107,0.4324866310160428,0.22927807486631016,0.02072192513368984,0.0,0.19518716577540107,5806.726604278075,13606.256684491978,223.6403743315508,13.258021390374331,55.971378084279415,70.55333837876137,431.36764705882354,31.49131016042781,127.01384640660429,149.64117987945187,12.469919786096257,443.28542780748666,87.27094975891377,129.62667132698596,42746.39075560521,100.10934953961765,55.971378084279415,127.01384640660429,0
2018-02-03 09:10:00,2018-02-03 09:11:00,CIC,1225,9023.46693877551,14000962.63755102,16.488163265306124,20198.0,8683.50775510204,10637297.0,,0.0,17713834891212.01,,,7.402448979591837,9.085714285714285,444.3322448979592,8239.175510204082,762146.3926685964,47736.96810129514,5054407.878012981,963557.9794423855,7571107.639183673,4562468.8546938775,33803.796519055024,13621.419953810264,0.46040816326530615,0.005714285714285714,0.07918367346938776,0.1983673469387755,0.4163265306122449,0.30448979591836733,0.05959183673469388,0.0,0.1983673469387755,5542.527346938776,15899.081632653062,222.02204081632652,11.444081632653061,56.20391830708326,70.85002457185388,402.17551020408166,26.23183673469388,112.41143920743674,139.76966739732245,10.89795918367347,414.0595918367347,80.28934799796163,120.53068971942939,38113.32981146546,91.91977035570122,56.20391830708326,112.41143920743674,0
2018-02-03 09:11:00,2018-02-03 09:12:00,CIC,1199,7027.807339449541,13758747.047539616,12.049207673060884,14447.0,3056.9783152627188,3665317.0,,0.0,12458190265643.934,,,6.177648040033361,5.871559633027523,522.2393661384488,2534.73894912427,349964.8290395244,29173.669043141912,4465431.622823692,855514.8459122018,6551844.013344454,4001953.609674729,24486.634384974852,4492.381320294356,0.46371976647206004,0.0016680567139282735,0.045871559633027525,0.237698081734779,0.47706422018348627,0.2610508757297748,0.03502919099249374,0.0,0.237698081734779,6382.95329441201,19659.89908256881,265.63803169307755,9.977481234361969,62.39096535041868,85.37722259631693,469.64220183486236,24.297748123436197,118.49074230689743,162.04630204624686,9.873227689741451,480.25020850708927,85.58720035948289,134.8112131228891,41036.12541210409,96.79427799665889,62.39096535041868,118.49074230689743,0
2018-02-03 09:12:00,2018-02-03 09:13:00,CIC,1416,6282.261299435028,16225628.276836159,17.86087570621469,25291.0,9556.493644067798,13531995.0,,0.0,23417141360229.555,,,7.872881355932203,9.987994350282486,476.04378531073445,9080.449858757062,278112.0268292322,20096.788821560793,4917376.9002469145,1169250.754379829,8156222.915960452,4380363.013418079,18489.084798919186,1522.5481378836073,0.4915254237288136,0.0035310734463276836,0.043785310734463276,0.1772598870056497,0.4187853107344633,0.23728813559322035,0.0211864406779661,0.0,0.1772598870056497,5736.760593220339,15003.360169491525,225.62641242937852,13.116525423728813,56.494420077485174,70.92028226554662,444.38418079096044,33.279661016949156,132.94788258524719,152.6031346523524,13.094632768361581,452.8114406779661,90.29265747123377,133.1466548142168,44182.7135497043,103.66456762455438,56.494420077485174,132.94788258524719,0
2018-02-03 09:13:00,2018-02-03 09:14:00,CIC,2494,4647.522453889334,14313455.826784283,15.506415396952686,38673.0,6794.027666399358,16944305.0,,0.0,17718810617423.742,,,7.087810745789896,8.418604651162791,499.471932638332,6294.555733761026,163738.13233758594,13650.58873568508,2622490.898163995,1277805.5526922413,7152917.569767442,2095510.0749799518,11836.769246011798,1770.0325170384292,0.6263031275060145,0.0036086607858861267,0.01884522854851644,0.1206896551724138,0.392542101042502,0.15597433841218925,0.021251002405773857,0.0,0.1206896551724138,4786.323175621492,10756.845629510826,221.43023255813952,17.727345629510825,57.11576407632518,68.38777881490978,455.85364875701686,43.934643143544506,164.70342808593423,155.3259864578364,17.727345629510825,467.82157177225344,108.22931987673817,145.70765868378027,54645.09092590118,124.06813190190897,57.11576407632518,164.70342808593423,0
2018-02-03 09:14:00,2018-02-03 09:15:00,CIC,2520,5551.770238095238,11447693.291666666,14.297222222222222,36029.0,7010.755952380952,17667105.0,,0.0,11337835773121.83,,,6.461111111111111,7.836111111111111,391.0626984126984,6619.693253968254,199497.17996781674,21309.05561127367,2278020.7321031033,1009325.3162013841,5685543.636507937,1845417.3646825396,18429.8199253886,2769.308018173903,0.6309523809523809,0.005158730158730159,0.04325396825396825,0.08095238095238096,0.3376984126984127,0.21944444444444444,0.030555555555555555,0.0,0.08095238095238096,4773.589682539682,7884.846825396826,181.96547619047618,17.750396825396827,49.53255423061389,55.77775530339246,407.17896825396826,46.77460317460317,166.49240171444444,140.98044738524047,17.68611111111111,416.4329365079365,105.18276123863214,137.34051059044128,54793.04574300493,121.1073628554131,49.53255423061389,166.49240171444444,0
2018-02-03 09:15:00,2018-02-03 09:16:00,CIC,1162,7769.526678141136,10677892.112736661,9.19104991394148,10680.0,1371.368330464716,1593530.0,,0.0,12708014895283.227,,,5.313253012048193,3.8777969018932876,487.6075731497418,883.7607573149742,329917.61277249595,28544.35207284095,5888910.095845236,653298.9642786521,7273353.323580034,5522533.041308089,23050.962854126625,5370.564984443999,0.39328743545611017,0.006024096385542169,0.05421686746987952,0.2289156626506024,0.5,0.2917383820998279,0.04044750430292599,0.0,0.2289156626506024,6404.8528399311535,21051.86230636833,270.4913941480207,7.469879518072289,64.1725822896506,90.97683031746816,488.79776247848537,20.323580034423408,121.86829488329604,176.87330559907917,7.265060240963855,497.60413080895006,86.03836513253614,142.99707289510928,44704.43765696924,96.43067478628572,64.1725822896506,121.86829488329604,0
2018-02-03 09:16:00,2018-02-03 09:17:00,CIC,1659,3635.1320072332733,11907098.06148282,11.808318264014467,19590.0,3938.9752863170584,6534760.0,,0.0,20826699249558.465,,,5.9041591320072335,5.9041591320072335,470.0204942736588,3468.9547920433997,167994.80464557814,6092.017500555798,3270092.509841781,1174732.9989221867,6880950.790235082,2799420.2393007837,3892.638148773941,2188.36304528959,0.45027124773960214,0.0006027727546714888,0.013261000602772756,0.26883664858348405,0.5093429776974081,0.16877637130801687,0.007836045810729355,0.0,0.26883664858348405,5804.701024713683,15823.195298372513,254.8372513562387,18.708257986739,67.97908503205244,82.00609242249006,536.4273658830621,33.00723327305606,160.18002088840268,198.4181455077396,18.35623869801085,543.368896925859,105.89251626190234,159.83278599622787,55280.93018803468,122.44367830108801,67.97908503205244,160.18002088840268,0
2018-02-03 09:17:00,2018-02-03 09:18:00,CIC,1549,4287.652033570045,7228561.593285991,7.768883150419626,12034.0,1031.5377663008392,1597852.0,,0.0,21979901097590.29,,,4.455132343447385,3.3137508069722403,382.3131052291801,649.2246610716592,210273.92019929976,14097.988395829754,3448617.923780307,730493.4270088696,5357921.904454486,3105625.6352485474,11299.948121051915,2798.040274980637,0.3847643641058748,0.0032278889606197547,0.005810200129115558,0.15106520335700452,0.551969012265978,0.3537766300839251,0.023240800516462233,0.0,0.15106520335700452,6671.004519044545,13861.245319561007,212.72304712717883,3.877985797288573,53.813031988108456,79.50895899244544,422.9599741768883,6.462233699160749,98.64788599453195,168.7330818842518,3.832149774047773,425.6384764364106,70.7384670107082,126.70514804892512,34420.98714852818,78.683366167204,53.813031988108456,98.64788599453195,0
2018-02-03 09:18:00,2018-02-03 09:19:00,CIC,2771,5701.273547455792,19928439.557560448,18.715987008300253,51862.0,11232.267051605919,31124612.0,,0.0,22192554608078.73,,,6.962468422952003,11.75351858534825,502.121977625406,10730.145073980513,322675.59041055624,18346.92244292103,2873677.5081496844,1505079.1268844092,7670200.2894262,2241569.9195236377,16468.394859050935,1752.7276827301457,0.6192710212919523,0.003608805485384338,0.031035727174305305,0.12233850595452905,0.4258390472753519,0.17538794658967882,0.028148682785997834,0.0,0.12233850595452905,5137.52832912306,9933.531577047997,216.78094550703716,15.725009022013714,55.28808060645254,67.44055387439012,513.6210754240346,38.328040418621434,177.0505917586431,184.13481336711837,15.658607001082641,521.4103211836882,115.20698117767016,163.09542104923565,64633.57899254365,130.16788680941104,55.28808060645254,177.0505917586431,0
2018-02-03 09:19:00,2018-02-03 09:20:00,CIC,969,11759.224974200206,8561613.936016511,8.262125902992777,8006.0,1127.3642930856554,1092416.0,,0.0,25152477896393.402,,,4.819401444788442,3.442724458204334,436.7688338493292,690.5954592363261,504783.2381550302,53925.97771818573,5262708.164232875,767788.8064638262,6826800.623323013,4839792.284829722,46061.22614839033,7419.542259680938,0.3157894736842105,0.010319917440660475,0.06604747162022703,0.22910216718266255,0.4840041279669763,0.38802889576883387,0.08152734778121776,0.0,0.22910216718266255,7655.643962848298,20231.343653250773,237.01960784313727,4.974200206398349,56.0965728484613,79.0658135687451,417.3250773993808,11.19091847265222,94.56983496932197,150.07067579327142,4.818369453044376,427.71001031991744,70.2430616564871,118.74357876437668,34708.786063835294,78.01280380300001,56.0965728484613,94.56983496932197,0
2018-02-03 09:20:00,2018-02-03 09:21:00,CIC,1526,9214.28112712975,12248703.407601573,9.07994757536042,13856.0,1817.0766710353867,2772859.0,,0.0,35912182670332.81,,,5.074705111402359,4.00524246395806,397.06028833551767,1420.016382699869,222417.71200381973,27745.205710445767,4042369.826441242,1321327.5169537484,6888363.175622542,3366621.0865006554,21605.298188962806,6030.8175908173835,0.44954128440366975,0.002621231979030144,0.03866317169069463,0.2018348623853211,0.4030144167758847,0.2837483617300131,0.06028833551769332,0.0,0.2018348623853211,5814.819790301442,14213.828309305374,204.25884665792924,11.878112712975097,52.02535391662909,65.2481889249371,391.36893840104847,29.06422018348624,116.1085421429384,135.99088013285123,11.67824377457405,400.5799475753604,77.94911320798755,116.85640351252817,37947.02387784,89.54782650706815,52.02535391662909,116.1085421429384,0
2018-02-03 09:21:00,2018-02-03 09:22:00,CIC,2097,8487.049594659036,15108903.685741536,14.494039103481164,30394.0,6652.364806866953,13950009.0,,0.0,13143661885858.541,,,6.812112541726275,7.681926561754888,412.96232713400093,6239.402479732952,543530.1783675301,58216.99718305719,3334886.180749359,1038735.7000047761,6830072.883166429,2930323.032427277,52950.84785799471,4516.574254172741,0.48402479732951836,0.009537434430138292,0.100619933237959,0.17787315212207916,0.37720553171196947,0.2827849308536004,0.030042918454935622,0.0,0.17787315212207916,4982.1416309012875,11390.834525512637,199.77682403433477,13.73867429661421,52.114443802578926,62.885445842083456,432.6328087744397,32.29041487839771,137.18194094372913,153.17748164103483,13.576061039580352,441.4196471149261,90.06750888760038,132.86023619983976,47384.02655380024,103.84363480617502,52.114443802578926,137.18194094372913,0
2018-02-03 09:22:00,2018-02-03 09:23:00,CIC,913,10041.435925520263,10857280.03833516,9.444687842278205,8623.0,1309.7535596933187,1195805.0,,0.0,10123111365317.43,,,5.519167579408543,3.9255202628696604,493.578313253012,816.1752464403066,47830.1951566749,20996.97955319977,5287734.043572273,670849.4217036305,7110061.660460022,4966358.274917853,17838.095620874657,3089.890571439808,0.3143483023001095,0.007667031763417305,0.023001095290251915,0.2672508214676889,0.5257393209200438,0.3066812705366922,0.05585980284775466,0.0,0.2672508214676889,7388.265060240964,21128.180722891568,262.93866374589265,5.815991237677984,60.73777287933844,86.76796303962323,462.88718510405255,13.833515881708653,107.0997699885586,165.71082289331764,5.814895947426068,472.8773274917853,77.27515733552245,131.17368384144908,39133.33924902373,85.84404443805916,60.73777287933844,107.0997699885586,0
