split,row_index,flow_state_number_of_flows,flow_state_mean_dst_port,flow_state_mean_flow_duration,flow_state_mean_total_packets,flow_state_total_packets,flow_state_mean_total_bytes,flow_state_total_bytes,flow_state_mean_source_bytes,flow_state_source_bytes,flow_state_mean_iat_variance,flow_state_mean_s_tos,flow_state_mean_d_tos,attack_probability,model_logit
train,0,-0.42670554052556187,2.198114365936203,-1.1249851954086352,14.222433795802443,3.5842792601155486,11.624681090356484,2.832895653165988,18.86809057141344,5.861217550156758,-0.13244280550892,-7.975670312313722,-1.5733407339778012,0.05747264,-2.797256
train,1,1.661688198777724,2.1101663719604704,-1.1249921685908326,0.5597581342001344,1.3759869593677811,-0.0813517190190756,0.11151148199718336,0.03104506835447098,0.19634345489202462,-0.13244280550892,3.7866087093255842,-0.048303464465429644,0.038587157,-3.2154844
train,2,1.2864280375862935,2.4710527569961758,-1.125012138292044,0.22721216291806717,0.6553991129735948,0.1703058803701588,0.3980414059372037,-0.074776031525713,-0.023375549927578846,-0.13244280550892,-1.1811441640004472,9.890501312463407,0.008199229,-4.795482
train,3,1.4488613798490768,1.724440163770506,-1.1250421590104154,-0.12635282323473498,0.20044888471328917,-0.208696825648621,-0.10315076862032849,-0.07923559500528654,-0.024848647449752813,-0.13244280550892,-1.4457278968704537,0.11020156655578825,0.07042364,-2.5802
train,4,1.4177935568560445,1.184263693367291,-1.125046072427579,-0.15300485697634736,0.1537434156712978,-0.15936543247825546,-0.03437895578440301,-0.08770574639095577,-0.040764290774098814,-0.13244280550892,-1.921283691324344,1.7817060833696212,0.012942311,-4.3342266
train,5,1.2355453038654216,1.3424618409792797,-1.125042600778587,-0.12362975795180735,0.15437872112354,-0.14061423167486548,-0.026236356362230213,-0.08553314334765998,-0.04265449275131172,-0.13244280550892,-0.7695407415107502,2.0777148575407156,0.013941361,-4.258856
train,6,1.4985209709324279,1.4255393189680625,-1.1250529462310817,0.13595641460393626,0.614302002659013,0.196416829605528,0.5004867221540185,-0.07977588477633739,-0.024034284285243235,-0.13244280550892,-1.253595862243745,-0.4773638294712756,0.035230808,-3.309968
train,7,1.2213568492701785,1.5429845776497715,-1.1250504648497277,-0.24404026044785165,-0.011646367955463824,-0.20703783911514886,-0.11446680184922428,-0.09269603331166182,-0.05451557891794361,-0.13244280550892,-1.4584189946288573,-1.5733407339778012,0.034506474,-3.3314924
train,8,1.256338728703278,1.2264654886762645,-1.1250520028878321,2.831811017712453,4.220472457062541,2.515680928008179,3.5051780994120456,0.0399235910571404,0.16139529463012559,-0.13244280550892,-0.93228279107778,3.846109890691024,0.027732443,-3.557028
train,9,1.2008080529598264,1.027910579309795,-1.1250533098515625,-0.14639542459069804,0.11575972280479045,-0.11600955016596293,0.00202114247790878,-0.05800727143322226,-0.0002978529256053469,-0.13244280550892,-0.853306624939411,-0.3301094966608831,0.009655556,-4.6305194
train,10,1.305998319786629,0.41023852845652903,-1.125066595811842,-0.23134445831913567,0.01940786742864016,-0.1980377399350758,-0.09711865483719537,-0.09244505126718294,-0.05192952957771161,-0.13244280550892,-1.3462217770819498,-0.4151890976382858,0.03701854,-3.2586153
train,11,0.9119017619773758,1.0308822277751906,-1.1250563942454113,-0.1302586365437399,0.07067407229997291,-0.023255109156234337,0.07076184465620569,-0.1006889016132727,-0.07326796056519426,-0.13244280550892,0.32994187553457893,0.5796796148394254,0.03366939,-3.356917
train,12,1.1653369164717187,-0.03228701459508009,-1.1250858524882796,-0.23965945575621775,-0.014620943814637584,-0.1804552791286828,-0.0840667299190971,-0.08453373528986288,-0.04329486829020871,-0.13244280550892,-1.0170062172800167,-0.3157601800842655,0.058552418,-2.7774963
train,13,1.16484765941671,0.8025549086417999,-1.125073291151802,-0.15137595536872728,0.10129916095474772,-0.12350966334191205,-0.01175965052346106,-0.0606695276394871,-0.006315428499014314,-0.13244280550892,-0.9659702465267666,-0.3082130560818731,0.01361153,-4.283133
train,14,1.1626460026691725,-0.09793802214348106,-1.1250854907406969,-0.291537812960441,-0.08313716427665267,-0.23846244658311572,-0.15788678251468335,-0.10289616385908508,-0.07181554249899144,-0.13244280550892,-0.7158203567000946,-0.9516454107908201,0.006736829,-4.9934063
train,15,0.9153265613624345,0.45425330721160184,-1.125070866166851,-0.019263982581889914,0.19907309078691035,0.03739675430696228,0.1387907076545173,-0.08819465786348615,-0.0562535728794487,-0.13244280550892,0.13995794872551157,0.5622936040945097,0.046419516,-3.0225039
train,16,0.9921399189987508,0.49197109351884427,-1.1250830335360822,0.23642620249383414,0.5293014990057069,0.23831783206984272,0.38854346595724365,-0.07975565642985187,-0.042065704117958715,-0.13244280550892,-0.5102418531588688,-1.5733407339778012,0.040006563,-3.177883
train,17,1.1927353115521881,0.8271824561632717,-1.125085913373802,2.0697917491613187,3.066564219030414,2.088116865809477,2.840353549816588,-0.00018052142990448335,0.0901750849614017,-0.13244280550892,-1.1767882896393684,1.6110818494560908,0.025062347,-3.661007
train,18,1.1763452002094072,0.36571207359586577,-1.1250921886196357,-0.03325707597861726,0.25988570672537925,0.024263455667477615,0.17836039962620837,0.04146821684189205,0.15351452242059319,-0.13244280550892,-0.5618613878361289,0.30426420685187705,0.022362374,-3.7777593
train,19,1.0581896214248825,1.3876680366394911,-1.1250735435472243,-0.0645999215318905,0.18609350588514084,-0.075100057724916,0.03435110228127851,-0.02348488112186902,0.04286283612148285,-0.13244280550892,-0.3082603770941132,-0.22331934304470577,0.03655053,-3.2718244
train,20,1.4444580663540014,-0.6031746427660921,-1.1250977073327806,-0.21948253348905666,0.05991595282061322,-0.17449623336508813,-0.05387653440088992,-0.09798524998380474,-0.058145296163272964,-0.13244280550892,-1.4653050180913525,1.2577942803492435,0.016378418,-4.095277
train,21,1.1795253710669618,-0.11327324735866694,-1.1250931660131815,-0.23945086990058181,-0.0120923439682961,-0.17874006444165455,-0.08077574972654374,-0.10341065884239017,-0.0723200662169907,-0.13244280550892,-1.1590459997850915,0.2765645790844596,0.032882154,-3.3813903
train,22,0.8896405659744944,-0.034568588171548266,-1.125087671449008,-0.1259241876635569,0.070446876972681,-0.04182118586798333,0.046480355775381496,-0.09684734261518636,-0.06856609174182975,-0.13244280550892,0.4145209221296596,2.0097229857506944,0.07921872,-2.4530098
train,23,0.8424272601661854,0.4231819311460708,-1.1250887926005553,-0.17376930222223252,0.0067059657046718716,-0.09725959355054731,-0.020386303438751172,-0.09896223909300154,-0.07237303690990432,-0.13244280550892,0.36824162177240294,1.3898994955328885,0.116976574,-2.021378
train,24,1.4596250350592614,-0.854873551341275,-1.1251123542578068,-0.20732383243553512,0.08085999614022704,-0.17597996346655517,-0.054810835115312574,-0.09925105531592937,-0.0600709179401771,-0.13244280550892,-1.9177545224964914,-1.5733407339778012,0.022422316,-3.775021
train,25,1.136715378753728,-0.7702562169335354,-1.1251097842510773,-0.2551486079000234,-0.03922956361705246,-0.1927804899239457,-0.10171497886163945,-0.09891404680710475,-0.06618855595183049,-0.13244280550892,-1.0235907118279233,-1.5733407339778012,0.025700105,-3.635224
train,26,1.0070622591765064,-0.37392401164721917,-1.1251037332661202,-0.10587299488457767,0.12214222857334292,-0.04362531200303297,0.06379937086989784,0.07380557995087741,0.17770552363368158,-0.13244280550892,-0.47541533351299725,0.4388055485800194,0.13934611,-1.8207316
train,27,1.1592212032841138,-0.2635510211519902,-1.1251065920122685,-0.18931570430145286,0.05036954175347706,-0.14149768316044353,-0.03518608471615995,-0.09967980688895864,-0.06690414592098662,-0.13244280550892,-1.009928265111009,0.29437953780044906,0.03237025,-3.3976097
train,28,1.4471489801565476,-1.141581720276448,-1.1251205712285555,-0.20522014539431846,0.08176877744939469,-0.1589159985193849,-0.031065815379449087,-0.10046109869756409,-0.062468316665649885,-0.13244280550892,-1.9513551110161733,-0.5030092051620623,0.058504894,-2.7783587
train,29,1.425866298263683,-1.011457543568956,-1.1251168155706748,-0.2141212797324424,0.06468284737286763,-0.16253948845271374,-0.038206723732613725,-0.088848711708299,-0.04252964246975027,-0.13244280550892,-1.6572998870191147,0.6230813840456249,0.2787448,-0.9506964
train,30,1.0696871622175796,0.8695470870215615,-1.1250904498071947,0.18452084024485166,0.5009651929073544,0.11741341404506384,0.26892394739978176,0.012153609270125541,0.09638972560817159,-0.13244280550892,-0.5681116281746332,6.3319883293973565,0.022685358,-3.763089
train,31,0.969389465940861,0.6587846803892186,-1.1251105526670415,-0.18610621075372027,0.017745975682708567,-0.08310500913376664,0.012364163792740093,-0.10123993752612592,-0.07292191917830552,-0.13244280550892,-0.07101104542121953,-1.5733407339778012,0.09105958,-2.3007655
train,32,2.8082621071898712,-0.8061451138435078,-1.1251502497926058,-0.3009490391034079,0.099376415314518,-0.2239110947943945,-0.057825764292702864,-0.10869917168216876,-0.059074522274415286,-0.13244280550892,-4.236086682928775,-0.05933548010239379,0.03353356,-3.3611
train,33,16.33059322203908,12.137889743974046,-1.12518131804077,-0.3723966195327765,0.893525059900775,-0.26831569780322984,0.12765359110076924,-0.11771923364193289,-0.0007583447014017105,-0.13244280550892,-7.667246186618241,-1.3851551401281195,0.118468784,-2.007011
train,34,1.719420531268713,-1.3223864553754008,-1.1251367109287882,-0.2702780827854327,0.021936467274981643,-0.18520614184427314,-0.04898178534433577,-0.10064436828686116,-0.05749463246610604,-0.13244280550892,-2.872867295844481,-0.09750819779574586,0.026362898,-3.609081
train,35,2.0234937909564237,-1.3792833972602223,-1.1251386205835077,-0.23331928470339502,0.13353144618406904,-0.15989645705215225,0.019570257379089802,-0.09950346648008312,-0.04904839832459459,-0.13244280550892,1.8334313372823408,-0.6994038512210613,0.014846107,-4.1950603
train,36,2.820738162092585,-2.4940884015104996,-1.125150834472873,-0.30579566614455955,0.0892031134368912,-0.20403818946074265,-0.01101701091205179,-0.10389750297898748,-0.04529128669173227,-0.13244280550892,-4.557680381197495,-0.5763698308516237,0.059971076,-2.7520483
train,37,3.3190464726186235,-2.9052320561808807,-1.1251586304655785,-0.30507804623683304,0.14858103295672043,-0.19754991679674838,0.03713143756428309,-0.11166419128448934,-0.06188745257860004,-0.13244280550892,-4.867729819300945,2.218275226800615,0.049947914,-2.9455361
train,38,1.2453304449655893,-0.4300251631820925,-1.1251194347568612,-0.24345906651746596,-0.007115083372252879,-0.16298037045063485,-0.054792468885549644,-0.10548163211435671,-0.07452090697130632,-0.13244280550892,-1.4587280025711764,-1.5733407339778012,0.06877979,-2.6055858
train,39,0.9894490051962046,0.44186321397977885,-1.1251123744782907,-0.25628244175143305,-0.0624665968139643,-0.20378103682441254,-0.12468197642978253,-0.09641418129633862,-0.06571716577612913,-0.13244280550892,-0.16317980620935268,-1.5733407339778012,0.3795076,-0.49163872
train,40,0.9894490051962046,-0.09400946226209292,-1.125116734281467,-0.2556189440021923,-0.0616714131684426,-0.1938746087788123,-0.11320249172126406,-0.09832650400174123,-0.06842122381564784,-0.13244280550892,-0.37295660447235823,-1.5733407339778012,0.2269595,-1.22556
train,41,0.8969794217996201,-0.3934016722806603,-1.1251203185033691,-0.17325074180392475,0.018322378642689905,-0.13370751667617023,-0.053374835744323126,-0.09630820736925576,-0.06767801826376715,-0.13244280550892,-0.15286910707078036,4.947492563964897,0.26722458,-1.00875
train,42,0.938810900002837,-0.4739023566505608,-1.1251254495300091,-0.13075312217668836,0.07630767495263721,-0.06475375807283534,0.028781594460683572,-0.08911697893540989,-0.05683745379486342,-0.13244280550892,0.08685018348148404,-1.5733407339778012,0.18802902,-1.4628682
train,43,0.709349341203905,-0.555614189913965,-1.1251327974832375,0.18860935587281577,0.34729700524050516,0.2282430913697698,0.2814529986267246,0.20901810845200264,0.29335936921032096,-0.13244280550892,0.9480531415177649,-1.5733407339778012,0.038992934,-3.2046013
train,44,0.7330783083718116,-0.7909456888296261,-1.125130343581623,-0.26938153270561627,-0.11385060666981878,-0.2045196671124987,-0.14141354047562965,-0.09814954840684541,-0.07365628911890677,-0.13244280550892,0.8023843411296889,-1.5733407339778012,0.02457291,-3.6812308
train,45,0.77442052952002,-0.6932370733536853,-1.125133177648461,-0.10334644159443401,0.06739236201686749,-0.0385213935533277,0.030787014030259987,-0.08675778671835273,-0.058565915953927954,-0.13244280550892,0.6223771692807201,-1.5733407339778012,0.0394251,-3.1931293
train,46,0.9476175269929878,-0.6954979732218672,-1.125140737642815,0.12514406721355467,0.3779767890666651,0.2706628322086323,0.409858475447797,-0.08774943445945804,-0.0546979466223475,-0.13244280550892,-0.2692766104104108,-0.8673707535563466,0.070210375,-2.5834622
train,47,0.7697725874974404,-0.19901695208208142,-1.1251344959136549,-0.3007963429852026,-0.14185032709810927,-0.22124085769717416,-0.1561798718221372,-0.10349127073826707,-0.07951316486343274,-0.13244280550892,0.7167158539415661,-1.5733407339778012,0.07939941,-2.4505353
train,48,0.5471606274686258,-0.42324657547235917,-1.1251284515714055,-0.2423535792357454,-0.11520536399181872,-0.1795171598686679,-0.13099155820722957,-0.09576312310327943,-0.07507941558662677,-0.13244280550892,2.73113960467009,-1.5733407339778012,0.12231501,-1.970688
train,49,0.7592535608147601,0.2087763135035281,-1.1251348776895704,-0.09197068380744645,0.0755335279114944,-0.003473939341971126,0.0637236044077875,-0.09287158754310616,-0.06657666103677523,-0.13244280550892,1.1527306025683455,-1.5733407339778012,0.0896015,-2.3185103
train,50,1.1232608097409975,-0.055257571004072935,-1.125140929164452,-0.1217881685190918,0.13034650428110647,-0.07684715965797279,0.04156697637756588,-0.08870867699032804,-0.05097733775320482,-0.13244280550892,-0.8250724308679003,-0.2413072654240294,0.086478025,-2.357417
train,51,0.751425447934626,0.2333526204898508,-1.125134994386604,0.062471124378938286,0.2344272081060576,0.048852387720801374,0.11494587473343909,-0.08271261857516063,-0.054289162081431606,-0.13244280550892,1.0778504950773753,-1.5733407339778012,0.10260582,-2.1686006
train,52,0.6856203740359984,-0.980890332901501,-1.1251448997283808,0.791456498716432,0.9387747959197478,1.0021753203083763,1.0206224322878095,-0.06419883156480216,-0.034675609157776593,-0.13244280550892,1.0957022164308168,0.0736028208917406,0.029330958,-3.499342
train,53,0.5655077670314402,-0.7078839973655808,-1.1251429422881485,0.2108682812490465,0.30437812498671235,0.25004906110275027,0.25231353926357825,-0.0822996407420236,-0.060047900657096996,-0.13244280550892,1.6822880281394184,-1.5733407339778012,0.00903743,-4.697302
train,54,0.7673263022223985,-1.1829053776437002,-1.1251474474184189,-0.20952652465270402,-0.04610011860719496,-0.15282905303638883,-0.08670136788432471,-0.09290951687853558,-0.06641793804699173,-0.13244280550892,1.1095999971314943,2.324875880861181,0.071027786,-2.5710077
train,55,0.5919276480018929,-0.47763937655706495,-1.125142169956261,6.15174277401755,5.881905605018672,5.71890604199396,5.215268539287442,0.24567264033157563,0.3033506406273225,-0.13244280550892,1.904288708339492,0.18244482660034356,0.042028103,-3.1264799
train,56,0.7132633976439721,-1.3681693550040375,-1.1251499167767716,-0.1515869281124923,0.003150779564641,-0.0935226391125778,-0.033528395183998735,-0.0906801321335999,-0.06512045259647296,-0.13244280550892,0.7974594819474523,-1.5733407339778012,0.03511925,-3.313255
train,57,0.6053822170146235,-0.86303390852095,-1.125144512153581,0.6233821977811321,0.7126355061676539,0.5813595095236898,0.5692555291495559,0.682175874687132,0.7942594551907004,-0.13244280550892,1.8019425063050487,3.644885445972373,0.03621101,-3.2815092
train,58,0.5814086213192127,-0.7822161179769014,-1.125144563163343,0.05701723442279317,0.16855318515402995,0.0926354931453139,0.11636736893323937,0.331423820369891,0.39439719705633214,-0.13244280550892,1.8084531163324127,-1.5733407339778012,0.01694303,-4.0608106
train,59,0.5488730271611552,-0.38111508985755616,-1.1251406986271777,-0.2924394029597393,-0.16043827072728842,-0.22524071442968183,-0.1710216594045504,-0.1010383809007362,-0.08069396523736617,-0.13244280550892,2.4221842185192988,-1.5733407339778012,0.018515946,-3.9704335
train,60,0.6234847280499337,-1.046702906427548,-1.1251436266373727,0.9983502100420256,1.0848571840475725,0.8396105417656319,0.8185403615295593,1.2437980539374651,1.4401423474895187,-0.13244280550892,1.3281887780237949,-1.5733407339778012,0.036398552,-3.2761488
train,61,0.7888536126427673,-0.7331049029714442,-1.1251003099202255,1.0451756787582052,1.2958038381172385,0.23149540978116862,0.31162711688148953,0.06973520524956009,0.13877545075349823,-0.13244280550892,9.125488429955821,0.7015741044036472,0.14092259,-1.8076482
train,62,0.8023081816554979,0.12355111658889006,-1.1250974628674189,0.20008131955928177,0.4005953460948378,-0.07658218590175643,-0.00411124144525396,-0.056643767160709374,-0.01951736165206455,-0.13244280550892,0.6706886143347849,-1.5733407339778012,0.27357173,-0.97657585
train,63,0.9307381585951986,0.6693471962723202,-1.1251057798361601,0.07360493443034861,0.3114674606623952,-0.017521760888816507,0.08053081334061073,-0.06552106691429686,-0.024777627356365624,-0.13244280550892,-0.04703631376700832,0.6423188968842444,0.295815,-0.8673069
train,64,0.9187513607474932,0.7915310053656359,-1.125110735195858,-0.16523642298904306,0.03196251292195628,-0.13942709564647202,-0.05741587582372068,-0.08871296859489869,-0.056858262175123665,-0.13244280550892,0.19113264464706367,-0.05696799729738512,0.35683364,-0.5891338
train,65,1.0970855572980491,-0.5490692283556591,-1.125116195604441,-0.06180882914222489,0.20029321384088544,-0.014996515767705658,0.11372818657333861,-0.08804781162051223,-0.05073957557925229,-0.13244280550892,-0.6386740904522038,3.7307498723799393,0.2803786,-0.9425844
train,66,0.7320997942617948,-0.2417173744061625,-1.125097363557283,0.07742947050326333,0.24290916699162238,0.10855207294239319,0.1700344145946428,-0.06346811755193714,-0.03156844784101486,-0.13244280550892,1.2011763000585285,0.03348671441849882,0.12515847,-1.9444621
train,67,0.8622421708940249,-0.06252535582992365,-1.1250912675433127,-0.20005301367010564,-0.01858844740049452,-0.18818404753673587,-0.1158080480759312,-0.09248176560637346,-0.06343828285214684,-0.13244280550892,0.21215421360012737,-0.09713375406133468,0.2101417,-1.3240714
train,68,0.9495745552130214,-0.7061703795006343,-1.1251078445931768,-0.1960133985983041,0.002288278785106883,-0.17508404449236764,-0.09464434932056014,-0.09357726114228061,-0.06270044914564518,-0.13244280550892,0.4979942630454516,-1.5733407339778012,0.31616566,-0.7714494
train,69,0.9980110036588513,-0.60517596788277,-1.1251096578684936,-0.0727695782699127,0.1597682991654093,-0.09620624855726606,0.0010951843330429022,-0.02502002114533563,0.03590488678340099,-0.13244280550892,-0.5254098477334181,1.809719428970017,0.22365852,-1.244472
train,70,0.8265264058784129,0.19588072756450267,-1.1250891777099774,0.016911228491359544,0.21156883378796562,-0.0007573978728189758,0.07936333151870721,-0.0772527551447659,-0.04475244332797541,-0.13244280550892,0.7968633032614472,1.4541970902725976,0.08087695,-2.4304912
train,71,1.055009450567328,-0.09100258961154267,-1.1251008016785289,-0.18216562676625614,0.03924959267880062,-0.15497760944568637,-0.062002054612824375,-0.09330678473132556,-0.059673960054047695,-0.13244280550892,-0.4327317254554117,0.4024546309512971,0.0988309,-2.2102826
train,72,0.804999095458044,0.6223819345337938,-1.1250913336298325,-0.12056907508087193,0.05644070577722209,-0.08530337534347905,-0.012807770717012576,-0.08896732655453567,-0.06044895833561968,-0.13244280550892,0.6860003938135507,1.5159245260011804,0.104594745,-2.1471832
train,73,0.8999149641296704,0.2283573801187553,-1.1250974074274533,-0.029808954076144787,0.1823742342309547,-0.022146780297830456,0.0698579125718681,-0.06757894905838534,-0.02898495120170698,-0.13244280550892,0.37748668102541566,-0.125132303411424,0.15475267,-1.6978011
train,74,1.1389170355012659,-0.24003298409027382,-1.12510943522775,0.1387915317150983,0.47198095939413226,0.18315859604048607,0.36983434820103817,0.3376519158864997,0.6018446981273925,-0.13244280550892,-0.8767398080980168,-1.5733407339778012,0.44388542,-0.22540788
train,75,1.6895758509132017,1.5517896807814024,-1.125132599102549,-0.2700189867617797,0.01822981758342283,-0.19936382993092533,-0.07391095527223229,-0.10234681967322264,-0.06140831835060026,-0.13244280550892,-1.8995787545327356,-0.3087080199622486,0.077333994,-2.4791336
train,76,0.7467775059120464,0.027987809218031304,-1.1251015868694485,0.33856741574894716,0.5195573438574093,0.2993759748942033,0.36552148289045405,-0.06746151449767951,-0.035753218530716856,-0.13244280550892,0.8771194615848357,1.5679626839276053,0.26412928,-1.0246158
train,77,0.7007873427412583,0.4603570797324915,-1.1250929424309808,1.2238416946935389,1.3875234332091593,1.2443074650222306,1.2693074213399427,-0.03791116191416773,-0.0026730336985904316,-0.13244280550892,0.6595456640930953,-1.5733407339778012,0.9376998,2.7114651
train,78,0.9314720441777112,0.6062563569697091,-1.1251030066150933,-0.023560560167355516,0.19899315169027063,0.015915122760502328,0.11817621408748052,-0.0850470889268685,-0.051474306507863006,-0.13244280550892,-0.11552349647286927,-0.1279384905625247,0.23689473,-1.1697801
train,79,0.9300042730126861,1.8491741935587,-1.1250977285124768,0.39630261695186975,0.6853173717212392,0.3382652049434148,0.4792206780968436,0.0058959284226776905,0.07287599806551973,-0.13244280550892,0.16309416463668103,-0.8198672568161354,0.9432327,2.8103528
train,80,1.0508507655997568,0.749657798947582,-1.1251075584955452,0.11495549951838563,0.406531875850558,0.11228341698052857,0.25775310003464985,-0.0580459348587981,-0.00823770683935454,-0.13244280550892,-0.6600183060385421,-1.5733407339778012,0.8906171,2.0970597
train,81,0.734790708064341,0.2700286010217463,-1.125091279401916,-0.24638954334008745,-0.08991095088665232,-0.19554145088971062,-0.13235873766774464,-0.10209533484309434,-0.07841870938338381,-0.13244280550892,0.9908091145399234,3.9888049197027375,0.9705349,3.4946415
train,82,0.9072538199547961,0.01241421070077001,-1.1251066016293456,-0.13967817267406507,0.05882204939291141,-0.08437129189007389,0.0023139876305816208,-0.09639567967627198,-0.06756159963071263,-0.13244280550892,0.10310715075663375,0.6002703653361079,0.9225138,2.4770024
train,83,0.9706126085783818,-0.1281366234059624,-1.1251049199509393,-0.028052031070902626,0.20544718191371128,-0.023461184569034944,0.08093416609806578,-0.0841981126106136,-0.0490505384677936,-0.13244280550892,-0.3211522148995626,-0.1903966879034758,0.90031725,2.2007546
train,84,0.9505530693230382,0.2785097975400144,-1.1251011670024946,0.24441381764370212,0.5190356360688131,0.31480530056524836,0.46098721676500054,-0.07611954009568692,-0.038517853796205904,-0.13244280550892,-0.10336583475347985,-0.18345917298132083,0.96638185,3.3584929
train,85,1.030791226344413,-0.49550875887086065,-1.125111583399596,0.2773558964794599,0.5977167437667034,0.4309910478848851,0.6301678030137977,-0.08479809613020305,-0.047978593168620985,-0.13244280550892,-0.18706156944501814,-1.5733407339778012,0.98081654,3.9343371
train,86,1.0748243612951676,-0.46184844637442696,-1.1251111508697242,-0.03239206838645934,0.23106135140543665,-0.027368476188516552,0.09465581070050268,0.03686748403325444,0.1335241581797183,-0.13244280550892,-0.5557333528348157,-1.5733407339778012,0.9221559,2.4720063
train,87,1.2781106676511511,-0.3156275928278214,-1.1251141618850746,-0.0888518981376063,0.21267535917829475,-0.05702226138125005,0.09035324993060727,-0.08050143733017116,-0.03308380674515479,-0.13244280550892,-1.5229417811495711,-0.39506568524469315,0.9492973,2.929743
train,88,1.0273664269593543,-0.24877055208862775,-1.12510756191955,-0.09887171265753374,0.13571925303947266,-0.07723508953032958,0.027378013728077313,-0.09138106798431629,-0.05758966685707568,-0.13244280550892,-0.05795248419619276,0.43658126085542276,0.9131057,2.3521595
train,89,1.0029035742089352,-0.5904031912779462,-1.1251144090004814,-0.21314630085690675,-0.008398316239364614,-0.18149753852868777,-0.0978297436051452,-0.09711258158089422,-0.06640600825277396,-0.13244280550892,-0.8001392813837112,1.7937438670893777,0.9305451,2.5950928
train,90,1.1582426891740971,-0.9820986134535451,-1.1251187802835587,-0.15565064448827579,0.09426872777132572,-0.12869669362688405,-0.019077098548286677,-0.07628330676012317,-0.03077390463721578,-0.13244280550892,-1.0846078877265883,2.1669023816328767,0.95746857,3.1140497
train,91,1.232365133007867,-0.9447045038666534,-1.1251205767270571,2.0346806133425117,3.0854046019121397,2.36684396226234,3.266709035352506,-0.03322609269306363,0.04107710579320148,-0.13244280550892,-1.5828281561402138,0.23179769697418035,0.98172265,3.9836464
train,92,1.1902890262771462,-0.8121011287505142,-1.125117437528425,-0.04356902700957094,0.2502719785242307,0.049085092082065795,0.21318996095862816,-0.09071684070242085,-0.05220456806111836,-0.13244280550892,-0.9235218010944923,0.28080910370334194,0.93691236,2.6980648
train,93,0.894288507997074,-0.2189554808523335,-1.1251093294243326,-0.2299040981314893,-0.04657133854528189,-0.1700836698428234,-0.09361207162467447,-0.09681205679561042,-0.0684146572718565,-0.13244280550892,0.31517596011950183,2.8284766291965564,0.98327094,4.0737376
train,94,1.067730133997546,0.6492041309635775,-1.125113773425889,-0.24970637834529621,-0.04267535941431315,-0.20325518085059788,-0.11916209641743539,-0.09544613871413925,-0.06250909112081494,-0.13244280550892,-0.3327140129336951,-1.5733407339778012,0.9094029,2.3063662
train,95,1.044979680939656,0.6291757338300524,-1.1251129163030913,-0.17326169715919146,0.04827429595734053,-0.13495956906925002,-0.03903518281206155,-0.0880075377246237,-0.052204516491402723,-0.13244280550892,-0.39514928375083164,0.5204847268843793,0.93067795,2.5971503
train,96,0.857349600343941,0.5829513896441765,-1.1251021450625815,-0.14354794804263213,0.043313864644800415,-0.09884867254875984,-0.020151407702652852,-0.08022355688924328,-0.047488732439768346,-0.13244280550892,0.4247098273029307,-1.5733407339778012,0.9954744,5.393469
train,97,1.0070622591765064,-0.16398349475775356,-1.1251069000182459,-0.22268065635218717,-0.019202716248357843,-0.18922194696153705,-0.1065488523139052,-0.0938270945099167,-0.06162300307680444,-0.13244280550892,-0.05782724112760443,1.1609617194478452,0.9768936,3.7442684
train,98,0.6817063175959314,0.25985519866630347,-1.1250995358572595,-0.1730116854486044,-0.025025648340432076,-0.13303358608968513,-0.07575827686033881,-0.10000980850835257,-0.0769412886000488,-0.13244280550892,1.6722235575399107,0.09112951165760226,0.98613286,4.264269
train,99,0.8277495485159339,-0.20137918133532087,-1.1251097971341812,-0.11008321922842969,0.07328681856382992,-0.074116949076016,0.0021387182094611966,-0.07970805739816994,-0.04786993577777011,-0.13244280550892,0.4952486124900217,-1.5733407339778012,0.979812,3.8822737
train,100,0.9163050754724513,0.12118241444159121,-1.1251044873981706,-0.13316824017520917,0.0683432165347929,-0.06437058886343226,0.025812188882698817,-0.09528880375379382,-0.0658533442052259,-0.13244280550892,0.22398748978190036,1.3523505169115821,0.94719285,2.886856
train,101,0.8774091395992848,-0.2846893353299213,-1.125113284984469,0.09684590731669242,0.318144478892252,0.13538833284151217,0.23716929370839482,-0.08340441191834352,-0.05100130048107163,-0.13244280550892,-0.2154260153107994,-1.5733407339778012,0.9853064,4.205539
train,102,0.8328867475935219,-0.28773029153559687,-1.1251118935044833,-0.02242771703218711,0.17056007721177519,0.05137742955294263,0.135800642688203,-0.08744089291103516,-0.057680601455652035,-0.13244280550892,0.5722226511296276,-1.5733407339778012,0.9700336,3.4772534
train,103,0.7024997424337877,0.08573302821771298,-1.1251068518509202,-0.25274283469970177,-0.10130858313912999,-0.1801954506037594,-0.11956256910188263,-0.0995616523934843,-0.07599260351620545,-0.13244280550892,1.3466375941244844,0.8866297508201331,0.99144286,4.752395
train,104,0.770506473079953,0.35433309403707286,-1.1251057927833503,-0.18046436814495795,-0.014890212350687259,-0.1615629982248438,-0.0953036386968298,-0.006403661031577204,0.04127511631134913,-0.13244280550892,1.2698532205449673,-1.5733407339778012,0.9978898,6.1588683
train,105,0.7854288132577086,0.17957768874928257,-1.1251048305234896,-0.17222617509438587,-0.0031728237116505982,-0.1010199087906097,-0.031675984209237985,-0.10028033391995259,-0.07521156298295112,-0.13244280550892,0.8523832950603879,0.7629595353137719,0.95793486,3.1255603
train,106,0.7712403586624655,0.002137616638217962,-1.1251086058618265,-0.19596593013925,-0.031096812364177103,-0.1582996707406309,-0.09190980594070562,-0.07232141509168974,-0.04069522173495329,-0.13244280550892,0.4780323158245597,2.348207167620833,0.9963762,5.616606
train,107,0.7966817255229015,0.4226214142705625,-1.1251045721819637,-0.2574780606917743,-0.09224180665183232,-0.19704081288663117,-0.1297260197511889,-0.09677406929995624,-0.07055639913205011,-0.13244280550892,0.770589669758095,2.3273847893822173,0.9902856,4.6243815
train,108,0.9307381585951986,0.5901218002000673,-1.1251126043443,-0.2800113281422885,-0.09866638562914255,-0.2044428721851404,-0.1290874191089708,-0.10450809413970012,-0.07812835469443234,-0.13244280550892,0.0033671510239517946,0.6209277041893577,0.95025504,2.9498212
train,109,0.7475113914945589,0.594266238027233,-1.1251123741103048,-0.2487644193502072,-0.09041582939174546,-0.17696063072793217,-0.11282803611554512,-0.10350470457105307,-0.07991358651546254,-0.13244280550892,0.7989875813233454,-1.5733407339778012,0.97288156,3.5800483
train,110,0.8032866957655147,0.9172663528254217,-1.1251077552707136,-0.2679493465438343,-0.10253712083485664,-0.20309885092829183,-0.13558782354022955,-0.09555204198302242,-0.06885673006421722,-0.13244280550892,0.48240313817420505,4.740970612969136,0.9854123,4.2128816
train,111,0.9192406178025015,0.0019517782832922917,-1.125116112616613,-0.09774515531383768,0.10983160769082181,-0.03402030669180127,0.06006932417614363,-0.08946308236181676,-0.05786398336446349,-0.13244280550892,0.4197397673244463,1.33349489284275,0.9706697,3.4993646
train,112,0.8732504546317136,0.30875534041053015,-1.1251131255105786,-0.09363360220129552,0.10284745503703335,-0.006896362271905215,0.0816560960141934,-0.0859200588374902,-0.05446805742498249,-0.13244280550892,0.052102184467725424,-0.08831720395115376,0.96736306,3.3891292
train,113,0.7223146531616271,0.20042944285297484,-1.1251073272791485,3.6289960841168813,3.871281653656621,3.1943597608736343,3.2186617960793065,0.07929956322597058,0.14021641174787663,-0.13244280550892,1.1739795061930247,-1.5733407339778012,0.97357666,3.606729
train,114,0.7413956783069541,-0.04582423337579132,-1.125110368143508,0.33426305446636734,0.5121987396456767,0.05462977917990129,0.11849017558329782,0.1437320162385767,0.22195058628141134,-0.13244280550892,1.0042052246807769,-1.5733407339778012,0.9299953,2.5866172
train,115,0.7034782565438044,0.25654843994573084,-1.1251101414704083,-0.16324362757121635,-0.010746001288047723,-0.11218834777126929,-0.0530580780204182,-0.09812652312305724,-0.07426216451804142,-0.13244280550892,1.5482106936664335,0.08175461524091568,0.973381,3.5991497
train,116,0.7027443709612918,0.574270844117348,-1.1251059591733554,-0.1285416782561136,0.02414110341388836,-0.06968713992446958,-0.011651687612005973,-0.09685558181244365,-0.07276372907558361,-0.13244280550892,1.5009750246724345,-1.5733407339778012,0.9685624,3.427809
train,117,0.8045098384030356,1.1288590222926915,-1.125106048985825,0.766899002698528,1.0118980327407379,0.8235510693719561,0.9333248118446431,0.02653934016164941,0.08627595892662282,-0.13244280550892,0.8158808320945347,2.3983186906101155,0.992121,4.835642
train,118,0.8925761083045447,0.5006681864678366,-1.1251171017951873,-0.18895382752314407,-0.00038757729188676726,-0.11492293181821815,-0.03323665678427212,-0.06782212013208384,-0.02964176028998752,-0.13244280550892,0.540853578603939,1.4958802348696745,0.9918719,4.804266
train,119,0.752648590572147,0.09073681359042501,-1.1251129446738408,-0.06719401346560687,0.09967513509669812,0.1098283970118753,0.17668784019745523,-0.10227358181884502,-0.07831061066445234,-0.13244280550892,1.3550934634678735,1.6249454306241902,0.96252847,3.2459822
train,120,0.7242716813816606,0.13320004937956118,-1.1251127012484063,0.6591075044527985,0.8356281173292189,0.6995032053717748,0.7530462520430785,0.9045063816901602,1.1374436907440837,-0.13244280550892,1.0538988707563475,0.05644139225307804,0.97761405,3.7766812
train,121,0.8111148086456488,0.3098390069451186,-1.125091097417112,0.5640833254389498,0.7980609492294135,-0.09656230070806862,-0.023733933451616444,-0.008226780844803664,0.04271189156380819,-0.13244280550892,9.010541686408057,-0.02993731983289775,0.8944432,2.1369524
train,122,0.881567824566856,0.8773380825531515,-1.125087852267472,0.05296196835436574,0.270248338042416,-0.15569739644419175,-0.07899563403419835,-0.06412303182525939,-0.025215901179674285,-0.13244280550892,0.10716755763180696,4.424620392401387,0.87516344,1.9474053
train,123,0.8101362945356321,0.15057917675212956,-1.1251056416468481,0.008536464297651224,0.19715034514668064,-0.09649198194396612,-0.02378829849785376,-0.07319117861488443,-0.04019156610716728,-0.13244280550892,0.60895192569759,0.7742715120856664,0.9948743,5.268349
train,124,1.0956177861330239,-0.6149181031095288,-1.1251168808952945,1.5925762584569052,2.2982359026587953,1.7138001488616932,2.233588085951234,-0.02897514601745305,0.037617903812631706,-0.13244280550892,-0.8304516833298364,1.6851282347966687,0.96938646,3.455221
train,125,0.8152734936132201,0.7029528179541535,-1.1250990657778956,-0.12665636603813146,0.05227966543107945,-0.12692650093189142,-0.055010570484138197,-0.08915789710831304,-0.06039955454803775,-0.13244280550892,0.8200773537473143,-1.5733407339778012,0.9610456,3.2056308
train,126,1.0594127640624036,-0.09009235513397422,-1.1251132030274487,-0.06196182629124732,0.18971180183830835,-0.09581556210944082,0.009600241152858513,0.011171846544833832,0.09384819812244106,-0.13244280550892,-0.7572502305023302,1.8045343012295987,0.96954376,3.4605346
train,127,0.982354777898583,-0.5144598621971539,-1.125104539610071,-0.15021773073783387,0.06310510204445156,-0.11620798122867051,-0.024041095124408073,-0.09147399224431338,-0.05892021709027149,-0.13244280550892,-0.37982048431289045,0.5064141239876264,0.8546751,1.7717496
train,128,0.9087215911198213,-0.22461614921523435,-1.1251012717670112,-0.07025143027180299,0.13866858497339174,-0.0012489968093304805,0.09456792445518196,-0.08245536986367752,-0.04869031540910421,-0.13244280550892,0.2770435404172472,-1.5733407339778012,0.92742425,2.5477803
train,129,0.8632206850040417,-0.21241625693398938,-1.1251012692406792,-0.06127072567114405,0.13638821705872106,-0.05168446017214766,0.03147153234300839,0.07172851624041787,0.1526857541155152,-0.13244280550892,0.4648708939128843,-1.5733407339778012,0.95125854,2.971256
train,130,0.8600405141464872,-0.07358778931601545,-1.1250989487060812,-0.21177705930231952,-0.03204766688210252,-0.17452394131712332,-0.10126309666439083,-0.09526843308502228,-0.06715541936043651,-0.13244280550892,0.21621302769804565,1.3939798446859144,0.9731015,3.5884178
train,131,0.9087215911198213,-0.07744160178215317,-1.125098731960146,-0.11325270993888314,0.08941768680155579,-0.1127082953768902,-0.028863687242665137,-0.07952435503255248,-0.04472956356413701,-0.13244280550892,0.6819458331665839,1.3222112669400587,0.9770975,3.753341
train,132,0.7472667629670547,0.24975017162911284,-1.1250871503267066,-0.2607260890714243,-0.10288212114667028,-0.23638179064202047,-0.17254551567513854,-0.09990335901641983,-0.07550277716716322,-0.13244280550892,1.0752295819746258,0.8409008389036217,0.9415035,2.7785115
train,133,0.7898321267527841,-0.07512104309888354,-1.1250972056892166,0.07115086313865794,0.2574244240130502,0.13418176199376086,0.21155593665518455,-0.08386213018548602,-0.05445421095633348,-0.13244280550892,0.7723105037021263,-1.5733407339778012,0.84541434,1.6990786
train,134,0.942724956442904,-0.2475948495257731,-1.125104145096485,-0.17876125968282372,0.021149698271211496,-0.15934286609928028,-0.07742417061793852,-0.08857768669913121,-0.0559832530250229,-0.13244280550892,-0.07431103594441175,-0.16896656293161427,0.94181955,2.7842643
train,135,0.8196768071082955,0.056375201253593195,-1.125098808587997,-0.15529817857025113,0.02218049188577666,-0.0998871913628611,-0.026109071388922274,-0.09681760045172695,-0.07009564950767555,-0.13244280550892,0.8775644400285109,-1.5733407339778012,0.95318896,3.013694
train,136,0.8027974387105062,0.6390406205043517,-1.1250942557910675,0.23519094731686846,0.43857903896134515,0.19147711038039292,0.27474082288835006,-0.07001938511311726,-0.0364656283674086,-0.13244280550892,1.2814952267491861,0.027914822672128428,0.8023918,1.4013108
train,137,1.0183151714416994,0.4065506967615631,-1.1251054523311348,-0.1853495746117262,0.028159094850254612,-0.16591602440281608,-0.07830759842704887,-0.0908791796976754,-0.05710997395715648,-0.13244280550892,-0.047842837742008974,-0.16774519099020754,0.98264205,4.036195
train,138,0.757785789649735,0.24482805576920252,-1.1251022581691608,-0.1865871805279991,-0.02380973260733276,-0.14845789644996216,-0.08318523054315062,-0.09180466770442533,-0.06529738829082957,-0.13244280550892,0.5214102695255278,1.5817605027469452,0.99286735,4.9359145
train,139,0.8390024607811267,0.3735742645206175,-1.1250984481375017,-0.16991370406144032,0.010252737202951192,-0.14471058444476148,-0.07127461106287925,-0.012108898999771828,0.040220283562815984,-0.13244280550892,0.5295815976679124,-1.5733407339778012,0.99733007,5.9230294
train,140,0.9089662196473255,0.9665201675122777,-1.1251033014414282,0.07062824894645205,0.30011190161867535,0.06150089074303638,0.1641146068898295,-0.08568669976415258,-0.05304928859823396,-0.13244280550892,0.3031895230223464,-0.0991534960525289,0.90480965,2.251846
train,141,0.9170389610549639,0.35073151341664827,-1.125103591753027,-0.28412268859758844,-0.10520876959097451,-0.23638986013871321,-0.16548406296057167,-0.10365816875998089,-0.07719979898959332,-0.13244280550892,-0.02326556973136436,1.32005137435354,0.9671605,3.382733
train,142,0.82285697796585,-0.1498398005805096,-1.1251002257712424,-0.21246384527235074,-0.0393810271685804,-0.15549462948308534,-0.08424207060839967,-0.09183891359185767,-0.06362848915332782,-0.13244280550892,0.3515362683464321,0.6898933529383549,0.97348446,3.6031508
train,143,0.762922988727323,0.39192691901791665,-1.1250951007675074,-0.2090056620639857,-0.0463399358971142,-0.17971258444575738,-0.11439556720504905,-0.09698369080049998,-0.07157429077428068,-0.13244280550892,0.7832905750150537,2.384055467080755,0.98835886,4.4415
train,144,0.7250055669641733,0.6150750099376882,-1.1250968776086345,-0.2519590356167296,-0.09712650618860846,-0.21429421801699838,-0.15159505551298622,-0.09309581673406699,-0.06772082112774733,-0.13244280550892,1.2858489748728001,-1.5733407339778012,0.9700022,3.4761734
train,145,0.691491458696099,0.32463466073852115,-1.1250957037790268,-0.10065698781129245,0.04948179704868829,-0.018033747607863373,0.03674638815290084,-0.05770075885565132,-0.02671042591869616,-0.13244280550892,1.0827952543247525,-1.5733407339778012,0.89496195,2.1424587
train,146,0.5872797059793132,0.27144992465274753,-1.1250978726340493,-0.24005528276297175,-0.10676127099413592,-0.1872567459154262,-0.13485641495587686,-0.10017606965275538,-0.07900838329685528,-0.13244280550892,2.5636917534476646,-1.5733407339778012,0.98173195,3.9841647
train,147,0.931227415650207,-0.40819099465093645,-1.125106815459149,-0.0400232045865891,0.17982039045935858,0.08175848754881922,0.19198572318435558,0.05127970816362255,0.13512243259165277,-0.13244280550892,-0.11420137498261126,1.2554818013410707,0.91351527,2.3573322
train,148,0.8145396080307075,0.424544355960361,-1.125097536793705,-0.16569995904656024,0.009810968510994693,-0.15031989271322702,-0.079596227774104,-0.08998149523499846,-0.06147308991344255,-0.13244280550892,0.6516501802367499,2.21581355293722,0.9645908,3.3047318
train,149,0.7707511016074572,0.23543367980910843,-1.1251025406326385,-0.1119336238491664,0.05742521886215372,-0.10567860902411778,-0.03830175775737881,-0.0910473015595205,-0.06401380087867546,-0.13244280550892,0.6447301014632271,-1.5733407339778012,0.96564984,3.3361948
train,150,0.7059245418188463,0.4369873252936206,-1.1250952894471224,-0.24785804220993116,-0.09585168796324829,-0.2213826943377875,-0.15959293860294801,-0.0990033592476168,-0.07525657474975116,-0.13244280550892,1.3088868327205452,2.5162357045655352,0.9914231,4.7500653
train,151,0.6843972313984774,0.366661082546075,-1.1250938305167777,1.2337820102718238,1.3790498889653462,1.75215249989774,1.7430710424373208,-0.07420695079551397,-0.04651471803059375,-0.13244280550892,1.1477337036580297,0.9084551159811094,0.91283625,2.348768
train,152,0.8128272083381781,0.4961127420692858,-1.1251068380009697,-0.21738126078510228,-0.04647457016513904,-0.1787030719822011,-0.10946104631061293,-0.09673174571606523,-0.07013966425997324,-0.13244280550892,0.9527749483795578,-0.02895410377055773,0.9933595,5.0079064
train,153,0.8235908635483626,0.30479715746411346,-1.1251063051464618,-0.2188785845469035,-0.04623896019609557,-0.18454159291510483,-0.11476699181690389,-0.09749966347113358,-0.07088445128313352,-0.13244280550892,0.9321864293981899,3.038518960572057,0.99752754,6.0000663
train,154,0.8277495485159339,-0.5879289766501845,-1.125115052271075,-0.21189915286836794,-0.03790005022030719,-0.17280264950270988,-0.10206166083755255,-0.09412015960989296,-0.06643908163040362,-0.13244280550892,0.2860864524102079,-1.5733407339778012,0.8955942,2.1492019
train,155,1.023207741991783,0.31764067298580373,-1.1251097557959187,-0.06229045510380175,0.17932813391689276,-0.026213661056084612,0.08700299976398673,-0.08961816188904494,-0.05516150679622437,-0.13244280550892,-0.46753849135606224,1.1640491463533307,0.93740386,2.7064106
train,156,0.8431611457486979,0.8006653262485721,-1.1251078555989247,16.112911779608073,17.957745360708838,16.73263835064293,17.9151568765669,17.56795110168211,22.901870886775548,-0.13244280550892,-0.057538204500109776,1.4775334680273164,0.97841567,3.813967
train,157,0.7673263022223985,0.09962931904610949,-1.1251056313494072,-0.2500617287212817,-0.08875393764581387,-0.2108318084241565,-0.14571488549418263,-0.10129156648352831,-0.07682438864964831,-0.13244280550892,1.0305685980648787,-1.5733407339778012,0.9698855,3.4721723
train,158,0.7435973350544919,0.2420526511562502,-1.1251019534584412,-0.2019522241396181,-0.04248602997490322,-0.18612496923910704,-0.12232470165271862,-0.09460792167952752,-0.06909950309553932,-0.13244280550892,0.9284315176703078,-0.7869959682407174,0.9895146,4.54723
train,159,0.9167943325274597,-0.3732344748292702,-1.125111898425265,-0.16200178851439975,0.03527788177206791,-0.14376940183377748,-0.06244917861085343,-0.09612589372037064,-0.0669782172225491,-0.13244280550892,-0.032789867846462546,1.2484848592343913,0.9745239,3.6442084
train,160,0.7795577285976081,0.09773120345830587,-1.1251095516852911,-0.08794034554892216,0.08500420720286658,-0.028134601692862183,0.04229650683570679,-0.05446593986299167,-0.01801296131249785,-0.13244280550892,0.8809232008873441,-1.5733407339778012,0.9798426,3.8838205
train,161,0.8580834859264537,-0.21588663763455432,-1.125113711152702,0.14864504287049762,0.3683967194325227,0.16434584757020018,0.26292662506627257,0.057344007123754544,0.13302564233359096,-0.13244280550892,0.7308773382329825,-0.10806366370374496,0.989675,4.562807
train,162,0.8529462868488656,-0.24145657049158845,-1.1251113118059237,-0.07961833377355917,0.11321008635407008,-0.040701680185994814,0.04160854668898547,-0.03764982819855894,0.00804257734932057,-0.13244280550892,0.47421893399613446,0.6518092547953959,0.98962504,4.5579305
train,163,0.9011381067671914,-0.25659869826744314,-1.125114731337237,-0.18122795545129752,0.01006761508441704,-0.14425414269620185,-0.06455847365202672,-0.005589875882922699,0.05447252851932836,-0.13244280550892,-0.1923115617096808,0.6035233002351128,0.99750453,5.990781
train,164,0.9534886116530884,-0.5318503641041159,-1.1251197120616023,-0.203224053322984,-0.005448984305445511,-0.154004957619176,-0.07038480265534405,-0.09590781993444765,-0.06583317185145854,-0.13244280550892,-0.12531402134397054,0.5304783977272743,0.9195736,2.4365678
train,165,1.0846095023953353,-0.42994288869237507,-1.1251188347228103,0.5735647959346325,0.9981274715143224,0.597692617643282,0.8585359898879529,0.4589722514866732,0.7628175284900337,-0.13244280550892,-0.5373070410290179,-0.26202178183807445,0.9851081,4.191932
train,166,0.7646353884198523,0.8985003539082028,-1.1251117235808332,0.17691298709858683,0.3593720161539828,0.1280192015476896,0.1983048465137178,0.0983852792420297,0.17060936745768784,-0.13244280550892,1.7391014579373354,1.7144041892543205,0.9769329,3.7460098
train,167,1.019293685551716,0.06774269285125906,-1.1251264593997763,0.6522648987094714,1.04866160255327,0.8609391434079348,1.1311922038860724,-0.0030275989465559194,0.0691763522857842,-0.13244280550892,-0.4166916756195087,0.5064141239876264,0.994532,5.203357
train,168,0.8820570816218645,-0.37867055305804354,-1.1251219027725647,0.25759749280045047,0.5012050101972736,0.303549083984364,0.42183249845669984,0.4261031802527083,0.6271106442781131,-0.13244280550892,0.14561716700594926,-0.09937757072011556,0.97804767,3.7966852
train,169,1.047181337687194,-0.04794404447077167,-1.1251258623747298,-0.21866346329745592,-0.007418010475308764,-0.1589818732156762,-0.06752086141019337,-0.09884714507214143,-0.06795346070994641,-0.13244280550892,-0.46649354320462905,-1.5733407339778012,0.8626393,1.8373864
train,170,1.0415548815545974,-0.11303460936753029,-1.1251264553774776,-0.15082935913050308,0.07523480812931428,-0.10332983515709575,-0.0016977151112489426,-0.05283025260764128,-0.0011399949769390068,-0.13244280550892,-0.3724944066787865,1.8339690520633307,0.9757991,3.6968663
train,171,0.8668901129166046,-0.0662994215812403,-1.1251213199068955,-0.18418122882927498,1.211819131196984e-05,-0.14086621049808123,-0.0643311910346797,-0.05518620235619876,-0.014131575259898712,-0.13244280550892,0.17568279053147914,-0.08945341170213705,0.9961295,5.550497
train,172,0.7859180703127171,-0.377158938762404,-1.1251222713683529,-0.2353006908820325,-0.07021648186714402,-0.1937363765445282,-0.1270426678873433,-0.09761202313135313,-0.07185062709553101,-0.13244280550892,0.9014840341422757,0.7539881422799818,0.92325175,2.4873714
train,173,0.9336737009252489,-0.30359540486671904,-1.1251211059600439,-0.2022511857894517,-0.00793971826390501,-0.17444756355612542,-0.0952119291231494,-0.09174514745314571,-0.06058584155083018,-0.13244280550892,-0.057821769258472454,-1.5733407339778012,0.9439722,2.824248
train,174,0.8103809230631362,0.14225269534612187,-1.1251191704067363,-0.2369505623713814,-0.06804550429524352,-0.1885075143283982,-0.11989667433977044,-0.09140825852915525,-0.0634075043268631,-0.13244280550892,0.5181189831661586,-1.5733407339778012,0.97755677,3.7740672
train,175,0.7365031077568703,0.22009734405845174,-1.1251095138200213,-0.13790113412349425,0.022310918832925724,-0.11821127668639851,-0.05508214470024011,-0.032801532298622954,0.005983347034148993,-0.13244280550892,1.309145191188782,0.8742119290894224,0.9943408,5.1687937
train,176,0.9799084926235412,2.133453819675238,-1.1250624810210248,-0.23511094309081468,-0.03863633137356802,-0.1992031263081742,-0.12000020604719462,-0.08762778797689544,-0.05357513639364985,-0.13244280550892,0.3081475775635615,-1.5733407339778012,0.8433788,1.6835859
train,177,0.7570519040672224,0.33278453519751416,-1.125107282268934,-0.060211860311057235,0.108173923265766,-0.08620320608095998,-0.020324392349698683,-0.0829123773446929,-0.054347736683444635,-0.13244280550892,0.6154907739163901,2.4437278870139187,0.9960471,5.52934
train,178,0.7731973868824991,0.16698918803520257,-1.1251170167131381,0.055150509991061594,0.2344819032774427,0.10280301869185249,0.17489726065907282,0.11904152711777295,0.19783862425249196,-0.13244280550892,0.9909798002743692,0.8042018414735125,0.9846576,4.1616726
train,179,0.9351414720902741,0.10810574649899447,-1.1251187656679384,-0.21185096740958118,-0.018832472011289538,-0.15206824994471368,-0.06993348221906055,-0.09346755713091065,-0.06291001128009592,-0.13244280550892,0.5824380780267433,0.5860721930721701,0.9840365,4.1213584
train,180,0.7915445264453135,0.04133035914328052,-1.1251124491261724,0.014662848048492296,0.1977057115022831,0.012544047209291073,0.08639888872968,0.16879338759845927,0.2640292911246826,-0.13244280550892,0.9322920996083759,-0.015056361316224546,0.9690819,3.4450066
train,181,1.022963113464279,3.996131886113798,-1.125114812361412,0.5248679832977705,0.8959064035164643,0.006871098101471598,0.12600410579404653,0.09293944454505132,0.20772277677515913,-0.13244280550892,-0.13957320427692713,-1.5733407339778012,0.9703727,3.4889832
train,182,0.7533824761546596,0.15385457017955642,-1.125099143351749,0.0928179555967513,0.2667815056407764,-0.12583163110657705,-0.06079524952336178,-0.05605138102591181,-0.02141217911882713,-0.13244280550892,9.717560968327891,-0.7837947601077297,0.9571937,3.1073198
train,183,0.8025528101830021,0.23730505900120713,-1.1250977020226824,0.05686551660975039,0.24668313381719362,-0.0945366375605601,-0.022746026487484004,-0.03925747208501635,0.0025567628987207412,-0.13244280550892,0.45560502203265063,1.5149406835615467,0.9872821,4.3519454
train,184,0.8468305736612608,0.3359446227161649,-1.125102861351396,0.03789016711830045,0.24139453147634296,-0.006518722360089623,0.07710047031399914,-0.056174865104478125,-0.01651854830785986,-0.13244280550892,0.716130904618732,-1.5733407339778012,0.9795354,3.868382
train,185,0.8832802242593853,0.8355239413579111,-1.125109935682141,-0.06714502508903356,0.13529852095189504,-0.06324970523701057,0.02204462158716915,-0.07779538225669695,-0.04333965658824098,-0.13244280550892,0.3404100969272035,2.948202777557823,0.9771036,3.7536128
train,186,1.011465572671582,-0.12477778794384325,-1.125124294148737,2.052881921979716,2.741721181532611,2.362349927731109,2.8862591131404454,-0.019901337510670206,0.04428230973434511,-0.13244280550892,-0.26215860517449435,-0.881078908515977,0.99489427,5.272272
train,187,0.8725165690492009,0.25910074529132016,-1.1251114295912834,-0.0026881055426467774,0.20465620558906536,0.11984900555060782,0.2189575104806613,-0.0784191285235549,-0.044565442944116636,-0.13244280550892,0.15179554957370103,3.6155008466302907,0.9955967,5.4209895
train,188,0.8798554248743267,-0.04318562400023046,-1.1251099184627893,-0.19899495135624093,-0.0141413092347991,-0.16762532068966757,-0.09214490290461234,-0.08386192885568747,-0.05152894462158228,-0.13244280550892,0.2557391850602275,1.353233477904993,0.99762124,6.0387936
train,189,0.8184536644707746,0.4178600718348643,-1.1251022326742302,1.6289682822301896,1.9594876696665522,1.951386951327222,2.127499913373148,1.6324293588559833,2.1454260745954286,-0.13244280550892,1.0408851523526763,-0.03751500526837099,0.98688334,4.3206687
train,190,0.8541694294863865,-0.08150498385061959,-1.1251078474486123,-0.16767166999935001,0.015844266646857733,-0.14719220255946214,-0.07242010455446855,-0.06366630571986827,-0.025928285231508204,-0.13244280550892,0.28298182890369145,0.6724220383875265,0.9937185,5.063846
train,191,0.977217578820995,-0.47139907214774907,-1.1251162365058502,0.07475091334278312,0.3297945503972763,0.06730176014620018,0.18657306405592003,0.021948255889929335,0.10024689967927833,-0.13244280550892,-0.31446669117628134,-0.18861937869113848,0.9856287,4.2280483
train,192,0.9967878610213304,-0.361937761005122,-1.1251126600976449,-0.15864973706892585,0.05609991278628422,-0.15173752256523373,-0.06367341086697306,-0.08948866361816765,-0.055717978407777084,-0.13244280550892,-0.5070001255263161,3.2442906043837723,0.99081415,4.680863
train,193,0.8933099938870572,0.4834164808637331,-1.1250982798350315,-0.05276529209132892,0.15435347719828535,-0.06758571882661035,0.018808237014383566,-0.07923199203152638,-0.0448906501658873,-0.13244280550892,0.3038674681098848,2.095950794353074,0.93712425,2.7016554
train,194,0.8191875500532871,0.2505196980694081,-1.1251024003469454,1.0466783311063714,1.327905696399411,1.107891316521683,1.2425173972538244,0.0006451040637588794,0.054820280301785776,-0.13244280550892,0.5297618721575575,-1.5733407339778012,0.9957724,5.4618893
train,195,1.062592934919958,0.3754736520460205,-1.1251043368969555,4.9321783782274595,6.416369990510272,5.190205721729564,6.381483036838126,8.718467701621133,12.901064358276733,-0.13244280550892,-0.7220368298936708,-1.5733407339778012,0.9327496,2.6297143
train,196,0.9275579877376441,-0.06484041610880978,-1.1251070096582778,0.25576000320707554,0.5211939916780862,0.27495270033309677,0.40735197767406306,-0.05350074090679125,-0.008507055464135816,-0.13244280550892,-0.08948988913658477,-1.5733407339778012,0.96344924,3.271818
train,197,0.974526665018449,0.08417943269576664,-1.1251071773035282,-0.25722656920542797,-0.06579458762670326,-0.22672298088092693,-0.15198010073212245,-0.08637493391649534,-0.05197722296972486,-0.13244280550892,0.029797475413552717,-0.15996022806427423,0.98240894,4.022617
train,198,0.9652307809732896,-0.22607042159500723,-1.1251096101872138,-0.16406589576823447,0.04300252289999298,-0.13850432797798984,-0.05155709045180608,-0.01591942719401348,0.046039083667295325,-0.13244280550892,-0.16886848508638866,-1.5733407339778012,0.95616287,3.082447
train,199,0.8250586347133877,-0.2903939847538389,-1.1251110291867026,0.006983223677320701,0.20026376259475503,-0.007660390002709845,0.0718051814970616,-0.07980203813941394,-0.048086941141178036,-0.13244280550892,0.39952765069577906,-0.04934204608315182,0.96561086,3.33502
train,200,0.9280472447926525,-0.1365926048716848,-1.1251103605445774,0.6368114801963738,0.9627102443820384,0.6440536350611729,0.820818918503323,-0.06340765804147334,-0.022015768260568464,-0.13244280550892,-0.1270757673596671,0.5764974978593932,0.9808615,3.9367285
train,201,1.1347583505336947,0.660093088876802,-1.1251107016521813,0.1874806383195212,0.5332942465168186,0.22224006877423183,0.41745225117602225,-0.0442729738800974,0.017200301667594866,-0.13244280550892,-0.9030344287278561,2.4156364980557448,0.95631075,3.085981
train,202,0.9620506101157351,0.552611358189238,-1.1251106928739056,-0.2543164770021085,-0.06419580569390831,-0.21191630689027485,-0.1356767159245923,-0.09861033036461006,-0.06939896843425364,-0.13244280550892,-0.47376962585172994,-0.11905104425463371,0.85875857,1.8050172
train,203,1.2507122725706816,-0.7593307624363014,-1.125121661108359,-0.09191500791740616,0.20140815387296615,-0.06951438788825504,0.06953177679364232,-0.038999330277554374,0.03305988011608892,-0.13244280550892,-1.1435322171015803,2.654915498581829,0.92876476,2.567868
train,204,1.1271748661810645,-0.32249584318927077,-1.1251172440998798,-0.14042019736991787,0.10725251999397102,-0.12368028991966223,-0.01624750018243704,-0.09005364896868337,-0.05291056606316568,-0.13244280550892,-0.721023249845834,0.3785923680901988,0.95324874,3.0150347
train,205,1.0427780241921185,-0.4423709598412104,-1.1251146239680219,0.5334843374457684,0.919652522539345,0.7305416336718968,0.9930417002975493,-0.04592747978747407,0.008975748543709259,-0.13244280550892,-0.4496554720377897,-1.5733407339778012,0.99454874,5.206442
train,206,0.9752605506009615,-0.2793461179466535,-1.125112795392022,0.10575603101387544,0.365948058682821,0.1639700484001718,0.2972588015632683,0.2840222442221767,0.46771199667525054,-0.13244280550892,-0.318910333512817,-1.5733407339778012,0.9875386,4.3725777
train,207,0.9980110036588513,-0.4247426739088521,-1.1251152653526522,-0.17275087860189547,0.03938001962594968,-0.13783658617772226,-0.04737254559929397,-0.09150762623062923,-0.05855185461146378,-0.13244280550892,0.18868732383047054,-0.17866165285120775,0.92030543,2.446504
train,208,0.9818655208435747,-0.5296582378089477,-1.1251160179590247,-0.13265383750688345,0.08396079162567409,-0.11140963191875698,-0.01856176251545446,-0.09172466339880421,-0.059286198767207206,-0.13244280550892,0.021170979971331993,0.5144740322930557,0.9700605,3.4781806
train,209,1.3211652884918887,-1.1395795114667542,-1.1251283004840722,-0.10461257420730524,0.2014544344025997,-0.0189677048991577,0.14919214372523004,0.18506061230436263,0.41234893308343307,-0.13244280550892,-1.5582877310324896,-0.4041577521750659,0.95999897,3.178027
train,210,1.179769999594466,-0.5396400582223759,-1.1251165457234107,-0.22813672075062405,0.002923584237349086,-0.19419987409274342,-0.10054386655469263,-0.09478133016568804,-0.05883835876164755,-0.13244280550892,-1.1140739698731479,-1.5733407339778012,0.7989496,1.3797423
train,211,1.0985533284630742,-0.6596988430072078,-1.1251224442243646,-0.20857543743659152,0.014262313997565891,-0.16789882874216744,-0.073802891746873,-0.076151333158034,-0.03286682716660468,-0.13244280550892,-1.0596648339700756,0.4156932434060485,0.986174,4.267281
train,212,1.0388639677520515,-0.6722495468498403,-1.1251171410954135,-0.1400668948150112,0.08789884396540058,-0.10583554409114815,-0.005020040727207335,-0.08563982852977656,-0.048944691626445026,-0.13244280550892,-0.3457902589443219,2.7390830657882916,0.9269125,2.5402017
train,213,2.4210151481507354,2.8484763362364673,-1.1251452729612395,-0.2842042420266729,0.08936719895104647,-0.22205620387897318,-0.07318734007320928,-0.08371374575228438,-0.0010797185743098956,-0.13244280550892,-3.267592462336899,-1.5733407339778012,0.8919163,2.110466
train,214,0.923643931297577,0.15138632735667185,-1.1251100446135684,-0.16346842251322194,0.03502123519864556,-0.1211250216798162,-0.03646842988644844,-0.07301102647184385,-0.0353173426991854,-0.13244280550892,0.1412766936391359,2.8165205838463905,0.97946197,3.864725
train,215,0.9507976978505424,-0.01497403263606093,-1.1251222981956683,-0.13323704835102887,0.07615621140110927,-0.11026035936282076,-0.0210231433376457,-0.07925965753526322,-0.04285435977922237,-0.13244280550892,0.12492608779668814,-0.13969146563452156,0.99239564,4.8714
train,216,1.014156486474128,0.06853635768819359,-1.1251164726190552,-0.19261179209159365,0.018528537365602938,-0.14185337335841838,-0.05040532536018816,-0.08916201069579553,-0.05476137737258318,-0.13244280550892,-0.17648973945960741,1.9118532176729768,0.9582901,3.134412
train,217,0.7683048163324152,0.26671325748484603,-1.1251047153824496,-0.07068321752107648,0.10026416001930678,-0.0948525152777593,-0.027585634932289285,-0.08921360359843618,-0.06180167495158755,-0.13244280550892,0.6233707691253397,-1.5733407339778012,0.9884871,4.4527097
train,218,1.141607949303812,-0.9661595679877131,-1.1251221733569,-0.21288757216219395,0.01637859639808131,-0.17638112704884276,-0.08078392460626017,-0.07623219330558244,-0.031333986128863206,-0.13244280550892,-0.6912292568313163,-0.30722196506881505,0.9834968,4.087559
train,219,0.8823017101493686,-0.2419834771704435,-1.1251133353785063,-0.23392661565769235,-0.053088478581859194,-0.18663330449972745,-0.11266608126774748,-0.09622210271848379,-0.06789846160821766,-0.13244280550892,0.3133884805950956,-0.10339929831435678,0.97774875,3.7828546
train,220,1.3311950581195606,-0.7933826380350417,-1.125122239459695,-0.2432992638085895,0.006529258227889272,-0.2070087409848763,-0.10780110135009918,-0.07449035564056967,-0.021125339765491705,-0.13244280550892,-1.5953185293034802,0.7462869782751698,0.97677165,3.7388794
train,221,1.0838756168128227,-0.5254319464526315,-1.125122135737428,0.06664435585414447,0.35858103982933687,0.08738159109451069,0.23610419072626315,0.03474831629271094,0.13151494189376373,-0.13244280550892,-0.7452159864204345,-1.5733407339778012,0.9888564,4.4856815
train,222,1.0241862561017998,-0.30851957575765754,-1.125118688880615,-0.21943435338283301,-0.012327953937339566,-0.19299473056802657,-0.10977701589226826,-0.0975199712965993,-0.06652055318616026,-0.13244280550892,-0.17276152610720807,-0.18881708305366832,0.9523854,2.995831
train,223,1.053786307929807,-0.14300277192089852,-1.1251159985186499,0.11535348025370024,0.4081769383129865,0.2193728193360663,0.38700594296466806,-0.09022273245613123,-0.055189732620583985,-0.13244280550892,-0.4427395245433866,-0.8941697260586138,0.9774678,3.7700188
train,224,0.9023612494047124,-0.022030349388834886,-1.1251119528767162,0.07470176709740657,0.30236281828721556,0.15252062976255623,0.26301546714368323,-0.08060715020868861,-0.046415506492657375,-0.13244280550892,0.282011764434465,-1.5733407339778012,0.99081916,4.6814127
train,225,0.8487876018812943,-0.37063425638844133,-1.1251157133654641,-0.21821919071928939,-0.0411649312199095,-0.17228852839426398,-0.0997844873049717,-0.061820714813503645,-0.023779469725319483,-0.13244280550892,0.45605933103130203,-0.07824303877692425,0.9972728,5.901745
train,226,1.1460112627988874,-0.2538323479953255,-1.1251166303060474,1.2745855360886391,1.953138822465006,1.562353456022341,2.1076474024406036,0.37447454119835455,0.6609424835005324,-0.13244280550892,-0.8472006243320116,-0.9335146815188736,0.982263,4.014208
train,227,0.9684109518308441,-0.45783691028497775,-1.12511831528041,0.17928355525762169,0.45040581794315204,0.11009681508218698,0.2335217671850705,-0.016806288838944364,0.045070664572267535,-0.13244280550892,-0.19501134318342278,-0.17160560083650736,0.98361707,4.0949965
train,228,0.8111148086456488,-0.2623899535806244,-1.125112138794187,0.5046291431316854,0.7337857082101807,0.5879075252960574,0.6917385403818456,0.4193306735650275,0.5880710717017235,-0.13244280550892,0.39127561265485217,-1.5733407339778012,0.9945913,5.2143226
train,229,1.423420012988641,2.367620831569298,-1.1251344208556027,-0.2879415639199382,-0.04530493496167326,-0.20718207055648413,-0.10248493095579364,-0.10640874016659642,-0.07334798816891301,-0.13244280550892,-2.03751146199408,3.0078349603995016,0.834598,1.6185714
train,230,1.1093169836732586,0.6843360641063891,-1.1251215728486579,0.1615757912508473,0.4890121942992742,0.2269078002337101,0.41473188597216826,0.06220281460092831,0.17606194522655846,-0.13244280550892,-0.6138846664083872,2.4381886307797593,0.9897133,4.5665646
train,231,1.2878958087513186,1.2899909819764366,-1.125120665081283,0.21845440723205847,0.6438668464530922,0.27540518853036416,0.540233213716623,0.11069117321647658,0.2819230627914056,-0.13244280550892,-1.3256652252596755,3.9651053162612224,0.9795517,3.869194
train,232,0.9940969472187843,-0.08035931543684899,-1.1251163746610136,4.806837369434164,6.021719085041591,5.103594522982978,6.041449443255896,0.0912357147112616,0.20040615146985705,-0.13244280550892,-0.4257273496999479,-0.16016620015790725,0.99516416,5.326852
train,233,0.9781960929310118,-0.20719463359793994,-1.1251213494884749,1.1486855286216262,1.6092786946086945,1.4818544805258915,1.8158440396698416,-0.041613486764659834,0.011037144786937663,-0.13244280550892,-0.19448834809025986,0.5485856666945523,0.99538714,5.374283
train,234,0.9596043248406932,-0.21065318504369185,-1.1251176650716594,0.17442074006111655,0.4408467849133885,0.1852558237957153,0.316879108181652,-0.0404765666816388,0.011404338352190893,-0.13244280550892,0.015679250979563724,2.728879164457632,0.98760056,4.3776274
train,235,0.8206553212183123,-0.017892417183217994,-1.1251104347272294,0.7390336698758482,0.9948583831938442,0.8458732330015897,0.9683572820761169,-0.05916926785315013,-0.021773459356687112,-0.13244280550892,0.6464592459781027,-1.5733407339778012,0.9934034,5.014579
train,236,0.936364614727795,-0.16696850382170986,-1.12511730104213,9.558353609050867,11.349319083089819,12.270749552321204,13.90594065645784,0.32076740652845115,0.5057790847440296,-0.13244280550892,-0.18048921344051594,-0.15229682262472582,0.9926974,4.912198
train,237,0.8434057742762021,-0.0026167839832274154,-1.12511511882276,0.19270319365421032,0.4108822456361106,0.1296958003770274,0.221640430543168,-0.055860424083842924,-0.016294503678267243,-0.13244280550892,0.5229550635921864,1.484749348353782,0.99325484,4.992162
train,238,0.8079346377880943,0.3245468421696354,-1.1251077525474074,0.003099153637536945,0.19057430261784247,0.02340602168263818,0.1010100398979395,0.13527613839261127,0.22510856095798248,-0.13244280550892,-0.031786360221597865,1.5046480459217981,0.9724311,3.5631118
train,239,0.9967878610213304,-0.07420989168816278,-1.1251122864458754,-0.01061239370186617,0.2342336713457719,0.03513562183918757,0.1537464237144556,-0.08788517357050579,-0.05344147628566678,-0.13244280550892,-0.01249734132370006,-0.8832465373458674,0.96150666,3.2180164
train,240,0.803775952820523,0.4575794137522221,-1.1251097277000655,0.8984098185920038,1.1528348674374882,0.21668856880758738,0.30128366795756534,0.1865384825821495,0.2893598111543356,-0.13244280550892,0.4504514497686541,0.7738926816442095,0.98391265,4.1135035
train,241,1.0506061370722526,-0.24674686602347615,-1.12511825802007,3.9164659318809347,5.115470583041152,2.8405432145080702,3.52536277038033,0.3151449058314955,0.5371725273170432,-0.13244280550892,-1.0381396160179965,-0.22930696390553587,0.99311405,4.971363
train,242,1.8358637103607083,-1.744932543069531,-1.1251347570893524,0.46329185542004925,1.325932462908672,0.09717223549441714,0.4389903300766841,0.40131593982177305,0.9845050524950001,-0.13244280550892,2.3040074442584864,-1.5733407339778012,0.8955418,2.1486418
train,243,2.425173833118307,-2.3722498450336094,-1.1251430214628926,0.050297185596606626,0.8069089450311707,0.03776800891387921,0.4655169595383387,-0.08206659159423603,0.0032215481030200776,-0.13244280550892,-3.963119648503996,-0.0729224064097545,0.9858732,4.2454557
train,244,2.154125424643662,-2.057256053740363,-1.125141001790713,-0.12322470501841734,0.37116092924790767,-0.15546592327312186,0.03978756917479592,-0.08969546587448267,-0.023650820474705975,-0.13244280550892,-3.353080555788633,-1.5733407339778012,0.924768,2.5089657
train,245,2.2360759813575664,-1.614975228416338,-1.1251403288992354,-0.1774024403938611,0.28106536001403654,-0.18705636445121543,-0.01424951765727958,-0.0846441283680277,-0.00932630915667847,-0.13244280550892,-3.571320294415075,-0.7618592569004791,0.97395,3.6213434
train,246,2.0628789838845987,-1.6569577930739916,-1.1251426175894985,-0.01969040051031601,0.5469175515125818,0.02054512390234879,0.35549275006662867,-0.07043254360778953,0.01709406805337901,-0.13244280550892,-3.3592872777811675,-0.27773144595725746,0.9801839,3.9012456
train,247,1.721866816543755,-1.574875208662363,-1.125134229022248,0.24115576152100063,0.8817740126947321,0.29609166642009077,0.7332719768055432,-0.0830138992580636,-0.022489049325843242,-0.13244280550892,-2.5679562740145463,-1.5733407339778012,0.9890155,4.5002265
train,248,1.7722602932096185,-1.7578140221502194,-1.1251351468512412,-0.20224284982408683,0.14585468902921747,-0.1914103993637138,-0.05534064278136589,-0.08483508272935635,-0.024500835502627154,-0.13244280550892,-2.6598548803840214,-0.15174129333988076,0.963776,3.2811368
train,249,1.9855763691932737,-1.8110408668166784,-1.1251362164848493,-0.033717884941821666,0.4974436653343297,-0.00588662258420359,0.29224748291420377,-0.08090103415108015,-0.009124860657488236,-0.13244280550892,-3.0145837784810676,-1.5733407339778012,0.9863266,4.2785335
train,250,1.813847142885331,-1.6424918954120293,-1.1251369356146366,-0.06081391406680847,0.3997244306735522,-0.017008249843917106,0.24118107610289954,-0.09366986364320629,-0.041329873035414376,-0.13244280550892,-2.5175446870893357,-0.6396604286561051,0.9461895,2.8669748
train,251,1.6235261484870698,-1.4003633050509314,-1.1251330895920522,0.07053924855354415,0.5593501847005004,0.09362597130486344,0.3795309629115837,-0.07537405959989164,-0.011184142542375451,-0.13244280550892,-2.525953125579427,1.4507352486855232,0.9833649,4.079464
train,252,1.5398631920806363,-1.595919582809464,-1.1251340358683062,-0.19340762925246924,0.11702612638839908,-0.1550441149110772,-0.0167906098450751,-0.08890852144593926,-0.03937730608208898,-0.13244280550892,-2.256801788828906,-1.5733407339778012,0.89699733,2.164298
train,253,1.5036581700100158,-1.7049042048634484,-1.1251330072492418,-0.17801448803056835,0.1338343732871249,-0.1557057066398552,-0.021155760847876365,-0.09780609495574452,-0.0565462310156987,-0.13244280550892,-1.9811151623185903,3.707210154213018,0.81159556,1.4604112
train,254,0.9635183812807603,-0.06140736864922212,-1.125110078339014,-0.15967530283582035,0.04783252726538403,-0.13241459663490981,-0.04477884491633867,-0.08280565953308666,-0.047338277794392244,-0.13244280550892,-0.27967204148942276,-1.5733407339778012,0.9797987,3.881599
train,255,0.9652307809732896,0.13282245274139484,-1.1251068459639724,1.6663638116179853,2.207542893860564,1.7681002036556448,2.1284131983583308,2.6866526647892086,3.8166937919465664,-0.13244280550892,0.1322015180831517,1.9616562225232133,0.98078704,3.9327703
train,256,0.9405232996953663,0.5597416788066657,-1.1251011800082125,-0.09713401005185905,0.11591118635631839,-0.06976881465770103,0.02338470656173174,0.018758214199063507,0.09164980692961829,-0.13244280550892,-0.08596265967409521,-0.13330455175758613,0.8974585,2.1692991
train,257,-0.4582626205736026,1.4033936966583274,0.39902574521734746,-0.2521470154936539,-0.2754453868666303,-0.2767459315002599,-0.23233516474976704,-0.0830138992580636,-0.10712803420692575,-0.2082032533618054,0.021170979971331993,-0.09713375406133468,0.99206066,4.8279543
train,258,-0.43306588224067083,0.37745134959316573,0.07995039847653988,-0.27205746236285544,-0.2768716686435184,-0.26572667403471534,-0.2291401282993626,-0.0830138992580636,-0.10712803420692575,-0.6979665516353741,0.021170979971331993,-0.09713375406133468,0.99705243,5.8238225
train,259,-0.3672608083420432,-0.8910735798457745,0.7737061115890994,-0.07808618097247344,-0.20857843618791946,-0.08492648410192127,-0.17423072730234507,-0.0830138992580636,-0.10712803420692575,0.3198363768711172,0.021170979971331993,-0.09713375406133468,0.9904546,4.642106
train,260,-0.2818854522430803,-0.9538022678966113,1.072303373523532,-0.22931899853606855,-0.24063822126133397,-0.24744847952199656,-0.21927595370810612,-0.0830138992580636,-0.10712803420692575,-0.2555262363999948,0.021170979971331993,-0.09713375406133468,0.9519962,2.987281
train,261,-0.4611981629036529,-0.025469455916391975,0.4161064157930994,-0.18379265883686008,-0.2592345795322647,-0.2380994472964109,-0.2232785550838524,-0.0830138992580636,-0.10712803420692575,-0.7072483261682615,0.021170979971331993,-0.09713375406133468,0.96905553,3.4441278
train,262,-0.500827984359332,1.04513555730522,0.16879792392767534,-0.2713138584156717,-0.2860225915483316,-0.27710180802349144,-0.23308926176951736,-0.0830138992580636,-0.10712803420692575,-1.110664788599716,0.021170979971331993,-0.09713375406133468,0.98936486,4.5329
train,263,-0.326163215721339,-0.606718648648714,0.6915041322551732,-0.2261128046005765,-0.24690292204536468,-0.2494411081047127,-0.22144874031507708,-0.0830138992580636,-0.10712803420692575,-0.5023918032799575,0.021170979971331993,-0.09713375406133468,0.9929168,4.9429245
train,264,-0.46609073345373675,-0.7609631842623326,0.170583030058848,-0.2884777813982419,-0.28535783484995897,-0.27850655441184125,-0.23286932815942313,-0.0830138992580636,-0.10712803420692575,-0.6163716692775492,0.021170979971331993,-0.09713375406133468,0.99394965,5.1015706
train,265,-0.33717149945902763,-1.3285345804415154,0.26569541869619623,-0.25507852127942154,-0.2581701273506933,-0.27244304489038285,-0.2290496135157946,-0.0830138992580636,-0.10712803420692575,-0.3775014278369407,0.021170979971331993,-0.09713375406133468,0.9967038,5.711684
train,266,-0.5054759263819116,0.6442937782956873,0.4344453109669263,-0.2795259975556766,-0.2884249717683998,-0.2770429577267449,-0.23315017510401984,-0.0830138992580636,-0.10712803420692575,-1.2220912169629865,0.021170979971331993,-0.09713375406133468,0.98577,4.2380695
train,267,-0.46755850461876186,-0.44836675571301926,0.6623708019396781,-0.20833002782361626,-0.266353366454078,-0.26669829573750975,-0.23015738517780004,-0.0830138992580636,-0.10712803420692575,-0.2894260321961742,0.021170979971331993,-0.09713375406133468,0.9851473,4.194609
train,268,-0.49275524295169365,-0.04446168972981599,0.2680266281769582,-0.2663227914599274,-0.28379691880504604,-0.2649965330476786,-0.23035390509393722,-0.0830138992580636,-0.10712803420692575,-0.8152572016259738,0.021170979971331993,-0.09713375406133468,0.9940724,5.1221867
train,269,-0.42621628347055346,-0.44390179951728964,0.9655932385207988,-0.22564886361776262,-0.2635554980716868,-0.2667802471371705,-0.22925442150229042,-0.0830138992580636,-0.10712803420692575,-0.28378813991257845,0.021170979971331993,-0.09713375406133468,0.9966979,5.70989
train,270,-0.5311619217698518,0.5587609365473449,0.09276335731660632,-0.27739604892309616,-0.29140796226932514,-0.2781900312489857,-0.23377433345873885,-0.0830138992580636,-0.10712803420692575,-1.0703125713352586,0.021170979971331993,-0.09713375406133468,0.9763291,3.7195528
train,271,-0.5402131772875068,0.39211972301290116,0.6977346562968592,-0.23286448472339363,-0.2840872239454746,-0.27817591097951905,-0.2339078355328773,-0.0830138992580636,-0.10712803420692575,-0.77625033144265,0.021170979971331993,-0.09713375406133468,0.9610629,3.2060926
train,272,-0.45141302180348525,-0.10256822739772471,0.30297584181984866,-0.2190872688491835,-0.26614720773116496,-0.22148057443760616,-0.21886354569927288,-0.0830138992580636,-0.10712803420692575,-0.8026217736969616,0.021170979971331993,-0.09713375406133468,0.99675876,5.7285523
train,273,-0.31882435989621327,-1.728824624344693,0.5663720118192139,-0.20844567417826523,-0.2397126106686632,-0.2216189039120834,-0.2121293858228301,-0.0830138992580636,-0.10712803420692575,1.1054461103697728,0.021170979971331993,-0.09713375406133468,0.9916747,4.7800984
train,274,-0.4252377693605367,-0.9935542425388593,0.8919487599973531,-0.24633290028297217,-0.26891983218830146,-0.24912214196037732,-0.2246689805484842,-0.0830138992580636,-0.10712803420692575,-0.12859993616107915,0.021170979971331993,-0.09713375406133468,0.9931837,4.9815946
train,275,-0.4700047898938038,0.46402472645448684,0.6330925096186183,-0.2339586028791817,-0.27288733577415836,-0.27280974076546843,-0.2316174061184178,-0.0830138992580636,-0.10712803420692575,-0.3590396190587628,0.021170979971331993,-0.09713375406133468,0.9958221,5.4737535
train,276,-0.5079222116569535,1.2064788667919648,0.3282909543233293,-0.2845255332197975,-0.28981338765740594,-0.27991394388396185,-0.23377965761116956,-0.0830138992580636,-0.10712803420692575,-0.14673115052156033,0.021170979971331993,-0.09713375406133468,0.9831225,4.064754
train,277,-0.4704940469488122,0.007505959213268907,1.1230541210702054,-0.21213591123906334,-0.26778385555184187,-0.2564030774227857,-0.22785879765260816,-0.0830138992580636,-0.10712803420692575,-0.5597438462145872,0.021170979971331993,-0.09713375406133468,0.9939924,5.108702
train,278,-0.47489736044388764,-0.39677262091309873,0.4256654093987193,-0.2331699276352074,-0.2734973973011459,-0.2374960497333893,-0.22369723050046825,-0.0830138992580636,-0.10712803420692575,-0.4230564088706849,0.021170979971331993,-0.09713375406133468,0.99526334,5.347675
train,279,-0.5106131254594997,0.04197805593497903,0.3019254493441097,-0.23707747035912974,-0.2801449642848723,-0.2744861994500066,-0.2327093268982654,-0.0830138992580636,-0.10712803420692575,-1.0518206326149657,0.021170979971331993,-0.09713375406133468,0.995628,5.428153
train,280,-0.3613897236819426,-1.5883213090222323,0.20726250174687802,-0.297007359372172,-0.2747385569594999,-0.2801872837461167,-0.2318185333129182,-0.0830138992580636,-0.10712803420692575,-0.677858994350926,0.021170979971331993,-0.09713375406133468,0.99274325,4.9185405
train,281,-0.5106131254594997,-0.1815521785846628,0.5797070648306135,-0.221471716988706,-0.27685063203913957,-0.25756092953828297,-0.22925474430523307,-0.0830138992580636,-0.10712803420692575,0.3798537372160965,0.021170979971331993,-0.09713375406133468,0.9930462,4.9614925
train,282,-0.4213237129204696,-0.7258620030301974,0.7334529741615698,-0.24797930041471322,-0.26875995399502195,-0.26692880240928457,-0.22918407980651498,-0.0830138992580636,-0.10712803420692575,-0.22409427877790017,0.021170979971331993,-0.09713375406133468,0.99547833,5.3943424
train,283,-0.27576973905547547,-1.2487095159890675,0.9769871445360208,-0.048378341550484996,-0.1734599288378157,-0.08883532000900046,-0.16298360202108983,-0.0830138992580636,-0.10712803420692575,-0.1829055731475273,0.021170979971331993,-0.09713375406133468,0.9832214,4.0707307
train,284,-0.3919682896199666,-0.053800588563745554,0.3713961968542856,-0.17176642237946388,-0.2422201739106258,-0.19191538334788355,-0.20755719655865654,-0.0830138992580636,-0.10712803420692575,-0.34539350120327117,0.021170979971331993,-0.09713375406133468,0.9897786,4.5729957
train,285,-0.44138325217581337,0.7459431281427803,0.4124782053219341,-0.11351719986823504,-0.23732285241122233,-0.15521201321338837,-0.20190499249329932,-0.0830138992580636,-0.10712803420692575,-0.8460829117273548,0.021170979971331993,-0.09713375406133468,0.95360047,3.0229554
train,286,-0.4137402285678397,-0.06125092455312791,0.512821472056744,-0.24703456359049428,-0.2673378795390096,-0.2615950033661543,-0.2275981699105101,-0.0830138992580636,-0.10712803420692575,-0.220131593982173,0.021170979971331993,-0.09713375406133468,0.9590641,3.1539512
train,287,-0.12801410844294364,-1.395428272215525,1.427575588414426,-0.10625318421953907,-0.15819156137962395,-0.11343798165119487,-0.153967682294933,-0.0830138992580636,-0.10712803420692575,0.7243976650510325,0.021170979971331993,-0.09713375406133468,0.92177695,2.466739
train,288,-0.4313534825481415,-0.12327633317608691,0.7975784046938411,-0.19390862902063402,-0.2560622595919294,-0.22236813779741346,-0.21806382865845883,-0.0830138992580636,-0.10712803420692575,-0.28062882970342296,0.021170979971331993,-0.09713375406133468,0.98254955,4.030785
train,289,-0.38144926293728637,0.4077915129852673,1.2575648441345075,-0.08391115900568613,-0.21406478260993161,-0.13379971205111527,-0.1901822359411577,-0.0830138992580636,-0.10712803420692575,0.9157010924772657,0.021170979971331993,-0.09713375406133468,0.9143928,2.3684912
train,290,-0.3838955482123283,2.0925491278264596,0.3888772276262009,-0.21588685477825023,-0.25357152563346996,-0.22515719876514229,-0.2164583032433805,-0.0830138992580636,-0.10712803420692575,-1.014131114414933,0.021170979971331993,-0.09713375406133468,0.99723154,5.886693
train,291,-0.4245038837780241,-0.12276383358981699,1.0536825140632065,-0.1908052788726161,-0.2539375625496625,-0.21992226170980292,-0.21708421395693106,-0.0830138992580636,-0.10712803420692575,-0.24492815433458046,0.021170979971331993,-0.09713375406133468,0.9887051,4.472045
train,292,-0.18011998480133648,-1.5023728322343817,1.1423095634911795,-0.17009747231314717,-0.19840513431029266,-0.20990600349208574,-0.20019528557266553,-0.0830138992580636,-0.10712803420692575,0.026719877166907286,0.021170979971331993,-0.09713375406133468,0.9780528,3.7969239
train,293,-0.3254293301388264,-0.15922416644039575,0.7004959844133267,-0.09440872516174298,-0.20292379693087628,-0.11684964774543172,-0.17873454941861316,-0.0830138992580636,-0.10712803420692575,-0.18636084510719078,0.021170979971331993,-0.09713375406133468,0.99737394,5.9396405
train,294,-0.37606743533219417,0.8449834141549111,0.9280160988310813,-0.25861874407487945,-0.26501123109470537,-0.2633999974606827,-0.22715671382908442,-0.0830138992580636,-0.10712803420692575,0.5502413760374685,0.021170979971331993,-0.09713375406133468,0.98169464,3.9820862
train,295,-0.2339382608522587,-0.5266604960662352,0.48031908566670467,-0.143546227501282,-0.19897312262852246,-0.16170338729499914,-0.1850172211689321,-0.0830138992580636,-0.10712803420692575,-0.17407380636788078,0.021170979971331993,-0.09713375406133468,0.99724376,5.8911285
train,296,-0.18917124031899157,-1.4932358386315028,0.8973951085720602,-0.12894737200939824,-0.18286329099517545,-0.11837838453896639,-0.16331896912502616,-0.0830138992580636,-0.10712803420692575,-0.0406453728666636,0.021170979971331993,-0.09713375406133468,0.99838436,6.426405
train,297,-0.2909367077607354,-0.5219096878572819,1.0004327709026597,-0.11822354338746822,-0.2026208698278204,-0.13035221256187432,-0.17931782079801198,-0.0830138992580636,-0.10712803420692575,-0.051743293101969415,0.021170979971331993,-0.09713375406133468,0.99338984,5.012516
train,298,-0.20531672313426824,-0.558940156310914,0.9399332924445458,0.09736124126036563,-0.09335253936303724,0.10582240358963613,-0.07588062336784882,-0.0830138992580636,-0.10712803420692575,0.0717431658669091,0.021170979971331993,-0.09713375406133468,0.97087955,3.5067618
train,299,-0.3931914322574876,0.47936986809606325,0.6392137548341809,-0.11884944381424922,-0.2272084530258564,-0.12924903493401563,-0.190168954905803,-0.0830138992580636,-0.10712803420692575,-0.1814493963452643,0.021170979971331993,-0.09713375406133468,0.998164,6.2983274
train,300,-0.31906898842371745,-0.09888182574549688,0.6552386287691533,-0.14271813440041212,-0.21759472482470782,-0.1131042555163115,-0.1767647639401084,-0.0830138992580636,-0.10712803420692575,-0.3189710987839319,0.021170979971331993,-0.09713375406133468,0.9972139,5.8803225
train,301,-0.29215985039825637,-0.24737218720817292,0.737741936151515,-0.10734755803490083,-0.1990530617251622,-0.12858615192409945,-0.17884529598141785,-0.0830138992580636,-0.10712803420692575,-0.4792765882086202,0.021170979971331993,-0.09713375406133468,0.9967961,5.7401686
train,302,-0.3572310387143714,0.5093960882864333,0.7107722984057775,-0.15300852310250185,-0.22929949150111717,-0.13138541903358258,-0.18686406064874767,-0.0830138992580636,-0.10712803420692575,-0.6171546148808749,0.021170979971331993,-0.09713375406133468,0.99626344,5.5858474
train,303,-0.1559017605784215,-1.0552206043820123,1.17729836108393,-0.14087747456339814,-0.18046091077510726,-0.15561877205103875,-0.17544287331322242,-0.0830138992580636,-0.10712803420692575,1.098257498330806,0.021170979971331993,-0.09713375406133468,0.88958615,2.086521
train,304,-0.3953930890050253,0.3570358347650339,0.5560832722891728,-0.1446166145094434,-0.23512663091406716,-0.13419269072369075,-0.19178231562867107,-0.0830138992580636,-0.10712803420692575,0.2652266890428708,0.021170979971331993,-0.09713375406133468,0.9989862,6.89302
train,305,-0.33081115774391867,0.4863482726478517,1.0292442013321088,-0.011406170902499676,-0.17694779784383416,-0.025587209039122233,-0.150297433798243,-0.0830138992580636,-0.10712803420692575,-0.17526724994268458,0.021170979971331993,-0.09713375406133468,0.9963368,5.605753
train,306,-0.3327681859639522,-0.4006082081308121,0.9572738837611326,-0.13345261341891676,-0.21760313946645937,-0.12367884079821696,-0.18176534205489936,-0.0830138992580636,-0.10712803420692575,-0.0776987877614076,0.021170979971331993,-0.09713375406133468,0.9977145,6.078891
train,307,-0.36775006539705163,-0.14112402771855914,0.7517280391854475,-0.11301476800107191,-0.2193660069134096,-0.13587263460963783,-0.1893289168428799,-0.0830138992580636,-0.10712803420692575,0.06055526913985307,0.021170979971331993,-0.09713375406133468,0.97651654,3.7276955
train,308,-0.34304258411912825,0.4864774538204916,1.0562900862329379,-0.15473288393763543,-0.22679192825915456,-0.14483197156480804,-0.18950362869528117,-0.0830138992580636,-0.10712803420692575,0.512291376712136,0.021170979971331993,-0.09713375406133468,0.99505496,5.304413
train,309,-0.22708866208214132,-0.946300154578313,0.9970849666464163,-0.033290156216862744,-0.15360137430415213,-0.05208842554098306,-0.1422538426500513,-0.0830138992580636,-0.10712803420692575,0.5213231998015606,0.021170979971331993,-0.09713375406133468,0.99582267,5.4738965
train,310,-0.31246401818110425,-0.2304282736224717,0.7094942491515375,-0.16290204172210498,-0.22301796143358332,-0.15400035752605237,-0.18947602275531567,-0.0830138992580636,-0.10712803420692575,-0.3756012941523124,0.021170979971331993,-0.09713375406133468,0.9949786,5.289014
train,311,-0.25595482832763594,-0.48208771668583983,0.33265330142598704,-0.16188977164404694,-0.21080831625208085,-0.14528795998122593,-0.18096952799511917,-0.0830138992580636,-0.10712803420692575,-0.29862584312725765,0.021170979971331993,-0.09713375406133468,0.9951911,5.332466
train,312,-0.37557817827718576,0.07455294941758425,0.785276102914045,-0.13408806094197123,-0.22758290458380048,-0.13104399138106462,-0.18875513251619813,-0.0830138992580636,-0.10712803420692575,0.0036507345774021796,0.021170979971331993,-0.09713375406133468,0.9987338,6.6704826
train,313,-0.3533169822743043,-0.3868933912479613,0.7273604821308828,-0.12338589394438776,-0.2191346042652419,-0.1293184756409868,-0.18581070853217763,-0.0830138992580636,-0.10712803420692575,0.3485021275045727,0.021170979971331993,-0.09713375406133468,0.9974196,5.9572253
train,314,-0.18085387038384906,-1.2118998147413953,0.7223584674859873,-0.024970218594390376,-0.1364186758474822,-0.03978559770515073,-0.12981237582671654,-0.0830138992580636,-0.10712803420692575,0.0548103410720192,0.021170979971331993,-0.09713375406133468,0.95647043,3.0898094
train,315,-0.43502291046070435,0.7117010516156672,0.1823297159818104,-0.23812298423199293,-0.26828873405693504,-0.22876278643536552,-0.21986220577441695,-0.0830138992580636,-0.10712803420692575,-1.044893457466546,0.021170979971331993,-0.09713375406133468,0.9975321,6.001929
train,316,-0.4577733635185942,-0.018327441179410466,0.9160438742629173,-0.1953627876934463,-0.26140976442504094,-0.2611095137906448,-0.22861000621485864,-0.0830138992580636,-0.10712803420692575,-0.6097374446757263,0.021170979971331993,-0.09713375406133468,0.95902663,3.1529965
train,317,-0.48419324448904694,-0.22226967936977712,0.38573825369184783,-0.25642278291434006,-0.28032587908253065,-0.271750412194398,-0.23164533486132596,-0.0830138992580636,-0.10712803420692575,-1.014158792203915,0.021170979971331993,-0.09713375406133468,0.96039075,3.1882775
train,318,-0.41178320034780613,-0.38477634333943156,0.8406524742960532,-0.0849512274964617,-0.22227747295944672,-0.09106904546648234,-0.18201657497369253,-0.0830138992580636,-0.10712803420692575,-0.029057697314683904,0.021170979971331993,-0.09713375406133468,0.98666674,4.3040705
train,319,-0.25717797096515693,-1.28432172341181,1.3395152615196586,-0.06862815829120691,-0.17582023584912612,-0.09305884319255316,-0.16200677935540367,-0.0830138992580636,-0.10712803420692575,0.25044817041927864,0.021170979971331993,-0.09713375406133468,0.9616993,3.223234
train,320,-0.4213237129204696,1.051971414100553,0.6628263643305823,-0.1296029205687674,-0.2368137665852534,-0.1246661566298799,-0.1920628649238012,-0.0830138992580636,-0.10712803420692575,-0.6301393688245472,0.021170979971331993,-0.09713375406133468,0.99856156,6.5427575
train,321,-0.40273194483015107,0.77347550177965,0.319649750561361,-0.08670524264885705,-0.22041362981147786,-0.09708936200177508,-0.18244469132831936,-0.0830138992580636,-0.10712803420692575,-0.4153798507695759,0.021170979971331993,-0.09713375406133468,0.99788314,6.155703
train,322,-0.48688415829159304,0.8605558551977691,0.3486736218652144,-0.12443184648867361,-0.2507989011763334,-0.1165681278662943,-0.1976793552454126,-0.0830138992580636,-0.10712803420692575,-1.3414588425749372,0.021170979971331993,-0.09713375406133468,0.9954595,5.3901668
train,323,-0.3966162316425463,-0.6661540953806976,0.4735784607673936,-0.11646797186695325,-0.22734308729388122,-0.12860935596328577,-0.19036812432141748,-0.0830138992580636,-0.10712803420692575,-0.7033136750679824,0.021170979971331993,-0.09713375406133468,0.99894327,6.851518
train,324,-0.45557170677105646,-0.6858696893828896,0.4460547740199729,-0.12227142656354305,-0.24291858917600465,-0.12472146874805645,-0.19593740576072796,-0.0830138992580636,-0.10712803420692575,-1.016760115867342,0.021170979971331993,-0.09713375406133468,0.9980342,6.2298775
train,325,-0.5152610674820793,0.21013234607943096,0.31018320014105977,-0.09882217255401347,-0.2521284145730787,-0.10416535816868527,-0.19853016318833136,-0.0830138992580636,-0.10712803420692575,-1.427124480725414,0.021170979971331993,-0.09713375406133468,0.9927577,4.9205446
train,326,-0.27161105408790426,-1.3589802876142087,-0.08421515114106749,-0.19460546424952516,-0.2261482081651608,-0.17346489497167977,-0.19256629497796945,-0.0830138992580636,-0.10712803420692575,-0.965018641511104,0.021170979971331993,-0.09713375406133468,0.997459,5.972651
train,327,-0.45679484940857745,-0.7992754761027505,0.6828061161075436,-0.07938926272522781,-0.23263589695560766,-0.08328431716058823,-0.18619832779036302,-0.0830138992580636,-0.10712803420692575,-0.726396167181503,0.021170979971331993,-0.09713375406133468,0.9965378,5.662384
train,328,-0.481746959214005,-0.5395668221497291,0.9784152352363513,-0.08212879039359358,-0.23985986689931538,-0.07465318924249967,-0.187748477827916,-0.0830138992580636,-0.10712803420692575,-0.633025510908139,0.021170979971331993,-0.09713375406133468,0.9962878,5.5924177
train,329,-0.37093023625460614,-0.28515557037110256,0.77965239072028,-0.11055723118699243,-0.21939125083866426,-0.12055083587326716,-0.18517540299532217,-0.0830138992580636,-0.10712803420692575,-0.44492520396900187,0.021170979971331993,-0.09713375406133468,0.99593085,5.5002437
train,330,-0.47758827424643374,0.2805201609715037,0.43490488382345927,-0.25313236786904664,-0.2785840482399593,-0.27403216986814977,-0.2320326187398307,-0.0830138992580636,-0.10712803420692575,-0.37213049473036564,0.021170979971331993,-0.09713375406133468,0.99681276,5.745408
train,331,-0.4093369150727642,0.17370018562685852,0.7408840083107621,0.03328114523413751,-0.18879982075089566,0.06099494484768139,-0.14084967919524988,-0.0830138992580636,-0.10712803420692575,-0.37139245290628814,0.021170979971331993,-0.09713375406133468,0.9952739,5.349915
train,332,-0.37582280680468994,-0.9535832697449121,0.6047509114845679,-0.22392258536344184,-0.25457286800190465,-0.2501860514413465,-0.22332010862628796,-0.0830138992580636,-0.10712803420692575,0.45595500451171334,0.021170979971331993,-0.09713375406133468,0.9979786,6.2019553
train,333,-0.12728022286043106,-1.678058823389223,0.6799997276572929,-0.1284875767251884,-0.16831437540674143,-0.09176236366376674,-0.14416745203204312,-0.0830138992580636,-0.10712803420692575,0.30143367298277296,0.021170979971331993,-0.09713375406133468,0.9425466,2.7976112
train,334,-0.4391815954282756,0.6111015833987478,0.31603000566247524,-0.25967308744975853,-0.27451556895308377,-0.2754441140398393,-0.23170578285652152,-0.0830138992580636,-0.10712803420692575,-0.4849495966743158,0.021170979971331993,-0.09713375406133468,0.99188215,4.805538
train,335,-0.5091453542944745,1.926421055181444,0.05264993397837475,0.0024304853048887015,-0.22911857670345878,0.06052710762149935,-0.1639919587612514,-0.0830138992580636,-0.10712803420692575,-0.6428791986216184,0.021170979971331993,-0.09713375406133468,0.99379796,5.0766554
train,336,-0.33423595712897736,-0.10800620956928325,0.41244181159641863,-0.24428592706697577,-0.2542026237648364,-0.25811541454133263,-0.22446204709326212,-0.0830138992580636,-0.10712803420692575,-0.5506437068914314,0.021170979971331993,-0.09713375406133468,0.9946425,5.223885
train,337,-0.45973039173862773,-0.9878504480843153,0.7806042325902226,0.016395463362876905,-0.20998368136042872,0.04118172725145645,-0.15717148053949506,-0.0830138992580636,-0.10712803420692575,-0.09033641731869654,0.021170979971331993,-0.09713375406133468,0.9977354,6.088082
train,338,-0.5167288386471044,0.5884903828095079,0.1398651038706378,-0.22492236616116562,-0.27860929216521396,-0.2738214543539774,-0.2326826222911917,-0.0830138992580636,-0.10712803420692575,-0.9562584180726372,0.021170979971331993,-0.09713375406133468,0.99381083,5.0787463
train,339,-0.4685370187287787,0.16107416204911976,0.6060067689801089,0.05898249532655106,-0.20269660160358438,0.08364530757577017,-0.14928966816476866,-0.0830138992580636,-0.10712803420692575,-0.05216474991171483,0.021170979971331993,-0.09713375406133468,0.9970071,5.8085055
train,340,-0.34964755436174144,-1.3212076577779504,0.5536414038832916,-0.11027764579372666,-0.21411527046044093,-0.16115051835441285,-0.19516601153394686,-0.0830138992580636,-0.10712803420692575,0.2009257456814766,0.021170979971331993,-0.09713375406133468,0.99926966,7.221276
train,341,0.06719945650540145,-0.760705606480523,-0.2506958491952922,-0.19443224758388358,-0.1622095528159902,-0.15040781935724523,-0.15170422159904573,-0.0830138992580636,-0.10712803420692575,-0.8858684231506164,0.021170979971331993,-0.09713375406133468,0.99906546,6.9745197
train,342,0.1831533785423884,-0.932961702463313,-0.2112192312932964,-0.2926532652106179,-0.20593623867793204,-0.2745577188232812,-0.22068686667898113,-0.0830138992580636,-0.10712803420692575,-0.9264981652973538,0.021170979971331993,-0.09713375406133468,0.99847513,6.484323
train,343,-0.024780869836174675,-0.19651298625977917,-0.7012614441532098,-0.29788248663193456,-0.23447028885744609,-0.25162673711549916,-0.21252398097837355,-0.0830138992580636,-0.10712803420692575,-1.4310944269167467,0.021170979971331993,-0.09713375406133468,0.9987129,6.6540737
train,344,0.0006604970242612735,-0.7450295183470963,-0.24601963860833373,-0.2621671285582757,-0.21184752450839756,-0.2511825405163795,-0.21147607458936846,-0.0830138992580636,-0.10712803420692575,-1.0465846224518203,0.021170979971331993,-0.09713375406133468,0.99871576,6.656302
train,345,-0.03334286829882139,-0.6648560602970731,-0.09575420592812842,-0.2751088941616096,-0.22353966922217958,-0.2504314856097136,-0.21219047103941893,-0.0830138992580636,-0.10712803420692575,-0.8381085615921688,0.021170979971331993,-0.09713375406133468,0.99878234,6.7096033
train,346,-0.06734623362190406,-1.1446368928571347,0.555497790099167,-0.2374630847890039,-0.20921374164016168,-0.24735466426943722,-0.21180654934221296,-0.0830138992580636,-0.10712803420692575,-0.16262963025508603,0.021170979971331993,-0.09713375406133468,0.9980509,6.238451
train,347,-0.361878980736951,0.6123724678323792,0.4332142071195573,-0.24804311542875376,-0.25966793358246965,-0.24850881806778058,-0.222360796972179,-0.0830138992580636,-0.10712803420692575,-0.20110608343670772,0.021170979971331993,-0.09713375406133468,0.9974884,5.9843125
train,348,-0.44505268008837623,1.8608700027632274,0.27521843249276867,-0.25303481979778714,-0.2736825194196801,-0.27655707080213243,-0.23207793691918183,-0.0830138992580636,-0.10712803420692575,0.19109242123007117,0.021170979971331993,-0.09713375406133468,0.9950655,5.306559
train,349,-0.42425925525051994,-0.03545666099726697,0.24588804508003312,-0.2518429714251446,-0.27024513826417096,-0.25573866890631086,-0.2263502808101649,-0.0830138992580636,-0.10712803420692575,0.1047454645806547,0.021170979971331993,-0.09713375406133468,0.9973194,5.9190307
train,350,-0.39025588992743726,-0.8465294340648282,0.9537620933076174,-0.14350406879888866,-0.23366669057017284,-0.22035406551120407,-0.21542035343864546,-0.0830138992580636,-0.10712803420692575,0.21892628427979566,0.021170979971331993,-0.09713375406133468,0.99446,5.1902027
train,351,-0.5005833558318278,-0.08278245796220457,0.27685180012580823,-0.2637576425194863,-0.2843438705188969,-0.27236351503658424,-0.23208804442430814,-0.0830138992580636,-0.10712803420692575,0.38536229893318874,0.021170979971331993,-0.09713375406133468,0.99064624,4.6625795
train,352,-0.48150233068650083,0.35753541600354755,0.3477234426426131,-0.10279933492294792,-0.24455523699668158,-0.182838027832954,-0.21179883560955745,-0.0830138992580636,-0.10712803420692575,-0.3066148493106053,0.021170979971331993,-0.09713375406133468,0.9971545,5.859158
train,353,-0.4712279325313248,-0.08540701205823771,0.14793781478155077,-0.28954976071173083,-0.2862624088382509,-0.27905408697985534,-0.23307102969162669,-0.0830138992580636,-0.10712803420692575,-0.8369758731691915,0.021170979971331993,-0.09713375406133468,0.99102646,4.704461
train,354,-0.350381439944254,-1.4224822782515298,0.7088086085985547,-0.1945057272197998,-0.24095797764789295,-0.2383501355474963,-0.21886129027092033,-0.0830138992580636,-0.10712803420692575,0.17830417000551996,0.021170979971331993,-0.09713375406133468,0.98563564,4.2285366
train,355,-0.48297010185152595,-0.4216432141521278,0.5549202288761913,-0.10104128214666008,-0.2445173711087996,-0.055635593665935415,-0.1837090978779378,-0.0830138992580636,-0.10712803420692575,0.2396070567221798,0.021170979971331993,-0.09713375406133468,0.996745,5.7243
train,356,-0.34279795559162407,-0.2939654340660431,0.9195481215393876,-0.2073246288051436,-0.2436506630083897,-0.23731165218800188,-0.21823208864425317,-0.0830138992580636,-0.10712803420692575,0.205880959147951,0.021170979971331993,-0.09713375406133468,0.9973508,5.9308496
train,357,-0.1943084393965796,-0.7584651136376058,0.1707745891756831,-0.10753605979018882,-0.17507554005411374,-0.07277771552125091,-0.145431594470163,-0.0830138992580636,-0.10712803420692575,-0.4951806254313518,0.021170979971331993,-0.09713375406133468,0.97988427,3.8859322
train,358,-0.4739188463338709,0.11981793812813392,0.3213337590273072,-0.23819395898078588,-0.2745197762739595,-0.2760241535588085,-0.23242082491245727,-0.0830138992580636,-0.10712803420692575,0.039077065544454725,0.021170979971331993,-0.09713375406133468,0.99446505,5.191123
train,359,-0.2569333424376527,-0.9730724798571738,0.9154559211912607,0.01703973806522274,-0.14336496261338869,0.029938295111137343,-0.11701178444131563,-0.0830138992580636,-0.10712803420692575,-0.11726690122852937,0.021170979971331993,-0.09713375406133468,0.9972168,5.8813744
train,360,-0.4665799905087451,-0.3455496503003409,0.36632741033958155,-0.218612039709591,-0.268646356331376,-0.2610648128835516,-0.22882780177948858,-0.0830138992580636,-0.10712803420692575,-0.1581485208324255,0.021170979971331993,-0.09713375406133468,0.9970325,5.8170714
train,361,-0.4849271300715595,0.38818420669511866,0.5024082126075444,-0.019991271242457465,-0.22652686704398065,0.05605935694788165,-0.15939197909828795,-0.0830138992580636,-0.10712803420692575,1.2468540813085263,0.021170979971331993,-0.09713375406133468,0.9907629,4.6752462
train,362,-0.4851717585990637,0.5190448802000164,0.4624103071419596,-0.23591910820989825,-0.2757988018201955,-0.2742903361400489,-0.23222360489123672,-0.0830138992580636,-0.10712803420692575,-0.3011473908161392,0.021170979971331993,-0.09713375406133468,0.9966659,5.7002115
train,363,-0.1497860473908167,-1.9427632155362928,0.7061807191807021,-0.10943318754691547,-0.16498638459400247,-0.0639979911018488,-0.13513341341863785,-0.0830138992580636,-0.10712803420692575,0.25506681849816754,0.021170979971331993,-0.09713375406133468,0.97356105,3.6061223
train,364,-0.31173013259859167,-1.276235492780396,0.7955983107198499,-0.2249711910039453,-0.2440924317003462,-0.25023274110245564,-0.221229389427178,-0.0830138992580636,-0.10712803420692575,0.03272749294788182,0.021170979971331993,-0.09713375406133468,0.99828726,6.367947
train,365,-0.3114855040710875,0.18169564989614506,1.082263814232085,-0.05202425696461238,-0.18487439037379647,0.007953012977716757,-0.13580353555859329,-0.0830138992580636,-0.10712803420692575,0.828750244379131,0.021170979971331993,-0.09713375406133468,0.9939659,5.10428
train,366,-0.4010195451376217,1.408018802030921,0.28090150315162565,-0.24114204543665127,-0.2637111689440905,-0.261718562909422,-0.22730635605035532,-0.0830138992580636,-0.10712803420692575,0.20095947587259844,0.021170979971331993,-0.09713375406133468,0.9895197,4.547724
train,367,-0.24127711667738444,-0.7562567802995558,1.0103755406803743,-0.08138357312800391,-0.17645974862224412,-0.0483924788735723,-0.14312099616015694,-0.0830138992580636,-0.10712803420692575,0.429557428150508,0.021170979971331993,-0.09713375406133468,0.9958943,5.491268
train,368,-0.29778630653085275,-0.8081270988120376,0.8914721565351366,-0.051941099145867795,-0.18097841124282774,-0.09416403200903782,-0.16777733891007088,-0.0830138992580636,-0.10712803420692575,0.2564931470633975,0.021170979971331993,-0.09713375406133468,0.9562993,3.085707
train,369,-0.43208736813065407,-0.23484128287441597,0.3790789032523763,-0.06709015895292446,-0.22287491252380692,0.0017876024958529148,-0.16114653466671994,-0.0830138992580636,-0.10712803420692575,-0.6031095577210891,0.021170979971331993,-0.09713375406133468,0.9980089,6.217078
train,370,-0.4531254214960146,0.5535800078061516,0.4938833419933794,-0.24043128446604026,-0.27175556645857457,-0.2721289381384834,-0.2311419006149117,-0.0830138992580636,-0.10712803420692575,-0.7214298739468104,0.021170979971331993,-0.09713375406133468,0.9967129,5.714464
train,371,-0.4161865138428816,-0.38216709547514155,-0.053731919049939514,-0.17730824920897093,-0.24866158217143913,-0.13979402810114994,-0.19548050963725325,-0.0830138992580636,-0.10712803420692575,-0.42615590077241144,0.021170979971331993,-0.09713375406133468,0.9977088,6.0763845
train,372,-0.2517961433600647,-2.060409316252477,0.5403973907780991,-0.19446597906713917,-0.22236161937696225,-0.22126832711283073,-0.20857882175743478,-0.0830138992580636,-0.10712803420692575,-0.31841272570024653,0.021170979971331993,-0.09713375406133468,0.9974305,5.9614725
train,373,-0.16079433112850533,-1.4090873348960222,0.9169769543338454,-0.15457384614848269,-0.18760073430129945,-0.14155485068501514,-0.16989643123016585,-0.0830138992580636,-0.10712803420692575,0.025389032934520248,0.021170979971331993,-0.09713375406133468,0.9726963,3.5730498
train,374,-0.45410393560603135,0.7135985806913143,0.27716494439068173,-0.24316273780099373,-0.27258861599197826,-0.27042232384181364,-0.23075068021740502,-0.0830138992580636,-0.10712803420692575,-0.41487008476447623,0.021170979971331993,-0.09713375406133468,0.99573886,5.4539495
train,375,-0.4303749684381247,2.0886597249170826,0.09942532115812241,-0.19743067267815617,-0.2568069553869418,-0.14367746943301857,-0.19793454564443771,-0.0830138992580636,-0.10712803420692575,-0.6221635108918298,0.021170979971331993,-0.09713375406133468,0.99511033,5.3157296
train,376,-0.49544615675423975,0.45970035307919227,0.28098326425750925,-0.2354680466140774,-0.2773555105442327,-0.2748618387759149,-0.23252578198352433,-0.0830138992580636,-0.10712803420692575,-1.2019956027657532,0.021170979971331993,-0.09713375406133468,0.996289,5.59274
train,377,-0.285310251628139,-1.163464870453267,1.1574565618328114,-0.10513787530056314,-0.19657494972933004,-0.10300049093264449,-0.16919917268179785,-0.0830138992580636,-0.10712803420692575,0.7600638785274215,0.021170979971331993,-0.09713375406133468,0.9713476,3.523446
train,378,-0.42401462672301576,-0.6377330445831318,0.8781666970616695,-0.19733680074103904,-0.2555952469747183,-0.23780319231969696,-0.2216938399779599,-0.0830138992580636,-0.10712803420692575,0.18861503295992776,0.021170979971331993,-0.09713375406133468,0.9842441,4.13466
train,379,-0.4352675389882086,0.7678087532851343,0.5703583305128654,-0.17038258598518807,-0.25066847422918437,-0.13652390147645835,-0.1966238357376562,-0.0830138992580636,-0.10712803420692575,0.3055642421538572,0.021170979971331993,-0.09713375406133468,0.9960224,5.523092
train,380,-0.32763098688636416,0.29802803056415744,0.6715137126618252,-0.20650012639510795,-0.24064663590308552,-0.24828641844908342,-0.22112751784917317,-0.0830138992580636,-0.10712803420692575,0.10936642110899747,0.021170979971331993,-0.09713375406133468,0.99684745,5.7563863
train,381,-0.4017534307201343,-0.42740083893917463,0.5539503948350869,-0.15435447426091597,-0.2392876712602098,-0.13608490759841543,-0.19297816637931364,-0.0830138992580636,-0.10712803420692575,-0.9145291484351619,0.021170979971331993,-0.09713375406133468,0.99428695,5.1592736
train,382,-0.4580179920460984,0.24098720900239928,0.3244619300729433,-0.21960973588488641,-0.2674136113147736,-0.27145315495123357,-0.23107379757850474,-0.0830138992580636,-0.10712803420692575,-0.3794046824473264,0.021170979971331993,-0.09713375406133468,0.99149513,4.7585754
train,383,-0.4098261721277726,-0.2078120499758096,0.017225204910540838,-0.13370970287377243,-0.23529492374909822,-0.10133553034669146,-0.18450808546794636,-0.0830138992580636,-0.10712803420692575,-1.0707100234743654,0.021170979971331993,-0.09713375406133468,0.9980336,6.2295737
train,384,-0.3980840028075714,-1.1338352350210148,0.9529915771520089,-0.16578036872909419,-0.24175736861429042,-0.20548746314867544,-0.21172712724158327,-0.0830138992580636,-0.10712803420692575,-0.5842532969985378,0.021170979971331993,-0.09713375406133468,0.9938524,5.085523
train,385,-0.4770990171914254,-0.824926252131046,0.19206854713070146,-0.13458441976888874,-0.25087042563122164,-0.11255262138632256,-0.19562044680901464,-0.0830138992580636,-0.10712803420692575,-0.9800759462323485,0.021170979971331993,-0.09713375406133468,0.9878258,4.3961883
train,386,-0.3149103034561462,-1.087812091066665,0.7158955563336805,-0.15315239227396762,-0.2202158857303164,-0.1932344956635442,-0.20260081310128644,-0.0830138992580636,-0.10712803420692575,0.07121261044114842,0.021170979971331993,-0.09713375406133468,0.9924159,4.8740892
train,387,-0.4438295374508553,-0.3636938859416065,0.2548227967064018,-0.18688040564162478,-0.25662604058928346,-0.13897206656068628,-0.1981282944859633,-0.0830138992580636,-0.10712803420692575,-0.6730286424540142,0.021170979971331993,-0.09713375406133468,0.99602854,5.524643
train,388,-0.4286625687455954,-1.150716317863965,0.09490097622384223,-0.2600855728693812,-0.27309349449707143,-0.2808693546504568,-0.232919500959652,-0.0830138992580636,-0.10712803420692575,-0.8089798237554523,0.021170979971331993,-0.09713375406133468,0.9905992,4.657517
train,389,-0.5255354656372554,0.3936528625517115,0.15853535746098651,-0.13619585352313326,-0.26223439931669307,-0.10130758089280947,-0.19926645573928387,-0.0830138992580636,-0.10712803420692575,-0.9764359657476022,0.021170979971331993,-0.09713375406133468,0.9924109,4.873424
train,390,-0.3919682896199666,-1.2674624949957645,1.0348633631847113,-0.13596247170470813,-0.23186595723534062,-0.14271261230972643,-0.19379926387477067,-0.0830138992580636,-0.10712803420692575,0.05873915676617808,0.021170979971331993,-0.09713375406133468,0.9979961,6.21065
train,391,-0.41887742764542774,-0.9671721661885839,0.7697721805204716,-0.09140763615443906,-0.22587893962911113,-0.07671905024702777,-0.17920136020389782,-0.0830138992580636,-0.10712803420692575,-0.12075266507089728,0.021170979971331993,-0.09713375406133468,0.99723405,5.8876
train,392,-0.5218660377246924,0.13390147372739147,0.7169845793000768,-0.2375286293733218,-0.28204246599984734,-0.2764340987662521,-0.23328871206561438,-0.0830138992580636,-0.10712803420692575,0.02721105499920799,0.021170979971331993,-0.09713375406133468,0.9877067,4.386333
train,393,-0.36897320803457256,-0.03675373478793163,0.5052581525685127,-0.049746391595085815,-0.20040781904716212,-0.02310247899322007,-0.15627527895679702,-0.0830138992580636,-0.10712803420692575,-0.0144319598276252,0.021170979971331993,-0.09713375406133468,0.9956012,5.42201
train,394,-0.32812024394137257,-0.706317558962081,0.8257488757997139,-0.09133869122012832,-0.20259141858168997,-0.12327147553537952,-0.18110792661259545,-0.0830138992580636,-0.10712803420692575,0.1389342151412378,0.021170979971331993,-0.09713375406133468,0.9962119,5.572092
train,395,-0.29900944916837374,-0.6703627376161968,1.0214178039827309,-0.09578101587434358,-0.1966843400721002,-0.05847416387341388,-0.1558480178203559,-0.0830138992580636,-0.10712803420692575,0.9810358783218557,0.021170979971331993,-0.09713375406133468,0.98952204,4.547948
train,396,-0.2640275697352743,-0.2709119382483979,0.9957444021426534,-0.1332723787469113,-0.20181727154054716,-0.16174576073584707,-0.1877157070408681,-0.0830138992580636,-0.10712803420692575,0.3808495357345971,0.021170979971331993,-0.09713375406133468,0.94387907,2.8224893
train,397,-0.48663952976408886,0.8674792907221817,0.09947070382877472,-0.13987273446622392,-0.25424469697359414,-0.11980891046510106,-0.19836142947873808,-0.0830138992580636,-0.10712803420692575,-0.22206387462062496,0.021170979971331993,-0.09713375406133468,0.9958385,5.477715
train,398,-0.37239800741963125,0.5866514205000879,0.6498641684446251,-0.12452673187933803,-0.22396881595150875,-0.14513003260661586,-0.19252363049034169,-0.0830138992580636,-0.10712803420692575,-0.6506949093086997,0.021170979971331993,-0.09713375406133468,0.9968058,5.743215
train,399,-0.42352536966800736,-0.16254041982712916,0.25969305778952706,-0.15527778029144104,-0.2442144440057437,-0.15031307330110721,-0.19896731802535236,-0.0830138992580636,-0.10712803420692575,-0.2297269452439577,0.021170979971331993,-0.09713375406133468,0.99837303,6.419409
train,400,-0.5030296411068697,0.3277069108007563,0.3034797591940138,-0.22499058799224825,-0.276316302287916,-0.2617638067679241,-0.22991926141227526,-0.0830138992580636,-0.10712803420692575,-0.5268905220643537,0.021170979971331993,-0.09713375406133468,0.99653155,5.660572
train,401,-0.509879239876987,-0.6045182391845441,0.6002258260911483,-0.24950550257490836,-0.28265673484771064,-0.24336547320165844,-0.22633003645419017,-0.0830138992580636,-0.10712803420692575,-0.29213162934587267,0.021170979971331993,-0.09713375406133468,0.9901957,4.615081
train,402,-0.3234723019187929,-1.0196163725327612,1.2219305173145152,-0.0713797759699968,-0.19472793586486428,-0.06456639409277073,-0.1616057029875312,-0.0830138992580636,-0.10712803420692575,0.00721110851193271,0.021170979971331993,-0.09713375406133468,0.99700874,5.809065
train,403,-0.35698641018686716,-1.5869147487066309,-0.29082053924118545,-0.3054787437571039,-0.27685063203913957,-0.2827603644820803,-0.2325346737373082,-0.0830138992580636,-0.10712803420692575,-1.4488820172083172,0.021170979971331993,-0.09713375406133468,0.9963797,5.617564
train,404,-0.28775653690318087,-0.19897273430753398,1.0216463713824162,-0.2241327371339065,-0.23975468387742097,-0.24792723163233002,-0.21964473301272966,-0.0830138992580636,-0.10712803420692575,0.17068223201321228,0.021170979971331993,-0.09713375406133468,0.99424136,5.151278
train,405,-0.3897666328724289,0.14273854562201221,0.7952249350206517,-0.2469180008671586,-0.2636144005639477,-0.26111593867646615,-0.22684981626779133,-0.0830138992580636,-0.10712803420692575,-0.26806850399780524,0.021170979971331993,-0.09713375406133468,0.97716594,3.756403
train,406,-0.39050051845494144,-0.05368800881747232,0.7913506362784835,-0.14375186522854283,-0.23379291019644613,-0.1831636342455464,-0.20499921800393905,-0.0830138992580636,-0.10712803420692575,-0.013371277516285621,0.021170979971331993,-0.09713375406133468,0.99813133,6.2806606
train,407,-0.2388308314023425,-0.08818205349031001,0.846515400943977,-0.24595724776209907,-0.23999870848821597,-0.2538046652935894,-0.22018289582507777,-0.0830138992580636,-0.10712803420692575,-0.3445358609547854,0.021170979971331993,-0.09713375406133468,0.994218,5.1472054
train,408,0.04738454577756191,-0.2912818857185929,0.11381703557225822,-0.24024638817632496,-0.19244336062931783,-0.24627083209517492,-0.20722350635312356,-0.0830138992580636,-0.10712803420692575,-0.5995650478102286,0.021170979971331993,-0.09713375406133468,0.99919206,7.1202135
train,409,0.03295146265481459,0.16888152222962277,-0.25061874437544285,-0.3065027667093735,-0.23242132359094309,-0.282226076390372,-0.22751088315636858,-0.0830138992580636,-0.10712803420692575,-0.768303491404147,0.021170979971331993,-0.09713375406133468,0.99831676,6.385353
train,410,0.09068379514580387,-0.05788209742518684,-0.02957150679353747,-0.25835350020783826,-0.19657494972933004,-0.2605853821793933,-0.21409240082403125,-0.0830138992580636,-0.10712803420692575,-0.8795593713420549,0.021170979971331993,-0.09713375406133468,0.9984889,6.4934072
train,411,-0.06489994834686214,-0.023182719822439322,-0.44612818118671826,-0.3090630878364131,-0.244942310517253,-0.28602535510614097,-0.2305842690121004,-0.0830138992580636,-0.10712803420692575,-0.9179871756542213,0.021170979971331993,-0.09713375406133468,0.99872154,6.66082
train,412,0.15477646935190212,-0.5779932101697681,0.31940743467606675,-0.18555997699878313,-0.13994020342050686,-0.19650436189966733,-0.17219437734171847,-0.0830138992580636,-0.10712803420692575,-0.6062811967031881,0.021170979971331993,-0.09713375406133468,0.9991229,7.038032
train,413,0.24284273925341118,-0.9189606978823345,0.21254395307669566,-0.26775244086005295,-0.18093633803406997,-0.262240773701316,-0.2112310126566997,-0.0830138992580636,-0.10712803420692575,0.007897780784772476,0.021170979971331993,-0.09713375406133468,0.9988079,6.730852
train,414,0.10927556323612245,-0.3469660570006611,-0.0547544755085742,-0.26230284122049224,-0.1962972665515288,-0.2608570980847917,-0.21376715799420526,-0.0830138992580636,-0.10712803420692575,-0.8314108716286817,0.021170979971331993,-0.09713375406133468,0.9987796,6.707351
train,415,0.13691858684409614,0.19740589851907744,0.08611952747945627,-0.28641287465780674,-0.2076864841622549,-0.27236863520463606,-0.22014010557006972,-0.0830138992580636,-0.10712803420692575,-0.8838510798424859,0.021170979971331993,-0.09713375406133468,0.9985196,6.5139613
train,416,0.08407882490319069,-0.05392135551982387,-0.1604031813507404,-0.2668659972293535,-0.20267135767832972,-0.2638537504039368,-0.2161698431800325,-0.0830138992580636,-0.10712803420692575,-0.7199676830531321,0.021170979971331993,-0.09713375406133468,0.9986615,6.6148796
train,417,0.22865428465816806,-0.5076647785144004,0.2229648412106379,-0.24547045135321077,-0.16738035017231911,-0.22391870058857571,-0.18573635904921812,-0.0830138992580636,-0.10712803420692575,-0.4376369879554477,0.021170979971331993,-0.09713375406133468,0.99917716,7.101923
train,418,0.2937254729742831,-0.9508724642623874,0.1740503807934765,-0.2733223093455729,-0.17792389628701422,-0.260500211947861,-0.2087030547756486,-0.0830138992580636,-0.10712803420692575,-0.5399714976225194,0.021170979971331993,-0.09713375406133468,0.99851495,6.510821
train,419,0.13324915893153325,-0.20417103282548665,-0.35103950559570934,-0.3093040928885079,-0.2226897904052728,-0.2819190053665671,-0.22607167252493668,-0.0830138992580636,-0.10712803420692575,-1.0360650607147108,0.021170979971331993,-0.09713375406133468,0.9986388,6.598033
train,420,0.17141120922218717,0.5957885911045278,-0.01060409833181948,-0.2782996052089924,-0.19791708508870262,-0.2690586210409424,-0.21738124716336632,-0.0830138992580636,-0.10712803420692575,-0.4245613842698096,0.021170979971331993,-0.09713375406133468,0.99805826,6.242227
train,421,0.036620890567377475,0.9865876025209309,-0.1744120644887127,-0.29970599832024897,-0.22811723433502404,-0.27769802761330803,-0.22496390505517722,-0.0830138992580636,-0.10712803420692575,-0.5961035800172669,0.021170979971331993,-0.09713375406133468,0.9985057,6.5046096
train,422,0.16969880952965782,1.1537584267223722,0.1450400275132786,-0.2445190077755907,-0.17588755298313855,-0.241028421106837,-0.19955951469650315,-0.0830138992580636,-0.10712803420692575,-0.475006864073086,0.021170979971331993,-0.09713375406133468,0.9986933,6.638933
train,423,0.041268832589957116,1.5402395258820216,-0.2442451858597253,-0.30635527681729036,-0.23138211533462635,-0.2776540206066259,-0.22486811223388462,-0.0830138992580636,-0.10712803420692575,-0.7032039822205403,0.021170979971331993,-0.09713375406133468,0.99812955,6.279702
train,424,-0.001785788250780645,2.152521907142175,-0.12278415991981728,-0.29172759139788407,-0.2283402223414402,-0.28236970266124206,-0.22801988051323605,-0.0830138992580636,-0.10712803420692575,-0.4908087039614645,0.021170979971331993,-0.09713375406133468,0.99819,6.3126087
train,425,0.09239619483833321,2.152209901640394,-0.1380011751836936,-0.3012604729937957,-0.22241210722747154,-0.27951194337020824,-0.22517402461736571,-0.0830138992580636,-0.10712803420692575,-0.7705609776857704,0.021170979971331993,-0.09713375406133468,0.99733645,5.9254274
train,426,0.20859474540282433,1.336699664214893,0.4424147976661291,-0.25096131927492377,-0.17424669784158583,-0.2581333022852649,-0.20937523111614817,-0.0830138992580636,-0.10712803420692575,-0.33343495294803666,0.021170979971331993,-0.09713375406133468,0.9985947,6.566099
train,427,0.1435235570867093,2.6895178558585084,-0.027017639514996698,-0.23055425839826893,-0.17099864612548663,-0.2078801845859561,-0.18000639720489656,-0.0830138992580636,-0.10712803420692575,-0.6272022624365442,0.021170979971331993,-0.09713375406133468,0.9983833,6.4257402
train,428,0.08138791110064458,3.22724677327457,-0.3779606137650015,-0.23189811685716286,-0.1820428634243991,-0.19750000522487357,-0.17769164437909615,-0.0830138992580636,-0.10712803420692575,-1.0029878154200371,0.021170979971331993,-0.09713375406133468,0.9982943,6.372069
train,429,-0.030896583023779473,4.695460523812449,-0.08013474545785913,-0.29384124375276,-0.23307766564756416,-0.27621557799592644,-0.2252452341080649,-0.0830138992580636,-0.10712803420692575,-0.8152871582168714,0.021170979971331993,-0.09713375406133468,0.9977348,6.0878177
train,430,-0.19504232497909219,4.995423417801052,-0.16042628422711255,-0.24323636153124073,-0.23208894524175677,-0.2726616593421516,-0.22648087346557347,-0.0830138992580636,-0.10712803420692575,-1.0350666724863609,0.021170979971331993,-0.09713375406133468,0.99825984,6.352038
train,431,-0.4998494702493152,0.4173916395458493,1.6495952177215898,-0.14982914980866283,-0.25938183576291685,-0.2130887509778262,-0.21956978403859095,-0.0830138992580636,-0.10712803420692575,0.7203352228551769,0.021170979971331993,-0.09713375406133468,0.0030124106,-5.8019977
train,432,-0.6165372778688147,0.32984847634697917,1.9141997556998611,-0.0174590334505329,-0.26609251255977984,-0.2258613392808363,-0.22790520162367545,-0.0830138992580636,-0.10712803420692575,0.39469264217333744,0.021170979971331993,-0.09713375406133468,0.008752522,-4.7296224
train,433,-0.5729933999730685,-0.3762728053016298,1.0088702512301448,-0.2031534040182704,-0.2843859437276547,-0.25048237006085267,-0.22984807707505212,-0.0830138992580636,-0.10712803420692575,-0.6158884644802601,0.021170979971331993,-0.09713375406133468,0.005580375,-5.1829033
train,434,-0.3993071454450924,-1.2030256759807831,0.8940234782198474,-0.17795291195450452,-0.2454724329476008,-0.240589725640627,-0.22145335597793236,-0.0830138992580636,-0.10712803420692575,-0.08293271929128293,0.021170979971331993,-0.09713375406133468,0.016945897,-4.0606384
train,435,-0.4232807411405032,-1.249360343115674,2.0507942266372146,0.014210008986527255,-0.19864074427933615,-0.01933282348881219,-0.16492961746472679,-0.0830138992580636,-0.10712803420692575,-0.0831690446174553,0.021170979971331993,-0.09713375406133468,0.02444241,-3.6866894
train,436,-0.4100708006552768,-0.39547481781334864,1.888672415919013,-0.14302204389650244,-0.23793291393820987,-0.1908504385726723,-0.2085378928596545,-0.0830138992580636,-0.10712803420692575,0.7390819305245787,0.021170979971331993,-0.09713375406133468,0.007744225,-4.8530335
train,437,-0.5380115205399691,1.5351236159144204,1.7445632014668555,-0.20602524314644957,-0.27854618235207734,-0.25671482878067614,-0.22986854781231128,-0.0830138992580636,-0.10712803420692575,0.8723325826465361,0.021170979971331993,-0.09713375406133468,0.00094791205,-6.9603004
train,438,-0.5519553466077081,3.0394096252706473,1.4419092288292519,-0.2342016874360336,-0.2862497868756235,-0.2678866926520248,-0.23225513896571212,-0.0830138992580636,-0.10712803420692575,0.8553893167348005,0.021170979971331993,-0.09713375406133468,0.0057166,-5.158648
train,439,-0.5145271818995667,-0.0099301899260472,1.7898472336393774,-0.20593891466881645,-0.2742799589840403,-0.2516268966177296,-0.22816859205589307,-0.0830138992580636,-0.10712803420692575,1.248655717446627,0.021170979971331993,-0.09713375406133468,0.0009598644,-6.947758
train,440,-0.516239581592096,0.24544362298400066,1.5839119045318097,-0.19669534130721436,-0.2726727624094938,-0.23173893495741493,-0.224235217238484,-0.0830138992580636,-0.10712803420692575,-0.07633696764573264,0.021170979971331993,-0.09713375406133468,0.0046267216,-5.371269
train,441,-0.5783752275781607,0.0309928677618793,2.1620704276914493,-0.12525075221517948,-0.27239928655256834,-0.2048976749848959,-0.22268559123168208,-0.0830138992580636,-0.10712803420692575,-0.0685816290998268,0.021170979971331993,-0.09713375406133468,0.0062051816,-5.076146
train,442,-0.572259514390556,0.558388918207525,1.5598071588233715,-0.19192411479102403,-0.2823369784611517,-0.2427238223888896,-0.22854491321108578,-0.0830138992580636,-0.10712803420692575,-0.7791302728652936,0.021170979971331993,-0.09713375406133468,0.0038240587,-5.5626116
train,443,-0.46902627578378703,-0.9615824349020484,1.4328468388541613,-0.21816457676984632,-0.2689619053970592,-0.24561094755327545,-0.22532797646753328,-0.0830138992580636,-0.10712803420692575,0.3967965493423267,0.021170979971331993,-0.09713375406133468,0.005551875,-5.188052
train,444,-0.5179519812846254,-0.4335824751799034,1.5545861887590957,-0.21372468832664332,-0.2765056317273259,-0.2509236739064685,-0.22813774550976304,-0.0830138992580636,-0.10712803420692575,0.10976591548067433,0.021170979971331993,-0.09713375406133468,0.0029715328,-5.8157015
train,445,-0.5673669438404721,0.48759566697197493,1.5522324964046983,-0.20449595292803419,-0.28359076008213296,-0.2568147832674569,-0.23072801693548345,-0.0830138992580636,-0.10712803420692575,-0.0067533855834143374,0.021170979971331993,-0.09713375406133468,0.004979946,-5.2973437
train,446,-0.6021041947460674,0.8638543524865293,1.889012389611595,-0.22114786938526426,-0.2924219266003872,-0.26646229254018794,-0.233130358357138,-0.0830138992580636,-0.10712803420692575,-1.05774515620592,0.021170979971331993,-0.09713375406133468,0.004224397,-5.4626455
train,447,-0.5561140315752793,0.4110300059705951,1.5442145005435906,-0.1871117412009092,-0.2783947188005494,-0.24427052961047235,-0.22820858189056747,-0.0830138992580636,-0.10712803420692575,-0.44590254183541084,0.021170979971331993,-0.09713375406133468,0.0011582457,-6.75969
train,448,-0.5820446554907237,0.21615015951904026,1.6705950590911909,-0.1985832317702526,-0.28529051771594655,-0.25105094168169073,-0.2302340068580961,-0.0830138992580636,-0.10712803420692575,0.4833008169069786,0.021170979971331993,-0.09713375406133468,0.00566397,-5.16795
train,449,-0.3540508678568169,-1.8109288863614623,1.1535561374399708,-0.10182307206996334,-0.2125333178111491,-0.10453383643566128,-0.17836297388590203,-0.0830138992580636,-0.10712803420692575,-0.2947344024040375,0.021170979971331993,-0.09713375406133468,0.053887304,-2.8654668
train,450,-0.49544615675423975,-0.35623489440381845,1.4770045209765714,-0.23284180778600355,-0.2767749002633756,-0.2605105021566852,-0.22945803050642782,-0.0830138992580636,-0.10712803420692575,0.49823547782219296,0.021170979971331993,-0.09713375406133468,0.00093532604,-6.9736795
train,451,-0.5487751757501536,1.0198487535433807,1.943131669105843,-0.21030569963378806,-0.28128935556308343,-0.24586339221467599,-0.22822621866952494,-0.0830138992580636,-0.10712803420692575,0.005456630759809988,0.021170979971331993,-0.09713375406133468,0.0008060341,-7.122578
train,452,-0.4939783855892146,-0.07943492027470737,2.0815726894824342,-0.020510532399857777,-0.22938784523950845,-0.00641416152520427,-0.17486627598946902,-0.0830138992580636,-0.10712803420692575,-0.03385545857659129,0.021170979971331993,-0.09713375406133468,0.0008671241,-7.049461
train,453,-0.45606096382606487,0.05636294854175797,1.1710854205830223,-0.16976985848912446,-0.25476640476219037,-0.19895153235873525,-0.21372066179372579,-0.0830138992580636,-0.10712803420692575,-0.15910675849467099,0.021170979971331993,-0.09713375406133468,0.0015116553,-6.493037
train,454,-0.5504875754426829,1.064194333616642,1.809108985309931,-0.20906572952237668,-0.2813650873388474,-0.2481380171213577,-0.22869374632887704,-0.0830138992580636,-0.10712803420692575,0.48376097484724484,0.021170979971331993,-0.09713375406133468,0.0007492511,-7.195687
train,455,-0.6072413938236554,2.6251390796982235,1.993791797771541,-0.22355190968227906,-0.2936546716169896,-0.26267528389786465,-0.23270588925653848,-0.0830138992580636,-0.10712803420692575,-0.38465367432207653,0.021170979971331993,-0.09713375406133468,0.002910001,-5.8366876
train,456,-0.5475520331126326,-0.20474278975161508,1.5290384251384221,-0.17218797879404155,-0.2739517879557298,-0.20384497075355848,-0.22059417611973475,-0.0830138992580636,-0.10712803420692575,0.24110911399060253,0.021170979971331993,-0.09713375406133468,0.0007350886,-7.214784
train,457,-0.6414893876742422,0.6676220216749671,2.458277226770865,-0.18996101830006976,-0.29525766087066035,-0.25713404846902943,-0.23288963539908794,-0.0830138992580636,-0.10712803420692575,-0.8309995015293344,0.021170979971331993,-0.09713375406133468,0.0077892398,-4.8471923
train,458,-0.4516576503309894,-0.7380960215691031,2.475062681861484,-0.09504073551436705,-0.2351897407272038,-0.16538013434651436,-0.2053205620449772,-0.0830138992580636,-0.10712803420692575,0.5142577439145631,0.021170979971331993,-0.09713375406133468,0.002785728,-5.8804564
train,459,-0.5685900864779931,-0.14520202250035277,1.7757051278129856,0.06669475374833862,-0.23691474228627205,-0.011096512772724686,-0.18967656303537492,-0.0830138992580636,-0.10712803420692575,-0.12875350324631235,0.021170979971331993,-0.09713375406133468,0.0025672037,-5.9623675
train,460,-0.60283808032858,1.9447679020282276,2.1543576043770325,-0.17910570780391719,-0.28622454295036887,-0.2601030231644116,-0.23222215018187178,-0.0830138992580636,-0.10712803420692575,0.23898533629811336,0.021170979971331993,-0.09713375406133468,0.007058944,-4.946376
train,461,-0.4969139279192649,0.7057203357279159,1.5209220049760204,-0.07098333952583745,-0.24138712437722212,-0.12121787654067076,-0.19985145013179215,-0.0830138992580636,-0.10712803420692575,-0.20072655344351287,0.021170979971331993,-0.09713375406133468,0.002251048,-6.0941057
train,462,-0.5477966616401369,0.6247874680526261,1.8905716588527357,-0.1675480118089359,-0.2731355677058292,-0.24211274929865378,-0.22751459329408605,-0.0830138992580636,-0.10712803420692575,-0.42078609567666536,0.021170979971331993,-0.09713375406133468,0.0040569305,-5.5032635
train,463,-0.6013703091635548,0.4885238480641726,2.0077622571640052,-0.2390162629030709,-0.29500101429723796,-0.2674078126047055,-0.23325221856411102,-0.0830138992580636,-0.10712803420692575,0.22931086222251626,0.021170979971331993,-0.09713375406133468,0.003204818,-5.73989
train,464,-0.34842441172422045,-1.0376863504836158,1.3617262143792406,-0.19022592214075099,-0.23922876876794893,-0.23483449529312161,-0.21770177790867884,-0.0830138992580636,-0.10712803420692575,-0.1430857208973173,0.021170979971331993,-0.09713375406133468,0.0031921994,-5.743848
train,465,-0.5140379248445583,-0.31845513366812683,0.7650572934412531,-0.2424037669030512,-0.28180685603080385,-0.2642685139543847,-0.23070566387976651,-0.0830138992580636,-0.10712803420692575,-1.4257851259188286,0.021170979971331993,-0.09713375406133468,0.01196735,-4.4135337
train,466,-0.5372776349574565,1.0337078349014768,1.8498396559066415,-0.19462478909943529,-0.2762069119451458,-0.2605475984760954,-0.23056473733794713,-0.0830138992580636,-0.10712803420692575,0.00553597672560768,0.021170979971331993,-0.09713375406133468,0.0009255925,-6.9841504
train,467,-0.4303749684381247,-0.17280438878698318,1.4520209905915447,-0.17906532331609729,-0.25196012173804766,-0.21452120604118402,-0.21601201769455314,-0.0830138992580636,-0.10712803420692575,0.47377325693624917,0.021170979971331993,-0.09713375406133468,0.004971044,-5.299142
train,468,-0.5172180957021129,-0.12146180022917036,1.993472568050853,-0.18885048437987287,-0.27123385866997834,-0.2517741091375757,-0.2282839794350291,-0.0830138992580636,-0.10712803420692575,0.9002542625776575,0.021170979971331993,-0.09713375406133468,0.0011025465,-6.8090296
train,469,-0.5292048935498183,0.6188645923786162,1.777796248626451,-0.1313962100163947,-0.2621123870112956,-0.19274180282213743,-0.2173152905569157,-0.0830138992580636,-0.10712803420692575,0.665056213093511,0.021170979971331993,-0.09713375406133468,0.009539126,-4.6427684
train,470,-0.5257800941647596,1.0725993728269996,1.3188011159625697,-0.19679732667124974,-0.27447770306520175,-0.257029990638217,-0.2295787168845185,-0.0830138992580636,-0.10712803420692575,-0.6792447903063625,0.021170979971331993,-0.09713375406133468,0.0059819175,-5.113014
train,471,-0.4758758745539044,-0.03581297015758245,1.4131357530468989,-0.21506263954969096,-0.2694205033725188,-0.2566688586980453,-0.22807448032524982,-0.0830138992580636,-0.10712803420692575,-0.17368379880554433,0.021170979971331993,-0.09713375406133468,0.0029078186,-5.83744
train,472,-0.5754396852481105,0.19637148942484384,1.8137287994868885,-0.16557639522856868,-0.2785041091433196,-0.23644042397172269,-0.22764126619947675,-0.0830138992580636,-0.10712803420692575,-0.6754205705922898,0.021170979971331993,-0.09713375406133468,0.0056236135,-5.1751413
train,473,-0.54681814753012,-0.2560646294263019,1.3147082841214068,-0.2103693465351307,-0.2809527698930213,-0.2541205987074412,-0.22965162423485108,-0.0830138992580636,-0.10712803420692575,-0.6977165907690214,0.021170979971331993,-0.09713375406133468,0.0041860784,-5.471796
train,474,-0.5159949530645919,-0.2965961185933953,1.7051874941252558,-0.18757090832262716,-0.270733187485761,-0.23599129766923202,-0.225077682611846,-0.0830138992580636,-0.10712803420692575,-0.14029861500801283,0.021170979971331993,-0.09713375406133468,0.010132769,-4.581796
train,475,-0.613112478483756,0.31083516665834904,1.837215478076922,-0.1776403780665725,-0.2880547275313315,-0.2550761317359157,-0.23179682586308656,-0.0830138992580636,-0.10712803420692575,-1.127715114468726,0.021170979971331993,-0.09713375406133468,0.011543434,-4.450028
train,476,-0.5908512824808746,0.7197041578800099,1.6032871171770209,-0.20834116433663472,-0.28847125229803333,-0.26078652651442563,-0.23200850913303622,-0.0830138992580636,-0.10712803420692575,-1.1390745914253562,0.021170979971331993,-0.09713375406133468,0.0055204853,-5.1937537
train,477,-0.5279817509122973,-0.005048330292798356,1.9305886597053723,-0.20944384923219111,-0.27741441303649356,-0.25918189286458854,-0.23005690961771602,-0.0830138992580636,-0.10712803420692575,0.09803211572344987,0.021170979971331993,-0.09713375406133468,0.002593361,-5.9522038
train,478,-0.6280348186615117,0.21424518436879667,1.8468487229438417,-0.1766071637242839,-0.2908946691224804,-0.25638665840400776,-0.23241030237497612,-0.0830138992580636,-0.10712803420692575,-1.3263695657021575,0.021170979971331993,-0.09713375406133468,0.008060173,-4.8127275
train,479,-0.6114000787912267,0.38969867066551195,1.905747825184668,-0.18421568193921914,-0.28866478905831905,-0.2577721210033433,-0.23212322575281089,-0.0830138992580636,-0.10712803420692575,-0.8123190732642572,0.021170979971331993,-0.09713375406133468,0.0098960595,-4.6056733
train,480,-0.29118133628823956,-2.072217623682007,1.3549014051015682,-0.14151403018974026,-0.21095977980360878,-0.16204978135437403,-0.19024089803955366,-0.0830138992580636,-0.10712803420692575,0.3063743120901708,0.021170979971331993,-0.09713375406133468,0.012679978,-4.35497
train,481,-0.5137932963170542,-0.45798485733714933,1.786981313608592,-0.14360661850267115,-0.2611194592846124,-0.20259515074299916,-0.21823661626994229,-0.0830138992580636,-0.10712803420692575,0.6942424047197735,0.021170979971331993,-0.09713375406133468,0.006327645,-5.0564795
train,482,-0.573482657028077,1.7540983286549445,1.886396060065205,-0.22131849249143049,-0.2875582636679899,-0.2641593392281696,-0.23210839777867906,-0.0830138992580636,-0.10712803420692575,-0.6119397972594631,0.021170979971331993,-0.09713375406133468,0.001659996,-6.3992786
train,483,-0.5010726128868361,0.5451072023055875,1.3679303853138465,-0.2583843838979874,-0.28324575977031935,-0.27069343997294487,-0.23174620030028878,-0.0830138992580636,-0.10712803420692575,-0.39295392826328723,0.021170979971331993,-0.09713375406133468,0.029863795,-3.4807897
train,484,-0.5243123229997344,0.11684539516108439,1.6554791380048839,-0.2058379494436191,-0.2760302044683632,-0.24976774735973087,-0.22811791199389717,-0.0830138992580636,-0.10712803420692575,0.6846123299270638,0.021170979971331993,-0.09713375406133468,0.007261836,-4.9178343
train,485,-0.5382561490674733,0.3428556697411949,1.3593234402738008,-0.22424766028087756,-0.282105575812984,-0.2600614287934646,-0.2304997617170625,-0.0830138992580636,-0.10712803420692575,-1.2703924808218716,0.021170979971331993,-0.09713375406133468,0.012224422,-4.3920197
train,486,-0.5089007257669703,-0.17239796290422307,1.9460155122020097,-0.1956297547646195,-0.27107398047669884,-0.2524541706419212,-0.22815861451039302,-0.0830138992580636,-0.10712803420692575,-0.4158124433679943,0.021170979971331993,-0.09713375406133468,0.003682473,-5.6004815
train,487,-0.5167288386471044,0.06358149613523577,1.6345101805157276,-0.15366652584242738,-0.2638542178538669,-0.20660349384026747,-0.21922452742632073,-0.0830138992580636,-0.10712803420692575,-0.6773076028004372,0.021170979971331993,-0.09713375406133468,0.008742,-4.730836
train,488,-0.5409470628700195,0.6634551886235796,2.377180183515198,-0.15010803795887995,-0.2683897097579536,-0.19719617838179218,-0.218953616104764,-0.0830138992580636,-0.10712803420692575,0.2346059739054159,0.021170979971331993,-0.09713375406133468,0.009890697,-4.6062207
train,489,-0.5436379766725655,1.0233386034220173,1.8465565034222073,-0.20211670038657145,-0.2788238655298786,-0.257341807167889,-0.23014485455448086,-0.0830138992580636,-0.10712803420692575,-0.8727139770999521,0.021170979971331993,-0.09713375406133468,0.003886359,-5.5463886
train,490,-0.5477966616401369,1.1223545367092398,1.833667697454201,-0.129019317145834,-0.2659452563291277,-0.15394275877815608,-0.21160491069369952,-0.0830138992580636,-0.10712803420692575,-0.8209296516982678,0.021170979971331993,-0.09713375406133468,0.0056613362,-5.168418
train,491,-0.5695686005880098,1.0118293963809037,2.251898953534642,-0.12954702897738665,-0.27107818779757464,-0.197517643595007,-0.2209129461217237,-0.0830138992580636,-0.10712803420692575,-0.39106266310841575,0.021170979971331993,-0.09713375406133468,0.0075706574,-4.875876
train,492,-0.47734364571892957,-0.35071878503029524,1.9749672889407046,-0.16338154826486004,-0.25763579759946975,-0.21098304074900828,-0.21782448075709956,-0.0830138992580636,-0.10712803420692575,0.32656270413922345,0.021170979971331993,-0.09713375406133468,0.0036546062,-5.6081057
train,493,-0.5282263794398014,0.100730402605838,1.5203437127475594,-0.2034042543385249,-0.2762531924747793,-0.2486139225782582,-0.22802500343785834,-0.0830138992580636,-0.10712803420692575,-0.680999034339556,0.021170979971331993,-0.09713375406133468,0.008407191,-4.770225
train,494,-0.42034519881045285,-0.46025383924483354,2.061228700651273,-0.2026677237684077,-0.256352564732358,-0.2418088218340614,-0.22259204126200396,-0.0830138992580636,-0.10712803420692575,0.38606852801290964,0.021170979971331993,-0.09713375406133468,0.004939825,-5.3054733
train,495,-0.3207813881162468,-1.0179976327738993,0.9250913633896517,-0.23726160270351257,-0.24974707095738938,-0.242589374121652,-0.21904305348110784,-0.0830138992580636,-0.10712803420692575,-0.3112842333868782,0.021170979971331993,-0.09713375406133468,0.024209097,-3.6965199
train,496,-0.5473074045851284,1.6471722134691071,1.5093461714036855,-0.2214263449890118,-0.2831069181814187,-0.2619828268136586,-0.23108761102910252,-0.0830138992580636,-0.10712803420692575,-0.69022969772014,0.021170979971331993,-0.09713375406133468,0.005645901,-5.1711636
train,497,-0.4736742178063667,0.47407346603629535,2.1675154865694983,-0.1861552045530157,-0.2622301919958173,-0.24085206494493222,-0.22441104422832356,-0.0830138992580636,-0.10712803420692575,0.3703452662702218,0.021170979971331993,-0.09713375406133468,0.003839143,-5.5586596
train,498,-0.3092838473235498,-1.1035695248421886,1.811702946176448,-0.18314404678329207,-0.22930790614286872,-0.22380113663340284,-0.2123674425124188,-0.0830138992580636,-0.10712803420692575,0.5867180634354526,0.021170979971331993,-0.09713375406133468,0.0038904112,-5.5453424
train,499,-0.386097204959866,-0.11996645177543701,1.870479312051939,-0.22291783305089144,-0.2560159790622959,-0.2532723931326458,-0.2245322630216573,-0.0830138992580636,-0.10712803420692575,0.3767268503881065,0.021170979971331993,-0.09713375406133468,0.010630377,-4.5333524
train,500,-0.45288079296851036,1.764477772608436,1.943528480102915,-0.1986482732135364,-0.26130878872402236,-0.24065862692618362,-0.22355763709287957,-0.0830138992580636,-0.10712803420692575,0.8916213181251406,0.021170979971331993,-0.09713375406133468,0.0034512007,-5.665576
train,501,-0.34499961233916177,0.6152630198961473,1.5010680108857122,-0.11713148296911143,-0.21517551532113652,-0.15368049053858784,-0.1924378571370092,-0.0830138992580636,-0.10712803420692575,0.7145317424777972,0.021170979971331993,-0.09713375406133468,0.013313724,-4.305557
train,502,-0.5382561490674733,1.5391587312912203,2.106953800418783,-0.20930735670125405,-0.2792235610130773,-0.26143653116270177,-0.2307562391356122,-0.0830138992580636,-0.10712803420692575,-0.32231139053483165,0.021170979971331993,-0.09713375406133468,0.0060952017,-5.0941396
train,503,-0.5130594107345415,1.0751807289418516,1.8469680214938808,-0.2147382283436393,-0.2758577043124564,-0.26221469070708964,-0.23026627457562301,-0.0830138992580636,-0.10712803420692575,0.6117135010537353,0.021170979971331993,-0.09713375406133468,0.007941408,-4.8276916
train,504,-0.4227914840854948,-0.15068033669185593,1.8965980575066042,-0.21370668480142369,-0.2597689092834882,-0.25040960281002067,-0.22492167656113432,-0.0830138992580636,-0.10712803420692575,1.0993785832614444,0.021170979971331993,-0.09713375406133468,0.0044833464,-5.402892
train,505,-0.5446164907825823,0.5229365340840025,2.458944939271797,-0.205401349977048,-0.27962325649627606,-0.2570661226000734,-0.2301222499640034,-0.0830138992580636,-0.10712803420692575,-0.13613210777152765,0.021170979971331993,-0.09713375406133468,0.0020517635,-6.1870017
train,506,-0.5277371223847931,0.9548301991023016,2.100990747810153,-0.19825077456680568,-0.2751340451218229,-0.25034076806888655,-0.2283420797724599,-0.0830138992580636,-0.10712803420692575,0.267693625552912,0.021170979971331993,-0.09713375406133468,0.0020441087,-6.1907473
train,507,-0.5328743214623811,1.261694355690173,1.7306034370004626,-0.24307462385741904,-0.2848950295536236,-0.26454568048778304,-0.23120847348152554,-0.0830138992580636,-0.10712803420692575,-0.027497473589170335,0.021170979971331993,-0.09713375406133468,0.003924009,-5.53671
train,508,-0.49862632761179426,-0.11805172702131247,2.344053522059961,-0.06251435152650615,-0.2399945011673402,-0.07885713447191948,-0.19107894897786878,-0.0830138992580636,-0.10712803420692575,-0.008495094384501531,0.021170979971331993,-0.09713375406133468,0.0031718535,-5.7502623
train,509,-0.5338528355723978,0.7245940687192606,2.2613226745020785,-0.16392643568774523,-0.26955093031966787,-0.218575994384578,-0.22252881799995086,-0.0830138992580636,-0.10712803420692575,-0.009324556037047854,0.021170979971331993,-0.09713375406133468,0.0009711805,-6.9360266
train,510,-0.4078691439077391,-0.6075245041737503,2.118143560819317,-0.011717474373287217,-0.20084538041824285,-0.054962339680684064,-0.17176093264241493,-0.0830138992580636,-0.10712803420692575,0.65645369756225,0.021170979971331993,-0.09713375406133468,0.0017579591,-6.341842
train,511,-0.4487221080009391,-0.12120281131301841,1.3443830448772778,-0.256262839571958,-0.27504569138343155,-0.26222898587467963,-0.22864808438535322,-0.0830138992580636,-0.10712803420692575,-0.6107886994842001,0.021170979971331993,-0.09713375406133468,0.0122987125,-4.3858857
train,512,-0.3508706969992624,-0.2999751242526641,1.4322913895829978,-0.1243811247610345,-0.21887375037094378,-0.1304139492214151,-0.18587710951670514,-0.0830138992580636,-0.10712803420692575,0.9274872764938951,0.021170979971331993,-0.09713375406133468,0.012474746,-4.3714957
train,513,-0.5115916395695164,-0.04148133889904755,1.210630631909643,-0.25970173434461374,-0.2850633223886546,-0.2693959617728934,-0.2316905608112649,-0.0830138992580636,-0.10712803420692575,-0.017633804353614054,0.021170979971331993,-0.09713375406133468,0.013357228,-4.3022504
train,514,-0.39979640250010073,-0.757914924079718,2.2024016238242687,-0.1429631553499254,-0.2356315094191603,-0.19001356421700805,-0.2075824380718733,-0.0830138992580636,-0.10712803420692575,0.7883030116396441,0.021170979971331993,-0.09713375406133468,0.00879731,-4.724473
train,515,-0.5756843137756147,1.4314412630806217,2.076910284973503,-0.21260725770744968,-0.2864685675611639,-0.25925246447865113,-0.23136284455629394,-0.0830138992580636,-0.10712803420692575,0.003683681717544059,0.021170979971331993,-0.09713375406133468,0.0049805115,-5.29723
train,516,-0.5798429987431859,1.6012670040372037,2.673315284441637,0.05258663031065844,-0.24330566269657605,-0.004979893078422393,-0.190779677112065,-0.0830138992580636,-0.10712803420692575,1.1300060694592502,0.021170979971331993,-0.09713375406133468,0.0074636103,-4.8902245
train,517,-0.5103684969319955,0.809633363139956,1.5792206763034657,-0.2322047284538199,-0.2790763047824251,-0.26097797460729855,-0.22994583186747666,-0.0830138992580636,-0.10712803420692575,-0.6562550239882158,0.021170979971331993,-0.09713375406133468,0.0040999525,-5.4926715
train,518,-0.4073798868527307,-0.3526823401023258,2.412376163118056,0.04982994066654781,-0.18351963305179655,-0.02244050555295011,-0.16290939507449462,-0.0830138992580636,-0.10712803420692575,0.9829735795707314,0.021170979971331993,-0.09713375406133468,0.0052412725,-5.245936
train,519,-0.4220575985029822,-0.14730050871463574,2.1609513278240584,-0.1321904090045569,-0.2376804746856633,-0.17222888304366968,-0.2045341428085019,-0.0830138992580636,-0.10712803420692575,0.35689427053537837,0.021170979971331993,-0.09713375406133468,0.0060480414,-5.1019545
train,520,-0.5717702573355476,3.3765868232236604,2.065704082454675,-0.052637032941340464,-0.2584478105284945,-0.03733177992407915,-0.1945986664971341,-0.0830138992580636,-0.10712803420692575,-0.6832754727650823,0.021170979971331993,-0.09713375406133468,0.003288475,-5.7140374
train,521,-0.36090046662693426,0.062145141607162974,1.678543458964066,-0.1927362212547535,-0.24239267406653262,-0.2203067456688144,-0.2138841929260226,-0.0830138992580636,-0.10712803420692575,-0.01447287973778074,0.021170979971331993,-0.09713375406133468,0.0024249027,-6.019536
train,522,-0.5419255769800362,2.0007594926782506,2.0674088693931427,-0.07755967397041943,-0.2547832340456935,-0.0735863725210999,-0.19625233985761922,-0.0830138992580636,-0.10712803420692575,0.2798238895530103,0.021170979971331993,-0.09713375406133468,0.0021520723,-6.1391697
train,523,-0.47440810338887923,0.12372851991541813,1.4340380915930608,-0.20652064472325507,-0.2671569647413512,-0.24168583555000667,-0.22462891106113564,-0.0830138992580636,-0.10712803420692575,0.5093855066201822,0.021170979971331993,-0.09713375406133468,0.0020726002,-6.1768765
train,524,-0.4700047898938038,0.09542133280458415,1.5707334062020508,-0.09262754990976889,-0.23927504929758248,-0.1007254696708683,-0.19204623009163974,-0.0830138992580636,-0.10712803420692575,-0.2183688899954528,0.021170979971331993,-0.09713375406133468,0.0042208536,-5.463488
train,525,-0.3112408755435833,-1.4781934047687277,1.2074072035526706,-0.2068747805165229,-0.23781510895368815,-0.23439380434818094,-0.21597072826361613,-0.0830138992580636,-0.10712803420692575,0.19146402187260472,0.021170979971331993,-0.09713375406133468,0.013374357,-4.3009515
train,526,-0.38242777704730313,-1.0800721173067371,-0.6415587469220254,-0.09094872597965513,-0.2163998456959874,-0.08947398577787385,-0.17762350361247514,-0.0830138992580636,-0.10712803420692575,-1.1869438370581211,0.021170979971331993,-0.09713375406133468,0.033663232,-3.3571062
train,527,-0.7679623363939094,-1.4165345272050454,-0.9911740104641629,3.8707165392900094,-0.150126127260761,-0.2503757120752354,-0.23621391040944026,-0.0830138992580636,-0.10712803420692575,-1.5051999053310687,0.021170979971331993,-0.09713375406133468,0.012925455,-4.335547
train,528,-0.8313211250174951,-0.06252535582992365,-0.01060409833181948,-0.16290204172210498,-0.33160470591649077,-0.154004957619176,-0.23828830500259338,-0.0830138992580636,-0.10712803420692575,-0.13244280550892,0.021170979971331993,-0.09713375406133468,0.0012085243,-6.717146
train,529,-0.8313211250174951,-0.06252535582992365,-0.01060409833181948,-0.16290204172210498,-0.33160470591649077,-0.154004957619176,-0.23828830500259338,-0.0830138992580636,-0.10712803420692575,-0.13244280550892,0.021170979971331993,-0.09713375406133468,0.0012085243,-6.717146
train,530,-0.8313211250174951,-0.06252535582992365,-0.01060409833181948,-0.16290204172210498,-0.33160470591649077,-0.154004957619176,-0.23828830500259338,-0.0830138992580636,-0.10712803420692575,-0.13244280550892,0.021170979971331993,-0.09713375406133468,0.0012085243,-6.717146
train,531,-0.8313211250174951,-0.06252535582992365,-0.01060409833181948,-0.16290204172210498,-0.33160470591649077,-0.154004957619176,-0.23828830500259338,-0.0830138992580636,-0.10712803420692575,-0.13244280550892,0.021170979971331993,-0.09713375406133468,0.0012085243,-6.717146
train,532,-0.8313211250174951,-0.06252535582992365,-0.01060409833181948,-0.16290204172210498,-0.33160470591649077,-0.154004957619176,-0.23828830500259338,-0.0830138992580636,-0.10712803420692575,-0.13244280550892,0.021170979971331993,-0.09713375406133468,0.0012085243,-6.717146
train,533,-0.8313211250174951,-0.06252535582992365,-0.01060409833181948,-0.16290204172210498,-0.33160470591649077,-0.154004957619176,-0.23828830500259338,-0.0830138992580636,-0.10712803420692575,-0.13244280550892,0.021170979971331993,-0.09713375406133468,0.0012085243,-6.717146
train,534,-0.8313211250174951,-0.06252535582992365,-0.01060409833181948,-0.16290204172210498,-0.33160470591649077,-0.154004957619176,-0.23828830500259338,-0.0830138992580636,-0.10712803420692575,-0.13244280550892,0.021170979971331993,-0.09713375406133468,0.0012085243,-6.717146
train,535,-0.8313211250174951,-0.06252535582992365,-0.01060409833181948,-0.16290204172210498,-0.33160470591649077,-0.154004957619176,-0.23828830500259338,-0.0830138992580636,-0.10712803420692575,-0.13244280550892,0.021170979971331993,-0.09713375406133468,0.0012085243,-6.717146
train,536,-0.8313211250174951,-0.06252535582992365,-0.01060409833181948,-0.16290204172210498,-0.33160470591649077,-0.154004957619176,-0.23828830500259338,-0.0830138992580636,-0.10712803420692575,-0.13244280550892,0.021170979971331993,-0.09713375406133468,0.0012085243,-6.717146
train,537,-0.8313211250174951,-0.06252535582992365,-0.01060409833181948,-0.16290204172210498,-0.33160470591649077,-0.154004957619176,-0.23828830500259338,-0.0830138992580636,-0.10712803420692575,-0.13244280550892,0.021170979971331993,-0.09713375406133468,0.0012085243,-6.717146
train,538,-0.8313211250174951,-0.06252535582992365,-0.01060409833181948,-0.16290204172210498,-0.33160470591649077,-0.154004957619176,-0.23828830500259338,-0.0830138992580636,-0.10712803420692575,-0.13244280550892,0.021170979971331993,-0.09713375406133468,0.0012085243,-6.717146
train,539,-0.8313211250174951,-0.06252535582992365,-0.01060409833181948,-0.16290204172210498,-0.33160470591649077,-0.154004957619176,-0.23828830500259338,-0.0830138992580636,-0.10712803420692575,-0.13244280550892,0.021170979971331993,-0.09713375406133468,0.0012085243,-6.717146
train,540,-0.8313211250174951,-0.06252535582992365,-0.01060409833181948,-0.16290204172210498,-0.33160470591649077,-0.154004957619176,-0.23828830500259338,-0.0830138992580636,-0.10712803420692575,-0.13244280550892,0.021170979971331993,-0.09713375406133468,0.0012085243,-6.717146
train,541,-0.8313211250174951,-0.06252535582992365,-0.01060409833181948,-0.16290204172210498,-0.33160470591649077,-0.154004957619176,-0.23828830500259338,-0.0830138992580636,-0.10712803420692575,-0.13244280550892,0.021170979971331993,-0.09713375406133468,0.0012085243,-6.717146
train,542,-0.8313211250174951,-0.06252535582992365,-0.01060409833181948,-0.16290204172210498,-0.33160470591649077,-0.154004957619176,-0.23828830500259338,-0.0830138992580636,-0.10712803420692575,-0.13244280550892,0.021170979971331993,-0.09713375406133468,0.0012085243,-6.717146
train,543,-0.8313211250174951,-0.06252535582992365,-0.01060409833181948,-0.16290204172210498,-0.33160470591649077,-0.154004957619176,-0.23828830500259338,-0.0830138992580636,-0.10712803420692575,-0.13244280550892,0.021170979971331993,-0.09713375406133468,0.0012085243,-6.717146
train,544,-0.8313211250174951,-0.06252535582992365,-0.01060409833181948,-0.16290204172210498,-0.33160470591649077,-0.154004957619176,-0.23828830500259338,-0.0830138992580636,-0.10712803420692575,-0.13244280550892,0.021170979971331993,-0.09713375406133468,0.0012085243,-6.717146
train,545,-0.8313211250174951,-0.06252535582992365,-0.01060409833181948,-0.16290204172210498,-0.33160470591649077,-0.154004957619176,-0.23828830500259338,-0.0830138992580636,-0.10712803420692575,-0.13244280550892,0.021170979971331993,-0.09713375406133468,0.0012085243,-6.717146
train,546,-0.8313211250174951,-0.06252535582992365,-0.01060409833181948,-0.16290204172210498,-0.33160470591649077,-0.154004957619176,-0.23828830500259338,-0.0830138992580636,-0.10712803420692575,-0.13244280550892,0.021170979971331993,-0.09713375406133468,0.0012085243,-6.717146
train,547,-0.8313211250174951,-0.06252535582992365,-0.01060409833181948,-0.16290204172210498,-0.33160470591649077,-0.154004957619176,-0.23828830500259338,-0.0830138992580636,-0.10712803420692575,-0.13244280550892,0.021170979971331993,-0.09713375406133468,0.0012085243,-6.717146
train,548,-0.8313211250174951,-0.06252535582992365,-0.01060409833181948,-0.16290204172210498,-0.33160470591649077,-0.154004957619176,-0.23828830500259338,-0.0830138992580636,-0.10712803420692575,-0.13244280550892,0.021170979971331993,-0.09713375406133468,0.0012085243,-6.717146
train,549,-0.8313211250174951,-0.06252535582992365,-0.01060409833181948,-0.16290204172210498,-0.33160470591649077,-0.154004957619176,-0.23828830500259338,-0.0830138992580636,-0.10712803420692575,-0.13244280550892,0.021170979971331993,-0.09713375406133468,0.0012085243,-6.717146
train,550,-0.8313211250174951,-0.06252535582992365,-0.01060409833181948,-0.16290204172210498,-0.33160470591649077,-0.154004957619176,-0.23828830500259338,-0.0830138992580636,-0.10712803420692575,-0.13244280550892,0.021170979971331993,-0.09713375406133468,0.0012085243,-6.717146
train,551,-0.8313211250174951,-0.06252535582992365,-0.01060409833181948,-0.16290204172210498,-0.33160470591649077,-0.154004957619176,-0.23828830500259338,-0.0830138992580636,-0.10712803420692575,-0.13244280550892,0.021170979971331993,-0.09713375406133468,0.0012085243,-6.717146
train,552,-0.8313211250174951,-0.06252535582992365,-0.01060409833181948,-0.16290204172210498,-0.33160470591649077,-0.154004957619176,-0.23828830500259338,-0.0830138992580636,-0.10712803420692575,-0.13244280550892,0.021170979971331993,-0.09713375406133468,0.0012085243,-6.717146
train,553,-0.8313211250174951,-0.06252535582992365,-0.01060409833181948,-0.16290204172210498,-0.33160470591649077,-0.154004957619176,-0.23828830500259338,-0.0830138992580636,-0.10712803420692575,-0.13244280550892,0.021170979971331993,-0.09713375406133468,0.0012085243,-6.717146
train,554,-0.8313211250174951,-0.06252535582992365,-0.01060409833181948,-0.16290204172210498,-0.33160470591649077,-0.154004957619176,-0.23828830500259338,-0.0830138992580636,-0.10712803420692575,-0.13244280550892,0.021170979971331993,-0.09713375406133468,0.0012085243,-6.717146
train,555,-0.8313211250174951,-0.06252535582992365,-0.01060409833181948,-0.16290204172210498,-0.33160470591649077,-0.154004957619176,-0.23828830500259338,-0.0830138992580636,-0.10712803420692575,-0.13244280550892,0.021170979971331993,-0.09713375406133468,0.0012085243,-6.717146
train,556,-0.8313211250174951,-0.06252535582992365,-0.01060409833181948,-0.16290204172210498,-0.33160470591649077,-0.154004957619176,-0.23828830500259338,-0.0830138992580636,-0.10712803420692575,-0.13244280550892,0.021170979971331993,-0.09713375406133468,0.0012085243,-6.717146
train,557,-0.8313211250174951,-0.06252535582992365,-0.01060409833181948,-0.16290204172210498,-0.33160470591649077,-0.154004957619176,-0.23828830500259338,-0.0830138992580636,-0.10712803420692575,-0.13244280550892,0.021170979971331993,-0.09713375406133468,0.0012085243,-6.717146
train,558,-0.8313211250174951,-0.06252535582992365,-0.01060409833181948,-0.16290204172210498,-0.33160470591649077,-0.154004957619176,-0.23828830500259338,-0.0830138992580636,-0.10712803420692575,-0.13244280550892,0.021170979971331993,-0.09713375406133468,0.0012085243,-6.717146
train,559,-0.8313211250174951,-0.06252535582992365,-0.01060409833181948,-0.16290204172210498,-0.33160470591649077,-0.154004957619176,-0.23828830500259338,-0.0830138992580636,-0.10712803420692575,-0.13244280550892,0.021170979971331993,-0.09713375406133468,0.0012085243,-6.717146
train,560,-0.8313211250174951,-0.06252535582992365,-0.01060409833181948,-0.16290204172210498,-0.33160470591649077,-0.154004957619176,-0.23828830500259338,-0.0830138992580636,-0.10712803420692575,-0.13244280550892,0.021170979971331993,-0.09713375406133468,0.0012085243,-6.717146
train,561,-0.8313211250174951,-0.06252535582992365,-0.01060409833181948,-0.16290204172210498,-0.33160470591649077,-0.154004957619176,-0.23828830500259338,-0.0830138992580636,-0.10712803420692575,-0.13244280550892,0.021170979971331993,-0.09713375406133468,0.0012085243,-6.717146
train,562,-0.8313211250174951,-0.06252535582992365,-0.01060409833181948,-0.16290204172210498,-0.33160470591649077,-0.154004957619176,-0.23828830500259338,-0.0830138992580636,-0.10712803420692575,-0.13244280550892,0.021170979971331993,-0.09713375406133468,0.0012085243,-6.717146
train,563,-0.8313211250174951,-0.06252535582992365,-0.01060409833181948,-0.16290204172210498,-0.33160470591649077,-0.154004957619176,-0.23828830500259338,-0.0830138992580636,-0.10712803420692575,-0.13244280550892,0.021170979971331993,-0.09713375406133468,0.0012085243,-6.717146
train,564,-0.8313211250174951,-0.06252535582992365,-0.01060409833181948,-0.16290204172210498,-0.33160470591649077,-0.154004957619176,-0.23828830500259338,-0.0830138992580636,-0.10712803420692575,-0.13244280550892,0.021170979971331993,-0.09713375406133468,0.0012085243,-6.717146
train,565,-0.8313211250174951,-0.06252535582992365,-0.01060409833181948,-0.16290204172210498,-0.33160470591649077,-0.154004957619176,-0.23828830500259338,-0.0830138992580636,-0.10712803420692575,-0.13244280550892,0.021170979971331993,-0.09713375406133468,0.0012085243,-6.717146
train,566,-0.8313211250174951,-0.06252535582992365,-0.01060409833181948,-0.16290204172210498,-0.33160470591649077,-0.154004957619176,-0.23828830500259338,-0.0830138992580636,-0.10712803420692575,-0.13244280550892,0.021170979971331993,-0.09713375406133468,0.0012085243,-6.717146
train,567,-0.8313211250174951,-0.06252535582992365,-0.01060409833181948,-0.16290204172210498,-0.33160470591649077,-0.154004957619176,-0.23828830500259338,-0.0830138992580636,-0.10712803420692575,-0.13244280550892,0.021170979971331993,-0.09713375406133468,0.0012085243,-6.717146
train,568,-0.8313211250174951,-0.06252535582992365,-0.01060409833181948,-0.16290204172210498,-0.33160470591649077,-0.154004957619176,-0.23828830500259338,-0.0830138992580636,-0.10712803420692575,-0.13244280550892,0.021170979971331993,-0.09713375406133468,0.0012085243,-6.717146
train,569,-0.8313211250174951,-0.06252535582992365,-0.01060409833181948,-0.16290204172210498,-0.33160470591649077,-0.154004957619176,-0.23828830500259338,-0.0830138992580636,-0.10712803420692575,-0.13244280550892,0.021170979971331993,-0.09713375406133468,0.0012085243,-6.717146
train,570,-0.8313211250174951,-0.06252535582992365,-0.01060409833181948,-0.16290204172210498,-0.33160470591649077,-0.154004957619176,-0.23828830500259338,-0.0830138992580636,-0.10712803420692575,-0.13244280550892,0.021170979971331993,-0.09713375406133468,0.0012085243,-6.717146
train,571,-0.8313211250174951,-0.06252535582992365,-0.01060409833181948,-0.16290204172210498,-0.33160470591649077,-0.154004957619176,-0.23828830500259338,-0.0830138992580636,-0.10712803420692575,-0.13244280550892,0.021170979971331993,-0.09713375406133468,0.0012085243,-6.717146
train,572,-0.8313211250174951,-0.06252535582992365,-0.01060409833181948,-0.16290204172210498,-0.33160470591649077,-0.154004957619176,-0.23828830500259338,-0.0830138992580636,-0.10712803420692575,-0.13244280550892,0.021170979971331993,-0.09713375406133468,0.0012085243,-6.717146
train,573,-0.8313211250174951,-0.06252535582992365,-0.01060409833181948,-0.16290204172210498,-0.33160470591649077,-0.154004957619176,-0.23828830500259338,-0.0830138992580636,-0.10712803420692575,-0.13244280550892,0.021170979971331993,-0.09713375406133468,0.0012085243,-6.717146
train,574,-0.8313211250174951,-0.06252535582992365,-0.01060409833181948,-0.16290204172210498,-0.33160470591649077,-0.154004957619176,-0.23828830500259338,-0.0830138992580636,-0.10712803420692575,-0.13244280550892,0.021170979971331993,-0.09713375406133468,0.0012085243,-6.717146
train,575,-0.8313211250174951,-0.06252535582992365,-0.01060409833181948,-0.16290204172210498,-0.33160470591649077,-0.154004957619176,-0.23828830500259338,-0.0830138992580636,-0.10712803420692575,-0.13244280550892,0.021170979971331993,-0.09713375406133468,0.0012085243,-6.717146
train,576,-0.8313211250174951,-0.06252535582992365,-0.01060409833181948,-0.16290204172210498,-0.33160470591649077,-0.154004957619176,-0.23828830500259338,-0.0830138992580636,-0.10712803420692575,-0.13244280550892,0.021170979971331993,-0.09713375406133468,0.0012085243,-6.717146
train,577,-0.8313211250174951,-0.06252535582992365,-0.01060409833181948,-0.16290204172210498,-0.33160470591649077,-0.154004957619176,-0.23828830500259338,-0.0830138992580636,-0.10712803420692575,-0.13244280550892,0.021170979971331993,-0.09713375406133468,0.0012085243,-6.717146
train,578,-0.8313211250174951,-0.06252535582992365,-0.01060409833181948,-0.16290204172210498,-0.33160470591649077,-0.154004957619176,-0.23828830500259338,-0.0830138992580636,-0.10712803420692575,-0.13244280550892,0.021170979971331993,-0.09713375406133468,0.0012085243,-6.717146
train,579,-0.8313211250174951,-0.06252535582992365,-0.01060409833181948,-0.16290204172210498,-0.33160470591649077,-0.154004957619176,-0.23828830500259338,-0.0830138992580636,-0.10712803420692575,-0.13244280550892,0.021170979971331993,-0.09713375406133468,0.0012085243,-6.717146
train,580,-0.8313211250174951,-0.06252535582992365,-0.01060409833181948,-0.16290204172210498,-0.33160470591649077,-0.154004957619176,-0.23828830500259338,-0.0830138992580636,-0.10712803420692575,-0.13244280550892,0.021170979971331993,-0.09713375406133468,0.0012085243,-6.717146
train,581,-0.8313211250174951,-0.06252535582992365,-0.01060409833181948,-0.16290204172210498,-0.33160470591649077,-0.154004957619176,-0.23828830500259338,-0.0830138992580636,-0.10712803420692575,-0.13244280550892,0.021170979971331993,-0.09713375406133468,0.0012085243,-6.717146
train,582,-0.8313211250174951,-0.06252535582992365,-0.01060409833181948,-0.16290204172210498,-0.33160470591649077,-0.154004957619176,-0.23828830500259338,-0.0830138992580636,-0.10712803420692575,-0.13244280550892,0.021170979971331993,-0.09713375406133468,0.0012085243,-6.717146
train,583,-0.8313211250174951,-0.06252535582992365,-0.01060409833181948,-0.16290204172210498,-0.33160470591649077,-0.154004957619176,-0.23828830500259338,-0.0830138992580636,-0.10712803420692575,-0.13244280550892,0.021170979971331993,-0.09713375406133468,0.0012085243,-6.717146
train,584,-0.8313211250174951,-0.06252535582992365,-0.01060409833181948,-0.16290204172210498,-0.33160470591649077,-0.154004957619176,-0.23828830500259338,-0.0830138992580636,-0.10712803420692575,-0.13244280550892,0.021170979971331993,-0.09713375406133468,0.0012085243,-6.717146
train,585,-0.8313211250174951,-0.06252535582992365,-0.01060409833181948,-0.16290204172210498,-0.33160470591649077,-0.154004957619176,-0.23828830500259338,-0.0830138992580636,-0.10712803420692575,-0.13244280550892,0.021170979971331993,-0.09713375406133468,0.0012085243,-6.717146
train,586,-0.8313211250174951,-0.06252535582992365,-0.01060409833181948,-0.16290204172210498,-0.33160470591649077,-0.154004957619176,-0.23828830500259338,-0.0830138992580636,-0.10712803420692575,-0.13244280550892,0.021170979971331993,-0.09713375406133468,0.0012085243,-6.717146
train,587,-0.8313211250174951,-0.06252535582992365,-0.01060409833181948,-0.16290204172210498,-0.33160470591649077,-0.154004957619176,-0.23828830500259338,-0.0830138992580636,-0.10712803420692575,-0.13244280550892,0.021170979971331993,-0.09713375406133468,0.0012085243,-6.717146
train,588,-0.8313211250174951,-0.06252535582992365,-0.01060409833181948,-0.16290204172210498,-0.33160470591649077,-0.154004957619176,-0.23828830500259338,-0.0830138992580636,-0.10712803420692575,-0.13244280550892,0.021170979971331993,-0.09713375406133468,0.0012085243,-6.717146
train,589,-0.8313211250174951,-0.06252535582992365,-0.01060409833181948,-0.16290204172210498,-0.33160470591649077,-0.154004957619176,-0.23828830500259338,-0.0830138992580636,-0.10712803420692575,-0.13244280550892,0.021170979971331993,-0.09713375406133468,0.0012085243,-6.717146
train,590,-0.8313211250174951,-0.06252535582992365,-0.01060409833181948,-0.16290204172210498,-0.33160470591649077,-0.154004957619176,-0.23828830500259338,-0.0830138992580636,-0.10712803420692575,-0.13244280550892,0.021170979971331993,-0.09713375406133468,0.0012085243,-6.717146
train,591,-0.8313211250174951,-0.06252535582992365,-0.01060409833181948,-0.16290204172210498,-0.33160470591649077,-0.154004957619176,-0.23828830500259338,-0.0830138992580636,-0.10712803420692575,-0.13244280550892,0.021170979971331993,-0.09713375406133468,0.0012085243,-6.717146
train,592,-0.8313211250174951,-0.06252535582992365,-0.01060409833181948,-0.16290204172210498,-0.33160470591649077,-0.154004957619176,-0.23828830500259338,-0.0830138992580636,-0.10712803420692575,-0.13244280550892,0.021170979971331993,-0.09713375406133468,0.0012085243,-6.717146
train,593,-0.8313211250174951,-0.06252535582992365,-0.01060409833181948,-0.16290204172210498,-0.33160470591649077,-0.154004957619176,-0.23828830500259338,-0.0830138992580636,-0.10712803420692575,-0.13244280550892,0.021170979971331993,-0.09713375406133468,0.0012085243,-6.717146
train,594,-0.8313211250174951,-0.06252535582992365,-0.01060409833181948,-0.16290204172210498,-0.33160470591649077,-0.154004957619176,-0.23828830500259338,-0.0830138992580636,-0.10712803420692575,-0.13244280550892,0.021170979971331993,-0.09713375406133468,0.0012085243,-6.717146
train,595,-0.8313211250174951,-0.06252535582992365,-0.01060409833181948,-0.16290204172210498,-0.33160470591649077,-0.154004957619176,-0.23828830500259338,-0.0830138992580636,-0.10712803420692575,-0.13244280550892,0.021170979971331993,-0.09713375406133468,0.0012085243,-6.717146
train,596,-0.8313211250174951,-0.06252535582992365,-0.01060409833181948,-0.16290204172210498,-0.33160470591649077,-0.154004957619176,-0.23828830500259338,-0.0830138992580636,-0.10712803420692575,-0.13244280550892,0.021170979971331993,-0.09713375406133468,0.0012085243,-6.717146
train,597,-0.8313211250174951,-0.06252535582992365,-0.01060409833181948,-0.16290204172210498,-0.33160470591649077,-0.154004957619176,-0.23828830500259338,-0.0830138992580636,-0.10712803420692575,-0.13244280550892,0.021170979971331993,-0.09713375406133468,0.0012085243,-6.717146
train,598,-0.8313211250174951,-0.06252535582992365,-0.01060409833181948,-0.16290204172210498,-0.33160470591649077,-0.154004957619176,-0.23828830500259338,-0.0830138992580636,-0.10712803420692575,-0.13244280550892,0.021170979971331993,-0.09713375406133468,0.0012085243,-6.717146
train,599,-0.8313211250174951,-0.06252535582992365,-0.01060409833181948,-0.16290204172210498,-0.33160470591649077,-0.154004957619176,-0.23828830500259338,-0.0830138992580636,-0.10712803420692575,-0.13244280550892,0.021170979971331993,-0.09713375406133468,0.0012085243,-6.717146
train,600,-0.8313211250174951,-0.06252535582992365,-0.01060409833181948,-0.16290204172210498,-0.33160470591649077,-0.154004957619176,-0.23828830500259338,-0.0830138992580636,-0.10712803420692575,-0.13244280550892,0.021170979971331993,-0.09713375406133468,0.0012085243,-6.717146
train,601,-0.8313211250174951,-0.06252535582992365,-0.01060409833181948,-0.16290204172210498,-0.33160470591649077,-0.154004957619176,-0.23828830500259338,-0.0830138992580636,-0.10712803420692575,-0.13244280550892,0.021170979971331993,-0.09713375406133468,0.0012085243,-6.717146
train,602,-0.8313211250174951,-0.06252535582992365,-0.01060409833181948,-0.16290204172210498,-0.33160470591649077,-0.154004957619176,-0.23828830500259338,-0.0830138992580636,-0.10712803420692575,-0.13244280550892,0.021170979971331993,-0.09713375406133468,0.0012085243,-6.717146
train,603,-0.8313211250174951,-0.06252535582992365,-0.01060409833181948,-0.16290204172210498,-0.33160470591649077,-0.154004957619176,-0.23828830500259338,-0.0830138992580636,-0.10712803420692575,-0.13244280550892,0.021170979971331993,-0.09713375406133468,0.0012085243,-6.717146
train,604,-0.8313211250174951,-0.06252535582992365,-0.01060409833181948,-0.16290204172210498,-0.33160470591649077,-0.154004957619176,-0.23828830500259338,-0.0830138992580636,-0.10712803420692575,-0.13244280550892,0.021170979971331993,-0.09713375406133468,0.0012085243,-6.717146
train,605,-0.8313211250174951,-0.06252535582992365,-0.01060409833181948,-0.16290204172210498,-0.33160470591649077,-0.154004957619176,-0.23828830500259338,-0.0830138992580636,-0.10712803420692575,-0.13244280550892,0.021170979971331993,-0.09713375406133468,0.0012085243,-6.717146
train,606,-0.8313211250174951,-0.06252535582992365,-0.01060409833181948,-0.16290204172210498,-0.33160470591649077,-0.154004957619176,-0.23828830500259338,-0.0830138992580636,-0.10712803420692575,-0.13244280550892,0.021170979971331993,-0.09713375406133468,0.0012085243,-6.717146
train,607,-0.8313211250174951,-0.06252535582992365,-0.01060409833181948,-0.16290204172210498,-0.33160470591649077,-0.154004957619176,-0.23828830500259338,-0.0830138992580636,-0.10712803420692575,-0.13244280550892,0.021170979971331993,-0.09713375406133468,0.0012085243,-6.717146
train,608,-0.8313211250174951,-0.06252535582992365,-0.01060409833181948,-0.16290204172210498,-0.33160470591649077,-0.154004957619176,-0.23828830500259338,-0.0830138992580636,-0.10712803420692575,-0.13244280550892,0.021170979971331993,-0.09713375406133468,0.0012085243,-6.717146
train,609,-0.8313211250174951,-0.06252535582992365,-0.01060409833181948,-0.16290204172210498,-0.33160470591649077,-0.154004957619176,-0.23828830500259338,-0.0830138992580636,-0.10712803420692575,-0.13244280550892,0.021170979971331993,-0.09713375406133468,0.0012085243,-6.717146
train,610,-0.8313211250174951,-0.06252535582992365,-0.01060409833181948,-0.16290204172210498,-0.33160470591649077,-0.154004957619176,-0.23828830500259338,-0.0830138992580636,-0.10712803420692575,-0.13244280550892,0.021170979971331993,-0.09713375406133468,0.0012085243,-6.717146
train,611,-0.8313211250174951,-0.06252535582992365,-0.01060409833181948,-0.16290204172210498,-0.33160470591649077,-0.154004957619176,-0.23828830500259338,-0.0830138992580636,-0.10712803420692575,-0.13244280550892,0.021170979971331993,-0.09713375406133468,0.0012085243,-6.717146
train,612,-0.8313211250174951,-0.06252535582992365,-0.01060409833181948,-0.16290204172210498,-0.33160470591649077,-0.154004957619176,-0.23828830500259338,-0.0830138992580636,-0.10712803420692575,-0.13244280550892,0.021170979971331993,-0.09713375406133468,0.0012085243,-6.717146
train,613,-0.8313211250174951,-0.06252535582992365,-0.01060409833181948,-0.16290204172210498,-0.33160470591649077,-0.154004957619176,-0.23828830500259338,-0.0830138992580636,-0.10712803420692575,-0.13244280550892,0.021170979971331993,-0.09713375406133468,0.0012085243,-6.717146
train,614,-0.8313211250174951,-0.06252535582992365,-0.01060409833181948,-0.16290204172210498,-0.33160470591649077,-0.154004957619176,-0.23828830500259338,-0.0830138992580636,-0.10712803420692575,-0.13244280550892,0.021170979971331993,-0.09713375406133468,0.0012085243,-6.717146
train,615,-0.8313211250174951,-0.06252535582992365,-0.01060409833181948,-0.16290204172210498,-0.33160470591649077,-0.154004957619176,-0.23828830500259338,-0.0830138992580636,-0.10712803420692575,-0.13244280550892,0.021170979971331993,-0.09713375406133468,0.0012085243,-6.717146
train,616,-0.8313211250174951,-0.06252535582992365,-0.01060409833181948,-0.16290204172210498,-0.33160470591649077,-0.154004957619176,-0.23828830500259338,-0.0830138992580636,-0.10712803420692575,-0.13244280550892,0.021170979971331993,-0.09713375406133468,0.0012085243,-6.717146
train,617,-0.8313211250174951,-0.06252535582992365,-0.01060409833181948,-0.16290204172210498,-0.33160470591649077,-0.154004957619176,-0.23828830500259338,-0.0830138992580636,-0.10712803420692575,-0.13244280550892,0.021170979971331993,-0.09713375406133468,0.0012085243,-6.717146
train,618,-0.8313211250174951,-0.06252535582992365,-0.01060409833181948,-0.16290204172210498,-0.33160470591649077,-0.154004957619176,-0.23828830500259338,-0.0830138992580636,-0.10712803420692575,-0.13244280550892,0.021170979971331993,-0.09713375406133468,0.0012085243,-6.717146
train,619,-0.8313211250174951,-0.06252535582992365,-0.01060409833181948,-0.16290204172210498,-0.33160470591649077,-0.154004957619176,-0.23828830500259338,-0.0830138992580636,-0.10712803420692575,-0.13244280550892,0.021170979971331993,-0.09713375406133468,0.0012085243,-6.717146
train,620,-0.8313211250174951,-0.06252535582992365,-0.01060409833181948,-0.16290204172210498,-0.33160470591649077,-0.154004957619176,-0.23828830500259338,-0.0830138992580636,-0.10712803420692575,-0.13244280550892,0.021170979971331993,-0.09713375406133468,0.0012085243,-6.717146
train,621,-0.8313211250174951,-0.06252535582992365,-0.01060409833181948,-0.16290204172210498,-0.33160470591649077,-0.154004957619176,-0.23828830500259338,-0.0830138992580636,-0.10712803420692575,-0.13244280550892,0.021170979971331993,-0.09713375406133468,0.0012085243,-6.717146
train,622,-0.8313211250174951,-0.06252535582992365,-0.01060409833181948,-0.16290204172210498,-0.33160470591649077,-0.154004957619176,-0.23828830500259338,-0.0830138992580636,-0.10712803420692575,-0.13244280550892,0.021170979971331993,-0.09713375406133468,0.0012085243,-6.717146
train,623,-0.8313211250174951,-0.06252535582992365,-0.01060409833181948,-0.16290204172210498,-0.33160470591649077,-0.154004957619176,-0.23828830500259338,-0.0830138992580636,-0.10712803420692575,-0.13244280550892,0.021170979971331993,-0.09713375406133468,0.0012085243,-6.717146
train,624,-0.8313211250174951,-0.06252535582992365,-0.01060409833181948,-0.16290204172210498,-0.33160470591649077,-0.154004957619176,-0.23828830500259338,-0.0830138992580636,-0.10712803420692575,-0.13244280550892,0.021170979971331993,-0.09713375406133468,0.0012085243,-6.717146
train,625,-0.8313211250174951,-0.06252535582992365,-0.01060409833181948,-0.16290204172210498,-0.33160470591649077,-0.154004957619176,-0.23828830500259338,-0.0830138992580636,-0.10712803420692575,-0.13244280550892,0.021170979971331993,-0.09713375406133468,0.0012085243,-6.717146
train,626,-0.8313211250174951,-0.06252535582992365,-0.01060409833181948,-0.16290204172210498,-0.33160470591649077,-0.154004957619176,-0.23828830500259338,-0.0830138992580636,-0.10712803420692575,-0.13244280550892,0.021170979971331993,-0.09713375406133468,0.0012085243,-6.717146
train,627,-0.8313211250174951,-0.06252535582992365,-0.01060409833181948,-0.16290204172210498,-0.33160470591649077,-0.154004957619176,-0.23828830500259338,-0.0830138992580636,-0.10712803420692575,-0.13244280550892,0.021170979971331993,-0.09713375406133468,0.0012085243,-6.717146
train,628,-0.8313211250174951,-0.06252535582992365,-0.01060409833181948,-0.16290204172210498,-0.33160470591649077,-0.154004957619176,-0.23828830500259338,-0.0830138992580636,-0.10712803420692575,-0.13244280550892,0.021170979971331993,-0.09713375406133468,0.0012085243,-6.717146
train,629,-0.8313211250174951,-0.06252535582992365,-0.01060409833181948,-0.16290204172210498,-0.33160470591649077,-0.154004957619176,-0.23828830500259338,-0.0830138992580636,-0.10712803420692575,-0.13244280550892,0.021170979971331993,-0.09713375406133468,0.0012085243,-6.717146
train,630,-0.8313211250174951,-0.06252535582992365,-0.01060409833181948,-0.16290204172210498,-0.33160470591649077,-0.154004957619176,-0.23828830500259338,-0.0830138992580636,-0.10712803420692575,-0.13244280550892,0.021170979971331993,-0.09713375406133468,0.0012085243,-6.717146
train,631,-0.8313211250174951,-0.06252535582992365,-0.01060409833181948,-0.16290204172210498,-0.33160470591649077,-0.154004957619176,-0.23828830500259338,-0.0830138992580636,-0.10712803420692575,-0.13244280550892,0.021170979971331993,-0.09713375406133468,0.0012085243,-6.717146
train,632,-0.8313211250174951,-0.06252535582992365,-0.01060409833181948,-0.16290204172210498,-0.33160470591649077,-0.154004957619176,-0.23828830500259338,-0.0830138992580636,-0.10712803420692575,-0.13244280550892,0.021170979971331993,-0.09713375406133468,0.0012085243,-6.717146
train,633,-0.8313211250174951,-0.06252535582992365,-0.01060409833181948,-0.16290204172210498,-0.33160470591649077,-0.154004957619176,-0.23828830500259338,-0.0830138992580636,-0.10712803420692575,-0.13244280550892,0.021170979971331993,-0.09713375406133468,0.0012085243,-6.717146
train,634,-0.8313211250174951,-0.06252535582992365,-0.01060409833181948,-0.16290204172210498,-0.33160470591649077,-0.154004957619176,-0.23828830500259338,-0.0830138992580636,-0.10712803420692575,-0.13244280550892,0.021170979971331993,-0.09713375406133468,0.0012085243,-6.717146
train,635,-0.8313211250174951,-0.06252535582992365,-0.01060409833181948,-0.16290204172210498,-0.33160470591649077,-0.154004957619176,-0.23828830500259338,-0.0830138992580636,-0.10712803420692575,-0.13244280550892,0.021170979971331993,-0.09713375406133468,0.0012085243,-6.717146
train,636,-0.8313211250174951,-0.06252535582992365,-0.01060409833181948,-0.16290204172210498,-0.33160470591649077,-0.154004957619176,-0.23828830500259338,-0.0830138992580636,-0.10712803420692575,-0.13244280550892,0.021170979971331993,-0.09713375406133468,0.0012085243,-6.717146
train,637,-0.8313211250174951,-0.06252535582992365,-0.01060409833181948,-0.16290204172210498,-0.33160470591649077,-0.154004957619176,-0.23828830500259338,-0.0830138992580636,-0.10712803420692575,-0.13244280550892,0.021170979971331993,-0.09713375406133468,0.0012085243,-6.717146
train,638,-0.8313211250174951,-0.06252535582992365,-0.01060409833181948,-0.16290204172210498,-0.33160470591649077,-0.154004957619176,-0.23828830500259338,-0.0830138992580636,-0.10712803420692575,-0.13244280550892,0.021170979971331993,-0.09713375406133468,0.0012085243,-6.717146
train,639,-0.8313211250174951,-0.06252535582992365,-0.01060409833181948,-0.16290204172210498,-0.33160470591649077,-0.154004957619176,-0.23828830500259338,-0.0830138992580636,-0.10712803420692575,-0.13244280550892,0.021170979971331993,-0.09713375406133468,0.0012085243,-6.717146
train,640,-0.8313211250174951,-0.06252535582992365,-0.01060409833181948,-0.16290204172210498,-0.33160470591649077,-0.154004957619176,-0.23828830500259338,-0.0830138992580636,-0.10712803420692575,-0.13244280550892,0.021170979971331993,-0.09713375406133468,0.0012085243,-6.717146
train,641,-0.8313211250174951,-0.06252535582992365,-0.01060409833181948,-0.16290204172210498,-0.33160470591649077,-0.154004957619176,-0.23828830500259338,-0.0830138992580636,-0.10712803420692575,-0.13244280550892,0.021170979971331993,-0.09713375406133468,0.0012085243,-6.717146
train,642,-0.8313211250174951,-0.06252535582992365,-0.01060409833181948,-0.16290204172210498,-0.33160470591649077,-0.154004957619176,-0.23828830500259338,-0.0830138992580636,-0.10712803420692575,-0.13244280550892,0.021170979971331993,-0.09713375406133468,0.0012085243,-6.717146
train,643,-0.8313211250174951,-0.06252535582992365,-0.01060409833181948,-0.16290204172210498,-0.33160470591649077,-0.154004957619176,-0.23828830500259338,-0.0830138992580636,-0.10712803420692575,-0.13244280550892,0.021170979971331993,-0.09713375406133468,0.0012085243,-6.717146
train,644,-0.8313211250174951,-0.06252535582992365,-0.01060409833181948,-0.16290204172210498,-0.33160470591649077,-0.154004957619176,-0.23828830500259338,-0.0830138992580636,-0.10712803420692575,-0.13244280550892,0.021170979971331993,-0.09713375406133468,0.0012085243,-6.717146
train,645,-0.8313211250174951,-0.06252535582992365,-0.01060409833181948,-0.16290204172210498,-0.33160470591649077,-0.154004957619176,-0.23828830500259338,-0.0830138992580636,-0.10712803420692575,-0.13244280550892,0.021170979971331993,-0.09713375406133468,0.0012085243,-6.717146
train,646,-0.8313211250174951,-0.06252535582992365,-0.01060409833181948,-0.16290204172210498,-0.33160470591649077,-0.154004957619176,-0.23828830500259338,-0.0830138992580636,-0.10712803420692575,-0.13244280550892,0.021170979971331993,-0.09713375406133468,0.0012085243,-6.717146
train,647,-0.8313211250174951,-0.06252535582992365,-0.01060409833181948,-0.16290204172210498,-0.33160470591649077,-0.154004957619176,-0.23828830500259338,-0.0830138992580636,-0.10712803420692575,-0.13244280550892,0.021170979971331993,-0.09713375406133468,0.0012085243,-6.717146
train,648,-0.8313211250174951,-0.06252535582992365,-0.01060409833181948,-0.16290204172210498,-0.33160470591649077,-0.154004957619176,-0.23828830500259338,-0.0830138992580636,-0.10712803420692575,-0.13244280550892,0.021170979971331993,-0.09713375406133468,0.0012085243,-6.717146
train,649,-0.8313211250174951,-0.06252535582992365,-0.01060409833181948,-0.16290204172210498,-0.33160470591649077,-0.154004957619176,-0.23828830500259338,-0.0830138992580636,-0.10712803420692575,-0.13244280550892,0.021170979971331993,-0.09713375406133468,0.0012085243,-6.717146
train,650,-0.8313211250174951,-0.06252535582992365,-0.01060409833181948,-0.16290204172210498,-0.33160470591649077,-0.154004957619176,-0.23828830500259338,-0.0830138992580636,-0.10712803420692575,-0.13244280550892,0.021170979971331993,-0.09713375406133468,0.0012085243,-6.717146
train,651,-0.8313211250174951,-0.06252535582992365,-0.01060409833181948,-0.16290204172210498,-0.33160470591649077,-0.154004957619176,-0.23828830500259338,-0.0830138992580636,-0.10712803420692575,-0.13244280550892,0.021170979971331993,-0.09713375406133468,0.0012085243,-6.717146
train,652,-0.8313211250174951,-0.06252535582992365,-0.01060409833181948,-0.16290204172210498,-0.33160470591649077,-0.154004957619176,-0.23828830500259338,-0.0830138992580636,-0.10712803420692575,-0.13244280550892,0.021170979971331993,-0.09713375406133468,0.0012085243,-6.717146
train,653,-0.8313211250174951,-0.06252535582992365,-0.01060409833181948,-0.16290204172210498,-0.33160470591649077,-0.154004957619176,-0.23828830500259338,-0.0830138992580636,-0.10712803420692575,-0.13244280550892,0.021170979971331993,-0.09713375406133468,0.0012085243,-6.717146
train,654,-0.8313211250174951,-0.06252535582992365,-0.01060409833181948,-0.16290204172210498,-0.33160470591649077,-0.154004957619176,-0.23828830500259338,-0.0830138992580636,-0.10712803420692575,-0.13244280550892,0.021170979971331993,-0.09713375406133468,0.0012085243,-6.717146
train,655,-0.8313211250174951,-0.06252535582992365,-0.01060409833181948,-0.16290204172210498,-0.33160470591649077,-0.154004957619176,-0.23828830500259338,-0.0830138992580636,-0.10712803420692575,-0.13244280550892,0.021170979971331993,-0.09713375406133468,0.0012085243,-6.717146
train,656,-0.8313211250174951,-0.06252535582992365,-0.01060409833181948,-0.16290204172210498,-0.33160470591649077,-0.154004957619176,-0.23828830500259338,-0.0830138992580636,-0.10712803420692575,-0.13244280550892,0.021170979971331993,-0.09713375406133468,0.0012085243,-6.717146
train,657,-0.8313211250174951,-0.06252535582992365,-0.01060409833181948,-0.16290204172210498,-0.33160470591649077,-0.154004957619176,-0.23828830500259338,-0.0830138992580636,-0.10712803420692575,-0.13244280550892,0.021170979971331993,-0.09713375406133468,0.0012085243,-6.717146
train,658,-0.8313211250174951,-0.06252535582992365,-0.01060409833181948,-0.16290204172210498,-0.33160470591649077,-0.154004957619176,-0.23828830500259338,-0.0830138992580636,-0.10712803420692575,-0.13244280550892,0.021170979971331993,-0.09713375406133468,0.0012085243,-6.717146
train,659,-0.8313211250174951,-0.06252535582992365,-0.01060409833181948,-0.16290204172210498,-0.33160470591649077,-0.154004957619176,-0.23828830500259338,-0.0830138992580636,-0.10712803420692575,-0.13244280550892,0.021170979971331993,-0.09713375406133468,0.0012085243,-6.717146
train,660,-0.8313211250174951,-0.06252535582992365,-0.01060409833181948,-0.16290204172210498,-0.33160470591649077,-0.154004957619176,-0.23828830500259338,-0.0830138992580636,-0.10712803420692575,-0.13244280550892,0.021170979971331993,-0.09713375406133468,0.0012085243,-6.717146
train,661,-0.8313211250174951,-0.06252535582992365,-0.01060409833181948,-0.16290204172210498,-0.33160470591649077,-0.154004957619176,-0.23828830500259338,-0.0830138992580636,-0.10712803420692575,-0.13244280550892,0.021170979971331993,-0.09713375406133468,0.0012085243,-6.717146
train,662,-0.8313211250174951,-0.06252535582992365,-0.01060409833181948,-0.16290204172210498,-0.33160470591649077,-0.154004957619176,-0.23828830500259338,-0.0830138992580636,-0.10712803420692575,-0.13244280550892,0.021170979971331993,-0.09713375406133468,0.0012085243,-6.717146
train,663,-0.8313211250174951,-0.06252535582992365,-0.01060409833181948,-0.16290204172210498,-0.33160470591649077,-0.154004957619176,-0.23828830500259338,-0.0830138992580636,-0.10712803420692575,-0.13244280550892,0.021170979971331993,-0.09713375406133468,0.0012085243,-6.717146
train,664,-0.8313211250174951,-0.06252535582992365,-0.01060409833181948,-0.16290204172210498,-0.33160470591649077,-0.154004957619176,-0.23828830500259338,-0.0830138992580636,-0.10712803420692575,-0.13244280550892,0.021170979971331993,-0.09713375406133468,0.0012085243,-6.717146
train,665,-0.8313211250174951,-0.06252535582992365,-0.01060409833181948,-0.16290204172210498,-0.33160470591649077,-0.154004957619176,-0.23828830500259338,-0.0830138992580636,-0.10712803420692575,-0.13244280550892,0.021170979971331993,-0.09713375406133468,0.0012085243,-6.717146
train,666,-0.8313211250174951,-0.06252535582992365,-0.01060409833181948,-0.16290204172210498,-0.33160470591649077,-0.154004957619176,-0.23828830500259338,-0.0830138992580636,-0.10712803420692575,-0.13244280550892,0.021170979971331993,-0.09713375406133468,0.0012085243,-6.717146
train,667,-0.8313211250174951,-0.06252535582992365,-0.01060409833181948,-0.16290204172210498,-0.33160470591649077,-0.154004957619176,-0.23828830500259338,-0.0830138992580636,-0.10712803420692575,-0.13244280550892,0.021170979971331993,-0.09713375406133468,0.0012085243,-6.717146
train,668,-0.8313211250174951,-0.06252535582992365,-0.01060409833181948,-0.16290204172210498,-0.33160470591649077,-0.154004957619176,-0.23828830500259338,-0.0830138992580636,-0.10712803420692575,-0.13244280550892,0.021170979971331993,-0.09713375406133468,0.0012085243,-6.717146
train,669,-0.8313211250174951,-0.06252535582992365,-0.01060409833181948,-0.16290204172210498,-0.33160470591649077,-0.154004957619176,-0.23828830500259338,-0.0830138992580636,-0.10712803420692575,-0.13244280550892,0.021170979971331993,-0.09713375406133468,0.0012085243,-6.717146
train,670,-0.8313211250174951,-0.06252535582992365,-0.01060409833181948,-0.16290204172210498,-0.33160470591649077,-0.154004957619176,-0.23828830500259338,-0.0830138992580636,-0.10712803420692575,-0.13244280550892,0.021170979971331993,-0.09713375406133468,0.0012085243,-6.717146
train,671,-0.8313211250174951,-0.06252535582992365,-0.01060409833181948,-0.16290204172210498,-0.33160470591649077,-0.154004957619176,-0.23828830500259338,-0.0830138992580636,-0.10712803420692575,-0.13244280550892,0.021170979971331993,-0.09713375406133468,0.0012085243,-6.717146
train,672,-0.8313211250174951,-0.06252535582992365,-0.01060409833181948,-0.16290204172210498,-0.33160470591649077,-0.154004957619176,-0.23828830500259338,-0.0830138992580636,-0.10712803420692575,-0.13244280550892,0.021170979971331993,-0.09713375406133468,0.0012085243,-6.717146
train,673,-0.8313211250174951,-0.06252535582992365,-0.01060409833181948,-0.16290204172210498,-0.33160470591649077,-0.154004957619176,-0.23828830500259338,-0.0830138992580636,-0.10712803420692575,-0.13244280550892,0.021170979971331993,-0.09713375406133468,0.0012085243,-6.717146
train,674,-0.8313211250174951,-0.06252535582992365,-0.01060409833181948,-0.16290204172210498,-0.33160470591649077,-0.154004957619176,-0.23828830500259338,-0.0830138992580636,-0.10712803420692575,-0.13244280550892,0.021170979971331993,-0.09713375406133468,0.0012085243,-6.717146
train,675,-0.8313211250174951,-0.06252535582992365,-0.01060409833181948,-0.16290204172210498,-0.33160470591649077,-0.154004957619176,-0.23828830500259338,-0.0830138992580636,-0.10712803420692575,-0.13244280550892,0.021170979971331993,-0.09713375406133468,0.0012085243,-6.717146
train,676,-0.8313211250174951,-0.06252535582992365,-0.01060409833181948,-0.16290204172210498,-0.33160470591649077,-0.154004957619176,-0.23828830500259338,-0.0830138992580636,-0.10712803420692575,-0.13244280550892,0.021170979971331993,-0.09713375406133468,0.0012085243,-6.717146
train,677,-0.8313211250174951,-0.06252535582992365,-0.01060409833181948,-0.16290204172210498,-0.33160470591649077,-0.154004957619176,-0.23828830500259338,-0.0830138992580636,-0.10712803420692575,-0.13244280550892,0.021170979971331993,-0.09713375406133468,0.0012085243,-6.717146
train,678,-0.8313211250174951,-0.06252535582992365,-0.01060409833181948,-0.16290204172210498,-0.33160470591649077,-0.154004957619176,-0.23828830500259338,-0.0830138992580636,-0.10712803420692575,-0.13244280550892,0.021170979971331993,-0.09713375406133468,0.0012085243,-6.717146
train,679,-0.8313211250174951,-0.06252535582992365,-0.01060409833181948,-0.16290204172210498,-0.33160470591649077,-0.154004957619176,-0.23828830500259338,-0.0830138992580636,-0.10712803420692575,-0.13244280550892,0.021170979971331993,-0.09713375406133468,0.0012085243,-6.717146
train,680,-0.8313211250174951,-0.06252535582992365,-0.01060409833181948,-0.16290204172210498,-0.33160470591649077,-0.154004957619176,-0.23828830500259338,-0.0830138992580636,-0.10712803420692575,-0.13244280550892,0.021170979971331993,-0.09713375406133468,0.0012085243,-6.717146
train,681,-0.8313211250174951,-0.06252535582992365,-0.01060409833181948,-0.16290204172210498,-0.33160470591649077,-0.154004957619176,-0.23828830500259338,-0.0830138992580636,-0.10712803420692575,-0.13244280550892,0.021170979971331993,-0.09713375406133468,0.0012085243,-6.717146
train,682,-0.8313211250174951,-0.06252535582992365,-0.01060409833181948,-0.16290204172210498,-0.33160470591649077,-0.154004957619176,-0.23828830500259338,-0.0830138992580636,-0.10712803420692575,-0.13244280550892,0.021170979971331993,-0.09713375406133468,0.0012085243,-6.717146
train,683,-0.8313211250174951,-0.06252535582992365,-0.01060409833181948,-0.16290204172210498,-0.33160470591649077,-0.154004957619176,-0.23828830500259338,-0.0830138992580636,-0.10712803420692575,-0.13244280550892,0.021170979971331993,-0.09713375406133468,0.0012085243,-6.717146
train,684,-0.8313211250174951,-0.06252535582992365,-0.01060409833181948,-0.16290204172210498,-0.33160470591649077,-0.154004957619176,-0.23828830500259338,-0.0830138992580636,-0.10712803420692575,-0.13244280550892,0.021170979971331993,-0.09713375406133468,0.0012085243,-6.717146
train,685,-0.8313211250174951,-0.06252535582992365,-0.01060409833181948,-0.16290204172210498,-0.33160470591649077,-0.154004957619176,-0.23828830500259338,-0.0830138992580636,-0.10712803420692575,-0.13244280550892,0.021170979971331993,-0.09713375406133468,0.0012085243,-6.717146
train,686,-0.8313211250174951,-0.06252535582992365,-0.01060409833181948,-0.16290204172210498,-0.33160470591649077,-0.154004957619176,-0.23828830500259338,-0.0830138992580636,-0.10712803420692575,-0.13244280550892,0.021170979971331993,-0.09713375406133468,0.0012085243,-6.717146
train,687,-0.8313211250174951,-0.06252535582992365,-0.01060409833181948,-0.16290204172210498,-0.33160470591649077,-0.154004957619176,-0.23828830500259338,-0.0830138992580636,-0.10712803420692575,-0.13244280550892,0.021170979971331993,-0.09713375406133468,0.0012085243,-6.717146
train,688,-0.8313211250174951,-0.06252535582992365,-0.01060409833181948,-0.16290204172210498,-0.33160470591649077,-0.154004957619176,-0.23828830500259338,-0.0830138992580636,-0.10712803420692575,-0.13244280550892,0.021170979971331993,-0.09713375406133468,0.0012085243,-6.717146
train,689,-0.8313211250174951,-0.06252535582992365,-0.01060409833181948,-0.16290204172210498,-0.33160470591649077,-0.154004957619176,-0.23828830500259338,-0.0830138992580636,-0.10712803420692575,-0.13244280550892,0.021170979971331993,-0.09713375406133468,0.0012085243,-6.717146
train,690,-0.8313211250174951,-0.06252535582992365,-0.01060409833181948,-0.16290204172210498,-0.33160470591649077,-0.154004957619176,-0.23828830500259338,-0.0830138992580636,-0.10712803420692575,-0.13244280550892,0.021170979971331993,-0.09713375406133468,0.0012085243,-6.717146
train,691,-0.8313211250174951,-0.06252535582992365,-0.01060409833181948,-0.16290204172210498,-0.33160470591649077,-0.154004957619176,-0.23828830500259338,-0.0830138992580636,-0.10712803420692575,-0.13244280550892,0.021170979971331993,-0.09713375406133468,0.0012085243,-6.717146
train,692,-0.8313211250174951,-0.06252535582992365,-0.01060409833181948,-0.16290204172210498,-0.33160470591649077,-0.154004957619176,-0.23828830500259338,-0.0830138992580636,-0.10712803420692575,-0.13244280550892,0.021170979971331993,-0.09713375406133468,0.0012085243,-6.717146
train,693,-0.8313211250174951,-0.06252535582992365,-0.01060409833181948,-0.16290204172210498,-0.33160470591649077,-0.154004957619176,-0.23828830500259338,-0.0830138992580636,-0.10712803420692575,-0.13244280550892,0.021170979971331993,-0.09713375406133468,0.0012085243,-6.717146
train,694,-0.8313211250174951,-0.06252535582992365,-0.01060409833181948,-0.16290204172210498,-0.33160470591649077,-0.154004957619176,-0.23828830500259338,-0.0830138992580636,-0.10712803420692575,-0.13244280550892,0.021170979971331993,-0.09713375406133468,0.0012085243,-6.717146
train,695,-0.8313211250174951,-0.06252535582992365,-0.01060409833181948,-0.16290204172210498,-0.33160470591649077,-0.154004957619176,-0.23828830500259338,-0.0830138992580636,-0.10712803420692575,-0.13244280550892,0.021170979971331993,-0.09713375406133468,0.0012085243,-6.717146
train,696,-0.8313211250174951,-0.06252535582992365,-0.01060409833181948,-0.16290204172210498,-0.33160470591649077,-0.154004957619176,-0.23828830500259338,-0.0830138992580636,-0.10712803420692575,-0.13244280550892,0.021170979971331993,-0.09713375406133468,0.0012085243,-6.717146
train,697,-0.8313211250174951,-0.06252535582992365,-0.01060409833181948,-0.16290204172210498,-0.33160470591649077,-0.154004957619176,-0.23828830500259338,-0.0830138992580636,-0.10712803420692575,-0.13244280550892,0.021170979971331993,-0.09713375406133468,0.0012085243,-6.717146
train,698,-0.8313211250174951,-0.06252535582992365,-0.01060409833181948,-0.16290204172210498,-0.33160470591649077,-0.154004957619176,-0.23828830500259338,-0.0830138992580636,-0.10712803420692575,-0.13244280550892,0.021170979971331993,-0.09713375406133468,0.0012085243,-6.717146
train,699,-0.8313211250174951,-0.06252535582992365,-0.01060409833181948,-0.16290204172210498,-0.33160470591649077,-0.154004957619176,-0.23828830500259338,-0.0830138992580636,-0.10712803420692575,-0.13244280550892,0.021170979971331993,-0.09713375406133468,0.0012085243,-6.717146
train,700,-0.8313211250174951,-0.06252535582992365,-0.01060409833181948,-0.16290204172210498,-0.33160470591649077,-0.154004957619176,-0.23828830500259338,-0.0830138992580636,-0.10712803420692575,-0.13244280550892,0.021170979971331993,-0.09713375406133468,0.0012085243,-6.717146
train,701,-0.8313211250174951,-0.06252535582992365,-0.01060409833181948,-0.16290204172210498,-0.33160470591649077,-0.154004957619176,-0.23828830500259338,-0.0830138992580636,-0.10712803420692575,-0.13244280550892,0.021170979971331993,-0.09713375406133468,0.0012085243,-6.717146
train,702,-0.8313211250174951,-0.06252535582992365,-0.01060409833181948,-0.16290204172210498,-0.33160470591649077,-0.154004957619176,-0.23828830500259338,-0.0830138992580636,-0.10712803420692575,-0.13244280550892,0.021170979971331993,-0.09713375406133468,0.0012085243,-6.717146
train,703,-0.8313211250174951,-0.06252535582992365,-0.01060409833181948,-0.16290204172210498,-0.33160470591649077,-0.154004957619176,-0.23828830500259338,-0.0830138992580636,-0.10712803420692575,-0.13244280550892,0.021170979971331993,-0.09713375406133468,0.0012085243,-6.717146
train,704,-0.8313211250174951,-0.06252535582992365,-0.01060409833181948,-0.16290204172210498,-0.33160470591649077,-0.154004957619176,-0.23828830500259338,-0.0830138992580636,-0.10712803420692575,-0.13244280550892,0.021170979971331993,-0.09713375406133468,0.0012085243,-6.717146
train,705,-0.8313211250174951,-0.06252535582992365,-0.01060409833181948,-0.16290204172210498,-0.33160470591649077,-0.154004957619176,-0.23828830500259338,-0.0830138992580636,-0.10712803420692575,-0.13244280550892,0.021170979971331993,-0.09713375406133468,0.0012085243,-6.717146
train,706,-0.8313211250174951,-0.06252535582992365,-0.01060409833181948,-0.16290204172210498,-0.33160470591649077,-0.154004957619176,-0.23828830500259338,-0.0830138992580636,-0.10712803420692575,-0.13244280550892,0.021170979971331993,-0.09713375406133468,0.0012085243,-6.717146
train,707,-0.8313211250174951,-0.06252535582992365,-0.01060409833181948,-0.16290204172210498,-0.33160470591649077,-0.154004957619176,-0.23828830500259338,-0.0830138992580636,-0.10712803420692575,-0.13244280550892,0.021170979971331993,-0.09713375406133468,0.0012085243,-6.717146
train,708,-0.8313211250174951,-0.06252535582992365,-0.01060409833181948,-0.16290204172210498,-0.33160470591649077,-0.154004957619176,-0.23828830500259338,-0.0830138992580636,-0.10712803420692575,-0.13244280550892,0.021170979971331993,-0.09713375406133468,0.0012085243,-6.717146
train,709,-0.8313211250174951,-0.06252535582992365,-0.01060409833181948,-0.16290204172210498,-0.33160470591649077,-0.154004957619176,-0.23828830500259338,-0.0830138992580636,-0.10712803420692575,-0.13244280550892,0.021170979971331993,-0.09713375406133468,0.0012085243,-6.717146
train,710,-0.8313211250174951,-0.06252535582992365,-0.01060409833181948,-0.16290204172210498,-0.33160470591649077,-0.154004957619176,-0.23828830500259338,-0.0830138992580636,-0.10712803420692575,-0.13244280550892,0.021170979971331993,-0.09713375406133468,0.0012085243,-6.717146
train,711,-0.8313211250174951,-0.06252535582992365,-0.01060409833181948,-0.16290204172210498,-0.33160470591649077,-0.154004957619176,-0.23828830500259338,-0.0830138992580636,-0.10712803420692575,-0.13244280550892,0.021170979971331993,-0.09713375406133468,0.0012085243,-6.717146
train,712,-0.8313211250174951,-0.06252535582992365,-0.01060409833181948,-0.16290204172210498,-0.33160470591649077,-0.154004957619176,-0.23828830500259338,-0.0830138992580636,-0.10712803420692575,-0.13244280550892,0.021170979971331993,-0.09713375406133468,0.0012085243,-6.717146
train,713,-0.8313211250174951,-0.06252535582992365,-0.01060409833181948,-0.16290204172210498,-0.33160470591649077,-0.154004957619176,-0.23828830500259338,-0.0830138992580636,-0.10712803420692575,-0.13244280550892,0.021170979971331993,-0.09713375406133468,0.0012085243,-6.717146
train,714,-0.8313211250174951,-0.06252535582992365,-0.01060409833181948,-0.16290204172210498,-0.33160470591649077,-0.154004957619176,-0.23828830500259338,-0.0830138992580636,-0.10712803420692575,-0.13244280550892,0.021170979971331993,-0.09713375406133468,0.0012085243,-6.717146
train,715,-0.8313211250174951,-0.06252535582992365,-0.01060409833181948,-0.16290204172210498,-0.33160470591649077,-0.154004957619176,-0.23828830500259338,-0.0830138992580636,-0.10712803420692575,-0.13244280550892,0.021170979971331993,-0.09713375406133468,0.0012085243,-6.717146
train,716,-0.8313211250174951,-0.06252535582992365,-0.01060409833181948,-0.16290204172210498,-0.33160470591649077,-0.154004957619176,-0.23828830500259338,-0.0830138992580636,-0.10712803420692575,-0.13244280550892,0.021170979971331993,-0.09713375406133468,0.0012085243,-6.717146
train,717,-0.8313211250174951,-0.06252535582992365,-0.01060409833181948,-0.16290204172210498,-0.33160470591649077,-0.154004957619176,-0.23828830500259338,-0.0830138992580636,-0.10712803420692575,-0.13244280550892,0.021170979971331993,-0.09713375406133468,0.0012085243,-6.717146
train,718,-0.8313211250174951,-0.06252535582992365,-0.01060409833181948,-0.16290204172210498,-0.33160470591649077,-0.154004957619176,-0.23828830500259338,-0.0830138992580636,-0.10712803420692575,-0.13244280550892,0.021170979971331993,-0.09713375406133468,0.0012085243,-6.717146
train,719,-0.8313211250174951,-0.06252535582992365,-0.01060409833181948,-0.16290204172210498,-0.33160470591649077,-0.154004957619176,-0.23828830500259338,-0.0830138992580636,-0.10712803420692575,-0.13244280550892,0.021170979971331993,-0.09713375406133468,0.0012085243,-6.717146
train,720,-0.8313211250174951,-0.06252535582992365,-0.01060409833181948,-0.16290204172210498,-0.33160470591649077,-0.154004957619176,-0.23828830500259338,-0.0830138992580636,-0.10712803420692575,-0.13244280550892,0.021170979971331993,-0.09713375406133468,0.0012085243,-6.717146
train,721,-0.8313211250174951,-0.06252535582992365,-0.01060409833181948,-0.16290204172210498,-0.33160470591649077,-0.154004957619176,-0.23828830500259338,-0.0830138992580636,-0.10712803420692575,-0.13244280550892,0.021170979971331993,-0.09713375406133468,0.0012085243,-6.717146
train,722,-0.8313211250174951,-0.06252535582992365,-0.01060409833181948,-0.16290204172210498,-0.33160470591649077,-0.154004957619176,-0.23828830500259338,-0.0830138992580636,-0.10712803420692575,-0.13244280550892,0.021170979971331993,-0.09713375406133468,0.0012085243,-6.717146
train,723,-0.2603581418227114,-3.226957121870117,2.315003606229636,0.5686381072708311,0.062814796904023,0.6962981734529554,0.12440534666402579,-0.0830138992580636,-0.10712803420692575,3.636686332758555,0.021170979971331993,-0.09713375406133468,0.0051049427,-5.272428
train,724,0.9397894141128537,-2.453301204380851,2.0360739766215072,-0.00831988165500961,0.21926402366976025,-0.013850501916301107,0.08630670123995464,-0.0830138992580636,-0.10712803420692575,2.1172085227262873,0.021170979971331993,-0.09713375406133468,0.0012140376,-6.712589
train,725,-0.44554193714338464,5.108004186466795,-0.033180115714371274,-0.2756772708066229,-0.2795054515117543,-0.24414206912068934,-0.22412723336579887,-0.0830138992580636,-0.10712803420692575,3.61950092987054,0.021170979971331993,-0.09713375406133468,0.025099413,-3.659491
train,726,-0.2092307795743353,4.5839335125406535,0.9885124094378965,0.20684138097741564,-0.050012927021666806,0.34130503024642883,0.016335398783851287,-0.0830138992580636,-0.10712803420692575,4.82454697486882,0.021170979971331993,-0.09713375406133468,0.005737616,-5.1549573
train,727,-0.1377992495431113,2.221335173671075,1.4251988156935915,0.45814114191616523,0.09703714490758646,0.6997676490088015,0.20378996022991705,-0.0830138992580636,-0.10712803420692575,15.827296563413242,0.021170979971331993,-0.09713375406133468,0.0022590377,-6.0905547
train,728,-0.3743550356396648,-1.905730496549611,1.1380387661454467,1.2307646140233834,0.1832241130478615,1.7100546427667775,0.34681830135459646,-0.0830138992580636,-0.10712803420692575,7.767641929261314,0.021170979971331993,-0.09713375406133468,0.0021574271,-6.136679
train,729,-0.01866515664856988,2.7447567554156334,0.19424981600807195,-0.25336426397446676,-0.20992057154729207,-0.178874689918812,-0.17470139914620347,-0.0830138992580636,-0.10712803420692575,2.9316248750329286,0.021170979971331993,-0.09713375406133468,0.08544155,-2.3706088
train,730,-0.15076456150083348,-1.1042110248375105,1.4744947062425218,-0.10823231085597543,-0.16468766481182237,-0.13286010981479168,-0.16510750284735648,-0.0830138992580636,-0.10712803420692575,0.7675913390654385,0.021170979971331993,-0.09713375406133468,0.07545441,-2.5057738
train,731,-0.4340443963506876,-0.5369998317733652,1.3051980538952008,1.1209615391935706,0.08726353851315839,1.6269216167008276,0.24937186539293923,-0.0830138992580636,-0.10712803420692575,4.27847073908455,0.021170979971331993,-0.09713375406133468,0.000573539,-7.463111
train,732,-0.20140266669420118,-1.0111726654588171,1.3590147415555793,0.05228650658537223,-0.11055206710321026,0.08699889384201784,-0.08241149704309683,-0.0830138992580636,-0.10712803420692575,2.19351870682115,0.021170979971331993,-0.09713375406133468,0.008932191,-4.709121
train,733,0.02561260682968884,-1.1691742188969554,1.2107249617256968,2.65545627266698,1.437439088079368,3.3812037896780724,1.7703507711641757,-0.0830138992580636,-0.10712803420692575,4.143561106816156,0.021170979971331993,-0.09713375406133468,0.014476418,-4.220652
train,734,-0.3606558380994301,0.841678649570199,0.32900249959512134,0.2710698247253982,-0.098657970987391,0.5068642757205039,0.003949080956757398,-0.0830138992580636,-0.10712803420692575,1.894697109517602,0.021170979971331993,-0.09713375406133468,0.011238137,-4.4771404
train,735,-0.4372245672082421,1.6901016027738993,1.3491665838770779,0.005921313503676777,-0.20533459179269603,0.012311187666368508,-0.15949969885947454,-0.0830138992580636,-0.10712803420692575,4.770994700619062,0.021170979971331993,-0.09713375406133468,0.021601195,-3.8131688
train,736,-0.5453503763650949,1.3035486567009225,0.9524234528470309,-0.2459557619534064,-0.28738997083295886,-0.2618044829850329,-0.23100553523674947,-0.0830138992580636,-0.10712803420692575,2.5737396025707864,0.021170979971331993,-0.09713375406133468,0.013939774,-4.258971
train,737,0.28271718923659445,-2.5084273659398755,1.5522316353761112,0.005333831337282619,0.024906835813279626,0.005279471084524463,-0.020552974563308308,-0.0830138992580636,-0.10712803420692575,1.3065777993657297,0.021170979971331993,-0.09713375406133468,0.020447522,-3.869234
train,738,-0.4724510751688457,-0.7046921997883635,1.2313754464309132,-0.19813137715909576,-0.26482190165529546,-0.2078454666479429,-0.2168250283474599,-0.0830138992580636,-0.10712803420692575,4.4211074473554675,0.021170979971331993,-0.09713375406133468,0.008069217,-4.811597
train,739,-0.386097204959866,0.9975074679011153,0.6083106866884815,-0.1688218303735439,-0.24016279400237125,-0.15462128821051152,-0.1965791212417303,-0.0830138992580636,-0.10712803420692575,6.609719668790921,0.021170979971331993,-0.09713375406133468,0.05023514,-2.9394996
train,740,-0.46217667701366966,2.8157747107539417,0.7043600828795428,-0.27391189666887317,-0.28132301413008964,-0.2674409748483988,-0.230211569957459,-0.0830138992580636,-0.10712803420692575,1.2104952865051988,0.021170979971331993,-0.09713375406133468,0.051988415,-2.9033458
train,741,-0.43282125371316665,-1.2216978617746153,1.6603322635834556,0.03951984363677022,-0.1951108020645599,0.053444635360701195,-0.14818723742417791,-0.0830138992580636,-0.10712803420692575,2.892471434923183,0.021170979971331993,-0.09713375406133468,0.010948661,-4.503529
train,742,-0.46266593406867806,-1.0426990628929695,1.8036940437283158,-0.16683188091770484,-0.25540591753530834,-0.22178919789930174,-0.2195113189757574,-0.0830138992580636,-0.10712803420692575,2.990259697099151,0.021170979971331993,-0.09713375406133468,0.002090747,-6.168141
train,743,-0.48639490123658463,-1.3151540406588247,1.305883961701027,-0.04254711752407981,-0.23209315256263255,-0.0778308781577514,-0.18911802590742582,-0.0830138992580636,-0.10712803420692575,1.0377029326848852,0.021170979971331993,-0.09713375406133468,0.0138460705,-4.265811
train,744,-0.4763651316089128,-0.5324528569165826,1.2646566452963084,-0.18952152366384548,-0.2635386687881837,-0.20425068683941844,-0.21624704339027773,-0.0830138992580636,-0.10712803420692575,1.7767992650020406,0.021170979971331993,-0.09713375406133468,0.008127825,-4.804301
train,745,-0.4700047898938038,-0.6189766241150292,0.845902810784101,-0.07525527628153467,-0.23514346019757026,-0.08005536144832887,-0.18729309091300433,-0.0830138992580636,-0.10712803420692575,3.749660092397521,0.021170979971331993,-0.09713375406133468,0.0751811,-2.5096982
train,746,-0.46535684787122417,-1.3995662496446106,1.5799914334167506,-0.13856841040148218,-0.24915383871390495,-0.15954041294184465,-0.20514998793938624,-0.0830138992580636,-0.10712803420692575,4.181623268133225,0.021170979971331993,-0.09713375406133468,0.0022967807,-6.0739474
train,747,-0.5316511788248601,0.1155575481434677,1.1071407106522195,-0.050028025768024356,-0.24662523886756346,-0.06799804071183745,-0.1936941391138633,-0.0830138992580636,-0.10712803420692575,1.8710525380406322,0.021170979971331993,-0.09713375406133468,0.0032710882,-5.719356
train,748,-0.5380115205399691,-0.990198323250008,1.0685215730842486,-0.16601426556551907,-0.27082154122415225,-0.21950412364944832,-0.22292239443971423,-0.0830138992580636,-0.10712803420692575,0.8626855342614606,0.021170979971331993,-0.09713375406133468,0.00214641,-6.14181
train,749,-0.4849271300715595,-1.4032907721920223,1.461844007670571,-0.014160184552768317,-0.2251973536472354,-0.044491068267952565,-0.18155885297775418,-0.0830138992580636,-0.10712803420692575,2.9653095636811284,0.021170979971331993,-0.09713375406133468,0.00093550433,-6.973489
train,750,-0.2212175774220407,-2.309067527540312,1.156964991011238,-0.07568028592544702,-0.16889498568759853,-0.1188762472668409,-0.16725361000072977,-0.0830138992580636,-0.10712803420692575,1.872007198884202,0.021170979971331993,-0.09713375406133468,0.035196893,-3.3109663
train,751,-0.21485723570693172,-1.808041552510339,0.7000444535031735,-0.10727550390212488,-0.18001914208315076,-0.11304038449886944,-0.16422345458583687,-0.0830138992580636,-0.10712803420692575,0.6477302655397029,0.021170979971331993,-0.09713375406133468,0.11320823,-2.0583813
train,752,-0.5470627760576242,-0.5792261745121547,0.5773064512644065,-0.24069556488003102,-0.28667051896320117,-0.26489270090437583,-0.23160783522078054,-0.0830138992580636,-0.10712803420692575,0.9106177920922282,0.021170979971331993,-0.09713375406133468,0.00080755824,-7.1206875
train,753,-0.4254823978880409,-2.87001323236427,0.7732924884627591,-0.17230850667285177,-0.2491832899600354,-0.19575450895782123,-0.210892983476548,-0.0830138992580636,-0.10712803420692575,2.468297962688708,0.021170979971331993,-0.09713375406133468,0.05560419,-2.8322868
train,754,-0.452391535913502,-2.508464674400073,0.02734115034470384,-0.2778556066596875,-0.28097380649740017,-0.2740433501970627,-0.23158971633353212,-0.0830138992580636,-0.10712803420692575,2.6895554439490135,0.021170979971331993,-0.09713375406133468,0.038579065,-3.2157025
train,755,-0.15345547530337958,-1.7252046988835867,2.0522245782679973,0.008183166822611868,-0.11340463065698651,0.0006326385537723559,-0.10780627458167358,-0.0830138992580636,-0.10712803420692575,2.730355916296623,0.021170979971331993,-0.09713375406133468,0.007768192,-4.8499193
train,756,-0.5942760818659333,1.631387457915884,0.23988457831641996,-0.26496758131465603,-0.29792089498502666,-0.271463020373871,-0.23370862838704876,-0.0830138992580636,-0.10712803420692575,3.2982575135876386,0.021170979971331993,-0.09713375406133468,0.008785884,-4.7257843
train,757,-0.4580179920460984,0.221283950175731,0.8277584452374374,-0.24359857713526456,-0.273308067861736,-0.25289107085258083,-0.2266637979279053,-0.0830138992580636,-0.10712803420692575,5.362653422638091,0.021170979971331993,-0.09713375406133468,0.017842403,-4.008174
train,758,-0.31833510284120486,-0.1816607890791825,1.283792129973563,-0.10213284150969754,-0.20372739521814953,-0.12269081629646793,-0.17980643545478647,-0.0830138992580636,-0.10712803420692575,0.9942026007862437,0.021170979971331993,-0.09713375406133468,0.011787009,-4.4289002
train,759,-0.607975279406168,0.6795942126977123,0.6059082723792043,-0.23406821550325496,-0.2953249780046727,-0.26655180758292185,-0.2332751962644832,-0.0830138992580636,-0.10712803420692575,0.4146688432440974,0.021170979971331993,-0.09713375406133468,0.001603567,-6.43392
validation,0,0.9361199862002908,-0.21772790957763433,-1.1251119581204203,-0.10896596396810945,0.10103409973957382,0.005303244632413506,0.10717931558597642,-0.09653358747760553,-0.0670939568543477,-0.13244280550892,-0.437335007321647,8.419361394318422,0.80596757,1.4240181
validation,1,0.8179644074157661,0.20836568978051143,-1.125103043833816,-0.15601432684593436,0.02103610060756554,-0.11356636397217847,-0.04068753561505404,-0.09501251248935011,-0.06782202669468841,-0.13244280550892,1.0465660632814255,-1.5733407339778012,0.9682408,3.4172983
validation,2,1.09072521558294,0.265303482856001,-1.125116686996294,0.07762980058252622,0.3749475180361062,0.1278546575247822,0.2873093734571844,-0.08398513382469604,-0.04486132418759406,-0.13244280550892,-0.22684205858537476,-0.24695533511687018,0.98217976,4.0094395
validation,3,1.0745797327676634,-0.1774751024606975,-1.1251224286619308,0.27879750820857946,0.6213787163720685,0.1330254467461218,0.28916629109640424,0.009534491686085786,0.09303687757115417,-0.13244280550892,-0.7220368298936708,0.4313182346838744,0.9860815,4.2605186
validation,4,1.1805038851769785,-0.30075802877932906,-1.1251164158600717,-0.07715373817029791,0.20298169188050644,-0.06710712776752358,0.06223397363361221,-0.009661981631190553,0.07416902273563572,-0.13244280550892,-1.1725016123777048,-0.3243449005063082,0.96522254,3.323389
validation,5,0.9016273638221998,0.6326947494289896,-1.1251071323088424,-0.12443991503279035,0.07494029566800996,-0.0916450610274633,-0.006486895028818824,-0.09293670068705674,-0.0630345005736479,-0.13244280550892,-0.015426019863119722,0.6359249823967159,0.87476236,1.9437392
validation,6,0.7868965844227338,-0.05654898108472773,-1.1251095104505795,1.218506008989445,1.4784604666181858,1.1764412751420856,1.2841448573709993,-0.004951626769315984,0.04461838957116295,-0.13244280550892,0.42871531578423083,3.0701725865682876,0.9833514,4.078641
validation,7,0.6386516967551935,0.6814977856422997,-1.1250993502528106,0.027057718267386427,0.15983140897854595,0.02605472860631746,0.06844927599057568,0.12780672987101022,0.182272116497973,-0.13244280550892,1.3839147713668392,1.8684351847706426,0.7753061,1.238519
validation,8,0.8730058261042093,0.14646726959607312,-1.1251081153891598,-0.19149022772189236,-0.006993071066855369,-0.17440722508446863,-0.1000861152130322,-0.06465841825841348,-0.026333975589485772,-0.13244280550892,0.021274817141241697,-0.09262556355884216,0.99018466,4.6139455
validation,9,0.8399809748911434,0.10840634238314804,-1.1251088908833837,-0.19652323756057394,-0.018819850048662212,-0.1687961853026233,-0.09679579739534817,-0.07648259357700012,-0.04324659903637083,-0.13244280550892,0.376074544092415,-1.5733407339778012,0.9946708,5.2292123
validation,10,1.0080407732865233,-0.6413269035502451,-1.12511959727015,0.02537613393600694,0.2812883480204527,0.1032474220221012,0.23589288895070026,-0.08811620041715948,-0.053441020753178636,-0.13244280550892,-0.054444275178994396,-1.5733407339778012,0.8908194,2.099138
validation,11,0.6371839255901685,0.29699658732401013,-1.1251044398579282,-0.12224972264357839,0.015019631755205603,-0.0748189118610925,-0.02613347445293734,-0.09480009438907959,-0.07188816125356343,-0.13244280550892,1.9255362505092735,-1.5733407339778012,0.9805166,3.9185174
validation,12,0.895511650634595,-0.18737592091965335,-1.1251119282778343,0.003825890127685029,0.21929768223676646,0.03886232821431182,0.13612359655170836,-0.08157150607492532,-0.04794863975878747,-0.13244280550892,0.3282354784913201,-1.5733407339778012,0.98686403,4.319178
validation,13,1.0706656763275963,-0.6404358623158461,-1.125119106994569,-0.14308306671000617,0.09125628602426998,-0.10475248331279369,0.00025761131077274563,-0.07984289313730832,-0.039392708237159756,-0.13244280550892,-0.26694841466221814,0.3796406672853969,0.9131544,2.3527734
validation,14,0.8465859451337566,0.015778511107290123,-1.1251086709290634,-0.23424769465802614,-0.059247996343995524,-0.20702592751493715,-0.13706098717208373,-0.09412000429145805,-0.06597691383884899,-0.13244280550892,0.3747680976864607,2.1609490269097797,0.99122953,4.727556
validation,15,0.7961924684678932,0.22258638311594273,-1.1251084492060726,0.23229998813310598,0.4323690333486995,0.23036036893474973,0.3129423795674362,0.042963899842913336,0.1060521541384499,-0.13244280550892,1.0804411009121069,-1.5733407339778012,0.9606969,3.1963549
validation,16,0.9437034705529208,-0.323782729086543,-1.1251177554453964,1.2866213825388082,1.7334409409737253,1.6954155579209933,2.0179438058984935,-0.031214824744063886,0.023119172805271235,-0.13244280550892,-0.2883734025741418,-1.5733407339778012,0.99470985,5.236604
validation,17,0.8150288650857159,0.8908461565942823,-1.1251039308992294,0.32305487528165944,0.5395589473008493,0.20606070831516005,0.2938613425143468,-0.05629095479199245,-0.01838406558118702,-0.13244280550892,0.7108395979119787,-0.017057047398949664,0.9144048,2.3686442
validation,18,0.9287811303751651,0.7943428692445971,-1.125108599595656,-0.19165335507572417,0.003441084705069556,-0.1519682117356415,-0.07042760129484411,-0.09214334426954456,-0.061259152948115125,-0.13244280550892,-0.11420137498261126,4.302862054129215,0.9059591,2.2652647
validation,19,1.0109763156165734,0.30184855796812865,-1.1251102798325217,0.24618694626654997,0.5500309689606562,0.35100199717989916,0.5271399490606357,-0.0772134748278862,-0.037756418349846915,-0.13244280550892,0.13406163563558643,-0.18763000933173823,0.9932828,4.996343
validation,20,0.9441927276079292,0.1620900092136907,-1.1251041807215736,1.5170776407584325,2.003340575154767,1.6972416254824076,2.0206291365024547,0.4835336535151516,0.7329270423045489,-0.13244280550892,-0.06380209974749808,0.5768152862157889,0.93850285,2.725295
validation,21,0.9852903202286334,-0.1570102986096949,-1.1251120694961692,0.3091721033225042,0.6130524283589075,0.3465362106551629,0.5113049680918733,0.40420501180553653,0.6404557951264448,-0.13244280550892,0.24032930677339917,4.657905364812908,0.99185586,4.802279
validation,22,0.8590620000364704,0.08257591043998525,-1.1251098322848085,-0.1674890892049626,0.017055975059081276,-0.1307920517544397,-0.05429519304852174,-0.09217964818659374,-0.06312371618170297,-0.13244280550892,0.37936748728461717,2.912643992810229,0.9405601,2.76151
validation,23,0.983577920536104,-0.056903633164879175,-1.1251107959290005,-0.23808722363307355,-0.04159828527011445,-0.19636472447051198,-0.11648205223569047,-0.09344063075165082,-0.061659600385002754,-0.13244280550892,-0.0642010201836571,1.185857914784198,0.9676615,3.398624
validation,24,0.8945331365245782,-0.3065554526111129,-1.1251119892334684,-0.061242614478908206,0.14506792002544733,-0.04942377839437906,0.03893936461664839,-0.07007362222795192,-0.032571496000094076,-0.13244280550892,0.2869320317033482,-1.5733407339778012,0.9804388,3.9144537
validation,25,0.8832802242593853,-0.052591543719840046,-1.1251105556382042,-0.18652503872182397,0.0005674845469144256,-0.14078480846901967,-0.06256343408356717,-0.04293713216942933,0.0030764223282599827,-0.13244280550892,-0.014730054689218461,-1.5733407339778012,0.99626464,5.586168
validation,26,0.8884174233369734,0.2009685806812761,-1.125108995820466,2.251440008232383,2.7612683943214673,2.8713755648103065,3.2347486388037634,-0.005052485102643054,0.054003682449598515,-0.13244280550892,0.030644362462909962,-0.8318509304091013,0.99281114,4.9280086
validation,27,0.6041590743771025,0.7340161067204608,-1.1250979303975313,-0.24599033323978162,-0.10969377364455192,-0.20096352935973993,-0.14614798642931348,-0.09496814329116773,-0.0728680030406052,-0.13244280550892,2.160710348979718,1.0675099335255929,0.9892191,4.5191426
validation,28,0.8047544669305399,-0.12321671189301941,-1.1251129981885064,-0.12280854034442448,0.053971008423141474,-0.061248205414239754,0.012205881352445826,-0.09665280240273601,-0.07022097251163036,-0.13244280550892,0.7053492250548733,-1.5733407339778012,0.88878334,2.0783732
validation,29,0.8659115988065877,-0.22947367011673006,-1.125110454474,-0.025329504708604476,0.17728337597126553,-0.04653262902510893,0.03746475465992131,-0.0008377582639792801,0.05745032720441025,-0.13244280550892,0.6504861422980914,3.566000995089062,0.98292047,4.0526476
validation,30,1.1335352078961736,-0.5026026106155901,-1.1251183423259379,0.10050448580837953,0.42026877850996724,0.13752268246762087,0.3111058697817854,-0.06774459176171252,-0.018692753304048067,-0.13244280550892,-0.8433312274994401,-0.29839941777055234,0.96472836,3.308767
validation,31,0.8732504546317136,-0.041482042849293195,-1.1251089379143258,-0.22135831096591135,-0.040458101312779104,-0.1914477769680481,-0.11855253965556371,-0.09276025957552368,-0.06352296032522568,-0.13244280550892,0.3514605522672138,-1.5733407339778012,0.9600565,3.1795259
validation,32,0.73356756542682,0.40036334885338254,-1.1251017635703486,0.04937564757829535,0.21455182428889094,0.11404623701204339,0.1758896197884662,-0.07864970484421074,-0.049947679620856,-0.13244280550892,0.6750494822830333,4.907664212437405,0.9622926,3.2394626
validation,33,0.9647415239182813,0.3700984229685647,-1.1251142397705798,2.3168398422076724,2.975850173627804,1.7110763202923627,2.0625865557262153,0.030884744173812942,0.11128122016478952,-0.13244280550892,0.5815623066310981,2.6458921816451446,0.9978642,6.1467695
validation,34,1.1044244131231749,-0.05730867285500846,-1.1251190562870363,0.10195627163002968,0.4109790140162534,0.1493433106843847,0.31752879312231636,0.35219504116279465,0.6112956306588836,-0.13244280550892,-0.2668513978804013,-1.5733407339778012,0.9808203,3.9345367
validation,35,0.9326951868152321,0.5028196228252735,-1.1251116014202507,2.1360023644628057,2.706863528076805,2.729672506622834,3.165082209054131,-0.03909684678461577,0.011513494250292947,-0.13244280550892,-0.2949410333541102,5.036386080598277,0.9921016,4.8331666
validation,36,0.752648590572147,0.31081626634105514,-1.1251065901424633,-0.1789502025739102,-0.016842409237047405,-0.14024052801128173,-0.07540283728251411,-0.0759000704457099,-0.04586809396115187,-0.13244280550892,1.0912330587478023,4.788610160608672,0.9980526,6.2393093
validation,37,1.0354391683669928,-0.6158785831932236,-1.1251230765798828,-0.26242103217611257,-0.06321129260897668,-0.2196924740046254,-0.14071619389009546,-0.0971467671441742,-0.06573323833750322,-0.13244280550892,-0.08037309564023742,-1.5733407339778012,0.46090826,-0.1566867
validation,38,0.803775952820523,0.2808386529485442,-1.1251046387343548,-0.1263314792138058,0.04994880966589945,-0.07171259711069151,0.0011665698980744413,-0.09496958019063884,-0.06810565153574902,-0.13244280550892,0.7441049921357885,-1.5733407339778012,0.96653795,3.3633087
validation,39,0.9613167245332226,-0.01899992070842229,-1.1251156247466185,0.16088353587347995,0.42561207602220297,-0.051342049175189385,0.04747842474383837,-0.0713678282580866,-0.03148821395843354,-0.13244280550892,-0.0535697672976882,3.3462436664797464,0.95508075,3.0569293
validation,40,0.7575411611222308,0.10723890961705113,-1.1251112764467537,-0.10028543041972025,0.06639943429018431,-0.03978754650973309,0.026678193717398144,-0.07633573451525606,-0.04621644739029174,-0.13244280550892,1.4842429840770581,0.8022603564370072,0.96861356,3.4294899
validation,41,0.7670816736948943,0.2000968864543369,-1.1251123344175504,0.5346925700038516,0.7368528451286216,0.5461259181958401,0.6243016518656463,1.0959522085490327,1.4093410971510902,-0.13244280550892,0.691180248683655,0.7708664338884258,0.9909649,4.697561
validation,42,0.7338121939543242,0.47792977116855206,-1.1251028347637873,0.02973060761259425,0.19439875729392303,0.07847142592339437,0.14051841188726527,-0.044652276821815294,-0.00861524013259334,-0.13244280550892,1.1382704536291692,2.465141546162587,0.9525611,2.9997113
validation,43,0.87887691076431,0.32913368732805826,-1.1251081276771855,0.6440461283767837,0.9346810727076176,0.6540717675440175,0.8021232243188364,0.2519720036497718,0.3944760557464964,-0.13244280550892,0.35528583162035227,2.1301437034930966,0.99420047,5.1441617
validation,44,0.7007873427412583,0.3534879395561766,-1.125100094064226,0.5556849828389465,0.7137083729909769,-0.001976114581056923,0.05408277172263012,0.09873666886960465,0.15991626659065314,-0.13244280550892,0.9859458038998942,1.7132898883145262,0.7966733,1.3656306
validation,45,0.9131249046148968,-0.04939875383351556,-1.1251081938893284,2.2798137588528005,2.83828340295255,2.7269431048333486,3.1242944390434606,-0.01927542716451291,0.03705021578792756,-0.13244280550892,8.01159918473757,0.582871165905003,0.98133457,3.9622402
validation,46,0.8703149123016632,0.07311515624536852,-1.1251023334138328,0.4184690137744737,0.6756826069157117,0.4870628685888837,0.6160486622215796,-0.04863713309226007,-0.005289449006381059,-0.13244280550892,0.7373203326633229,-1.5733407339778012,0.9878302,4.3965554
validation,47,0.9224207886600561,0.4895561523598988,-1.125106454681177,-0.09838883725872392,0.10989051018308268,-0.15586005711664125,-0.07537800241716017,-0.07753769681189374,-0.04153255061282733,-0.13244280550892,0.3897851162604403,0.6025463979008548,0.99687815,5.766202
validation,48,1.000212660406389,0.7759204158997559,-1.1251051244293,-0.0324243489785157,0.20899816073286637,-0.08380413858093046,0.01583970761581457,-0.002154756292805919,0.06860005211856839,-0.13244280550892,-0.058833177620973384,0.5292619657343819,0.78526676,1.2966269
validation,49,0.9011381067671914,0.2412452094971938,-1.125108424497185,-0.09994416326531044,0.10275910129864206,-0.13911393093152388,-0.05889093854301668,-0.0819825585741956,-0.04830886281747686,-0.13244280550892,0.10893020854497358,0.6299015375472349,0.99248075,4.882742
validation,50,1.0706656763275963,-0.19723521885747275,-1.1251114849738202,0.4828979901464025,0.8749413235924716,0.4988186375835262,0.7308684909007285,0.645690490460971,1.0322860098854072,-0.13244280550892,-0.9179080311096456,0.4059497105194201,0.9689867,3.4418344
validation,51,1.025654027266825,-0.48742641800544784,-1.1251193648116222,-0.09574512032854729,0.13911035366534824,-0.09383180164397067,0.007518707164753053,-0.04282165694309893,0.012393901030630572,-0.13244280550892,-0.14844922240097477,-0.23190987893941586,0.9739584,3.6216724
validation,52,0.9813762637885663,0.10801218214867392,-1.1251141703287133,-0.024002134302263962,0.21348737210731955,0.039885443943155754,0.15592108425539233,-0.08251801290932002,-0.04633846133749306,-0.13244280550892,-0.4153112331427107,1.8668478750309474,0.9846998,4.1644697
validation,53,0.9980110036588513,0.05616459757921328,-1.125109237215715,-0.1985830500338641,0.008275296391336387,-0.13927391610280576,-0.04904594347724877,-0.09592893600351145,-0.06483306316617073,-0.13244280550892,-0.7877092289732726,3.2340548437496897,0.51362354,0.0545076
validation,54,0.882790967204377,0.45661861262227216,-1.12511174106424,-0.07878078133119817,0.12203704555144851,-0.04285096335845921,0.04422355236615561,-0.08523008007869615,-0.05325482829486487,-0.13244280550892,0.5824028245785833,2.8478767361164556,0.98642933,4.286181
validation,55,-0.47098330400382055,0.2034924020645162,1.0019325303662863,-0.2433815041680311,-0.275281301352475,-0.2472861029129839,-0.22578214763110252,-0.0830138992580636,-0.10712803420692575,1.5355828815255728,0.021170979971331993,-0.09713375406133468,0.39291242,-0.4350864
validation,56,-0.6021041947460674,0.6853907912140306,1.2016696934373179,-0.21253109826495933,-0.29112186444977234,-0.2510887902320319,-0.23088766604797648,-0.0830138992580636,-0.10712803420692575,4.44736683441227,0.021170979971331993,-0.09713375406133468,0.0009617648,-6.9457784
validation,57,-0.5211321521421799,-0.8903496730815753,1.35594854898098,-0.177747569367412,-0.26971922315469893,-0.2186431256750936,-0.2218681451824984,-0.0830138992580636,-0.10712803420692575,4.058631291807134,0.021170979971331993,-0.09713375406133468,0.00097112963,-6.936079
validation,58,-0.576173570830623,-1.4031295604597411,0.6446249692387434,-0.25237640912520887,-0.29323393952941196,-0.27059722158309085,-0.2332182991016568,-0.0830138992580636,-0.10712803420692575,1.2047422697083106,0.021170979971331993,-0.09713375406133468,0.0021349113,-6.147193
validation,59,0.1352061871515668,-2.3746742673276553,1.655426553045595,-0.1079588237775709,-0.09437491833585085,-0.12984585374708937,-0.1325026868189361,-0.0830138992580636,-0.10712803420692575,1.4269901384723163,0.021170979971331993,-0.09713375406133468,0.057887487,-2.7896235
validation,60,-0.5309172932423476,0.7794467579352962,0.37366996162998145,-0.2660717007855565,-0.289136008996406,-0.2697125258251113,-0.23214987586068647,-0.0830138992580636,-0.10712803420692575,1.5505151527591134,0.021170979971331993,-0.09713375406133468,0.017916573,-4.00395
validation,61,-0.5747057996655979,3.090177628348292,1.2077393819527005,-0.241353436180775,-0.2911513156959028,-0.269975128885864,-0.23308753456416187,-0.0830138992580636,-0.10712803420692575,5.516459609167604,0.021170979971331993,-0.09713375406133468,0.0052541015,-5.2434783
validation,62,-0.5240676944722302,2.8506234844250917,-0.0028754461010361307,-0.29124716654749433,-0.2932591834546666,-0.27604724120487584,-0.2332486341937738,-0.0830138992580636,-0.10712803420692575,3.364541278988572,0.021170979971331993,-0.09713375406133468,0.032476485,-3.3942235
validation,63,-0.5089007257669703,-1.6990004523659952,1.5290031526024417,0.11302358256857276,-0.2055702017617395,0.008427726128388125,-0.17462622379078033,-0.0830138992580636,-0.10712803420692575,3.726771690350818,0.021170979971331993,-0.09713375406133468,0.0010632738,-6.845339
validation,64,-0.21045392221185627,-2.2374304742132387,1.0671133577030196,-0.22588990517401486,-0.22741040442789365,-0.23594369722856448,-0.21225820096593112,-0.0830138992580636,-0.10712803420692575,1.721913889290448,0.021170979971331993,-0.09713375406133468,0.18656582,-1.4724809
validation,65,-0.5986793953610087,0.3783215503728578,0.3969876614350076,-0.15375461399828758,-0.2815165508903753,-0.25532798451888755,-0.23140474605514819,-0.0830138992580636,-0.10712803420692575,3.9520360947729887,0.021170979971331993,-0.09713375406133468,0.011377488,-4.464676
validation,66,-0.4641337052337032,0.31458836849229754,1.536267257694643,0.06542543992221048,-0.19957476951375844,-0.01604314067300097,-0.17150552005435135,-0.0830138992580636,-0.10712803420692575,6.371266168821646,0.021170979971331993,-0.09713375406133468,0.018667161,-3.9621458
validation,67,-0.5575818027403044,0.46844957086125255,1.2871984070447646,-0.1465648061337216,-0.27137270025887894,-0.17814102189293732,-0.21674153976820204,-0.0830138992580636,-0.10712803420692575,1.7356045013257864,0.021170979971331993,-0.09713375406133468,0.0025217817,-5.9802647
validation,68,-0.5152610674820793,-0.923638378332481,0.8400643897717054,-0.05726222590914776,-0.24348237017335866,-0.08825284242806031,-0.19532936239966533,-0.0830138992580636,-0.10712803420692575,4.432643944107065,0.021170979971331993,-0.09713375406133468,0.024295516,-3.692868
validation,69,-0.5590495739053296,-0.262606409251145,1.167628365141859,-0.1376728725365864,-0.27010208935439456,-0.2240305333058388,-0.2248088799900315,-0.0830138992580636,-0.10712803420692575,3.719101504309878,0.021170979971331993,-0.09713375406133468,0.002188664,-6.122273
validation,70,-0.5925636821734039,-0.2442062501660104,1.0188233988147966,0.12068309013626093,-0.23707041315867577,-0.004690694452227435,-0.19313889289903083,-0.0830138992580636,-0.10712803420692575,1.4935509066048267,0.021170979971331993,-0.09713375406133468,0.008900154,-4.7127466
validation,71,-0.5886496257333368,0.07399414338783047,0.7485607066051783,-0.17659800340069107,-0.2830059424804001,-0.24151831143284253,-0.2289751676111769,-0.0830138992580636,-0.10712803420692575,2.8467973903250305,0.021170979971331993,-0.09713375406133468,0.008186585,-4.797038
validation,72,-0.28653339426565994,-2.039270554770735,1.4716562269926794,0.06685350843662186,-0.1352027601143829,0.047058396657056745,-0.11732569143793482,-0.0830138992580636,-0.10712803420692575,1.7893008973652633,0.021170979971331993,-0.09713375406133468,0.016085831,-4.1136
validation,73,-0.09180908637232324,-2.4247820557476025,1.6948618519220582,9.782799904179204e-05,-0.09749675042567678,-0.0578695071640502,-0.1234738591673193,-0.0830138992580636,-0.10712803420692575,1.9589078493943395,0.021170979971331993,-0.09713375406133468,0.027051263,-3.5825977
validation,74,-0.5629636303453966,2.1902046673339552,0.03761569443323542,0.36695463349133345,-0.1818493266641134,0.2377702960671825,-0.14613142286533418,-0.0830138992580636,-0.10712803420692575,1.8461342773013116,0.021170979971331993,-0.09713375406133468,0.009825217,-4.6129293
validation,75,-0.47171718958633313,1.4685565289290199,0.4322718292738363,-0.13708261011903808,-0.2502351201789794,-0.16824726819603414,-0.20771859383773508,-0.0830138992580636,-0.10712803420692575,2.821501355075136,0.021170979971331993,-0.09713375406133468,0.027943868,-3.5492158
validation,76,-0.5605173450703548,-0.37124232705114146,0.4625628625604848,0.7410369026132853,-0.11380432614018525,0.5572378004516766,-0.09023192655176782,-0.0830138992580636,-0.10712803420692575,2.8362839574925394,0.021170979971331993,-0.09713375406133468,0.0028361618,-5.8624635
validation,77,-0.5206428950871715,-1.7595068153660487,1.3666493136978815,-0.0044350327296275305,-0.23417998371701754,-0.11550747996898672,-0.201449777460474,-0.0830138992580636,-0.10712803420692575,2.085023100188028,0.021170979971331993,-0.09713375406133468,0.006126796,-5.0889378
validation,78,-0.45679484940857745,-1.5975185899125592,1.1324748087747334,-0.21225380478218897,-0.26538988997352525,-0.24815873329168683,-0.22549771212392258,-0.0830138992580636,-0.10712803420692575,2.993106770628701,0.021170979971331993,-0.09713375406133468,0.0054288716,-5.2105803
validation,79,-0.3931914322574876,-1.436470006039758,1.0936305274019005,-0.09479193029193107,-0.22027058090170148,-0.1413223406989225,-0.19353545841019823,-0.0830138992580636,-0.10712803420692575,1.703898662792009,0.021170979971331993,-0.09713375406133468,0.013129227,-4.3196983
validation,80,-0.25253002894257726,-1.3037856214624928,0.16610916437233125,-0.2563667087876933,-0.24608249447458833,-0.2588259729608658,-0.22245116502713672,-0.0830138992580636,-0.10712803420692575,0.3225753237751783,0.021170979971331993,-0.09713375406133468,0.71658576,0.92758834
validation,81,-0.4303749684381247,-0.14344624096586447,1.3100375077485826,-0.11708226921914851,-0.23560205817302987,-0.1959434338844293,-0.21127145525394303,-0.0830138992580636,-0.10712803420692575,1.622656451913618,0.021170979971331993,-0.09713375406133468,0.010108917,-4.584177
validation,82,-0.31857973136870904,-0.569805199744547,1.9105357762573576,-0.02599554667224157,-0.17809218912204527,-0.06198618500745593,-0.16002496632310073,-0.0830138992580636,-0.10712803420692575,3.9778650022851294,0.021170979971331993,-0.09713375406133468,0.011837174,-4.4246025
validation,83,-0.5181966098121296,-0.09074722541383515,1.0173046233354655,0.050245759489363974,-0.22214283869142187,-0.08699926874355321,-0.1954785476661213,-0.0830138992580636,-0.10712803420692575,0.5650402438040011,0.021170979971331993,-0.09713375406133468,0.0052965465,-5.2353897
validation,84,-0.3802261202997654,0.8583606079881534,1.3913421629076765,-0.18239089422816646,-0.24298590631001707,-0.2352478578977892,-0.21917619921433554,-0.0830138992580636,-0.10712803420692575,2.8244175753114846,0.021170979971331993,-0.09713375406133468,0.017677156,-4.017647
validation,85,-0.5257800941647596,-0.07872247392554556,0.9240983472438845,-0.09979094040830176,-0.25496835616422764,-0.2040523467652124,-0.2192769346936721,-0.0830138992580636,-0.10712803420692575,0.16108309791689648,0.021170979971331993,-0.09713375406133468,0.0019139961,-6.256646
validation,86,-0.039213952958921994,-1.4994437575974116,1.7502003064501268,0.01989718722446598,-0.07052361629107569,-0.028384212631970874,-0.10044396114006575,-0.0830138992580636,-0.10712803420692575,1.6058926226353938,0.021170979971331993,-0.09713375406133468,0.022463098,-3.7731621
validation,87,-0.5566032886302877,0.7458235741148719,1.0403378422256595,-0.17414060636830334,-0.2761438021320091,-0.24643072891039955,-0.22860418737739896,-0.0830138992580636,-0.10712803420692575,-0.01897205167466021,0.021170979971331993,-0.09713375406133468,0.0017315568,-6.3570013
validation,88,-0.5142825533720625,1.293213477511528,1.0566860203185995,-0.2188325575479223,-0.2769263638149035,-0.2653483704073517,-0.23092939566474438,-0.0830138992580636,-0.10712803420692575,2.7488908218690002,0.021170979971331993,-0.09713375406133468,0.0020111995,-6.2070107
validation,89,-0.5079222116569535,2.0037117100325736,1.0359685512519707,-0.07308083154197706,-0.2448034689283524,-0.15613753066822972,-0.20830392780217005,-0.0830138992580636,-0.10712803420692575,0.7040453628828836,0.021170979971331993,-0.09713375406133468,0.07951107,-2.4490087
validation,90,-0.5199090095046589,-1.380092359061765,1.3199446885575428,-0.16896260035564367,-0.2676744652090717,-0.2204048253014769,-0.22215255134395626,-0.0830138992580636,-0.10712803420692575,1.687105315990391,0.021170979971331993,-0.09713375406133468,0.0021484483,-6.1408587
validation,91,-0.38144926293728637,-1.4714132942686644,1.2276507494474609,-0.1511877416172461,-0.23398644695673182,-0.1913842746898367,-0.20666936689123733,-0.0830138992580636,-0.10712803420692575,2.0294969319137284,0.021170979971331993,-0.09713375406133468,0.013634572,-4.2814183
validation,92,-0.6182496775613441,0.36604533569049286,2.047904144696898,-0.0617633605821278,-0.2728284332818975,-0.2291608752714216,-0.2284354159375916,-0.0830138992580636,-0.10712803420692575,3.016768143911853,0.021170979971331993,-0.09713375406133468,0.013092023,-4.3225737
validation,93,-0.5433933481450614,0.21694315785283816,1.682711441976303,-0.07106385645700933,-0.25394176987053824,-0.14972699923067856,-0.2104179810425629,-0.0830138992580636,-0.10712803420692575,5.544128335378511,0.021170979971331993,-0.09713375406133468,0.001108587,-6.80356
validation,94,-0.5703024861705225,0.26596871045408815,1.4214751999117001,-0.07625197432443359,-0.2620913504069167,-0.20044344788163718,-0.221447696445821,-0.0830138992580636,-0.10712803420692575,3.8030369187381843,0.021170979971331993,-0.09713375406133468,0.0063107605,-5.0591683
validation,95,-0.3418194414816073,-1.7902274235809863,1.3972396751770382,-0.1076638722987287,-0.2113636826076833,-0.1639153749176524,-0.19532653682585566,-0.0830138992580636,-0.10712803420692575,0.4324207396937875,0.021170979971331993,-0.09713375406133468,0.006859628,-4.975219
validation,96,-0.6412447591467381,1.0581896392379948,1.439417054450841,-0.17099913213965032,-0.292838451367089,-0.2550676454457876,-0.23263270521796933,-0.0830138992580636,-0.10712803420692575,1.9089450867596933,0.021170979971331993,-0.09713375406133468,0.0014760013,-6.5169415
validation,97,-0.6498067576093848,2.806144743717766,1.5868266723289004,-0.19656328686010663,-0.29763900448634967,-0.2699043809803884,-0.23460141748149593,-0.0830138992580636,-0.10712803420692575,0.6719223688736171,0.021170979971331993,-0.09713375406133468,0.005233097,-5.247505
validation,98,-0.590117396898362,0.43540557252522155,1.196972188824856,-0.19952423506616893,-0.2869397874992508,-0.2675480283743465,-0.23302729618126675,-0.0830138992580636,-0.10712803420692575,0.7844942621113261,0.021170979971331993,-0.09713375406133468,0.00869529,-4.7362404
validation,99,-0.3628574948469678,-2.1214557588035805,1.5428824063757889,-0.023896569138862702,-0.19070152978674648,-0.08687954841744566,-0.17420520071639975,-0.0830138992580636,-0.10712803420692575,0.34534722218506037,0.021170979971331993,-0.09713375406133468,0.039813604,-3.1829188
validation,100,0.10169207888349249,-2.309377492833252,1.652879146763853,-0.12407110598529696,-0.11249584934781885,-0.16906353074055153,-0.15945811597131693,-0.0830138992580636,-0.10712803420692575,1.3875640500576254,0.021170979971331993,-0.09713375406133468,0.038960483,-3.2054677
validation,101,-0.5590495739053296,2.702135936983838,1.1146612949466579,-0.24296428503050235,-0.2889719234822507,-0.27231298890792494,-0.23317534115680844,-0.0830138992580636,-0.10712803420692575,1.166598784821341,0.021170979971331993,-0.09713375406133468,0.0050884043,-5.2756896
validation,102,-0.45141302180348525,3.0597623539910184,0.9613076711422004,-0.2022118272603077,-0.2619272648927614,-0.2411247125593713,-0.22361319692922926,-0.0830138992580636,-0.10712803420692575,3.149862843915607,0.021170979971331993,-0.09713375406133468,0.022371251,-3.7773533
validation,103,-0.5803322557981944,1.354981898900302,1.1380865678458534,-0.2433191073499825,-0.2923630241081263,-0.27317863221636407,-0.2337132817801181,-0.0830138992580636,-0.10712803420692575,-0.0009376049349324493,0.021170979971331993,-0.09713375406133468,0.035892624,-3.2906709
validation,104,-0.6818530947124339,-0.3108243688145056,1.9247908658911963,-0.15451340467554783,-0.2994986403134427,-0.25911818575170337,-0.23422629111641563,-0.0830138992580636,-0.10712803420692575,0.48997753392354726,0.021170979971331993,-0.09713375406133468,0.00529588,-5.235516
validation,105,-0.6860117796800052,0.5724347461857872,1.5902528702557375,-0.16158151544701532,-0.30106797100010724,-0.26481975243026457,-0.23486658542602112,-0.0830138992580636,-0.10712803420692575,-0.750115138130529,0.021170979971331993,-0.09713375406133468,0.01301448,-4.328593
validation,106,-0.4249931408330325,-1.5564117811738931,2.108493350581017,-0.08095262097975177,-0.22465040193338448,-0.131249772740411,-0.19417909393987243,-0.0830138992580636,-0.10712803420692575,0.16701220004481218,0.021170979971331993,-0.09713375406133468,0.010386344,-4.556823
validation,107,-0.6400216165092171,0.8993537700544413,1.35359534864899,-0.1604168887810916,-0.2912564987177972,-0.2668533525884598,-0.23403120494841337,-0.0830138992580636,-0.10712803420692575,2.5497343185157066,0.021170979971331993,-0.09713375406133468,0.0037987498,-5.5692773
validation,108,-0.42964108285561214,-0.7067702206188027,1.4014978690884579,-0.15603360562369184,-0.24572487220014735,-0.19393555954005026,-0.21070870911100148,-0.0830138992580636,-0.10712803420692575,1.3104658999517025,0.021170979971331993,-0.09713375406133468,0.038501814,-3.2177873
validation,109,-0.3633467519019762,-0.5173535353550267,1.8538897445146754,-0.14017375995411044,-0.22666570863288127,-0.16450412832889422,-0.1973912599074673,-0.0830138992580636,-0.10712803420692575,1.3808987918400024,0.021170979971331993,-0.09713375406133468,0.017207092,-4.045077
validation,110,-0.49153210031417266,0.5801786655967414,0.21676036653488437,-0.2569932525836874,-0.2815375874947542,-0.27431983187936115,-0.23234141958081161,-0.0830138992580636,-0.10712803420692575,-0.5855131572885098,0.021170979971331993,-0.09713375406133468,0.9196326,2.4373658
validation,111,-0.4643783337612074,0.6907604515967893,0.706270345182369,-0.2311945597450286,-0.2713053831248665,-0.2640351895909801,-0.2294643775668846,-0.0830138992580636,-0.10712803420692575,0.17018744222181884,0.021170979971331993,-0.09713375406133468,0.8091583,1.4445504
validation,112,-0.5700578576430183,1.5505828871294294,1.1081834053227588,-0.2467884894960333,-0.29135326709794,-0.2767905272437953,-0.2341265701606131,-0.0830138992580636,-0.10712803420692575,1.9739839565485795,0.021170979971331993,-0.09713375406133468,0.09341468,-2.2726367
validation,113,0.007999352849387029,-1.9629540491075066,1.946541975711238,0.01504063602178224,-0.0576450070903248,-0.025161219264278716,-0.09050617070890125,-0.0830138992580636,-0.10712803420692575,1.1333438843027606,0.021170979971331993,-0.09713375406133468,0.17068493,-1.5807807
validation,114,-0.5521999751352122,0.40428987607272704,0.49438289516704714,-0.2586719769798071,-0.2907852787797102,-0.27138352900831947,-0.2328816030557358,-0.0830138992580636,-0.10712803420692575,0.11307664228904224,0.021170979971331993,-0.09713375406133468,0.09339517,-2.272867
validation,115,-0.4890858150391308,1.9901979890609005,0.8057362558098453,-0.2709949248709402,-0.28433124855626957,-0.2710317566262112,-0.2315824344022155,-0.0830138992580636,-0.10712803420692575,3.5906542335541256,0.021170979971331993,-0.09713375406133468,0.055687394,-2.8307035
validation,116,-0.4521469073859978,0.9997112387303142,0.2684655036366274,-0.09481263747702826,-0.23525705786121623,-0.2303620551352562,-0.2210443269193819,-0.0830138992580636,-0.10712803420692575,0.575887875325765,0.021170979971331993,-0.09713375406133468,0.977429,3.7682586
validation,117,-0.4041997159951762,-1.869645339892497,1.4188104445435294,-0.10945966933077551,-0.2271916237423533,-0.13551310873872102,-0.19308076321587794,-0.0830138992580636,-0.10712803420692575,1.0012261370876403,0.021170979971331993,-0.09713375406133468,0.2418422,-1.1426061
validation,118,-0.24103248814988026,-1.7748170694879948,1.1085814746435851,-0.04602080853458209,-0.16265552882882248,-0.06544252468150029,-0.14948685045577512,-0.0830138992580636,-0.10712803420692575,0.5941774835376403,0.021170979971331993,-0.09713375406133468,0.68160474,0.76115644
validation,119,-0.5463288904751117,1.3961852763213471,0.4895443790436827,-0.2781415443759441,-0.29357893984122563,-0.2715513921225931,-0.23279832408877835,-0.0830138992580636,-0.10712803420692575,0.5026947363585763,0.021170979971331993,-0.09713375406133468,0.10992682,-2.0914888
validation,120,-0.29705242094834017,-0.05251903608443188,1.2409291162070815,0.18305103629843153,-0.09813205587791897,0.16167416080287247,-0.0806891546929936,-0.0830138992580636,-0.10712803420692575,0.8060839638649148,0.021170979971331993,-0.09713375406133468,0.3469932,-0.6322824
validation,121,-0.5216214091971882,-0.48630381645150955,0.9275635007199071,-0.1643073435581061,-0.2670770256447115,-0.18143179902212683,-0.21455961825717873,-0.0830138992580636,-0.10712803420692575,-0.060591740806134504,0.021170979971331993,-0.09713375406133468,0.11260421,-2.064412
validation,122,-0.3352144712389941,-1.2161369792139727,1.8263467828070572,0.030975051309779275,-0.164468884126282,-0.06445203898484986,-0.1633426050080217,-0.0830138992580636,-0.10712803420692575,1.4411907778638031,0.021170979971331993,-0.09713375406133468,0.07690363,-2.4851806
validation,123,-0.5013172414143403,0.697532590934723,1.1171081308416513,-0.2658703421812002,-0.2849076515162509,-0.2632498463647419,-0.23018771188542503,-0.0830138992580636,-0.10712803420692575,2.1900425125379375,0.021170979971331993,-0.09713375406133468,0.1626821,-1.6384058
validation,124,-0.48663952976408886,0.5739027984766644,0.8136620059627419,0.0018070978725893017,-0.2221007654826641,-0.091161808516312,-0.1920772443276101,-0.0830138992580636,-0.10712803420692575,0.6377961735659262,0.021170979971331993,-0.09713375406133468,0.9583396,3.1356504
validation,125,-0.5040081552168865,0.3836418697162852,0.41250820024577123,-0.26486455773792955,-0.28507173703040617,-0.26749880936064896,-0.2311388738132936,-0.0830138992580636,-0.10712803420692575,-0.7476565676736002,0.021170979971331993,-0.09713375406133468,0.95108676,2.9675572
validation,126,0.37200660177562445,-2.799051555413928,1.1601965568759691,-0.11446799102511192,-0.04140895583070452,-0.1459306521434402,-0.11890334680154911,-0.0830138992580636,-0.10712803420692575,0.3634279597037983,0.021170979971331993,-0.09713375406133468,0.5381397,0.15285571
validation,127,-0.08960742962478552,-1.0754987183434335,1.2965879830518372,-0.16401663912014383,-0.1769225539185795,-0.1944642559711767,-0.1876113620377183,-0.0830138992580636,-0.10712803420692575,0.49593063258777187,0.021170979971331993,-0.09713375406133468,0.35519958,-0.5962611
validation,128,-0.3268971013038516,1.4528344045940293,0.612814919009776,-0.060477067624050786,-0.19203104318349176,-0.12697892627725352,-0.1821591406837012,-0.0830138992580636,-0.10712803420692575,0.8490153268134923,0.021170979971331993,-0.09713375406133468,0.73598546,1.0252061
validation,129,-0.23247048968723355,1.8558199568373133,0.6445027620098255,0.10932979217269873,-0.09896931273219843,0.034717248622396016,-0.1100253016621175,-0.0830138992580636,-0.10712803420692575,0.8877009164937086,0.021170979971331993,-0.09713375406133468,0.7389111,1.0403166
validation,130,-0.4516576503309894,0.5296709962274602,0.26174673353576716,-0.06322105930560891,-0.22723790427198684,-0.14050184241812239,-0.19930924599429192,-0.0830138992580636,-0.10712803420692575,-0.45985638793100303,0.021170979971331993,-0.09713375406133468,0.9971187,5.8466325
validation,131,-0.31050698996107073,-1.4286642989821374,0.2098632480145793,-0.16973007131386472,-0.22494912171556458,-0.1537541042569864,-0.18921028885757935,-0.0830138992580636,-0.10712803420692575,-0.6705156145994831,0.021170979971331993,-0.09713375406133468,0.99719584,5.873843
validation,132,-0.45752873499109004,0.08054442345046828,0.7512590860495048,-0.21500970293661822,-0.2661976955816743,-0.26249660917640893,-0.22893364760670942,-0.0830138992580636,-0.10712803420692575,-0.676746414202367,0.021170979971331993,-0.09713375406133468,0.99587315,5.4861064
validation,133,-0.47220644664134154,-0.7732396778433548,0.6309405284374985,-0.12637974253737,-0.24781591067540812,-0.16065604661648436,-0.20602520313856607,-0.0830138992580636,-0.10712803420692575,-0.4185989530338057,0.021170979971331993,-0.09713375406133468,0.9967355,5.721383
validation,134,-0.5546462604102542,0.08312346090699096,0.6530385056503013,-0.11619681071064923,-0.26519635321323953,-0.243451201317937,-0.2280105527658673,-0.0830138992580636,-0.10712803420692575,-1.1442352777346174,0.021170979971331993,-0.09713375406133468,0.87771845,1.9709997
validation,135,-0.3168673316761797,-1.0493315422983667,1.2295832303349379,-0.11932820113059055,-0.20918429039403125,-0.14560928340843535,-0.18714292046873637,-0.0830138992580636,-0.10712803420692575,-0.21704668598015686,0.021170979971331993,-0.09713375406133468,0.99119157,4.723198
validation,136,-0.3354590997664983,0.26614482392567923,0.4122793819584847,-0.25043126874340244,-0.2563988452619915,-0.26666158119224453,-0.22719307737096156,-0.0830138992580636,-0.10712803420692575,-0.2933344185965178,0.021170979971331993,-0.09713375406133468,0.9986498,6.6061335
validation,137,0.06842259914292241,-0.04281264082351038,-0.1887027767213899,0.20955540394055766,0.07727535875406573,0.1232329591255813,0.005106727769525145,-0.0830138992580636,-0.10712803420692575,-1.060629822134661,0.021170979971331993,-0.09713375406133468,0.94225997,2.7923305
validation,138,0.3472991204977011,-1.0263161038200188,0.7268972782679732,0.07625229125493695,0.10059233104761732,0.07127489159341101,0.04157308867224617,-0.0830138992580636,-0.10712803420692575,4.078807293995042,0.021170979971331993,-0.09713375406133468,0.47615245,-0.095462665
validation,139,0.2562973082661417,1.729854345301453,-0.30477200631291845,-0.0898645767171751,-0.05170006269285306,0.009141543628346396,-0.02304336153563187,-0.0830138992580636,-0.10712803420692575,0.08387315695139153,0.021170979971331993,-0.09713375406133468,0.9694855,3.4585643
validation,140,0.6139442154772702,-0.9988572608114952,1.0745316292395473,-0.03546887771748293,0.09208933555767367,-0.055124619550165815,-0.011375921669571474,-0.0830138992580636,-0.10712803420692575,0.40742805382893754,0.021170979971331993,-0.09713375406133468,0.23957102,-1.1550328
validation,141,-0.2158357498169485,-0.980614508638468,-0.46137713582184176,1.6519384747820418,0.5324443676999118,1.2275660505307178,0.3607918747886639,-0.0830138992580636,-0.10712803420692575,-1.3592412201733894,0.021170979971331993,-0.09713375406133468,0.1888644,-1.457406
validation,142,-0.30170036297091984,3.218266543235496,0.2767299749808654,-0.27466497537162665,-0.2597268360747305,-0.27831206266581054,-0.23036468755067088,-0.0830138992580636,-0.10712803420692575,0.2671586399935369,0.021170979971331993,-0.09713375406133468,0.99454737,5.206189
validation,143,0.027569635049722374,1.060912702307389,-0.26134739827686093,-0.27898344582668144,-0.21748112716106185,-0.2395614018973125,-0.2042564903553636,-0.0830138992580636,-0.10712803420692575,-1.0438570246147534,0.021170979971331993,-0.09713375406133468,0.99678814,5.7376895
validation,144,-0.27503585347296294,-2.011271255869571,0.6933091470292863,-0.2041152681487407,-0.23027558994429723,-0.2159953918284437,-0.20790340061852466,-0.0830138992580636,-0.10712803420692575,0.8398585428739312,0.021170979971331993,-0.09713375406133468,0.9954444,5.386836
validation,145,-0.3841401767398325,-1.2584753290077244,0.538016859246716,-0.21784310490108366,-0.254190001802209,-0.2209824676215882,-0.2152821141265175,-0.0830138992580636,-0.10712803420692575,0.047789719664639026,0.021170979971331993,-0.09713375406133468,0.99451077,5.199463
validation,146,-0.29558464978331506,-0.2753728911508949,0.8116209130268204,-0.21057422751893873,-0.23629626611753293,-0.23540482440292643,-0.21564360730757837,-0.0830138992580636,-0.10712803420692575,-0.47161975834756176,0.021170979971331993,-0.09713375406133468,0.99258727,4.8971157
validation,147,-0.2305134614672,-0.2577409924320444,0.954924616268166,-0.1298616823219444,-0.1928009829037588,-0.10743226496148546,-0.1639600809226033,-0.0830138992580636,-0.10712803420692575,0.28470959840920573,0.021170979971331993,-0.09713375406133468,0.9365656,2.6922128
validation,148,-0.3572310387143714,0.06886585964983831,0.43116445710506934,-0.17917814400686016,-0.23746590132099873,-0.18762275055989378,-0.2038322602127866,-0.0830138992580636,-0.10712803420692575,-0.23712273312834,0.021170979971331993,-0.09713375406133468,0.9961481,5.5553317
validation,149,-0.30781607615852463,0.0305302212940446,0.7326383546419133,-0.1744305995064251,-0.22601778121801175,-0.14304822333189038,-0.18538979445619327,-0.0830138992580636,-0.10712803420692575,0.19938290649546633,0.021170979971331993,-0.09713375406133468,0.99165475,4.777683
validation,150,-0.447254336835914,0.9998521894072575,0.4499539844687151,-0.18214538606561878,-0.25609171083805987,-0.19006788760628363,-0.21097266549643023,-0.0830138992580636,-0.10712803420692575,-0.3351202571689647,0.021170979971331993,-0.09713375406133468,0.98399884,4.1189632
validation,151,-0.3927021752024792,-0.06953380443800673,0.9801195428084207,-0.11977786074185481,-0.22735991657738433,-0.10311118664976138,-0.1828188409000797,-0.0830138992580636,-0.10712803420692575,0.017356146023441307,0.021170979971331993,-0.09713375406133468,0.9894549,4.5414953
validation,152,-0.47196181811383736,0.8344921697819548,0.1278542917801322,-0.26480861760543006,-0.28050258655931326,-0.28050104967048706,-0.23341259293516348,-0.0830138992580636,-0.10712803420692575,0.023759124666081058,0.021170979971331993,-0.09713375406133468,0.98919976,4.517328
validation,153,0.09949042213595477,-1.917481060535615,1.4259653165845418,0.0006889314831655399,-0.03657474414443769,-0.0011725462156396476,-0.06018622517673318,-0.0830138992580636,-0.10712803420692575,1.3201248212577046,0.021170979971331993,-0.09713375406133468,0.12511611,-1.944849
validation,154,0.055701915712704435,-1.6769246575772134,1.1433087157195185,-0.08801895014786067,-0.10224681569442808,-0.05887015057307961,-0.10113662917905454,-0.0830138992580636,-0.10712803420692575,0.5906272084970606,0.021170979971331993,-0.09713375406133468,0.7139939,0.9148613
validation,155,-0.39686086017005046,2.9439454147207944,0.2509081681036661,-0.21451202420541823,-0.25543957610231455,-0.15024613102575815,-0.19637772993573135,-0.0830138992580636,-0.10712803420692575,-0.10691580776955824,0.021170979971331993,-0.09713375406133468,0.97266495,3.57187
validation,156,-0.21999443478451974,1.254187256133286,0.6366202418432559,-0.11745697657621605,-0.1853792688788896,-0.09565503038255564,-0.15807660741394505,-0.0830138992580636,-0.10712803420692575,0.92179279457721,0.021170979971331993,-0.09713375406133468,0.7058982,0.87554514
validation,157,-0.2339382608522587,-1.1847938838922623,0.4317196076532731,-0.19950674191167528,-0.22097741080883188,-0.15127422194634776,-0.1810521362027153,-0.0830138992580636,-0.10712803420692575,-0.4316130459187956,0.021170979971331993,-0.09713375406133468,0.8941126,2.1334553
validation,158,0.08114328257314038,-0.4105582341947249,-0.21587467404639576,-0.21969146558190897,-0.17475157634667898,-0.16257297974860824,-0.15742509465402102,-0.0830138992580636,-0.10712803420692575,-0.1900856373623714,0.021170979971331993,-0.09713375406133468,0.9989844,6.8912563
validation,159,-0.1678885584261269,-0.07484248489466017,-0.3186648752042335,-0.2156177956943102,-0.2157813695272483,-0.1720661828125764,-0.1835027597216489,-0.0830138992580636,-0.10712803420692575,-0.5466966926460124,0.021170979971331993,-0.09713375406133468,0.99882966,6.7492924
validation,160,0.10267059299350927,-0.7950066563289798,-0.21729910614013717,-0.26801162793099725,-0.20075702667985154,-0.24504226558234757,-0.20453869977991307,-0.0830138992580636,-0.10712803420692575,-0.8330783778469179,0.021170979971331993,-0.09713375406133468,0.9987533,6.686015
validation,161,-0.10844382624260829,-0.14517690140243017,-0.7081675903465848,-0.3326079382135302,-0.26106897143410307,-0.2898651370204294,-0.2327885016563806,-0.0830138992580636,-0.10712803420692575,-0.9627041584193291,0.021170979971331993,-0.09713375406133468,0.99863094,6.5922613
test,0,0.9314720441777112,0.34146125239418657,-1.1251134320004743,-0.20971369605665025,-0.0170022874303269,-0.1750924935122627,-0.09611394535106113,-0.09521093039692723,-0.06538852916826848,-0.13244280550892,-0.06831645743256627,0.5999456064687543,0.9820774,4.0036087
test,1,1.0760475039326884,-0.4253216542608206,-1.1251202894542809,-0.18582200940856372,0.038795202024216796,-0.1891728094047609,-0.10154568758332705,-0.09207806949964233,-0.05732465008840806,-0.13244280550892,-0.38642074725979453,2.363277798257766,0.9432742,2.811128
test,2,1.4217076132961115,0.9515008283973865,-1.1251297845901127,-0.21616242650480227,0.0609257098307995,-0.17201662258061812,-0.05216455947516555,-0.09920324388914933,-0.06076610349184549,-0.13244280550892,-1.2305514675332447,1.9360699677715019,0.115336634,-2.037352
test,3,0.9816208923160705,-0.21616334914342056,-1.1251226647977706,-0.08461816437099946,0.14122663606586366,-0.06317801461972192,0.03705868951929881,-0.06913411750438585,-0.0274865587340122,-0.13244280550892,-0.4497494435653078,3.9529186483124037,0.9326678,2.6284103
test,4,1.0063283735939939,0.2488853536554271,-1.1251225667887577,1.0695851963579273,1.543774915893735,0.15352464505987665,0.29425236168404506,0.09708075116768047,0.2108084249255469,-0.13244280550892,-0.22240622092828652,1.1590356117738483,0.98507684,4.1898055
test,5,0.9865134628661544,0.8888989804353274,-1.125131028917726,0.4036985410966916,0.7267931409146408,0.4282702624139792,0.6063697010589755,-0.03780702433145839,0.016954013300656726,-0.13244280550892,-0.006057698239511355,2.0380117355115948,0.9408709,2.7670825
test,6,1.1846625701445497,0.6272411792171086,-1.125140609219858,1.5764901706014618,2.3984164200319023,1.6338956735572783,2.245294765239933,0.5996125953248914,1.0284370439940396,-0.13244280550892,-1.255091055497177,-1.5733407339778012,0.7768674,1.2475034
test,7,1.0828971027028058,0.6276311067890641,-1.125137162009697,-0.18188894892181712,0.045080939412626406,-0.12931008636961558,-0.02812599028929981,-0.08444552323686827,-0.04579933434030018,-0.13244280550892,-1.0334917235853622,2.4744693332575056,0.56388,0.25692415
test,8,1.0745797327676634,-0.0983766384492977,-1.1251397740083617,0.11832997472884076,0.4200710344288058,0.16198245781590062,0.32429031159621013,0.4312123889766058,0.7171752015869768,-0.13244280550892,-0.6061253849874404,5.056772523969495,0.67611814,0.73598903
test,9,0.8328867475935219,0.548862714532468,-1.125133305651188,0.6557132445027355,0.9134088583596932,0.731785411822672,0.856455231465359,-0.0031021599999944854,0.051321369640174155,-0.13244280550892,0.8987028019897895,0.7187811501394706,0.96337885,3.2698207
test,10,1.0070622591765064,0.15668142951671138,-1.1251382424491696,0.5017180762213396,0.8573673442943545,0.5580721638536007,0.7677860800103208,-0.05986824143125543,-0.01314007871712258,-0.13244280550892,0.05624015540837193,1.188215196841771,0.9158343,2.3870482
test,11,0.907009191427292,0.3599434078199329,-1.1251381915682095,0.21716947308838266,0.46707522325297723,0.17250834427430486,0.2864723412346493,0.01311475268800648,0.08027131875688658,-0.13244280550892,0.117721020358586,2.063474316679808,0.76577556,1.1846094
test,12,1.0603912781724203,0.3276711953230938,-1.1251422286749522,-0.20280907115090788,0.01460310698850376,-0.1379534815362112,-0.041003048241894456,-0.10020438096087206,-0.06967190974922441,-0.13244280550892,-0.3730491986372583,-1.5733407339778012,0.051841784,-2.9063249
test,13,1.0914591011654526,0.5160739406796203,-1.1251419456289906,0.7465229353064796,1.2217802346288325,0.7752134770743089,1.079691933150864,0.8790780751468741,1.3932460943557528,-0.13244280550892,-0.5444353739313884,3.134692665766551,0.8543889,1.7694471
test,14,0.9483514125755004,0.3625325057584495,-1.1251430977236943,0.14966211482190975,0.4069904738260176,0.20366361829517526,0.33424015473464885,0.05336528925362026,0.14035849490941404,-0.13244280550892,-0.041739446478074385,2.6960474305688713,0.67635024,0.73704904
test,15,0.9229100457150645,0.17147627835483284,-1.125151355703123,-0.21741949959850168,-0.027428028560500275,-0.16057390593778081,-0.0805953028816029,-0.057284163527020746,-0.01392198734059016,-0.13244280550892,0.3278994172753998,0.5752272832467631,0.9314134,2.608606
test,16,0.825303263240892,0.7072171304379762,-1.125151361964626,-0.13917219014628437,0.04097038691699308,-0.09864027964788437,-0.024071333794866874,-0.09469466799400088,-0.06723820594394193,-0.13244280550892,0.5850625153298278,2.261971578581046,0.52270925,0.0908995
test,17,1.0391085962795557,0.2773280395637813,-1.1251553440404725,-0.2201666588975916,-0.010661854870532199,-0.20100619384190307,-0.11828032035325235,-0.08746656060947434,-0.051590561836818,-0.13244280550892,-0.5873925244873034,4.539198337297311,0.90089625,2.207223
test,18,1.0271217984318501,0.6977312551476632,-1.125150511313618,0.2422095068469468,0.552891947156184,0.25849246378608315,0.42443071418860623,-0.060589705520450364,-0.013155798885439796,-0.13244280550892,-0.005629727690822333,1.8532329943167969,0.88497394,2.0403996
test,19,1.0085300303415317,0.5526263351581494,-1.1251558269834685,-0.0211107537394341,0.2251542728958469,0.038509007219068164,0.1602145268902194,0.045244735221943964,0.13712417126883972,-0.13244280550892,-0.0499294406303476,1.2132120393190573,0.8118433,1.4620321
test,20,1.1484575480739294,-0.023983336197886375,-1.1251618477038523,-0.10720260000386805,0.15530853903708655,-0.07290724362763049,0.050138874367739894,-0.08171534268340426,-0.03950121091886372,-0.13244280550892,-0.8704640117597313,1.6444730605116094,0.38280758,-0.47764835
test,21,1.0503615085447484,0.2669522548421066,-1.1251622115291091,0.607213241974854,1.0160338291616258,0.6997239115247504,0.961118229051649,-0.05687054010884927,-0.006545781823820076,-0.13244280550892,-0.3071387726986443,-1.5733407339778012,0.92585945,2.5247598
test,22,1.062592934919958,0.6907041523397132,-1.1251629240681678,-0.16798851935914957,0.058413939267961124,-0.11393850003871346,-0.01182716245318081,-0.08919075979412837,-0.053429245668107785,-0.13244280550892,0.202444019999417,4.58578649676773,0.2516701,-1.0897248
test,23,1.1753666860993905,0.1660359380152021,-1.1251677583943194,-0.2506884923033332,-0.027596321395531323,-0.19027349559225068,-0.09583102324469024,-0.0902245083801811,-0.05184272915133896,-0.13244280550892,-0.9141338103510497,8.635585336372394,0.71105146,0.90049624
test,24,1.0092639159240442,0.35425276298183866,-1.1251647634795061,-0.027235984135717126,0.21795554687739385,0.013080556006220387,0.13058653671521867,-0.09224560692059049,-0.05930791821244374,-0.13244280550892,0.29024163417250703,1.8830335357234473,0.4988953,-0.0044188835
test,25,0.8847479954244105,0.6582583534909885,-1.1251646049619595,-0.037160722050892575,0.16956714948509202,0.022208040669506574,0.11560072871343184,-0.04084760307867075,0.005955490792751453,-0.13244280550892,0.06245510430415584,2.1489084795466202,0.52220714,0.08888699
test,26,1.0004572889338932,-0.3014778270439732,-1.1251691005220037,0.09208994855166892,0.359199515998076,0.19564099007746857,0.3416500837064204,0.13930218893700302,0.2698554656984983,-0.13244280550892,0.03850140347228771,-0.20348571899380039,0.6196178,0.4879264
test,27,1.011465572671582,0.18841951773582072,-1.1251702936494736,-0.26219820954398826,-0.0663878198701877,-0.2126286092323044,-0.13368472411898089,-0.09909418003749679,-0.06905181829847867,-0.13244280550892,-0.021896900751186006,4.6534595556670615,0.48531565,-0.05875421
test,28,1.102222756375637,-0.07196409226482103,-1.1251725029884834,-0.28825653968728354,-0.08649039901464628,-0.22489645668991237,-0.14362937306461515,-0.0871079654024027,-0.04917808756447348,-0.13244280550892,-0.3355819031334507,3.6712258701724614,0.715405,0.92178166
test,29,1.137693892863745,-0.5363087538918818,-1.1251735053961192,-0.09298656201406742,0.17108599232124722,-0.062376379958802575,0.06176738922961202,-0.0923272752535584,-0.056096070372935306,-0.13244280550892,-0.9143982202261192,0.9552651724297283,0.17291097,-1.5651355
test,30,0.9199745033850142,0.43248189728440334,-1.1251693727106924,-0.2990481380795788,-0.12203384577320345,-0.23517831263909156,-0.16401146108968262,-0.10326173551394276,-0.07661037432974743,-0.13244280550892,-0.026839687567043843,4.953344343771464,0.54829633,0.19378947
test,31,1.354434768232459,-0.6774070630767159,-1.1251734820202721,1.4514600187011268,2.448437257924005,1.5829820482188475,2.3836200645257777,-0.007180990049246971,0.09405433087080182,-0.13244280550892,-1.2162602863303547,1.8637588587940275,0.73112696,1.0003479
test,32,1.1171450965533927,0.18197538058844417,-1.1251739886492338,-0.2405994874819645,-0.02347735425814644,-0.1587941885809508,-0.06092798441648068,-0.09893925156570925,-0.06663380028170299,-0.13244280550892,-0.8596781004543235,3.0008119316227297,0.10292745,-2.1651125
test,33,1.108338469563242,-0.2987684136907201,-1.1251764083864624,0.05420313290868425,0.3515127407580329,0.15865664233488602,0.33014954973069366,-0.09227446028233129,-0.05677733210138123,-0.13244280550892,-0.6058946781563826,3.001428477338684,0.47609526,-0.09569194
test,34,0.9664539236108106,0.42031127851477407,-1.1251745245106601,-0.11995533894355759,0.0954551922582946,-0.052047423961786,0.04749029299228824,-0.09910958150132802,-0.07000336550153997,-0.13244280550892,0.046089394754855774,2.6692742511790692,0.17992602,-1.5168488
test,35,1.0016804315714143,0.4601990368312971,-1.1251769353690833,-0.05427818302788483,0.183064234854582,-0.1524061789671606,-0.06398612726572586,-0.07295447485159151,-0.03204369715043651,-0.13244280550892,-0.524338983414558,1.2128117300568584,0.9321827,2.620712
test,36,1.2289403336228084,-0.07218695306524198,-1.1251802553402124,-0.05290499920964297,0.2487363064045724,0.009766549949901863,0.1702669081737783,-0.018144202657256105,0.06496228999759938,-0.13244280550892,-0.5917528367617785,-1.5733407339778012,0.76313597,1.1699499
test,37,1.010487058561565,0.22483294172379353,-1.1251800980933129,0.09697631602592488,0.36890580525849165,0.18320530622917103,0.33024862508061087,0.06958421777239654,0.17219810147222914,-0.13244280550892,-0.17580621174517524,0.49546960261863393,0.6250898,0.5112089
test,38,1.0161135146941616,0.6212750900528597,-1.1251799791299064,1.1547973950730936,1.6573809941814435,1.0837941661369543,1.390863208369072,0.1755363827482836,0.3250636654342525,-0.13244280550892,0.004927419136132741,7.519536319106532,0.8504791,1.7383639
test,39,0.9896936337237089,0.3779770515962275,-1.1251806601595318,-0.2312294454440323,-0.03240108183566772,-0.15035162807067545,-0.06274484933733596,-0.09373567450549947,-0.06192363732907324,-0.13244280550892,-0.05074055817873919,-1.5733407339778012,0.44610697,-0.21641281
test,40,1.085588016505352,0.005677635221250425,-1.125180762762105,-0.2415194111963592,-0.029628457378531217,-0.17644963301980984,-0.08533972638078678,-0.05941802943167204,-0.008455202115061037,-0.13244280550892,-0.6915114794500719,6.3838832685443725,0.9014854,2.2138388
test,41,1.0210060852442453,0.24061699016229837,-1.1251818222204257,0.14144659650189947,0.42712671153748244,0.21670586900806957,0.37298866955820875,-0.08325704625875886,-0.04607257647861219,-0.13244280550892,0.026000334463228567,1.8363651911533962,0.6611406,0.66838133
test,42,0.8715380549391842,0.3401262081737499,-1.1251813564893867,-0.16567468995954815,0.02166299141805619,-0.08147601789189857,0.0005090161116522599,-0.09568751679762706,-0.06743790966775305,-0.13244280550892,0.5857686193414352,2.134108283866668,0.26050252,-1.0433583
test,43,0.8923314797770405,-0.2094329009555399,-1.1251831315169791,-0.2453797464948325,-0.06445245226733065,-0.1726999485249926,-0.0966461635585693,-0.045471979501818444,0.000265047710497,-0.13244280550892,0.013613060127262358,2.0705806740613837,0.89508486,2.1437666
test,44,0.96816632330334,0.0763172674126434,-1.1251829068829058,-0.11030673901553312,0.107290385881853,-0.05335748450514654,0.04626215775513476,0.011881044539080066,0.08514022188920506,-0.13244280550892,0.04725548143017159,3.3785432430807454,0.66399187,0.6811345
test,45,1.2521800437357067,-0.3907899564212828,-1.1251844616065014,-0.1846489088800258,0.07460791731882364,-0.10694830889929968,0.02011135476364382,-0.09425037693913044,-0.05624056012120252,-0.13244280550892,-1.4266352258686226,2.69050509249939,0.06875505,-2.605972
test,46,1.3174958605793259,-0.8282761482079771,-1.1251860998235585,-0.20498564252501245,0.05857802478211639,-0.12473041934726858,0.0038936594645259588,-0.09669978726899069,-0.058732812743640214,-0.13244280550892,-1.5900006156963706,4.875047620623513,0.0362728,-3.27974
test,47,1.1895551406946336,-0.47371368042262324,-1.1251862315047831,-0.2612081625647391,-0.03943992966084127,-0.18026930785144285,-0.0819569318084028,-0.06506477140632187,-0.011965612823260103,-0.13244280550892,-0.5597369676380198,0.2936603540223165,0.6035551,0.4203002
test,48,1.0557433361498407,-0.3732951296713532,-1.1251866973822537,-0.17735335120454343,0.04537124455305496,-0.12244028025441026,-0.02285668501312251,-0.08404184977599347,-0.04607771626027085,-0.13244280550892,-0.1726447340092057,3.727850273852777,0.48457754,-0.06170941
test,49,1.264166841583412,0.10465385794258361,-1.1251866666534793,-0.2597709398506711,-0.026670710802860563,-0.19517111994214373,-0.09605860770374987,-0.07346072149412795,-0.022115443925945593,-0.13244280550892,5.6243093610867145,1.441583918140633,0.67375445,0.72521544
test,50,1.1115186404207964,-0.11598963697999831,-1.1251867505103708,0.2314807758716103,0.579339166181313,0.2648748333031028,0.4624182231709939,0.12352704184526651,0.26891028735531836,-0.13244280550892,-0.9090826341280015,2.3169522525452093,0.8168872,1.4953988
test,51,1.1068706983982166,0.38983164965473505,-1.1251869103429182,-0.23188587639491787,-0.013985638362395381,-0.1616368152994686,-0.06536966067791981,-0.09860856845002484,-0.06634958238891253,-0.13244280550892,6.0888387924752845,0.41270589035445404,0.53202873,0.12829064
test,52,1.1220376671034766,1.1991462690974573,-1.125187156020546,-0.14089597640955168,0.10548965254702079,-0.0616856334365799,0.06024027558387537,-0.05649432632382825,-0.0021437393271793474,-0.13244280550892,-0.8664194067222505,5.1514884276542565,0.44529378,-0.21970437
test,53,0.9982556321863556,0.24178677649813257,-1.1251879099202329,0.009025607021415399,0.2583374126430936,0.05662414903856995,0.17908234631132,0.007634310290580664,0.08232114619390668,-0.13244280550892,0.12463739205095961,3.302426078083217,0.8747281,1.9434264
test,54,0.8517231442113447,0.3382667704498073,-1.1251885714260934,-0.3249409696363424,-0.158885769324127,-0.22192093519490416,-0.15270568209452343,-0.0881762141779272,-0.058082037312089406,-0.13244280550892,1.1206380182283049,0.6689600948503563,0.61084116,0.45084935
test,55,0.7763775577400536,0.5356195943738341,-1.1251889302905635,-0.3444034941763158,-0.18721366078072804,-0.23861608897882447,-0.17361925468404754,-0.11180174134660532,-0.08977524604715861,-0.13244280550892,1.111523811399496,0.008842925848059078,0.47980317,-0.08083124
test,56,-0.16275135934853888,-0.9939046525508174,0.6551732356183845,-0.17392553073870506,-0.19653708384144805,-0.18946384002872754,-0.19048119338851083,-0.0830138992580636,-0.10712803420692575,-0.302468520399257,0.021170979971331993,-0.09713375406133468,0.99857724,6.553731
test,57,0.12003921844630688,-0.3090786046504714,-0.10086316720669485,-0.24621160277197265,-0.18467243897175922,-0.19753761628529906,-0.17514827580171805,-0.0830138992580636,-0.10712803420692575,-1.004510561572232,0.021170979971331993,-0.09713375406133468,0.99864787,6.60472
test,58,-0.009858529658418975,0.1555797126702305,-0.39433712500098,-0.30788244348582705,-0.23808017016886204,-0.2831880718788873,-0.22854765493997528,-0.0830138992580636,-0.10712803420692575,-0.7164318901313297,0.021170979971331993,-0.09713375406133468,0.99832517,6.390367
test,59,0.02854814915973914,0.36232079527651406,-0.35374941549544187,-0.199383524033513,-0.17229870827610147,-0.14916840938895193,-0.15475051296882508,-0.0830138992580636,-0.10712803420692575,-0.7562535893629727,0.021170979971331993,-0.09713375406133468,0.99837947,6.4233794
test,60,-0.0480205799490729,0.18783784903349643,-0.5424280080958592,-0.31710619341376445,-0.24718060522316593,-0.28972811230825063,-0.23226047988712686,-0.0830138992580636,-0.10712803420692575,-1.1293325514914105,0.021170979971331993,-0.09713375406133468,0.99831676,6.385353
test,61,0.8358222899235722,-1.6674440102859205,0.8241293976821633,-0.1137457598691389,0.07123785329732692,-0.09543860321702023,-0.019314086215143203,-0.0830138992580636,-0.10712803420692575,0.02297153389464609,0.021170979971331993,-0.09713375406133468,0.9696898,3.4654915
test,62,0.11857144728128173,-0.4607404530373042,-0.39444790229219995,-0.3229512979341195,-0.2328799215664027,-0.288747256980249,-0.23038551882108677,-0.0830138992580636,-0.10712803420692575,-0.5148646956775779,0.021170979971331993,-0.09713375406133468,0.9985409,6.5284605
test,63,0.10609539237856795,0.8982317845335385,-0.3315778216809958,-0.23315481141747113,-0.17876956778304523,-0.16201212270318557,-0.15487921492128387,-0.0830138992580636,-0.10712803420692575,-0.10265936256071649,0.021170979971331993,-0.09713375406133468,0.9975063,5.991499
test,64,0.20761623129280757,0.4937559624310345,-0.30266989377719783,-0.2743761060411214,-0.19040701732544216,-0.24661833011914486,-0.20178861993635133,-0.0830138992580636,-0.10712803420692575,-0.8534508387163541,0.021170979971331993,-0.09713375406133468,0.99740773,5.952627
test,65,0.42582487782654665,-1.4970603697209381,0.31197351274296936,-0.11421798812261096,-0.02822321220602197,-0.07227609694948825,-0.05463403552439907,-0.0830138992580636,-0.10712803420692575,-0.34542323435648004,0.021170979971331993,-0.09713375406133468,0.9890876,4.5068817
test,66,0.6342483832601181,-1.496337661813791,0.026852255743648804,-0.26585031334521164,-0.12420061602422819,-0.2483981850511949,-0.18846041342955952,-0.0830138992580636,-0.10712803420692575,-0.5548066483265341,0.021170979971331993,-0.09713375406133468,0.996385,5.6190357
test,67,0.06989037030794756,0.7856971578570725,-0.47333449309150805,-0.2339138094728945,-0.18512262230546728,-0.16046724728861256,-0.1572145768284617,-0.0830138992580636,-0.10712803420692575,-0.7403037526580742,0.021170979971331993,-0.09713375406133468,0.9977291,6.0853157
test,68,0.1317813877665081,0.7151109157662671,-0.3650301832683,-0.29969137224323233,-0.21676167529130413,-0.2731242464024089,-0.22069954403091063,-0.0830138992580636,-0.10712803420692575,-0.70970447826381,0.021170979971331993,-0.09713375406133468,0.9975399,6.005081
test,69,0.06255151448282181,-0.11377247746285668,-0.4257221458592334,-0.1764173437445598,-0.15248643427207145,-0.11351537613946093,-0.1311644883550773,-0.0830138992580636,-0.10712803420692575,-0.9570470713884802,0.021170979971331993,-0.09713375406133468,0.99844354,6.463786
test,70,-0.017931271066057304,-0.392067347649293,-0.45455968248872525,-0.28566321168431047,-0.227103270003962,-0.27139410543496495,-0.22253805351790742,-0.0830138992580636,-0.10712803420692575,-1.129262793084667,0.021170979971331993,-0.09713375406133468,0.998818,6.739348
test,71,-0.014017214625990237,-0.20535202914294406,-0.3786607855204567,-0.21203479273432482,-0.1869906727743119,-0.14752953108040923,-0.15803333924289206,-0.0830138992580636,-0.10712803420692575,-0.9376846021183294,0.021170979971331993,-0.09713375406133468,0.999158,7.0789175
test,72,0.1738574944972291,-0.8279114717727493,-0.03807033256159977,-0.19704747150183588,-0.14383197523059985,-0.20187697537322724,-0.17435245335744584,-0.0830138992580636,-0.10712803420692575,-0.5615977867959846,0.021170979971331993,-0.09713375406133468,0.99874276,6.677578
test,73,0.007999352849387029,-0.46907108792478697,-0.39686517152262235,-0.223526103058552,-0.1894435408448894,-0.15389581436586397,-0.1592720934391849,-0.0830138992580636,-0.10712803420692575,-0.8083874634908877,0.021170979971331993,-0.09713375406133468,0.9992649,7.214763
test,74,0.7749097865750284,-1.5928244703996641,0.6547238619990653,-0.09839556887865421,0.07274828149173057,-0.11559636924614103,-0.04792108422051295,-0.0830138992580636,-0.10712803420692575,0.1805004983978331,0.021170979971331993,-0.09713375406133468,0.9518144,2.9833102
test,75,0.5077754345404509,-0.760752695483477,0.3006608876516721,-0.21954404794573518,-0.10128333921387533,-0.17662598553987413,-0.13159320420088333,-0.0830138992580636,-0.10712803420692575,-0.044170854987772054,0.021170979971331993,-0.09713375406133468,0.9926736,4.9089146
test,76,0.12052847550131526,1.4412244761600699,-0.41176864762533344,-0.3259284796000219,-0.23454181331233429,-0.28935582446379204,-0.23073789805932532,-0.0830138992580636,-0.10712803420692575,-0.5367609656033223,0.021170979971331993,-0.09713375406133468,0.9969494,5.7893534
test,77,0.14939464174680991,1.2942778487346636,-0.35799979197121373,-0.2523746281816173,-0.18411707261615676,-0.17634132350049644,-0.15997021139798462,-0.0830138992580636,-0.10712803420692575,-0.07965359254488144,0.021170979971331993,-0.09713375406133468,0.9967224,5.717361
test,78,0.10389373563103023,-0.7117303052579506,-0.17413269456057892,-0.28089323605785854,-0.20851532637478282,-0.25998613885565836,-0.21338906771119703,-0.0830138992580636,-0.10712803420692575,-0.4333974133105755,0.021170979971331993,-0.09713375406133468,0.9987086,6.6507406
test,79,0.07918625435310685,-0.4389710814617193,-0.03155160134045744,-0.16970092875812678,-0.1451278300603389,-0.1228541282573035,-0.1345825019861781,-0.0830138992580636,-0.10712803420692575,-0.9687042235670439,0.021170979971331993,-0.09713375406133468,0.99904937,6.95743
test,80,0.13471693009655838,-0.490826266756433,-0.0007603131095949002,-0.20435990982683863,-0.15579338848043153,-0.1915968089672625,-0.17052164603087902,-0.0830138992580636,-0.10712803420692575,-0.2301384110592029,0.021170979971331993,-0.09713375406133468,0.99888307,6.7960525
test,81,0.020964664807109196,-0.6013023895419918,-0.2222282815816682,-0.1539354442389276,-0.14820758894140706,-0.11889735759580886,-0.13906764764647864,-0.0830138992580636,-0.10712803420692575,-0.528154695055131,0.021170979971331993,-0.09713375406133468,0.99780434,6.1190763
test,82,-0.40762451538023486,-0.06444044089179649,0.08642256919933579,-0.25959695097220425,-0.2699001379523573,-0.26118153410612216,-0.2273301135084851,-0.0830138992580636,-0.10712803420692575,-0.9389231931064277,0.021170979971331993,-0.09713375406133468,0.9919116,4.8092017
test,83,-0.439670852483284,-1.0585532082925375,1.018610830581178,-0.16509674943153277,-0.250205668932849,-0.18376482852514436,-0.20886222597209664,-0.0830138992580636,-0.10712803420692575,0.6484255355704476,0.021170979971331993,-0.09713375406133468,0.98446435,4.14896
test,84,-0.4712279325313248,-0.59474015104742,0.8684540344205449,-0.2303686033241074,-0.2722352010384131,-0.26750313227298517,-0.23042385271858787,-0.0830138992580636,-0.10712803420692575,-0.4077388297066285,0.021170979971331993,-0.09713375406133468,0.99618125,5.564006
test,85,-0.5272478653297847,0.8598215203619871,0.4216943189439374,-0.2872671910020126,-0.2928594879714679,-0.2799453540521533,-0.23405516363435155,-0.0830138992580636,-0.10712803420692575,-0.31679697492346315,0.021170979971331993,-0.09713375406133468,0.9552443,3.0607483
test,86,-0.43159811107564566,0.5041289867216822,0.6381315940184775,-0.11860765136865968,-0.23629626611753293,-0.15666788224676695,-0.2013623523622142,-0.0830138992580636,-0.10712803420692575,0.0989158948489487,0.021170979971331993,-0.09713375406133468,0.991557,4.7659388
test,87,-0.5551355174652626,0.26700348835084864,0.30377018162876046,-0.28440685639844904,-0.2958929663229025,-0.2758988663363487,-0.23373213850266403,-0.0830138992580636,-0.10712803420692575,-0.7165056480189549,0.021170979971331993,-0.09713375406133468,0.8848616,2.0392962
test,88,-0.027716412166224978,-1.7913591331702106,1.6859151693393448,-0.009013705390877027,-0.08202643156544775,-0.02575398051773298,-0.0970979325651757,-0.0830138992580636,-0.10712803420692575,0.5120771943465243,0.021170979971331993,-0.09713375406133468,0.09773114,-2.2226923
test,89,-0.47073867547631637,1.2667410517841013,-0.019971641614871537,-0.2941700980954644,-0.2872974097736918,-0.27960037275715854,-0.2331893055282625,-0.0830138992580636,-0.10712803420692575,-0.9839563842770149,0.021170979971331993,-0.09713375406133468,0.9871935,4.3449154
test,90,-0.21754814950947785,0.0014102390628024308,1.0534993196776306,-0.12776780068582352,-0.18895969894417514,-0.12498556808710945,-0.16921281844255529,-0.0830138992580636,-0.10712803420692575,0.7851033572464069,0.021170979971331993,-0.09713375406133468,0.74545974,1.074542
test,91,-0.3046359053009701,0.695665234273578,0.35390600554916496,-0.28283635649886546,-0.2629580585073266,-0.26613731312107186,-0.22632765525845738,-0.0830138992580636,-0.10712803420692575,-0.6506287453665033,0.021170979971331993,-0.09713375406133468,0.907153,2.2793584
test,92,-0.3112408755435833,-0.4586359486118927,0.4564138665783317,-0.14903663874893355,-0.21801545691228544,-0.13279330920469803,-0.18234154111528197,-0.0830138992580636,-0.10712803420692575,1.3326916129868192,0.021170979971331993,-0.09713375406133468,0.87546986,1.950213
test,93,-0.3087945902685414,-0.08991999906864546,0.558577875984188,-0.2749605335201725,-0.2607912882563019,-0.264575358982071,-0.22590266631935285,-0.0830138992580636,-0.10712803420692575,-0.019514581049356355,0.021170979971331993,-0.09713375406133468,0.94823194,2.9078257
test,94,-0.48737341534660145,1.0001955715627917,0.4051906133754176,-0.12596909581387936,-0.2512617064726688,-0.11830439890387506,-0.19811710538136681,-0.0830138992580636,-0.10712803420692575,-1.0283427532527698,0.021170979971331993,-0.09713375406133468,0.99655956,5.6687098
test,95,-0.3200475025337342,-0.877655139795279,0.8500339844428101,-0.17352601577687765,-0.22818034414816069,-0.17984661805561564,-0.1985995532442629,-0.0830138992580636,-0.10712803420692575,0.6067600610075335,0.021170979971331993,-0.09713375406133468,0.925954,2.5261378
test,96,-0.507188326074441,-0.22045173337361634,0.5620352454299147,-0.11805885485310436,-0.2542026237648364,-0.10795619643339165,-0.19829667185464586,-0.0830138992580636,-0.10712803420692575,-1.3406656474058112,0.021170979971331993,-0.09713375406133468,0.9964986,5.6510806
test,97,0.11270036262118113,-2.033497047052197,0.8975124948775117,-0.13156961263944666,-0.11457005853957651,-0.10634978137921977,-0.12084942093663019,-0.0830138992580636,-0.10712803420692575,0.26213925543256283,0.021170979971331993,-0.09713375406133468,0.77567905,1.240661
test,98,-0.3863418334873702,0.6141146575389319,0.3573402627859604,-0.126475881509196,-0.22781009991109238,-0.1119504823083983,-0.1845177569794878,-0.0830138992580636,-0.10712803420692575,-1.009456049113088,0.021170979971331993,-0.09713375406133468,0.9942696,5.1562247
test,99,-0.2894689365957102,0.05815775298510811,0.8296651406810528,-0.24411861114147923,-0.24717219058141437,-0.23972148330597828,-0.2168737087081098,-0.0830138992580636,-0.10712803420692575,0.13682055251057512,0.021170979971331993,-0.09713375406133468,0.9316901,2.6129456
test,100,-0.4484774794734349,2.176555454723816,0.15287286465097955,-0.15729914292264813,-0.25007103466482417,-0.1354976846363148,-0.19776346846932571,-0.0830138992580636,-0.10712803420692575,-0.8594009429772916,0.021170979971331993,-0.09713375406133468,0.9905008,4.647004
test,101,-0.22097294889453653,-0.8922676241258534,1.469909263524739,-0.0847653462215458,-0.17247962307375986,-0.07953838687610396,-0.15194459240843106,-0.0830138992580636,-0.10712803420692575,0.5175319935708367,0.021170979971331993,-0.09713375406133468,0.87621546,1.9570695
test,102,-0.28261933782559284,-0.8289574341442805,0.8283287072214657,-0.06744301146087495,-0.1822953026769457,-0.027880007870206325,-0.14262586256083934,-0.0830138992580636,-0.10712803420692575,-0.35437939285045833,0.021170979971331993,-0.09713375406133468,0.9741019,3.6273463
test,103,-0.4161865138428816,1.2930083101635652,0.4414500765482888,-0.18348255591513243,-0.25034871784262536,-0.14150849215494096,-0.19593347762621804,-0.0830138992580636,-0.10712803420692575,0.5109000521965036,0.021170979971331993,-0.09713375406133468,0.9837894,4.1057453
test,104,-0.37508892122217735,0.7935155196052699,0.6641186584014508,-0.06482882927373017,-0.20667251983119286,-0.017536421970536713,-0.15574394950544265,-0.0830138992580636,-0.10712803420692575,-0.21076374183037105,0.021170979971331993,-0.09713375406133468,0.9949586,5.285013
test,105,-0.3628574948469678,-0.9767299900415334,1.2867497016714187,-0.030009294791050172,-0.1925864095390942,-0.022515654131018623,-0.1550154922622799,-0.0830138992580636,-0.10712803420692575,-0.03605067934997435,0.021170979971331993,-0.09713375406133468,0.9952604,5.3470554
test,106,-0.4531254214960146,-0.17596432407885165,0.4990803971267587,0.010128219863819364,-0.2093820344751927,0.062089063492057985,-0.15069735310621715,-0.0830138992580636,-0.10712803420692575,1.1551641322003894,0.021170979971331993,-0.09713375406133468,0.9814668,3.9694862
test,107,-0.42376999819551153,-0.332925944106608,1.1581303640111864,-0.09353921593199367,-0.22770491688919797,-0.0760783655258643,-0.17973609375901103,-0.0830138992580636,-0.10712803420692575,0.3909561403028684,0.021170979971331993,-0.09713375406133468,0.9943057,5.162574
test,108,-0.1825662700763784,-1.3684419910998826,1.1439033935204739,-0.04910787865117135,-0.14723990513997853,-0.02363832054195672,-0.12343095152942302,-0.0830138992580636,-0.10712803420692575,0.5513632897544231,0.021170979971331993,-0.09713375406133468,0.90593886,2.2650268
test,109,-0.49544615675423975,1.8131218385158963,0.28654133137565957,-0.20279230699231712,-0.27013154060052497,-0.1565029080265449,-0.20722529644216917,-0.0830138992580636,-0.10712803420692575,-1.1552592350559105,0.021170979971331993,-0.09713375406133468,0.9911021,4.713002
test,110,-0.2975416780033486,-0.38759769927861265,0.22271654957699005,-0.14481120955848942,-0.21353886750045958,-0.13304118627999828,-0.18095207986723208,-0.0830138992580636,-0.10712803420692575,-0.7024816700990162,0.021170979971331993,-0.09713375406133468,0.9973061,5.914071
test,111,-0.4543485641335355,-0.46591785106645384,-0.16228784918892045,-0.27086717927800397,-0.2795012441908785,-0.267500463153261,-0.2300545661521973,-0.0830138992580636,-0.10712803420692575,-1.243726680175659,0.021170979971331993,-0.09713375406133468,0.99453765,5.204399
test,112,-0.35184921110927914,-1.8137897597470356,-0.25773253692178266,-0.278055721130123,-0.2676029407541835,-0.2821488726714913,-0.2322857633228037,-0.0830138992580636,-0.10712803420692575,-1.308458589848335,0.021170979971331993,-0.09713375406133468,0.9964785,5.64534
test,113,-0.5130594107345415,-0.7969151258789204,0.3849632871960114,-0.26520910645415635,-0.2864307016732819,-0.27463321361085974,-0.23278165991089483,-0.0830138992580636,-0.10712803420692575,-1.2157309515660022,0.021170979971331993,-0.09713375406133468,0.95311856,3.0121176
test,114,-0.3721533788921271,-1.1522886484372514,1.0170515942887757,-0.13769067053369613,-0.22789003900773214,-0.18401130680839364,-0.20386142566826723,-0.0830138992580636,-0.10712803420692575,-0.38490930957920255,0.021170979971331993,-0.09713375406133468,0.9983399,6.399211
test,115,-0.1436703342032119,-1.646847547752675,1.2288342629987534,-0.2126426422276817,-0.21020666936684484,-0.2336625927859609,-0.2084599673908498,-0.0830138992580636,-0.10712803420692575,1.6682001263798927,0.021170979971331993,-0.09713375406133468,0.4354095,-0.25981382
test,116,-0.33178967185393543,-0.3468321762843195,0.8643793234513604,-0.17325010246305095,-0.23046491938370717,-0.19084509504798236,-0.20300766219191252,-0.0830138992580636,-0.10712803420692575,-0.29501078467698416,0.021170979971331993,-0.09713375406133468,0.99497426,5.288143
test,117,-0.40346583041266365,1.0545462068930525,-0.014292211799577226,-0.2859942933147292,-0.276728619733742,-0.26494945271682296,-0.22824855914850387,-0.0830138992580636,-0.10712803420692575,0.490254673367278,0.021170979971331993,-0.09713375406133468,0.9837953,4.106116
test,118,-0.3623682377919594,0.3488785443493501,0.2378842945499273,-0.18782716532530985,-0.24115572172905445,-0.23832709494821358,-0.2193386068247021,-0.0830138992580636,-0.10712803420692575,0.2421217004125298,0.021170979971331993,-0.09713375406133468,0.9963773,5.6169033
test,119,-0.4898197006216433,-0.37404545603202316,0.9772704914229976,-0.177201405806977,-0.2633493393487738,-0.20369311176489915,-0.21696133084193198,-0.0830138992580636,-0.10712803420692575,-0.16811699053233073,0.021170979971331993,-0.09713375406133468,0.2727116,-0.98090816
test,120,-0.4558163352985607,-0.16137716095502766,0.651793143170942,-0.10574751940312664,-0.23889218309788685,-0.12753192136180022,-0.1966366262802279,-0.0830138992580636,-0.10712803420692575,-0.002219072245842955,0.021170979971331993,-0.09713375406133468,0.99638844,5.619996
test,121,-0.5292048935498183,0.23956896591965526,0.32615474124225746,-0.27399590865966533,-0.290469729714027,-0.27718305235336943,-0.23355128500986036,-0.0830138992580636,-0.10712803420692575,-1.0510997612358144,0.021170979971331993,-0.09713375406133468,0.9775644,3.774415
test,122,-0.18917124031899157,-1.6573046389915402,0.947666030439446,-0.17997142616952685,-0.20443001780440415,-0.17604137505502634,-0.18688485418894946,-0.0830138992580636,-0.10712803420692575,0.6373112993749444,0.021170979971331993,-0.09713375406133468,0.7883765,1.3151671
test,123,-0.5076775831294493,0.14011182843031444,0.09853939291865595,-0.2792229427023999,-0.28865216709569175,-0.2759582972962958,-0.2329614779189344,-0.0830138992580636,-0.10712803420692575,-0.5317466265835354,0.021170979971331993,-0.09713375406133468,0.9915462,4.7646513
test,124,-0.13902239218063225,-0.7883499208082517,1.0745984820548293,-0.16508411976115087,-0.18771433196494539,-0.18064051286902202,-0.1848968659782761,-0.0830138992580636,-0.10712803420692575,0.09622470564716763,0.021170979971331993,-0.09713375406133468,0.71356803,0.91277677
test,125,-0.3361929853490109,-0.25709713282925634,0.5297360359482214,-0.19109254427253508,-0.23717138885969438,-0.1970684949597107,-0.2052797379533471,-0.0830138992580636,-0.10712803420692575,-0.11840226200889234,0.021170979971331993,-0.09713375406133468,0.9954176,5.3809385
test,126,-0.4112939432927978,0.018331206585808755,0.7098766029847066,-0.2431613660167819,-0.26589056115774257,-0.26788962872516564,-0.2292182088812696,-0.0830138992580636,-0.10712803420692575,1.0413969202996596,0.021170979971331993,-0.09713375406133468,0.9830251,4.0588975
test,127,-0.4037104589401678,0.7073701878276252,0.0174383054773067,-0.30849920369618394,-0.2830942962187914,-0.2836261298777854,-0.23333704446984557,-0.0830138992580636,-0.10712803420692575,-1.3211709542087664,0.021170979971331993,-0.09713375406133468,0.99026066,4.6217947
test,128,-0.1439149627307161,-1.1991762779669217,0.565768895249076,-0.2274808076403486,-0.2169636266933414,-0.24406726789698974,-0.2130224725667439,-0.0830138992580636,-0.10712803420692575,-0.2640990379417789,0.021170979971331993,-0.09713375406133468,0.937153,2.702143
test,129,-0.4012641736651259,-0.20935982538007308,0.4614929646513894,-0.2501315814612381,-0.2662944639618171,-0.25027322723493106,-0.22418000116630699,-0.0830138992580636,-0.10712803420692575,-0.4687207734222466,0.021170979971331993,-0.09713375406133468,0.9979115,6.1692247
test,130,-0.3917236610924624,-0.6162479462577238,1.3242880729550062,0.0202716731952657,-0.18660359925374048,-0.03453818942407833,-0.16351024034916078,-0.0830138992580636,-0.10712803420692575,0.4326899084589526,0.021170979971331993,-0.09713375406133468,0.9698416,3.4706693
test,131,-0.4032212018851594,0.7906994058602175,0.9771132518528645,-0.036519776437046694,-0.20639904397426742,-0.07043713638536221,-0.17524689838906635,-0.0830138992580636,-0.10712803420692575,-0.4177693197833923,0.021170979971331993,-0.09713375406133468,0.912114,2.3397248
test,132,-0.3628574948469678,-0.7915919084244549,0.5583138293457355,-0.08498289223003065,-0.20953770534759644,-0.12707134964661976,-0.18618814482480855,-0.0830138992580636,-0.10712803420692575,0.062195268061418264,0.021170979971331993,-0.09713375406133468,0.9504396,2.953732
test,133,-0.1703348437011688,-1.242258239825307,0.9320743333482953,-0.11291420699995403,-0.17152456123495866,-0.09878373016910064,-0.15287696468968984,-0.0830138992580636,-0.10712803420692575,0.6032964270302887,0.021170979971331993,-0.09713375406133468,0.95681375,3.0980866
test,134,-0.4391815954282756,0.10715629875249737,0.3166597265784844,-0.06495125098301217,-0.22425491377106152,-0.11467996045307624,-0.19158401820022636,-0.0830138992580636,-0.10712803420692575,-0.29661983381353996,0.021170979971331993,-0.09713375406133468,0.9974094,5.953273
test,135,-0.1593265599634802,-1.035150795896678,1.1826948074758148,-0.07900110785927601,-0.15385802087757447,-0.09086585557741123,-0.14806820279101457,-0.0830138992580636,-0.10712803420692575,2.2071113959389175,0.021170979971331993,-0.09713375406133468,0.36652055,-0.54717296
test,136,-0.4271947975805702,0.8872502152648507,0.4677068206065086,-0.10009490200176296,-0.23032187047393077,-0.12062707400761029,-0.19168596104641333,-0.0830138992580636,-0.10712803420692575,-0.22833172917477082,0.021170979971331993,-0.09713375406133468,0.99723756,5.888876
test,137,-0.2938722500907857,-0.8385038012481014,0.6699608841618465,-0.09672627801705189,-0.1957166562706717,-0.10691561463146161,-0.171621720729213,-0.0830138992580636,-0.10712803420692575,0.5304114476396932,0.021170979971331993,-0.09713375406133468,0.99499243,5.2917852
test,138,-0.2992540776958779,0.09184963444267354,0.44103818150700624,-0.18876799040604778,-0.2293121134637445,-0.1964968579402397,-0.20262357280486623,-0.0830138992580636,-0.10712803420692575,-0.03677614067993149,0.021170979971331993,-0.09713375406133468,0.99255824,4.8931785
test,139,-0.5140379248445583,-0.014593084210711631,0.05126000377395981,-0.26204597502643434,-0.28590899388468566,-0.27377784704149155,-0.23262586766472956,-0.0830138992580636,-0.10712803420692575,-0.9545317203929908,0.021170979971331993,-0.09713375406133468,0.9420402,2.7882984
test,140,-0.5230891803622134,-0.35977278766827525,0.09198932069371009,-0.22998929978445717,-0.2807087452822263,-0.27360092492339066,-0.2327526956832226,-0.0830138992580636,-0.10712803420692575,-1.0097951747923921,0.021170979971331993,-0.09713375406133468,0.9732352,3.5935378
test,141,-0.4805238165764841,-0.5703335536358792,0.7152124197304217,-0.20847988998984932,-0.26871367346538844,-0.21616294652658444,-0.2191647837284546,-0.0830138992580636,-0.10712803420692575,-0.6050059462741484,0.021170979971331993,-0.09713375406133468,0.996926,5.7817
test,142,-0.41667577089789,-1.0398120358198595,0.44982472980067867,-0.16118009112304296,-0.2443574929155201,-0.19552417683105452,-0.21023772704093843,-0.0830138992580636,-0.10712803420692575,-0.8620506961804257,0.021170979971331993,-0.09713375406133468,0.9982652,6.3551307
test,143,-0.2579118565476695,-1.591399055799932,0.23191489214643735,-0.2610707575278152,-0.24865316752968758,-0.25177589076390694,-0.2200256069470875,-0.0830138992580636,-0.10712803420692575,-0.7882633811832884,0.021170979971331993,-0.09713375406133468,0.99452376,5.201846
test,144,-0.48150233068650083,0.38000318253658893,1.0675987438608927,-0.2170185391862512,-0.27085519979115846,-0.2655561376434729,-0.23021477702565546,-0.0830138992580636,-0.10712803420692575,0.27839580762968785,0.021170979971331993,-0.09713375406133468,0.99424016,5.15107
test,145,-0.4700047898938038,0.6532587517253311,0.3916959049594774,-0.27209976575339045,-0.2819583195823318,-0.27518134860600507,-0.23216276282491638,-0.0830138992580636,-0.10712803420692575,0.2703833625834715,0.021170979971331993,-0.09713375406133468,0.99128085,4.7334766
test,146,-0.4785667883564505,0.12822557607292465,0.4504525256378635,-0.2384213841243048,-0.27531495991948124,-0.2695716499644866,-0.23104852252731992,-0.0830138992580636,-0.10712803420692575,0.07056794829825483,0.021170979971331993,-0.09713375406133468,0.9928758,4.9371104
test,147,-0.4736742178063667,-0.16208625311150562,0.6698676356084187,-0.267813339067528,-0.2814534410772387,-0.2752409283291177,-0.23223853347927273,-0.0830138992580636,-0.10712803420692575,-0.2439760206396609,0.021170979971331993,-0.09713375406133468,0.9866288,4.3011885
test,148,-0.5309172932423476,0.05162470093869225,0.37026712204288426,-0.22196276252498198,-0.280414232820922,-0.2746059110516896,-0.23308542167217364,-0.0830138992580636,-0.10712803420692575,0.42509189964593014,0.021170979971331993,-0.09713375406133468,0.9084674,2.295064
test,149,-0.4685370187287787,-0.5192592309767998,0.6467941242559615,-0.2451765863461844,-0.27532758188210854,-0.2486207153554367,-0.22600538892329738,-0.0830138992580636,-0.10712803420692575,-0.21093756541240574,0.021170979971331993,-0.09713375406133468,0.9953754,5.371729
test,150,-0.5032742696343739,-0.14214775236251195,0.40922221398924336,-0.23555542328768483,-0.2786387434113444,-0.27640080907149256,-0.23298139108747445,-0.0830138992580636,-0.10712803420692575,-0.37178745923316386,0.021170979971331993,-0.09713375406133468,0.99441975,5.1829267
test,151,-0.194797696451588,-1.6311031865805807,1.0889803513535006,-0.22032155668216846,-0.22244997311535353,-0.23268252018696278,-0.21028069756252485,-0.0830138992580636,-0.10712803420692575,0.9726797339617249,0.021170979971331993,-0.09713375406133468,0.9368463,2.696948
test,152,-0.37557817827718576,-1.1468219740984489,0.43105485304268415,-0.2451826296234622,-0.2609090932408236,-0.25578174906599677,-0.2249350917483613,-0.0830138992580636,-0.10712803420692575,0.5940702688118503,0.021170979971331993,-0.09713375406133468,0.9982369,6.338914
test,153,-0.4685370187287787,0.33454616217243194,0.4692758415017938,-0.2733495789659321,-0.2820550879624747,-0.27468982753473337,-0.23202439355316215,-0.0830138992580636,-0.10712803420692575,0.8569696591122682,0.021170979971331993,-0.09713375406133468,0.9857217,4.234634
test,154,-0.42670554052556187,1.4528355151761483,0.15535603002631143,-0.24876806644852342,-0.2697949549304629,-0.2770594689792352,-0.23191232643286483,-0.0830138992580636,-0.10712803420692575,0.06187200799436608,0.021170979971331993,-0.09713375406133468,0.9961701,5.5610805
test,155,-0.3122193896536001,-1.108898997440932,1.0672076616732435,-0.15067684328893435,-0.21878960395342825,-0.16552264869292146,-0.19325964635305762,-0.0830138992580636,-0.10712803420692575,0.4225164116772014,0.021170979971331993,-0.09713375406133468,0.919786,2.4394426
test,156,-0.45948576321112355,-0.43264768589377883,0.35635871123649443,-0.23052574459068462,-0.27033769932343804,-0.27201758962561245,-0.23123573565731836,-0.0830138992580636,-0.10712803420692575,-0.136871885992842,0.021170979971331993,-0.09713375406133468,0.99672985,5.719644
test,157,-0.5027850125793655,0.3607032228142691,0.3537080697686885,-0.2534504154461574,-0.28242953952041877,-0.27326435360248774,-0.23231767469941988,-0.0830138992580636,-0.10712803420692575,0.11772650663288213,0.021170979971331993,-0.09713375406133468,0.9678996,3.4062605
test,158,-0.28922430806820604,-0.7797678042781652,0.3606419268600857,-0.23417938544894948,-0.24358755319525308,-0.25475263586854324,-0.22204988323920982,-0.0830138992580636,-0.10712803420692575,-0.16738270974470176,0.021170979971331993,-0.09713375406133468,0.99472755,5.239974
test,159,-0.49936021319430685,-0.4747731185872604,0.10493207406003677,-0.2591468574068418,-0.2831616133528038,-0.27441385566728593,-0.23249828923420104,-0.0830138992580636,-0.10712803420692575,-1.0263172544299273,0.021170979971331993,-0.09713375406133468,0.95288014,3.0067947
test,160,-0.42083445586546125,-1.0711319412389793,0.6941171209955317,-0.20692978655763722,-0.257593724390712,-0.256567351697987,-0.22646633056417023,-0.0830138992580636,-0.10712803420692575,-0.4004428549511446,0.021170979971331993,-0.09713375406133468,0.99349254,5.028278
test,161,-0.42939645432810797,-0.5540953848362534,0.8896166264116699,-0.23124731639594365,-0.2655708047711836,-0.24703523884045941,-0.22427463273545525,-0.0830138992580636,-0.10712803420692575,0.4724566218742948,0.021170979971331993,-0.09713375406133468,0.995555,5.4115167
test,162,-0.3719087503646229,-1.106420724536832,0.5055394679837748,-0.2216175359908167,-0.25321390335902894,-0.26030842385067626,-0.2261511030100584,-0.0830138992580636,-0.10712803420692575,-0.7195818099130397,0.021170979971331993,-0.09713375406133468,0.9983321,6.3945107
test,163,-0.44554193714338464,0.12510397664969278,0.4415461143866898,-0.2649737540463517,-0.2767875222260029,-0.26762997323997473,-0.22989401151456648,-0.0830138992580636,-0.10712803420692575,-0.8949630082169685,0.021170979971331993,-0.09713375406133468,0.9942186,5.1473093
test,164,-0.09058594373480228,-1.2882098858302113,1.245171450708933,-0.19002929561721618,-0.18980957776108193,-0.22174834159354637,-0.20054063441434794,-0.0830138992580636,-0.10712803420692575,0.9018312358052173,0.021170979971331993,-0.09713375406133468,0.805535,1.4212545
